step,loss_total,loss_base,loss_atomic_numbers,loss_pos,loss_cell,raw_atomic_tcl,raw_position_tcl,raw_position_anchor,raw_cell_anchor,weighted_atomic_tcl,weighted_position_tcl,weighted_position_anchor,weighted_cell_anchor,balance_atomic_tcl,balance_position_tcl,balance_position_anchor,balance_cell_anchor,warmup_fraction,preclip_gradient_l2,clip_triggered,t_low_mean,t_high_mean,step_seconds
1,0.2260577231645584,0.2260577231645584,0.10669685900211334,1.1131325960159302,0.008047607727348804,2.3748972415924072,0.3172781467437744,0.0,0.0,0.0,0.0,0.0,0.0,1.0,1.0,1.0,1.0,0.0,0.6455872058868408,False,0.2572062611579895,0.7946456074714661,1.3062111930921674
2,0.22231821715831757,0.22151105105876923,0.0990094318985939,1.091033697128296,0.013398265466094017,1.9845407009124756,0.4117075204849243,0.00038433491135947406,0.0006117724115028977,0.0006681954837404191,0.00013862205378245562,1.9894203262538213e-07,1.5422814669818763e-07,1.0,1.0,1.0,1.0,0.010101010091602802,0.23058947920799255,False,0.2568410336971283,0.7407593727111816,0.2867435219231993
3,0.3634549379348755,0.3620293140411377,0.1308377981185913,2.2515974044799805,0.006031777709722519,1.7342389822006226,0.3825143575668335,0.00016727345064282417,5.6483833759557456e-05,0.0011678376467898488,0.00025758540141396224,1.6551467751924065e-07,3.416169391812218e-08,1.0,1.0,1.0,1.0,0.020202020183205605,0.2615889012813568,False,0.22771988809108734,0.7255561947822571,0.3070170108694583
4,0.30963972210884094,0.30703413486480713,0.10698734223842621,1.9259426593780518,0.007452518679201603,2.1809089183807373,0.3979754149913788,0.0003193200100213289,0.00017774819571059197,0.002202938310801983,0.0004019953776150942,5.072974431641342e-07,1.336768917781228e-07,1.0,1.0,1.0,1.0,0.03030303120613098,0.25889378786087036,False,0.2593570947647095,0.7241318225860596,0.28622548491694033
5,0.2717970311641693,0.2682816982269287,0.11584284156560898,1.4625667333602905,0.006182188633829355,2.1863043308258057,0.4200873374938965,0.0023099868558347225,0.00038262957241386175,0.0029445174150168896,0.0005657741567119956,4.6753339120186865e-06,3.70345162536978e-07,1.0,1.0,1.0,1.0,0.04040404036641121,0.20020568370819092,False,0.27146393060684204,0.7727434635162354,0.28357115597464144
6,0.35135239362716675,0.3458399474620819,0.13113747537136078,2.0589969158172607,0.008802764117717743,2.6031758785247803,0.6686207056045532,0.0014624265022575855,0.000236026244238019,0.004382451064884663,0.0011256240541115403,3.953613031626446e-06,4.18259531898002e-07,1.0,1.0,1.0,1.0,0.05050504952669144,0.2898499369621277,False,0.2177436202764511,0.7258433699607849,0.2941285998094827
7,0.3889467418193817,0.38360536098480225,0.16247090697288513,1.9468555450439453,0.02644888311624527,2.2846860885620117,0.35633158683776855,0.0017841665539890528,0.00020556878007482737,0.004615527577698231,0.000719861825928092,5.5548898671986535e-06,4.2615619122443604e-07,1.0,1.0,1.0,1.0,0.06060606241226196,0.32560133934020996,False,0.32011160254478455,0.7809849977493286,0.2919823289848864
8,0.21215127408504486,0.20592506229877472,0.07066110521554947,1.317704439163208,0.0034935143776237965,2.2123749256134033,0.42858561873435974,0.0002684239880181849,0.00042653977288864553,0.005214351695030928,0.0010101344669237733,1.0169889037570101e-06,7.065063414302131e-07,1.0,1.0,1.0,1.0,0.07070706784725189,0.10475417226552963,False,0.23595571517944336,0.7352774739265442,0.2730872039683163
9,0.2502007484436035,0.24363422393798828,0.13540144264698029,1.047637701034546,0.0034690117463469505,2.091090679168701,0.34620237350463867,0.00015367247397080064,0.00018210569396615028,0.005632567219436169,0.0009325316059403121,9.703172736408305e-07,4.447919650374388e-07,1.0,1.0,1.0,1.0,0.08080808073282242,0.4484982192516327,False,0.2741244435310364,0.7661000490188599,0.2949538859538734
10,0.291014164686203,0.28252220153808594,0.13694101572036743,1.4155771732330322,0.004023469053208828,2.428853750228882,0.36891070008277893,0.0026949835009872913,0.0006591484416276217,0.007360162679105997,0.0011179111897945404,1.2616465937753674e-05,1.2612595128302928e-06,1.0,1.0,1.0,1.0,0.09090909361839294,0.22961877286434174,False,0.26271191239356995,0.7323005199432373,0.29316456313245
11,0.24161472916603088,0.23202942311763763,0.11684548854827881,1.0692315101623535,0.00826078001409769,2.4210309982299805,0.4246859550476074,0.0005691078258678317,0.0001791793038137257,0.00815161969512701,0.0014299190370365977,3.2143045700649964e-06,5.505296485353028e-07,1.0,1.0,1.0,1.0,0.10101009905338287,0.1625617891550064,False,0.23297108709812164,0.7806864976882935,0.2741711481940001
12,0.36217987537384033,0.3544286787509918,0.11853785812854767,2.2665133476257324,0.009239510633051395,1.8327512741088867,0.25782403349876404,0.0013236193917691708,0.00015486229676753283,0.006787967402487993,0.0009549038368277252,7.865665793360677e-06,4.643634383683093e-07,1.0,1.0,1.0,1.0,0.1111111119389534,0.1685882955789566,False,0.24900056421756744,0.7330845594406128,0.2883517548907548
13,0.3419664204120636,0.32991549372673035,0.15316754579544067,1.7180639505386353,0.004941525403410196,2.625023126602173,0.35510092973709106,0.0014599397545680404,0.00010590946476440877,0.010606154799461365,0.001434751320630312,9.528788723400794e-06,4.981281449545349e-07,1.0,1.0,1.0,1.0,0.12121212482452393,0.1870272010564804,False,0.3033854365348816,0.7733657360076904,0.28434306802228093
14,0.2686038315296173,0.2586645483970642,0.11781139671802521,1.3401751518249512,0.0068356189876794815,1.8746137619018555,0.3952975869178772,0.00045031722402200103,0.00013343409227672964,0.008205380290746689,0.001730258809402585,3.178004135406809e-06,4.557596184895374e-07,1.0,1.0,1.0,1.0,0.13131313025951385,0.16244791448116302,False,0.2960793375968933,0.7194128036499023,0.2901845059823245
15,0.28501278162002563,0.27243807911872864,0.10008023679256439,1.4791641235351562,0.0244414284825325,2.1445910930633545,0.5206536054611206,0.0009639916243031621,0.0006962930201552808,0.010109184309840202,0.0024542594328522682,7.626744263689034e-06,3.6291032756707864e-06,1.0,1.0,1.0,1.0,0.14141413569450378,0.1378537118434906,False,0.17287522554397583,0.6996332406997681,0.28266575606539845
16,0.2701723575592041,0.2583758234977722,0.07810020446777344,1.703858733177185,0.009889762848615646,1.6864287853240967,0.6378523111343384,0.006173316389322281,0.0015348317101597786,0.008517317473888397,0.0032214762177318335,4.8822690587257966e-05,8.92264779395191e-06,1.0,1.0,1.0,1.0,0.1515151560306549,0.41909605264663696,False,0.24613676965236664,0.6696793437004089,0.2979380781762302
17,0.25465381145477295,0.2413427233695984,0.09272687882184982,1.4513452053070068,0.003481334773823619,2.018648386001587,0.45097413659095764,0.0006770365871489048,0.00012105966015951708,0.010874873027205467,0.0024294902104884386,5.98073665969423e-06,7.439024898303614e-07,1.0,1.0,1.0,1.0,0.16161616146564484,0.3569004237651825,False,0.19513174891471863,0.7279760837554932,0.28841685014776886
18,0.2048715204000473,0.1927080750465393,0.100123830139637,0.8119171857833862,0.011392534710466862,1.6917812824249268,0.4322628378868103,0.00043396285036578774,0.0001378074666718021,0.009683596901595592,0.002474231645464897,4.91318860440515e-06,6.974754001021211e-07,1.0,1.0,1.0,1.0,0.17171716690063477,0.1875973641872406,False,0.2383534163236618,0.7408446669578552,0.3054578739684075
19,0.2464066445827484,0.23235777020454407,0.06714402884244919,1.5318293571472168,0.012030803598463535,1.8181750774383545,0.49717238545417786,0.0014540707925334573,0.0004884342197328806,0.01101924292743206,0.0030131659004837275,1.4301064766186755e-05,2.1718799416703405e-06,1.0,1.0,1.0,1.0,0.1818181872367859,0.19013307988643646,False,0.28910210728645325,0.7050749063491821,0.29577854787930846
20,0.21197648346424103,0.20125435292720795,0.07915977388620377,1.1658105850219727,0.005513517186045647,1.3574949502944946,0.3158409595489502,0.0013676658272743225,0.0003775021468754858,0.00868431106209755,0.0020205313339829445,1.4307231140264776e-05,2.985347236972302e-06,1.0,1.0,1.0,1.0,0.19191919267177582,0.16404901444911957,False,0.30524784326553345,0.685859203338623,0.3007068650331348
21,0.2804645895957947,0.2613338530063629,0.1225898340344429,1.3223536014556885,0.006508672144263983,2.441537857055664,0.39724504947662354,0.0010492808651179075,0.0003070542588829994,0.016441332176327705,0.0026750508695840836,1.1699962669808883e-05,2.6466614144737832e-06,1.0,1.0,1.0,1.0,0.20202019810676575,0.18245136737823486,False,0.28041601181030273,0.7716686129570007,0.2955045800190419
22,0.23044031858444214,0.21514925360679626,0.11184784770011902,0.9355680346488953,0.009744588285684586,1.8030967712402344,0.358293741941452,0.0004954816540703177,0.00019537284970283508,0.012749169021844864,0.002533390186727047,7.174578058766201e-06,1.334812168352073e-06,1.0,1.0,1.0,1.0,0.21212121844291687,0.18987900018692017,False,0.2361915111541748,0.7968112230300903,0.29780062288045883
23,0.3103121221065521,0.29249146580696106,0.09899089485406876,1.7958711385726929,0.013913458213210106,2.087977170944214,0.31362175941467285,0.0015765614807605743,0.000805320218205452,0.015466497279703617,0.0023231240920722485,2.3473578039556742e-05,7.573890343337553e-06,1.0,1.0,1.0,1.0,0.2222222238779068,0.2568151652812958,False,0.20532144606113434,0.760634183883667,0.2887285959441215
24,0.3168667256832123,0.30173081159591675,0.09824852645397186,1.95247483253479,0.008234770968556404,1.4209729433059692,0.5290659666061401,0.0020896317437291145,0.0007867609965614974,0.01100416760891676,0.004097144119441509,2.775262873910833e-05,6.845977168268291e-06,1.0,1.0,1.0,1.0,0.23232322931289673,0.170895516872406,False,0.24377012252807617,0.6863405704498291,0.29501115786843
25,0.2559547424316406,0.23903566598892212,0.09560143947601318,1.3295462131500244,0.01047957967966795,1.7869281768798828,0.3032380938529968,0.002087244763970375,0.0002140263095498085,0.014439824037253857,0.0024504088796675205,2.7093603421235457e-05,1.7434211940781097e-06,1.0,1.0,1.0,1.0,0.24242424964904785,0.26659882068634033,False,0.2726503014564514,0.758704662322998,0.4295220950152725
26,0.23574554920196533,0.21811863780021667,0.10578089952468872,1.08675217628479,0.003662534523755312,1.8276095390319824,0.26461923122406006,0.0006740130484104156,0.0004364540509413928,0.015383918769657612,0.00222743465565145,1.096630785468733e-05,4.597363840730395e-06,1.0,1.0,1.0,1.0,0.2525252401828766,0.18367207050323486,False,0.24562564492225647,0.7633748054504395,0.28078014007769525
27,0.2074466347694397,0.18877215683460236,0.08615411072969437,0.9846776127815247,0.0041502732783555984,1.5559372901916504,0.5757673978805542,0.0008537118555977941,0.00018933971296064556,0.01362099964171648,0.005040388088673353,1.1680355783028062e-05,1.402937527927861e-06,1.0,1.0,1.0,1.0,0.2626262605190277,0.1880253404378891,False,0.33280354738235474,0.7705094218254089,0.2910640698391944
28,0.2659927010536194,0.24441850185394287,0.08125148713588715,1.5204766988754272,0.011119339615106583,1.7799023389816284,0.5893630981445312,0.001444430323317647,0.0011718824971467257,0.01618093065917492,0.005357846152037382,2.0682076865341514e-05,1.4740953702130355e-05,1.0,1.0,1.0,1.0,0.27272728085517883,0.1757117062807083,False,0.2584083676338196,0.7172815203666687,0.28206690889783204
29,0.2649911344051361,0.24259448051452637,0.1277107298374176,1.0598526000976562,0.008898472413420677,2.0698084831237793,0.3040921092033386,0.0007936960901133716,0.0005320258787833154,0.019513346254825592,0.0028668618761003017,1.2579076610563789e-05,3.869065494654933e-06,1.0,1.0,1.0,1.0,0.28282827138900757,0.25355058908462524,False,0.3430321514606476,0.789259672164917,0.28322694706730545
30,0.27683764696121216,0.2517395615577698,0.09951420873403549,1.442022442817688,0.008023112080991268,2.361386775970459,0.20482394099235535,0.0005560162244364619,0.002257650950923562,0.02305731177330017,0.0019999644719064236,9.570527254254557e-06,3.12316078634467e-05,1.0,1.0,1.0,1.0,0.2929292917251587,0.18289430439472198,False,0.29219239950180054,0.68336421251297,0.27372545283287764
31,0.3019162118434906,0.2789679765701294,0.13012546300888062,1.41469407081604,0.007373115513473749,1.8913414478302002,0.37636709213256836,0.0021952406968921423,0.0006643857341259718,0.019104458391666412,0.00380168785341084,3.500961611280218e-05,7.072464541124646e-06,1.0,1.0,1.0,1.0,0.3030303120613098,0.1946239322423935,False,0.3104221820831299,0.7320107221603394,0.285546155879274
32,0.25971075892448425,0.2343606799840927,0.09578397870063782,1.3524267673492432,0.003334030508995056,1.9068161249160767,0.5201773643493652,0.0007728288765065372,0.0003416095278225839,0.019902793690562248,0.005429460667073727,1.3384469639277086e-05,4.436258677742444e-06,1.0,1.0,1.0,1.0,0.31313130259513855,0.2486066371202469,False,0.27320727705955505,0.7059565782546997,0.28256310406140983
33,0.3409885764122009,0.3110691010951996,0.11271942406892776,1.8981225490570068,0.008537421002984047,2.3882298469543457,0.37173861265182495,0.010820450261235237,0.0005193090182729065,0.02573176845908165,0.004005264490842819,0.00017761286289896816,4.814131443708902e-06,1.0,1.0,1.0,1.0,0.3232323229312897,0.3972477912902832,False,0.3178296685218811,0.7148598432540894,0.2860282091423869
34,0.24609613418579102,0.21851526200771332,0.0921822190284729,1.2002497911453247,0.006308071315288544,2.193946361541748,0.28708577156066895,0.0006428988999687135,0.00016991791198961437,0.024377182126045227,0.0031898419838398695,1.1797092156484723e-05,2.0547181520669255e-06,1.0,1.0,1.0,1.0,0.3333333432674408,0.145957350730896,False,0.26642894744873047,0.6803862452507019,0.2761722831055522
35,0.316655695438385,0.28862112760543823,0.0958307683467865,1.793450117111206,0.01344534195959568,2.013521194458008,0.4307430386543274,0.000977856107056141,0.0021429758053272963,0.02305041067302227,0.0049310652539134026,1.6888108802959323e-05,3.621899304562248e-05,1.0,1.0,1.0,1.0,0.34343433380126953,0.21083594858646393,False,0.26887431740760803,0.7449616193771362,0.2881869040429592
36,0.29507604241371155,0.2723591923713684,0.12730826437473297,1.2856159210205078,0.01648932881653309,1.7348363399505615,0.18951267004013062,0.0016256819944828749,0.0004549650475382805,0.020444199442863464,0.0022333143278956413,3.361984636285342e-05,5.713641257898416e-06,1.0,1.0,1.0,1.0,0.35353535413742065,0.2163763791322708,False,0.2677176594734192,0.7831607460975647,0.2843070379458368
37,0.26218515634536743,0.23422318696975708,0.10258283466100693,1.2505316734313965,0.006587180774658918,1.9799079895019531,0.3250773549079895,0.0008301299531012774,0.00027073812088929117,0.023998884484171867,0.003940331283956766,1.899549715744797e-05,3.7552727008005604e-06,1.0,1.0,1.0,1.0,0.3636363744735718,0.14764370024204254,False,0.2557506561279297,0.6749324202537537,0.2809669130947441
38,0.2891979217529297,0.25953102111816406,0.11911571770906448,1.3741010427474976,0.0030052191577851772,1.9685035943984985,0.4115416407585144,0.0005653765401802957,0.00021413087961263955,0.024523446336388588,0.005126949865370989,1.332634019490797e-05,3.1762147045810707e-06,1.0,1.0,1.0,1.0,0.3737373650074005,0.20360831916332245,False,0.28487086296081543,0.8040310144424438,0.29173862491734326
39,0.25275906920433044,0.21961989998817444,0.10299791395664215,1.0432515144348145,0.012296823784708977,2.3460397720336914,0.2421960085630417,0.001052209408953786,0.00020176073303446174,0.030016670003533363,0.003098804270848632,2.1242887669359334e-05,2.446302687530988e-06,1.0,1.0,1.0,1.0,0.38383838534355164,0.22780229151248932,False,0.29358890652656555,0.7456806898117065,0.28347234101966023
40,0.28549253940582275,0.25428128242492676,0.08462350070476532,1.6406389474868774,0.00559388380497694,1.825966477394104,0.549746036529541,0.0005728924879804254,0.00010477560863364488,0.023977337405085564,0.007218887098133564,1.3712546206079423e-05,1.3114745343045797e-06,1.0,1.0,1.0,1.0,0.39393940567970276,0.1626022458076477,False,0.22810760140419006,0.6819907426834106,0.29125117510557175
41,0.31397947669029236,0.2880956530570984,0.10166831314563751,1.4073874950408936,0.04568859189748764,1.4133937358856201,0.5071136355400085,0.0005186088965274394,0.00024037111143115908,0.01903560571372509,0.006829813122749329,1.4585413737222552e-05,3.823287897830596e-06,1.0,1.0,1.0,1.0,0.4040403962135315,0.3264182209968567,False,0.28029951453208923,0.7435070276260376,0.28743538493290544
42,0.3641773760318756,0.3377782106399536,0.0938129797577858,2.400632381439209,0.0039020017720758915,1.4530456066131592,0.45725536346435547,0.0011696527944877744,0.0001717188279144466,0.020058879628777504,0.006312279496341944,2.5395507691428065e-05,2.6059697120217606e-06,1.0,1.0,1.0,1.0,0.4141414165496826,0.16615982353687286,False,0.20646905899047852,0.6954626441001892,0.2974033721257001
43,0.3666749596595764,0.3285057842731476,0.11700601875782013,2.0502536296844482,0.006474410183727741,2.2883896827697754,0.4101111888885498,0.0003171107091475278,8.974340744316578e-05,0.032361067831516266,0.005799552425742149,7.386548077192856e-06,1.1500247865114943e-06,1.0,1.0,1.0,1.0,0.42424243688583374,0.16049917042255402,False,0.23643101751804352,0.7802156805992126,0.2882146069314331
44,0.35666215419769287,0.32810765504837036,0.1263572871685028,1.9226824045181274,0.009482134133577347,1.5039844512939453,0.46596819162368774,0.0012956305872648954,0.0002877822844311595,0.021774858236312866,0.00674634100869298,2.9452961825882085e-05,3.845285846182378e-06,1.0,1.0,1.0,1.0,0.4343434274196625,0.2997191250324249,False,0.3143865466117859,0.7227383852005005,0.2832580809481442
45,0.2365609109401703,0.19299554824829102,0.11910535395145416,0.7134535908699036,0.002544807270169258,2.659635066986084,0.2807967960834503,4.5286469685379416e-05,0.0001435473095625639,0.03940200060606003,0.004159952513873577,1.2233454071974847e-06,2.195694833062589e-06,1.0,1.0,1.0,1.0,0.4444444477558136,0.18752145767211914,False,0.24636508524417877,0.7790730595588684,0.2794603898655623
46,0.27790719270706177,0.24173200130462646,0.11392567306756973,1.1952909231185913,0.008277243003249168,2.0727603435516357,0.31405261158943176,0.0004299671854823828,8.249987149611115e-05,0.031405460089445114,0.004758372902870178,1.0440974619996268e-05,9.276215564568702e-07,1.0,1.0,1.0,1.0,0.4545454680919647,0.1658342331647873,False,0.2487342357635498,0.7764467000961304,0.2824766170233488
47,0.3730516731739044,0.3322361409664154,0.16003835201263428,1.608733892440796,0.011324397288262844,2.3830809593200684,0.25003477931022644,0.0006034838734194636,0.0009531688410788774,0.03690967336297035,0.0038725927006453276,1.60816252900986e-05,1.7179330825456418e-05,1.0,1.0,1.0,1.0,0.46464645862579346,0.18160444498062134,False,0.2909061908721924,0.784795880317688,0.28637824207544327
48,0.3361935317516327,0.2956378161907196,0.10444551706314087,1.8043901920318604,0.010753260925412178,2.0621345043182373,0.4991064667701721,0.0005693266284652054,0.0005819530924782157,0.03263310343027115,0.007898317649960518,1.5194176739896648e-05,9.113258784054779e-06,1.0,1.0,1.0,1.0,0.4747474789619446,0.15737242996692657,False,0.19060328602790833,0.635020911693573,0.28499191417358816
49,0.2829274535179138,0.24408113956451416,0.10765400528907776,1.3097316026687622,0.005453974474221468,2.0210602283477783,0.381456583738327,0.0004669567570090294,0.00012779381358996034,0.032663602381944656,0.006164954975247383,1.5331985196098685e-05,2.430582753731869e-06,1.0,1.0,1.0,1.0,0.4848484992980957,0.15067411959171295,False,0.2257167249917984,0.6852645874023438,0.28302180604077876
50,0.36476150155067444,0.32835909724235535,0.10369353741407394,2.122673988342285,0.012398169375956059,1.6462763547897339,0.5582890510559082,0.0009316504001617432,0.00022879250172991306,0.02716078795492649,0.009210829623043537,2.5481873308308423e-05,5.3165617828199174e-06,1.0,1.0,1.0,1.0,0.49494948983192444,0.1947394460439682,False,0.2230817675590515,0.735301673412323,0.44428795808926225
51,0.3080645799636841,0.26349344849586487,0.10745048522949219,1.4650466442108154,0.009538313373923302,2.150369644165039,0.494488388299942,0.0011584671447053552,0.00011992374493274838,0.036201510578393936,0.008324720896780491,4.296235056244768e-05,1.9348722162249032e-06,1.0,1.0,1.0,1.0,0.5050504803657532,0.17370755970478058,False,0.21459871530532837,0.7400195002555847,0.2824807669967413
52,0.30917268991470337,0.26003512740135193,0.11975766718387604,1.2867364883422852,0.011603813618421555,2.420727491378784,0.43959885835647583,0.00042572052916511893,0.00037637483910657465,0.04156804457306862,0.007548667024821043,1.2999109458178282e-05,7.861651283747051e-06,1.0,1.0,1.0,1.0,0.5151515007019043,0.25978848338127136,False,0.23792468011379242,0.7975800633430481,0.27977276989258826
53,0.353373646736145,0.3080751597881317,0.11539903283119202,1.8694689273834229,0.005729221738874912,2.111772298812866,0.473115473985672,0.001044579315930605,0.0005393071915023029,0.03697378933429718,0.008283503353595734,2.9514647394535132e-05,1.1672676919260994e-05,1.0,1.0,1.0,1.0,0.5252525210380554,0.4119689166545868,False,0.2899588346481323,0.7607699036598206,0.288643604144454
54,0.3809584975242615,0.33342695236206055,0.12089378386735916,1.9094120264053345,0.021591972559690475,2.198211669921875,0.463828980922699,0.0008862292161211371,0.00014802080113440752,0.03922734782099724,0.008277082815766335,2.4199511244660243e-05,2.920807901318767e-06,1.0,1.0,1.0,1.0,0.5353535413742065,0.21840496361255646,False,0.3217971622943878,0.7804220914840698,0.28145881299860775
55,0.2515960931777954,0.20534484088420868,0.1002860963344574,0.950543999671936,0.010004337877035141,2.0915234088897705,0.4514199495315552,0.0003147211973555386,0.00017617872799746692,0.038027696311473846,0.008207635022699833,1.2345398317847867e-05,3.580947122827638e-06,1.0,1.0,1.0,1.0,0.5454545617103577,0.18711905181407928,False,0.27257227897644043,0.7153880596160889,0.28011444513686
56,0.3095031678676605,0.26011574268341064,0.15261267125606537,1.0355308055877686,0.003949998877942562,2.259350299835205,0.4067329168319702,0.00037410054937936366,0.00016518127813469619,0.04183981940150261,0.007532090879976749,1.2326350770308636e-05,3.194517375959549e-06,1.0,1.0,1.0,1.0,0.5555555820465088,0.5023428201675415,False,0.2393098771572113,0.7369474172592163,0.2939301978331059
57,0.39472270011901855,0.35166579484939575,0.10655698925256729,1.909813404083252,0.054127492010593414,1.8452370166778564,0.4364219307899475,0.0007234237273223698,0.000545231974683702,0.034792348742485046,0.008228830993175507,2.163783756259363e-05,1.4077480955165811e-05,1.0,1.0,1.0,1.0,0.5656565427780151,0.313188761472702,False,0.22804227471351624,0.7634265422821045,0.2910643189679831
58,0.24811716377735138,0.19941329956054688,0.08994279056787491,1.0572943687438965,0.0037410599179565907,2.049102783203125,0.4865584373474121,0.0006752436747774482,0.0006334629142656922,0.03932621330022812,0.00933798961341381,2.2808797439211048e-05,1.685107963567134e-05,1.0,1.0,1.0,1.0,0.5757575631141663,0.15945570170879364,False,0.23877163231372833,0.7285995483398438,0.27854658104479313
59,0.33658337593078613,0.2836301326751709,0.10719021409749985,1.3509080410003662,0.04134911298751831,2.243582248687744,0.4661829471588135,0.0006732622859999537,0.0005800983053632081,0.04381406679749489,0.009103909134864807,2.1217927496763878e-05,1.4057834960112814e-05,1.0,1.0,1.0,1.0,0.5858585834503174,0.22149698436260223,False,0.24040421843528748,0.7214770317077637,0.2912240820005536
60,0.27521276473999023,0.2210359126329422,0.10655572265386581,1.087041974067688,0.005775981582701206,2.4127042293548584,0.3137105405330658,0.00033437483943998814,0.0001387017546221614,0.04792913794517517,0.006231959909200668,1.2156172488175798e-05,3.6062670005776454e-06,1.0,1.0,1.0,1.0,0.5959596037864685,0.18569782376289368,False,0.29006946086883545,0.7452863454818726,0.28113531903363764
61,0.3278418481349945,0.27800697088241577,0.1265299916267395,1.371093511581421,0.014367617666721344,2.104689121246338,0.36096227169036865,0.00046258053043857217,0.0005282114143483341,0.0425189733505249,0.007292167283594608,1.548108775750734e-05,8.26677933218889e-06,1.0,1.0,1.0,1.0,0.6060606241226196,0.20965224504470825,False,0.2770567536354065,0.781769335269928,0.2817247430793941
62,0.4070292115211487,0.35546666383743286,0.12947872281074524,2.1001336574554443,0.015974579378962517,2.317941665649414,0.18889161944389343,0.0011314040748402476,0.0011520636035129428,0.047607555985450745,0.003879592288285494,4.431065826793201e-05,3.1087882234714925e-05,1.0,1.0,1.0,1.0,0.6161616444587708,0.4082147479057312,False,0.30346474051475525,0.7327176332473755,0.28859223891049623
63,0.32242318987846375,0.2775329351425171,0.11261264979839325,1.5640156269073486,0.008518712595105171,1.7831089496612549,0.3651992082595825,0.0010594187770038843,0.0003244347753934562,0.037223149091005325,0.007623686920851469,3.592169741750695e-05,7.498285413021222e-06,1.0,1.0,1.0,1.0,0.6262626051902771,0.37241020798683167,False,0.24002951383590698,0.7223941087722778,0.28792235697619617
64,0.26109778881073,0.23022782802581787,0.05735986679792404,1.623370885848999,0.01053087878972292,0.9506978392601013,0.5032587051391602,0.0005912650958634913,0.00029017592896707356,0.020166318863630295,0.010675184428691864,2.1515048501896672e-05,6.942905656615039e-06,1.0,1.0,1.0,1.0,0.6363636255264282,0.13575062155723572,False,0.18530529737472534,0.5900017619132996,0.29177904198877513
65,0.3109988570213318,0.25868484377861023,0.06113487109541893,1.7649446725845337,0.02105550654232502,1.8780982494354248,0.547749400138855,0.0007857172749936581,0.00033616964356042445,0.040470801293849945,0.01180335320532322,3.164886584272608e-05,8.20839613879798e-06,1.0,1.0,1.0,1.0,0.6464646458625793,0.18737263977527618,False,0.22850562632083893,0.6537255048751831,0.2811440429650247
66,0.3588557541370392,0.30304253101348877,0.10010769218206406,1.8808400630950928,0.01485083345323801,2.087794303894043,0.46066394448280334,0.0010186393046751618,0.00010774640395538881,0.04569246619939804,0.01008187048137188,3.6540757719194517e-05,2.3462464469048427e-06,1.0,1.0,1.0,1.0,0.6565656661987305,0.22144848108291626,False,0.29617154598236084,0.7189946174621582,0.27656836598180234
67,0.23489157855510712,0.17807258665561676,0.09800741076469421,0.6520059108734131,0.014864575117826462,2.037904739379883,0.5185446739196777,0.00022569089196622372,0.00010952576849376783,0.04528677463531494,0.011523215100169182,6.896397735545179e-06,2.107988393618143e-06,1.0,1.0,1.0,1.0,0.6666666865348816,0.15653257071971893,False,0.2887043058872223,0.7730847597122192,0.28796465415507555
68,0.28630656003952026,0.22438281774520874,0.0879293754696846,1.308870553970337,0.005566375330090523,2.2011711597442627,0.543164074420929,0.00037123990477994084,0.00011838660429930314,0.04965604841709137,0.012253195978701115,1.2867633813584689e-05,1.618081910237379e-06,1.0,1.0,1.0,1.0,0.6767676472663879,0.18079650402069092,False,0.2139967978000641,0.6873922348022461,0.27239666087552905
69,0.31325897574424744,0.27415764331817627,0.10147882252931595,1.605584740638733,0.01212034747004509,1.3098771572113037,0.39731767773628235,0.00029015529435127974,0.0001298134884564206,0.029990453273057938,0.009096835739910603,1.1039304808946326e-05,3.010105501743965e-06,1.0,1.0,1.0,1.0,0.6868686676025391,0.20177915692329407,False,0.2691619098186493,0.6763952374458313,0.30040743201971054
70,0.3308396339416504,0.2950255274772644,0.0779871791601181,2.0431885719299316,0.012719494290649891,1.0842645168304443,0.4541708827018738,0.0016564367106184363,0.0003333960485178977,0.02518998458981514,0.010551445186138153,6.597697938559577e-05,6.691021553706378e-06,1.0,1.0,1.0,1.0,0.6969696879386902,0.1531820446252823,False,0.29343181848526,0.6678057909011841,0.28417054610326886
71,0.30159926414489746,0.24823540449142456,0.07444792985916138,1.6918890476226807,0.004598582163453102,1.5705277919769287,0.6916123628616333,0.0012071653036400676,0.00020149917691014707,0.03701580688357353,0.0163006279617548,4.243550210958347e-05,4.999269549443852e-06,1.0,1.0,1.0,1.0,0.7070707082748413,0.2027948647737503,False,0.24276745319366455,0.6686775088310242,0.28052804502658546
72,0.4487277865409851,0.39260947704315186,0.1140274852514267,2.7276949882507324,0.005812476854771376,1.8516838550567627,0.4948557913303375,0.0005123225273564458,0.00010838182788575068,0.04426584392786026,0.01182988565415144,1.993625846807845e-05,2.633059921208769e-06,1.0,1.0,1.0,1.0,0.7171717286109924,0.2054796665906906,False,0.22363576292991638,0.7140073776245117,0.2997357670683414
73,0.33954349160194397,0.2927555739879608,0.1278294324874878,1.6035670042037964,0.00456942617893219,1.5550134181976318,0.3742090165615082,0.00039615100831724703,0.00010149873560294509,0.03769729286432266,0.009071733802556992,1.6367270291084424e-05,2.5345545964228222e-06,1.0,1.0,1.0,1.0,0.7272727489471436,0.2827046513557434,False,0.36927446722984314,0.7630283832550049,0.29860300780273974
74,0.2967008352279663,0.22893159091472626,0.13630084693431854,0.893805980682373,0.0032501458190381527,2.4773693084716797,0.27884602546691895,0.0004932231968268752,0.00013224837312009186,0.060891568660736084,0.006853790953755379,2.0658633729908615e-05,3.2151501727639697e-06,1.0,1.0,1.0,1.0,0.7373737096786499,0.40575075149536133,False,0.30079859495162964,0.8116254806518555,0.2902956900652498
75,0.3540605306625366,0.29805824160575867,0.0924740806221962,1.986663818359375,0.0069177476689219475,1.9528698921203613,0.2927633821964264,0.001098928041756153,0.0001835727016441524,0.0486573651432991,0.007294441573321819,4.49371655122377e-05,5.5404730119335e-06,1.0,1.0,1.0,1.0,0.747474730014801,0.17791232466697693,False,0.2938028573989868,0.7647175788879395,0.44053553114645183
76,0.2837827801704407,0.2349257618188858,0.0998048409819603,1.3237965106964111,0.002741266507655382,1.6400165557861328,0.293908953666687,0.0004168625164311379,0.00010541225492488593,0.04141455888748169,0.007421943359076977,1.7895003111334518e-05,2.6078712380694924e-06,1.0,1.0,1.0,1.0,0.7575757503509521,0.17372122406959534,False,0.3356707990169525,0.7343235611915588,0.2891482301056385
77,0.44257232546806335,0.3803752660751343,0.14458835124969482,2.214111328125,0.01437576487660408,1.9948698282241821,0.43383854627609253,0.0007533023599535227,0.00046496986760757864,0.051047176122665405,0.01110159233212471,3.1585492251906544e-05,1.671163954597432e-05,1.0,1.0,1.0,1.0,0.7676767706871033,0.2639123499393463,False,0.28591036796569824,0.7719753980636597,0.3066662650089711
78,0.3664088845252991,0.31351324915885925,0.09228412061929703,2.1383206844329834,0.007397053297609091,1.6312403678894043,0.4069814085960388,0.0009779052343219519,0.00027351980679668486,0.042291413992643356,0.01055136974900961,4.448738764040172e-05,8.372150659852196e-06,1.0,1.0,1.0,1.0,0.7777777910232544,0.1605629324913025,False,0.26320385932922363,0.6874879002571106,0.28909123479388654
79,0.3029066324234009,0.2396218478679657,0.11714071035385132,1.1825323104858398,0.004227912053465843,1.9606515169143677,0.4481152296066284,0.0005588801577687263,0.0002883056877180934,0.05149185657501221,0.011768682859838009,1.5598499885527417e-05,8.637592145532835e-06,1.0,1.0,1.0,1.0,0.7878788113594055,0.2294842004776001,False,0.3328266739845276,0.7339475750923157,0.2970327651128173
80,0.33040401339530945,0.25228387117385864,0.11260119825601578,1.313827633857727,0.008299913257360458,2.5387721061706543,0.39689141511917114,0.0005020730313844979,0.00029442127561196685,0.06752962619066238,0.010557044297456741,2.5009590899571776e-05,8.466448889521416e-06,1.0,1.0,1.0,1.0,0.7979797720909119,0.1514764279127121,False,0.26226484775543213,0.7272546291351318,0.2787723890505731
81,0.36001741886138916,0.29740896821022034,0.09197098016738892,1.793468952178955,0.026091108098626137,1.8992453813552856,0.4238389730453491,0.00043557328172028065,0.00020955901709385216,0.0511581227183342,0.011416537687182426,2.7388003218220547e-05,6.396943717845716e-06,1.0,1.0,1.0,1.0,0.808080792427063,0.2924457788467407,False,0.1874280869960785,0.6770727038383484,0.28042685613036156
82,0.39172032475471497,0.3398808538913727,0.08875640481710434,2.318735122680664,0.01925094611942768,1.447479009628296,0.4519176483154297,0.0004464326484594494,0.00043907485087402165,0.039476700127124786,0.012325027026236057,2.2500882550957613e-05,1.5232542864396237e-05,1.0,1.0,1.0,1.0,0.8181818127632141,0.2808740735054016,False,0.22127923369407654,0.6332669258117676,0.28612146992236376
83,0.3641640543937683,0.29663246870040894,0.10087049752473831,1.8531136512756348,0.010450604371726513,2.180934190750122,0.26110732555389404,0.002325529931113124,0.0001689739729044959,0.06021434813737869,0.007209023926407099,0.00010418182500870898,4.018777417513775e-06,1.0,1.0,1.0,1.0,0.8282828330993652,0.24693508446216583,False,0.3466147482395172,0.7646421790122986,0.28261703811585903
84,0.2822185158729553,0.23061463236808777,0.08727574348449707,1.4092768430709839,0.002411208115518093,1.5195317268371582,0.3239612281322479,0.0017342809587717056,0.00022330677893478423,0.042465027421712875,0.00905346218496561,7.881374767748639e-05,6.578185093530919e-06,1.0,1.0,1.0,1.0,0.8383838534355164,0.27983760833740234,False,0.2869105041027069,0.6895194053649902,0.3026885879226029
85,0.38417893648147583,0.3057466447353363,0.1159377470612526,1.826187252998352,0.007190173026174307,2.434473991394043,0.33772993087768555,0.00033983110915869474,0.00017017377831507474,0.06885381042957306,0.009551958180963993,2.1684900275431573e-05,4.834868832404027e-06,1.0,1.0,1.0,1.0,0.8484848737716675,0.2876060903072357,False,0.2582039535045624,0.7696132659912109,0.27492085099220276
86,0.3637149930000305,0.283066064119339,0.11624160408973694,1.597501277923584,0.0070743197575211525,2.1426472663879395,0.6706569194793701,0.0020991044584661722,0.0009639993077144027,0.061321552842855453,0.01919388398528099,9.629230771679431e-05,3.721566463354975e-05,1.0,1.0,1.0,1.0,0.8585858345031738,0.22755122184753418,False,0.35476499795913696,0.759779155254364,0.2862431830726564
87,0.451181024312973,0.3744220733642578,0.1217292845249176,2.300323486328125,0.022660447284579277,2.037938117980957,0.6102344989776611,0.0012454651296138763,0.0007737380219623446,0.05901100113987923,0.01767008937895298,5.8769768656929955e-05,1.9091330614173785e-05,1.0,1.0,1.0,1.0,0.868686854839325,0.6998122334480286,False,0.2553425431251526,0.6853127479553223,0.2819203860126436
88,0.341933935880661,0.25509101152420044,0.12202106416225433,1.2927521467208862,0.003794755320996046,2.50018048286438,0.46371620893478394,0.0003485592606011778,7.533209281973541e-05,0.07323761284351349,0.013583606109023094,1.9456534573691897e-05,2.255406798212789e-06,1.0,1.0,1.0,1.0,0.8787878751754761,0.1857628971338272,False,0.2684035301208496,0.8012014627456665,0.281035389052704
89,0.337745726108551,0.26472002267837524,0.10392933338880539,1.4329109191894531,0.017499569803476334,2.099109649658203,0.36038440465927124,0.0028735611122101545,0.00038181443233042955,0.06219584122300148,0.010678056627511978,0.0001373250997858122,1.4473918781732209e-05,1.0,1.0,1.0,1.0,0.8888888955116272,0.2391490489244461,False,0.30638587474823,0.76604163646698,0.2804978508502245
90,0.2973390221595764,0.21999064087867737,0.12308921664953232,0.8612437844276428,0.010777045972645283,2.2870407104492188,0.2917802631855011,0.0006632094737142324,0.0006393306539393961,0.06853421777486801,0.008743584156036377,4.296130646253005e-05,2.7604668503045104e-05,1.0,1.0,1.0,1.0,0.8989899158477783,0.2540498971939087,False,0.27912840247154236,0.770293653011322,0.28641904587857425
91,0.28289705514907837,0.22297188639640808,0.08189516514539719,1.3329745531082153,0.007779257837682962,1.6283109188079834,0.3472732901573181,0.0007728858618065715,0.000536483246833086,0.04934275522828102,0.010523433797061443,4.0209139115177095e-05,1.876667192846071e-05,1.0,1.0,1.0,1.0,0.9090909361839294,0.18345734477043152,False,0.2751760482788086,0.7770248651504517,0.28257278609089553
92,0.3315010368824005,0.2588738799095154,0.08909118175506592,1.6286468505859375,0.006918007042258978,1.7467427253723145,0.622050940990448,0.0005951389321126044,0.000310247007291764,0.05351972579956055,0.019059473648667336,3.4948225220432505e-05,1.2998691090615466e-05,1.0,1.0,1.0,1.0,0.9191918969154358,0.250918984413147,False,0.18535690009593964,0.6841191053390503,0.28409323981031775
93,0.29810768365859985,0.23546628654003143,0.09366931021213531,1.3396642208099365,0.0078305434435606,1.6347925662994385,0.3848646283149719,0.0008302436908707023,0.000700197764672339,0.0506400391459465,0.011921732686460018,4.9059439334087074e-05,3.0556773708667606e-05,1.0,1.0,1.0,1.0,0.9292929172515869,0.3135775923728943,False,0.29050713777542114,0.7207658886909485,0.2855482208542526
94,0.25920185446739197,0.2015818953514099,0.06513969600200653,1.279927372932434,0.008449463173747063,1.332669734954834,0.505881130695343,0.0003866184561047703,0.00047902436926960945,0.041730064898729324,0.015840722247958183,2.7954753022640944e-05,2.1222542272880673e-05,1.0,1.0,1.0,1.0,0.939393937587738,0.18863137066364288,False,0.2147604078054428,0.6505963802337646,0.2871371158398688
95,0.45114120841026306,0.37540143728256226,0.14709943532943726,2.2173023223876953,0.0065717450343072414,2.0899367332458496,0.2973689138889313,0.0005927094607613981,0.003181501291692257,0.06614614278078079,0.009411675855517387,3.220781945856288e-05,0.00014975118392612785,1.0,1.0,1.0,1.0,0.9494949579238892,0.23401840031147003,False,0.3115566372871399,0.7310713529586792,0.3053388171829283
96,0.3759584128856659,0.31622314453125,0.09755876660346985,2.0040321350097656,0.01826116070151329,1.4287083148956299,0.43417584896087646,0.0014452923787757754,0.0015534234698861837,0.04569942131638527,0.013887778855860233,7.994765473995358e-05,6.811773346271366e-05,1.0,1.0,1.0,1.0,0.9595959782600403,0.28074949979782104,False,0.25417327880859375,0.6577177047729492,0.28881618520244956
97,0.33357706665992737,0.2536509037017822,0.09628060460090637,1.4003729820251465,0.017333000898361206,2.08095121383667,0.38934674859046936,0.0010530417785048485,0.0005545567255467176,0.06726307421922684,0.012584946118295193,5.653105836245231e-05,2.1623742213705555e-05,1.0,1.0,1.0,1.0,0.9696969985961914,0.27075615525245667,False,0.1786893606185913,0.7038050889968872,0.27611095388419926
98,0.4707156717777252,0.3866516947746277,0.09984085708856583,2.737499237060547,0.013060903176665306,2.1170156002044678,0.4540146291255951,0.001140626729466021,0.0007771989330649376,0.06914158910512924,0.014828087761998177,6.422736623790115e-05,3.007919258379843e-05,1.0,1.0,1.0,1.0,0.9797979593276978,0.2637713849544525,False,0.2547432780265808,0.6946449875831604,0.28541349596343935
99,0.3285486102104187,0.26253741979599,0.1146722063422203,1.3789273500442505,0.009972449392080307,1.6276600360870361,0.37043821811676025,0.001090356381610036,0.0005350083229131997,0.0537072978913784,0.012223213911056519,6.002510781399906e-05,2.0634863176383078e-05,1.0,1.0,1.0,1.0,0.9898989796638489,0.24183289706707,False,0.32676196098327637,0.7548686861991882,0.27911659493111074
100,0.3518655002117157,0.24675554037094116,0.13239920139312744,1.077798843383789,0.00657645845785737,2.7158215045928955,0.43620580434799194,0.0009484657202847302,0.00011647351493593305,0.09052738547325134,0.014540194533765316,3.8965605199337006e-05,3.4014151424344163e-06,1.0,1.0,1.0,1.0,1.0,0.2872132360935211,False,0.3178389072418213,0.8194611072540283,0.44243400800041854
101,0.3582551181316376,0.27782121300697327,0.13112479448318481,1.421736478805542,0.00452277809381485,2.2478244304656982,0.1629527509212494,0.0012237777700647712,0.0003483680193312466,0.07492748647928238,0.00543175870552659,6.356076482916251e-05,1.1107928003184497e-05,1.0,1.0,1.0,1.0,1.0,0.21386928856372833,False,0.28837794065475464,0.7688227891921997,0.28413625294342637
102,0.3408064544200897,0.2608844041824341,0.10628557205200195,1.4606819152832031,0.008530650287866592,2.0437378883361816,0.3512645363807678,0.0009679885115474463,0.0008126477478072047,0.06812459975481033,0.0117088183760643,5.2938445151085034e-05,3.569913315004669e-05,1.0,1.0,1.0,1.0,1.0,0.32908546924591064,False,0.3091602921485901,0.7572771310806274,0.27984733413904905
103,0.37266528606414795,0.2879939675331116,0.09991347789764404,1.706503987312317,0.017430085688829422,1.9200878143310547,0.6176356077194214,0.0007713907398283482,0.0008696510340087116,0.06400293111801147,0.020587854087352753,4.348576840129681e-05,3.706025017891079e-05,1.0,1.0,1.0,1.0,1.0,0.26089149713516235,False,0.19234564900398254,0.6723859906196594,0.2841668529435992
104,0.39382219314575195,0.30982425808906555,0.15698319673538208,1.447761058807373,0.008064971305429935,2.2077388763427734,0.308768093585968,0.0021989205852150917,0.00015512412937823683,0.07359129935503006,0.010292270220816135,0.00011067448212997988,3.702017465911922e-06,1.0,1.0,1.0,1.0,1.0,0.3864405155181885,False,0.4041643738746643,0.8110951781272888,0.2887418740428984
105,0.33937662839889526,0.2662118375301361,0.09669080376625061,1.6393028497695923,0.005590767599642277,1.6982873678207397,0.49441832304000854,0.0012549100210890174,0.00023284096096176654,0.05660958215594292,0.016480611637234688,6.798558024456725e-05,6.624802153964993e-06,1.0,1.0,1.0,1.0,1.0,0.21812641620635986,False,0.29179808497428894,0.65977942943573,0.28558365209028125
106,0.3062785565853119,0.22372788190841675,0.10545079410076141,1.1485925912857056,0.003417844884097576,2.084428310394287,0.39158183336257935,0.00012401194544509053,0.0003710958990268409,0.06948094815015793,0.013052728027105331,7.876524250605144e-06,9.117996341956314e-06,1.0,1.0,1.0,1.0,1.0,0.19050973653793335,False,0.276254802942276,0.7038832902908325,0.2851296840235591
107,0.46650436520576477,0.37702468037605286,0.1398131102323532,2.3093457221984863,0.006276996806263924,2.353992462158203,0.3285571038722992,0.0010504884412512183,0.00014971621567383409,0.07846642285585403,0.010951903648674488,5.6984521506819874e-05,4.3686427488864865e-06,1.0,1.0,1.0,1.0,1.0,0.23245076835155487,False,0.3397183120250702,0.7838740348815918,0.29863102501258254
108,0.3576343357563019,0.2999204397201538,0.11443935334682465,1.7985368967056274,0.005627394188195467,1.4223663806915283,0.30597105622291565,0.001455358462408185,0.0005201713065616786,0.047412216663360596,0.01019903551787138,8.18584012449719e-05,2.0791965653188527e-05,1.0,1.0,1.0,1.0,1.0,0.1915523111820221,False,0.2691997289657593,0.7209910750389099,0.2965446040034294
109,0.29237470030784607,0.22438614070415497,0.08648782968521118,1.3519566059112549,0.002702653408050537,1.769453763961792,0.2696535587310791,0.00031112460419535637,7.659329276066273e-05,0.058981794863939285,0.008988452143967152,1.6687406969140284e-05,1.6277122085739393e-06,1.0,1.0,1.0,1.0,1.0,0.14383208751678467,False,0.36663591861724854,0.7609916925430298,0.28163150209002197
110,0.3437444865703583,0.24682846665382385,0.13312308490276337,1.080531358718872,0.005652227904647589,2.5271594524383545,0.3794764280319214,0.000323037471389398,0.0003498374717310071,0.08423865586519241,0.012649214826524258,1.8107548385160044e-05,1.0050272976513952e-05,1.0,1.0,1.0,1.0,1.0,0.19977061450481415,False,0.25470682978630066,0.7813025712966919,0.29008690104819834
111,0.2990766167640686,0.24091103672981262,0.092762790620327,1.3918123245239258,0.00896701030433178,1.438183307647705,0.30522421002388,0.00038259197026491165,0.0007467675604857504,0.047939445823431015,0.010174141265451908,2.5312940124422312e-05,2.6683856049203314e-05,1.0,1.0,1.0,1.0,1.0,0.17207075655460358,False,0.1733376681804657,0.6009269952774048,0.285025353776291
112,0.3650192320346832,0.2796967625617981,0.145133376121521,1.2851711511611938,0.006046283058822155,2.1649045944213867,0.39320170879364014,0.0007603660342283547,0.0002571535005699843,0.07216349244117737,0.013106724247336388,4.252014332450926e-05,9.727210454002488e-06,1.0,1.0,1.0,1.0,1.0,0.21708358824253082,False,0.27851197123527527,0.757439374923706,0.28685563104227185
113,0.3133358955383301,0.23664206266403198,0.07772533595561981,1.5066089630126953,0.008255820721387863,1.9357656240463257,0.363808274269104,0.0006114447023719549,0.0002100406272802502,0.06452552229166031,0.012126943096518517,3.4524993679951876e-05,6.832333838246996e-06,1.0,1.0,1.0,1.0,1.0,0.2074693888425827,False,0.2820224463939667,0.6449345350265503,0.28769689495675266
114,0.47027885913848877,0.38661640882492065,0.129513680934906,2.495213031768799,0.007581464014947414,1.9678237438201904,0.5410782694816589,0.000538454856723547,0.00010264232696499676,0.0655941292643547,0.018035942688584328,2.86440863419557e-05,3.7415102269733325e-06,1.0,1.0,1.0,1.0,1.0,0.22195594012737274,False,0.270585298538208,0.7566854953765869,0.29160008509643376
115,0.35008567571640015,0.28464433550834656,0.0758344754576683,1.9430615901947021,0.014503677375614643,1.564927101135254,0.3947795629501343,0.0008359317434951663,0.0013511544093489647,0.052164237946271896,0.013159319758415222,5.120514833834022e-05,6.655565812252462e-05,1.0,1.0,1.0,1.0,1.0,0.19175904989242554,False,0.22622324526309967,0.6366371512413025,0.28687471291050315
116,0.2659381926059723,0.19533152878284454,0.08819693326950073,1.027310848236084,0.004403490573167801,1.8579316139221191,0.2592625617980957,0.0005371874431148171,0.00012202115613035858,0.0619310587644577,0.008642085827887058,2.971624053316191e-05,3.799825208261609e-06,1.0,1.0,1.0,1.0,1.0,0.19158682227134705,False,0.24794284999370575,0.7084325551986694,0.28845057100988925
117,0.3119509220123291,0.22785690426826477,0.10453692078590393,1.125998616218567,0.01072013471275568,1.9407836198806763,0.5804067254066467,0.0009623271762393415,0.00020116096129640937,0.06469278782606125,0.019346890971064568,4.950405127601698e-05,4.829914360016119e-06,1.0,1.0,1.0,1.0,1.0,0.19087840616703033,False,0.34445422887802124,0.7427549362182617,0.2781078931875527
118,0.2939826250076294,0.22377532720565796,0.10607606172561646,1.0762825012207031,0.010071009397506714,1.7752552032470703,0.33013343811035156,0.00027580989990383387,0.00033958209678530693,0.05917517468333244,0.011004448868334293,1.4875244232825935e-05,1.280981996387709e-05,1.0,1.0,1.0,1.0,1.0,0.1774308830499649,False,0.24498353898525238,0.6820594668388367,0.27912330417893827
119,0.37948983907699585,0.2890600562095642,0.1051783561706543,1.699207067489624,0.013960997574031353,2.2607970237731934,0.4512021541595459,0.0004538467328529805,0.00010583773837424815,0.07535990327596664,0.015040072612464428,2.5668587113614194e-05,4.148327207076363e-06,1.0,1.0,1.0,1.0,1.0,0.16877682507038116,False,0.2740331292152405,0.7090102434158325,0.28219393105246127
120,0.3769910931587219,0.2800593376159668,0.12669891119003296,1.3224842548370361,0.021111994981765747,2.4482712745666504,0.45750564336776733,0.0009469279320910573,0.00043338019168004394,0.08160904794931412,0.015250189229846,5.628204962704331e-05,1.6227670130319893e-05,1.0,1.0,1.0,1.0,1.0,0.2681427597999573,False,0.2708147466182709,0.7446266412734985,0.2819271369371563
121,0.28953585028648376,0.229441300034523,0.06658320128917694,1.5211167335510254,0.01074641477316618,1.4764007329940796,0.3230835795402527,0.0015718613285571337,0.0005446994910016656,0.049213360995054245,0.010769452899694443,8.677711593918502e-05,2.4960332666523755e-05,1.0,1.0,1.0,1.0,1.0,0.1816943883895874,False,0.24880801141262054,0.7035874128341675,0.2902928132098168
122,0.3827551007270813,0.2960161566734314,0.13269558548927307,1.5818932056427002,0.005131244193762541,2.2175679206848145,0.38283824920654297,0.0009465614566579461,0.000364157953299582,0.07391893118619919,0.01276127528399229,4.955261101713404e-05,9.191116987494752e-06,1.0,1.0,1.0,1.0,1.0,0.24441413581371307,False,0.30376458168029785,0.7792835831642151,0.29819301213137805
123,0.3017921447753906,0.21199378371238708,0.12967509031295776,0.7475975751876831,0.007558927871286869,2.4018168449401855,0.2906935214996338,0.0008166595944203436,0.00014798855409026146,0.08006056398153305,0.009689784608781338,4.277837433619425e-05,5.235234766587382e-06,1.0,1.0,1.0,1.0,1.0,0.1993677318096161,False,0.32367050647735596,0.8328015804290771,0.2831013100221753
124,0.36183443665504456,0.29000040888786316,0.07219284772872925,1.960524082183838,0.021755127236247063,1.6273384094238281,0.5259051322937012,0.0006235160399228334,0.0004175050707999617,0.05424461513757706,0.01753017120063305,4.167942825006321e-05,1.757159043336287e-05,1.0,1.0,1.0,1.0,1.0,0.21884630620479584,False,0.22578392922878265,0.674933910369873,0.28088517603464425
125,0.35657012462615967,0.2778574228286743,0.12014973908662796,1.3709893226623535,0.020608775317668915,2.023561477661133,0.3366393744945526,0.0006273628678172827,0.0001735544065013528,0.06745205074548721,0.011221312917768955,3.242147795390338e-05,6.902814220666187e-06,1.0,1.0,1.0,1.0,1.0,0.217561274766922,False,0.26738137006759644,0.7114568948745728,0.4344058090355247
126,0.24328815937042236,0.1791967749595642,0.07717721164226532,0.9702121615409851,0.0049983481876552105,1.6357674598693848,0.28632616996765137,0.0002668986562639475,0.00016466385568492115,0.05452558398246765,0.009544205851852894,1.4988891962275375e-05,6.605403086723527e-06,1.0,1.0,1.0,1.0,1.0,0.13607101142406464,False,0.28353989124298096,0.7538352608680725,0.28242509299889207
127,0.3675673007965088,0.28071537613868713,0.11019469797611237,1.6375179290771484,0.0067688897252082825,2.1132943630218506,0.49078595638275146,0.0006494272965937853,0.00024646034580655396,0.07044314593076706,0.01635953225195408,3.8547455915249884e-05,1.0694600860006176e-05,1.0,1.0,1.0,1.0,1.0,0.20107637345790863,False,0.24512408673763275,0.7427554130554199,0.28023650287650526
128,0.392083078622818,0.2987154722213745,0.16094455122947693,1.3421051502227783,0.0035603875294327736,2.377866268157959,0.4194294214248657,0.0021840028930455446,0.000271395780146122,0.07926221191883087,0.013980981893837452,0.0001149085073848255,9.498276995145716e-06,1.0,1.0,1.0,1.0,1.0,0.2406480461359024,False,0.29655370116233826,0.741864025592804,0.2890333191026002
129,0.3369896113872528,0.256591260433197,0.08694563060998917,1.6255606412887573,0.00708957901224494,1.9775654077529907,0.43318885564804077,0.000581471947953105,0.0002224505878984928,0.06591884791851044,0.014439629390835762,3.259600271121599e-05,7.269941306731198e-06,1.0,1.0,1.0,1.0,1.0,0.2447546422481537,False,0.30458152294158936,0.6587395668029785,0.27932444610632956
130,0.4262409210205078,0.34726157784461975,0.149358332157135,1.882002353668213,0.009702998213469982,1.841550588607788,0.5232746601104736,0.0026188185438513756,0.0002628378279041499,0.06138502433896065,0.01744248904287815,0.00014227385690901428,9.567782399244606e-06,1.0,1.0,1.0,1.0,1.0,0.3243175745010376,False,0.28214502334594727,0.7635748386383057,0.2961639859713614
131,0.3795734643936157,0.3150560259819031,0.12212765961885452,1.8526556491851807,0.00766282482072711,1.7041599750518799,0.2290947288274765,0.0011503107380121946,0.0004204624565318227,0.056805334985256195,0.00763649120926857,6.213661981746554e-05,1.3473454600898549e-05,1.0,1.0,1.0,1.0,1.0,0.27901768684387207,False,0.32874804735183716,0.6937771439552307,0.2852972869295627
132,0.3706073760986328,0.29287710785865784,0.12384971976280212,1.572592854499817,0.011768067255616188,2.009786605834961,0.3204101324081421,0.0008474846836179495,0.00018354409257881343,0.06699289381504059,0.010680338367819786,5.069765757070854e-05,6.317097358987667e-06,1.0,1.0,1.0,1.0,1.0,0.22389566898345947,False,0.2756000757217407,0.7111861705780029,0.2808668070938438
133,0.36285340785980225,0.29570770263671875,0.10963781177997589,1.7785398960113525,0.008215898647904396,1.550045132637024,0.46234628558158875,0.0010016297455877066,0.00019680708646774292,0.05166817456483841,0.015411543659865856,5.901297481614165e-05,6.984539595578099e-06,1.0,1.0,1.0,1.0,1.0,0.2177349179983139,False,0.27939486503601074,0.7565554976463318,0.2956138758454472
134,0.29322612285614014,0.22759291529655457,0.1358070820569992,0.8941978812217712,0.002366060856729746,1.705110788345337,0.26186734437942505,0.0011310549452900887,0.00014498704695142806,0.05683702975511551,0.008728912100195885,6.251772720133886e-05,4.738980805996107e-06,1.0,1.0,1.0,1.0,1.0,0.2897765338420868,False,0.24141240119934082,0.7818131446838379,0.29344680113717914
135,0.3789196312427521,0.30106040835380554,0.125313401222229,1.6894071102142334,0.006806282792240381,1.9421614408493042,0.39042770862579346,0.0018301616655662656,0.0005170421791262925,0.06473872065544128,0.01301425788551569,9.369055624119937e-05,1.2561410585476551e-05,1.0,1.0,1.0,1.0,1.0,0.18536724150180817,False,0.3287915587425232,0.7985405325889587,0.2868281619157642
136,0.411516398191452,0.33037376403808594,0.13946664333343506,1.7605639696121216,0.014850735664367676,1.9387950897216797,0.48979267477989197,0.003667113371193409,0.00016029586549848318,0.06462650746107101,0.0163264237344265,0.00018421324784867465,5.4999891290208325e-06,1.0,1.0,1.0,1.0,1.0,0.20046153664588928,False,0.344675213098526,0.7879408597946167,0.2826812379062176
137,0.3988993763923645,0.3074798583984375,0.1168636605143547,1.836830973625183,0.006933088880032301,2.3269691467285156,0.41380298137664795,0.0007442114874720573,0.00027885110466741025,0.07756564021110535,0.013793433085083961,5.014539783587679e-05,1.0299175301042851e-05,1.0,1.0,1.0,1.0,1.0,0.20203857123851776,False,0.21409323811531067,0.7487224340438843,0.2867693589068949
138,0.30898788571357727,0.2512764036655426,0.06798376142978668,1.7617487907409668,0.007117751985788345,1.3224246501922607,0.40498751401901245,0.0019792825914919376,0.0004920827923342586,0.04408082365989685,0.013499584048986435,0.0001105998017010279,2.048351598205045e-05,1.0,1.0,1.0,1.0,1.0,0.16253843903541565,False,0.2062549591064453,0.6282503604888916,0.2765857120975852
139,0.308791846036911,0.24080821871757507,0.09530993551015854,1.408536434173584,0.0046446193009614944,1.562723159790039,0.4749561548233032,0.0007692398503422737,0.00024269528512377292,0.05209077522158623,0.015831872820854187,5.14435232616961e-05,9.528753253107425e-06,1.0,1.0,1.0,1.0,1.0,0.160448357462883,False,0.26220905780792236,0.6947723627090454,0.29480250203050673
140,0.31749027967453003,0.24423085153102875,0.08354797959327698,1.5069808959960938,0.009984783828258514,1.8700926303863525,0.3226947784423828,0.0029522886034101248,0.00033812562469393015,0.06233642250299454,0.010756493546068668,0.00015380707918666303,1.2701320883934386e-05,1.0,1.0,1.0,1.0,1.0,0.20699885487556458,False,0.2325708568096161,0.7375205755233765,0.27947452384978533
141,0.3255164921283722,0.24419337511062622,0.07352352142333984,1.669969081878662,0.0036729469429701567,1.9951839447021484,0.4425874948501587,0.0011100162519142032,0.00026296614669263363,0.06650613248348236,0.014752916991710663,5.7495599321555346e-05,6.563853276020382e-06,1.0,1.0,1.0,1.0,1.0,0.17140895128250122,False,0.26798203587532043,0.7253727912902832,0.2795434361323714
142,0.4750192165374756,0.39544156193733215,0.1312459409236908,2.5484495162963867,0.009350672364234924,2.0140814781188965,0.36794546246528625,0.003067305777221918,0.0005462983390316367,0.06713604927062988,0.012264849618077278,0.0001613092317711562,1.5448922567884438e-05,1.0,1.0,1.0,1.0,1.0,0.19880151748657227,False,0.2817816138267517,0.7057239413261414,0.28915627719834447
143,0.47230345010757446,0.41638925671577454,0.09938418865203857,3.097456216812134,0.007259429898113012,1.2556767463684082,0.4181506931781769,0.002201782539486885,0.00026308439555577934,0.04185589402914047,0.01393835712224245,0.00010974641190841794,1.01803407233092e-05,1.0,1.0,1.0,1.0,1.0,0.23407116532325745,False,0.2868385910987854,0.7240269184112549,0.28808814100921154
144,0.24786488711833954,0.19094732403755188,0.06081400066614151,0.9204598069190979,0.038087330758571625,1.2878611087799072,0.41758590936660767,0.0004597151419147849,0.0006690432783216238,0.04292870685458183,0.013919531367719173,3.704487608047202e-05,3.228374771424569e-05,1.0,1.0,1.0,1.0,1.0,0.24638214707374573,False,0.19988930225372314,0.6940029263496399,0.2736380349379033
145,0.33976438641548157,0.25958874821662903,0.09715709090232849,1.4851348400115967,0.013918164186179638,1.9317963123321533,0.472047358751297,0.0005672870902344584,0.00041521736420691013,0.06439321488142014,0.01573491282761097,3.0460203561233357e-05,1.706038528936915e-05,1.0,1.0,1.0,1.0,1.0,0.18143241107463837,False,0.24502897262573242,0.7691590189933777,0.2833417528308928
146,0.2815934717655182,0.21197208762168884,0.08571533113718033,1.1058716773986816,0.01566956751048565,1.7414743900299072,0.34569454193115234,0.0008928240858949721,6.555688014486805e-05,0.05804914981126785,0.011523151770234108,4.714724491350353e-05,1.94279118659324e-06,1.0,1.0,1.0,1.0,1.0,0.18303334712982178,False,0.35164111852645874,0.7171741724014282,0.2744458669330925
147,0.34750309586524963,0.26804351806640625,0.08749702572822571,1.7303526401519775,0.007511226925998926,1.8768212795257568,0.5057255029678345,0.0006468666833825409,0.00016534069436602294,0.06256071478128433,0.016857517883181572,3.640713111963123e-05,4.932269803248346e-06,1.0,1.0,1.0,1.0,1.0,0.15367792546749115,False,0.29043132066726685,0.6704694628715515,0.28002997301518917
148,0.3633791506290436,0.28842777013778687,0.09661593288183212,1.8601572513580322,0.005796083714812994,1.9455556869506836,0.3019152283668518,0.0005237343139015138,0.00015095077105797827,0.06485185772180557,0.010063841007649899,2.937895987997763e-05,6.299576398305362e-06,1.0,1.0,1.0,1.0,1.0,0.2194032073020935,False,0.2901977300643921,0.7494935989379883,0.2785685029812157
149,0.3473319411277771,0.27245503664016724,0.08884801715612411,1.7226572036743164,0.011341278441250324,1.7957043647766113,0.4483416974544525,0.001163446344435215,0.00017842018860392272,0.05985681712627411,0.014944723807275295,6.83196703903377e-05,7.052205091895303e-06,1.0,1.0,1.0,1.0,1.0,0.16293661296367645,False,0.2260178029537201,0.7189242243766785,0.27401912002824247
150,0.49037307500839233,0.39564406871795654,0.15918786823749542,2.277157783508301,0.008740389719605446,2.5709524154663086,0.2682516872882843,0.0011353208683431149,0.0006382096325978637,0.08569841831922531,0.00894172303378582,6.0426013078540564e-05,2.844372829713393e-05,1.0,1.0,1.0,1.0,1.0,0.28515803813934326,False,0.2776954770088196,0.7611782550811768,0.46160329203121364
151,0.27873659133911133,0.20744098722934723,0.0942801758646965,0.9447921514511108,0.018681596964597702,1.8486194610595703,0.28778132796287537,0.0013851510593667626,0.0003334898501634598,0.06162065267562866,0.009592710994184017,7.343886682065204e-05,8.816862646199297e-06,1.0,1.0,1.0,1.0,1.0,0.30382877588272095,False,0.24395635724067688,0.6877425312995911,0.27269372600130737
152,0.2940077483654022,0.23577898740768433,0.08954200893640518,1.4030615091323853,0.005930828396230936,1.3926053047180176,0.35315948724746704,0.0006340347463265061,0.00014645732881035656,0.046420179307460785,0.011771983467042446,3.181338615831919e-05,4.791321316588437e-06,1.0,1.0,1.0,1.0,1.0,0.17048528790473938,False,0.2760987877845764,0.6319417953491211,0.2808291441760957
153,0.3971049189567566,0.33142203092575073,0.06561030447483063,2.5863168239593506,0.007180061191320419,1.1901500225067139,0.7793444395065308,0.0005493377102538943,5.1143364544259384e-05,0.03967167064547539,0.025978149846196175,3.136844316031784e-05,1.7159826484203222e-06,1.0,1.0,1.0,1.0,1.0,0.15497659146785736,False,0.2644520401954651,0.6451984643936157,0.2870817689690739
154,0.3894668221473694,0.33619263768196106,0.09117121249437332,2.385960102081299,0.006425392348319292,1.3127286434173584,0.2841448485851288,0.0006702372338622808,0.0002106673055095598,0.04375762492418289,0.009471495635807514,3.697441570693627e-05,8.077288839558605e-06,1.0,1.0,1.0,1.0,1.0,0.19120067358016968,False,0.26237964630126953,0.6573671102523804,0.2960673759225756
155,0.3116970360279083,0.2277323603630066,0.10464570671319962,1.107415795326233,0.012345068156719208,2.0389060974121094,0.4787425994873047,0.0005199948791414499,0.0003309876483399421,0.06796354055404663,0.015958087518811226,3.04605855490081e-05,1.2585890544869471e-05,1.0,1.0,1.0,1.0,1.0,0.2109614759683609,False,0.20453688502311707,0.7155152559280396,0.28939941991120577
156,0.3867156505584717,0.3019920587539673,0.08994558453559875,1.8991940021514893,0.022127078846096992,2.172987222671509,0.3665637671947479,0.0009575595031492412,0.000310957373585552,0.07243291288614273,0.012218792922794819,5.743216024711728e-05,1.4448692127189133e-05,1.0,1.0,1.0,1.0,1.0,0.22143742442131042,False,0.19220665097236633,0.7268061637878418,0.28230110206641257
157,0.30339252948760986,0.2494804412126541,0.08976570516824722,1.547573447227478,0.004957385826855898,1.386263132095337,0.22924946248531342,0.0006479464937001467,0.0003225645632483065,0.04620877280831337,0.007641649339348078,4.683439328800887e-05,1.4825648577243555e-05,1.0,1.0,1.0,1.0,1.0,0.179135262966156,False,0.21165704727172852,0.6706051230430603,0.2935725022107363
158,0.3787573575973511,0.2908167243003845,0.1351393610239029,1.4843602180480957,0.007241365499794483,2.271087169647217,0.3663715720176697,0.0005844625411555171,0.00020025073899887502,0.07570291310548782,0.012212386354804039,2.0021796444780193e-05,5.322451215761248e-06,1.0,1.0,1.0,1.0,1.0,0.2231960892677307,False,0.29628729820251465,0.783994197845459,0.28678289614617825
159,0.38403773307800293,0.30977386236190796,0.12755368649959564,1.7158266305923462,0.010637504979968071,1.8552528619766235,0.3712023198604584,0.0006185445236042142,0.0002300008782185614,0.06184176355600357,0.01237341109663248,3.827450564131141e-05,1.040765164361801e-05,1.0,1.0,1.0,1.0,1.0,0.2259570211172104,False,0.21561139822006226,0.742282509803772,0.28945127804763615
160,0.3138962984085083,0.23507094383239746,0.11444233357906342,1.0599439144134521,0.014634217135608196,2.004112720489502,0.35878878831863403,0.000812535872682929,0.0004475652240216732,0.06680376082658768,0.011959627270698547,4.3370215280447155e-05,1.85915323527297e-05,1.0,1.0,1.0,1.0,1.0,0.24304303526878357,False,0.3031919002532959,0.8114733695983887,0.29393534315750003
161,0.35712140798568726,0.2804632782936096,0.08743106573820114,1.7922906875610352,0.013803118839859962,1.6974577903747559,0.5999200344085693,0.0008174594258889556,0.0005601235898211598,0.056581929326057434,0.019997335970401764,5.3415125876199454e-05,2.5448574888287112e-05,1.0,1.0,1.0,1.0,1.0,0.19187282025814056,False,0.18371960520744324,0.6110144853591919,0.283196090022102
162,0.3019624948501587,0.21851800382137299,0.10696274787187576,1.037719488143921,0.0077832951210439205,2.14646053314209,0.3547992408275604,0.0011366086546331644,0.0002984865568578243,0.07154868543148041,0.011826641857624054,5.981830327073112e-05,9.332241461379454e-06,1.0,1.0,1.0,1.0,1.0,0.27606090903282166,False,0.3074589669704437,0.7530885338783264,0.28360493504442275
163,0.39384886622428894,0.3275003433227539,0.0972462147474289,2.2638726234436035,0.0038668515626341105,1.6403188705444336,0.34798184037208557,0.0011023719562217593,0.0002227693039458245,0.05467730015516281,0.011599395424127579,6.377615500241518e-05,8.050688848015852e-06,1.0,1.0,1.0,1.0,1.0,0.3023771345615387,False,0.24743632972240448,0.7243337035179138,0.2836708219256252
164,0.29268717765808105,0.23199160397052765,0.10031738877296448,1.2617058753967285,0.00550363352522254,1.5690138339996338,0.2502700686454773,0.0007017580792307854,0.00023325013171415776,0.05230046436190605,0.008342335931956768,4.37373855675105e-05,9.033144124259707e-06,1.0,1.0,1.0,1.0,1.0,0.2867944538593292,False,0.22498653829097748,0.7615675926208496,0.30537621211260557
165,0.27602431178092957,0.19598446786403656,0.08391659706830978,1.0607020854949951,0.0059976596385240555,2.1627840995788574,0.23725050687789917,0.0004383283667266369,0.0005073255160823464,0.07209280878305435,0.00790835078805685,2.2272737624007277e-05,1.6414955098298378e-05,1.0,1.0,1.0,1.0,1.0,0.15292777121067047,False,0.21975713968276978,0.7528043389320374,0.2884763730689883
166,0.31228986382484436,0.24259153008460999,0.10328226536512375,1.307246208190918,0.008584650233387947,1.679624319076538,0.4077320694923401,0.0015655208844691515,0.00035289322840981185,0.05598748102784157,0.013591069728136063,0.00010462660429766402,1.5144476492423564e-05,1.0,1.0,1.0,1.0,1.0,0.21453049778938293,False,0.18433424830436707,0.6990492939949036,0.2907618989702314
167,0.4317474365234375,0.35267478227615356,0.10020727664232254,2.409268379211426,0.011540697887539864,1.826334834098816,0.5428816080093384,0.0015241510700434446,0.0003894781693816185,0.060877829790115356,0.01809605397284031,8.579107816331089e-05,1.298431925533805e-05,1.0,1.0,1.0,1.0,1.0,0.2470511943101883,False,0.2089340090751648,0.6573745012283325,0.30180132994428277
168,0.372783899307251,0.30360639095306396,0.06711503863334656,2.2998335361480713,0.006508005317300558,1.4783291816711426,0.5947257280349731,0.0011624180478975177,0.00015929841902107,0.049277640879154205,0.01982419192790985,6.929377559572458e-05,6.394522188202245e-06,1.0,1.0,1.0,1.0,1.0,0.19983774423599243,False,0.19667759537696838,0.6751575469970703,0.2886916908901185
169,0.28584355115890503,0.2185489386320114,0.09683436155319214,1.1492221355438232,0.006792377680540085,1.7255057096481323,0.29239046573638916,0.00045108937774784863,0.00016816546849440783,0.05751686170697212,0.009746349416673183,2.5686204025987536e-05,5.7312281569465995e-06,1.0,1.0,1.0,1.0,1.0,0.24824295938014984,False,0.31504660844802856,0.7647668123245239,0.291256507858634
170,0.40340110659599304,0.33262521028518677,0.11858843266963959,2.08430552482605,0.005606211721897125,1.703031063079834,0.4179496765136719,0.0013775199186056852,7.151049794629216e-05,0.05676770582795143,0.013931656256318092,7.452194404322654e-05,2.0040229173901025e-06,1.0,1.0,1.0,1.0,1.0,0.25461292266845703,False,0.36127588152885437,0.7243643999099731,0.30341618903912604
171,0.42756715416908264,0.36262455582618713,0.10629343241453171,2.5116727352142334,0.00516386516392231,1.5392825603485107,0.40648776292800903,0.001529719214886427,0.0001132827892433852,0.05130942165851593,0.013549592345952988,8.016941137611866e-05,3.4219096960441675e-06,1.0,1.0,1.0,1.0,1.0,0.22717565298080444,False,0.308133602142334,0.6860451698303223,0.30052994284778833
172,0.29945316910743713,0.2151448130607605,0.1039634570479393,0.8583799600601196,0.02534336782991886,2.297780752182007,0.23048053681850433,0.00045350100845098495,0.00018160992476623505,0.07659269869327545,0.007682684808969498,2.5141100195469335e-05,7.841463229851797e-06,1.0,1.0,1.0,1.0,1.0,0.2420748919248581,False,0.2706525921821594,0.7841417789459229,0.2953199369367212
173,0.34512752294540405,0.2620585858821869,0.11891739070415497,1.2807972431182861,0.015061460435390472,2.2055842876434326,0.2849518954753876,0.0007975787157192826,0.00021185267542023212,0.07351948320865631,0.009498396888375282,4.369991074781865e-05,7.3443743531242944e-06,1.0,1.0,1.0,1.0,1.0,0.20836114883422852,False,0.24240624904632568,0.7613938450813293,0.2950447699986398
174,0.37758001685142517,0.29919955134391785,0.14191140234470367,1.4806208610534668,0.00922604463994503,1.9114240407943726,0.43666815757751465,0.002097279764711857,0.000213131497730501,0.06371413916349411,0.014555606059730053,0.00010456603195052594,6.1542459661723115e-06,1.0,1.0,1.0,1.0,1.0,0.2603262662887573,False,0.380943238735199,0.8006162643432617,0.29418843891471624
175,0.3390706181526184,0.25581079721450806,0.10169201344251633,1.4614007472991943,0.007978672161698341,2.094416618347168,0.4019773006439209,0.0007319778669625521,0.0001448949333280325,0.06981389224529266,0.013399244286119938,4.163077028351836e-05,5.059090199210914e-06,1.0,1.0,1.0,1.0,1.0,0.21183371543884277,False,0.2516521215438843,0.7602087259292603,0.4472037530504167
176,0.4085681736469269,0.3283994495868683,0.10108469426631927,2.1335437297821045,0.013960412703454494,1.9609805345535278,0.44259339570999146,0.0008594202809035778,0.00014408770948648453,0.06536602228879929,0.014753113500773907,4.579044980346225e-05,3.8103858059912454e-06,1.0,1.0,1.0,1.0,1.0,0.19575200974941254,False,0.34764403104782104,0.7175893187522888,0.29876693501137197
177,0.3023928105831146,0.26075291633605957,0.06660228222608566,1.803514003753662,0.013799244537949562,0.8184802532196045,0.4194636344909668,0.0050904471427202225,0.0027679726481437683,0.027282675728201866,0.013982121832668781,0.000290517695248127,8.456855721306056e-05,1.0,1.0,1.0,1.0,1.0,0.16424989700317383,False,0.23272448778152466,0.6478774547576904,0.3026520551647991
178,0.28988391160964966,0.2127133011817932,0.1077953428030014,0.9951762557029724,0.005400332622230053,2.025944232940674,0.28779059648513794,0.0007544049294665456,0.00014304018986877054,0.06753148138523102,0.00959302019327879,4.0942417399492115e-05,5.179979780223221e-06,1.0,1.0,1.0,1.0,1.0,0.2885918915271759,False,0.24615779519081116,0.7400507926940918,0.28800134104676545
179,0.3053721785545349,0.23065675795078278,0.09344332665205002,1.2662874460220337,0.010584693402051926,1.898246169090271,0.34129798412323,0.0008578025735914707,0.00021312362514436245,0.06327487528324127,0.011376599781215191,5.4798882047180086e-05,9.159374712908175e-06,1.0,1.0,1.0,1.0,1.0,0.17703397572040558,False,0.2488778829574585,0.7456937432289124,0.2757096868008375
180,0.3352455496788025,0.27566757798194885,0.10583523660898209,1.641505241394043,0.005681836511939764,1.4066746234893799,0.3784618377685547,0.0009317478397861123,0.0003619634953793138,0.046889156103134155,0.012615395709872246,5.742532084695995e-05,1.5979276213329285e-05,1.0,1.0,1.0,1.0,1.0,0.18917536735534668,False,0.30139583349227905,0.7400035858154297,0.3184498429764062
181,0.39084291458129883,0.303623765707016,0.13598616421222687,1.5902879238128662,0.008608805947005749,2.1187570095062256,0.4959818422794342,0.0011278910096734762,0.00011139563139295205,0.07062523812055588,0.01653272844851017,5.7656779972603545e-05,3.5291693620820297e-06,1.0,1.0,1.0,1.0,1.0,0.23220708966255188,False,0.30946075916290283,0.7621501088142395,0.30297928396612406
182,0.32630664110183716,0.23906667530536652,0.1161169558763504,1.1798326969146729,0.004966466687619686,2.2965002059936523,0.3193376362323761,0.000721881166100502,0.00014983618166297674,0.07655001431703568,0.010644588619470596,4.123625694774091e-05,4.106384949409403e-06,1.0,1.0,1.0,1.0,1.0,0.16655990481376648,False,0.22485391795635223,0.7448364496231079,0.2884642519056797
183,0.290388286113739,0.22117573022842407,0.08984772861003876,1.2561869621276855,0.005709302611649036,1.783742904663086,0.29172539710998535,0.00046669470611959696,0.000202248920686543,0.05945809930562973,0.009724180214107037,2.321153624507133e-05,7.055085006868467e-06,1.0,1.0,1.0,1.0,1.0,0.1724357306957245,False,0.29935571551322937,0.6558753252029419,0.29298645188100636
184,0.34659749269485474,0.2641780972480774,0.15214499831199646,1.0581510066986084,0.006218015216290951,2.30249285697937,0.16659070551395416,0.0020746360532939434,0.00022313561930786818,0.0767497643828392,0.005553023889660835,0.00010740228754002601,9.207019502355251e-06,1.0,1.0,1.0,1.0,1.0,0.28538405895233154,False,0.28265172243118286,0.8462661504745483,0.29330128710716963
185,0.3339056968688965,0.2505064606666565,0.11647294461727142,1.2744081020355225,0.006592695601284504,2.2623746395111084,0.2372761368751526,0.0013727158075198531,0.00024480134015902877,0.07541248947381973,0.007909204810857773,7.116899359971285e-05,6.390346698026406e-06,1.0,1.0,1.0,1.0,1.0,0.2187829315662384,False,0.3557776212692261,0.7768613696098328,0.2915653381496668
186,0.35458970069885254,0.2799636423587799,0.08725707978010178,1.8479762077331543,0.007908928208053112,1.6645679473876953,0.5661492347717285,0.005061810836195946,0.000272894452791661,0.05548560246825218,0.018871642649173737,0.00025880345492623746,1.0002144335885532e-05,1.0,1.0,1.0,1.0,1.0,0.2834566831588745,False,0.26297956705093384,0.7009264826774597,0.3077049581333995
187,0.41229432821273804,0.33072447776794434,0.1610293686389923,1.668306589126587,0.002864439971745014,2.1949703693389893,0.24503256380558014,0.00462290458381176,0.00019900510960724205,0.07316568493843079,0.008167752996087074,0.0002312583674211055,5.149706339580007e-06,1.0,1.0,1.0,1.0,1.0,0.8546351194381714,False,0.3621743619441986,0.8232702016830444,0.30504427198320627
188,0.2858484983444214,0.2157709151506424,0.08427831530570984,1.1730670928955078,0.014185883104801178,1.8502092361450195,0.2492274045944214,0.0017999495612457395,0.0002001533575821668,0.06167364493012428,0.008307580836117268,9.006036270875484e-05,6.305211172730196e-06,1.0,1.0,1.0,1.0,1.0,0.2064727544784546,False,0.2520599067211151,0.7440203428268433,0.28568006702698767
189,0.3643576204776764,0.2895945906639099,0.08132825046777725,1.9847429990768433,0.009792008437216282,1.7763638496398926,0.46490228176116943,0.0009106664219871163,0.00018610211554914713,0.059212129563093185,0.015496743842959404,4.842727503273636e-05,5.72619092054083e-06,1.0,1.0,1.0,1.0,1.0,0.20587845146656036,False,0.26691311597824097,0.6850937604904175,0.29410656285472214
190,0.35269662737846375,0.2808994650840759,0.09494635462760925,1.7186949253082275,0.014083596877753735,1.5989447832107544,0.5526511073112488,0.001277451403439045,0.00022292305948212743,0.053298160433769226,0.018421703949570656,7.084789831424132e-05,6.455969923990779e-06,1.0,1.0,1.0,1.0,1.0,0.26428669691085815,False,0.2966976463794708,0.692465603351593,0.2925086850300431
191,0.33089345693588257,0.24913093447685242,0.12305818498134613,1.215791940689087,0.004493569955229759,1.9771592617034912,0.47124308347702026,0.002567217219620943,0.00019927523680962622,0.06590531021356583,0.01570810377597809,0.00014396014739759266,5.165912625670899e-06,1.0,1.0,1.0,1.0,1.0,0.22253376245498657,False,0.23705431818962097,0.7677933573722839,0.2942862790077925
192,0.4700537919998169,0.369023859500885,0.14484287798404694,2.1544790267944336,0.008733052760362625,2.6540656089782715,0.37257376313209534,0.0024629400577396154,0.00038241338916122913,0.08846885710954666,0.012419125996530056,0.00012747479195240885,1.4493378330371343e-05,1.0,1.0,1.0,1.0,1.0,0.33816835284233093,False,0.2346792221069336,0.7744585871696472,0.2990347358863801
193,0.3702148199081421,0.2837119698524475,0.12764285504817963,1.4683513641357422,0.009233973920345306,2.123140335083008,0.4693794548511505,0.0013329921057447791,0.00034298893297091126,0.07077135145664215,0.015645982697606087,7.063769589876756e-05,1.4883248695696238e-05,1.0,1.0,1.0,1.0,1.0,0.24795059859752655,False,0.22149918973445892,0.747851550579071,0.2945950098801404
194,0.3636164665222168,0.2843253016471863,0.13667790591716766,1.3435397148132324,0.01329340972006321,2.1946444511413574,0.1809750497341156,0.000609331822488457,0.0013483165530487895,0.07315482199192047,0.0060325018130242825,4.2608979128999636e-05,6.12123403698206e-05,1.0,1.0,1.0,1.0,1.0,0.2597784399986267,False,0.18477505445480347,0.7960400581359863,0.30055523687042296
195,0.4163486957550049,0.3299061357975006,0.10775421559810638,2.130932569503784,0.009058685973286629,2.24501895904541,0.3411490321159363,0.0038558761589229107,0.00046818621922284365,0.07483396679162979,0.011371634900569916,0.0002207579236710444,1.6199523088289425e-05,1.0,1.0,1.0,1.0,1.0,0.28602954745292664,False,0.2646542489528656,0.7914806008338928,0.28671342809684575
196,0.3625712990760803,0.2777843475341797,0.13840767741203308,1.2984634637832642,0.009530331939458847,2.2052931785583496,0.3368511497974396,0.0008081281557679176,0.0001738026476232335,0.07350977510213852,0.01122837234288454,4.3270869355183095e-05,5.520298600458773e-06,1.0,1.0,1.0,1.0,1.0,0.23379041254520416,False,0.2243308126926422,0.7300505638122559,0.2923065370414406
197,0.3147889971733093,0.22880402207374573,0.12103334069252014,1.0325193405151367,0.0045187328942120075,2.0620646476745605,0.5152831077575684,0.001292644301429391,0.0002154831017833203,0.06873549520969391,0.017176104709506035,6.672095332760364e-05,6.639134880970232e-06,1.0,1.0,1.0,1.0,1.0,0.19834545254707336,False,0.3030979037284851,0.7863609790802002,0.2900146250613034
198,0.3709156811237335,0.31589481234550476,0.1006084457039833,2.107198715209961,0.004566483199596405,1.3061003684997559,0.3417051434516907,0.0017917725490406156,7.071559230098501e-05,0.043536681681871414,0.011390171945095062,9.224351379089057e-05,1.7719653442327399e-06,1.0,1.0,1.0,1.0,1.0,0.6315023899078369,False,0.3484088182449341,0.6788935661315918,0.29315111599862576
199,0.4074239134788513,0.33462944626808167,0.13899356126785278,1.9126152992248535,0.004374351818114519,1.9551429748535156,0.22717319428920746,0.0006634811870753765,0.00018907920457422733,0.06517143547534943,0.007572440430521965,4.272445949027315e-05,7.871885827626102e-06,1.0,1.0,1.0,1.0,1.0,0.206801176071167,False,0.29565271735191345,0.727067232131958,0.3079700809903443
200,0.3149987459182739,0.2518490254878998,0.0940651148557663,1.525795340538025,0.005204379558563232,1.6518343687057495,0.24090097844600677,0.0008585534524172544,0.00016948566189967096,0.05506115034222603,0.008030032739043236,5.291055276757106e-05,5.623435299639823e-06,1.0,1.0,1.0,1.0,1.0,0.16139888763427734,False,0.33491843938827515,0.791723906993866,0.44597716396674514
201,0.2898039221763611,0.22912189364433289,0.08606729656457901,1.386535406112671,0.004401074722409248,1.4364476203918457,0.38251620531082153,0.0008057845407165587,0.00013189010496716946,0.0478815883398056,0.012750540859997272,4.527690907707438e-05,4.639606231648941e-06,1.0,1.0,1.0,1.0,1.0,0.16367636620998383,False,0.28727251291275024,0.7046198844909668,0.29666462703607976
202,0.35907605290412903,0.2763565182685852,0.13659700751304626,1.248340368270874,0.014925464987754822,2.139219045639038,0.3404707908630371,0.0008586959447711706,0.00026047567371279,0.07130730152130127,0.011349027045071125,5.2282535762060434e-05,1.0932895747828297e-05,1.0,1.0,1.0,1.0,1.0,0.20404963195323944,False,0.26582273840904236,0.7573373913764954,0.2994731040671468
203,0.3509572446346283,0.276130735874176,0.12915408611297607,1.4415664672851562,0.002819983521476388,1.8804818391799927,0.363019734621048,0.0007320869481191039,0.00016641407273709774,0.06268273293972015,0.012100658379495144,3.9567403291584924e-05,3.543673756212229e-06,1.0,1.0,1.0,1.0,1.0,0.29266029596328735,False,0.3758828043937683,0.7685858011245728,0.3157671729568392
204,0.2945334017276764,0.22991600632667542,0.07772664725780487,1.4647610187530518,0.005713259801268578,1.5594804286956787,0.376930832862854,0.000946624088101089,0.0003906568163074553,0.051982682198286057,0.012564362026751041,5.270071414997801e-05,1.7654918337939307e-05,1.0,1.0,1.0,1.0,1.0,0.2779505252838135,False,0.1987617313861847,0.6492078304290771,0.31088169384747744
205,0.36333972215652466,0.2876618504524231,0.10228271782398224,1.7883977890014648,0.0065393513068556786,1.8656378984451294,0.4018896222114563,0.0012892128434032202,0.000620344071649015,0.062187932431697845,0.013396321795880795,7.292812369996682e-05,2.0707650037365966e-05,1.0,1.0,1.0,1.0,1.0,0.20213787257671356,False,0.30258113145828247,0.7143539786338806,0.29063335806131363
206,0.40860775113105774,0.32925817370414734,0.11230181902647018,2.088766574859619,0.008079675026237965,1.8761699199676514,0.49558234214782715,0.005342908203601837,0.00047434738371521235,0.0625390037894249,0.016519412398338318,0.0002786672848742455,1.2488383617892396e-05,1.0,1.0,1.0,1.0,1.0,0.32687294483184814,False,0.30679231882095337,0.7414846420288086,0.2939320008736104
207,0.36363065242767334,0.28344812989234924,0.09234987199306488,1.8079979419708252,0.010298460721969604,1.8969213962554932,0.5068486928939819,0.0010262109572067857,8.215305570047349e-05,0.0632307156920433,0.016894957050681114,5.475401121657342e-05,2.104230134136742e-06,1.0,1.0,1.0,1.0,1.0,0.22185444831848145,False,0.28312402963638306,0.7048547267913818,0.29610454896464944
208,0.3745740056037903,0.2893500328063965,0.11921435594558716,1.6048272848129272,0.009652924723923206,2.1056599617004395,0.44914475083351135,0.0008549970225431025,0.0003523450286593288,0.07018867135047913,0.014971492812037468,5.0622627895791084e-05,1.3189379387767985e-05,1.0,1.0,1.0,1.0,1.0,0.2345094233751297,False,0.2587253451347351,0.7801119089126587,0.291551582980901
209,0.26819369196891785,0.19568991661071777,0.11029277741909027,0.774389386177063,0.007958205416798592,1.8991447687149048,0.27494609355926514,0.0004184147692285478,0.00010435343574499711,0.0633048266172409,0.009164870716631413,3.0785638955421746e-05,3.288382686150726e-06,1.0,1.0,1.0,1.0,1.0,0.20402656495571136,False,0.28532490134239197,0.821345865726471,0.2986303670331836
210,0.40442824363708496,0.323114275932312,0.11922158300876617,1.9669309854507446,0.007199564483016729,1.9477131366729736,0.49076560139656067,0.00047898467164486647,9.018523996928707e-05,0.06492377817630768,0.01635885424911976,2.8159503926872276e-05,3.182013642799575e-06,1.0,1.0,1.0,1.0,1.0,0.16411705315113068,False,0.31222105026245117,0.7242825031280518,0.301365511957556
211,0.29879575967788696,0.2351337969303131,0.09810177236795425,1.2905852794647217,0.007973493076860905,1.5513038635253906,0.3565719723701477,0.0008107711328193545,0.00034279731335118413,0.051710132509469986,0.011885733343660831,5.1447757869027555e-05,1.4659758562629577e-05,1.0,1.0,1.0,1.0,1.0,0.23703044652938843,False,0.27796605229377747,0.6593174934387207,0.28438460803590715
212,0.32446983456611633,0.26089978218078613,0.10068511217832565,1.5595612525939941,0.004258573055267334,1.4346728324890137,0.46922290325164795,0.0019811526872217655,0.00033082853769883513,0.04782243072986603,0.01564076356589794,9.610354754840955e-05,1.075717773346696e-05,1.0,1.0,1.0,1.0,1.0,0.189055934548378,False,0.21193592250347137,0.6380696296691895,0.29963112296536565
213,0.3525554835796356,0.28827452659606934,0.10076747089624405,1.521172046661377,0.03538986295461655,1.2965433597564697,0.627105712890625,0.002328981878235936,0.0005921658594161272,0.043218113481998444,0.02090352401137352,0.00013511130237020552,2.4215361918322742e-05,1.0,1.0,1.0,1.0,1.0,0.3192642331123352,False,0.1690462976694107,0.7265778183937073,0.32192043983377516
214,0.31809201836586,0.2575192451477051,0.12362658977508545,1.2800860404968262,0.005884053651243448,1.5586233139038086,0.25333094596862793,0.003075200133025646,0.0005906391306780279,0.05195411294698715,0.008444365113973618,0.00015964686463121325,1.4660270608146675e-05,1.0,1.0,1.0,1.0,1.0,0.23379643261432648,False,0.3017813563346863,0.7217023372650146,0.29650612105615437
215,0.28074076771736145,0.22268910706043243,0.08654637634754181,1.2484986782073975,0.011292851530015469,1.3598874807357788,0.3705996870994568,0.004160150419920683,0.00293959048576653,0.045329585671424866,0.0123533234000206,0.0002507026947569102,0.00011805444955825806,1.0,1.0,1.0,1.0,1.0,0.29223138093948364,False,0.19747671484947205,0.6453278064727783,0.3038254068233073
216,0.3628185987472534,0.28519049286842346,0.10754701495170593,1.73000168800354,0.004643315449357033,1.978837013244629,0.34307339787483215,0.004028663504868746,0.00041195849189534783,0.06596123427152634,0.011435780674219131,0.00021917163394391537,1.1912381523870863e-05,1.0,1.0,1.0,1.0,1.0,0.1998109072446823,False,0.3053876459598541,0.7507418394088745,0.2904800227843225
217,0.4295138120651245,0.3446744978427887,0.16824506223201752,1.4584884643554688,0.030580608174204826,2.1499242782592773,0.3872409462928772,0.005120718851685524,0.0003604614466894418,0.07166414707899094,0.012908032163977623,0.00025858753360807896,8.544720913050696e-06,1.0,1.0,1.0,1.0,1.0,0.26808199286460876,False,0.3555903434753418,0.7951923608779907,0.2889875960536301
218,0.34148773550987244,0.27163904905319214,0.07401692867279053,1.8856068849563599,0.009061463177204132,1.7915797233581543,0.3001927137374878,0.0017326213419437408,0.0002824899274855852,0.059719327837228775,0.01000642403960228,0.00011274543066974729,1.0198674317507539e-05,1.0,1.0,1.0,1.0,1.0,0.23628397285938263,False,0.21402400732040405,0.6185556054115295,0.29552260995842516
219,0.3168352246284485,0.2536443769931793,0.08870656788349152,1.492085576057434,0.015729254111647606,1.539503812789917,0.3514518141746521,0.00264199310913682,0.0006941480096429586,0.051316797733306885,0.011715061031281948,0.00013673324428964406,2.2258587705437094e-05,1.0,1.0,1.0,1.0,1.0,0.29755857586860657,False,0.26230111718177795,0.6774909496307373,0.3003622149117291
220,0.339811235666275,0.2606046199798584,0.1333826780319214,1.2270063161849976,0.004521333146840334,2.1248388290405273,0.2489171028137207,0.001406002207659185,0.00022417792933993042,0.07082796096801758,0.008297237567603588,7.38003000151366e-05,7.622234079462942e-06,1.0,1.0,1.0,1.0,1.0,0.1874416023492813,False,0.2608119249343872,0.7441742420196533,0.2952029260341078
221,0.296285480260849,0.2272445559501648,0.10339213162660599,1.1936368942260742,0.004488732665777206,1.6718807220458984,0.39729875326156616,0.0010784869082272053,0.00011822735541500151,0.05572935938835144,0.013243292458355427,6.430795474443585e-05,3.959787591156783e-06,1.0,1.0,1.0,1.0,1.0,0.2430228590965271,False,0.2711489498615265,0.7276062965393066,0.29362018406391144
222,0.34599414467811584,0.2845141291618347,0.09945470839738846,1.7952960729599,0.005529825575649738,1.355918049812317,0.4863967299461365,0.001202405197545886,0.00027002161368727684,0.045197270810604095,0.016213225200772285,6.283446418819949e-05,6.687348104605917e-06,1.0,1.0,1.0,1.0,1.0,0.17100302875041962,False,0.3083723485469818,0.7102786302566528,0.29330003703944385
223,0.33140698075294495,0.2459249496459961,0.10949507355690002,1.034144639968872,0.033015403896570206,2.147352933883667,0.4152531027793884,0.000637552235275507,0.0011215696576982737,0.07157843559980392,0.013841770589351654,3.3403237466700375e-05,2.842451613105368e-05,1.0,1.0,1.0,1.0,1.0,0.17286798357963562,False,0.20374076068401337,0.6678336262702942,0.28788909898139536
224,0.3689459562301636,0.2947448790073395,0.06693974137306213,2.2393641471862793,0.003868740051984787,1.561642050743103,0.66087406873703,0.0018381858244538307,0.0010011768899857998,0.05205473676323891,0.02202913723886013,9.093235712498426e-05,2.6263342078891583e-05,1.0,1.0,1.0,1.0,1.0,0.18825598061084747,False,0.20161303877830505,0.7033029794692993,0.3024331131018698
225,0.4067593216896057,0.3246176838874817,0.10238315165042877,2.10353684425354,0.011880867183208466,1.9705113172531128,0.49165230989456177,0.0007773590041324496,0.0005036105285398662,0.06568371504545212,0.016388410702347755,4.5844499254599214e-05,2.3677534045418724e-05,1.0,1.0,1.0,1.0,1.0,0.28661948442459106,False,0.24292971193790436,0.7454715967178345,0.44770157197490335
226,0.335548996925354,0.2470552772283554,0.11965284496545792,1.1739474534988403,0.010007668286561966,2.32666015625,0.3269849717617035,0.0007287882617674768,7.14854832040146e-05,0.0775553435087204,0.010899499990046024,3.720990935107693e-05,1.684316885075532e-06,1.0,1.0,1.0,1.0,1.0,0.2204197198152542,False,0.24535012245178223,0.7966823577880859,0.29625642695464194
227,0.3345022201538086,0.2590433359146118,0.08393770456314087,1.6352620124816895,0.011579422280192375,1.8476685285568237,0.41486459970474243,0.0006680093356408179,0.00021019444102421403,0.06158895418047905,0.013828820548951626,3.331432890263386e-05,7.812074727553409e-06,1.0,1.0,1.0,1.0,1.0,0.20840680599212646,False,0.21518748998641968,0.7263571619987488,0.287203473970294
228,0.3575989305973053,0.29090702533721924,0.10689519345760345,1.7389106750488281,0.010120747610926628,1.584285855293274,0.40992704033851624,0.004169994965195656,0.0002480664988979697,0.05280953273177147,0.01366423536092043,0.00021022996224928647,7.90471131040249e-06,1.0,1.0,1.0,1.0,1.0,0.22692932188510895,False,0.3125610053539276,0.7413568496704102,0.28447483689524233
229,0.32719695568084717,0.2450130581855774,0.09453148394823074,1.3728675842285156,0.013194800354540348,1.9697322845458984,0.49134933948516846,0.0016567787388339639,0.001365223666653037,0.06565774977207184,0.016378311440348625,8.336706378031522e-05,6.448367639677599e-05,1.0,1.0,1.0,1.0,1.0,0.2458963692188263,False,0.26101154088974,0.7161611318588257,0.2895138629246503
230,0.39224910736083984,0.30267661809921265,0.1457468569278717,1.5380370616912842,0.0031260328833013773,2.328070640563965,0.3574240207672119,0.0010268911719322205,0.0002006197173614055,0.07760235667228699,0.011914134956896305,4.891626667813398e-05,7.084469871188048e-06,1.0,1.0,1.0,1.0,1.0,0.2510516941547394,False,0.24792000651359558,0.7886413335800171,0.2963638158980757
231,0.4003071188926697,0.3204881548881531,0.11288914084434509,2.009861469268799,0.006612900644540787,1.7390873432159424,0.6520763635635376,0.0021718796342611313,0.00015244277892634273,0.057969581335783005,0.02173588052392006,0.00010965789260808378,3.860493961838074e-06,1.0,1.0,1.0,1.0,1.0,0.23834840953350067,False,0.3349851667881012,0.7110708951950073,0.2970739910379052
232,0.3439708650112152,0.27552902698516846,0.10384778678417206,1.6847398281097412,0.003207254223525524,1.6119345426559448,0.4386140704154968,0.0011210553348064423,0.00038056535413488746,0.05373115465044975,0.014620469883084297,7.302167068701237e-05,1.7183874660986476e-05,1.0,1.0,1.0,1.0,1.0,0.18402297794818878,False,0.23104029893875122,0.767978310585022,0.30630059400573373
233,0.3853021562099457,0.3127092123031616,0.11887602508068085,1.879024624824524,0.005930735729634762,1.7128269672393799,0.4627680778503418,0.001297931419685483,0.00021365884458646178,0.057094234973192215,0.015425603836774826,6.490813393611461e-05,8.190969310817309e-06,1.0,1.0,1.0,1.0,1.0,0.1791296899318695,False,0.26553791761398315,0.7789751887321472,0.28859047894366086
234,0.41628825664520264,0.32014039158821106,0.12356085330247879,1.915974497795105,0.004982080310583115,2.3158140182495117,0.566765308380127,0.001139938598498702,0.00021456021931953728,0.07719380408525467,0.018892178311944008,5.638091897708364e-05,5.515492375707254e-06,1.0,1.0,1.0,1.0,1.0,0.20848284661769867,False,0.2690366804599762,0.7590115070343018,0.28892801492474973
235,0.3283388614654541,0.23488624393939972,0.11228083819150925,1.1846392154693604,0.004141487181186676,2.332592010498047,0.4695422947406769,0.0008047694573178887,0.00011334197188261896,0.07775307446718216,0.015651410445570946,4.4103791879024357e-05,4.032309334434103e-06,1.0,1.0,1.0,1.0,1.0,0.23959670960903168,False,0.3318336009979248,0.7555360794067383,0.2870372221805155
236,0.3364384174346924,0.27382761240005493,0.08882787078619003,1.7937376499176025,0.0056259725242853165,1.5883269309997559,0.2876579463481903,0.0009140484617091715,0.0005824959371238947,0.05294423550367355,0.009588598273694515,5.001039244234562e-05,2.795627551677171e-05,1.0,1.0,1.0,1.0,1.0,0.20647543668746948,False,0.21749931573867798,0.6781871914863586,0.2971169878728688
237,0.47303083539009094,0.3859744071960449,0.15039440989494324,2.256831169128418,0.009896889328956604,1.9798142910003662,0.6300145387649536,0.0009408758487552404,0.0002625631168484688,0.06599381566047668,0.021000485867261887,5.3169147577136755e-05,8.966326277004555e-06,1.0,1.0,1.0,1.0,1.0,0.24713674187660217,False,0.3081304728984833,0.7745013236999512,0.2911680538672954
238,0.4270411729812622,0.3706941604614258,0.10060704499483109,2.6236343383789062,0.007723653689026833,1.3128373622894287,0.3699773848056793,0.003530242945998907,0.0005659667658619583,0.043761245906353,0.012332580052316189,0.0002301524073118344,2.303861219843384e-05,1.0,1.0,1.0,1.0,1.0,0.22086286544799805,False,0.2856470048427582,0.6921895742416382,0.3133299711626023
239,0.34520086646080017,0.2602902948856354,0.10607706755399704,1.4014503955841064,0.014068166725337505,2.087294340133667,0.45933598279953003,0.00038023144588805735,0.0001789828238543123,0.06957647949457169,0.01531120017170906,1.752295247570146e-05,5.366776804294204e-06,1.0,1.0,1.0,1.0,1.0,0.20827484130859375,False,0.30809783935546875,0.7826672196388245,0.2866052750032395
240,0.316584974527359,0.24888001382350922,0.07327625900506973,1.5831515789031982,0.017288604751229286,1.6628849506378174,0.3644566535949707,0.0017458177171647549,0.0008005958516150713,0.055429499596357346,0.012148555368185043,9.035765833687037e-05,3.655317777884193e-05,1.0,1.0,1.0,1.0,1.0,0.26223355531692505,False,0.16992637515068054,0.6683772802352905,0.28703663987107575
241,0.38443607091903687,0.30185067653656006,0.10502571612596512,1.8934125900268555,0.007483666762709618,2.0177671909332275,0.4590536952018738,0.00036137166898697615,9.055631380761042e-05,0.06725890934467316,0.01530179101973772,2.1071933588245884e-05,3.609550958572072e-06,1.0,1.0,1.0,1.0,1.0,0.17942485213279724,False,0.24885194003582,0.7778462171554565,0.2931683021597564
242,0.34818142652511597,0.2712981104850769,0.08259592950344086,1.7946901321411133,0.009233159944415092,1.8269293308258057,0.47783198952674866,0.0008437663782387972,0.00024151404795702547,0.060897648334503174,0.015927733853459358,4.807369987247512e-05,9.862760634860024e-06,1.0,1.0,1.0,1.0,1.0,0.19376099109649658,False,0.19314557313919067,0.6689440608024597,0.28537154314108193
243,0.35072585940361023,0.27163609862327576,0.10333046317100525,1.571134328842163,0.011192191392183304,1.9714995622634888,0.39947056770324707,0.0005987440817989409,0.0003211875446140766,0.06571665406227112,0.013315686024725437,4.3795898818643764e-05,1.361955492029665e-05,1.0,1.0,1.0,1.0,1.0,0.1796059012413025,False,0.22535200417041779,0.7275366187095642,0.28702715993858874
244,0.35391998291015625,0.2838481664657593,0.10773510485887527,1.7085572481155396,0.005257320590317249,1.728224515914917,0.37266504764556885,0.0007494005840271711,0.0001666877797106281,0.057607486844062805,0.012422168627381325,3.812613431364298e-05,4.028217517770827e-06,1.0,1.0,1.0,1.0,1.0,0.2252465933561325,False,0.3038027882575989,0.7389669418334961,0.2926908228546381
245,0.4284147620201111,0.3353763222694397,0.11752699315547943,2.098459243774414,0.008003457449376583,2.222285747528076,0.5676290988922119,0.00038527295691892505,0.0003385390737093985,0.07407619804143906,0.01892097108066082,2.5355915568070486e-05,1.593063097971026e-05,1.0,1.0,1.0,1.0,1.0,0.26789650321006775,False,0.23116537928581238,0.7421834468841553,0.2989162008743733
246,0.29606619477272034,0.22498773038387299,0.0701657086610794,1.433011770248413,0.01152084395289421,1.6067023277282715,0.5231327414512634,0.0011292056879028678,0.0003179817576892674,0.05355674773454666,0.017437759786844254,7.460001506842673e-05,9.350427717436105e-06,1.0,1.0,1.0,1.0,1.0,0.16361448168754578,False,0.23406416177749634,0.6742772459983826,0.29227796103805304
247,0.3376048505306244,0.269244909286499,0.06567402184009552,1.9489574432373047,0.008675123564898968,1.5697554349899292,0.4786744713783264,0.0012614415027201176,0.0003283474943600595,0.052325185388326645,0.015955816954374313,6.879585271235555e-05,1.0146564818569459e-05,1.0,1.0,1.0,1.0,1.0,0.18699632585048676,False,0.20187321305274963,0.6080572605133057,0.2921073758043349
248,0.33372947573661804,0.26605677604675293,0.11513116955757141,1.440123200416565,0.006913257762789726,1.6503822803497314,0.37853485345840454,0.0004989737062714994,0.0003473489196039736,0.055012743920087814,0.012617829255759716,2.805884651024826e-05,1.4071783880353905e-05,1.0,1.0,1.0,1.0,1.0,0.1728503704071045,False,0.21545346081256866,0.6765995621681213,0.2991637890227139
249,0.3037758469581604,0.22732819616794586,0.09953461587429047,1.2263007164001465,0.005163504742085934,1.8455556631088257,0.44603535532951355,0.0010173849295824766,0.00012688912102021277,0.06151852384209633,0.014867845922708511,5.670246173394844e-05,4.5875653995608445e-06,1.0,1.0,1.0,1.0,1.0,0.16041463613510132,False,0.30122971534729004,0.7672117948532104,0.29517484293319285
250,0.35743948817253113,0.26107046008110046,0.0997476875782013,1.4988665580749512,0.011436088010668755,2.437990188598633,0.451099157333374,0.0010811991523951292,0.00027775816852226853,0.08126634359359741,0.015036639757454395,5.6899058108683676e-05,9.141280315816402e-06,1.0,1.0,1.0,1.0,1.0,0.20778203010559082,False,0.3252204656600952,0.7617093920707703,0.4426960200071335
251,0.42387285828590393,0.33400827646255493,0.12263329327106476,1.9937852621078491,0.011996455490589142,2.186912775039673,0.5074149370193481,0.0009730178862810135,0.00016260537086054683,0.07289709895849228,0.01691383123397827,4.939075734000653e-05,4.2526326069491915e-06,1.0,1.0,1.0,1.0,1.0,0.19383685290813446,False,0.29624027013778687,0.7930965423583984,0.29274832108058035
252,0.3600572347640991,0.2908324897289276,0.11028848588466644,1.6941187381744385,0.011132130399346352,1.6864800453186035,0.38807517290115356,0.0004535323823802173,0.0009424744639545679,0.056216005235910416,0.012935839593410492,2.64775753748836e-05,4.641495252144523e-05,1.0,1.0,1.0,1.0,1.0,0.2524986267089844,False,0.18858937919139862,0.701513409614563,0.3128769469913095
253,0.3650968074798584,0.2897692620754242,0.0982481837272644,1.610733985900879,0.03044765628874302,1.7092440128326416,0.5484877824783325,0.0011800494976341724,0.0004021796630695462,0.056974802166223526,0.018282927572727203,5.97456528339535e-05,1.0050135642813984e-05,1.0,1.0,1.0,1.0,1.0,0.20797200500965118,False,0.28963983058929443,0.7031741142272949,0.29397642612457275
254,0.36459267139434814,0.28686070442199707,0.08186608552932739,2.0008106231689453,0.0049135638400912285,1.6723560094833374,0.6564890742301941,0.0013074408052489161,0.0006610880955122411,0.0557452030479908,0.02188296988606453,7.262828876264393e-05,3.115074650850147e-05,1.0,1.0,1.0,1.0,1.0,0.17293454706668854,False,0.18493632972240448,0.6858050227165222,0.29288628115318716
255,0.3411054313182831,0.2691496014595032,0.07543152570724487,1.8818504810333252,0.00553300091996789,1.628296136856079,0.5282197594642639,0.0011305888183414936,0.00026012019952759147,0.054276540875434875,0.017607325688004494,6.274189217947423e-05,9.222521839546971e-06,1.0,1.0,1.0,1.0,1.0,0.22863616049289703,False,0.2740933299064636,0.7001431584358215,0.29322663601487875
256,0.29478856921195984,0.2490684688091278,0.04282224550843239,1.9258625507354736,0.01365998201072216,0.7965060472488403,0.5707170367240906,0.0020960732363164425,0.000546048569958657,0.026550203561782837,0.019023902714252472,0.00012158892786828801,2.4405373551417142e-05,1.0,1.0,1.0,1.0,1.0,0.2385944426059723,False,0.16893234848976135,0.573436975479126,0.3116467031650245
257,0.3962709903717041,0.31305181980133057,0.11722689867019653,1.8602893352508545,0.00979600939899683,1.9167784452438354,0.5778546333312988,0.0007253763033077121,0.0007589362212456763,0.06389261782169342,0.01926182210445404,3.189803101122379e-05,3.284779450041242e-05,1.0,1.0,1.0,1.0,1.0,0.20126383006572723,False,0.25689154863357544,0.736150860786438,0.30203714687377214
258,0.33234459161758423,0.26425665616989136,0.10124070942401886,1.5760974884033203,0.005406212992966175,1.6702558994293213,0.3706759214401245,0.0010370214004069567,0.00011806104157585651,0.0556752011179924,0.012355864979326725,5.2440409490372986e-05,4.425925453688251e-06,1.0,1.0,1.0,1.0,1.0,0.19939030706882477,False,0.3192159831523895,0.7087489366531372,0.2994978469796479
259,0.3940497636795044,0.31984928250312805,0.11518538743257523,1.981302261352539,0.006533659528940916,1.6979622840881348,0.5256843566894531,0.0014855125918984413,8.147538756020367e-05,0.05659874528646469,0.017522811889648438,7.668428588658571e-05,2.228772245871369e-06,1.0,1.0,1.0,1.0,1.0,0.17869757115840912,False,0.3121764063835144,0.7299311757087708,0.29558841208927333
260,0.3138858675956726,0.23576295375823975,0.1382126659154892,0.9047492742538452,0.0070753623731434345,2.014458179473877,0.32768356800079346,0.000465170422103256,0.000504076131619513,0.0671486109495163,0.010922785848379135,2.8259120881557465e-05,2.326178400835488e-05,1.0,1.0,1.0,1.0,1.0,0.20470057427883148,False,0.3115066885948181,0.8147659301757812,0.2993669300340116
261,0.4881569743156433,0.4070412218570709,0.11580011993646622,2.8502936363220215,0.0062117502093315125,1.970663070678711,0.4592636823654175,0.002068933565169573,0.00019885037909261882,0.06568877398967743,0.015308789908885956,0.00011080266267526895,7.376925623248098e-06,1.0,1.0,1.0,1.0,1.0,0.22580832242965698,False,0.3216349482536316,0.7746977806091309,0.30766440997831523
262,0.34943687915802,0.27824050188064575,0.10178695619106293,1.7287230491638184,0.003581239376217127,1.7304787635803223,0.40370193123817444,0.0008886756259016693,0.0002521416172385216,0.05768262967467308,0.013456732034683228,4.8174890252994373e-05,8.839114343572874e-06,1.0,1.0,1.0,1.0,1.0,0.15852104127407074,False,0.2596094012260437,0.7485949993133545,0.30465116910636425
263,0.366403192281723,0.27148541808128357,0.13320288062095642,1.260330319404602,0.012249507009983063,2.4621946811676025,0.3843063712120056,0.0005051275948062539,0.0001871565036708489,0.0820731595158577,0.01281021349132061,2.817106360453181e-05,6.234729426068952e-06,1.0,1.0,1.0,1.0,1.0,0.21666628122329712,False,0.30243363976478577,0.7330677509307861,0.2888759768102318
264,0.32860586047172546,0.25836002826690674,0.108003169298172,1.4585797786712646,0.004498867783695459,1.6412746906280518,0.4643723964691162,0.0008039581589400768,0.00011154261301271617,0.05470915883779526,0.015479080379009247,5.293335561873391e-05,4.663422714656917e-06,1.0,1.0,1.0,1.0,1.0,0.19204886257648468,False,0.302584707736969,0.7035616040229797,0.3037813571281731
265,0.34361889958381653,0.26231393218040466,0.09500973671674728,1.61669921875,0.00563428457826376,1.8989086151123047,0.539265513420105,0.00046830199426040053,0.00017631870287004858,0.06329695880413055,0.017975518479943275,2.64735226664925e-05,6.016504812578205e-06,1.0,1.0,1.0,1.0,1.0,0.16938292980194092,False,0.18215887248516083,0.6550493240356445,0.29348548012785614
266,0.39412808418273926,0.30920812487602234,0.11900407075881958,1.7982940673828125,0.01037464290857315,2.2682440280914307,0.27568358182907104,0.0013914064038544893,0.00043441864545457065,0.07560814172029495,0.009189452975988388,0.00010323629976483062,1.9123423044220544e-05,1.0,1.0,1.0,1.0,1.0,0.26585644483566284,False,0.23195704817771912,0.8035454750061035,0.30122053902596235
267,0.33570292592048645,0.2642907500267029,0.10607605427503586,1.533170461654663,0.004897634498775005,1.639452338218689,0.5021732449531555,0.0003823851002380252,0.0002892134652938694,0.05464841425418854,0.01673910953104496,2.014693382079713e-05,4.513734893407673e-06,1.0,1.0,1.0,1.0,1.0,0.16627177596092224,False,0.2733073830604553,0.7415818572044373,0.2933193831704557
268,0.35956960916519165,0.274802565574646,0.13193094730377197,1.3871467113494873,0.004156953655183315,2.2478690147399902,0.2941958010196686,0.0005338154151104391,0.00010564829426584765,0.07492896914482117,0.009806526824831963,2.7986938221147284e-05,3.5541440865927143e-06,1.0,1.0,1.0,1.0,1.0,0.32736459374427795,False,0.26240092515945435,0.8119547367095947,0.29749773000366986
269,0.34421223402023315,0.24791471660137177,0.1464705467224121,0.9498069882392883,0.006463461555540562,2.5701487064361572,0.3164452910423279,0.0012074949918314815,0.00023616221733391285,0.08567162603139877,0.010548177175223827,6.945511267986149e-05,8.247463483712636e-06,1.0,1.0,1.0,1.0,1.0,0.27183908224105835,False,0.27284109592437744,0.7682123184204102,0.29191827308386564
270,0.25900596380233765,0.19611817598342896,0.07772035151720047,1.0236620903015137,0.01603160798549652,1.5978730916976929,0.2876851260662079,0.00042863268754445016,0.0002494541695341468,0.053262438625097275,0.009589504450559616,2.7077097911387682e-05,8.781225005805027e-06,1.0,1.0,1.0,1.0,1.0,0.2037394642829895,False,0.2538730204105377,0.6984931230545044,0.28937386302277446
271,0.37627631425857544,0.29817086458206177,0.10068225860595703,1.9272325038909912,0.004765363875776529,1.8272924423217773,0.5150176882743835,0.00036246664240024984,0.00010131753515452147,0.06090975180268288,0.017167257145047188,2.4190774638555013e-05,4.2566944102873094e-06,1.0,1.0,1.0,1.0,1.0,0.1752775013446808,False,0.26806509494781494,0.7607247829437256,0.2982875790912658
272,0.38563916087150574,0.32067111134529114,0.11835533380508423,1.967873215675354,0.005528452806174755,1.5871914625167847,0.3610629141330719,0.00040449752123095095,7.04602716723457e-05,0.05290638655424118,0.0120354313403368,2.3375763703370467e-05,2.8562446914293105e-06,1.0,1.0,1.0,1.0,1.0,0.26274824142456055,False,0.3075271546840668,0.7562242746353149,0.3250675490126014
273,0.28133171796798706,0.1995956301689148,0.10667624324560165,0.8167543411254883,0.011243952438235283,2.137910842895508,0.312738835811615,0.0007282275473698974,0.00013731303624808788,0.07126370072364807,0.010424628853797913,4.2217798181809485e-05,5.543768111238023e-06,1.0,1.0,1.0,1.0,1.0,0.18154381215572357,False,0.22619181871414185,0.7418380975723267,0.29260149598121643
274,0.3644114136695862,0.2881666421890259,0.13446363806724548,1.4722387790679932,0.006479094736278057,1.836599349975586,0.44610917568206787,0.002127233659848571,0.0007024778169579804,0.06121998280286789,0.014870306476950645,0.0001219985424540937,3.247588756494224e-05,1.0,1.0,1.0,1.0,1.0,0.2419668734073639,False,0.25918859243392944,0.7501338720321655,0.3187647720333189
275,0.27882611751556396,0.21776390075683594,0.08768843114376068,1.1820648908615112,0.011868994683027267,1.4745022058486938,0.35112398862838745,0.0016193513292819262,0.0022865389473736286,0.049150075763463974,0.011704133823513985,0.00010995149204973131,9.804563887882978e-05,1.0,1.0,1.0,1.0,1.0,0.20312532782554626,False,0.2354050725698471,0.6840463876724243,0.4462821988854557
276,0.29670149087905884,0.23460665345191956,0.0890108048915863,1.3916271924972534,0.006433109287172556,1.4913907051086426,0.3693563938140869,0.0013244145084172487,0.00012609316036105156,0.049713026732206345,0.012311880476772785,6.699649384245276e-05,2.924616865129792e-06,1.0,1.0,1.0,1.0,1.0,0.1635819971561432,False,0.3060034513473511,0.7509349584579468,0.28965582186356187
277,0.38740959763526917,0.31748348474502563,0.09149093180894852,2.1310129165649414,0.012891236692667007,1.7216204404830933,0.3722386062145233,0.001802419894374907,0.0009582210332155228,0.057387351989746094,0.012407953850924969,9.184289956465364e-05,3.895979898516089e-05,1.0,1.0,1.0,1.0,1.0,0.1971648633480072,False,0.24958761036396027,0.6814587116241455,0.290151942986995
278,0.2937281131744385,0.22441457211971283,0.07613230496644974,1.3478188514709473,0.013500375673174858,1.5869735479354858,0.4904051423072815,0.0010831077815964818,0.0002652609837241471,0.05289912223815918,0.01634683832526207,5.5417018302250654e-05,1.2162875464127865e-05,1.0,1.0,1.0,1.0,1.0,0.22938603162765503,False,0.23047411441802979,0.6829133033752441,0.28667004499584436
279,0.3133220672607422,0.2354467809200287,0.13663870096206665,0.9456866979598999,0.004239412024617195,1.8262234926223755,0.5072383880615234,0.0016178222140297294,0.0002267408272018656,0.06087411940097809,0.01690794713795185,8.624830661574379e-05,6.992257112869993e-06,1.0,1.0,1.0,1.0,1.0,0.2664991319179535,False,0.3169071674346924,0.7778446674346924,0.28917707107029855
280,0.33817246556282043,0.28024938702583313,0.05667345970869064,2.103898525238037,0.01318610180169344,1.1002187728881836,0.6347796320915222,0.0013792520621791482,0.0004075623000971973,0.03667395934462547,0.021159322932362556,7.320673466892913e-05,1.65931269293651e-05,1.0,1.0,1.0,1.0,1.0,0.1798446774482727,False,0.25058287382125854,0.660987377166748,0.29246051306836307
281,0.3785061836242676,0.28446832299232483,0.1108274757862091,1.6648694276809692,0.007153908256441355,2.054166316986084,0.76594078540802,0.00042895606020465493,0.00011963579163420945,0.06847221404314041,0.025531360879540443,2.9867422199458815e-05,4.435689334059134e-06,1.0,1.0,1.0,1.0,1.0,0.23481552302837372,False,0.26613596081733704,0.6860729455947876,0.2995094631332904
282,0.2846987843513489,0.22096392512321472,0.05595466122031212,1.5374526977539062,0.011264005675911903,1.3626716136932373,0.5470530390739441,0.0008164061000570655,0.0007333852699957788,0.04542239010334015,0.01823510229587555,4.599272506311536e-05,3.138808096991852e-05,1.0,1.0,1.0,1.0,1.0,0.17749351263046265,False,0.26146888732910156,0.651262104511261,0.2810882201883942
283,0.4048774242401123,0.31332337856292725,0.12582974135875702,1.771376609802246,0.01035598386079073,2.3516805171966553,0.3932780921459198,0.0009465172188356519,0.0001895181485451758,0.07838935405015945,0.013109270483255386,4.912001168122515e-05,6.298872904153541e-06,1.0,1.0,1.0,1.0,1.0,0.36033329367637634,False,0.273429811000824,0.7404536008834839,0.2989106469321996
284,0.3960039019584656,0.33264288306236267,0.09984133392572403,2.202695846557617,0.012531951069831848,1.6009531021118164,0.2956741154193878,0.002177427290007472,0.00035810022382065654,0.053365107625722885,0.009855804033577442,0.0001237747783306986,1.63264248840278e-05,1.0,1.0,1.0,1.0,1.0,0.2477489858865738,False,0.19410043954849243,0.6677588820457458,0.3051840260159224
285,0.3203281760215759,0.25646525621414185,0.10001622140407562,1.3392292261123657,0.022526128217577934,1.5396523475646973,0.37560832500457764,0.00034806301118806005,7.800722232786939e-05,0.05132174864411354,0.012520277872681618,1.8489896319806576e-05,2.411289187875809e-06,1.0,1.0,1.0,1.0,1.0,0.1443740278482437,False,0.25425636768341064,0.7167090177536011,0.30607604002580047
286,0.3296097218990326,0.2716251015663147,0.10801222175359726,1.5113978385925293,0.012473098933696747,1.4822800159454346,0.25470706820487976,0.0011533021461218596,0.0005308937397785485,0.04940933734178543,0.008490236476063728,6.266859418246895e-05,2.2385300326277502e-05,1.0,1.0,1.0,1.0,1.0,0.23853877186775208,False,0.29311203956604004,0.6982330083847046,0.3023622839245945
287,0.3408573269844055,0.27787068486213684,0.07706032693386078,1.9528942108154297,0.005520946346223354,1.3035123348236084,0.5826411247253418,0.002025199355557561,0.00024713229504413903,0.04345041513442993,0.019421372562646866,0.00010576055501587689,9.086923455470242e-06,1.0,1.0,1.0,1.0,1.0,0.1496569812297821,False,0.2330867201089859,0.6887915134429932,0.2920028299558908
288,0.3358456790447235,0.2696896195411682,0.06301622092723846,1.9916120767593384,0.0075122094713151455,1.277048110961914,0.7043664455413818,0.0019465459045022726,0.0004294461105018854,0.04256827384233475,0.023478882387280464,9.772529301699251e-05,1.1184094546479173e-05,1.0,1.0,1.0,1.0,1.0,0.14295640587806702,False,0.24683649837970734,0.6687917709350586,0.2951544630341232
289,0.3099575638771057,0.2299465835094452,0.08857137709856033,1.3110835552215576,0.0102668646723032,1.839539885520935,0.5591764450073242,0.0009186940733343363,0.00019677290401887149,0.06131799891591072,0.01863921619951725,4.704730963567272e-05,6.720723376929527e-06,1.0,1.0,1.0,1.0,1.0,0.18018075823783875,False,0.259246826171875,0.8000532388687134,0.2990103210322559
290,0.34330660104751587,0.2718101143836975,0.12930098176002502,1.3220806121826172,0.010301048867404461,1.8481817245483398,0.29507723450660706,0.0009055677801370621,0.00020153216610196978,0.06160606071352959,0.009835908189415932,4.8989088099915534e-05,5.544579835259356e-06,1.0,1.0,1.0,1.0,1.0,0.24651743471622467,False,0.30699580907821655,0.7928128242492676,0.3043209200259298
291,0.3535824120044708,0.2676399052143097,0.09869560599327087,1.5985610485076904,0.009088178165256977,2.269674301147461,0.3048529028892517,0.002050492912530899,0.0007791273528710008,0.07565581053495407,0.010161763988435268,0.00010501388896955177,1.9916122255381197e-05,1.0,1.0,1.0,1.0,1.0,0.21520595252513885,False,0.2236192524433136,0.7493821978569031,0.2927255460526794
292,0.3244754374027252,0.2513183355331421,0.12004657089710236,1.2499821186065674,0.006273547187447548,1.8900797367095947,0.30387958884239197,0.00030458104447461665,0.00014647943316958845,0.06300266087055206,0.010129320435225964,2.0753173885168508e-05,4.36943446402438e-06,1.0,1.0,1.0,1.0,1.0,0.14575302600860596,False,0.2982464134693146,0.7314057946205139,0.29547993489541113
293,0.2905227243900299,0.2074868381023407,0.10659997165203094,0.9753352403640747,0.0033533337991684675,2.0404248237609863,0.450046181678772,0.00034498824970796704,0.00011405879922676831,0.06801416724920273,0.015001540072262287,1.7414444300811738e-05,2.768399554042844e-06,1.0,1.0,1.0,1.0,1.0,0.19503824412822723,False,0.21722161769866943,0.6577075719833374,0.2913570129312575
294,0.46980246901512146,0.3701978623867035,0.14723767340183258,2.1557531356811523,0.007384904660284519,2.572793960571289,0.41264912486076355,0.0014895532513037324,0.00025067938258871436,0.08575980365276337,0.013754971325397491,8.066689770203084e-05,9.171079909719992e-06,1.0,1.0,1.0,1.0,1.0,0.2744755148887634,False,0.26080799102783203,0.805144190788269,0.2977441269904375
295,0.28333479166030884,0.21456529200077057,0.10407357662916183,1.0291571617126465,0.00757601298391819,1.7424596548080444,0.31921660900115967,0.0004686218744609505,0.0004865853697992861,0.05808199197053909,0.010640554130077362,2.7496173061081208e-05,1.9456174413789995e-05,1.0,1.0,1.0,1.0,1.0,0.15878067910671234,False,0.29093438386917114,0.7282012104988098,0.29227995104156435
296,0.32634538412094116,0.24333900213241577,0.12686210870742798,1.1024506092071533,0.00623182812705636,2.106539249420166,0.38223373889923096,0.0008279928006231785,0.00018014240777119994,0.07021798193454742,0.01274112518876791,4.307769995648414e-05,4.194256234768545e-06,1.0,1.0,1.0,1.0,1.0,0.20235544443130493,False,0.27582797408103943,0.7234973907470703,0.28623181511648
297,0.3943392038345337,0.33357906341552734,0.11132298409938812,2.0546975135803223,0.01678634248673916,1.4620169401168823,0.3575004041194916,0.002514907158911228,0.00024407135788351297,0.048733901232481,0.011916681192815304,0.00010066691902466118,8.895182872947771e-06,1.0,1.0,1.0,1.0,1.0,0.18400976061820984,False,0.3069148659706116,0.7370014190673828,0.2898700600489974
298,0.3400164842605591,0.25131508708000183,0.12306967377662659,1.2047017812728882,0.007775239646434784,2.126344680786133,0.5334163904190063,0.0006256754859350622,0.0003035648260265589,0.07087816298007965,0.017780547961592674,3.171415301039815e-05,1.0961333828163333e-05,1.0,1.0,1.0,1.0,1.0,0.17585676908493042,False,0.3062891364097595,0.7700366973876953,0.2998911638278514
299,0.338431179523468,0.27296727895736694,0.11674028635025024,1.4955793619155884,0.006669046822935343,1.5998773574829102,0.358084499835968,0.0037294458597898483,0.00022261329286266118,0.05332924798130989,0.01193615049123764,0.00019259631517343223,5.9014942053181585e-06,1.0,1.0,1.0,1.0,1.0,0.2082693725824356,False,0.35216590762138367,0.7557377815246582,0.30113090411759913
300,0.3662724494934082,0.28189617395401,0.13443581759929657,1.4339632987976074,0.004064052831381559,2.2924396991729736,0.23425081372261047,0.0028558336198329926,0.00046286292490549386,0.07641465961933136,0.0078083607368171215,0.00014050696336198598,1.2756952855852433e-05,1.0,1.0,1.0,1.0,1.0,0.2311735600233078,False,0.3217770755290985,0.7886689305305481,0.4523382089100778
301,0.3820527195930481,0.29633641242980957,0.14926928281784058,1.4168837070465088,0.0053787496872246265,2.1336913108825684,0.43701133131980896,0.0002816086052916944,0.0002234202402178198,0.07112304866313934,0.014567045494914055,1.7895339624374174e-05,8.325770068040583e-06,1.0,1.0,1.0,1.0,1.0,0.20048877596855164,False,0.3756837844848633,0.776694655418396,0.3054275040049106
302,0.3114992678165436,0.22547468543052673,0.10421709716320038,1.1394221782684326,0.007315377704799175,2.1611618995666504,0.41376540064811707,0.0035905358381569386,0.00046474067494273186,0.07203873246908188,0.013792180456221104,0.00018079616711474955,1.2885755495517515e-05,1.0,1.0,1.0,1.0,1.0,0.27371010184288025,False,0.2507101595401764,0.7293648719787598,0.2858085660263896
303,0.2932611107826233,0.23934289813041687,0.07442426681518555,1.5735974311828613,0.007558903656899929,1.2837259769439697,0.3307671546936035,0.0018252101726830006,0.0002523011062294245,0.042790867388248444,0.011025572195649147,9.363969729747623e-05,8.140786121657584e-06,1.0,1.0,1.0,1.0,1.0,0.16632504761219025,False,0.2181413173675537,0.6957316398620605,0.32755086780525744
304,0.34762370586395264,0.27610304951667786,0.09169687330722809,1.7232375144958496,0.012082417495548725,1.6727553606033325,0.4708903133869171,0.0007965308614075184,0.00038248556666076183,0.0557585135102272,0.015696344897150993,4.786361751030199e-05,1.7917527657118626e-05,1.0,1.0,1.0,1.0,1.0,0.20067352056503296,False,0.22091704607009888,0.6816287040710449,0.2927026089746505
305,0.31653445959091187,0.24550212919712067,0.0693616271018982,1.6853313446044922,0.007607366889715195,1.5976914167404175,0.5308513045310974,0.001227519242092967,0.00024549022782593966,0.053256385028362274,0.017695045098662376,7.128545257728547e-05,9.606919775251299e-06,1.0,1.0,1.0,1.0,1.0,0.16750991344451904,False,0.156434565782547,0.6477720737457275,0.29937862209044397
306,0.2747693657875061,0.18184629082679749,0.07916682958602905,0.9462435245513916,0.008055095560848713,2.0839247703552246,0.7031617760658264,0.00029115210054442286,0.0002981108846142888,0.06946416199207306,0.023438727483153343,1.3394197594607249e-05,6.789762664993759e-06,1.0,1.0,1.0,1.0,1.0,0.1523013710975647,False,0.36886873841285706,0.7087811231613159,0.286536447936669
307,0.24232502281665802,0.17483481764793396,0.09430470317602158,0.7852620482444763,0.002003915375098586,1.7089141607284546,0.3149985373020172,0.0004230847116559744,0.00010568321886239573,0.056963808834552765,0.010499951429665089,2.2603682737099007e-05,3.8388152461266145e-06,1.0,1.0,1.0,1.0,1.0,0.18188847601413727,False,0.22173108160495758,0.6997999548912048,0.2951996261253953
308,0.28714072704315186,0.21053950488567352,0.09087822586297989,1.0856953859329224,0.011091732420027256,1.9925086498260498,0.3040277063846588,0.0006541790207847953,0.0001872261636890471,0.06641695648431778,0.010134257376194,4.2261915950803086e-05,7.760139851598069e-06,1.0,1.0,1.0,1.0,1.0,0.18839888274669647,False,0.19991712272167206,0.7334028482437134,0.2924027929548174
309,0.384027898311615,0.3111318051815033,0.1307263821363449,1.7416261434555054,0.006242789328098297,1.9310424327850342,0.252724826335907,0.0020662257447838783,0.00010056922474177554,0.06436808407306671,0.00842416100203991,0.0001013883447740227,2.4768958155618748e-06,1.0,1.0,1.0,1.0,1.0,0.19352635741233826,False,0.36934563517570496,0.7870234251022339,0.28899292298592627
310,0.35917648673057556,0.26094526052474976,0.13001739978790283,1.2041274309158325,0.010515110567212105,2.60148024559021,0.3431280553340912,0.00140206643845886,0.0002974967355839908,0.08671601116657257,0.01143760234117508,7.14251582394354e-05,6.192900400492363e-06,1.0,1.0,1.0,1.0,1.0,0.2158118486404419,False,0.30932432413101196,0.7730246782302856,0.2949475778732449
311,0.35125115513801575,0.2670595049858093,0.12228905409574509,1.3910491466522217,0.0056655253283679485,2.307352066040039,0.2172027826309204,0.0006867219926789403,0.00013337715063244104,0.07691174000501633,0.0072400933131575584,3.523886334733106e-05,4.580615041049896e-06,1.0,1.0,1.0,1.0,1.0,0.18572784960269928,False,0.3294527530670166,0.7983934879302979,0.289729850133881
312,0.3908349275588989,0.2989271879196167,0.1326393336057663,1.5838470458984375,0.007903153076767921,2.3024463653564453,0.4536226689815521,0.0005508168251253664,0.000300560612231493,0.07674821466207504,0.015120756812393665,2.7789981686510146e-05,1.0981272680510301e-05,1.0,1.0,1.0,1.0,1.0,0.22499582171440125,False,0.2784956991672516,0.704409122467041,0.30372149986214936
313,0.351834774017334,0.2579355239868164,0.1227165013551712,1.1762953996658325,0.017589470371603966,2.604037046432495,0.21119490265846252,0.0005001173121854663,0.0004574810154736042,0.08680123835802078,0.007039830554276705,3.6565150367096066e-05,2.1623620341415517e-05,1.0,1.0,1.0,1.0,1.0,0.4316081702709198,False,0.2961150109767914,0.801118791103363,0.28020951384678483
314,0.24984818696975708,0.1805444210767746,0.10097961127758026,0.6523804068565369,0.01432676613330841,1.7126036882400513,0.36502692103385925,0.0005439632222987711,0.0004675528034567833,0.05708679184317589,0.01216756459325552,2.8286222004680894e-05,2.1113733964739367e-05,1.0,1.0,1.0,1.0,1.0,0.18676014244556427,False,0.30772829055786133,0.7307693958282471,0.2871346417814493
315,0.328832745552063,0.27872249484062195,0.0780261754989624,1.9851380586624146,0.0021825088188052177,0.9872633814811707,0.5136412382125854,0.0010966547997668386,0.0005427100113593042,0.03290878236293793,0.01712137460708618,5.5958069424377754e-05,2.4143122573150322e-05,1.0,1.0,1.0,1.0,1.0,0.17507486045360565,False,0.22180846333503723,0.7361212372779846,0.3165120310150087
316,0.3504592776298523,0.26487836241722107,0.0947168618440628,1.614673137664795,0.008694186806678772,2.169410228729248,0.3968156576156616,0.0006319300155155361,0.0001909803249873221,0.07231368124485016,0.01322718895971775,3.379553891136311e-05,6.234115062397905e-06,1.0,1.0,1.0,1.0,1.0,0.16942322254180908,False,0.23303475975990295,0.7547704577445984,0.28530810005031526
317,0.35975807905197144,0.2822920083999634,0.11923152953386307,1.5700082778930664,0.006059606093913317,2.0675292015075684,0.2511632442474365,0.002600101288408041,0.0009084506309591234,0.0689176470041275,0.008372108452022076,0.0001334948028670624,4.2840983951464295e-05,1.0,1.0,1.0,1.0,1.0,0.24878570437431335,False,0.29616546630859375,0.768722414970398,0.2965634281281382
318,0.33257272839546204,0.24869778752326965,0.10654869675636292,1.3810187578201294,0.0040472112596035,1.9705045223236084,0.5383453369140625,0.0012894121464341879,0.003680919064208865,0.06568348407745361,0.01794484630227089,6.460067379521206e-05,0.00018201619968749583,1.0,1.0,1.0,1.0,1.0,0.1780059039592743,False,0.306193083524704,0.7399982810020447,0.2923044201452285
319,0.3574952781200409,0.2850809395313263,0.13431981205940247,1.2673934698104858,0.02402176707983017,1.963388442993164,0.2078930139541626,0.0003779221442528069,0.000399723241571337,0.06544628739356995,0.006929767318069935,2.2920310584595427e-05,1.5365027138614096e-05,1.0,1.0,1.0,1.0,1.0,0.19758333265781403,False,0.2367701530456543,0.7104248404502869,0.29292135196737945
320,0.3193199634552002,0.24482129514217377,0.09217895567417145,1.4689815044403076,0.005744180642068386,1.6939624547958374,0.5380533933639526,0.0015313620679080486,0.0004030851414427161,0.05646541714668274,0.017935113981366158,8.63465538714081e-05,1.1794671991083305e-05,1.0,1.0,1.0,1.0,1.0,0.22001077234745026,False,0.254349946975708,0.7414951324462891,0.2926498430315405
321,0.42538729310035706,0.3400548994541168,0.12674394249916077,2.079927921295166,0.005318141542375088,2.0003652572631836,0.557485818862915,0.0013659687247127295,0.00012073927791789174,0.06667884439229965,0.018582861870527267,6.667542038485408e-05,4.024072950414848e-06,1.0,1.0,1.0,1.0,1.0,0.18436940014362335,False,0.3702141344547272,0.7229129076004028,0.3072659350000322
322,0.412208616733551,0.34467747807502747,0.07531820982694626,2.6597461700439453,0.0033846707083284855,1.4727119207382202,0.5496978163719177,0.0014272087719291449,0.0008451281464658678,0.04909040033817291,0.01832326129078865,7.717097469139844e-05,4.030681157018989e-05,1.0,1.0,1.0,1.0,1.0,0.16351789236068726,False,0.23652397096157074,0.6684321165084839,0.30351582379080355
323,0.3447360396385193,0.2751290798187256,0.07912560552358627,1.8897271156311035,0.00703075435012579,1.375218152999878,0.7110955715179443,0.0009896955452859402,0.00011964653094764799,0.04584060609340668,0.023703187704086304,5.973063161945902e-05,3.430910282986588e-06,1.0,1.0,1.0,1.0,1.0,0.15817539393901825,False,0.2430194616317749,0.6293420195579529,0.302426076028496
324,0.39059576392173767,0.3281063437461853,0.0941029042005539,2.2625718116760254,0.007746262475848198,1.4567205905914307,0.4147549271583557,0.0016293639782816172,0.0006940289167687297,0.048557355999946594,0.01382516510784626,8.540924318367615e-05,2.1491272491402924e-05,1.0,1.0,1.0,1.0,1.0,0.18987664580345154,False,0.2885846197605133,0.672389805316925,0.29532301402650774
325,0.3549475073814392,0.27867668867111206,0.12111598998308182,1.391186237335205,0.01844204217195511,1.8570160865783691,0.42589515447616577,0.0011918082600459456,0.001639910857193172,0.0619005411863327,0.014196505770087242,9.347856394015253e-05,8.029652235563844e-05,1.0,1.0,1.0,1.0,1.0,0.21686561405658722,False,0.2525802254676819,0.7196385860443115,0.4518892460037023
326,0.3716351389884949,0.2901347577571869,0.11792163550853729,1.6565313339233398,0.006559985224157572,1.9912610054016113,0.45204073190689087,0.0009708459256216884,0.00024715447216294706,0.06637536734342575,0.015068025328218937,5.08846715092659e-05,6.086357188905822e-06,1.0,1.0,1.0,1.0,1.0,0.2610251307487488,False,0.3205004930496216,0.7555148005485535,0.2937963888980448
327,0.31388407945632935,0.24684354662895203,0.09887730330228806,1.434948444366455,0.004471399821341038,1.5827224254608154,0.42645490169525146,0.0012248364510014653,0.00011100574192823842,0.05275741592049599,0.014215163886547089,6.452240631915629e-05,3.414611683183466e-06,1.0,1.0,1.0,1.0,1.0,0.28075432777404785,False,0.23004579544067383,0.6792398691177368,0.28818470099940896
328,0.4365183413028717,0.3476790189743042,0.1421630084514618,1.9795337915420532,0.007562607526779175,2.192000389099121,0.4706459045410156,0.0015567834489047527,0.0002773933229036629,0.07306668162345886,0.015688197687268257,7.724535680608824e-05,7.195060334197478e-06,1.0,1.0,1.0,1.0,1.0,0.3107052147388458,False,0.3642263114452362,0.802466869354248,0.30570292193442583
329,0.31218504905700684,0.2428012192249298,0.10850530862808228,1.294931173324585,0.004802769981324673,1.68149995803833,0.39965230226516724,0.00017459258378949016,0.00013971982116345316,0.056050002574920654,0.01332174427807331,7.067448677844368e-06,5.0167795961897355e-06,1.0,1.0,1.0,1.0,1.0,0.14762383699417114,False,0.3237951099872589,0.7735632658004761,0.30563681619241834
330,0.3357986807823181,0.26081183552742004,0.09777596592903137,1.5486218929290771,0.008173683658242226,1.7661242485046387,0.4807843565940857,0.0013754809042438865,0.0004207897582091391,0.05887081101536751,0.016026146709918976,7.337727583944798e-05,1.6490645066369325e-05,1.0,1.0,1.0,1.0,1.0,0.19211946427822113,False,0.22253961861133575,0.7250306606292725,0.2960714700166136
331,0.3484444320201874,0.2820279002189636,0.10132575035095215,1.7691679000854492,0.0037853606045246124,1.4670131206512451,0.5231301188468933,0.0010194021742790937,0.0005392301827669144,0.04890044033527374,0.01743767224252224,5.4328720580087975e-05,2.4078435671981424e-05,1.0,1.0,1.0,1.0,1.0,0.16663819551467896,False,0.2788424491882324,0.7407135367393494,0.29834283515810966
332,0.3192877471446991,0.24674922227859497,0.10768505930900574,1.3116824626922607,0.00789591670036316,1.8049757480621338,0.37012121081352234,0.0005418602377176285,0.00018428475596010685,0.06016585975885391,0.01233737450093031,2.7436450181994587e-05,7.85295014793519e-06,1.0,1.0,1.0,1.0,1.0,0.185860276222229,False,0.31711748242378235,0.7845544815063477,0.304298825096339
333,0.25056225061416626,0.19884717464447021,0.0707288607954979,1.2559094429016113,0.0025273412466049194,1.2215417623519897,0.3285328149795532,0.0008558219997212291,0.00011363442172296345,0.04071805998682976,0.010951094329357147,4.148396328673698e-05,4.441073087946279e-06,1.0,1.0,1.0,1.0,1.0,0.15084020793437958,False,0.27561041712760925,0.7036634683609009,0.3085960610769689
334,0.5365684628486633,0.4344063401222229,0.11568056046962738,3.1110305786132812,0.007622676435858011,2.671788454055786,0.3882238268852234,0.0029765586368739605,0.00031199806835502386,0.08905962109565735,0.012940795160830021,0.0001494813186582178,1.224216066475492e-05,1.0,1.0,1.0,1.0,1.0,0.3222784996032715,False,0.27686411142349243,0.7510536909103394,0.29536238708533347
335,0.2826024293899536,0.2028307318687439,0.11091267317533493,0.8526434898376465,0.0066537074744701385,1.9222588539123535,0.46850675344467163,0.0014150519855320454,0.00012015023094136268,0.0640752986073494,0.015616892836987972,7.607704901602119e-05,3.414027787584928e-06,1.0,1.0,1.0,1.0,1.0,0.18146488070487976,False,0.27469420433044434,0.7652961611747742,0.2927491678856313
336,0.439954936504364,0.33901649713516235,0.12980005145072937,1.948707938194275,0.01434566080570221,2.5679001808166504,0.45867735147476196,0.0009419897105544806,0.00011474340863060206,0.08559668064117432,0.01528924610465765,4.77789253636729e-05,4.7125513447099365e-06,1.0,1.0,1.0,1.0,1.0,0.24532029032707214,False,0.2865169644355774,0.7742468118667603,0.2977943359874189
337,0.4292416274547577,0.3316783607006073,0.1660768985748291,1.6225948333740234,0.003341954667121172,2.52131986618042,0.40233615040779114,0.0019458977039903402,0.00012549824896268547,0.08404400199651718,0.013411205261945724,0.00010361919703427702,4.441700184543151e-06,1.0,1.0,1.0,1.0,1.0,0.2236906886100769,False,0.3004636764526367,0.8097233772277832,0.3109027410391718
338,0.365155428647995,0.2906596064567566,0.10823022574186325,1.7421073913574219,0.008218672126531601,1.8895981311798096,0.3445752263069153,0.00035271779051981866,9.235998004442081e-05,0.06298660486936569,0.011485841125249863,2.092024078592658e-05,2.4585972369095543e-06,1.0,1.0,1.0,1.0,1.0,0.19185912609100342,False,0.22613206505775452,0.7552908658981323,0.290378114907071
339,0.33572784066200256,0.2529725730419159,0.09773808717727661,1.3649357557296753,0.018740905448794365,2.0557236671447754,0.4253078103065491,0.000816876592580229,0.00020980695262551308,0.06852412223815918,0.014176927506923676,4.647233436116949e-05,7.746872142888606e-06,1.0,1.0,1.0,1.0,1.0,0.21825355291366577,False,0.2823061943054199,0.7072566747665405,0.2853007479570806
340,0.35495129227638245,0.2775123417377472,0.11812030524015427,1.4867665767669678,0.010715372860431671,2.0272045135498047,0.29510191082954407,0.0003548651875462383,8.930575131671503e-05,0.06757348775863647,0.009836730547249317,2.481101910234429e-05,3.914051831088727e-06,1.0,1.0,1.0,1.0,1.0,0.19982849061489105,False,0.2886303663253784,0.7589936256408691,0.2954523819498718
341,0.3789847195148468,0.292631596326828,0.09677604585886002,1.896822214126587,0.006173330824822187,2.1027612686157227,0.48620840907096863,0.0008556147804483771,0.00014004716649651527,0.07009204477071762,0.016206948086619377,4.856591476709582e-05,5.573449470830383e-06,1.0,1.0,1.0,1.0,1.0,0.18058951199054718,False,0.2528608739376068,0.7368500232696533,0.29314949712716043
342,0.31758564710617065,0.24189451336860657,0.10477522760629654,1.317652702331543,0.005354037042707205,1.8988537788391113,0.37063491344451904,0.0007077405462041497,0.00012659962521865964,0.06329512596130371,0.01235449779778719,3.78105032723397e-05,3.711271801876137e-06,1.0,1.0,1.0,1.0,1.0,0.16414578258991241,False,0.3090091347694397,0.7215979099273682,0.2879712039139122
343,0.3094322681427002,0.23664048314094543,0.11057985574007034,1.2030067443847656,0.005759948864579201,1.9541774988174438,0.22862127423286438,0.00030622901977039874,0.0003047585778404027,0.06513925641775131,0.007620709482580423,1.7252521502086893e-05,1.4565772289643064e-05,1.0,1.0,1.0,1.0,1.0,0.18815575540065765,False,0.19992594420909882,0.7456649541854858,0.28782487101852894
344,0.3561135530471802,0.27862146496772766,0.08609523624181747,1.8425252437591553,0.00827370211482048,1.7485365867614746,0.5746662020683289,0.0006295522907748818,0.00045552849769592285,0.05828455463051796,0.01915554143488407,2.9876538974349387e-05,2.2118418200989254e-05,1.0,1.0,1.0,1.0,1.0,0.15917538106441498,False,0.17367494106292725,0.6302738189697266,0.2947889429051429
345,0.29526087641716003,0.2293805181980133,0.08621127158403397,1.3553533554077148,0.007633914705365896,1.6396855115890503,0.33568722009658813,0.0006238568457774818,8.996307587949559e-05,0.05465618520975113,0.011189574375748634,3.231434675399214e-05,2.2956069187785033e-06,1.0,1.0,1.0,1.0,1.0,0.18055880069732666,False,0.2725946307182312,0.7170576453208923,0.290483723860234
346,0.24443763494491577,0.17507141828536987,0.09256419539451599,0.7750178575515747,0.00500542763620615,1.7323404550552368,0.3475242257118225,0.0005895750364288688,0.00013435167784336954,0.05774468556046486,0.011584141291677952,3.2031948649091646e-05,5.348264494386967e-06,1.0,1.0,1.0,1.0,1.0,0.1574612259864807,False,0.20701535046100616,0.7817918658256531,0.2927977819927037
347,0.2991621196269989,0.2253807932138443,0.09569914638996124,1.0555299520492554,0.02412864938378334,1.8116366863250732,0.400282621383667,0.000630950671620667,0.0003478199942037463,0.06038789451122284,0.013342754915356636,3.8650854548905045e-05,1.2019563655485399e-05,1.0,1.0,1.0,1.0,1.0,0.17867396771907806,False,0.25110092759132385,0.7308491468429565,0.29058997984975576
348,0.32651397585868835,0.2608088552951813,0.1141899824142456,1.2056082487106323,0.026058029383420944,1.6272799968719482,0.34323036670684814,0.00037636380875483155,3.012884008057881e-05,0.05424267053604126,0.011441012844443321,2.0642704839701764e-05,7.889070730016101e-07,1.0,1.0,1.0,1.0,1.0,0.20231316983699799,False,0.30579739809036255,0.7435614466667175,0.28987900889478624
349,0.4466469883918762,0.38198959827423096,0.10466896742582321,2.653791904449463,0.011941475793719292,1.585364580154419,0.3516172766685486,0.001683172769844532,0.00013454552390612662,0.052845489233732224,0.011720576323568821,8.780905773164704e-05,3.5067378121311776e-06,1.0,1.0,1.0,1.0,1.0,0.20605731010437012,False,0.26995140314102173,0.6896207332611084,0.31557106296531856
350,0.3895430862903595,0.31879743933677673,0.11734285950660706,1.95292329788208,0.0061622303910553455,1.5805869102478027,0.539320707321167,0.0015583904460072517,0.00013153527106624097,0.05268623307347298,0.017977358773350716,7.839478348614648e-05,3.6494966479949653e-06,1.0,1.0,1.0,1.0,1.0,0.19331693649291992,False,0.32897886633872986,0.7297828197479248,0.45032408903352916
351,0.36352863907814026,0.2748788893222809,0.10303261876106262,1.646820306777954,0.007164241746068001,2.0441837310791016,0.6138227581977844,0.000912055722437799,0.00013727715122513473,0.0681394636631012,0.020460760220885277,4.472436194191687e-05,4.804472155228723e-06,1.0,1.0,1.0,1.0,1.0,0.1781812310218811,False,0.21294505894184113,0.7248766422271729,0.2965821670368314
352,0.31475701928138733,0.24098065495491028,0.09409202635288239,1.3851088285446167,0.008377764374017715,1.5828841924667358,0.6280289888381958,0.0010931416181847453,0.00027963274624198675,0.05276281014084816,0.020934300497174263,6.812374340370297e-05,1.1120941053377464e-05,1.0,1.0,1.0,1.0,1.0,0.18291881680488586,False,0.3571546971797943,0.776540219783783,0.2881397260352969
353,0.43533679842948914,0.376475989818573,0.10713236033916473,2.6175119876861572,0.007592394948005676,1.4439685344696045,0.3206497132778168,0.0007408269448205829,0.00011755806917790323,0.048132285475730896,0.010688324458897114,3.708797521539964e-05,3.1031966045702575e-06,1.0,1.0,1.0,1.0,1.0,0.20006483793258667,False,0.3262762427330017,0.663669228553772,0.29940131097100675
354,0.32229235768318176,0.2521825432777405,0.07043952494859695,1.6241979598999023,0.01932322233915329,1.5534553527832031,0.548682451248169,0.000710829277522862,6.110968388384208e-05,0.051781848073005676,0.018289415165781975,3.6854886275250465e-05,1.6820765722513897e-06,1.0,1.0,1.0,1.0,1.0,0.14652857184410095,False,0.28894150257110596,0.681587815284729,0.3094237260520458
355,0.3094346821308136,0.2507021129131317,0.0703134834766388,1.7393620014190674,0.0064524197950959206,1.2726960182189941,0.4879007339477539,0.0007787331123836339,0.00010571643360890448,0.04242320358753204,0.016263358294963837,4.1619492549216375e-05,4.400488251121715e-06,1.0,1.0,1.0,1.0,1.0,0.17317935824394226,False,0.25038695335388184,0.7176673412322998,0.2986802391242236
356,0.3097567856311798,0.2395695447921753,0.11698822677135468,1.1339638233184814,0.009184926748275757,1.7779630422592163,0.32646647095680237,0.0006013475940562785,0.0001974585757125169,0.059265438467264175,0.01088221650570631,3.228639252483845e-05,7.304253813344985e-06,1.0,1.0,1.0,1.0,1.0,0.22094863653182983,False,0.25342288613319397,0.7666462659835815,0.3048905769828707
357,0.2688509225845337,0.1883770078420639,0.10488012433052063,0.7838271856307983,0.005114183761179447,1.937244176864624,0.47615155577659607,0.0004927788395434618,8.400114893447608e-05,0.06457480788230896,0.015871718525886536,2.4606051738373935e-05,2.7750927529268665e-06,1.0,1.0,1.0,1.0,1.0,0.20048114657402039,False,0.2403056025505066,0.7521015405654907,0.28730536508373916
358,0.27105242013931274,0.1971011459827423,0.09845433384180069,0.9198880195617676,0.00665801577270031,1.8373503684997559,0.38044828176498413,0.00040603720117360353,0.0001779615122359246,0.06124501675367355,0.012681609950959682,1.8972741600009613e-05,5.6775570556055754e-06,1.0,1.0,1.0,1.0,1.0,0.1785091906785965,False,0.24765874445438385,0.7677953839302063,0.2967450190335512
359,0.3875487446784973,0.30567848682403564,0.0977102667093277,1.9422533512115479,0.013742863200604916,1.9553749561309814,0.496853768825531,0.0015153749845921993,0.00023044586123432964,0.06517916917800903,0.01656179316341877,0.0001198798418045044,9.424164090887643e-06,1.0,1.0,1.0,1.0,1.0,0.19334593415260315,False,0.28451594710350037,0.7162691354751587,0.2864841418340802
360,0.2805383801460266,0.1982879340648651,0.09697329252958298,0.920522928237915,0.009262344799935818,2.2345080375671387,0.2315317541360855,0.0007990308804437518,0.00011033199552912265,0.07448360323905945,0.007717725355178118,4.579286905936897e-05,3.3390406315447763e-06,1.0,1.0,1.0,1.0,1.0,0.19254980981349945,False,0.21067890524864197,0.7556838989257812,0.29297967278398573
361,0.3561435639858246,0.2861805260181427,0.10134739428758621,1.777444839477539,0.007088655140250921,1.7403011322021484,0.35310477018356323,0.0024124030023813248,0.0022087155375629663,0.0580100417137146,0.011770159937441349,0.00012423556472640485,5.859534576302394e-05,1.0,1.0,1.0,1.0,1.0,0.16873979568481445,False,0.30901873111724854,0.6993111371994019,0.2906510040629655
362,0.380343496799469,0.30121004581451416,0.14640353620052338,1.4795117378234863,0.006855349987745285,2.0176103115081787,0.35364216566085815,0.0011401479132473469,0.000623427564278245,0.06725367903709412,0.011788072995841503,6.238716014195234e-05,2.930370465037413e-05,1.0,1.0,1.0,1.0,1.0,0.2361000031232834,False,0.3015933036804199,0.7913476824760437,0.31483435118570924
363,0.47474759817123413,0.38772863149642944,0.1367507129907608,2.4238767623901367,0.008590270765125751,2.243881940841675,0.3627660870552063,0.002309739589691162,0.00037145536043681204,0.07479606568813324,0.012092203833162785,0.00011811358854174614,1.258070369658526e-05,1.0,1.0,1.0,1.0,1.0,0.22209066152572632,False,0.393207848072052,0.7678157091140747,0.30072416202165186
364,0.3331945240497589,0.26978784799575806,0.11510840058326721,1.5100042819976807,0.0036790326703339815,1.535231113433838,0.3648180663585663,0.0011972479987889528,0.0003452907258179039,0.05117437243461609,0.01216060295701027,6.253204628592357e-05,9.171502824756317e-06,1.0,1.0,1.0,1.0,1.0,0.22454015910625458,False,0.32318300008773804,0.7123229503631592,0.2900821059010923
365,0.40534281730651855,0.32544848322868347,0.13744708895683289,1.823642611503601,0.005637133028358221,2.0257785320281982,0.37005388736724854,0.0004064087406732142,0.0001790941460058093,0.0675259530544281,0.012335130013525486,2.6641744625521824e-05,6.594105343538104e-06,1.0,1.0,1.0,1.0,1.0,0.19661518931388855,False,0.27218812704086304,0.7669080495834351,0.30642124614678323
366,0.3687276244163513,0.2755320966243744,0.11564619094133377,1.5587587356567383,0.0040100193582475185,2.2411646842956543,0.5521147847175598,0.001149964751675725,0.0003819985140580684,0.07470549643039703,0.018403826281428337,7.390649989247322e-05,1.2305345080676489e-05,1.0,1.0,1.0,1.0,1.0,0.17434759438037872,False,0.2982003092765808,0.7392797470092773,0.2897343321237713
367,0.3299139440059662,0.24976825714111328,0.09515778720378876,1.4806157350540161,0.006548903416842222,1.9014259576797485,0.5004870891571045,0.00157481012865901,8.792293374426663e-05,0.06338086724281311,0.016682904213666916,7.943140371935442e-05,2.485516233718954e-06,1.0,1.0,1.0,1.0,1.0,0.19992689788341522,False,0.2733120918273926,0.7503191232681274,0.2895288881845772
368,0.34549611806869507,0.2839827835559845,0.11011938005685806,1.5999913215637207,0.013864278793334961,1.5038150548934937,0.33951061964035034,0.0009868526831269264,0.0004382492625154555,0.050127170979976654,0.01131702121347189,4.843005081056617e-05,2.069829497486353e-05,1.0,1.0,1.0,1.0,1.0,0.25152111053466797,False,0.21544012427330017,0.6776639223098755,0.2917443560436368
369,0.33630526065826416,0.24488890171051025,0.1167425587773323,1.1543898582458496,0.01270736288279295,2.164062738418579,0.5765165090560913,0.0010339883156120777,0.0002237622393295169,0.07213542610406876,0.019217217341065407,5.4687865485902876e-05,9.019191566039808e-06,1.0,1.0,1.0,1.0,1.0,0.20194974541664124,False,0.19796107709407806,0.719207763671875,0.292209304170683
370,0.3794970214366913,0.3084533214569092,0.1021355539560318,1.9518743753433228,0.011130309663712978,1.8377608060836792,0.29203522205352783,0.000803784525487572,0.000156304711708799,0.061258696019649506,0.009734507650136948,4.412639100337401e-05,6.361551641020924e-06,1.0,1.0,1.0,1.0,1.0,0.1717960089445114,False,0.2816978394985199,0.6859778165817261,0.300299861934036
371,0.3214474022388458,0.26259613037109375,0.07970980554819107,1.6523182392120361,0.017654502764344215,1.1896920204162598,0.5710964798927307,0.0019136614864692092,0.001286061480641365,0.03965640440583229,0.01903655007481575,0.00010268305777572095,5.5640026403125376e-05,1.0,1.0,1.0,1.0,1.0,0.23653990030288696,False,0.220482736825943,0.6726921796798706,0.3075431529432535
372,0.2868328094482422,0.23031844198703766,0.09928220510482788,1.244049072265625,0.006631338968873024,1.3468466997146606,0.3471429944038391,0.0005722221685573459,0.00024815145297907293,0.04489489272236824,0.011571433395147324,3.755922807613388e-05,1.0482139259693213e-05,1.0,1.0,1.0,1.0,1.0,0.20254608988761902,False,0.18789255619049072,0.6631689071655273,0.3003303939476609
373,0.38714537024497986,0.30125153064727783,0.1310655027627945,1.671776294708252,0.0030084094032645226,2.2791073322296143,0.2954449951648712,0.0014651661040261388,5.559061173698865e-05,0.07597024738788605,0.009848167188465595,7.367602665908635e-05,1.7430668322049314e-06,1.0,1.0,1.0,1.0,1.0,0.2035154551267624,False,0.2984498143196106,0.8189506530761719,0.30069691804237664
374,0.302428662776947,0.22849515080451965,0.08352094888687134,1.3681747913360596,0.008156723342835903,1.9154188632965088,0.29804933071136475,0.0026615671813488007,0.0002916584780905396,0.06384729593992233,0.009934978559613228,0.0001391206751577556,1.2135916222177912e-05,1.0,1.0,1.0,1.0,1.0,0.159525528550148,False,0.2551104426383972,0.6762869358062744,0.2941160900518298
375,0.38759440183639526,0.309797078371048,0.09689764678478241,2.0362491607666016,0.009274518117308617,1.8187098503112793,0.5139151215553284,0.0008941657724790275,0.0001153045886894688,0.060623664408922195,0.017130505293607712,4.016812454210594e-05,3.002535322593758e-06,1.0,1.0,1.0,1.0,1.0,0.16228631138801575,False,0.31318461894989014,0.7866913080215454,0.4550761468708515
376,0.3071553707122803,0.23462393879890442,0.10898038744926453,1.18711519241333,0.006932034622877836,1.882781982421875,0.2899148166179657,0.002073504263535142,0.00014327641110867262,0.0627593994140625,0.00966382771730423,0.00010416991426609457,4.034834091726225e-06,1.0,1.0,1.0,1.0,1.0,0.1996760070323944,False,0.226182222366333,0.6880979537963867,0.29165447782725096
377,0.29351872205734253,0.22885248064994812,0.07115332037210464,1.4226431846618652,0.015434833243489265,1.450610876083374,0.4849567711353302,0.0006875041872262955,0.0021534226834774017,0.04835369810461998,0.016165226697921753,4.290875585866161e-05,0.00010439915786264464,1.0,1.0,1.0,1.0,1.0,0.23870444297790527,False,0.2805168032646179,0.7105855345726013,0.3035399301443249
378,0.36789122223854065,0.29503870010375977,0.10536816716194153,1.7532520294189453,0.014345331117510796,1.8146426677703857,0.36781805753707886,0.001965960720553994,9.09887021407485e-05,0.06048809364438057,0.012260602787137032,0.00010077268234454095,3.0552719181287102e-06,1.0,1.0,1.0,1.0,1.0,0.19412194192409515,False,0.216421440243721,0.6866099834442139,0.30488607194274664
379,0.36335423588752747,0.28418201208114624,0.12395119667053223,1.4944860935211182,0.010782206431031227,1.8550872802734375,0.5181792378425598,0.0010290872305631638,0.00023618043633177876,0.06183624640107155,0.017272641882300377,5.3129431762499735e-05,1.0203008059761487e-05,1.0,1.0,1.0,1.0,1.0,0.2081596851348877,False,0.28854256868362427,0.7271813154220581,0.3088155039586127
380,0.3260117769241333,0.2620820999145508,0.08912075310945511,1.586561679840088,0.01430516317486763,1.6638174057006836,0.24922287464141846,0.0032121294643729925,0.00044670613715425134,0.05546058341860771,0.00830742996186018,0.0001441444765077904,1.7517897504149005e-05,1.0,1.0,1.0,1.0,1.0,0.15453360974788666,False,0.21795262396335602,0.6685137152671814,0.2926124660298228
381,0.26193997263908386,0.1974916309118271,0.07378353178501129,1.1542086601257324,0.008287256583571434,1.6246330738067627,0.3043299913406372,0.00258212024345994,0.0007661911658942699,0.05415443703532219,0.010144333355128765,0.0001295462716370821,2.0027026039315388e-05,1.0,1.0,1.0,1.0,1.0,0.19882343709468842,False,0.28585290908813477,0.7535849809646606,0.29031453491188586
382,0.33524107933044434,0.2516534924507141,0.1270701289176941,1.1890223026275635,0.005681134760379791,2.106790542602539,0.39892011880874634,0.0012079302687197924,9.868998313322663e-05,0.07022635638713837,0.013297338038682938,6.00238490733318e-05,3.863027814077213e-06,1.0,1.0,1.0,1.0,1.0,0.1799846589565277,False,0.33597177267074585,0.8293358087539673,0.2895627298858017
383,0.3727867007255554,0.2916249632835388,0.09644396603107452,1.8321888446807861,0.011962126940488815,1.9423847198486328,0.4889914393424988,0.002228941535577178,0.0001351895771222189,0.06474616378545761,0.016299715265631676,0.00011190998338861391,3.96132509195013e-06,1.0,1.0,1.0,1.0,1.0,0.17257773876190186,False,0.290557861328125,0.7207937836647034,0.29466124298051
384,0.3870009779930115,0.30666011571884155,0.11455416679382324,1.8071753978729248,0.011388380080461502,1.9220359325408936,0.48632633686065674,0.0010498991468921304,0.00011128576443297789,0.06406787037849426,0.016210878267884254,5.772347140009515e-05,4.3714226194424555e-06,1.0,1.0,1.0,1.0,1.0,0.16774916648864746,False,0.3049640655517578,0.7066487073898315,0.2891103378497064
385,0.4341661036014557,0.3645557165145874,0.12219906598329544,2.388662576675415,0.0034903972409665585,1.652878999710083,0.43384140729904175,0.0008871475583873689,0.00019311340292915702,0.05509597063064575,0.014461381360888481,4.503304808167741e-05,8.00529323896626e-06,1.0,1.0,1.0,1.0,1.0,0.2128225862979889,False,0.32067161798477173,0.7208291292190552,0.3017937089316547
386,0.2683127522468567,0.19762328267097473,0.08866748958826065,0.9507034420967102,0.013885444961488247,1.7063193321228027,0.41209322214126587,0.0011559298727661371,0.00040803535375744104,0.056877315044403076,0.013736441731452942,6.110227695899084e-05,1.4624283721786924e-05,1.0,1.0,1.0,1.0,1.0,0.16051343083381653,False,0.22405685484409332,0.7244442701339722,0.2958933371119201
387,0.3965393304824829,0.32283544540405273,0.10488763451576233,2.083268404006958,0.00962095521390438,1.8171308040618896,0.3775777220726013,0.0030544381588697433,0.00703256344422698,0.06057102978229523,0.012585924938321114,0.00019901974883396178,0.00034791664802469313,1.0,1.0,1.0,1.0,1.0,0.19416184723377228,False,0.3414914011955261,0.7409806847572327,0.29326612781733274
388,0.3421976566314697,0.2516074478626251,0.12645229697227478,1.0665477514266968,0.018500380218029022,2.5535900592803955,0.1624569594860077,0.0009195191087201238,0.00023872999008744955,0.08511967211961746,0.005415232386440039,4.6646338887512684e-05,8.63955938257277e-06,1.0,1.0,1.0,1.0,1.0,0.1963072419166565,False,0.31355467438697815,0.7806346416473389,0.2923800030257553
389,0.28228652477264404,0.2120189368724823,0.06657537817955017,1.35302734375,0.010140798054635525,1.5362005233764648,0.5693169832229614,0.0012988373637199402,0.0005140510038472712,0.05120668560266495,0.01897723414003849,6.277808279264718e-05,2.088342807837762e-05,1.0,1.0,1.0,1.0,1.0,0.16186784207820892,False,0.2407636046409607,0.670596718788147,0.2966390000656247
390,0.35572636127471924,0.2798856496810913,0.1151089146733284,1.6081165075302124,0.0039650858379900455,1.9688084125518799,0.30518823862075806,0.0003832917136605829,0.0006789207109250128,0.06562694907188416,0.010172941721975803,2.2605938283959404e-05,1.8229353372589685e-05,1.0,1.0,1.0,1.0,1.0,0.20909108221530914,False,0.23362910747528076,0.7486117482185364,0.30225385818630457
391,0.4387434720993042,0.3476826846599579,0.10663850605487823,2.2962188720703125,0.011422263458371162,2.085780382156372,0.6417607665061951,0.002881762105971575,0.0001149961753981188,0.06952601671218872,0.02139202691614628,0.000139553943881765,3.1943645808496512e-06,1.0,1.0,1.0,1.0,1.0,0.1781635731458664,False,0.3070896863937378,0.7060133814811707,0.2958361669443548
392,0.4443334639072418,0.36465662717819214,0.10776038467884064,2.5343105792999268,0.003465167013928294,1.9462846517562866,0.44109225273132324,0.0018698290223255754,0.00012027430057059973,0.06487616151571274,0.014703075401484966,9.389665501657873e-05,3.693769485835219e-06,1.0,1.0,1.0,1.0,1.0,0.33065640926361084,False,0.2848353385925293,0.7334659695625305,0.320325962966308
393,0.337501585483551,0.2492416501045227,0.1299654096364975,1.149265170097351,0.004349725320935249,2.225922107696533,0.42091837525367737,0.0006147826206870377,5.572613372351043e-05,0.07419740408658981,0.014030613005161285,3.0078652343945578e-05,1.8316798104933696e-06,1.0,1.0,1.0,1.0,1.0,0.19146005809307098,False,0.28171175718307495,0.7861003875732422,0.3038351549766958
394,0.309673011302948,0.2379218488931656,0.11444145441055298,1.1251001358032227,0.010970390401780605,1.731459379196167,0.419487327337265,0.000802985392510891,0.00018824581638909876,0.057715315371751785,0.013982911594212055,4.627607995644212e-05,6.647217560384888e-06,1.0,1.0,1.0,1.0,1.0,0.21134153008460999,False,0.23181191086769104,0.7077826261520386,0.30857698805630207
395,0.27358800172805786,0.19683387875556946,0.09662443399429321,0.9279540777206421,0.007414043415337801,2.081179618835449,0.2197936475276947,0.0009381137788295746,0.00017068359011318535,0.06937265396118164,0.007326455321162939,4.945767796016298e-05,5.563826562138274e-06,1.0,1.0,1.0,1.0,1.0,0.19977626204490662,False,0.20832934975624084,0.7561690807342529,0.30756428791210055
396,0.379189133644104,0.31228312849998474,0.1345682591199875,1.7191625833511353,0.005798614118248224,1.5559312105178833,0.4497649073600769,0.0009426907636225224,0.00010970827133860439,0.0518643781542778,0.014992164447903633,4.655593147617765e-05,2.887490609282395e-06,1.0,1.0,1.0,1.0,1.0,0.22391705214977264,False,0.32895198464393616,0.7544141411781311,0.3346575298346579
397,0.3079576790332794,0.21656732261180878,0.11615139245986938,0.9536304473876953,0.00505289388820529,2.481632709503174,0.25844699144363403,0.0006828709738329053,0.00045605291961692274,0.08272109180688858,0.008614900521934032,3.5459332138998434e-05,1.891088868433144e-05,1.0,1.0,1.0,1.0,1.0,0.22393712401390076,False,0.31755149364471436,0.8093653917312622,0.30451224790886045
398,0.36386802792549133,0.286426842212677,0.11446189135313034,1.6683731079101562,0.005127630662173033,1.8744618892669678,0.4473366141319275,0.0008827849524095654,0.00012499061995185912,0.062482066452503204,0.014911221340298653,4.410363544593565e-05,3.7896893445577007e-06,1.0,1.0,1.0,1.0,1.0,0.2468433380126953,False,0.25301796197891235,0.7391600608825684,0.3147675551008433
399,0.2724963426589966,0.2055353969335556,0.10384347289800644,0.9901354908943176,0.002678371500223875,1.734053134918213,0.27270904183387756,0.0006851973594166338,0.0006873295060358942,0.05780177563428879,0.0090903015807271,4.170258034719154e-05,2.7161000616615638e-05,1.0,1.0,1.0,1.0,1.0,0.19273462891578674,False,0.25357452034950256,0.7557971477508545,0.3090351929422468
400,0.3532838821411133,0.26323091983795166,0.14969365298748016,1.0777175426483154,0.005765531212091446,2.3019049167633057,0.397885262966156,0.001114180195145309,0.00017396078328602016,0.0767301693558693,0.013262842781841755,5.5101678299251944e-05,4.8338642955059186e-06,1.0,1.0,1.0,1.0,1.0,0.18025338649749756,False,0.3790774941444397,0.7830294370651245,0.4488847788888961
401,0.344273179769516,0.27114295959472656,0.0766281858086586,1.8924614191055298,0.005268635228276253,1.6851208209991455,0.5063288807868958,0.0014673809055238962,0.0002003029512707144,0.05617069825530052,0.016877630725502968,7.470669515896589e-05,7.192933480837382e-06,1.0,1.0,1.0,1.0,1.0,0.1319727748632431,False,0.25561612844467163,0.7049604654312134,0.290710591012612
402,0.3318879008293152,0.2748238444328308,0.06174883618950844,2.0124869346618652,0.011826308444142342,1.1031012535095215,0.6035054922103882,0.0030020843259990215,0.000612442207057029,0.0367700420320034,0.02011685073375702,0.00015813723439350724,1.9033599528484046e-05,1.0,1.0,1.0,1.0,1.0,0.16121073067188263,False,0.21463854610919952,0.5980088710784912,0.301220202120021
403,0.2996208071708679,0.23259791731834412,0.10873682796955109,1.1981133222579956,0.0040497505106031895,1.7539405822753906,0.25551027059555054,0.0006194101879373193,0.00013091741129755974,0.05846468731760979,0.0085170092061162,3.726885188370943e-05,3.942306193494005e-06,1.0,1.0,1.0,1.0,1.0,0.1833522915840149,False,0.20041096210479736,0.7399307489395142,0.30802087509073317
404,0.34290897846221924,0.2769920825958252,0.10657552629709244,1.6583750247955322,0.004579050932079554,1.491707682609558,0.4851471185684204,0.000356069125700742,9.160398622043431e-05,0.04972359165549278,0.016171570867300034,1.822590820665937e-05,3.4912823139165994e-06,1.0,1.0,1.0,1.0,1.0,0.15708914399147034,False,0.2921060025691986,0.7598485946655273,0.29544065496884286
405,0.33878785371780396,0.264699250459671,0.10106702893972397,1.5886386632919312,0.0047683678567409515,1.7072664499282837,0.5139160752296448,0.0008599684224463999,9.824620065046474e-05,0.05690888315439224,0.01713053695857525,4.624162829713896e-05,2.956463731607073e-06,1.0,1.0,1.0,1.0,1.0,0.20533348619937897,False,0.2688363790512085,0.7354229688644409,0.2966665669810027
406,0.3884468674659729,0.3114868700504303,0.13069254159927368,1.7585148811340332,0.004942844621837139,1.9580210447311401,0.34830713272094727,0.0015388170722872019,7.93096114648506e-05,0.06526736915111542,0.011610238812863827,8.005667041288689e-05,2.3296279323403724e-06,1.0,1.0,1.0,1.0,1.0,0.18165172636508942,False,0.288836807012558,0.7602537274360657,0.29088112292811275
407,0.3136245906352997,0.2259274125099182,0.11649180948734283,1.0640945434570312,0.0030261396896094084,2.233980178833008,0.3961542248725891,0.00045199092710390687,7.10913518560119e-05,0.07446601241827011,0.013205141760408878,2.4007946194615215e-05,2.0121788111282513e-06,1.0,1.0,1.0,1.0,1.0,0.2084646373987198,False,0.30774199962615967,0.7741719484329224,0.2971121009904891
408,0.4920154809951782,0.39468374848365784,0.15400318801403046,2.3461480140686035,0.006065750494599342,2.5733909606933594,0.3451575040817261,0.0008421934908255935,8.327755494974554e-05,0.08577970415353775,0.011505250819027424,4.431842899066396e-05,2.4599387415946694e-06,1.0,1.0,1.0,1.0,1.0,0.21389442682266235,False,0.26377975940704346,0.7520856857299805,0.3065699909348041
409,0.342504620552063,0.2683895230293274,0.11781701445579529,1.4561649560928345,0.004956007935106754,1.9599285125732422,0.26302647590637207,0.00027030488126911223,5.5821481510065496e-05,0.06533095240592957,0.008767549879848957,1.522747606941266e-05,1.365972934763704e-06,1.0,1.0,1.0,1.0,1.0,0.22398874163627625,False,0.22098521888256073,0.6989425420761108,0.3010335511062294
410,0.26822343468666077,0.18590950965881348,0.08308813720941544,0.8040307760238647,0.022418299689888954,2.0301120281219482,0.43788355588912964,0.00048095357487909496,0.0006581025663763285,0.06767040491104126,0.014596119523048401,2.6802941647474654e-05,2.059752296190709e-05,1.0,1.0,1.0,1.0,1.0,0.17911280691623688,False,0.16920921206474304,0.7076144218444824,0.28585280990228057
411,0.2911891043186188,0.2135366052389145,0.10480809211730957,1.051436424255371,0.0035848678089678288,2.0356311798095703,0.2908349633216858,0.001858262810856104,0.00024195542209781706,0.0678543746471405,0.009694498963654041,9.504541958449408e-05,8.581244401284494e-06,1.0,1.0,1.0,1.0,1.0,0.22141176462173462,False,0.22817595303058624,0.7246154546737671,0.3079987040255219
412,0.30606913566589355,0.2349618524312973,0.11245772242546082,1.1877901554107666,0.0037251031026244164,1.8779064416885376,0.25466984510421753,0.0003312905319035053,8.632097888039425e-05,0.0625968873500824,0.008488995023071766,1.908032936626114e-05,2.3150237211666536e-06,1.0,1.0,1.0,1.0,1.0,0.16567108035087585,False,0.27341654896736145,0.7492985725402832,0.2977748899720609
413,0.402494877576828,0.3266732692718506,0.10612009465694427,2.171772003173828,0.003375969361513853,1.8067378997802734,0.46618419885635376,0.0010204563150182366,7.184685819083825e-05,0.06022460013628006,0.015539473854005337,5.5660693760728464e-05,1.8648266859599971e-06,1.0,1.0,1.0,1.0,1.0,0.18609410524368286,False,0.32878178358078003,0.6877402067184448,0.30767738400027156
414,0.3138921856880188,0.24395915865898132,0.09977604448795319,1.3348429203033447,0.010698812082409859,1.7571799755096436,0.3386576771736145,0.000547219708096236,0.0009403646690770984,0.058572668582201004,0.011288589797914028,2.751600550254807e-05,4.426758459885605e-05,1.0,1.0,1.0,1.0,1.0,0.17423807084560394,False,0.2607814371585846,0.7245362997055054,0.3047935338690877
415,0.38778501749038696,0.30992016196250916,0.12842833995819092,1.7815771102905273,0.003334097331389785,1.971531629562378,0.36132949590682983,0.0020123934373259544,0.00015809516480658203,0.06571772694587708,0.012044317089021206,9.92609275272116e-05,3.5377670428715646e-06,1.0,1.0,1.0,1.0,1.0,0.25276845693588257,False,0.3572150766849518,0.7635873556137085,0.2965068581979722
416,0.38736313581466675,0.32381170988082886,0.08403744548559189,2.336796998977661,0.006094567012041807,1.595316767692566,0.3097423315048218,0.0007044998928904533,0.0003295430215075612,0.053177230060100555,0.010324744507670403,3.838232805719599e-05,1.1058656127715949e-05,1.0,1.0,1.0,1.0,1.0,0.15920968353748322,False,0.28374895453453064,0.66070157289505,0.2948669530451298
417,0.3521835207939148,0.28058287501335144,0.09153014421463013,1.8212952613830566,0.006923215463757515,1.5814778804779053,0.5615320205688477,0.0029145206790417433,0.00029511438333429396,0.052715931087732315,0.018717734143137932,0.00015481296577490866,1.217148110299604e-05,1.0,1.0,1.0,1.0,1.0,0.3155064880847931,False,0.18554535508155823,0.671251654624939,0.2912048399448395
418,0.3447079658508301,0.27355533838272095,0.1238810271024704,1.4589461088180542,0.0037796925753355026,1.6298340559005737,0.5040186643600464,0.00040460535092279315,7.708377233939245e-05,0.05432780459523201,0.016800623387098312,2.1577317966148257e-05,2.6278717086825054e-06,1.0,1.0,1.0,1.0,1.0,0.1553063690662384,False,0.22789104282855988,0.7775447368621826,0.31799660716205835
419,0.29610514640808105,0.20932966470718384,0.11415161192417145,0.9032337665557861,0.004854676779359579,2.358684539794922,0.2434527724981308,0.0005928479367867112,0.00020950898760929704,0.07862282544374466,0.008115093223750591,3.147884126519784e-05,6.089164344302844e-06,1.0,1.0,1.0,1.0,1.0,0.1741245687007904,False,0.27670010924339294,0.7568774819374084,0.2889542079064995
420,0.3604726791381836,0.30136245489120483,0.05953045189380646,2.267024517059326,0.015129601582884789,1.226508617401123,0.5428183078765869,0.002394024282693863,0.00020106170268263668,0.0408836230635643,0.01809394545853138,0.00012446663458831608,8.205404810723849e-06,1.0,1.0,1.0,1.0,1.0,0.19814331829547882,False,0.183903306722641,0.5713413953781128,0.2978488630615175
421,0.3545709550380707,0.2754781246185303,0.08701501786708832,1.7539353370666504,0.013069556094706059,1.91344153881073,0.4562080204486847,0.001773947267793119,0.0003533033886924386,0.06378138810396194,0.01520693488419056,9.163557842839509e-05,1.2875521861133166e-05,1.0,1.0,1.0,1.0,1.0,0.16322936117649078,False,0.28582125902175903,0.6893610954284668,0.28883866500109434
422,0.26833051443099976,0.19747672975063324,0.08986956626176834,0.9693238139152527,0.010674787685275078,1.7677043676376343,0.3559878468513489,0.0007160804234445095,0.0008272512350231409,0.05892348289489746,0.011866262182593346,4.158263618592173e-05,2.2466509108198807e-05,1.0,1.0,1.0,1.0,1.0,0.17362797260284424,False,0.2820994555950165,0.6930443048477173,0.28645040886476636
423,0.27926892042160034,0.22188912332057953,0.09937305748462677,1.201672911643982,0.0023487829603254795,1.4111824035644531,0.3096652626991272,0.0002914161595981568,0.0001002521748887375,0.04703941568732262,0.010322175920009613,1.586236248840578e-05,2.329813924006885e-06,1.0,1.0,1.0,1.0,1.0,0.21730701625347137,False,0.28271520137786865,0.7037622928619385,0.3142880368977785
424,0.3593641519546509,0.27060821652412415,0.10472391545772552,1.573878288269043,0.008496465161442757,2.1525282859802246,0.5081316232681274,0.0012267541605979204,6.669239519396797e-05,0.0717509463429451,0.016937721520662308,6.554097490152344e-05,1.7227380340045784e-06,1.0,1.0,1.0,1.0,1.0,0.19797693192958832,False,0.29107940196990967,0.7713640928268433,0.2923825439065695
425,0.2861148416996002,0.21052274107933044,0.09503171592950821,1.1069880723953247,0.004792196676135063,1.9809558391571045,0.2855851650238037,0.0005577732226811349,0.00014199837460182607,0.06603186577558517,0.009519506245851517,3.6425364669412374e-05,4.291023287805729e-06,1.0,1.0,1.0,1.0,1.0,0.206099271774292,False,0.26247596740722656,0.7368485927581787,0.44648942700587213
426,0.4561026394367218,0.3799322247505188,0.11112351715564728,2.6331660747528076,0.005492066964507103,1.6779062747955322,0.6061401963233948,0.0005946034798398614,0.00019290437921881676,0.05593021214008331,0.02020467445254326,2.9463561077136546e-05,6.05395553066046e-06,1.0,1.0,1.0,1.0,1.0,0.19906561076641083,False,0.3235970139503479,0.7226332426071167,0.30005087913013995
427,0.3642662763595581,0.28894251585006714,0.09777702391147614,1.832444190979004,0.007921051234006882,1.8751475811004639,0.3819652795791626,0.0012316196225583553,0.0003509098896756768,0.06250492483377457,0.012732177041471004,7.738226850051433e-05,9.280846825276967e-06,1.0,1.0,1.0,1.0,1.0,0.21957814693450928,False,0.30728790163993835,0.7486417293548584,0.2957248880993575
428,0.3568190336227417,0.27791860699653625,0.09452752768993378,1.7227258682250977,0.011118507944047451,1.9105219841003418,0.44488707184791565,0.007014617323875427,0.0009212595759890974,0.06368406862020493,0.01482956949621439,0.00035720501909963787,2.9596507374662906e-05,1.0,1.0,1.0,1.0,1.0,0.18133899569511414,False,0.29117506742477417,0.7447897791862488,0.2936920039355755
429,0.3387705683708191,0.2923312187194824,0.10103389620780945,1.833660364151001,0.007931285537779331,1.199489951133728,0.1918652057647705,0.0011195113183930516,0.00012570101534947753,0.03998300060629845,0.006395507138222456,5.716326995752752e-05,3.6848257423116593e-06,1.0,1.0,1.0,1.0,1.0,0.18615587055683136,False,0.30415472388267517,0.681160569190979,0.2879583640024066
430,0.3737678527832031,0.29200735688209534,0.11386103183031082,1.6927152872085571,0.008874810300767422,2.126605272293091,0.3213668465614319,0.00300471018999815,0.0001427555689588189,0.07088684290647507,0.01071222871541977,0.00015757929941173643,3.8446191865659785e-06,1.0,1.0,1.0,1.0,1.0,0.18944665789604187,False,0.2981233298778534,0.8076821565628052,0.28735939995385706
431,0.2910851538181305,0.23738743364810944,0.09351368993520737,1.3078628778457642,0.013087456114590168,1.2402145862579346,0.36901605129241943,0.0009560607722960413,0.00016712461365386844,0.04134048894047737,0.012300536036491394,5.287063686409965e-05,3.817545803030953e-06,1.0,1.0,1.0,1.0,1.0,0.19486509263515472,False,0.2737756371498108,0.7394827604293823,0.30584014812484384
432,0.29480332136154175,0.21434473991394043,0.12809333205223083,0.8210670351982117,0.004144691862165928,1.9980850219726562,0.41477102041244507,0.0005933373467996716,6.721627141814679e-05,0.06660284101963043,0.013825701549649239,2.8636601200560108e-05,1.4108652521827025e-06,1.0,1.0,1.0,1.0,1.0,0.18636229634284973,False,0.35245299339294434,0.7849723100662231,0.29255311796441674
433,0.28772351145744324,0.22439981997013092,0.07928448915481567,1.3997461795806885,0.005140720866620541,1.4509402513504028,0.44722503423690796,0.0008245653007179499,6.265442789299414e-05,0.04836467653512955,0.014907501637935638,4.9967005907092243e-05,1.5588634596497286e-06,1.0,1.0,1.0,1.0,1.0,0.17352822422981262,False,0.30862611532211304,0.647316038608551,0.29947585286572576
434,0.3069862723350525,0.21120494604110718,0.08995645493268967,1.1671239137649536,0.004536088556051254,2.2456283569335938,0.6266573667526245,0.0006742893601767719,8.168654312612489e-05,0.0748542845249176,0.02088858000934124,3.623589873313904e-05,2.238678689536755e-06,1.0,1.0,1.0,1.0,1.0,0.1646505743265152,False,0.2451818883419037,0.7329835891723633,0.30276002804748714
435,0.353506863117218,0.2801664471626282,0.10722102224826813,1.6860524415969849,0.004340173676609993,1.8187271356582642,0.3793430030345917,0.0012088860385119915,0.00021231069695204496,0.06062424182891846,0.012644767761230469,6.422388833016157e-05,7.1897088673722465e-06,1.0,1.0,1.0,1.0,1.0,0.1991901993751526,False,0.2980360686779022,0.7216346263885498,0.293355432106182
436,0.28982728719711304,0.22184409201145172,0.08326505124568939,1.2936370372772217,0.00921533815562725,1.6266716718673706,0.41189447045326233,0.000488517340272665,7.848833047319204e-05,0.05422239005565643,0.013729816302657127,2.8746071620844305e-05,2.2602143872063607e-06,1.0,1.0,1.0,1.0,1.0,0.18507958948612213,False,0.27037590742111206,0.7110108137130737,0.28583478811196983
437,0.44873011112213135,0.3716573119163513,0.09458233416080475,2.5781397819519043,0.01926102489233017,1.8326705694198608,0.476288765668869,0.0016395396087318659,0.0003547533415257931,0.06108902394771576,0.015876293182373047,9.153247810900211e-05,1.5946881831041537e-05,1.0,1.0,1.0,1.0,1.0,0.22345104813575745,False,0.26440364122390747,0.6657443046569824,0.291270371992141
438,0.2868146300315857,0.20190763473510742,0.10750971734523773,0.8044766187667847,0.013950265944004059,2.147350549697876,0.3980019688606262,0.0007480945205315948,0.0003003095043823123,0.07157835364341736,0.013266732916235924,5.3450363338924944e-05,8.448501830571331e-06,1.0,1.0,1.0,1.0,1.0,0.17049500346183777,False,0.26915475726127625,0.7534304857254028,0.2902567279525101
439,0.32030126452445984,0.24080273509025574,0.07927001267671585,1.5789614915847778,0.0036365727428346872,1.8576360940933228,0.5262828469276428,0.0006170354317873716,6.079637023503892e-05,0.06192120537161827,0.01754276268184185,3.248090069973841e-05,2.088403334710165e-06,1.0,1.0,1.0,1.0,1.0,0.14025145769119263,False,0.23597773909568787,0.7071178555488586,0.31175814708694816
440,0.27577945590019226,0.20402836799621582,0.08631962537765503,1.1278095245361328,0.004927786998450756,1.8326932191848755,0.3187052309513092,0.0005954182706773281,9.865997708402574e-05,0.06108977645635605,0.010623508132994175,3.4440734452800825e-05,3.356097522555501e-06,1.0,1.0,1.0,1.0,1.0,0.16033580899238586,False,0.27407461404800415,0.7037994265556335,0.2919795671477914
441,0.30220282077789307,0.21842166781425476,0.11233597248792648,1.000244379043579,0.006061256397515535,2.1133103370666504,0.39893871545791626,0.0006249509751796722,0.00016048343968577683,0.07044368237257004,0.013297958299517632,3.51841481460724e-05,4.333599008532474e-06,1.0,1.0,1.0,1.0,1.0,0.15950001776218414,False,0.24002444744110107,0.7263315916061401,0.2917109429836273
442,0.2545289993286133,0.1938808262348175,0.06510360538959503,1.2052905559539795,0.008248157799243927,1.3683955669403076,0.4500056207180023,0.000779896741732955,0.00010215790825895965,0.04561318829655647,0.015000187791883945,3.176943209837191e-05,3.034532710444182e-06,1.0,1.0,1.0,1.0,1.0,0.14788846671581268,False,0.27152755856513977,0.6944442987442017,0.2921681059524417
443,0.3225582540035248,0.24770842492580414,0.0916399359703064,1.4857492446899414,0.007493556942790747,2.027217149734497,0.21722131967544556,0.0005048379534855485,0.00014800019562244415,0.0675739049911499,0.007240711245685816,3.0134886401356198e-05,5.070580300525762e-06,1.0,1.0,1.0,1.0,1.0,0.17253270745277405,False,0.19133716821670532,0.6723524928092957,0.30117680388502777
444,0.3899652361869812,0.3036075234413147,0.17628107964992523,1.1948177814483643,0.007844680920243263,2.261404037475586,0.32721152901649475,0.0012363644782453775,0.0001877145259641111,0.07538013905286789,0.010907051153481007,6.631391443079337e-05,4.208864538668422e-06,1.0,1.0,1.0,1.0,1.0,0.19159658253192902,False,0.30422699451446533,0.806122899055481,0.30114535707980394
445,0.354677677154541,0.27555832266807556,0.08509610593318939,1.7843801975250244,0.012024180963635445,1.9897305965423584,0.38115501403808594,0.0016335274558514357,0.00020647229393944144,0.06632435321807861,0.012705167755484581,8.312214049510658e-05,6.7046248659607954e-06,1.0,1.0,1.0,1.0,1.0,0.3058353662490845,False,0.3014129400253296,0.6690254211425781,0.2951113539747894
446,0.3834679126739502,0.2999972105026245,0.1031368300318718,1.8807590007781982,0.008784493431448936,2.0194649696350098,0.4819965958595276,0.0014058742672204971,0.0003690262674354017,0.06731550395488739,0.016066554933786392,7.35801731934771e-05,1.5055607036629226e-05,1.0,1.0,1.0,1.0,1.0,0.15832266211509705,False,0.20846068859100342,0.6763825416564941,0.2893542069941759
447,0.29625630378723145,0.24553290009498596,0.06064166501164436,1.7875033617019653,0.006140885874629021,0.9853413105010986,0.5344380140304565,0.00103914481587708,0.00012970610987395048,0.03284471109509468,0.017814600840210915,5.941814015386626e-05,4.6787945393589325e-06,1.0,1.0,1.0,1.0,1.0,0.16767606139183044,False,0.2112782597541809,0.635309100151062,0.2988800660241395
448,0.3565536141395569,0.30891573429107666,0.09336863458156586,2.1045875549316406,0.005088324658572674,1.0665587186813354,0.3604710102081299,0.0011900350218638778,0.00017878723156172782,0.03555195778608322,0.01201570127159357,6.410906644305214e-05,6.1063260545779485e-06,1.0,1.0,1.0,1.0,1.0,0.15738445520401,False,0.25211742520332336,0.7514358162879944,0.3284808099269867
449,0.3785800337791443,0.29286932945251465,0.1235271543264389,1.0581611394882202,0.06352606415748596,2.162167549133301,0.4071114659309387,0.0008499771938659251,0.00034598741331137717,0.07207225263118744,0.013570383191108704,5.3578653023578227e-05,1.450458603358129e-05,1.0,1.0,1.0,1.0,1.0,0.21588490903377533,False,0.22604551911354065,0.7950069904327393,0.3012089910916984
450,0.3351113498210907,0.25313377380371094,0.10748980939388275,1.2937673330307007,0.01626724936068058,2.0945186614990234,0.36161279678344727,0.0017367398831993341,0.000380530022084713,0.06981728971004486,0.012053760699927807,8.99322476470843e-05,1.659613371884916e-05,1.0,1.0,1.0,1.0,1.0,0.17954185605049133,False,0.36461570858955383,0.8063364028930664,0.44303722702898085
451,0.39080655574798584,0.3222137689590454,0.09829311817884445,2.1589202880859375,0.008028609678149223,1.4668984413146973,0.587593674659729,0.0017991387285292149,0.00033728464040905237,0.04889661818742752,0.019586456939578056,9.598624455975369e-05,1.3713292901229579e-05,1.0,1.0,1.0,1.0,1.0,0.185891792178154,False,0.2897787094116211,0.6804108619689941,0.29498563101515174
452,0.3724364936351776,0.2929747998714447,0.11857466399669647,1.610270619392395,0.013373088091611862,1.8821732997894287,0.4981529116630554,0.002103200415149331,0.00028501529595814645,0.06273911148309708,0.01660509780049324,0.00010973808821290731,7.736598490737379e-06,1.0,1.0,1.0,1.0,1.0,0.3390592932701111,False,0.30691227316856384,0.743272066116333,0.3080076689366251
453,0.33084413409233093,0.23516474664211273,0.13125135004520416,0.9364546537399292,0.010267927311360836,2.375791311264038,0.4907321035861969,0.0013653936330229044,0.00017281687178183347,0.07919304817914963,0.01635773852467537,0.00012084782065358013,7.749852557026315e-06,1.0,1.0,1.0,1.0,1.0,0.21538329124450684,False,0.25121596455574036,0.7861446142196655,0.28924822295084596
454,0.3461364507675171,0.2655942440032959,0.11993428319692612,1.3976688385009766,0.005893053486943245,2.007108688354492,0.4083055257797241,0.00039630819810554385,0.0001325375633314252,0.06690362840890884,0.013610185123980045,2.4305587430717424e-05,4.081903171027079e-06,1.0,1.0,1.0,1.0,1.0,0.15867888927459717,False,0.2309565544128418,0.7745883464813232,0.29903867305256426
455,0.3567816913127899,0.28397583961486816,0.1032005101442337,1.7395844459533691,0.0068169040605425835,1.7431479692459106,0.43936091661453247,0.0010143268154934049,0.00012733075709547848,0.05810493603348732,0.014645365066826344,5.222043546382338e-05,3.3214589620911283e-06,1.0,1.0,1.0,1.0,1.0,0.2168596237897873,False,0.3050316572189331,0.7659662961959839,0.28792934119701385
456,0.38388076424598694,0.31402063369750977,0.1464698761701584,1.595454454421997,0.00800531730055809,1.8262426853179932,0.26760149002075195,0.0011289373505860567,0.00013174126797821373,0.060874760150909424,0.008920050226151943,6.0279882745817304e-05,5.028654413763434e-06,1.0,1.0,1.0,1.0,1.0,0.27364298701286316,False,0.19747626781463623,0.7888238430023193,0.29252942791208625
457,0.34499382972717285,0.29009053111076355,0.09955327212810516,1.833768367767334,0.007160416804254055,1.4132628440856934,0.23295021057128906,0.0004655249649658799,7.787716458551586e-05,0.047108765691518784,0.007765007205307484,2.662239785422571e-05,2.907972884713672e-06,1.0,1.0,1.0,1.0,1.0,0.17522497475147247,False,0.23200201988220215,0.6669321060180664,0.3158013371285051
458,0.2556377649307251,0.1912345290184021,0.08689481765031815,1.0017850399017334,0.004161209333688021,1.4880785942077637,0.4425055980682373,0.0009100261377170682,0.00012833697837777436,0.04960262402892113,0.014750187285244465,4.699067721958272e-05,3.4409297313686693e-06,1.0,1.0,1.0,1.0,1.0,0.20795410871505737,False,0.2738971412181854,0.7224052548408508,0.30228959210217
459,0.30643531680107117,0.23219436407089233,0.07701828330755234,1.409632682800293,0.014212819747626781,1.8671269416809082,0.3570992946624756,0.001649659126996994,0.0005855938652530313,0.06223756819963455,0.01190331019461155,8.514220826327801e-05,1.4924228707968723e-05,1.0,1.0,1.0,1.0,1.0,0.1843208372592926,False,0.2292492389678955,0.6291988492012024,0.287290473934263
460,0.34953463077545166,0.2840190529823303,0.13408617675304413,1.4617855548858643,0.00375431589782238,1.486391305923462,0.4760092496871948,0.0019606221467256546,0.000130113068735227,0.04954637959599495,0.015866976231336594,9.914769179886207e-05,3.0877949939167593e-06,1.0,1.0,1.0,1.0,1.0,0.17855724692344666,False,0.4263286888599396,0.7586761116981506,0.2933789000380784
461,0.3466804325580597,0.2558491826057434,0.13674883544445038,1.1304703950881958,0.0060533094219863415,2.3377909660339355,0.3846219778060913,0.0007719277055002749,0.0008820723742246628,0.07792636752128601,0.012820733711123466,4.256749525666237e-05,4.1586819861549884e-05,1.0,1.0,1.0,1.0,1.0,0.24033071100711823,False,0.25175920128822327,0.7902007102966309,0.2939060020726174
462,0.3550902307033539,0.272405743598938,0.09018869698047638,1.7642192840576172,0.005795120261609554,1.9145947694778442,0.5648373961448669,0.0006839513662271202,0.00013290089555084705,0.06381982564926147,0.01882791332900524,3.281708632130176e-05,3.931199898943305e-06,1.0,1.0,1.0,1.0,1.0,0.14207081496715546,False,0.22219616174697876,0.6833308935165405,0.29503782792016864
463,0.31785330176353455,0.2458823025226593,0.07626017928123474,1.5737061500549316,0.012251513078808784,1.58659029006958,0.5695808529853821,0.0017842280212789774,0.00019306913600303233,0.052886344492435455,0.01898602955043316,9.178254549624398e-05,6.845771622465691e-06,1.0,1.0,1.0,1.0,1.0,0.15010659396648407,False,0.2692278027534485,0.6743133664131165,0.29181809490546584
464,0.33240026235580444,0.2607552409172058,0.0974753201007843,1.4786641597747803,0.015413498505949974,1.7045727968215942,0.4400615692138672,0.002935275435447693,0.00025944149820134044,0.05681909620761871,0.014668719843029976,0.00014897636719979346,8.246117431554012e-06,1.0,1.0,1.0,1.0,1.0,0.14841429889202118,False,0.2529684603214264,0.7176070213317871,0.29946201597340405
465,0.3858596086502075,0.3064318299293518,0.13277943432331085,1.6761678457260132,0.006035620346665382,1.7883247137069702,0.5911769866943359,0.002206208882853389,7.583449041703716e-05,0.05961082875728607,0.01970590092241764,0.00010937231127172709,1.6881183455552673e-06,1.0,1.0,1.0,1.0,1.0,0.17296916246414185,False,0.3635677397251129,0.7779480218887329,0.29990790295414627
466,0.31398266553878784,0.25195688009262085,0.07298745214939117,1.6205488443374634,0.016914546489715576,1.4547698497772217,0.40251415967941284,0.001999868080019951,0.00017098162788897753,0.04849233105778694,0.013417139649391174,0.00011054187052650377,5.761281499871984e-06,1.0,1.0,1.0,1.0,1.0,0.19766806066036224,False,0.2853197455406189,0.7003516554832458,0.2880621310323477
467,0.33615410327911377,0.2600201368331909,0.06612838804721832,1.8032457828521729,0.013567163608968258,1.647226095199585,0.6177201271057129,0.002487112069502473,0.010220542550086975,0.05490753799676895,0.02059067226946354,0.00013041310012340546,0.0005053244531154633,1.0,1.0,1.0,1.0,1.0,0.18258175253868103,False,0.23375627398490906,0.633686900138855,0.2901977819856256
468,0.36017903685569763,0.2744714915752411,0.0893404632806778,1.7874259948730469,0.006388433277606964,1.7708842754364014,0.7952761650085449,0.0030326105188578367,0.00016911642160266638,0.0590294785797596,0.026509206742048264,0.0001622837589820847,6.583998583664652e-06,1.0,1.0,1.0,1.0,1.0,0.1953781545162201,False,0.29169803857803345,0.7214403748512268,0.292701373109594
469,0.3957598805427551,0.3368150591850281,0.12158921360969543,2.0470690727233887,0.010518928058445454,1.495841145515442,0.2687652111053467,0.002248136792331934,0.0002999233838636428,0.049861375242471695,0.008958840742707253,0.00011488788004498929,9.720760317577515e-06,1.0,1.0,1.0,1.0,1.0,0.21742898225784302,False,0.34135961532592773,0.7138716578483582,0.31625784398056567
470,0.38616979122161865,0.3134177625179291,0.1180650070309639,1.8779795169830322,0.007554797455668449,1.7696001529693604,0.4071846306324005,0.003489092458039522,0.00020429654978215694,0.05898667499423027,0.013572821393609047,0.00018557204748503864,6.94713298798888e-06,1.0,1.0,1.0,1.0,1.0,0.27714887261390686,False,0.22519053518772125,0.7044178247451782,0.32615269208326936
471,0.2494199573993683,0.1975986808538437,0.0619157999753952,1.2456129789352417,0.011121580377221107,1.2359497547149658,0.3159591853618622,0.0014026149874553084,0.0002780078793875873,0.041198328137397766,0.010531973093748093,7.851497502997518e-05,1.2452185728761833e-05,1.0,1.0,1.0,1.0,1.0,0.18177521228790283,False,0.21992987394332886,0.620686411857605,0.29051925311796367
472,0.4010223150253296,0.3265690803527832,0.11552609503269196,2.041036605834961,0.00693929847329855,1.8856725692749023,0.34610462188720703,0.0011995192617177963,0.0001732551318127662,0.06285575777292252,0.011536821722984314,5.306385719450191e-05,7.583204478578409e-06,1.0,1.0,1.0,1.0,1.0,0.20378750562667847,False,0.24414579570293427,0.7020458579063416,0.31551936897449195
473,0.43720030784606934,0.35664892196655273,0.11059629917144775,2.342039108276367,0.011848721653223038,1.9202828407287598,0.4920143783092499,0.002606726484373212,0.00021445576567202806,0.06400942802429199,0.016400480642914772,0.0001341529714409262,7.3146547947544605e-06,1.0,1.0,1.0,1.0,1.0,0.205851212143898,False,0.2483750283718109,0.694957971572876,0.2980636088177562
474,0.3906286358833313,0.328549325466156,0.10992036759853363,2.1281895637512207,0.005810018628835678,1.4978351593017578,0.3613845705986023,0.0020241476595401764,0.0001373366394545883,0.04992784187197685,0.012046152725815773,0.00010190543252974749,3.4112154025933705e-06,1.0,1.0,1.0,1.0,1.0,0.2020026296377182,False,0.3032246232032776,0.7514921426773071,0.2945862109772861
475,0.3183976709842682,0.25614163279533386,0.14268869161605835,1.0808892250061035,0.005364038050174713,1.532494306564331,0.3324772119522095,0.0016624229028820992,0.00017875939374789596,0.051083147525787354,0.011082574725151062,8.400558726862073e-05,6.3104253058554605e-06,1.0,1.0,1.0,1.0,1.0,0.20225414633750916,False,0.33099618554115295,0.7764217853546143,0.4561119410209358
476,0.39867502450942993,0.3303355574607849,0.10205379128456116,1.9864022731781006,0.029641535133123398,1.7732257843017578,0.27495673298835754,0.0012004745658487082,8.685627835802734e-05,0.05910753086209297,0.009165224619209766,6.330552423605695e-05,3.386600837984588e-06,1.0,1.0,1.0,1.0,1.0,0.17270652949810028,False,0.25420278310775757,0.6982121467590332,0.3033767528831959
477,0.3336646556854248,0.2616986632347107,0.11570873856544495,1.3942961692810059,0.0065603116527199745,1.6660149097442627,0.4910414218902588,0.0009433220839127898,0.0003336385707370937,0.05553383380174637,0.016368048265576363,5.246264481684193e-05,1.1666947102639824e-05,1.0,1.0,1.0,1.0,1.0,0.2273055464029312,False,0.2077278196811676,0.7906996607780457,0.2959890919737518
478,0.2823268175125122,0.1885005533695221,0.11599323898553848,0.637804388999939,0.008726880885660648,2.5444540977478027,0.268984317779541,0.0005741759086959064,0.00031780439894646406,0.0848151445388794,0.008966144174337387,3.075393760809675e-05,1.42096732815844e-05,1.0,1.0,1.0,1.0,1.0,0.17645342648029327,False,0.1934652030467987,0.8550924062728882,0.28805650607682765
479,0.3158276677131653,0.24520379304885864,0.07602822780609131,1.605384111404419,0.008637124672532082,1.8004683256149292,0.31718873977661133,0.0005746474489569664,0.00019407624495215714,0.060015615075826645,0.01057295873761177,2.9056554922135547e-05,6.236241915758001e-06,1.0,1.0,1.0,1.0,1.0,0.1637500822544098,False,0.22339269518852234,0.7348833680152893,0.2885262609925121
480,0.35269618034362793,0.27196428179740906,0.11454854905605316,1.5372724533081055,0.003688470460474491,1.7786612510681152,0.6407127976417542,0.001309471670538187,0.00038266705814749,0.05928871035575867,0.0213570948690176,7.071442087180912e-05,1.5361785699496977e-05,1.0,1.0,1.0,1.0,1.0,0.1733953356742859,False,0.31327226758003235,0.736122727394104,0.29936347296461463
481,0.3138298988342285,0.22030574083328247,0.09934411197900772,1.1207656860351562,0.008885075338184834,2.588034152984619,0.21580690145492554,0.0006968535599298775,0.0005763100925832987,0.08626780658960342,0.007193563971668482,3.51909693563357e-05,2.758283881121315e-05,1.0,1.0,1.0,1.0,1.0,0.1942237764596939,False,0.25852400064468384,0.7359511256217957,0.29210942913778126
482,0.2972622215747833,0.2213146984577179,0.10181556642055511,1.1410043239593506,0.005398708861321211,1.891399621963501,0.3864551782608032,0.00018344169075135142,0.0002573298115748912,0.0630466565489769,0.012881839647889137,9.536975994706154e-06,9.492658136878163e-06,1.0,1.0,1.0,1.0,1.0,0.15120506286621094,False,0.20953062176704407,0.7366820573806763,0.295255184173584
483,0.5348475575447083,0.4503767788410187,0.13630695641040802,3.050757884979248,0.008994029834866524,2.0794763565063477,0.45079827308654785,0.0025002313777804375,7.586541323689744e-05,0.06931588053703308,0.015026610344648361,0.00012645423703361303,1.8406356048217276e-06,1.0,1.0,1.0,1.0,1.0,0.2474508285522461,False,0.3381043076515198,0.7464983463287354,0.2962986989878118
484,0.3069268763065338,0.23891618847846985,0.0802171528339386,1.4988043308258057,0.008818616159260273,1.4031727313995361,0.6335535049438477,0.0022150976583361626,0.00014089533942751586,0.04677242785692215,0.02111845090985298,0.00011575146345421672,4.056661964568775e-06,1.0,1.0,1.0,1.0,1.0,0.14204424619674683,False,0.2121978998184204,0.7101333737373352,0.2997340480796993
485,0.26137590408325195,0.18979258835315704,0.11577154695987701,0.7113927602767944,0.0028817676939070225,1.9211838245391846,0.22568358480930328,0.0003215311444364488,0.0002939908008556813,0.06403946131467819,0.0075227865017950535,1.3961256627226248e-05,7.099871254467871e-06,1.0,1.0,1.0,1.0,1.0,0.16161789000034332,False,0.3181009292602539,0.8248471617698669,0.2886384981684387
486,0.30375969409942627,0.2230411320924759,0.11898911744356155,1.0103089809417725,0.0030211154371500015,2.2266464233398438,0.19366732239723206,0.0006343998247757554,0.00019786827033385634,0.07422155141830444,0.006455577909946442,3.3924952731467783e-05,7.521335191995604e-06,1.0,1.0,1.0,1.0,1.0,0.19659523665905,False,0.2697991728782654,0.835515558719635,0.30233287205919623
487,0.31318551301956177,0.24360375106334686,0.08783216774463654,1.5219190120697021,0.0035796896554529667,1.5611275434494019,0.5244501233100891,0.0009916170965880156,0.00012749998131766915,0.05203758925199509,0.017481671646237373,5.8471079682931304e-05,4.027945578854997e-06,1.0,1.0,1.0,1.0,1.0,0.1817474663257599,False,0.22565841674804688,0.7758991718292236,0.3036330339964479
488,0.4062938094139099,0.32896149158477783,0.12412727624177933,1.9785724878311157,0.0069769565016031265,2.028618097305298,0.28702661395072937,0.002245311625301838,0.00041220043203793466,0.06762060523033142,0.009567554108798504,0.0001257462427020073,1.8414702935842797e-05,1.0,1.0,1.0,1.0,1.0,0.23437106609344482,False,0.2864959239959717,0.7787678241729736,0.28830230608582497
489,0.3877345323562622,0.30973511934280396,0.1053633987903595,1.9911854267120361,0.005253167822957039,1.8943465948104858,0.44214749336242676,0.002129316795617342,0.00015199898916762322,0.06314489245414734,0.014738250523805618,0.0001111048404709436,5.168133156985277e-06,1.0,1.0,1.0,1.0,1.0,0.19424231350421906,False,0.22436928749084473,0.7386462688446045,0.2964001188520342
490,0.3555958867073059,0.27398771047592163,0.12847334146499634,1.4137146472930908,0.004142913036048412,1.9993267059326172,0.44773775339126587,0.0006052093231119215,0.00018670043209567666,0.06664422899484634,0.014924592338502407,3.3224707294721156e-05,6.126403604866937e-06,1.0,1.0,1.0,1.0,1.0,0.19165034592151642,False,0.23260726034641266,0.7440322041511536,0.30471027293242514
491,0.37065786123275757,0.30134642124176025,0.09750833362340927,1.9888230562210083,0.00495575089007616,1.7090891599655151,0.3679639399051666,0.0013866096269339323,0.0002323177468497306,0.056969642639160156,0.012265465222299099,6.993216084083542e-05,6.4016826399893034e-06,1.0,1.0,1.0,1.0,1.0,0.21263641119003296,False,0.2723085880279541,0.7160098552703857,0.30382769787684083
492,0.27632805705070496,0.20506685972213745,0.08020571619272232,1.1644980907440186,0.008411329239606857,1.8383396863937378,0.2974250912666321,0.0010362428147345781,0.00015555927529931068,0.06127799302339554,0.009914170019328594,6.340570689644665e-05,5.624238838208839e-06,1.0,1.0,1.0,1.0,1.0,0.18021368980407715,False,0.1561996191740036,0.6829088926315308,0.29429340502247214
493,0.28673669695854187,0.22743815183639526,0.11427322775125504,1.079769492149353,0.005187993869185448,1.5762462615966797,0.19845661520957947,0.0026790336705744267,0.000188657155376859,0.052541546523571014,0.006615221034735441,0.00013644955470226705,5.3323301472119056e-06,1.0,1.0,1.0,1.0,1.0,0.27242207527160645,False,0.2844880223274231,0.7722471952438354,0.3027757848612964
494,0.3099959194660187,0.2369464784860611,0.0997299924492836,1.0178778171539307,0.03542871028184891,1.8324321508407593,0.3561352789402008,0.001052357256412506,0.0008837979985401034,0.06108107417821884,0.011871176771819592,6.022648449288681e-05,3.696635758387856e-05,1.0,1.0,1.0,1.0,1.0,0.19105374813079834,False,0.22823566198349,0.7109668254852295,0.30016518803313375
495,0.36635103821754456,0.2854251265525818,0.10219167172908783,1.766489028930664,0.006584529764950275,1.956847906112671,0.4678810238838196,0.0018044784665107727,0.00023852767481002957,0.06522826850414276,0.015596034936606884,9.389619663124904e-05,7.714424100413453e-06,1.0,1.0,1.0,1.0,1.0,0.19321350753307343,False,0.2713715732097626,0.7151020765304565,0.2924142540432513
496,0.3041877746582031,0.23414431512355804,0.11229371279478073,1.1245275735855103,0.009397844783961773,1.759651780128479,0.3403559625148773,0.0007954127504490316,0.0001991401077248156,0.058655060827732086,0.011345199309289455,3.7862198951188475e-05,5.345297722669784e-06,1.0,1.0,1.0,1.0,1.0,0.17302174866199493,False,0.3366990089416504,0.7695576548576355,0.29944907897152007
497,0.39507758617401123,0.31349632143974304,0.11655662953853607,1.7943215370178223,0.017507536336779594,2.097355842590332,0.3488220274448395,0.0007853899151086807,7.035784801701084e-05,0.06991186738014221,0.01162740122526884,3.996440864284523e-05,2.0455095182114746e-06,1.0,1.0,1.0,1.0,1.0,0.2016415148973465,False,0.29759353399276733,0.7373005151748657,0.2880081031471491
498,0.29966166615486145,0.23123084008693695,0.11677215248346329,1.1001322269439697,0.004445450380444527,1.5291688442230225,0.5223982930183411,0.0006436991970986128,9.334842616226524e-05,0.05097229778766632,0.017413277179002762,4.132783942623064e-05,3.933863354177447e-06,1.0,1.0,1.0,1.0,1.0,0.20599184930324554,False,0.197418212890625,0.6756457686424255,0.3118028270546347
499,0.36906036734580994,0.28281068801879883,0.10217373073101044,1.7245299816131592,0.008183964528143406,2.0921630859375,0.49281924962997437,0.001512948889285326,0.0003112134290859103,0.06973877549171448,0.016427308320999146,7.598799129482359e-05,7.599916898470838e-06,1.0,1.0,1.0,1.0,1.0,0.20735658705234528,False,0.20370140671730042,0.7446260452270508,0.2971843359991908
500,0.25797194242477417,0.18975213170051575,0.08419042825698853,1.0064131021499634,0.004920384846627712,1.5605833530426025,0.48446792364120483,0.0007552922470495105,0.0002397495263721794,0.05201944708824158,0.01614893227815628,4.12957051594276e-05,1.0124817890755367e-05,1.0,1.0,1.0,1.0,1.0,0.1499728262424469,False,0.274370014667511,0.7366131544113159,0.4482591759879142
501,0.4059852659702301,0.3293112516403198,0.1624654233455658,1.6282963752746582,0.004016201011836529,1.9917829036712646,0.30609607696533203,0.0012470823712646961,0.0003484333283267915,0.06639276444911957,0.010203203186392784,6.530727114295587e-05,1.2746444554068148e-05,1.0,1.0,1.0,1.0,1.0,0.25473514199256897,False,0.40736502408981323,0.8556374311447144,0.3141749089118093
502,0.3770604729652405,0.30482983589172363,0.09374301135540009,2.0139036178588867,0.009696432389318943,1.6743519306182861,0.49058598279953003,0.0009581436170265079,0.00021576363360509276,0.05581173300743103,0.01635286770761013,5.653603875543922e-05,9.492536264588125e-06,1.0,1.0,1.0,1.0,1.0,0.23836427927017212,False,0.24618536233901978,0.7117820978164673,0.29029693407937884
503,0.3779163062572479,0.30468353629112244,0.10055490583181381,2.0039141178131104,0.003737181890755892,1.576092004776001,0.6188871264457703,0.001232221256941557,8.933737990446389e-05,0.05253640189766884,0.02062957175076008,6.34475945844315e-05,3.349621920278878e-06,1.0,1.0,1.0,1.0,1.0,0.1952260434627533,False,0.2271488606929779,0.7132874727249146,0.3164113759994507
504,0.3600787818431854,0.2904822826385498,0.09751254320144653,1.8924695253372192,0.0037227869033813477,1.6970465183258057,0.38731610774993896,0.0021322716493159533,0.00014914668281562626,0.056568220257759094,0.012910537421703339,0.00011130599887110293,6.436291187128518e-06,1.0,1.0,1.0,1.0,1.0,0.17832760512828827,False,0.19301219284534454,0.7248170375823975,0.2916246419772506
505,0.35266122221946716,0.2726401388645172,0.09484414756298065,1.7128138542175293,0.006514596752822399,1.8406908512115479,0.5498597621917725,0.006633741781115532,0.00013110312283970416,0.06135636568069458,0.018328659236431122,0.0003321456606499851,3.920959443348693e-06,1.0,1.0,1.0,1.0,1.0,0.21290446817874908,False,0.29020726680755615,0.7391024827957153,0.29399767192080617
506,0.34909960627555847,0.269694447517395,0.1452476978302002,1.196446418762207,0.004802105948328972,2.1346511840820312,0.24572956562042236,0.0007785170455463231,0.00019745627650991082,0.07115504145622253,0.008190985769033432,5.0636110245250165e-05,8.486119440931361e-06,1.0,1.0,1.0,1.0,1.0,0.1972135305404663,False,0.25544530153274536,0.7465752959251404,0.31610887707211077
507,0.32111743092536926,0.2503853440284729,0.11107547581195831,1.2702760696411133,0.012282250449061394,1.575484037399292,0.5448728799819946,0.0009345764410682023,0.0002233868435723707,0.052516136318445206,0.018162431195378304,4.730450746137649e-05,6.220275281521026e-06,1.0,1.0,1.0,1.0,1.0,0.2208162397146225,False,0.2581509053707123,0.7280897498130798,0.29108256101608276
508,0.49466508626937866,0.4088951349258423,0.15682648122310638,2.445394992828369,0.007529139518737793,2.2260775566101074,0.3449336290359497,0.001251055160537362,0.0001797750883270055,0.07420258969068527,0.01149778813123703,6.29321439191699e-05,6.6378997871652246e-06,1.0,1.0,1.0,1.0,1.0,0.24261462688446045,False,0.28218457102775574,0.7644047141075134,0.33787671802565455
509,0.384113073348999,0.3103233575820923,0.10567419230937958,1.9909858703613281,0.00555057218298316,1.882348656654358,0.32768070697784424,0.001498007564805448,0.0007263499428518116,0.06274496018886566,0.010922690853476524,8.731034176889807e-05,3.476587517070584e-05,1.0,1.0,1.0,1.0,1.0,0.18119804561138153,False,0.2640220820903778,0.7287007570266724,0.33369292318820953
510,0.354269415140152,0.28001120686531067,0.09877882897853851,1.7529549598693848,0.00593689875677228,1.6767430305480957,0.5487845540046692,0.0010575582273304462,0.0002855068596545607,0.05589143559336662,0.01829282008111477,6.213221786310896e-05,1.1832114068965893e-05,1.0,1.0,1.0,1.0,1.0,0.1470818966627121,False,0.3084845542907715,0.7335405349731445,0.330168355954811
511,0.25322943925857544,0.1877417266368866,0.07267697900533676,1.0347977876663208,0.011584963649511337,1.5516700744628906,0.41185319423675537,0.0004678645927924663,0.0002730698906816542,0.051722340285778046,0.01372844073921442,2.678687815205194e-05,1.0149619811272714e-05,1.0,1.0,1.0,1.0,1.0,0.16697750985622406,False,0.24871569871902466,0.739466667175293,0.32406195998191833
512,0.39314907789230347,0.2958664298057556,0.1035686805844307,1.8367351293563843,0.008624260313808918,2.504784107208252,0.411038875579834,0.0015193307772278786,0.0002763767843134701,0.08349280804395676,0.013701296411454678,7.797256694175303e-05,1.056876681104768e-05,1.0,1.0,1.0,1.0,1.0,0.1674218624830246,False,0.3300817012786865,0.7327867746353149,0.3253696809988469
513,0.29377520084381104,0.2368774712085724,0.08960269391536713,1.4335956573486328,0.003915213979780674,1.3743520975112915,0.3313520848751068,0.0006307742442004383,0.0001252589572686702,0.045811738818883896,0.011045070365071297,3.715041384566575e-05,3.771317778955563e-06,1.0,1.0,1.0,1.0,1.0,0.15627242624759674,False,0.25564348697662354,0.7046126127243042,0.3346055040601641
514,0.31682175397872925,0.24957594275474548,0.10004556179046631,1.3927580118179321,0.010254583321511745,1.5365879535675049,0.4772389531135559,0.001818834338337183,0.0003680724184960127,0.051219601184129715,0.01590796560049057,0.00010153066250495613,1.671990867180284e-05,1.0,1.0,1.0,1.0,1.0,0.21171827614307404,False,0.25947850942611694,0.702344536781311,0.32162564201280475
515,0.3172443211078644,0.23472654819488525,0.10015144944190979,1.2850695848464966,0.006068138405680656,2.0371673107147217,0.43645378947257996,0.0009755511418916285,0.00029904127586632967,0.06790558248758316,0.014548460021615028,5.219444210524671e-05,1.1546980204002466e-05,1.0,1.0,1.0,1.0,1.0,0.1883900910615921,False,0.2693108320236206,0.8030699491500854,0.32611064007505774
516,0.2985728681087494,0.22501370310783386,0.10351988673210144,1.1520581245422363,0.00628799619153142,1.7045483589172363,0.49984318017959595,0.0014703887281939387,0.0001706793555058539,0.05681828036904335,0.016661440953612328,7.284115417860448e-05,6.600014330615522e-06,1.0,1.0,1.0,1.0,1.0,0.23703938722610474,False,0.2911449074745178,0.7474982738494873,0.33006301894783974
517,0.38566479086875916,0.30236443877220154,0.10537029802799225,1.8875224590301514,0.008241891860961914,2.0753536224365234,0.4224845767021179,0.0006823479779995978,7.387394725810736e-05,0.06917845457792282,0.014082820154726505,3.679264773381874e-05,2.28730255003029e-06,1.0,1.0,1.0,1.0,1.0,0.24105845391750336,False,0.1789604127407074,0.7211319208145142,0.3270704699680209
518,0.31936782598495483,0.25708240270614624,0.09614688903093338,1.487977147102356,0.012137808836996555,1.4860544204711914,0.3802405297756195,0.0007719306740909815,0.0004536046180874109,0.049535151571035385,0.012674684636294842,5.57708517590072e-05,1.980426168302074e-05,1.0,1.0,1.0,1.0,1.0,0.20006050169467926,False,0.1997525542974472,0.6955608129501343,0.33531210687942803
519,0.2798148989677429,0.2131243348121643,0.09869237244129181,1.1132158041000366,0.003110375488176942,1.7613015174865723,0.23830175399780273,0.0005556718679144979,0.00023558098473586142,0.05871005356311798,0.007943391799926758,3.020251460839063e-05,6.901529104652582e-06,1.0,1.0,1.0,1.0,1.0,0.20794355869293213,False,0.2386792004108429,0.7167848348617554,0.32623771019279957
520,0.2703356444835663,0.20183762907981873,0.08146494626998901,1.1352825164794922,0.00684443861246109,1.687334656715393,0.36578506231307983,0.0011138091795146465,0.000169101869687438,0.056244492530822754,0.012192836031317711,5.521013372344896e-05,5.4857864597579464e-06,1.0,1.0,1.0,1.0,1.0,0.1722336709499359,False,0.21934574842453003,0.6512144804000854,0.3317533291410655
521,0.414009153842926,0.3454168438911438,0.0646895170211792,2.6599316596984863,0.014734162017703056,1.4855742454528809,0.5702048540115356,0.0011041740654036403,0.00028226611902937293,0.049519143998622894,0.01900682970881462,5.641859752358869e-05,9.92378409137018e-06,1.0,1.0,1.0,1.0,1.0,0.1644740253686905,False,0.3093162178993225,0.6753294467926025,0.33672668412327766
522,0.2740457355976105,0.2069026529788971,0.08148010820150375,1.1736048460006714,0.008062073029577732,1.614471197128296,0.3985006809234619,0.0007182560511864722,0.00017273605044465512,0.05381570756435394,0.01328335702419281,3.834764356724918e-05,5.670926839229651e-06,1.0,1.0,1.0,1.0,1.0,0.14840075373649597,False,0.25286611914634705,0.7007328271865845,0.3285668541211635
523,0.3696178197860718,0.3004806637763977,0.0883890688419342,2.026691436767578,0.009422454982995987,1.596087098121643,0.47420474886894226,0.0018598997266963124,0.0008194084512069821,0.053202904760837555,0.01580682583153248,9.606523963157088e-05,3.136521627311595e-05,1.0,1.0,1.0,1.0,1.0,0.19575382769107819,False,0.244915172457695,0.708311915397644,0.31421502912417054
524,0.31990572810173035,0.24975232779979706,0.07714598625898361,1.6513710021972656,0.0074692415073513985,1.6259031295776367,0.47729912400245667,0.0007916599279269576,5.8676127082435414e-05,0.05419677495956421,0.015909971669316292,4.4773914851248264e-05,1.893506578198867e-06,1.0,1.0,1.0,1.0,1.0,0.10865098983049393,False,0.20439673960208893,0.6791801452636719,0.31893249601125717
525,0.29028910398483276,0.20737224817276,0.11433061212301254,0.8072439432144165,0.012317252345383167,2.185286283493042,0.30072975158691406,0.0008085764129646122,0.00011102124699391425,0.07284288108348846,0.010024325922131538,4.484473538468592e-05,4.789940248883795e-06,1.0,1.0,1.0,1.0,1.0,0.16665829718112946,False,0.21644097566604614,0.733213484287262,0.5006859900895506
526,0.3664512038230896,0.2885926067829132,0.0932912677526474,1.877307653427124,0.007570554036647081,1.9662631750106812,0.36608561873435974,0.0021571810357272625,0.00027809650055132806,0.06554210931062698,0.01220285426825285,0.00010325715993531048,1.0369978554081172e-05,1.0,1.0,1.0,1.0,1.0,0.1791996955871582,False,0.25384289026260376,0.7497519254684448,0.32218565000221133
527,0.33000531792640686,0.28169798851013184,0.11051901429891586,1.5887975692749023,0.012299226596951485,1.153688669204712,0.2942650020122528,0.0006907846545800567,0.00020414439495652914,0.03845629096031189,0.009808833710849285,3.299012314528227e-05,9.21998162084492e-06,1.0,1.0,1.0,1.0,1.0,0.1715281903743744,False,0.25139424204826355,0.6716868877410889,0.33154567796736956
528,0.30233457684516907,0.24011653661727905,0.08885932713747025,1.4464216232299805,0.006615063175559044,1.5990179777145386,0.26586219668388367,0.0005545502644963562,0.0008952866774052382,0.05330060049891472,0.00886207353323698,2.9430948416120373e-05,2.5922960048774257e-05,1.0,1.0,1.0,1.0,1.0,0.16793078184127808,False,0.22801952064037323,0.7082463502883911,0.31699467706494033
529,0.29321372509002686,0.22213143110275269,0.09758222103118896,1.1990432739257812,0.004644868429750204,1.8519989252090454,0.2789406180381775,0.000253769539995119,0.0008040316170081496,0.06173330172896385,0.009298020973801613,1.5479798094020225e-05,3.546989682945423e-05,1.0,1.0,1.0,1.0,1.0,0.1496715247631073,False,0.21071457862854004,0.711335301399231,0.32444157800637186
530,0.387570321559906,0.32095175981521606,0.12184865027666092,1.9304218292236328,0.006060915999114513,1.6527795791625977,0.34219446778297424,0.0021610409021377563,0.000256329687545076,0.05509265512228012,0.011406483128666878,0.00010938938066828996,1.0034973456640728e-05,1.0,1.0,1.0,1.0,1.0,0.19585973024368286,False,0.2983740568161011,0.707692563533783,0.33443275396712124
531,0.29930737614631653,0.21683067083358765,0.09536702185869217,1.179954171180725,0.0034682471305131912,2.1807029247283936,0.2926150858402252,0.0006598572945222259,3.5328637750353664e-05,0.07269009947776794,0.009753836318850517,3.159974221489392e-05,1.1762723488573101e-06,1.0,1.0,1.0,1.0,1.0,0.19687943160533905,False,0.25860434770584106,0.7333745956420898,0.3096927870064974
532,0.2891690135002136,0.2005617618560791,0.07831724733114243,1.1483111381530762,0.007413405925035477,2.1182618141174316,0.5351489186286926,0.002811036305502057,0.00029331332189030945,0.0706087276339531,0.01783829741179943,0.00014782714424654841,1.2394810255500488e-05,1.0,1.0,1.0,1.0,1.0,0.19108512997627258,False,0.2858516573905945,0.7285518646240234,0.3233089242130518
533,0.37423384189605713,0.2891131639480591,0.14125294983386993,1.0742559432983398,0.04043462499976158,2.1765544414520264,0.3751651346683502,0.0009648530394770205,0.0002585980691947043,0.07255181670188904,0.012505505234003067,5.205981506151147e-05,1.1292844646959566e-05,1.0,1.0,1.0,1.0,1.0,0.2580548822879791,False,0.27164560556411743,0.7417068481445312,0.3309180629439652
534,0.2757345736026764,0.19659423828125,0.08645757287740707,1.07118558883667,0.0030181105248630047,1.923787236213684,0.448590487241745,0.001027161837555468,0.0001573787594679743,0.06412624567747116,0.014953017234802246,5.703795250155963e-05,4.026208898721961e-06,1.0,1.0,1.0,1.0,1.0,0.20242230594158173,False,0.2536279559135437,0.7283415198326111,0.31480091507546604
535,0.45445606112480164,0.36328738927841187,0.12073346972465515,2.374607563018799,0.0050931666046381,2.2986719608306885,0.4350329637527466,0.0007846462540328503,6.973130803089589e-05,0.07662240415811539,0.014501099474728107,4.251368227414787e-05,2.6530385639489396e-06,1.0,1.0,1.0,1.0,1.0,0.193695068359375,False,0.20816414058208466,0.7170923948287964,0.3347378869075328
536,0.3789688050746918,0.2920488119125366,0.1347234547138214,1.5144509077072144,0.005880266893655062,2.2314608097076416,0.37543752789497375,0.0004475249443203211,9.1033689386677e-05,0.07438202947378159,0.012514584697782993,2.082102400891017e-05,2.552448677306529e-06,1.0,1.0,1.0,1.0,1.0,0.19336079061031342,False,0.2747078537940979,0.8259390592575073,0.338866975158453
537,0.32580938935279846,0.26221907138824463,0.06789077818393707,1.7908622026443481,0.015242042951285839,1.371391773223877,0.534743070602417,0.0008627482457086444,0.00014331203419715166,0.04571306332945824,0.017824769020080566,4.8373742174590006e-05,4.106314918317366e-06,1.0,1.0,1.0,1.0,1.0,0.1965794712305069,False,0.23829159140586853,0.6700515747070312,0.3181025718804449
538,0.3467307984828949,0.2658676505088806,0.10570977628231049,1.534358263015747,0.006722059566527605,1.9510812759399414,0.4729086756706238,0.0010573635809123516,0.00018129809177480638,0.06503604352474213,0.015763623639941216,5.710909317713231e-05,6.371716153807938e-06,1.0,1.0,1.0,1.0,1.0,0.18638862669467926,False,0.23340249061584473,0.703811764717102,0.3324622609652579
539,0.42111480236053467,0.34584909677505493,0.139638289809227,2.0043563842773438,0.005775167141109705,1.845607876777649,0.41102731227874756,0.0008703534258529544,4.349746450316161e-05,0.06152026727795601,0.013700910843908787,4.318223363952711e-05,1.3455231737680151e-06,1.0,1.0,1.0,1.0,1.0,0.1970796138048172,False,0.33720940351486206,0.7768778204917908,0.3188170250505209
540,0.31007593870162964,0.24507158994674683,0.1001504436135292,1.419426679611206,0.0029784878715872765,1.575033187866211,0.37326812744140625,0.0009552394039928913,0.00018525891937315464,0.05250110849738121,0.0124422712251544,5.3313538955990225e-05,7.660144547116943e-06,1.0,1.0,1.0,1.0,1.0,0.14357179403305054,False,0.29066595435142517,0.7085367441177368,0.32270755781792104
541,0.2809780240058899,0.202403724193573,0.10781830549240112,0.8918154835700989,0.005403848830610514,2.068493366241455,0.28681665658950806,0.0010668736649677157,0.00024567890795879066,0.06894978135824203,0.009560556150972843,5.472295015351847e-05,9.24487721931655e-06,1.0,1.0,1.0,1.0,1.0,0.17145711183547974,False,0.2809455394744873,0.7162806987762451,0.32112027308903635
542,0.2985883355140686,0.21785229444503784,0.1381678581237793,0.7562994360923767,0.0040544867515563965,2.122441530227661,0.29872554540634155,0.0003153691941406578,0.0004274209204595536,0.07074805349111557,0.009957518428564072,1.5091080967977177e-05,1.537360731163062e-05,1.0,1.0,1.0,1.0,1.0,0.19486775994300842,False,0.3302880525588989,0.8038932085037231,0.32275523501448333
543,0.4269542694091797,0.3386855125427246,0.16543546319007874,1.6823173761367798,0.005018323659896851,2.3425724506378174,0.30424362421035767,0.0008734198636375368,5.935238004894927e-05,0.0780857503414154,0.010141454637050629,4.003618232673034e-05,1.5290182773242122e-06,1.0,1.0,1.0,1.0,1.0,0.1787009835243225,False,0.38113731145858765,0.8719680905342102,0.3305562171153724
544,0.3145895004272461,0.2412673681974411,0.10767091810703278,1.2639904022216797,0.007197406142950058,1.7649011611938477,0.43157273530960083,0.0020914501510560513,0.0003157161991111934,0.05883004143834114,0.014385758899152279,9.81728226179257e-05,8.161656296579167e-06,1.0,1.0,1.0,1.0,1.0,0.2565409243106842,False,0.37364673614501953,0.7720750570297241,0.32409236091189086
545,0.28024622797966003,0.22058026492595673,0.07534335553646088,1.423353672027588,0.002901537576690316,1.361822247505188,0.42745715379714966,0.00038599781692028046,8.995706593850628e-05,0.04539407789707184,0.014248572289943695,1.9972649170085788e-05,3.3332455586787546e-06,1.0,1.0,1.0,1.0,1.0,0.13547886908054352,False,0.20074737071990967,0.6857978105545044,0.3267902808729559
546,0.3114126920700073,0.2329845130443573,0.09313434362411499,1.3412357568740845,0.005726591683924198,2.1048169136047363,0.24645504355430603,0.0009205620735883713,8.355302270501852e-05,0.07016056776046753,0.008215168491005898,4.948869900545105e-05,2.9709738100791583e-06,1.0,1.0,1.0,1.0,1.0,0.15654215216636658,False,0.21544522047042847,0.6681989431381226,0.3138119538780302
547,0.3175835609436035,0.2475472092628479,0.14190061390399933,0.9778000116348267,0.007866591215133667,1.911766529083252,0.1884821057319641,0.0005519381375052035,7.538029603892937e-05,0.0637255534529686,0.006282737012952566,2.6118737878277898e-05,1.9243923361500492e-06,1.0,1.0,1.0,1.0,1.0,0.23728513717651367,False,0.32515135407447815,0.7929427623748779,0.32360729994252324
548,0.3302973508834839,0.2578853964805603,0.12840774655342102,1.2382700443267822,0.005650630220770836,1.8096323013305664,0.36200034618377686,0.0004672771319746971,6.705182022415102e-05,0.060321081429719925,0.012066679075360298,2.2777698177378625e-05,1.4006647006681305e-06,1.0,1.0,1.0,1.0,1.0,0.19228971004486084,False,0.35093915462493896,0.7514430284500122,0.32125346595421433
549,0.3661818504333496,0.2729959189891815,0.11851748079061508,1.4765491485595703,0.006823518313467503,2.1520276069641113,0.6414613723754883,0.0012202432844787836,7.453242142219096e-05,0.07173425704240799,0.0213820468634367,6.697457865811884e-05,2.6676736979425186e-06,1.0,1.0,1.0,1.0,1.0,0.18583820760250092,False,0.25065547227859497,0.742394208908081,0.32061729999259114
550,0.3472232520580292,0.272141695022583,0.10539949685335159,1.51776123046875,0.014966066926717758,1.7911927700042725,0.4605148434638977,0.00041510583832859993,6.176800525281578e-05,0.0597064271569252,0.015350495465099812,2.2756536054657772e-05,1.8767537994790473e-06,1.0,1.0,1.0,1.0,1.0,0.1673460453748703,False,0.259074330329895,0.7673825025558472,0.5052056880667806
551,0.41078782081604004,0.3287227749824524,0.13368064165115356,1.8729174137115479,0.007750377990305424,2.0659947395324707,0.39421018958091736,0.000823981303256005,0.0002860574168153107,0.06886649131774902,0.013140340335667133,4.9687278078636155e-05,8.541090210201219e-06,1.0,1.0,1.0,1.0,1.0,0.23775877058506012,False,0.2785898447036743,0.7417827844619751,0.3382987719960511
552,0.3346627652645111,0.2744191884994507,0.09745301306247711,1.6226139068603516,0.01470477320253849,1.4850480556488037,0.3206190764904022,0.0010326835326850414,4.01737961510662e-05,0.049501605331897736,0.01068730279803276,5.350109131541103e-05,1.1596487183851423e-06,1.0,1.0,1.0,1.0,1.0,0.20404838025569916,False,0.2622581720352173,0.6497284173965454,0.318716777022928
553,0.3977717161178589,0.3132020831108093,0.10427573323249817,1.825300931930542,0.02639622986316681,2.055755138397217,0.4749356508255005,0.003931540995836258,0.00047579826787114143,0.06852517277002335,0.01583118923008442,0.00019835101556964219,1.492486808274407e-05,1.0,1.0,1.0,1.0,1.0,0.27731117606163025,False,0.31500428915023804,0.7742591500282288,0.3215865520760417
554,0.3639886975288391,0.2763552665710449,0.12553922832012177,1.4629780054092407,0.004518255591392517,2.3786044120788574,0.24776986241340637,0.0014263569610193372,0.00039224763168022037,0.07928682118654251,0.008258995600044727,7.016543531790376e-05,1.7436686903238297e-05,1.0,1.0,1.0,1.0,1.0,0.19300960004329681,False,0.3846827745437622,0.8286945223808289,0.3244761168025434
555,0.28525733947753906,0.21749992668628693,0.09301815181970596,1.2043704986572266,0.004044725093990564,1.6626075506210327,0.36829131841659546,0.0012056396808475256,0.00012632391008082777,0.05542025342583656,0.012276377528905869,5.748562762164511e-05,3.2939628908934537e-06,1.0,1.0,1.0,1.0,1.0,0.226648211479187,False,0.29468315839767456,0.7047988176345825,0.32594938506372273
556,0.371172696352005,0.2716517448425293,0.12601321935653687,1.26871657371521,0.018766870722174644,2.6512579917907715,0.3332674503326416,0.00040512593113817275,0.000417912844568491,0.0883752703666687,0.011108915321528912,2.0339353795861825e-05,1.6423802662757225e-05,1.0,1.0,1.0,1.0,1.0,0.2506178319454193,False,0.2115519791841507,0.79744553565979,0.3236235228832811
557,0.31856483221054077,0.23761257529258728,0.11744490265846252,1.1757819652557373,0.002589464420452714,2.1653456687927246,0.2604963183403015,0.0013178603257983923,0.0003069611848331988,0.0721781924366951,0.008683211170136929,8.325291855726391e-05,7.608832675032318e-06,1.0,1.0,1.0,1.0,1.0,0.18178720772266388,False,0.2891348600387573,0.8169257044792175,0.32724650693126023
558,0.3578985929489136,0.29776114225387573,0.08029099553823471,2.01206636428833,0.016263511031866074,1.269059658050537,0.533153772354126,0.0011773642618209124,0.00010102857777383178,0.04230199009180069,0.01777179352939129,6.051133823348209e-05,3.1456240776606137e-06,1.0,1.0,1.0,1.0,1.0,0.142176553606987,False,0.22558417916297913,0.6935351490974426,0.32558383396826684
559,0.3387824594974518,0.2594488263130188,0.10092048346996307,1.5249059200286865,0.0060377540066838264,1.7920153141021729,0.5854935646057129,0.0017306760419160128,0.00014278673916123807,0.05973384529352188,0.01951645314693451,7.866437954362482e-05,4.672450813814066e-06,1.0,1.0,1.0,1.0,1.0,0.15560820698738098,False,0.25723084807395935,0.7387780547142029,0.31532280799001455
560,0.36385852098464966,0.2812114357948303,0.11478476226329803,1.581586480140686,0.008268002420663834,1.9627258777618408,0.5121413469314575,0.002718007192015648,0.0003300792595837265,0.06542419642210007,0.017071379348635674,0.0001389944227412343,1.2516187780420296e-05,1.0,1.0,1.0,1.0,1.0,0.20059160888195038,False,0.28747135400772095,0.7298223972320557,0.3282890960108489
561,0.3662695586681366,0.3115282356739044,0.11600823700428009,1.8892170190811157,0.00659828819334507,1.230248212814331,0.4086887240409851,0.0020783846266567707,0.0002593359095044434,0.041008275002241135,0.013622958213090897,0.00010305481555406004,7.030648703221232e-06,1.0,1.0,1.0,1.0,1.0,0.1806831657886505,False,0.3228515386581421,0.7062892317771912,0.3176702589262277
562,0.3158847689628601,0.23980937898159027,0.1142895296216011,1.206679105758667,0.004851942881941795,2.000840187072754,0.2799530625343323,0.0008758305921219289,6.056945494492538e-05,0.06669467687606812,0.009331769309937954,4.688412445830181e-05,2.0523266357486136e-06,1.0,1.0,1.0,1.0,1.0,0.19990606606006622,False,0.2791285216808319,0.6997358798980713,0.3243114750366658
563,0.29537472128868103,0.224641352891922,0.08466868102550507,1.3289670944213867,0.0070759630762040615,1.6680455207824707,0.45106804370880127,0.001781358616426587,0.00018823755090124905,0.05560151860117912,0.015035602264106274,9.129098907578737e-05,4.952893505105749e-06,1.0,1.0,1.0,1.0,1.0,0.19632431864738464,False,0.29166069626808167,0.6946340799331665,0.3211531660053879
564,0.42666178941726685,0.35422253608703613,0.12253177165985107,2.1269938945770264,0.018991362303495407,1.739152193069458,0.4327377676963806,0.0006236882181838155,0.00029741835896857083,0.05797174200415611,0.014424593187868595,3.191698488080874e-05,1.1004784937540535e-05,1.0,1.0,1.0,1.0,1.0,0.27062010765075684,False,0.28193721175193787,0.720090389251709,0.337622522842139
565,0.3574633002281189,0.29495692253112793,0.11545093357563019,1.7228763103485107,0.007218359038233757,1.6179614067077637,0.25490903854370117,0.001346789882518351,0.00030725766555406153,0.05393204838037491,0.008496968075633049,6.898113497300074e-05,8.381657607969828e-06,1.0,1.0,1.0,1.0,1.0,0.19938261806964874,False,0.2757631540298462,0.7089235186576843,0.3396788549143821
566,0.34868764877319336,0.2933019995689392,0.08813167363405228,2.019989013671875,0.003171393647789955,1.2153226137161255,0.4434017837047577,0.0017176663968712091,0.000220820918912068,0.04051075503230095,0.014780060388147831,8.798264025244862e-05,6.862497684778646e-06,1.0,1.0,1.0,1.0,1.0,0.1842469573020935,False,0.2769457697868347,0.7048380374908447,0.33169533615000546
567,0.32752907276153564,0.2568833827972412,0.1300964206457138,1.2263731956481934,0.0041496362537145615,1.7492746114730835,0.36880815029144287,0.0007864221697673202,0.00012599384353961796,0.058309156447649,0.01229360606521368,4.000268017989583e-05,2.9335460567381233e-06,1.0,1.0,1.0,1.0,1.0,0.2149832546710968,False,0.32530635595321655,0.7775342464447021,0.31274307682178915
568,0.33098188042640686,0.25980085134506226,0.10872473567724228,1.466647744178772,0.004411315079778433,1.7713580131530762,0.362027108669281,0.001008831663057208,0.0004594764905050397,0.05904527008533478,0.01206757128238678,5.320065247360617e-05,1.4988927432568744e-05,1.0,1.0,1.0,1.0,1.0,0.2682628333568573,False,0.28986382484436035,0.7256028652191162,0.33384443796239793
569,0.3836931884288788,0.29908469319343567,0.12017788738012314,1.7015457153320312,0.008752230554819107,1.9873454570770264,0.5499938726425171,0.0006932153482921422,9.068903455045074e-05,0.06624485552310944,0.018333129584789276,2.851953831850551e-05,1.9800104382738937e-06,1.0,1.0,1.0,1.0,1.0,0.2210870087146759,False,0.3244273066520691,0.7754925489425659,0.3289120481349528
570,0.3119452893733978,0.23601236939430237,0.10928183794021606,1.2427674531936646,0.0024537737481296062,1.9065251350402832,0.3695629835128784,0.0010646539740264416,0.0002284942747792229,0.06355084478855133,0.012318766675889492,5.4590233048656955e-05,8.72553118824726e-06,1.0,1.0,1.0,1.0,1.0,0.25963327288627625,False,0.23197463154792786,0.7123169898986816,0.3251463030464947
571,0.4112194776535034,0.3421761989593506,0.07334192842245102,2.540421724319458,0.014792097732424736,1.5296839475631714,0.5389847159385681,0.0016254466027021408,0.00017522441339679062,0.05098946765065193,0.01796615868806839,8.307421376230195e-05,4.587330295180436e-06,1.0,1.0,1.0,1.0,1.0,0.20353518426418304,False,0.29971200227737427,0.6679169535636902,0.31470620282925665
572,0.4128238260746002,0.34158217906951904,0.14421263337135315,1.854057788848877,0.011963767930865288,1.8309049606323242,0.3059585988521576,0.00013484210649039596,0.00010980769002344459,0.06103016808629036,0.010198620148003101,8.204438927350566e-06,4.658681064029224e-06,1.0,1.0,1.0,1.0,1.0,0.21843944489955902,False,0.28452956676483154,0.8020601272583008,0.3317212420515716
573,0.3235068917274475,0.25256335735321045,0.12281139194965363,1.21774160861969,0.007977809756994247,1.813159704208374,0.31356775760650635,0.0009304517298005521,9.329323074780405e-05,0.06043865904211998,0.010452259331941605,4.9963804485742e-05,2.669174818947795e-06,1.0,1.0,1.0,1.0,1.0,0.23383642733097076,False,0.33469173312187195,0.753121018409729,0.31659210892394185
574,0.33975833654403687,0.26041120290756226,0.10093742609024048,1.3665130138397217,0.022822458297014236,1.9500917196273804,0.42910730838775635,0.0006021526642143726,0.0001908954873215407,0.06500305980443954,0.014303578063845634,3.3116870326921344e-05,7.361320058407728e-06,1.0,1.0,1.0,1.0,1.0,0.16544725000858307,False,0.27763497829437256,0.7853084206581116,0.3235624770168215
575,0.4042162299156189,0.3244766891002655,0.11434020102024078,2.0583744049072266,0.004299066495150328,2.122382640838623,0.26688510179519653,0.0018335499335080385,0.00020049381419084966,0.07074609398841858,0.008896170184016228,9.217554179485887e-05,5.100976522953715e-06,1.0,1.0,1.0,1.0,1.0,0.21501424908638,False,0.267902672290802,0.7763820886611938,0.48806110699661076
576,0.380855917930603,0.29321688413619995,0.1099623590707779,1.7416653633117676,0.009088000282645226,2.1450767517089844,0.48280882835388184,0.0007476332830265164,8.523679571226239e-05,0.07150255888700485,0.016093628481030464,4.026845999760553e-05,2.569447133282665e-06,1.0,1.0,1.0,1.0,1.0,0.16104206442832947,False,0.2851550877094269,0.7763921022415161,0.32349318196065724
577,0.32534244656562805,0.26166263222694397,0.08528678864240646,1.6443498134613037,0.01194086205214262,1.4977452754974365,0.4112827777862549,0.0007979509537108243,9.181388304568827e-05,0.04992484673857689,0.01370942685753107,4.194438588456251e-05,3.582767703846912e-06,1.0,1.0,1.0,1.0,1.0,0.18083050847053528,False,0.24300938844680786,0.6989726424217224,0.3168866829946637
578,0.2972913384437561,0.2423488199710846,0.08333922922611237,1.5431849956512451,0.004691086709499359,1.2924573421478271,0.3542203903198242,0.0006983713828958571,0.0003378534165676683,0.04308191314339638,0.01180734671652317,3.8349324313458055e-05,1.4909807759977411e-05,1.0,1.0,1.0,1.0,1.0,0.1996527761220932,False,0.24611137807369232,0.6971749067306519,0.3171524810604751
579,0.26688867807388306,0.20420902967453003,0.08646827191114426,1.1052603721618652,0.00721470732241869,1.4898415803909302,0.38900768756866455,0.0006360570550896227,0.0002743876539170742,0.049661386758089066,0.012966923415660858,4.328427166910842e-05,8.031225661397912e-06,1.0,1.0,1.0,1.0,1.0,0.1934278905391693,False,0.2744414210319519,0.7290021181106567,0.31551451492123306
580,0.3881130814552307,0.30769971013069153,0.12476065754890442,1.7456231117248535,0.00837674830108881,1.9469107389450073,0.4633181095123291,0.0006665042601525784,0.0007301527075469494,0.06489703059196472,0.015443937852978706,3.888331411872059e-05,3.353622378199361e-05,1.0,1.0,1.0,1.0,1.0,0.24754762649536133,False,0.1654355525970459,0.7294163703918457,0.3405298951547593
581,0.24756602942943573,0.20124869048595428,0.05908633768558502,1.3689641952514648,0.005265930667519569,1.0465866327285767,0.3404046297073364,0.0015827383613213897,0.0002692875568754971,0.03488622233271599,0.011346821673214436,7.782659668009728e-05,6.471995220636018e-06,1.0,1.0,1.0,1.0,1.0,0.1347692757844925,False,0.2888503670692444,0.687870979309082,0.31888537015765905
582,0.41988563537597656,0.34739258885383606,0.12998244166374207,1.7998586893081665,0.03742428869009018,1.7576236724853516,0.4145195186138153,0.0009407538454979658,0.0007267785258591175,0.0585874579846859,0.01381731778383255,5.8883226301986724e-05,2.9378506951616146e-05,1.0,1.0,1.0,1.0,1.0,0.27370479702949524,False,0.2464776188135147,0.7305217385292053,0.33732013404369354
583,0.4107121527194977,0.3334486484527588,0.1248464435338974,1.946945071220398,0.013907713815569878,1.912886381149292,0.40167397260665894,0.0020295712165534496,0.00020244898041710258,0.06376288086175919,0.013389132916927338,0.00010320250294171274,8.283276656584349e-06,1.0,1.0,1.0,1.0,1.0,0.291960209608078,False,0.3220282196998596,0.7700448036193848,0.3227269419003278
584,0.3617194890975952,0.29406267404556274,0.08656258881092072,1.9492743015289307,0.01257265079766512,1.7385824918746948,0.2823094129562378,0.0030321620870381594,0.0002491264312993735,0.05795275419950485,0.0094103142619133,0.000282934692222625,1.0826476682268549e-05,1.0,1.0,1.0,1.0,1.0,0.2290429323911667,False,0.2698337435722351,0.7359830737113953,0.3198664248920977
585,0.3020342290401459,0.23780277371406555,0.08173558115959167,1.4956419467926025,0.00650298036634922,1.494035005569458,0.4301036596298218,0.001625681878067553,0.00020181933359708637,0.04980117082595825,0.014336789026856422,8.676918514538556e-05,6.729849246767117e-06,1.0,1.0,1.0,1.0,1.0,0.14837594330310822,False,0.22674185037612915,0.7632603049278259,0.32101143803447485
586,0.32621529698371887,0.24855254590511322,0.10413859784603119,1.3891525268554688,0.005498687736690044,1.9188883304595947,0.40883517265319824,0.0013422600459307432,0.0001369513338431716,0.06396295130252838,0.013627840206027031,6.808739999542013e-05,3.857360752590466e-06,1.0,1.0,1.0,1.0,1.0,0.18045726418495178,False,0.2681298851966858,0.7030305862426758,0.3164308469276875
587,0.36524349451065063,0.3122948706150055,0.09685878455638885,2.0874674320220947,0.006689343601465225,1.1754255294799805,0.40967318415641785,0.0019229869358241558,0.00021621532505378127,0.039180852472782135,0.013655773364007473,0.00010588602162897587,6.103887244535144e-06,1.0,1.0,1.0,1.0,1.0,0.1616588979959488,False,0.3537386953830719,0.7087833881378174,0.2960010659880936
588,0.3125028610229492,0.24363142251968384,0.086636021733284,1.4969021081924438,0.00730519462376833,1.8123142719268799,0.2519172430038452,0.0010820516617968678,0.00031887536169961095,0.060410477221012115,0.008397242054343224,5.395735570346005e-05,9.761687579157297e-06,1.0,1.0,1.0,1.0,1.0,0.1579989194869995,False,0.24170541763305664,0.758301317691803,0.28894271212629974
589,0.33619266748428345,0.2548997700214386,0.12361548840999603,1.2688467502593994,0.0043995981104671955,2.1385655403137207,0.2995845675468445,0.00032568839378654957,0.00010408520756755024,0.07128552347421646,0.0099861528724432,1.770634116837755e-05,3.5248945096100215e-06,1.0,1.0,1.0,1.0,1.0,0.1794891655445099,False,0.27965596318244934,0.7567101120948792,0.2953180910553783
590,0.4333101809024811,0.367351770401001,0.08978569507598877,2.707069158554077,0.006859186105430126,1.4861009120941162,0.490488737821579,0.0010682839201763272,0.0003279205702710897,0.049536701291799545,0.01634962484240532,5.769888230133802e-05,1.4393636774912011e-05,1.0,1.0,1.0,1.0,1.0,0.20419639348983765,False,0.18509289622306824,0.6655949950218201,0.29668889101594687
591,0.39511287212371826,0.3019476532936096,0.14560477435588837,1.5005440711975098,0.006288478150963783,2.409458637237549,0.38409990072250366,0.0006436865078285336,0.0002321735373698175,0.08031529188156128,0.012803331017494202,3.9221176848514006e-05,7.371054380200803e-06,1.0,1.0,1.0,1.0,1.0,0.34347981214523315,False,0.28580906987190247,0.753338634967804,0.3035073010250926
592,0.34006285667419434,0.26603198051452637,0.10441090166568756,1.4851797819137573,0.013103114441037178,1.767471432685852,0.4507998824119568,0.001508904853835702,0.0002335219323867932,0.05891571566462517,0.015026663430035114,7.858472963562235e-05,9.932795364875346e-06,1.0,1.0,1.0,1.0,1.0,0.15635444223880768,False,0.2952447235584259,0.7274254560470581,0.30316586210392416
593,0.3188976049423218,0.24881210923194885,0.1227874681353569,1.2020130157470703,0.005823340732604265,1.8302314281463623,0.2689027190208435,0.001906922785565257,0.00013580318773165345,0.06100771576166153,0.00896342471241951,0.00010944373207166791,4.915233603242086e-06,1.0,1.0,1.0,1.0,1.0,0.2926468253135681,False,0.25090909004211426,0.7052859663963318,0.2935264699626714
594,0.3613143563270569,0.28256645798683167,0.12871390581130981,1.4812822341918945,0.005724308080971241,2.02581524848938,0.335712730884552,0.0006024368922226131,4.975848423782736e-05,0.067527174949646,0.011190424673259258,2.942486753454432e-05,8.75822138368676e-07,1.0,1.0,1.0,1.0,1.0,0.21608023345470428,False,0.362734854221344,0.7586607933044434,0.2856546409893781
595,0.3642651438713074,0.28256428241729736,0.09201085567474365,1.8079893589019775,0.009754471480846405,2.1351161003112793,0.314673513174057,0.0004575419588945806,0.00011987669859081507,0.07117053866386414,0.010489117354154587,3.65810701623559e-05,4.63723063148791e-06,1.0,1.0,1.0,1.0,1.0,0.1770736277103424,False,0.2073054313659668,0.7399897575378418,0.2946029407903552
596,0.3280985355377197,0.24670737981796265,0.10907642543315887,1.2987983226776123,0.007751129567623138,2.057229518890381,0.3835522532463074,0.000358182325726375,0.00010938418563455343,0.06857432425022125,0.012785076163709164,2.7421603590482846e-05,4.331696800363716e-06,1.0,1.0,1.0,1.0,1.0,0.15768910944461823,False,0.2483011782169342,0.7042778730392456,0.2863982957787812
597,0.36120176315307617,0.2673433721065521,0.10403183102607727,1.5372048616409302,0.009591077454388142,2.3056886196136475,0.5074078440666199,0.0014311119448393583,0.0005789304850623012,0.07685629278421402,0.01691359654068947,7.169263699324802e-05,1.679568231338635e-05,1.0,1.0,1.0,1.0,1.0,0.15547479689121246,False,0.3192048668861389,0.720452606678009,0.29207913880236447
598,0.33578312397003174,0.2647395431995392,0.1319429874420166,1.1219003200531006,0.02060653083026409,1.709319829940796,0.4208979904651642,0.0007032312569208443,2.6305086066713557e-05,0.05697733163833618,0.01402993407100439,3.5505727282725275e-05,8.268820010925992e-07,1.0,1.0,1.0,1.0,1.0,0.18086950480937958,False,0.35646986961364746,0.8029327392578125,0.2886415000539273
599,0.35666364431381226,0.29817381501197815,0.12351173907518387,1.6955113410949707,0.005110926926136017,1.4019567966461182,0.351192444562912,0.0006245218683034182,0.0004212551866658032,0.046731896698474884,0.011706415563821793,3.681988891912624e-05,1.4683689187222626e-05,1.0,1.0,1.0,1.0,1.0,0.17904122173786163,False,0.2675502896308899,0.7403959035873413,0.3031712130177766
600,0.2476961314678192,0.18235193192958832,0.06977973133325577,1.0356744527816772,0.00900474563241005,1.5669598579406738,0.39155516028404236,0.0010351326782256365,0.0002077162789646536,0.05223199725151062,0.013051839545369148,5.227874135016464e-05,8.088891263469122e-06,1.0,1.0,1.0,1.0,1.0,0.20238538086414337,False,0.2349434494972229,0.6997210383415222,0.4472365400288254
601,0.3565326929092407,0.2644462585449219,0.11449462920427322,1.427435278892517,0.007208110764622688,2.1180310249328613,0.6399748921394348,0.0015263969544321299,0.0008756234892643988,0.07060103863477707,0.021332496777176857,0.00011187316704308614,4.101781451026909e-05,1.0,1.0,1.0,1.0,1.0,0.1822110414505005,False,0.33543452620506287,0.7579693794250488,0.29300249507650733
602,0.2847146987915039,0.2193458080291748,0.0826779156923294,1.3126827478408813,0.005399598740041256,1.6847047805786133,0.2744247317314148,0.001015753485262394,0.0001852951099863276,0.05615682899951935,0.009147491306066513,5.633663386106491e-05,8.243072443292476e-06,1.0,1.0,1.0,1.0,1.0,0.1662304550409317,False,0.1959947943687439,0.6620248556137085,0.2878404918592423
603,0.32576292753219604,0.2636581063270569,0.09391910582780838,1.6367912292480469,0.006059872917830944,1.3761385679244995,0.4852617084980011,0.000980006530880928,0.000162439770065248,0.04587128758430481,0.016175391152501106,5.182177119422704e-05,6.321427463262808e-06,1.0,1.0,1.0,1.0,1.0,0.15556684136390686,False,0.24373339116573334,0.7144928574562073,0.30841669789515436
604,0.3381752669811249,0.2808833122253418,0.11600081622600555,1.5762068033218384,0.007261788472533226,1.390779733657837,0.3256033658981323,0.001433017896488309,0.00029308133525773883,0.04635932669043541,0.010853446088731289,7.087949779815972e-05,8.310911653097719e-06,1.0,1.0,1.0,1.0,1.0,0.24612675607204437,False,0.3087080419063568,0.7609016299247742,0.3041011388413608
605,0.34722936153411865,0.2745054364204407,0.1091400533914566,1.519960880279541,0.013369310647249222,1.7440537214279175,0.43604597449302673,0.0009487728239037097,0.0001616718218429014,0.058135125786066055,0.01453486643731594,4.839843313675374e-05,5.550154583033873e-06,1.0,1.0,1.0,1.0,1.0,0.20810246467590332,False,0.2766149640083313,0.6704918146133423,0.29426303901709616
606,0.32679665088653564,0.26240074634552,0.09131328761577606,1.6418778896331787,0.006899656727910042,1.5175042152404785,0.41368746757507324,0.0003717138315550983,0.00013125046098139137,0.050583478063344955,0.013789582997560501,1.750593219185248e-05,5.3375611059891526e-06,1.0,1.0,1.0,1.0,1.0,0.16587521135807037,False,0.28467535972595215,0.7270524501800537,0.29844344197772443
607,0.46326786279678345,0.3858978748321533,0.13089922070503235,2.4391703605651855,0.011081594973802567,1.9273992776870728,0.39017099142074585,0.002236938802525401,0.00013804083573631942,0.06424664705991745,0.013005699962377548,0.00011410107254050672,3.5398734326008707e-06,1.0,1.0,1.0,1.0,1.0,0.23011529445648193,False,0.36732757091522217,0.7921030521392822,0.3023190298117697
608,0.3620459735393524,0.2757602035999298,0.11213846504688263,1.5694000720977783,0.006681744009256363,2.2416629791259766,0.3455572724342346,0.0006718695512972772,0.00020330687402747571,0.07472210377454758,0.011518576182425022,3.659037611214444e-05,8.49120806378778e-06,1.0,1.0,1.0,1.0,1.0,0.1986525058746338,False,0.3142516016960144,0.8011165261268616,0.29109573387540877
609,0.4238159954547882,0.35846513509750366,0.09646611660718918,2.5814027786254883,0.0038587069138884544,1.4863014221191406,0.47232234477996826,0.0011148680932819843,8.510016778018326e-05,0.049543384462594986,0.015744078904390335,6.0971240600338206e-05,2.430909944450832e-06,1.0,1.0,1.0,1.0,1.0,0.18546351790428162,False,0.30751195549964905,0.7056556940078735,0.3040128981228918
610,0.2711528539657593,0.20560845732688904,0.0851769894361496,1.1474276781082153,0.005688698496669531,1.5478038787841797,0.4160565137863159,0.0012986609945073724,0.00035989333991892636,0.051593463867902756,0.013868550769984722,7.233701035147533e-05,1.0028980796050746e-05,1.0,1.0,1.0,1.0,1.0,0.16953802108764648,False,0.1887686848640442,0.6865688562393188,0.28721773787401617
611,0.3504062592983246,0.27904051542282104,0.13967761397361755,1.2679510116577148,0.012567788362503052,1.7452833652496338,0.39349937438964844,0.0011980128474533558,0.00012413995864335448,0.05817611515522003,0.013116646558046341,6.896519334986806e-05,4.023142537334934e-06,1.0,1.0,1.0,1.0,1.0,0.18014514446258545,False,0.3931676149368286,0.7978953123092651,0.30679132393561304
612,0.23690339922904968,0.15485258400440216,0.08098390698432922,0.6885167360305786,0.005017003044486046,2.195817470550537,0.2651086151599884,0.0003189550479874015,5.3237934480421245e-05,0.07319392263889313,0.008836953900754452,1.820647594286129e-05,1.7252654060939676e-06,1.0,1.0,1.0,1.0,1.0,0.16364814341068268,False,0.18396562337875366,0.6886653900146484,0.2918397521134466
613,0.3712835907936096,0.2814810872077942,0.11293412744998932,1.621902585029602,0.00635670218616724,2.42677903175354,0.2665814459323883,0.0003061485767830163,0.000328885274939239,0.0808926373720169,0.008886048570275307,1.542133031762205e-05,8.382990927202627e-06,1.0,1.0,1.0,1.0,1.0,0.22747932374477386,False,0.3680351972579956,0.7682258486747742,0.2984321059193462
614,0.3821733891963959,0.31395772099494934,0.07506974041461945,2.3114545345306396,0.007742530200630426,1.5643779039382935,0.48061496019363403,0.0006289106095209718,0.0002987956686411053,0.052145931869745255,0.016020499169826508,3.711112367454916e-05,1.2124126442358829e-05,1.0,1.0,1.0,1.0,1.0,0.15300647914409637,False,0.20458051562309265,0.6967785954475403,0.29429791984148324
615,0.5100530982017517,0.42979681491851807,0.10531464219093323,3.1189799308776855,0.012584198266267776,1.8453104496002197,0.5610552430152893,0.0007186895236372948,0.0001516706688562408,0.0615103505551815,0.018701842054724693,3.8650352507829666e-05,5.4367451411962975e-06,1.0,1.0,1.0,1.0,1.0,0.192358136177063,False,0.2845277786254883,0.7465236783027649,0.2984803169965744
616,0.4555862545967102,0.37365302443504333,0.10424426198005676,2.626516342163086,0.006757144816219807,2.0260188579559326,0.4291703701019287,0.0017465697601437569,0.00015349510067608207,0.0675339624285698,0.014305680058896542,8.831165905576199e-05,5.259689260128653e-06,1.0,1.0,1.0,1.0,1.0,0.19025124609470367,False,0.30211660265922546,0.7594685554504395,0.3007113120984286
617,0.3451100289821625,0.2555205821990967,0.1306827962398529,1.123107671737671,0.012527024373412132,2.174863815307617,0.5117900967597961,0.0003578762407414615,0.00023217906709760427,0.0724954679608345,0.017059670761227608,2.619003498693928e-05,8.129469279083423e-06,1.0,1.0,1.0,1.0,1.0,0.20975662767887115,False,0.2344762235879898,0.7421176433563232,0.30879535316489637
618,0.40633147954940796,0.3309479355812073,0.11291252821683884,2.1237616539001465,0.005659213289618492,1.9342894554138184,0.3249466121196747,0.0013341098092496395,0.00010939483036054298,0.06447631865739822,0.010831554420292377,7.235167140606791e-05,3.3232308851438574e-06,1.0,1.0,1.0,1.0,1.0,0.212080717086792,False,0.32157695293426514,0.7473711967468262,0.29164329916238785
619,0.3429082930088043,0.2829579710960388,0.08020168542861938,1.9178268909454346,0.01097358763217926,1.3192321062088013,0.4771437346935272,0.0008975033997558057,0.000521074456628412,0.04397440701723099,0.01590479165315628,4.8377845814684406e-05,2.2734422600478865e-05,1.0,1.0,1.0,1.0,1.0,0.15698251128196716,False,0.2850241959095001,0.6591041684150696,0.3016553120687604
620,0.30238455533981323,0.24338573217391968,0.07306444644927979,1.6117584705352783,0.00914543867111206,1.2981038093566895,0.46977436542510986,0.0010182727128267288,0.00027482592849992216,0.04327012971043587,0.015659146010875702,5.9935584431514144e-05,9.599828445061576e-06,1.0,1.0,1.0,1.0,1.0,0.18207411468029022,False,0.30087924003601074,0.641639232635498,0.2993026759941131
621,0.27884358167648315,0.2212626188993454,0.06617952138185501,1.4190714359283447,0.013175941072404385,1.333213210105896,0.3892260789871216,0.002061443869024515,0.0006710008601658046,0.04444044083356857,0.012974203564226627,0.0001384420902468264,2.788344500004314e-05,1.0,1.0,1.0,1.0,1.0,0.3303758203983307,False,0.25430840253829956,0.6927172541618347,0.3116150419227779
622,0.3163691461086273,0.22315850853919983,0.10183687508106232,1.1676218509674072,0.004559474065899849,2.1309142112731934,0.664840042591095,0.0003698814252857119,6.642554217251018e-05,0.07103047519922256,0.022161336615681648,1.7474187188781798e-05,1.357833070869674e-06,1.0,1.0,1.0,1.0,1.0,0.16680032014846802,False,0.24728873372077942,0.7355231642723083,0.3066975900437683
623,0.3068716824054718,0.24832172691822052,0.08042959868907928,1.6488300561904907,0.003009113483130932,1.4073774814605713,0.34696078300476074,0.0011489014141261578,0.0003292958717793226,0.04691258445382118,0.011565360240638256,6.269166624406353e-05,9.314201633969788e-06,1.0,1.0,1.0,1.0,1.0,0.17853784561157227,False,0.23363372683525085,0.6698959469795227,0.3085920559242368
624,0.3106127679347992,0.23560571670532227,0.10410113632678986,1.2522602081298828,0.00627857493236661,1.9566376209259033,0.29233360290527344,0.0006735253846272826,0.00013214290083851665,0.06522125750780106,0.009744454175233841,3.657904017018154e-05,4.7598423407180235e-06,1.0,1.0,1.0,1.0,1.0,0.23187530040740967,False,0.2638060748577118,0.7345479130744934,0.29774740897119045
625,0.3089839816093445,0.24899202585220337,0.06705904006958008,1.7786096334457397,0.004072028677910566,1.2691091299057007,0.5282618999481201,0.0014537551905959845,0.00014961379929445684,0.04230364039540291,0.017608730122447014,7.432291749864817e-05,5.272149792290293e-06,1.0,1.0,1.0,1.0,1.0,0.2113121598958969,False,0.17891086637973785,0.638992190361023,0.4554515879135579
626,0.3095839321613312,0.23655684292316437,0.08897434175014496,1.4528473615646362,0.0022977348417043686,1.823022484779358,0.36696332693099976,0.00043494513374753296,0.00014593932428397238,0.06076741963624954,0.012232111766934395,2.3435022740159184e-05,4.128149157622829e-06,1.0,1.0,1.0,1.0,1.0,0.17099858820438385,False,0.26024097204208374,0.727217972278595,0.293251627124846
627,0.39415332674980164,0.3128126859664917,0.1252540946006775,1.8345420360565186,0.004104373045265675,1.9646612405776978,0.4741213917732239,0.0007789566298015416,8.541871648048982e-05,0.06548871099948883,0.015804046764969826,4.514601459959522e-05,2.733918336161878e-06,1.0,1.0,1.0,1.0,1.0,0.20367878675460815,False,0.3451077938079834,0.7641489505767822,0.30645980313420296
628,0.45434239506721497,0.3750804662704468,0.07836443185806274,2.878782033920288,0.00883781723678112,1.6738245487213135,0.7013115882873535,0.0014958051033318043,0.0001927329576574266,0.05579415336251259,0.023377053439617157,8.3196944615338e-05,7.5226466833555605e-06,1.0,1.0,1.0,1.0,1.0,0.18804819881916046,False,0.27408868074417114,0.6954601407051086,0.3069440769031644
629,0.4370872378349304,0.36220237612724304,0.1207655742764473,2.346550226211548,0.006781781557947397,1.7033371925354004,0.5414574146270752,0.0010306044714525342,0.00014663208276033401,0.05677790939807892,0.01804858073592186,5.461090768221766e-05,3.7662480281142052e-06,1.0,1.0,1.0,1.0,1.0,0.24731963872909546,False,0.30848491191864014,0.7551732659339905,0.3065124689601362
630,0.3579578101634979,0.2779281735420227,0.10494973510503769,1.6937177181243896,0.0036066616885364056,1.889512538909912,0.5093532800674438,0.0010890043340623379,0.00021233237930573523,0.06298375129699707,0.016978442668914795,5.971326754661277e-05,7.733531674603e-06,1.0,1.0,1.0,1.0,1.0,0.2226964235305786,False,0.23192763328552246,0.7010843753814697,0.2994508510455489
631,0.29461076855659485,0.2388763427734375,0.06773372739553452,1.652422547340393,0.005900337360799313,1.2658988237380981,0.4034404754638672,0.0015397937968373299,0.00014343950897455215,0.04219663143157959,0.013448016718029976,8.5685052908957e-05,4.096139946341282e-06,1.0,1.0,1.0,1.0,1.0,0.15182413160800934,False,0.23770862817764282,0.7008699178695679,0.28809655411168933
632,0.342500239610672,0.25330179929733276,0.08360885083675385,1.552302598953247,0.014462670311331749,2.233940601348877,0.438808798789978,0.0015322184190154076,0.0004810508689843118,0.07446469366550446,0.014626960270106792,8.594115934101865e-05,2.0854422473348677e-05,1.0,1.0,1.0,1.0,1.0,0.16292597353458405,False,0.22910168766975403,0.7162611484527588,0.28242092696018517
633,0.2973262667655945,0.2201845943927765,0.08845683187246323,1.2724798917770386,0.004479778930544853,1.6308789253234863,0.6815290451049805,0.0010548002319410443,0.00013772767852060497,0.05436263233423233,0.022717636078596115,5.6974713515955955e-05,4.427318799571367e-06,1.0,1.0,1.0,1.0,1.0,0.13990260660648346,False,0.30320554971694946,0.7399889230728149,0.293853651965037
634,0.29999828338623047,0.23845632374286652,0.06529198586940765,1.5558083057403564,0.017583513632416725,1.4525146484375,0.39049240946769714,0.0018037909176200628,0.00043535823351703584,0.04841715842485428,0.013016413897275925,9.523416520096362e-05,1.3147846402716823e-05,1.0,1.0,1.0,1.0,1.0,0.154314324259758,False,0.17759719491004944,0.6388821005821228,0.29840096621774137
635,0.3092661201953888,0.2175007164478302,0.11770259588956833,0.938499927520752,0.005948122590780258,2.476472854614258,0.2740493416786194,0.0006226399564184248,0.0005038478411734104,0.08254910260438919,0.009134978987276554,5.8717720094136894e-05,2.2596894268644974e-05,1.0,1.0,1.0,1.0,1.0,0.1723543107509613,False,0.2075158953666687,0.7763323187828064,0.29564665304496884
636,0.3290574252605438,0.2634657025337219,0.10506515204906464,1.536149501800537,0.0047856103628873825,1.7017648220062256,0.2637937366962433,0.001180727151222527,0.00032884973916225135,0.05672549828886986,0.008793124929070473,6.135273724794388e-05,1.1750252269848716e-05,1.0,1.0,1.0,1.0,1.0,0.17461465299129486,False,0.24773508310317993,0.7385193705558777,0.28630563989281654
637,0.43698641657829285,0.3566773533821106,0.12955693900585175,2.0939395427703857,0.017726454883813858,1.9239445924758911,0.47900882363319397,0.003550807014107704,0.00035630856291390955,0.0641314908862114,0.015966961160302162,0.00019911662093363702,1.1486881703604013e-05,1.0,1.0,1.0,1.0,1.0,0.30382680892944336,False,0.31538379192352295,0.7535134553909302,0.2929875161498785
638,0.2966466546058655,0.20879806578159332,0.11935160309076309,0.8462179899215698,0.004824655596166849,2.3092238903045654,0.32444632053375244,0.0005358763155527413,0.0006197579205036163,0.07697413116693497,0.010814878158271313,3.266931889811531e-05,2.6896743293036707e-05,1.0,1.0,1.0,1.0,1.0,0.19287802278995514,False,0.2501465976238251,0.7632683515548706,0.28911748295649886
639,0.320333331823349,0.257580041885376,0.07443244755268097,1.7851359844207764,0.004634005483239889,1.4212590456008911,0.4575289487838745,0.002280218992382288,0.0001716338738333434,0.04737530276179314,0.01525096595287323,0.00012151362170698121,5.507537025550846e-06,1.0,1.0,1.0,1.0,1.0,0.1517782360315323,False,0.271010160446167,0.7115527391433716,0.28617632505483925
640,0.39996349811553955,0.33309710025787354,0.09845556318759918,2.293208599090576,0.005320659838616848,1.6036003828048706,0.4009435176849365,0.0008894753409549594,0.00013398141891229898,0.05345334857702255,0.01336478441953659,4.4534805056173354e-05,3.739961812243564e-06,1.0,1.0,1.0,1.0,1.0,0.14984868466854095,False,0.3108990788459778,0.6586245894432068,0.29516165191307664
641,0.31647413969039917,0.2544761300086975,0.08859705924987793,1.5979831218719482,0.006080749910324812,1.478108525276184,0.38130730390548706,0.00018590380204841495,0.00028589466819539666,0.04927028715610504,0.01271024439483881,1.0582209142739885e-05,6.887029485369567e-06,1.0,1.0,1.0,1.0,1.0,0.13930672407150269,False,0.2513866424560547,0.6957464218139648,0.2925727819092572
642,0.34991025924682617,0.2732837200164795,0.1149737685918808,1.5243492126464844,0.005875021684914827,2.0964200496673584,0.20148631930351257,0.00039240013575181365,0.00011106401507277042,0.06988067179918289,0.00671621086075902,2.6397367037134245e-05,3.2567868402111344e-06,1.0,1.0,1.0,1.0,1.0,0.24028171598911285,False,0.2458917498588562,0.7501590251922607,0.29439332499168813
643,0.4271019995212555,0.3274364471435547,0.16724678874015808,1.536231517791748,0.006566515192389488,2.5218095779418945,0.46589457988739014,0.0007383348420262337,0.0006564661161974072,0.08406032621860504,0.015529819764196873,4.577882282319479e-05,2.964197119581513e-05,1.0,1.0,1.0,1.0,1.0,0.22737577557563782,False,0.3110808730125427,0.7936640977859497,0.31737259798683226
644,0.35815122723579407,0.2958122789859772,0.0977916270494461,1.883500576019287,0.009670580737292767,1.5601128339767456,0.3087286651134491,0.0007286231266334653,0.000199524947674945,0.05200376361608505,0.010290956124663353,3.741715772775933e-05,6.803057203796925e-06,1.0,1.0,1.0,1.0,1.0,0.1607617884874344,False,0.2680175304412842,0.7479627132415771,0.28831079904921353
645,0.3196207880973816,0.23083394765853882,0.1082063838839531,1.0986205339431763,0.012765510007739067,2.309084892272949,0.3528326451778412,0.0007523043896071613,0.0002696738811209798,0.07696949690580368,0.011761088855564594,4.575540515361354e-05,1.0492401997908019e-05,1.0,1.0,1.0,1.0,1.0,0.18145199120044708,False,0.24572110176086426,0.7396128177642822,0.28717675898224115
646,0.34256479144096375,0.27183884382247925,0.09243728220462799,1.6585218906402588,0.013549339026212692,1.664621353149414,0.45561668276786804,0.0009603988728486001,0.00010879548790398985,0.05548738315701485,0.015187223441898823,4.847507443628274e-05,2.8773911253665574e-06,1.0,1.0,1.0,1.0,1.0,0.17117542028427124,False,0.3035092055797577,0.6772689819335938,0.28665859904140234
647,0.3278302550315857,0.24267804622650146,0.10627736151218414,1.3136835098266602,0.005032338201999664,2.1429390907287598,0.409098744392395,0.0015148951206356287,0.0001614005013834685,0.07143130898475647,0.013636625371873379,7.835459109628573e-05,5.916221198276617e-06,1.0,1.0,1.0,1.0,1.0,0.1697934865951538,False,0.25460514426231384,0.7388933897018433,0.2995216860435903
648,0.2789837121963501,0.21385714411735535,0.09121369570493698,1.2029337882995605,0.0023500840179622173,1.5915387868881226,0.3606407046318054,0.0009755376959219575,0.00011040645040338859,0.05305129662156105,0.01202135719358921,5.035900176153518e-05,3.535691121214768e-06,1.0,1.0,1.0,1.0,1.0,0.20054376125335693,False,0.26276838779449463,0.7409448623657227,0.3156085181981325
649,0.4344797730445862,0.3665362596511841,0.0892055407166481,2.538313865661621,0.023499350994825363,1.4421272277832031,0.5946100950241089,0.0008418072829954326,0.00013187192962504923,0.048070911318063736,0.019820338115096092,4.7021581849548966e-05,5.239430720394012e-06,1.0,1.0,1.0,1.0,1.0,0.1842471957206726,False,0.22638151049613953,0.6731876134872437,0.30876899510622025
650,0.4358254075050354,0.36249080300331116,0.13320931792259216,2.260833263397217,0.0031981663778424263,1.8491225242614746,0.3478964567184448,0.001466379500925541,0.0005375809269025922,0.06163742020726204,0.011596549302339554,7.661600830033422e-05,2.400358789600432e-05,1.0,1.0,1.0,1.0,1.0,0.2601822316646576,False,0.29963016510009766,0.7634232640266418,0.46531723998486996
651,0.33919230103492737,0.26670894026756287,0.08354642987251282,1.7612440586090088,0.007038080133497715,1.719889521598816,0.45160624384880066,0.0016643195413053036,0.0002542401780374348,0.057329654693603516,0.015053542330861092,9.047727508004755e-05,9.681290976004675e-06,1.0,1.0,1.0,1.0,1.0,0.22927668690681458,False,0.23520761728286743,0.7217130661010742,0.2987710682209581
652,0.4409032464027405,0.35921433568000793,0.11403316259384155,2.3032236099243164,0.014858826994895935,1.9284470081329346,0.5177741646766663,0.0024924948811531067,0.00029156438540667295,0.06428156793117523,0.0172591395676136,0.0001378105371259153,1.0386074791313149e-05,1.0,1.0,1.0,1.0,1.0,0.1778833121061325,False,0.3123047351837158,0.7513834834098816,0.2976490850560367
653,0.3620593845844269,0.28736716508865356,0.0967361181974411,1.7894538640975952,0.011685670353472233,1.7755255699157715,0.46240121126174927,0.0015465810429304838,0.0002572646480984986,0.05918418988585472,0.01541337464004755,8.602753950981423e-05,8.632240678707603e-06,1.0,1.0,1.0,1.0,1.0,0.28257396817207336,False,0.215648353099823,0.7370844483375549,0.2818458171095699
654,0.38518026471138,0.30374085903167725,0.10263996571302414,1.9224629402160645,0.0088545773178339,1.7903817892074585,0.6501367688179016,0.0016085234237834811,0.00029446487314999104,0.05967939645051956,0.021671226248145103,8.339416672242805e-05,5.395202606450766e-06,1.0,1.0,1.0,1.0,1.0,0.1841008961200714,False,0.2847694754600525,0.6942963600158691,0.296815661014989
655,0.26077863574028015,0.19770559668540955,0.09766815602779388,0.9467383027076721,0.005363592877984047,1.6456559896469116,0.2452464997768402,0.0005967883625999093,0.0001310483057750389,0.05485520139336586,0.008174884133040905,3.773799471673556e-05,5.222046638664324e-06,1.0,1.0,1.0,1.0,1.0,0.17708870768547058,False,0.19636812806129456,0.7066105604171753,0.30752025195397437
656,0.27119189500808716,0.19064894318580627,0.07265898585319519,1.118467092514038,0.006143244914710522,2.017268419265747,0.3949592113494873,0.0021676381584256887,0.00022713252110406756,0.06724228709936142,0.01316530816257,0.0001289836800424382,6.371521067194408e-06,1.0,1.0,1.0,1.0,1.0,0.18298566341400146,False,0.274739146232605,0.6898003220558167,0.29236400686204433
657,0.3714181184768677,0.3058650493621826,0.1178397610783577,1.826735019683838,0.005351760890334845,1.6212430000305176,0.3430117070674896,0.0009837327525019646,0.00019273882207926363,0.054041437804698944,0.01143372431397438,7.100124639691785e-05,6.909900548635051e-06,1.0,1.0,1.0,1.0,1.0,0.20827454328536987,False,0.282034695148468,0.783299446105957,0.3080028761178255
658,0.35728076100349426,0.26935961842536926,0.1046789363026619,1.526026964187622,0.012077984400093555,2.07319974899292,0.5624134540557861,0.0011285888031125069,0.00017687911167740822,0.06910666078329086,0.0187471155077219,6.236226909095421e-05,4.998400982003659e-06,1.0,1.0,1.0,1.0,1.0,0.19517971575260162,False,0.26551997661590576,0.7053135633468628,0.29924340615980327
659,0.3650057017803192,0.28523188829421997,0.12201779335737228,1.5765256881713867,0.005561519414186478,1.9715957641601562,0.41948938369750977,0.0012954665580764413,8.37195257190615e-05,0.06571986526250839,0.013982980512082577,6.81658202665858e-05,2.8066135655535618e-06,1.0,1.0,1.0,1.0,1.0,0.1669117957353592,False,0.33623969554901123,0.7597777843475342,0.2970994580537081
660,0.3412860035896301,0.2861357033252716,0.07977288961410522,2.0141730308532715,0.004945504479110241,1.283405065536499,0.3692794442176819,0.0010510694701224566,7.778090366628021e-05,0.04278017207980156,0.012309315614402294,5.835458796354942e-05,2.461348231008742e-06,1.0,1.0,1.0,1.0,1.0,0.1486046016216278,False,0.290067583322525,0.7001086473464966,0.29833444696851075
661,0.43480339646339417,0.3471614122390747,0.11752127856016159,2.1686534881591797,0.012774750590324402,2.223372459411621,0.40180742740631104,0.0023521026596426964,0.00048369012074545026,0.0741124227643013,0.013393581844866276,0.00011898978846147656,1.699311178526841e-05,1.0,1.0,1.0,1.0,1.0,0.22599759697914124,False,0.2882388234138489,0.7519609332084656,0.2926229340955615
662,0.327272891998291,0.27048274874687195,0.10256943106651306,1.6435816287994385,0.0035551609471440315,1.3486937284469604,0.3501134514808655,0.002993875415995717,0.00020601846335921437,0.04495646059513092,0.011670448817312717,0.00015633678412996233,6.900078460603254e-06,1.0,1.0,1.0,1.0,1.0,0.2619965374469757,False,0.292315274477005,0.7211025953292847,0.3006537819746882
663,0.3308808207511902,0.2661045789718628,0.08304482698440552,1.68062162399292,0.014997599646449089,1.535313367843628,0.4065994322299957,0.0007727305637672544,0.00013140193186700344,0.05117711424827576,0.013553314842283726,4.233582876622677e-05,3.473664037301205e-06,1.0,1.0,1.0,1.0,1.0,0.24675290286540985,False,0.27435871958732605,0.7004460692405701,0.28869767393916845
664,0.45508795976638794,0.3786356449127197,0.08054539561271667,2.9244346618652344,0.005646754056215286,1.7965166568756104,0.4930536150932312,0.0017736009322106838,0.00026844331296160817,0.05988389253616333,0.01643512211740017,0.00012150322436355054,1.1812662705779076e-05,1.0,1.0,1.0,1.0,1.0,0.1659879982471466,False,0.25440067052841187,0.653292179107666,0.3095073290169239
665,0.2823488116264343,0.2127469778060913,0.07760082185268402,1.3154869079589844,0.0035974811762571335,1.593047857284546,0.49083614349365234,0.0024596001021564007,0.00019160474766977131,0.05310159921646118,0.016361204907298088,0.0001315830450039357,7.434110557369422e-06,1.0,1.0,1.0,1.0,1.0,0.19098351895809174,False,0.22620002925395966,0.7048836946487427,0.30237556900829077
666,0.34716302156448364,0.2699276804924011,0.0931079313158989,1.6590666770935059,0.010913080535829067,1.7609851360321045,0.5520530343055725,0.0013660843251273036,0.0012083130422979593,0.058699507266283035,0.018401768058538437,7.596475188620389e-05,5.808918649563566e-05,1.0,1.0,1.0,1.0,1.0,0.17616789042949677,False,0.13509708642959595,0.7201986908912659,0.2927758239675313
667,0.4762800931930542,0.3780227303504944,0.12933050096035004,2.358924388885498,0.012799816206097603,2.5576329231262207,0.38379645347595215,0.00383027084171772,0.00041559370583854616,0.08525443822145462,0.012793215923011303,0.00019459478789940476,1.5110804270079825e-05,1.0,1.0,1.0,1.0,1.0,0.18067313730716705,False,0.4004397690296173,0.822295069694519,0.29690059018321335
668,0.3709557056427002,0.2940804362297058,0.1004788875579834,1.7470861673355103,0.018892917782068253,1.9101346731185913,0.39454975724220276,0.0008916810620576143,0.00023224923643283546,0.06367115676403046,0.01315165963023901,4.538825305644423e-05,7.078160251694499e-06,1.0,1.0,1.0,1.0,1.0,0.2169182449579239,False,0.24835053086280823,0.7109174132347107,0.2958217749837786
669,0.38245826959609985,0.31606560945510864,0.10519132018089294,1.9474173784255981,0.016132568940520287,1.555274486541748,0.43390774726867676,0.0014049923047423363,0.00017964292783290148,0.05184248462319374,0.014463592320680618,8.022294059628621e-05,6.349734121613437e-06,1.0,1.0,1.0,1.0,1.0,0.18970508873462677,False,0.2735109329223633,0.6936923265457153,0.29524545813910663
670,0.35096311569213867,0.2654499113559723,0.1291312277317047,1.1448791027069092,0.021830782294273376,2.321798086166382,0.23966659605503082,0.001843206468038261,0.0008012149482965469,0.07739327102899551,0.007988886907696724,9.6101313829422e-05,3.496006684144959e-05,1.0,1.0,1.0,1.0,1.0,0.29066359996795654,False,0.2881787121295929,0.8011093735694885,0.31103937490843236
671,0.39999550580978394,0.3299984931945801,0.11814477294683456,1.9056127071380615,0.021292440593242645,1.8085250854492188,0.2893149256706238,0.0010521005606278777,0.00023963417334016412,0.060284171253442764,0.00964383129030466,6.106687214924023e-05,7.931589607323986e-06,1.0,1.0,1.0,1.0,1.0,0.17743554711341858,False,0.37105029821395874,0.7347077131271362,0.33427084400318563
672,0.3955630958080292,0.3181227147579193,0.12479199469089508,1.8763985633850098,0.00569086754694581,1.812711477279663,0.5091529488563538,0.0007043781806714833,0.00019352858362253755,0.06042372062802315,0.016971765086054802,4.0786304452922195e-05,4.11704331781948e-06,1.0,1.0,1.0,1.0,1.0,0.28219568729400635,False,0.28186938166618347,0.7565745115280151,0.34342226409353316
673,0.37941351532936096,0.3088526129722595,0.06747406721115112,2.329164743423462,0.008462099358439445,1.5756341218948364,0.5370616316795349,0.0025200853124260902,0.0003562231722753495,0.05252113938331604,0.017902055755257607,0.0001268103369511664,1.0900694178417325e-05,1.0,1.0,1.0,1.0,1.0,0.1646975725889206,False,0.3228481113910675,0.6889733672142029,0.333807238843292
674,0.33662524819374084,0.26680871844291687,0.08930139243602753,1.699117660522461,0.007595551200211048,1.743375539779663,0.34972286224365234,0.0007661146810278296,0.00014007958816364408,0.05811252072453499,0.011657428927719593,4.227210229146294e-05,4.308325515012257e-06,1.0,1.0,1.0,1.0,1.0,0.20359890162944794,False,0.2247384488582611,0.6585618257522583,0.3364760831464082
675,0.29279088973999023,0.2321890890598297,0.08536665886640549,1.4198938608169556,0.004833015147596598,1.4892971515655518,0.3273554742336273,0.0007843325147405267,0.0001657224347582087,0.04964324086904526,0.010911849327385426,4.2216233850922436e-05,4.480568350118119e-06,1.0,1.0,1.0,1.0,1.0,0.15819387137889862,False,0.2805063724517822,0.7385832071304321,0.4895113499369472
676,0.3828854560852051,0.3107033371925354,0.0958641991019249,1.9409736394882202,0.020741771906614304,1.826909065246582,0.333571195602417,0.0022810669615864754,0.00018121290486305952,0.060896970331668854,0.011119040660560131,0.00015991719556041062,6.203957582329167e-06,1.0,1.0,1.0,1.0,1.0,0.2781675159931183,False,0.28921690583229065,0.7116752862930298,0.34780012001283467
677,0.31115201115608215,0.24031120538711548,0.09334422647953033,1.391626000404358,0.007804365828633308,1.6693229675292969,0.4538845419883728,0.0011754481820389628,0.00023908430011942983,0.05564410239458084,0.015129485167562962,6.014000973664224e-05,7.085385277605383e-06,1.0,1.0,1.0,1.0,1.0,0.20535455644130707,False,0.2898276448249817,0.7503186464309692,0.32892370596528053
678,0.27322667837142944,0.2061125487089157,0.115224689245224,0.8686319589614868,0.004024664405733347,1.573439359664917,0.43782368302345276,0.0008589715580455959,0.000422332581365481,0.052447982132434845,0.014594123698771,5.325408710632473e-05,1.876503120001871e-05,1.0,1.0,1.0,1.0,1.0,0.19810131192207336,False,0.2593686580657959,0.7073683142662048,0.34068996901623905
679,0.29756003618240356,0.22308601438999176,0.08899290859699249,1.2259104251861572,0.011502069421112537,1.9020317792892456,0.3317020535469055,0.00023263003095053136,0.00013906031381338835,0.06340106576681137,0.01105673611164093,1.2019581845379435e-05,4.219052698317682e-06,1.0,1.0,1.0,1.0,1.0,0.15714621543884277,False,0.25766706466674805,0.7418534755706787,0.3397894869558513
680,0.40956243872642517,0.331040620803833,0.09008101373910904,2.3115768432617188,0.009801950305700302,1.9277797937393188,0.425514817237854,0.0014164992608129978,0.00016800689627416432,0.06425932794809341,0.014183827675879002,7.383300544461235e-05,4.824261395697249e-06,1.0,1.0,1.0,1.0,1.0,0.21656537055969238,False,0.23648282885551453,0.7043173909187317,0.3373746699653566
681,0.37440118193626404,0.29497653245925903,0.101619653403759,1.7585928440093994,0.017497604712843895,2.08980131149292,0.28945738077163696,0.001305340905673802,0.0010133731411769986,0.06966004520654678,0.009648580104112625,6.983095954637975e-05,4.6181841753423214e-05,1.0,1.0,1.0,1.0,1.0,0.2138257473707199,False,0.28670430183410645,0.766642153263092,0.3358058768790215
682,0.4240713119506836,0.31709665060043335,0.10193968564271927,2.013699531555176,0.013787031173706055,2.444462776184082,0.7608635425567627,0.0021309335716068745,0.0005875890492461622,0.08148209750652313,0.02536211907863617,0.00011457067739684135,1.5866258763708174e-05,1.0,1.0,1.0,1.0,1.0,0.17915622889995575,False,0.21822813153266907,0.7296774387359619,0.3372273580171168
683,0.31859737634658813,0.21315577626228333,0.11116407066583633,0.9510241150856018,0.006889283657073975,2.824632167816162,0.3374457359313965,0.00045737845357507467,0.0003348920145072043,0.09415441006422043,0.011248191818594933,2.512368700990919e-05,1.3883373867429327e-05,1.0,1.0,1.0,1.0,1.0,0.19914546608924866,False,0.24323701858520508,0.7877327799797058,0.32434356794692576
684,0.2903129458427429,0.21864593029022217,0.10696163773536682,1.0723955631256104,0.004444736056029797,1.7494611740112305,0.3916299343109131,0.005688381381332874,0.00020000386575702578,0.058315373957157135,0.01305433176457882,0.0002911904011853039,6.117450993770035e-06,1.0,1.0,1.0,1.0,1.0,0.1606602519750595,False,0.3268260359764099,0.7610182762145996,0.32798437192104757
685,0.3193409740924835,0.25592517852783203,0.08754418790340424,1.5045466423034668,0.017926324158906937,1.6449837684631348,0.2557797133922577,0.000763299991376698,0.00034227222204208374,0.05483279377222061,0.008525990881025791,4.362900654086843e-05,1.339009941148106e-05,1.0,1.0,1.0,1.0,1.0,0.14892131090164185,False,0.2702903151512146,0.7081254720687866,0.33067571301944554
686,0.3760046362876892,0.29913330078125,0.10707114636898041,1.8942387104034424,0.0026382552459836006,1.8766216039657593,0.42785173654556274,0.0008604214526712894,0.00010718272824306041,0.06255405396223068,0.01426172535866499,5.2302122639957815e-05,3.256539912399603e-06,1.0,1.0,1.0,1.0,1.0,0.24516844749450684,False,0.2606838345527649,0.6817653179168701,0.33000520803034306
687,0.36652112007141113,0.3002691864967346,0.11780538409948349,1.7630815505981445,0.006155652925372124,1.5185285806655884,0.4678911566734314,0.0006792534841224551,0.00010209020547335967,0.05061762034893036,0.01559637300670147,3.565926817827858e-05,2.297141691087745e-06,1.0,1.0,1.0,1.0,1.0,0.21830616891384125,False,0.3159599006175995,0.7482635974884033,0.3554049769882113
688,0.3835620582103729,0.31508514285087585,0.07937082648277283,2.0884501934051514,0.0268692784011364,1.4305208921432495,0.6230132579803467,0.00048002434778027236,7.085367542458698e-05,0.04768403246998787,0.020767109468579292,2.4152737751137465e-05,1.6238602711382555e-06,1.0,1.0,1.0,1.0,1.0,0.13655896484851837,False,0.3133769631385803,0.7134815454483032,0.33497374108992517
689,0.3884653151035309,0.3224499821662903,0.11496168375015259,2.033660411834717,0.004122238606214523,1.4409303665161133,0.5349233746528625,0.0028496088925749063,0.00032064589322544634,0.04803101345896721,0.017830779775977135,0.00014584031305275857,7.70937458582921e-06,1.0,1.0,1.0,1.0,1.0,0.24433103203773499,False,0.36532342433929443,0.740249752998352,0.34282562881708145
690,0.2433367520570755,0.17031314969062805,0.07234357297420502,0.9433530569076538,0.003634268883615732,1.8534677028656006,0.3365602493286133,0.0003424269671086222,0.00011566242028493434,0.06178225949406624,0.011218675412237644,1.9616021745605394e-05,3.0497353691316675e-06,1.0,1.0,1.0,1.0,1.0,0.14168234169483185,False,0.17082780599594116,0.6755096912384033,0.3510939101688564
691,0.4630371928215027,0.3725281357765198,0.11839278787374496,2.4605865478515625,0.008076685480773449,2.387540102005005,0.32352983951568604,0.002437650691717863,0.00046448016655631363,0.07958467304706573,0.010784328915178776,0.0001275883405469358,1.2479632459871937e-05,1.0,1.0,1.0,1.0,1.0,0.2303035706281662,False,0.36431485414505005,0.7867248058319092,0.3517666270490736
692,0.328843355178833,0.2433030605316162,0.10770095884799957,1.2851111888885498,0.007090987637639046,2.158686637878418,0.40519165992736816,0.0010512899607419968,0.00013473712897393852,0.07195622473955154,0.01350638922303915,7.302005542442203e-05,4.655455995816737e-06,1.0,1.0,1.0,1.0,1.0,0.19307492673397064,False,0.30811041593551636,0.7418771982192993,0.32538929115980864
693,0.2923175096511841,0.22146888077259064,0.0799601823091507,1.3583855628967285,0.005670134909451008,1.6091699600219727,0.5143632888793945,0.0010645760921761394,0.00011708092642948031,0.0536390021443367,0.017145443707704544,6.038641004124656e-05,3.8054720334912417e-06,1.0,1.0,1.0,1.0,1.0,0.16985012590885162,False,0.2738478481769562,0.638322114944458,0.32434550300240517
694,0.2666774392127991,0.20792722702026367,0.12078230082988739,0.8507802486419678,0.002066883724182844,1.5170822143554688,0.24349388480186462,0.001258663833141327,8.316962339449674e-05,0.05056941136717796,0.00811646319925785,6.272087193792686e-05,1.6270939795504091e-06,1.0,1.0,1.0,1.0,1.0,0.17069457471370697,False,0.33120930194854736,0.7566711902618408,0.3386148880235851
695,0.34359586238861084,0.2639440894126892,0.12576404213905334,1.310260534286499,0.007153976708650589,2.010990619659424,0.37761497497558594,0.00042834889609366655,0.000110144930658862,0.06703302264213562,0.012587166391313076,2.8173344617243856e-05,3.3981546039285604e-06,1.0,1.0,1.0,1.0,1.0,0.19033077359199524,False,0.22090688347816467,0.7486505508422852,0.3310418741311878
696,0.3726533055305481,0.3022397458553314,0.09132712334394455,2.0165107250213623,0.009261513128876686,1.7282928228378296,0.3807203471660614,0.001768696354702115,0.0003716789942700416,0.057609762996435165,0.012690679170191288,9.633587615098804e-05,1.677327963989228e-05,1.0,1.0,1.0,1.0,1.0,0.1942095309495926,False,0.32735875248908997,0.7269031405448914,0.3438341428991407
697,0.5098950862884521,0.43483662605285645,0.1209862157702446,3.064178943634033,0.007432462647557259,1.8215157985687256,0.42911383509635925,0.000604213448241353,0.00014196045231074095,0.06071719527244568,0.01430379506200552,3.270588058512658e-05,4.7623734644730575e-06,1.0,1.0,1.0,1.0,1.0,0.20994947850704193,False,0.29578518867492676,0.7828962206840515,0.350735543994233
698,0.38625508546829224,0.3032984137535095,0.11069972813129425,1.881077766418457,0.004490877501666546,2.182393789291382,0.3043052554130554,0.001146733178757131,7.827320951037109e-05,0.07274646311998367,0.01014350913465023,6.457908602897078e-05,2.1191121959418524e-06,1.0,1.0,1.0,1.0,1.0,0.2063775360584259,False,0.27182358503341675,0.7636623382568359,0.3247257589828223
699,0.36720749735832214,0.31317323446273804,0.08376076072454453,2.2489302158355713,0.00451943464577198,1.1249871253967285,0.4928585886955261,0.0019058333709836006,0.00016306748148053885,0.037499573081731796,0.016428619623184204,0.00010268852929584682,3.373266281414544e-06,1.0,1.0,1.0,1.0,1.0,0.16628795862197876,False,0.3136730194091797,0.7666223049163818,0.339632733957842
700,0.22887754440307617,0.18188318610191345,0.05949003994464874,1.1869020462036133,0.003702957183122635,1.0437970161437988,0.36478137969970703,0.0005933215143159032,0.00011674099368974566,0.03479323536157608,0.012159380130469799,3.7527119275182486e-05,4.2081019273609854e-06,1.0,1.0,1.0,1.0,1.0,0.16350436210632324,False,0.21212370693683624,0.6543396711349487,0.5037652319297194
701,0.3572700619697571,0.2851446270942688,0.14614659547805786,1.26004958152771,0.012993093580007553,1.890186071395874,0.2714439034461975,0.001302985823713243,0.00016747128393035382,0.0630062073469162,0.009048130363225937,6.572889105882496e-05,5.362576303014066e-06,1.0,1.0,1.0,1.0,1.0,0.18463607132434845,False,0.31711357831954956,0.7890889048576355,0.3365780902095139
702,0.34888747334480286,0.26536664366722107,0.11652890592813492,1.214026927947998,0.027435045689344406,2.1683244705200195,0.3312428891658783,0.003806254593655467,0.0002606618218123913,0.0722774863243103,0.011041429825127125,0.00019246591546107084,9.44920157053275e-06,1.0,1.0,1.0,1.0,1.0,0.19883015751838684,False,0.2342129647731781,0.7494686841964722,0.33850931213237345
703,0.3934919536113739,0.3116523325443268,0.08808043599128723,2.034172773361206,0.02015460655093193,2.011951208114624,0.44127994775772095,0.0010394859127700329,0.0002674908027984202,0.0670650452375412,0.014709332026541233,5.5649044952588156e-05,9.606093044567388e-06,1.0,1.0,1.0,1.0,1.0,0.19311927258968353,False,0.248885840177536,0.7145777940750122,0.32822542800568044
704,0.3936721980571747,0.30573225021362305,0.10908566415309906,1.874155044555664,0.009231070056557655,2.113222122192383,0.5237302184104919,0.0006913415272720158,0.0001266604958800599,0.07044073939323425,0.01745767518877983,3.7271398468874395e-05,4.267851636541309e-06,1.0,1.0,1.0,1.0,1.0,0.2050309032201767,False,0.2677685022354126,0.7435705065727234,0.3287821391131729
705,0.38587790727615356,0.30863410234451294,0.10396568477153778,1.9684112071990967,0.007827281951904297,1.9171578884124756,0.3979567885398865,0.0012061807792633772,0.0003156143648084253,0.063905268907547,0.01326522696763277,6.208065315149724e-05,1.1245879250054713e-05,1.0,1.0,1.0,1.0,1.0,0.17086122930049896,False,0.2717820405960083,0.6744892597198486,0.3282616059295833
706,0.44779646396636963,0.3649296760559082,0.12145504355430603,1.8224596977233887,0.06122865155339241,2.1116151809692383,0.3704954981803894,0.0023692534305155277,0.00021859336993657053,0.07038717716932297,0.012349850498139858,0.00012077693099854514,8.991453796625137e-06,1.0,1.0,1.0,1.0,1.0,0.2769544720649719,False,0.28420203924179077,0.8011742830276489,0.33790093497373164
707,0.3393588066101074,0.2776586711406708,0.10640467703342438,1.6869103908538818,0.002562932902947068,1.6363894939422607,0.21362201869487762,0.0005446145078167319,7.237956742756069e-05,0.05454631894826889,0.007120734546333551,2.9973329219501466e-05,3.111761316176853e-06,1.0,1.0,1.0,1.0,1.0,0.1634432077407837,False,0.32604697346687317,0.7554166316986084,0.3294022958725691
708,0.21488595008850098,0.15724541246891022,0.06486649066209793,0.822145938873291,0.010164313949644566,1.3060005903244019,0.4210628867149353,0.0010722028091549873,0.0004605244903359562,0.04353335499763489,0.014035430736839771,5.470496398629621e-05,1.705282920738682e-05,1.0,1.0,1.0,1.0,1.0,0.12936623394489288,False,0.24136857688426971,0.6918526887893677,0.32782549201510847
709,0.2756253480911255,0.21057049930095673,0.06531637161970139,1.3162537813186646,0.01362875197082758,1.4828195571899414,0.46737581491470337,0.00042855070205405354,0.00047959774383343756,0.04942731931805611,0.015579194761812687,2.904535358538851e-05,1.928421261254698e-05,1.0,1.0,1.0,1.0,1.0,0.11584498733282089,False,0.28796160221099854,0.6860150098800659,0.3240157209802419
710,0.3287646472454071,0.25279468297958374,0.1356300711631775,1.1270582675933838,0.00445878691971302,1.9140242338180542,0.36329835653305054,0.0009598389733582735,0.0001775292184902355,0.06380081176757812,0.01210994552820921,5.48572679690551e-05,4.352936230134219e-06,1.0,1.0,1.0,1.0,1.0,0.21375851333141327,False,0.3446495831012726,0.7452530860900879,0.32534498209133744
711,0.36715519428253174,0.28485554456710815,0.116195447742939,1.583738923072815,0.010286207310855389,2.1024203300476074,0.3628786504268646,0.001735670492053032,0.0005767872789874673,0.07008068263530731,0.012095955200493336,9.570567635819316e-05,2.7288837372907437e-05,1.0,1.0,1.0,1.0,1.0,0.23408649861812592,False,0.28072893619537354,0.7996423244476318,0.3276343068573624
712,0.3714548647403717,0.31321799755096436,0.08590543270111084,2.1467432975769043,0.012638261541724205,1.1399235725402832,0.60479736328125,0.0010454669827595353,0.0004457621544133872,0.03799745440483093,0.02015991322696209,6.0476308135548607e-05,1.9020682884729467e-05,1.0,1.0,1.0,1.0,1.0,0.15891487896442413,False,0.23697885870933533,0.6444622278213501,0.34128611092455685
713,0.3634320795536041,0.2845495343208313,0.10566282272338867,1.5287320613861084,0.026013502851128578,1.7810553312301636,0.5773607492446899,0.004244215786457062,0.0015928639331832528,0.05936851352453232,0.019245360046625137,0.0002141054137609899,5.4569329222431406e-05,1.0,1.0,1.0,1.0,1.0,0.3102593421936035,False,0.22871556878089905,0.7471396923065186,0.3337776430416852
714,0.4495723247528076,0.3668411076068878,0.11137606203556061,2.476977825164795,0.007767236791551113,1.915090799331665,0.5645228624343872,0.0011100861011072993,0.00042879232205450535,0.06383636593818665,0.01881743036210537,5.807655179523863e-05,1.935581531142816e-05,1.0,1.0,1.0,1.0,1.0,0.18407899141311646,False,0.28863996267318726,0.7276980876922607,0.34337816783227026
715,0.34504520893096924,0.2660384774208069,0.08034747838973999,1.667554259300232,0.0189355555921793,1.8354661464691162,0.532831072807312,0.0007130844751372933,0.000526030024047941,0.061182208359241486,0.01776103675365448,4.097527562407777e-05,2.25096991925966e-05,1.0,1.0,1.0,1.0,1.0,0.16671496629714966,False,0.2145439088344574,0.699339747428894,0.3260363119188696
716,0.33035117387771606,0.2576221525669098,0.10096998512744904,1.4303503036499023,0.01361714769154787,1.7814611196517944,0.397866427898407,0.001206006039865315,0.0007113796309567988,0.05938204005360603,0.013262215070426464,6.234309694264084e-05,2.2416974388761446e-05,1.0,1.0,1.0,1.0,1.0,0.17693586647510529,False,0.2566601634025574,0.694461464881897,0.32003819290548563
717,0.3023792803287506,0.23250585794448853,0.08202355355024338,1.4106066226959229,0.009421652182936668,1.7103822231292725,0.3842698037624359,0.0007982598035596311,0.00029537855880334973,0.05701274424791336,0.012808994390070438,4.2479510739212856e-05,9.199340638588183e-06,1.0,1.0,1.0,1.0,1.0,0.1597903072834015,False,0.21173147857189178,0.6893055438995361,0.3357631890103221
718,0.24835459887981415,0.19173282384872437,0.07675681263208389,1.0825002193450928,0.006725977174937725,1.1409478187561035,0.554863452911377,0.0013518464984372258,0.0005502885906025767,0.038031596690416336,0.018495449796319008,7.698593253735453e-05,1.7742551790433936e-05,1.0,1.0,1.0,1.0,1.0,0.14029976725578308,False,0.21624097228050232,0.6795569658279419,0.33639338915236294
719,0.29805439710617065,0.2500620484352112,0.06460302323102951,1.8008933067321777,0.005369704216718674,1.173846960067749,0.26469069719314575,0.0007173094199970365,9.829048940446228e-05,0.03912823274731636,0.008823024109005928,3.757197191589512e-05,3.5259029118606122e-06,1.0,1.0,1.0,1.0,1.0,0.1510528326034546,False,0.2630411982536316,0.7011098265647888,0.3262960088904947
720,0.44234025478363037,0.3658793568611145,0.11507316678762436,2.357985019683838,0.015007665380835533,2.06545352935791,0.22687315940856934,0.0007603603298775852,0.00017353244766127318,0.06884845346212387,0.007562438957393169,4.4059612264391035e-05,5.9354915720177814e-06,1.0,1.0,1.0,1.0,1.0,0.18758158385753632,False,0.30280011892318726,0.7468023300170898,0.3325032179709524
721,0.32188016176223755,0.24011921882629395,0.12111678719520569,1.0956631898880005,0.009436112828552723,2.1903882026672363,0.26148250699043274,0.0005557649419642985,9.094789857044816e-05,0.07301294058561325,0.008716084063053131,2.9064240152365528e-05,2.8541594474518206e-06,1.0,1.0,1.0,1.0,1.0,0.20019425451755524,False,0.3126062750816345,0.7577512264251709,0.3288197189103812
722,0.3931519687175751,0.299620121717453,0.13798493146896362,1.5752183198928833,0.004113340750336647,2.41589093208313,0.38798707723617554,0.0011750279227271676,0.00017636959091760218,0.08052970468997955,0.01293290313333273,6.4087551436387e-05,5.153165147930849e-06,1.0,1.0,1.0,1.0,1.0,0.19315491616725922,False,0.29932087659835815,0.8049468994140625,0.32695166813209653
723,0.2871050238609314,0.22840997576713562,0.09364596009254456,1.261357069015503,0.0086283003911376,1.4743304252624512,0.2845994234085083,0.0010192433837801218,0.00030201999470591545,0.04914434999227524,0.009486648254096508,5.598908319370821e-05,8.07028936833376e-06,1.0,1.0,1.0,1.0,1.0,0.17758795619010925,False,0.2768734097480774,0.6776115894317627,0.3166260120924562
724,0.34388288855552673,0.27680665254592896,0.09958101063966751,1.7337079048156738,0.003854847978800535,1.4096553325653076,0.6000709533691406,0.001363794319331646,0.00027608638629317284,0.04698851332068443,0.020002366974949837,7.701653521507978e-05,8.344411980942823e-06,1.0,1.0,1.0,1.0,1.0,0.1424223631620407,False,0.2620071768760681,0.7021757364273071,0.32216536602936685
725,0.21364299952983856,0.16550126671791077,0.04478882998228073,1.1144086122512817,0.009271571412682533,1.1474545001983643,0.2935095429420471,0.0014443941181525588,0.0006985361105762422,0.03824848681688309,0.009783651679754257,7.692995859542862e-05,3.266782368882559e-05,1.0,1.0,1.0,1.0,1.0,0.12376909703016281,False,0.17943322658538818,0.5947402119636536,0.4796866769902408
726,0.4542158842086792,0.3568096160888672,0.12893013656139374,2.196047306060791,0.008274763822555542,2.5070488452911377,0.41056907176971436,0.002667361404746771,0.00040217922651208937,0.08356829732656479,0.013685636222362518,0.00014117899991106242,1.1160545909660868e-05,1.0,1.0,1.0,1.0,1.0,0.20752206444740295,False,0.31708642840385437,0.7727696299552917,0.3290793979540467
727,0.35225242376327515,0.2606944143772125,0.1520177572965622,0.9658232927322388,0.012094303034245968,2.3733630180358887,0.3719671368598938,0.0007682405994273722,0.00025471809203736484,0.07911210507154465,0.012398905120790005,3.785487206187099e-05,9.125005817622878e-06,1.0,1.0,1.0,1.0,1.0,0.25341883301734924,False,0.3693222999572754,0.790630578994751,0.32847161893732846
728,0.31851494312286377,0.2530768811702728,0.07044629007577896,1.7800366878509521,0.004626915790140629,1.3547954559326172,0.6041905283927917,0.0022875694558024406,0.00044265433098189533,0.045159850269556046,0.02013968490064144,0.00012027902994304895,1.823841012082994e-05,1.0,1.0,1.0,1.0,1.0,0.12858444452285767,False,0.2332185059785843,0.6605633497238159,0.3271321209613234
729,0.29605165123939514,0.23905940353870392,0.09284937381744385,1.4098809957504272,0.005221918690949678,1.2697899341583252,0.4383968710899353,0.0008505169535055757,0.00023468059953302145,0.04232633486390114,0.014613229781389236,4.567531868815422e-05,6.997990567469969e-06,1.0,1.0,1.0,1.0,1.0,0.19217978417873383,False,0.28969061374664307,0.6638799905776978,0.3329435109626502
730,0.3230609893798828,0.2559250593185425,0.10725417733192444,1.3423357009887695,0.014437312260270119,1.6499364376068115,0.36212050914764404,0.000972902518697083,0.00038826692616567016,0.05499788373708725,0.01207068469375372,5.512659845408052e-05,1.2216248251206707e-05,1.0,1.0,1.0,1.0,1.0,0.20391374826431274,False,0.2608606219291687,0.72357577085495,0.32186653511598706
731,0.3749232590198517,0.29238104820251465,0.12955287098884583,1.402602195739746,0.022567957639694214,2.140927314758301,0.3320641815662384,0.00203524949029088,0.00023404278908856213,0.07136424630880356,0.011068806983530521,0.00010321236914023757,5.934709861321608e-06,1.0,1.0,1.0,1.0,1.0,0.23722611367702484,False,0.3531631827354431,0.7797975540161133,0.3154361911583692
732,0.29778021574020386,0.22303277254104614,0.09799876809120178,1.1760289669036865,0.007431110367178917,1.9459002017974854,0.29500359296798706,0.0009110894752666354,9.6448915428482e-05,0.06486334651708603,0.009833453223109245,4.7676479880465195e-05,2.9653845103894128e-06,1.0,1.0,1.0,1.0,1.0,0.13967831432819366,False,0.3482508063316345,0.8141947984695435,0.3241626489907503
733,0.31993070244789124,0.2494734525680542,0.12840093672275543,1.1772572994232178,0.0033467758912593126,1.805487871170044,0.30696552991867065,0.0005412576720118523,0.00014405319234356284,0.06018293276429176,0.010232185013592243,3.751569602172822e-05,4.628523129213136e-06,1.0,1.0,1.0,1.0,1.0,0.17805200815200806,False,0.3291522264480591,0.7445273995399475,0.32874613208696246
734,0.37101316452026367,0.29456645250320435,0.12343059480190277,1.6703910827636719,0.004096776247024536,1.9392324686050415,0.3529680371284485,0.0005748911062255502,0.0002528175537008792,0.0646410882472992,0.011765602044761181,3.2161118724616244e-05,7.866619853302836e-06,1.0,1.0,1.0,1.0,1.0,0.21869736909866333,False,0.3427741229534149,0.7407145500183105,0.3350971071049571
735,0.31591567397117615,0.2420148253440857,0.09466339647769928,1.3499248027801514,0.012358944863080978,1.8643925189971924,0.34917670488357544,0.0018843910656869411,0.00018828018801286817,0.062146421521902084,0.011639224365353584,0.00010738764831330627,7.82553161116084e-06,1.0,1.0,1.0,1.0,1.0,0.2069382220506668,False,0.2052520364522934,0.7494361400604248,0.31845342507585883
736,0.24265241622924805,0.18505311012268066,0.06619627773761749,1.1146180629730225,0.007395023480057716,1.5663049221038818,0.1598052829504013,0.0006849085330031812,0.00042366955312900245,0.05221016705036163,0.00532684288918972,4.2874933569692075e-05,1.9420634998823516e-05,1.0,1.0,1.0,1.0,1.0,0.1415191888809204,False,0.20619946718215942,0.6244790554046631,0.3255501608364284
737,0.2571633756160736,0.19928061962127686,0.10201891511678696,0.933297872543335,0.003931908868253231,1.440659999847412,0.2951607406139374,0.0004169884487055242,7.343613833654672e-05,0.04802200198173523,0.009838691912591457,2.035114448517561e-05,1.700696202533436e-06,1.0,1.0,1.0,1.0,1.0,0.1996891051530838,False,0.25134098529815674,0.7395731210708618,0.33187443297356367
738,0.44275733828544617,0.35200825333595276,0.10708975791931152,2.3809187412261963,0.0068266065791249275,2.0393905639648438,0.6776358485221863,0.0026271017268300056,0.0009529938688501716,0.06797968596220016,0.022587861865758896,0.00013838362065143883,4.316352351452224e-05,1.0,1.0,1.0,1.0,1.0,0.1889290064573288,False,0.28209930658340454,0.7283519506454468,0.3204468269832432
739,0.30621784925460815,0.2403256595134735,0.10531804710626602,1.2669049501419067,0.00831713154911995,1.5093920230865479,0.463591605424881,0.0014839934883639216,0.0005568979540839791,0.0503130704164505,0.015453054569661617,0.00010964270768454298,1.6423669876530766e-05,1.0,1.0,1.0,1.0,1.0,0.20424073934555054,False,0.30388355255126953,0.7588826417922974,0.330961812986061
740,0.4200339913368225,0.32791101932525635,0.12124709784984589,1.9544906616210938,0.011214857921004295,2.30880069732666,0.4510742425918579,0.0016172501491382718,0.00019615620840340853,0.07696002721786499,0.015035809017717838,0.00012121642066631466,5.907170816499274e-06,1.0,1.0,1.0,1.0,1.0,0.26995033025741577,False,0.3331274688243866,0.726689338684082,0.34078790596686304
741,0.4171494245529175,0.34271037578582764,0.11959055066108704,2.158179521560669,0.007301842328161001,1.843557596206665,0.38068756461143494,0.0053409491665661335,0.0006794253713451326,0.06145192310214043,0.01268958579748869,0.0002739058109000325,2.3650267394259572e-05,1.0,1.0,1.0,1.0,1.0,0.19529664516448975,False,0.33485084772109985,0.7739356160163879,0.3370745680294931
742,0.30464959144592285,0.24309369921684265,0.06614625453948975,1.679580569267273,0.008989395573735237,1.46219801902771,0.38059911131858826,0.00206971587613225,0.00014161888975650072,0.04873993620276451,0.012686638161540031,0.00012437012628652155,4.953478310198989e-06,1.0,1.0,1.0,1.0,1.0,0.1855737715959549,False,0.23015785217285156,0.6441071033477783,0.3263857860583812
743,0.3549633324146271,0.28388911485671997,0.09765148162841797,1.7323249578475952,0.01300513744354248,1.609718680381775,0.5203226208686829,0.0013847684022039175,0.00016596165369264781,0.05365729331970215,0.01734408736228943,6.640543870162219e-05,6.422084879886825e-06,1.0,1.0,1.0,1.0,1.0,0.25382211804389954,False,0.21017147600650787,0.7071698904037476,0.3475207469891757
744,0.41779017448425293,0.33693286776542664,0.08580997586250305,2.4182283878326416,0.00930003635585308,1.7744156122207642,0.6493465304374695,0.0011385951656848192,0.00022588585852645338,0.0591471903026104,0.02164488472044468,5.771930955233984e-05,7.498533705074806e-06,1.0,1.0,1.0,1.0,1.0,0.1966361552476883,False,0.22034388780593872,0.7656430602073669,0.328420934965834
745,0.34723687171936035,0.2598280608654022,0.1411837786436081,1.114626407623291,0.007181653752923012,2.295301675796509,0.3256562650203705,0.0007225606823340058,0.00017167296027764678,0.07651005685329437,0.010855209082365036,3.8595000660279766e-05,4.943263775203377e-06,1.0,1.0,1.0,1.0,1.0,0.18903276324272156,False,0.3030606508255005,0.8324686288833618,0.3365518420469016
746,0.32403427362442017,0.2530185580253601,0.08695948123931885,1.5557832717895508,0.010480756871402264,1.5637764930725098,0.5626810789108276,0.0015641851350665092,0.0013965452089905739,0.05212588608264923,0.018756037577986717,9.376922389492393e-05,4.0024267946137115e-05,1.0,1.0,1.0,1.0,1.0,0.1953403800725937,False,0.20176036655902863,0.6498274803161621,0.3293388010933995
747,0.24742072820663452,0.18758416175842285,0.052483148872852325,1.2746665477752686,0.007634352892637253,1.2409850358963013,0.5515048503875732,0.0015022765146568418,0.00023741176119074225,0.04136617109179497,0.01838349550962448,7.775906851748005e-05,9.133724233834073e-06,1.0,1.0,1.0,1.0,1.0,0.1440241038799286,False,0.24083051085472107,0.6780276894569397,0.34120918600820005
748,0.2901082932949066,0.23643559217453003,0.07498899847269058,1.5167503356933594,0.009771537035703659,1.0166484117507935,0.5906260013580322,0.0017653899267315865,0.00018934976833406836,0.033888280391693115,0.019687535241246223,9.190385753754526e-05,4.989615717931883e-06,1.0,1.0,1.0,1.0,1.0,0.19781582057476044,False,0.2642017602920532,0.671626091003418,0.33248094585724175
749,0.3791387677192688,0.31496167182922363,0.09611180424690247,2.142031669616699,0.004646711051464081,1.4109137058258057,0.5114530324935913,0.0016381898894906044,0.00032796201412566006,0.047030460089445114,0.017048435285687447,8.827228884911165e-05,9.924742698785849e-06,1.0,1.0,1.0,1.0,1.0,0.19025887548923492,False,0.223512202501297,0.7412347793579102,0.33679650304839015
750,0.35194724798202515,0.2908221483230591,0.07945824414491653,2.0258989334106445,0.008774001151323318,1.350024938583374,0.4821246266365051,0.0007121397648006678,0.00032945588463917375,0.0450008325278759,0.01607082225382328,4.0395374526269734e-05,1.3029244655626826e-05,1.0,1.0,1.0,1.0,1.0,0.19243748486042023,False,0.23108381032943726,0.7220145463943481,0.49224363500252366
751,0.2749648094177246,0.2290479987859726,0.07924153655767441,1.4708675146102905,0.002719696145504713,1.130493402481079,0.24511919915676117,0.0010560553055256605,0.00018826847372110933,0.037683114409446716,0.008170640096068382,5.769732524640858e-05,5.356417659641011e-06,1.0,1.0,1.0,1.0,1.0,0.1910851150751114,False,0.23575127124786377,0.6833588480949402,0.34794712997972965
752,0.3345748484134674,0.2551420032978058,0.0949397012591362,1.5264174938201904,0.007560539059340954,1.9391582012176514,0.44140467047691345,0.0012259752256795764,0.00010337153798900545,0.06463860720396042,0.014713489450514317,7.760076550766826e-05,3.143454250675859e-06,1.0,1.0,1.0,1.0,1.0,0.21621273458003998,False,0.22089040279388428,0.7157944440841675,0.32697427994571626
753,0.3495190441608429,0.2804209589958191,0.09763409942388535,1.7135975360870361,0.011427091434597969,1.7909765243530273,0.27878114581108093,0.0020318981260061264,0.0001930004800669849,0.059699222445487976,0.009292704984545708,0.00010028420365415514,5.866595529369079e-06,1.0,1.0,1.0,1.0,1.0,0.2931373119354248,False,0.26883962750434875,0.7022624015808105,0.3381354359444231
754,0.30837148427963257,0.2168761044740677,0.1247563511133194,0.8848357200622559,0.00363617530092597,2.4296891689300537,0.31416910886764526,0.0003094277635682374,0.00029334923601709306,0.08098964393138885,0.010472304187715054,2.1283143723849207e-05,1.214897656609537e-05,1.0,1.0,1.0,1.0,1.0,0.2163860946893692,False,0.23557086288928986,0.8447115421295166,0.3412359328940511
755,0.3262464106082916,0.25012579560279846,0.08585886657238007,1.4271445274353027,0.021552475169301033,1.9826085567474365,0.29576897621154785,0.0031228074803948402,0.0002684827777557075,0.06608695536851883,0.009858966805040836,0.00016603904077783227,8.662573236506432e-06,1.0,1.0,1.0,1.0,1.0,0.17959295213222504,False,0.20430296659469604,0.6207428574562073,0.3331801590975374
756,0.31225237250328064,0.24721360206604004,0.09488949179649353,1.4915714263916016,0.0031669395975768566,1.479668140411377,0.46898001432418823,0.0015181805938482285,0.00018538466247264296,0.04932227358222008,0.015632668510079384,7.898308103904128e-05,4.851583071285859e-06,1.0,1.0,1.0,1.0,1.0,0.2200992852449417,False,0.29362577199935913,0.764694094657898,0.3266007218044251
757,0.3104173541069031,0.2431601881980896,0.09199431538581848,1.442314863204956,0.006934370379894972,1.6271765232086182,0.3872990906238556,0.0017948555760085583,0.0004893428413197398,0.054239220917224884,0.012909970246255398,9.195126767735928e-05,1.603668169991579e-05,1.0,1.0,1.0,1.0,1.0,0.19713366031646729,False,0.2697775363922119,0.7069362998008728,0.33486101403832436
758,0.29553744196891785,0.23601865768432617,0.06367520242929459,1.6133021116256714,0.011013241484761238,1.3673113584518433,0.41515401005744934,0.0014408548595383763,0.0006825746968388557,0.045577049255371094,0.013838468119502068,7.560149242635816e-05,2.765497993095778e-05,1.0,1.0,1.0,1.0,1.0,0.16125082969665527,False,0.21668224036693573,0.6244825124740601,0.3394340230152011
759,0.3070909082889557,0.24332942068576813,0.08230762928724289,1.5408403873443604,0.006937764119356871,1.4811769723892212,0.42648956179618835,0.0018989562522619963,0.0014039219822734594,0.04937256872653961,0.014216319657862186,0.00010839062451850623,6.421989382943138e-05,1.0,1.0,1.0,1.0,1.0,0.1860891580581665,False,0.16693109273910522,0.6994169354438782,0.3335512620396912
760,0.3473319709300995,0.27670425176620483,0.1148250475525856,1.563361406326294,0.005543078761547804,1.6636601686477661,0.4527682960033417,0.0015271048760041595,0.00011316195013932884,0.055455341935157776,0.015092276968061924,7.750233635306358e-05,2.6057568902615458e-06,1.0,1.0,1.0,1.0,1.0,0.17869693040847778,False,0.3144999146461487,0.7723037004470825,0.3305884769652039
761,0.2929288148880005,0.2081187218427658,0.10516102612018585,0.9743393659591675,0.005523762200027704,2.0469753742218018,0.49554964900016785,0.0008740874473005533,0.00037118446198292077,0.06823251396417618,0.016518322750926018,4.5297354517970234e-05,1.3961183867650107e-05,1.0,1.0,1.0,1.0,1.0,0.15689224004745483,False,0.2181689739227295,0.7109050750732422,0.32265643402934074
762,0.34894341230392456,0.27456581592559814,0.10620546340942383,1.5920644998550415,0.009153890423476696,1.8371851444244385,0.3921724855899811,0.0011664165649563074,0.000180315924808383,0.06123950704932213,0.013072417117655277,5.9975700423819944e-05,5.708302523999009e-06,1.0,1.0,1.0,1.0,1.0,0.17828954756259918,False,0.25198787450790405,0.7461570501327515,0.32607005606405437
763,0.3106735348701477,0.24925827980041504,0.09646251797676086,1.3429934978485107,0.018496407195925713,1.5039598941802979,0.3375965356826782,0.00046192188165150583,0.00014176039258018136,0.05013199895620346,0.011253218166530132,2.453387060086243e-05,5.49975720787188e-06,1.0,1.0,1.0,1.0,1.0,0.1723887324333191,False,0.2913708984851837,0.7591121196746826,0.33918527397327125
764,0.35509154200553894,0.29313626885414124,0.09143917262554169,1.9650459289550781,0.0051924847066402435,1.372315764427185,0.4816186726093292,0.002909261267632246,0.00016907902318052948,0.04574386030435562,0.016053956001996994,0.00015303591499105096,4.433119102031924e-06,1.0,1.0,1.0,1.0,1.0,0.19388221204280853,False,0.2613050043582916,0.730053186416626,0.3240499149542302
765,0.2938443124294281,0.2112155556678772,0.10436052083969116,0.977483332157135,0.009106699377298355,2.1374876499176025,0.34040650725364685,0.0003296847571618855,0.000305431749438867,0.0712495893239975,0.011346884071826935,1.9736455215024762e-05,1.2539051567728166e-05,1.0,1.0,1.0,1.0,1.0,0.18656593561172485,False,0.22066031396389008,0.7797859311103821,0.3211588249541819
766,0.40097635984420776,0.3317098617553711,0.08926773816347122,2.2014966011047363,0.02229243330657482,1.5778770446777344,0.4986518621444702,0.0008871692116372287,5.708808748750016e-05,0.05259590595960617,0.016621729359030724,4.739903670269996e-05,1.4593439345844672e-06,1.0,1.0,1.0,1.0,1.0,0.19478681683540344,False,0.2680846154689789,0.6474184989929199,0.33967630099505186
767,0.47043517231941223,0.38880419731140137,0.12797673046588898,2.5841867923736572,0.002408774569630623,1.981992483139038,0.4649999737739563,0.0011610679794102907,6.131923873908818e-05,0.06606642156839371,0.01549999974668026,6.273162580328062e-05,1.810323738027364e-06,1.0,1.0,1.0,1.0,1.0,0.22122414410114288,False,0.22987869381904602,0.7199056148529053,0.34888260904699564
768,0.35140201449394226,0.27763238549232483,0.10942130535840988,1.6126360893249512,0.006947449874132872,1.7406649589538574,0.47016215324401855,0.0014071875484660268,0.00012995718861930072,0.05802216753363609,0.015672072768211365,7.120092050172389e-05,4.18612762587145e-06,1.0,1.0,1.0,1.0,1.0,0.2113342136144638,False,0.24990971386432648,0.6803264617919922,0.3368012742139399
769,0.3138563930988312,0.24554544687271118,0.1000945046544075,1.285447120666504,0.016906220465898514,1.617680549621582,0.43053215742111206,0.00037086819065734744,0.0003023148747161031,0.053922686725854874,0.0143510727211833,2.3618329578312114e-05,1.3569547263614368e-05,1.0,1.0,1.0,1.0,1.0,0.17199209332466125,False,0.2586824893951416,0.7449593544006348,0.33885662304237485
770,0.3845280706882477,0.3119570016860962,0.13094834983348846,1.6814851760864258,0.012860147282481194,1.7980127334594727,0.3765961527824402,0.0014240890741348267,0.00018703413661569357,0.05993375927209854,0.012553205713629723,7.838039891794324e-05,5.7184070101357065e-06,1.0,1.0,1.0,1.0,1.0,0.21738240122795105,False,0.29593852162361145,0.7204417586326599,0.33469138015061617
771,0.3779517114162445,0.3193671405315399,0.08341430872678757,2.078594207763672,0.028093384578824043,1.2341011762619019,0.5204508304595947,0.0017745988443493843,0.00022869103122502565,0.04113670811057091,0.017348362132906914,9.077387221623212e-05,8.722968232177664e-06,1.0,1.0,1.0,1.0,1.0,0.18061259388923645,False,0.25565677881240845,0.6273854970932007,0.33115848805755377
772,0.3219450116157532,0.25219225883483887,0.0850367471575737,1.5764323472976685,0.009512271732091904,1.760229229927063,0.3308984041213989,0.0007133197505027056,0.00024425878655165434,0.05867430940270424,0.01102994754910469,3.7398815038613975e-05,1.1083698154834565e-05,1.0,1.0,1.0,1.0,1.0,0.1544591635465622,False,0.2861568331718445,0.6691476106643677,0.33247002214193344
773,0.3360583782196045,0.25973746180534363,0.10320046544075012,1.4834082126617432,0.008196162059903145,1.7111917734146118,0.5763427019119263,0.00104432157240808,0.00010083928646054119,0.05703973025083542,0.0192114245146513,6.549879617523402e-05,4.2517553993093316e-06,1.0,1.0,1.0,1.0,1.0,0.15625616908073425,False,0.2380320429801941,0.6965809464454651,0.3301794738508761
774,0.35465890169143677,0.2965419292449951,0.1011575385928154,1.891792893409729,0.006205105688422918,1.4259986877441406,0.3156798183917999,0.0010287018958479166,0.00020014976325910538,0.047533292323350906,0.010522660799324512,5.548786430153996e-05,5.5351074479403906e-06,1.0,1.0,1.0,1.0,1.0,0.19435933232307434,False,0.2909189462661743,0.6971067786216736,0.3418267809320241
775,0.292631059885025,0.23140192031860352,0.07550957798957825,1.3964489698410034,0.016247445717453957,1.3386139869689941,0.49536311626434326,0.0016863499768078327,0.00020758429309353232,0.04462046921253204,0.016512105241417885,8.878829976310953e-05,7.784829904267099e-06,1.0,1.0,1.0,1.0,1.0,0.11347272247076035,False,0.25941765308380127,0.6874889135360718,0.49107226193882525
776,0.2887016236782074,0.21289993822574615,0.09104544669389725,1.0952285528182983,0.012331640347838402,1.843818187713623,0.42922037839889526,0.0005015403730794787,0.00021317010396160185,0.06146061047911644,0.014307347126305103,2.6627867555362172e-05,7.100192306097597e-06,1.0,1.0,1.0,1.0,1.0,0.1680278480052948,False,0.23011858761310577,0.7028931379318237,0.3322667279280722
777,0.39505016803741455,0.3113812804222107,0.12941130995750427,1.765279769897461,0.005441989284008741,2.0219850540161133,0.48629945516586304,0.0009820825653150678,0.00019648889428935945,0.06739950180053711,0.016209982335567474,5.2473071264103055e-05,6.932325050001964e-06,1.0,1.0,1.0,1.0,1.0,0.20065522193908691,False,0.33042073249816895,0.7465577125549316,0.3281858628615737
778,0.2865275740623474,0.20532706379890442,0.1060318797826767,0.9159088134765625,0.0077043017372488976,1.9636555910110474,0.47146689891815186,0.0004747237544506788,0.00012966094072908163,0.06545519083738327,0.01571556366980076,2.533542283345014e-05,4.418465323396958e-06,1.0,1.0,1.0,1.0,1.0,0.16839370131492615,False,0.2498643696308136,0.7069729566574097,0.33441712288185954
779,0.3080754280090332,0.2336382418870926,0.08657415956258774,1.4228923320770264,0.004774858243763447,1.7510699033737183,0.48035484552383423,0.0009318841039203107,0.000191068509593606,0.058368999511003494,0.016011828556656837,4.8982994485413656e-05,7.3607520789664704e-06,1.0,1.0,1.0,1.0,1.0,0.12995371222496033,False,0.2903403639793396,0.7353415489196777,0.32888121204450727
780,0.4733913838863373,0.41300374269485474,0.07764005661010742,3.276651382446289,0.0076985470950603485,1.2969567775726318,0.5131696462631226,0.0007564816041849554,0.00013863443746231496,0.043231893330812454,0.01710565574467182,4.468835686566308e-05,5.398171197157353e-06,1.0,1.0,1.0,1.0,1.0,0.16357681155204773,False,0.23921391367912292,0.607962965965271,0.33933226903900504
781,0.3304576873779297,0.24534446001052856,0.08242558687925339,1.509979486465454,0.011920926161110401,2.071110725402832,0.48014628887176514,0.0012103725457563996,0.00010881453636102378,0.06903702765703201,0.016004877164959908,6.797353853471577e-05,3.3370308756275335e-06,1.0,1.0,1.0,1.0,1.0,0.18601301312446594,False,0.23953618109226227,0.7447236776351929,0.338630833895877
782,0.3170175552368164,0.2491334080696106,0.08957260847091675,1.5519658327102661,0.0043641929514706135,1.5910544395446777,0.4429742395877838,0.001599093317054212,8.994658128358424e-05,0.053035151213407516,0.01476580835878849,8.082741260295734e-05,2.3660825263505103e-06,1.0,1.0,1.0,1.0,1.0,0.20910905301570892,False,0.2681753933429718,0.7110291719436646,0.33334552613087
783,0.4087624251842499,0.33284077048301697,0.12360775470733643,1.9405975341796875,0.015173292718827724,1.9057948589324951,0.3700965344905853,0.0006600820925086737,0.0005112841026857495,0.06352649629116058,0.012336552143096924,3.4589116694405675e-05,2.402409336355049e-05,1.0,1.0,1.0,1.0,1.0,0.19001615047454834,False,0.29428303241729736,0.7716621160507202,0.33559224009513855
784,0.35111725330352783,0.2867952287197113,0.09849436581134796,1.7842109203338623,0.00987976510077715,1.4967440366744995,0.4306699335575104,0.0012528046499937773,0.0003484368498902768,0.04989147186279297,0.014355665072798729,6.52653761790134e-05,9.6252342700609e-06,1.0,1.0,1.0,1.0,1.0,0.22429686784744263,False,0.25687113404273987,0.6923763155937195,0.3117534660268575
785,0.3492873013019562,0.26530370116233826,0.10033151507377625,1.536759853363037,0.011296212673187256,2.044217109680176,0.4732051491737366,0.0011385860852897167,0.0002260561886942014,0.06814057379961014,0.015773504972457886,6.171011773403734e-05,7.812561307218857e-06,1.0,1.0,1.0,1.0,1.0,0.17972254753112793,False,0.24010053277015686,0.7241278886795044,0.2981519440654665
786,0.41089847683906555,0.35673820972442627,0.08433130383491516,2.542219400405884,0.01818494312465191,1.106716275215149,0.5159008502960205,0.0013628581073135138,0.0003045694320462644,0.03689054399728775,0.017196696251630783,6.0076483350712806e-05,1.2953285477124155e-05,1.0,1.0,1.0,1.0,1.0,0.19063124060630798,False,0.278899610042572,0.6602257490158081,0.3081074331421405
787,0.39584943652153015,0.31144607067108154,0.09799665957689285,2.030588150024414,0.010390588082373142,1.9807500839233398,0.5488374829292297,0.0012619666522368789,0.0004479711060412228,0.06602500379085541,0.01829458400607109,6.492857937701046e-05,1.8846301827579737e-05,1.0,1.0,1.0,1.0,1.0,0.1703743189573288,False,0.3199997544288635,0.7670345306396484,0.29262206610292196
788,0.30411237478256226,0.20342367887496948,0.106405109167099,0.9277013540267944,0.004248439334332943,2.5673952102661133,0.4515843689441681,0.001024658908136189,0.00016670915647409856,0.08557984232902527,0.015052813105285168,5.1947881729574874e-05,4.095018084626645e-06,1.0,1.0,1.0,1.0,1.0,0.1826649308204651,False,0.2923893332481384,0.8014805316925049,0.29276975500397384
789,0.3513016998767853,0.25778427720069885,0.12234784662723541,1.1967098712921143,0.015765447169542313,2.3212637901306152,0.48362261056900024,0.00033955881372094154,0.00011374666064511985,0.07737546414136887,0.016120754182338715,1.7591983123566024e-05,3.602674951252993e-06,1.0,1.0,1.0,1.0,1.0,0.19600991904735565,False,0.2684900760650635,0.7738947868347168,0.2978912980761379
790,0.2738909125328064,0.19328375160694122,0.08938352018594742,0.9671825170516968,0.007181974593549967,2.1116299629211426,0.3053533434867859,0.000717574788723141,0.0001574057387188077,0.07038766890764236,0.010178444907069206,3.650706275948323e-05,4.539340352494037e-06,1.0,1.0,1.0,1.0,1.0,0.22259105741977692,False,0.22310975193977356,0.7673170566558838,0.28831280884332955
791,0.2824479341506958,0.22696228325366974,0.08755436539649963,1.3385887145996094,0.005549049004912376,1.4746623039245605,0.18876144289970398,0.00045879557728767395,0.00010337772982893512,0.04915541410446167,0.006292048376053572,3.3828331652330235e-05,4.349199116404634e-06,1.0,1.0,1.0,1.0,1.0,0.18450579047203064,False,0.25675293803215027,0.6723273992538452,0.30057261092588305
792,0.30374452471733093,0.228542760014534,0.09393827617168427,1.2725422382354736,0.007350263651460409,1.8841335773468018,0.37079206109046936,0.00038262567250058055,0.0003226311528123915,0.0628044530749321,0.012359735555946827,2.3247885110322386e-05,1.4333632861962542e-05,1.0,1.0,1.0,1.0,1.0,0.17262284457683563,False,0.2486455738544464,0.6884469985961914,0.3016585889272392
793,0.3484222888946533,0.27649784088134766,0.11803629249334335,1.4987974166870117,0.008581770583987236,1.7591848373413086,0.39763927459716797,0.00043731037294492126,0.00011983144941041246,0.05863949656486511,0.01325464341789484,2.6756697479868308e-05,3.552074076651479e-06,1.0,1.0,1.0,1.0,1.0,0.21603593230247498,False,0.2197837382555008,0.7345531582832336,0.30849927896633744
794,0.32726427912712097,0.24222099781036377,0.09238889813423157,1.4297847747802734,0.006853622384369373,1.7971651554107666,0.7520253658294678,0.0013019121252000332,0.000144762743730098,0.059905506670475006,0.025067513808608055,6.666771514574066e-05,3.600309355533682e-06,1.0,1.0,1.0,1.0,1.0,0.22042056918144226,False,0.13273698091506958,0.6605480909347534,0.294373219832778
795,0.3048480153083801,0.22893765568733215,0.09158410131931305,1.3042503595352173,0.006928527262061834,1.8605856895446777,0.4156021773815155,0.0006388075416907668,0.00010531724547035992,0.062019526958465576,0.0138534065335989,3.3872725907713175e-05,3.5496077543939464e-06,1.0,1.0,1.0,1.0,1.0,0.1426481306552887,False,0.2542297840118408,0.7098108530044556,0.2891177649144083
796,0.34591031074523926,0.26854002475738525,0.1190498098731041,1.4178967475891113,0.007700570859014988,1.921828031539917,0.3963977098464966,0.0015041414881125093,0.00024169441894628108,0.06406094133853912,0.013213257305324078,8.91379386303015e-05,6.961813596717548e-06,1.0,1.0,1.0,1.0,1.0,0.2249314785003662,False,0.28854483366012573,0.726594865322113,0.2951583079993725
797,0.33205127716064453,0.26724502444267273,0.08945764601230621,1.652418851852417,0.012545503675937653,1.4832899570465088,0.4593290686607361,0.0008552548242732882,0.00014041077520232648,0.04944300279021263,0.01531097013503313,4.696351243183017e-05,5.313398560247151e-06,1.0,1.0,1.0,1.0,1.0,0.13268186151981354,False,0.3026556670665741,0.7075798511505127,0.2973267149645835
798,0.2507686913013458,0.1941724717617035,0.060887135565280914,1.2665294408798218,0.006632394157350063,1.166972041130066,0.5296450853347778,0.000666801817715168,0.00020691254758276045,0.038899071514606476,0.017654836177825928,3.5682165616890416e-05,6.625849891861435e-06,1.0,1.0,1.0,1.0,1.0,0.12729425728321075,False,0.29120683670043945,0.658763587474823,0.3105401508510113
799,0.30719193816185,0.23221373558044434,0.08710776269435883,1.405601143836975,0.004545842297375202,1.7514475584030151,0.4938093423843384,0.0019763982854783535,0.0006048345821909606,0.058381587266922,0.01646031253039837,0.00010847152589121833,2.7824547942145728e-05,1.0,1.0,1.0,1.0,1.0,0.16853702068328857,False,0.2320643663406372,0.6956561803817749,0.2935316020157188
800,0.34266069531440735,0.2550947070121765,0.09680018573999405,1.5154321193695068,0.006751313805580139,1.961148977279663,0.6622980833053589,0.0017044038977473974,0.0005472893826663494,0.06537163257598877,0.022076603025197983,9.465355105930939e-05,2.3100721591617912e-05,1.0,1.0,1.0,1.0,1.0,0.20987862348556519,False,0.23122800886631012,0.7241906523704529,0.4467389688361436
801,0.28495094180107117,0.2082740217447281,0.10932273417711258,0.9182547926902771,0.00712581817060709,2.064626693725586,0.2348831743001938,0.0003270756278652698,0.00018644327064976096,0.06882089376449585,0.007829439826309681,1.88086287380429e-05,7.775551239319611e-06,1.0,1.0,1.0,1.0,1.0,0.2088707536458969,False,0.2790735363960266,0.7469838261604309,0.2967793180141598
802,0.4062075614929199,0.3362165093421936,0.10412140190601349,2.2643229961395264,0.00566280260682106,1.774820327758789,0.32385075092315674,0.000621585117187351,9.027578926179558e-05,0.05916067957878113,0.010795025154948235,3.262457903474569e-05,2.7205885544390185e-06,1.0,1.0,1.0,1.0,1.0,0.15009821951389313,False,0.33197861909866333,0.7183283567428589,0.2910702407825738
803,0.39040201902389526,0.3272503912448883,0.11899116635322571,1.852047324180603,0.023054491728544235,1.6141399145126343,0.27796831727027893,0.0013923856895416975,0.00023133597278501838,0.0538046658039093,0.009265610948204994,7.27467704564333e-05,8.598165550210979e-06,1.0,1.0,1.0,1.0,1.0,0.2274695485830307,False,0.2558158040046692,0.7177265882492065,0.29392771585844457
804,0.33320051431655884,0.23342205584049225,0.10399670898914337,1.1060945987701416,0.0188158992677927,2.6641571521759033,0.3276222348213196,0.0006774693029001355,0.00022753940720576793,0.08880524337291718,0.010920741595327854,4.225855809636414e-05,1.0207014383922797e-05,1.0,1.0,1.0,1.0,1.0,0.20822660624980927,False,0.32221895456314087,0.8461981415748596,0.29738945490680635
805,0.31994155049324036,0.24836476147174835,0.11507236957550049,1.2552008628845215,0.007772303186357021,1.9664539098739624,0.17949038743972778,0.0004344524350017309,0.0003045644552912563,0.06554846465587616,0.005983013194054365,3.118206950603053e-05,1.413988593412796e-05,1.0,1.0,1.0,1.0,1.0,0.1942002922296524,False,0.23750397562980652,0.7936995029449463,0.3046260238625109
806,0.28563886880874634,0.2172330617904663,0.09720192849636078,1.1556657552719116,0.00446456391364336,1.727224349975586,0.324187695980072,0.0002982205478474498,0.00020882775424979627,0.05757414922118187,0.010806256905198097,1.7508376913610846e-05,7.902062861830927e-06,1.0,1.0,1.0,1.0,1.0,0.17959074676036835,False,0.20271214842796326,0.7338145971298218,0.2881139721721411
807,0.29504483938217163,0.21422173082828522,0.0979779064655304,1.1031438112258911,0.0059294188395142555,1.962537169456482,0.46095436811447144,0.0005791303119622171,0.00021219901100266725,0.06541790813207626,0.015365146100521088,3.3018211979651824e-05,7.036349416011944e-06,1.0,1.0,1.0,1.0,1.0,0.17105422914028168,False,0.2586578130722046,0.7719988822937012,0.2967528230510652
808,0.34397560358047485,0.271161824464798,0.12131576985120773,1.4204864501953125,0.007797400467097759,1.8927654027938843,0.2896673083305359,0.0010299684945493937,0.00027650684933178127,0.0630921870470047,0.009655577130615711,5.4666325013386086e-05,1.1345719030941837e-05,1.0,1.0,1.0,1.0,1.0,0.18463926017284393,False,0.294607937335968,0.7675938010215759,0.29065150185488164
809,0.4102192223072052,0.337691068649292,0.10961753129959106,2.12192440032959,0.015881098806858063,1.593299388885498,0.5817883014678955,0.00041132778278551996,0.00010072754230350256,0.05310998111963272,0.019392944872379303,2.1415859009721316e-05,3.822716735157883e-06,1.0,1.0,1.0,1.0,1.0,0.1858188807964325,False,0.26941442489624023,0.7156332731246948,0.3032428720034659
810,0.3309817314147949,0.28285765647888184,0.10790137201547623,1.7249611616134644,0.0024601430632174015,1.1117063760757446,0.33149030804634094,0.00020545770530588925,8.434718620264903e-05,0.03705688193440437,0.01104967761784792,1.4375425962498412e-05,3.1444840260519413e-06,1.0,1.0,1.0,1.0,1.0,0.17002448439598083,False,0.33441463112831116,0.7248507142066956,0.31542576290667057
811,0.36049914360046387,0.2968428432941437,0.13169926404953003,1.5923538208007812,0.005908205173909664,1.6000878810882568,0.30895328521728516,0.00032752580591477454,0.00014561752323061228,0.05333626642823219,0.010298443026840687,1.7961694538826123e-05,3.640727527454146e-06,1.0,1.0,1.0,1.0,1.0,0.2409997582435608,False,0.3642948567867279,0.7879979610443115,0.2942754300311208
812,0.41969817876815796,0.31932058930397034,0.15786272287368774,1.557809591293335,0.005676904693245888,2.6841073036193848,0.3259780704975128,0.0005022498080506921,0.0002606142370495945,0.08947024494409561,0.010865936055779457,2.9788909159833565e-05,1.1609799003053922e-05,1.0,1.0,1.0,1.0,1.0,0.2122351974248886,False,0.2623217701911926,0.799225926399231,0.3065565740689635
813,0.35641011595726013,0.26434874534606934,0.12432405352592468,1.2604091167449951,0.013983763754367828,2.354515552520752,0.4066249132156372,0.0003500811872072518,0.00012824595614802092,0.07848385721445084,0.013554164208471775,2.100220081047155e-05,2.3485256406274857e-06,1.0,1.0,1.0,1.0,1.0,0.16504482924938202,False,0.3074912130832672,0.7149838209152222,0.2887279239948839
814,0.314729779958725,0.24130280315876007,0.0877617746591568,1.475165843963623,0.006024436093866825,1.8250727653503418,0.376444935798645,0.0006923495093360543,0.00010673394717741758,0.060835763812065125,0.012548165395855904,3.894815017702058e-05,4.108946541236946e-06,1.0,1.0,1.0,1.0,1.0,0.17056035995483398,False,0.22046920657157898,0.6694762706756592,0.3013714221306145
815,0.2789209485054016,0.18536004424095154,0.11076521128416061,0.6870328187942505,0.005891544744372368,2.406999111175537,0.39908912777900696,0.00027170212706550956,0.00016621523536741734,0.08023330569267273,0.013302971608936787,1.8488422938389704e-05,6.148040029074764e-06,1.0,1.0,1.0,1.0,1.0,0.1975439190864563,False,0.19956177473068237,0.7952572107315063,0.28881118493154645
816,0.35592350363731384,0.27857542037963867,0.09422305971384048,1.7198753356933594,0.012364821508526802,1.7606585025787354,0.5570326447486877,0.0016085237730294466,0.00020544968720059842,0.05868861824274063,0.018567755818367004,8.358321792911738e-05,8.119393896777183e-06,1.0,1.0,1.0,1.0,1.0,0.17895501852035522,False,0.22057072818279266,0.6938519477844238,0.2883080889005214
817,0.29689040780067444,0.21426884829998016,0.10562119632959366,1.0348224639892578,0.005165398120880127,2.1908743381500244,0.28686070442199707,0.0004395490977913141,0.00032190559431910515,0.07302914559841156,0.009562023915350437,2.2403019102057442e-05,7.976117558428086e-06,1.0,1.0,1.0,1.0,1.0,0.17268845438957214,False,0.22232875227928162,0.7412395477294922,0.288280731998384
818,0.3346010446548462,0.24927976727485657,0.09459736198186874,1.4871916770935059,0.005963238887488842,2.1403090953826904,0.41798555850982666,0.0007003456121310592,0.00019587893621064723,0.07134363800287247,0.013932853005826473,3.7795114621985704e-05,6.9711386458948255e-06,1.0,1.0,1.0,1.0,1.0,0.20368129014968872,False,0.30892685055732727,0.7515996694564819,0.28507014620117843
819,0.38538607954978943,0.309648722410202,0.13669909536838531,1.6948411464691162,0.0034655018243938684,1.9183651208877563,0.35128891468048096,0.001367225544527173,0.00020514869538601488,0.06394550949335098,0.01170963142067194,7.484852540073916e-05,7.3656265158206224e-06,1.0,1.0,1.0,1.0,1.0,0.19324225187301636,False,0.4042693078517914,0.8054835200309753,0.29195255995728076
820,0.3424491882324219,0.2742188572883606,0.08070721477270126,1.8165918588638306,0.011852435767650604,1.5258948802947998,0.5187870264053345,0.0004581531975418329,0.0009948797523975372,0.05086316540837288,0.017292901873588562,2.6752997655421495e-05,4.751006417791359e-05,1.0,1.0,1.0,1.0,1.0,0.185581773519516,False,0.20079421997070312,0.6739425659179688,0.2950844031292945
821,0.40473034977912903,0.3111984431743622,0.12066540122032166,1.7930335998535156,0.011229672469198704,2.3224146366119385,0.48221826553344727,0.0005087762838229537,0.00027901105931960046,0.07741382718086243,0.016073942184448242,3.401790308998898e-05,1.0106889931194019e-05,1.0,1.0,1.0,1.0,1.0,0.20562535524368286,False,0.2660754323005676,0.7330776453018188,0.3083566629793495
822,0.4839203953742981,0.41043439507484436,0.13315187394618988,2.73771333694458,0.003511173417791724,1.7935199737548828,0.40850549936294556,0.0014444442931562662,0.0002403246471658349,0.05978400260210037,0.013616850599646568,7.658028334844857e-05,8.565681127947755e-06,1.0,1.0,1.0,1.0,1.0,0.2032911479473114,False,0.3511474132537842,0.7521204352378845,0.3033288479782641
823,0.46458184719085693,0.3937748074531555,0.14466728270053864,2.1356141567230225,0.03554611653089523,1.7348265647888184,0.38802915811538696,0.0008548756595700979,8.653706026962027e-05,0.057827554643154144,0.0129343057051301,4.288681520847604e-05,2.2975532374402974e-06,1.0,1.0,1.0,1.0,1.0,0.19891051948070526,False,0.33369094133377075,0.7709217071533203,0.29419904202222824
824,0.35797205567359924,0.2788708209991455,0.12597858905792236,1.3665387630462646,0.016238337382674217,2.0773167610168457,0.29354339838027954,0.0013710069470107555,8.502964192302898e-05,0.0692438930273056,0.009784780442714691,6.977597513468936e-05,2.7763228445110144e-06,1.0,1.0,1.0,1.0,1.0,0.16125373542308807,False,0.23561212420463562,0.7793852090835571,0.28830334986560047
825,0.25897374749183655,0.18946053087711334,0.07443874329328537,1.1155145168304443,0.003470330499112606,1.6346219778060913,0.4486094117164612,0.0012821611016988754,0.0001790217647794634,0.054487403482198715,0.01495364774018526,6.56001502647996e-05,6.570740879396908e-06,1.0,1.0,1.0,1.0,1.0,0.15876857936382294,False,0.22757461667060852,0.6415626406669617,0.4458758649416268
826,0.30234819650650024,0.2255755513906479,0.10778862982988358,1.1478450298309326,0.0030024168081581593,1.7873648405075073,0.5134007930755615,0.0014827329432591796,8.048109884839505e-05,0.05957883223891258,0.01711336150765419,7.808391092112288e-05,2.3635811885469593e-06,1.0,1.0,1.0,1.0,1.0,0.21613523364067078,False,0.26835817098617554,0.7437660694122314,0.2993164579384029
827,0.28283941745758057,0.19138607382774353,0.08614553511142731,0.9927695393562317,0.005963584408164024,2.2493464946746826,0.4931831359863281,0.000521120906341821,0.00020257207506801933,0.07497821748256683,0.016439437866210938,2.856138780771289e-05,7.138013643270824e-06,1.0,1.0,1.0,1.0,1.0,0.137581929564476,False,0.31022071838378906,0.7780148983001709,0.2908132509328425
828,0.32916969060897827,0.2489810585975647,0.10844361782073975,1.3132328987121582,0.009214134886860847,2.092109203338623,0.3124837875366211,0.0006432909285649657,8.593493839725852e-05,0.06973697990179062,0.010416126810014248,3.288413427071646e-05,2.623023647174705e-06,1.0,1.0,1.0,1.0,1.0,0.14803709089756012,False,0.2943928837776184,0.7344712018966675,0.2821345499251038
829,0.3740176856517792,0.2658153176307678,0.11492659896612167,1.3804361820220947,0.012845081277191639,2.481262683868408,0.7627736330032349,0.0006087730871513486,0.0011262150947004557,0.08270876109600067,0.02542578987777233,3.723843110492453e-05,3.0567745852749795e-05,1.0,1.0,1.0,1.0,1.0,0.32420146465301514,False,0.24290940165519714,0.708770215511322,0.29591588908806443
830,0.3571408689022064,0.2854890525341034,0.12389294058084488,1.5369282960891724,0.007903281599283218,1.7330650091171265,0.41566336154937744,0.00041679979767650366,0.00020110543118789792,0.05776883661746979,0.013855446130037308,2.1935793483862653e-05,5.602538749371888e-06,1.0,1.0,1.0,1.0,1.0,0.17431136965751648,False,0.27563825249671936,0.7457460761070251,0.2916178139857948
831,0.3735816478729248,0.28620362281799316,0.11476718634366989,1.6077039241790771,0.010666066780686378,2.087003231048584,0.532274067401886,0.0012258216738700867,0.0001693036174401641,0.06956677883863449,0.017742469906806946,6.189091072883457e-05,6.89797843733686e-06,1.0,1.0,1.0,1.0,1.0,0.2018204778432846,False,0.25142428278923035,0.7246436476707458,0.30070414301007986
832,0.4182456433773041,0.3380812108516693,0.12439504265785217,1.8291243314743042,0.030773721635341644,1.979599952697754,0.4245228171348572,0.0003489939554128796,6.51704176561907e-05,0.06598667055368423,0.014150761067867279,2.467657577653881e-05,2.335340923309559e-06,1.0,1.0,1.0,1.0,1.0,0.2637786865234375,False,0.2512742877006531,0.7596632242202759,0.30272852000780404
833,0.30941206216812134,0.227084681391716,0.12197665870189667,0.9969394207000732,0.005414084065705538,2.0436058044433594,0.42567193508148193,0.0002232484403066337,0.00014231030945666134,0.06812019646167755,0.014189065434038639,1.251394314749632e-05,5.590768523688894e-06,1.0,1.0,1.0,1.0,1.0,0.20550614595413208,False,0.2362729012966156,0.681476354598999,0.28919354686513543
834,0.3381286561489105,0.2642061114311218,0.09405694901943207,1.5232669115066528,0.01782245561480522,1.7930032014846802,0.4220358729362488,0.0012400118866935372,0.0005259958561509848,0.059766776859760284,0.01406786311417818,6.729587039444596e-05,2.0615769244614057e-05,1.0,1.0,1.0,1.0,1.0,0.2296576052904129,False,0.2776937186717987,0.699665904045105,0.2933592959307134
835,0.31764692068099976,0.2503672242164612,0.06530354917049408,1.7034105062484741,0.014722619205713272,1.5913562774658203,0.4256478548049927,0.0006986340740695596,0.0002273551217513159,0.05304521322250366,0.01418826263397932,3.8131205656100065e-05,8.074051038420293e-06,1.0,1.0,1.0,1.0,1.0,0.15417717397212982,False,0.17664320766925812,0.6473178863525391,0.29006165894679725
836,0.4133464992046356,0.34585660696029663,0.10759294778108597,2.3228492736816406,0.005978709552437067,1.6518568992614746,0.3716486990451813,0.000742521311622113,5.119989873492159e-05,0.05506189912557602,0.012388290837407112,3.796645614784211e-05,1.7444613149564248e-06,1.0,1.0,1.0,1.0,1.0,0.1604982316493988,False,0.359703004360199,0.7167390584945679,0.3139291109982878
837,0.3712601959705353,0.28385359048843384,0.10011735558509827,1.4996395111083984,0.03377227485179901,2.2100048065185547,0.40971603989601135,0.0010793660767376423,0.0006193112931214273,0.07366683334112167,0.013657202012836933,5.773363227490336e-05,2.4840830519679002e-05,1.0,1.0,1.0,1.0,1.0,0.16211484372615814,False,0.21725451946258545,0.7697319984436035,0.2859244130086154
838,0.36951857805252075,0.27890536189079285,0.12335048615932465,1.5188407897949219,0.003670805599540472,2.320568084716797,0.3966676592826843,0.0002962295548059046,0.00048759524361230433,0.07735227048397064,0.013222255744040012,1.7632321032579057e-05,2.1066700355731882e-05,1.0,1.0,1.0,1.0,1.0,0.19335100054740906,False,0.3477289378643036,0.8181893825531006,0.293214030796662
839,0.23455595970153809,0.16125407814979553,0.08446913212537766,0.7022128105163574,0.006563668139278889,1.8411262035369873,0.3570064306259155,0.00038273324025794864,0.00015613986761309206,0.06137087568640709,0.011900215409696102,2.4906781618483365e-05,5.8751911637955345e-06,1.0,1.0,1.0,1.0,1.0,0.15012748539447784,False,0.26830822229385376,0.7490968704223633,0.29286259808577597
840,0.3053323030471802,0.24094511568546295,0.1057792603969574,1.2634776830673218,0.008818075060844421,1.5395770072937012,0.3911646008491516,0.0004800416936632246,0.00013070536078885198,0.05131923779845238,0.013038820587098598,2.4859777113306336e-05,4.274933871784015e-06,1.0,1.0,1.0,1.0,1.0,0.2449556291103363,False,0.2905997335910797,0.732210636138916,0.28582396381534636
841,0.30452191829681396,0.2201855182647705,0.10294386744499207,1.0703308582305908,0.01020856387913227,1.9191982746124268,0.6093304753303528,0.0007334043621085584,0.00020854620379395783,0.06397327780723572,0.020311016589403152,4.308357529225759e-05,9.004683306557126e-06,1.0,1.0,1.0,1.0,1.0,0.17256496846675873,False,0.24887968599796295,0.7479965686798096,0.2770968759432435
842,0.2911745309829712,0.23092272877693176,0.09697031229734421,1.0786137580871582,0.026091059669852257,1.3746423721313477,0.428824245929718,0.0015826259041205049,0.0001811953552532941,0.045821413397789,0.01429414190351963,0.0001304257893934846,5.8077339417650364e-06,1.0,1.0,1.0,1.0,1.0,0.24283017218112946,False,0.2983019948005676,0.7046036720275879,0.30357250897213817
843,0.2696782946586609,0.20555813610553741,0.06380093097686768,1.3263356685638428,0.009123620577156544,1.524190902709961,0.3972355127334595,0.0012382265413179994,0.00022415860439650714,0.05080636590719223,0.013241184875369072,6.311578908935189e-05,9.507432878308464e-06,1.0,1.0,1.0,1.0,1.0,0.15041781961917877,False,0.27151647210121155,0.6800430417060852,0.2965231519192457
844,0.4185345768928528,0.3230208158493042,0.10440877079963684,1.9968721866607666,0.018924836069345474,2.26810359954834,0.5939785242080688,0.001086959964595735,0.0015064257895573974,0.07560345530509949,0.019799284636974335,6.297037180047482e-05,4.803678166354075e-05,1.0,1.0,1.0,1.0,1.0,0.18949033319950104,False,0.2099078744649887,0.7201526165008545,0.2897026769351214
845,0.30610477924346924,0.2245406210422516,0.11825354397296906,0.8621106743812561,0.020076001062989235,2.199709177017212,0.24617624282836914,0.0004973293980583549,0.00013104134995955974,0.07332364469766617,0.00820587482303381,2.947096982097719e-05,5.160194632480852e-06,1.0,1.0,1.0,1.0,1.0,0.1750062257051468,False,0.2765417695045471,0.7641880512237549,0.28564168117009103
846,0.48254692554473877,0.4071587026119232,0.10955634713172913,2.904038429260254,0.007198492996394634,1.7907333374023438,0.4695412516593933,0.0006859916029497981,0.00015440289280377328,0.05969111621379852,0.01565137505531311,3.938316513085738e-05,6.3304919422080275e-06,1.0,1.0,1.0,1.0,1.0,0.18106018006801605,False,0.3215347230434418,0.7811000347137451,0.29685699683614075
847,0.27952924370765686,0.2045285552740097,0.08988108485937119,1.074251413345337,0.00722233671694994,1.7958108186721802,0.4530603289604187,0.00040052604163065553,0.00031191896414384246,0.059860363602638245,0.01510201208293438,2.371183472860139e-05,1.4587229998141993e-05,1.0,1.0,1.0,1.0,1.0,0.1940072923898697,False,0.2624463737010956,0.7140769958496094,0.2930759941227734
848,0.3351215720176697,0.2575794756412506,0.11308666318655014,1.3420307636260986,0.010289746336638927,1.9437062740325928,0.38148796558380127,0.0006224237149581313,8.505074220011011e-05,0.06479021161794662,0.012716266326606274,3.3339125366183e-05,2.269542164867744e-06,1.0,1.0,1.0,1.0,1.0,0.2259794920682907,False,0.29860222339630127,0.7540274858474731,0.2959125980269164
849,0.44786688685417175,0.3674246370792389,0.14851193130016327,2.14418888092041,0.004493813030421734,2.030691146850586,0.3796677589416504,0.0014598630368709564,0.0006892074597999454,0.06768970936536789,0.012655592523515224,7.825184002285823e-05,1.8704617104958743e-05,1.0,1.0,1.0,1.0,1.0,0.26729536056518555,False,0.3528386652469635,0.7887921929359436,0.3084616030100733
850,0.3937760293483734,0.2994268536567688,0.14227750897407532,1.4999098777770996,0.007158367894589901,2.3553307056427,0.4729982018470764,0.0009744688868522644,0.00026593575603328645,0.07851102948188782,0.015766607597470284,6.11885916441679e-05,1.0346782801207155e-05,1.0,1.0,1.0,1.0,1.0,0.22279101610183716,False,0.25681746006011963,0.7789397239685059,0.4529968418646604
851,0.37171030044555664,0.30197983980178833,0.07212420552968979,2.0746917724609375,0.02238643914461136,1.521472454071045,0.56788569688797,0.0009867707267403603,0.0006948430673219264,0.05071575194597244,0.01892952434718609,5.457962106447667e-05,3.0605460779042915e-05,1.0,1.0,1.0,1.0,1.0,0.17403921484947205,False,0.20365440845489502,0.6596781015396118,0.29216844704933465
852,0.35452762246131897,0.28696465492248535,0.13473950326442719,1.416565179824829,0.010568609461188316,1.6926546096801758,0.3332287073135376,0.0004890488926321268,0.00012048774806316942,0.05642182379961014,0.011107624508440495,3.053865657420829e-05,2.974307562908507e-06,1.0,1.0,1.0,1.0,1.0,0.24938654899597168,False,0.33852866291999817,0.7303326725959778,0.28759640688076615
853,0.2808724045753479,0.22222508490085602,0.0962153971195221,1.2222610712051392,0.003783581545576453,1.266357421875,0.49069511890411377,0.0010516467737033963,0.0004204674041830003,0.04221191629767418,0.01635650545358658,6.147169915493578e-05,1.742127278703265e-05,1.0,1.0,1.0,1.0,1.0,0.14720912277698517,False,0.2699466943740845,0.7130609750747681,0.30012939497828484
854,0.2450965940952301,0.1864793300628662,0.0782504677772522,1.050452470779419,0.003183604683727026,1.4358971118927002,0.3210265636444092,0.0006862411973997951,0.00017176789697259665,0.04786324128508568,0.010700886137783527,4.60307601315435e-05,7.099671165633481e-06,1.0,1.0,1.0,1.0,1.0,0.15725955367088318,False,0.25455406308174133,0.7138135433197021,0.28531270986422896
855,0.35820066928863525,0.2722707986831665,0.11764192581176758,1.434253454208374,0.011203562840819359,2.1442599296569824,0.43207982182502747,0.000793676998000592,0.00023143783619161695,0.07147533446550369,0.014402661472558975,4.2654075514292344e-05,9.205095921061002e-06,1.0,1.0,1.0,1.0,1.0,0.2715311646461487,False,0.2589835226535797,0.7861051559448242,0.30605064984411
856,0.29697248339653015,0.22681501507759094,0.1032724529504776,1.0040737390518188,0.023135188966989517,1.7925279140472412,0.30699825286865234,0.0008613981772214174,0.0023492213804274797,0.059750933200120926,0.010233275592327118,5.980619607726112e-05,0.00011343913502059877,1.0,1.0,1.0,1.0,1.0,0.21008054912090302,False,0.3655511140823364,0.8440784215927124,0.29996737907640636
857,0.242337167263031,0.18324719369411469,0.0900421142578125,0.9090719223022461,0.002297879895195365,1.393799066543579,0.37687110900878906,0.0010743095772340894,0.00025969650596380234,0.046459972858428955,0.012562370859086514,5.8368215832160786e-05,9.26937809708761e-06,1.0,1.0,1.0,1.0,1.0,0.1690528690814972,False,0.3059658408164978,0.7628856301307678,0.30514000612311065
858,0.40165382623672485,0.31694644689559937,0.12931819260120392,1.742175817489624,0.013410665094852448,2.0253355503082275,0.5152196288108826,0.0003858915588352829,5.843391045345925e-05,0.067511186003685,0.01717398874461651,2.0490824681473896e-05,1.7172810657939408e-06,1.0,1.0,1.0,1.0,1.0,0.18432117998600006,False,0.3324536979198456,0.7765873670578003,0.3103153391275555
859,0.3237220048904419,0.26287245750427246,0.08918251097202301,1.6115949153900146,0.012530457228422165,1.5230631828308105,0.2991389334201813,0.0017261668108403683,0.00019314301607664675,0.05076877400279045,0.009971298277378082,0.00010306336480425671,6.422111255233176e-06,1.0,1.0,1.0,1.0,1.0,0.16322143375873566,False,0.2650865912437439,0.7111650705337524,0.2898026609327644
860,0.30632340908050537,0.24115101993083954,0.08746955543756485,1.3427598476409912,0.019405480474233627,1.5567975044250488,0.3956989049911499,0.0005403017275966704,0.0011617052368819714,0.05189325287938118,0.01318996399641037,3.187850597896613e-05,5.727593816118315e-05,1.0,1.0,1.0,1.0,1.0,0.18292583525180817,False,0.22757306694984436,0.6637080311775208,0.3050486340653151
861,0.2646176815032959,0.19752806425094604,0.10665517300367355,0.8678609132766724,0.004086812026798725,1.741699457168579,0.2673414349555969,0.0023600899148732424,9.443521412322298e-05,0.058056652545928955,0.008911381475627422,0.00011906412692042068,2.5279293822677573e-06,1.0,1.0,1.0,1.0,1.0,0.16591069102287292,False,0.3139530420303345,0.7663372159004211,0.291443974012509
862,0.3581523597240448,0.28420236706733704,0.11523201316595078,1.5899603366851807,0.00997432041913271,1.798072099685669,0.4186020791530609,0.0009519871091470122,0.00022738773259334266,0.05993574112653732,0.013953403569757938,5.0790407840395346e-05,1.005287776933983e-05,1.0,1.0,1.0,1.0,1.0,0.17835095524787903,False,0.22924186289310455,0.7410780191421509,0.305482414085418
863,0.44324833154678345,0.36168479919433594,0.1473822295665741,2.0263137817382812,0.011671215295791626,1.9331800937652588,0.5113919377326965,0.0013835179852321744,0.00020727408991660923,0.06443934142589569,0.017046399414539337,7.148394070100039e-05,6.327150003926363e-06,1.0,1.0,1.0,1.0,1.0,0.22952502965927124,False,0.3055080771446228,0.766000509262085,0.29649724601767957
864,0.250923216342926,0.17093223333358765,0.08684368431568146,0.7531189918518066,0.008776641450822353,2.098762035369873,0.29946184158325195,0.00044214195804670453,0.00039823161205276847,0.06995873898267746,0.009982061572372913,3.246825508540496e-05,1.7696698705549352e-05,1.0,1.0,1.0,1.0,1.0,0.17210564017295837,False,0.17426422238349915,0.675261914730072,0.2873468571342528
865,0.304511159658432,0.2326086163520813,0.08260779082775116,1.4474667310714722,0.005254155956208706,1.6775577068328857,0.478854775428772,0.0004187487065792084,0.00020718603627756238,0.05591859295964241,0.015961825847625732,1.893147054943256e-05,3.2036596167017706e-06,1.0,1.0,1.0,1.0,1.0,0.15058547258377075,False,0.30832231044769287,0.7537323832511902,0.295212039956823
866,0.3817911148071289,0.3192584812641144,0.07492327690124512,2.370054244995117,0.007329786662012339,1.268995761871338,0.6045969724655151,0.0013578564394265413,0.00014213111717253923,0.04229985922574997,0.020153233781456947,7.422666385537013e-05,5.3080943871464115e-06,1.0,1.0,1.0,1.0,1.0,0.17021888494491577,False,0.19480454921722412,0.6341485977172852,0.30584499705582857
867,0.4097402095794678,0.3440006971359253,0.09390618652105331,2.4059786796569824,0.009496663697063923,1.601930856704712,0.36873000860214233,0.0008637094288133085,0.0001493419404141605,0.05339769646525383,0.01229100115597248,4.5847500587115064e-05,4.965043444826733e-06,1.0,1.0,1.0,1.0,1.0,0.18633127212524414,False,0.25851351022720337,0.6889406442642212,0.29061419889330864
868,0.4226795732975006,0.34859079122543335,0.07306869328022003,2.617492198944092,0.013772900216281414,1.5273663997650146,0.693336009979248,0.0011218363652005792,0.0002566392067819834,0.05091221630573273,0.02311120182275772,5.3538838983513415e-05,1.1817872291430831e-05,1.0,1.0,1.0,1.0,1.0,0.22683537006378174,False,0.2594010829925537,0.6679979562759399,0.30129471491090953
869,0.29098522663116455,0.21285486221313477,0.10083333402872086,1.071670651435852,0.004854461643844843,2.0444536209106445,0.29790136218070984,0.0006730140303261578,0.0005305124795995653,0.06814845651388168,0.009930046275258064,3.712641409947537e-05,1.4732131603523158e-05,1.0,1.0,1.0,1.0,1.0,0.21755261719226837,False,0.23959189653396606,0.7450149059295654,0.28960117790848017
870,0.2647157907485962,0.18624593317508698,0.10287166386842728,0.7387230396270752,0.009501975029706955,1.9790056943893433,0.3741927146911621,0.0004290677607059479,0.00013285528984852135,0.06596685945987701,0.01247309148311615,2.4783157641650178e-05,5.1393981266301125e-06,1.0,1.0,1.0,1.0,1.0,0.2343953549861908,False,0.2215477079153061,0.7202913761138916,0.2848560072015971
871,0.2837064862251282,0.22553232312202454,0.0863872617483139,1.263988971710205,0.012746160849928856,1.3964951038360596,0.34743303060531616,0.00048009445890784264,0.00026466939016245306,0.04654983803629875,0.011581101454794407,3.300509706605226e-05,1.022908509185072e-05,1.0,1.0,1.0,1.0,1.0,0.16322939097881317,False,0.23794937133789062,0.738229513168335,0.30191769707016647
872,0.40420249104499817,0.31245630979537964,0.11265949159860611,1.9485234022140503,0.004944465588778257,2.224864959716797,0.5260371565818787,0.0007873388822190464,0.0002036475925706327,0.07416217029094696,0.017534572631120682,4.321265805629082e-05,6.22833658781019e-06,1.0,1.0,1.0,1.0,1.0,0.2024531364440918,False,0.33599311113357544,0.7392555475234985,0.3052627390716225
873,0.40300384163856506,0.3242354094982147,0.10343212634325027,2.105801582336426,0.010223126038908958,1.8338923454284668,0.5275101661682129,0.0009458700660616159,0.00021007614850532264,0.061129748821258545,0.01758367381989956,4.878374602412805e-05,6.224016033229418e-06,1.0,1.0,1.0,1.0,1.0,0.1427774429321289,False,0.31168943643569946,0.769095778465271,0.29308801400475204
874,0.2926459312438965,0.22083255648612976,0.09089679270982742,1.1942095756530762,0.010514805093407631,1.6583306789398193,0.4946165084838867,0.0006703920662403107,0.00035653612576425076,0.05527769401669502,0.01648721843957901,3.3347183489240706e-05,1.5105629245226737e-05,1.0,1.0,1.0,1.0,1.0,0.16526618599891663,False,0.2748638391494751,0.6895300149917603,0.2824293670710176
875,0.315055787563324,0.24890150129795074,0.07213487476110458,1.7012174129486084,0.006644871551543474,1.365555763244629,0.616882860660553,0.0014742403291165829,9.739321831148118e-05,0.045518528670072556,0.020562762394547462,6.971425318624824e-05,3.2685452424630057e-06,1.0,1.0,1.0,1.0,1.0,0.13991038501262665,False,0.24060393869876862,0.7074863910675049,0.45766757195815444
876,0.3256702721118927,0.269124299287796,0.09738873690366745,1.5875022411346436,0.012985341250896454,1.202615737915039,0.49038970470428467,0.0020867951679974794,7.309992361115292e-05,0.04008719325065613,0.016346324235200882,0.00010991092131007463,2.5328040464955848e-06,1.0,1.0,1.0,1.0,1.0,0.1653798371553421,False,0.24425703287124634,0.6348872184753418,0.29749011993408203
877,0.43478143215179443,0.3480673134326935,0.14048175513744354,1.9531368017196655,0.01227186992764473,2.035163164138794,0.5652481317520142,0.0004839143657591194,0.00018722133245319128,0.06783877313137054,0.018841605633497238,2.680644320207648e-05,6.942447726032697e-06,1.0,1.0,1.0,1.0,1.0,0.1952429711818695,False,0.2884212136268616,0.7346289157867432,0.289270571898669
878,0.3546908497810364,0.26972609758377075,0.12421411275863647,1.365288257598877,0.008983161300420761,1.928099274635315,0.6161640286445618,0.0024704334791749716,0.0006674977485090494,0.06426998227834702,0.020538801327347755,0.0001250008645001799,3.096348882536404e-05,1.0,1.0,1.0,1.0,1.0,0.1855975091457367,False,0.2666597068309784,0.7805393934249878,0.29878834798000753
879,0.28188061714172363,0.22744591534137726,0.09470542520284653,1.2602953910827637,0.006710959132760763,1.234384536743164,0.3972771167755127,0.0006368649192154408,0.00043136178283020854,0.04114615172147751,0.013242571614682674,2.591706652310677e-05,2.005827809625771e-05,1.0,1.0,1.0,1.0,1.0,0.17784450948238373,False,0.22599349915981293,0.6744632720947266,0.31859980011358857
880,0.41800346970558167,0.3447808027267456,0.13200797140598297,2.044999122619629,0.008272897452116013,1.795753002166748,0.3965405821800232,0.0019435121212154627,0.0007288554916158319,0.05985843762755394,0.013218020088970661,0.00011194420949323103,3.426761395530775e-05,1.0,1.0,1.0,1.0,1.0,0.25896739959716797,False,0.23008407652378082,0.7448210716247559,0.3144209219608456
881,0.27991846203804016,0.2139807641506195,0.10132623463869095,1.0258431434631348,0.01007020939141512,1.6693511009216309,0.3078669309616089,0.0003455457917880267,0.0001552311732666567,0.05564504116773605,0.010262231342494488,2.3868793505243957e-05,6.5618828557489906e-06,1.0,1.0,1.0,1.0,1.0,0.13833840191364288,False,0.2484298199415207,0.6723468899726868,0.2986061410047114
882,0.2568460702896118,0.20825108885765076,0.05942390859127045,1.3952654600143433,0.009300646372139454,1.202543020248413,0.25390005111694336,0.0004749531508423388,0.0003346625599078834,0.04008476808667183,0.00846333522349596,3.1740488338982686e-05,1.5134803106775507e-05,1.0,1.0,1.0,1.0,1.0,0.1496635377407074,False,0.1957237720489502,0.5843989849090576,0.2961349841207266
883,0.26861703395843506,0.19313979148864746,0.09091518819332123,0.9737367630004883,0.004850930534303188,1.9802274703979492,0.2760043144226074,0.004991048015654087,0.0002324460365343839,0.0660075843334198,0.009200144559144974,0.000260617263847962,8.887818694347516e-06,1.0,1.0,1.0,1.0,1.0,0.15551595389842987,False,0.2531062364578247,0.7332104444503784,0.29065431794151664
884,0.3650825023651123,0.29679882526397705,0.09237596392631531,1.9541339874267578,0.009009452536702156,1.5959585905075073,0.4494389295578003,0.0018229989800602198,0.0002571441000327468,0.053198620676994324,0.014981298707425594,9.614734881324694e-05,7.623763394803973e-06,1.0,1.0,1.0,1.0,1.0,0.14577491581439972,False,0.29660993814468384,0.7127057909965515,0.29486019001342356
885,0.3209982216358185,0.26409712433815,0.09408979117870331,1.6133185625076294,0.008675473742187023,1.4614849090576172,0.2439148873090744,0.0009427216136828065,0.00014921440742909908,0.048716165125370026,0.008130496367812157,4.989745139027946e-05,4.527512828644831e-06,1.0,1.0,1.0,1.0,1.0,0.19037553668022156,False,0.2888796925544739,0.6930532455444336,0.294396482873708
886,0.3976924419403076,0.3408909738063812,0.07515806704759598,2.641927719116211,0.0015401337295770645,1.1766260862350464,0.5249242782592773,0.0014618196291849017,0.00014880020171403885,0.03922087326645851,0.017497476190328598,7.690805068705231e-05,6.2095309658616316e-06,1.0,1.0,1.0,1.0,1.0,0.20741026103496552,False,0.21324223279953003,0.6903244256973267,0.2889910980593413
887,0.25433865189552307,0.19421067833900452,0.05681804567575455,1.2782468795776367,0.009567937813699245,1.4121911525726318,0.3874821364879608,0.0026670643128454685,0.0002694969007279724,0.047073040157556534,0.012916072271764278,0.00012867551413364708,1.018528109852923e-05,1.0,1.0,1.0,1.0,1.0,0.14293478429317474,False,0.23158657550811768,0.6759566068649292,0.296839299146086
888,0.2812947928905487,0.20337525010108948,0.09112405776977539,1.0229814052581787,0.009953059256076813,2.056602716445923,0.2791997194290161,0.0006876758998259902,0.00033005033037625253,0.06855342537164688,0.009306658059358597,4.5624299673363566e-05,1.3838131053489633e-05,1.0,1.0,1.0,1.0,1.0,0.1912483274936676,False,0.2331460565328598,0.6739175915718079,0.2881539869122207
889,0.35552144050598145,0.27767714858055115,0.13266251981258392,1.2595534324645996,0.01905929110944271,1.9415804147720337,0.39132559299468994,0.0006852836813777685,0.0009571914561092854,0.06471934914588928,0.013044186867773533,3.796878445427865e-05,4.278700362192467e-05,1.0,1.0,1.0,1.0,1.0,0.1844974309206009,False,0.3087773621082306,0.7008997797966003,0.2923639880027622
890,0.3391311466693878,0.2802603840827942,0.07556570321321487,1.9452893733978271,0.01016574539244175,1.350628137588501,0.4132802188396454,0.0014350339770317078,0.00032356218434870243,0.045020941644907,0.013776008039712906,6.244673568289727e-05,1.1358005394868087e-05,1.0,1.0,1.0,1.0,1.0,0.15240280330181122,False,0.25150245428085327,0.7202728986740112,0.31246696296148
891,0.3455181419849396,0.2656477689743042,0.12661881744861603,1.3483505249023438,0.004193898290395737,2.0776166915893555,0.3147091269493103,0.0024360560346394777,8.951214840635657e-05,0.06925389170646667,0.010490304790437222,0.00012339958630036563,2.768596004898427e-06,1.0,1.0,1.0,1.0,1.0,0.17408914864063263,False,0.33018776774406433,0.7913178205490112,0.30244633089751005
892,0.3761270344257355,0.2997894883155823,0.12000948190689087,1.7684462070465088,0.0029353629797697067,2.0010247230529785,0.2872559428215027,0.0005837964126840234,0.0006830084603279829,0.06670083105564117,0.009575198404490948,3.29672584484797e-05,2.8551294235512614e-05,1.0,1.0,1.0,1.0,1.0,0.21098586916923523,False,0.20365843176841736,0.769301176071167,0.3062608658801764
893,0.3624223470687866,0.3046504259109497,0.1051015704870224,1.943591833114624,0.005189684219658375,1.4295543432235718,0.30185946822166443,0.0009721469832584262,6.70092340442352e-05,0.04765181243419647,0.01006198301911354,5.626996426144615e-05,1.8445186924509471e-06,1.0,1.0,1.0,1.0,1.0,0.1362285017967224,False,0.3238675594329834,0.7450249195098877,0.29352597100660205
894,0.30884772539138794,0.2437279224395752,0.10235977172851562,1.3309299945831299,0.008275150321424007,1.5211334228515625,0.4312354326248169,0.0007318157004192472,0.00012509836233220994,0.05070444941520691,0.014374515041708946,3.640664726844989e-05,4.4382150008459575e-06,1.0,1.0,1.0,1.0,1.0,0.17155832052230835,False,0.2344980239868164,0.691116452217102,0.29691192181780934
895,0.45177921652793884,0.3790037930011749,0.11571251600980759,2.552210807800293,0.00807018019258976,1.8531064987182617,0.32773298025131226,0.0013447568053379655,0.0002016513899434358,0.06177021935582161,0.01092443335801363,7.24919154890813e-05,8.282810085802339e-06,1.0,1.0,1.0,1.0,1.0,0.2176520973443985,False,0.2002469003200531,0.6655254364013672,0.2966293760109693
896,0.2906477749347687,0.22868402302265167,0.09939765185117722,1.2525031566619873,0.004036055877804756,1.411932110786438,0.44521695375442505,0.001231536502018571,8.374829485546798e-05,0.0470644049346447,0.014840565621852875,5.598986172117293e-05,2.796345597744221e-06,1.0,1.0,1.0,1.0,1.0,0.13055352866649628,False,0.300176739692688,0.7524922490119934,0.29694248107261956
897,0.3993312418460846,0.3234192728996277,0.1195572167634964,1.987476110458374,0.005114427767693996,1.8399443626403809,0.4333842992782593,0.0024418369866907597,0.00020769622642546892,0.061331480741500854,0.014446143992245197,0.00012777181109413505,6.573473001481034e-06,1.0,1.0,1.0,1.0,1.0,0.17195354402065277,False,0.3535875678062439,0.7891647815704346,0.3020703769288957
898,0.39002716541290283,0.3090779483318329,0.08222539722919464,2.1589841842651367,0.010954133234918118,1.6562747955322266,0.7672070264816284,0.0029963923152536154,0.00032294198172166944,0.05520916357636452,0.025573568418622017,0.00015624644584022462,1.0221516276942566e-05,1.0,1.0,1.0,1.0,1.0,0.25047624111175537,False,0.13785196840763092,0.6908703446388245,0.3133989579509944
899,0.3099525570869446,0.2506868541240692,0.09866487234830856,1.3953170776367188,0.012490274384617805,1.452160120010376,0.3241639733314514,0.0007786791538819671,0.000403182755690068,0.04840533807873726,0.010805466212332249,3.865193866658956e-05,1.623142270545941e-05,1.0,1.0,1.0,1.0,1.0,0.17334087193012238,False,0.26517748832702637,0.7361103296279907,0.31136945984326303
900,0.44924309849739075,0.3841547966003418,0.1178794875741005,2.5776329040527344,0.008512001484632492,1.5659267902374268,0.3840342164039612,0.0015536339487880468,0.00023501597752328962,0.05219756066799164,0.01280114147812128,8.10519777587615e-05,8.549264748580754e-06,1.0,1.0,1.0,1.0,1.0,0.18829862773418427,False,0.30579087138175964,0.6687051057815552,0.4666618639603257
901,0.36454567313194275,0.29761236906051636,0.13248476386070251,1.6232637166976929,0.0028012380935251713,1.622576117515564,0.3838132619857788,0.0008061662083491683,0.00015360434190370142,0.054085873067379,0.012793775647878647,4.7156056098174304e-05,6.497737558674999e-06,1.0,1.0,1.0,1.0,1.0,0.1666671186685562,False,0.3083575963973999,0.7528566122055054,0.2975579220801592
902,0.2639959454536438,0.19254569709300995,0.0790448933839798,1.040220856666565,0.009478723630309105,1.8040740489959717,0.3376915454864502,0.0008920089458115399,0.0004234778170939535,0.06013580411672592,0.0112563855946064,4.7138066292973235e-05,1.0909962838923093e-05,1.0,1.0,1.0,1.0,1.0,0.19011308252811432,False,0.2810208797454834,0.7351565361022949,0.2913877700921148
903,0.3797658085823059,0.3160267770290375,0.1078278124332428,1.9699770212173462,0.011201256886124611,1.4364063739776611,0.47112607955932617,0.002767893485724926,0.0003247758431825787,0.04788021370768547,0.0157042033970356,0.00014296339941211045,1.1666835234791506e-05,1.0,1.0,1.0,1.0,1.0,0.18349117040634155,False,0.3304199278354645,0.7380600571632385,0.2924007708206773
904,0.2989521920681,0.22893092036247253,0.08336363732814789,1.4030107259750366,0.005266211461275816,1.570091724395752,0.5290367603302002,0.0007592155598104,0.00018406120943836868,0.05233639478683472,0.0176345594227314,4.29431238444522e-05,7.376102985290345e-06,1.0,1.0,1.0,1.0,1.0,0.17830230295658112,False,0.18916544318199158,0.6850190758705139,0.2897581639699638
905,0.3414672911167145,0.26936256885528564,0.09403763711452484,1.65072500705719,0.010252416133880615,1.8409948348999023,0.31992897391319275,0.0009741362882778049,0.00034451927058398724,0.061366498470306396,0.010664300061762333,6.017906707711518e-05,1.3738700545218308e-05,1.0,1.0,1.0,1.0,1.0,0.21220868825912476,False,0.27443376183509827,0.6988378763198853,0.2945703698787838
906,0.26979753375053406,0.2089395523071289,0.08315682411193848,1.1212472915649414,0.013658005744218826,1.6128406524658203,0.21193085610866547,0.0004543473187368363,0.0001561731332913041,0.05376135930418968,0.007064362056553364,2.7491896616993472e-05,4.7789394557185005e-06,1.0,1.0,1.0,1.0,1.0,0.13670650124549866,False,0.2229444533586502,0.6818995475769043,0.2969936339650303
907,0.3570356070995331,0.29018110036849976,0.11351852118968964,1.6942791938781738,0.007234635297209024,1.664782166481018,0.33733028173446655,0.0015621408820152283,0.0007550825830549002,0.055492740124464035,0.011244343593716621,9.133928688243032e-05,2.6077867005369626e-05,1.0,1.0,1.0,1.0,1.0,0.17644689977169037,False,0.2667463421821594,0.7708896994590759,0.3237814409658313
908,0.2851165533065796,0.21586495637893677,0.09864890575408936,1.1329660415649414,0.003919430077075958,1.6609811782836914,0.4150567948818207,0.0006056359270587564,0.0004028576659038663,0.055366043001413345,0.013835227116942406,3.320378891658038e-05,1.7128495528595522e-05,1.0,1.0,1.0,1.0,1.0,0.18452942371368408,False,0.21442577242851257,0.7031530141830444,0.3027232561726123
909,0.43215328454971313,0.35557234287261963,0.08399582654237747,2.6818227767944336,0.003394216764718294,1.7024016380310059,0.5929094552993774,0.001162161584943533,6.93907932145521e-05,0.056746724992990494,0.019763650372624397,6.836053216829896e-05,2.188424105042941e-06,1.0,1.0,1.0,1.0,1.0,0.16241522133350372,False,0.24663814902305603,0.7012560963630676,0.3013749090023339
910,0.3586205840110779,0.290771484375,0.12254447489976883,1.6014254093170166,0.00808444432914257,1.7317843437194824,0.3009556829929352,0.0017103470163419843,0.00012626656098291278,0.05772614851593971,0.01003185659646988,8.749967673793435e-05,3.5929176647186978e-06,1.0,1.0,1.0,1.0,1.0,0.17265591025352478,False,0.36166912317276,0.8431809544563293,0.3032610130030662
911,0.31570810079574585,0.24975669384002686,0.0912848562002182,1.5232925415039062,0.00614259485155344,1.3108280897140503,0.6665109395980835,0.0007254612864926457,0.00023027631687000394,0.04369427263736725,0.022217031568288803,3.408730117371306e-05,6.021922672516666e-06,1.0,1.0,1.0,1.0,1.0,0.1571047157049179,False,0.2951204478740692,0.7263559699058533,0.30076155811548233
912,0.2965780198574066,0.20047298073768616,0.10165762156248093,0.9348090887069702,0.0053344471380114555,2.514662027359009,0.3675251603126526,0.00027877086540684104,0.00042391978786326945,0.08382207155227661,0.012250839732587337,1.907835030579008e-05,1.3048482287558727e-05,1.0,1.0,1.0,1.0,1.0,0.13972313702106476,False,0.23917880654335022,0.7695070505142212,0.2910292900633067
913,0.3598520755767822,0.2709159255027771,0.12483906745910645,1.3375067710876465,0.01232617162168026,2.281189203262329,0.38562244176864624,0.0004840937035623938,0.00041965683340094984,0.0760396420955658,0.012854082509875298,2.6453661121195182e-05,1.5959421943989582e-05,1.0,1.0,1.0,1.0,1.0,0.17920535802841187,False,0.2745242416858673,0.7619884014129639,0.2898729448206723
914,0.29810285568237305,0.23111575841903687,0.09259067475795746,1.2400891780853271,0.014516173861920834,1.7585970163345337,0.24881477653980255,0.0009423306910321116,0.00027060441789217293,0.0586199052631855,0.008293826133012772,6.632415897911415e-05,7.052264209050918e-06,1.0,1.0,1.0,1.0,1.0,0.16314058005809784,False,0.2970307469367981,0.752158522605896,0.29257091297768056
915,0.3669300675392151,0.314949631690979,0.0761042982339859,2.3363146781921387,0.005213849246501923,1.2046164274215698,0.35408827662467957,0.0003423316520638764,6.800322444178164e-05,0.04015388339757919,0.011802943423390388,2.1926105546299368e-05,1.6973390302155167e-06,1.0,1.0,1.0,1.0,1.0,0.13892585039138794,False,0.2777687907218933,0.6772736310958862,0.308575987117365
916,0.3384023606777191,0.2780134081840515,0.058963656425476074,2.1409339904785156,0.004956371150910854,1.3771458864212036,0.4338989555835724,0.0003606327227316797,9.067614155355841e-05,0.04590486362576485,0.014463298954069614,1.8472095689503476e-05,2.3152811081672553e-06,1.0,1.0,1.0,1.0,1.0,0.14730866253376007,False,0.26328614354133606,0.6507583856582642,0.2924010450951755
917,0.4318595230579376,0.35499632358551025,0.10347305238246918,2.4111530780792236,0.010407958179712296,1.8778856992721558,0.426694393157959,0.0007772331009618938,0.00010185958672082052,0.06259619444608688,0.014223147183656693,4.013697980553843e-05,3.7145464375498705e-06,1.0,1.0,1.0,1.0,1.0,0.2048565149307251,False,0.27473679184913635,0.7699539065361023,0.30120577896013856
918,0.48235854506492615,0.38940098881721497,0.1772886961698532,1.9954774379730225,0.012564538046717644,2.432898998260498,0.3552390933036804,0.00030332221649587154,9.06232453417033e-05,0.08109663426876068,0.011841303668916225,1.7213807950611226e-05,2.4128894438035786e-06,1.0,1.0,1.0,1.0,1.0,0.23017333447933197,False,0.3314283788204193,0.8406720161437988,0.3003269399050623
919,0.2791283130645752,0.23501056432724,0.10669678449630737,1.2570112943649292,0.002612646669149399,1.0660967826843262,0.2565924823284149,0.00040237847133539617,0.00011421642557252198,0.03553656116127968,0.008553083054721355,2.452127773722168e-05,3.6003616514790338e-06,1.0,1.0,1.0,1.0,1.0,0.13529132306575775,False,0.3457045555114746,0.717149019241333,0.29588091489858925
920,0.2985512912273407,0.2247266322374344,0.0952034443616867,1.2457613945007324,0.0049470411613583565,1.8644161224365234,0.347975492477417,0.0014905061107128859,0.00017436807684134692,0.06214720755815506,0.011599184013903141,7.535288750659674e-05,2.9091283977322746e-06,1.0,1.0,1.0,1.0,1.0,0.1529577672481537,False,0.3106440305709839,0.7719416618347168,0.29318444803357124
921,0.3802633285522461,0.30149751901626587,0.11896447092294693,1.764268398284912,0.006106219720095396,2.044577121734619,0.316598117351532,0.0010028497781604528,0.00015918917779345065,0.06815257668495178,0.010553271509706974,5.368660276872106e-05,6.267659500736045e-06,1.0,1.0,1.0,1.0,1.0,0.1629103720188141,False,0.26985305547714233,0.8338199853897095,0.2970548670273274
922,0.3546890616416931,0.27960026264190674,0.11579026281833649,1.3981473445892334,0.023995280265808105,1.8895268440246582,0.3622468411922455,0.0003826666797976941,0.00018690756405703723,0.06298422813415527,0.012074895203113556,2.1962838218314573e-05,7.706119504291564e-06,1.0,1.0,1.0,1.0,1.0,0.21917492151260376,False,0.22176554799079895,0.721143364906311,0.28750477195717394
923,0.3341051936149597,0.26154226064682007,0.11964920163154602,1.3874377012252808,0.0031493131536990404,1.9750821590423584,0.20001116394996643,0.0009206777904182673,0.00024025788297876716,0.06583607196807861,0.006667039357125759,5.077507012174465e-05,9.035496077558491e-06,1.0,1.0,1.0,1.0,1.0,0.2264634221792221,False,0.33383697271347046,0.7740207314491272,0.303436575923115
924,0.37846553325653076,0.31287628412246704,0.06753688305616379,2.368506908416748,0.008488690480589867,1.3872947692871094,0.5779728889465332,0.0016060112975537777,0.00012470375804696232,0.04624316096305847,0.019265763461589813,7.63051793910563e-05,4.025461748824455e-06,1.0,1.0,1.0,1.0,1.0,0.11380086839199066,False,0.2721981406211853,0.6587004661560059,0.3192381008993834
925,0.3387365937232971,0.2629615068435669,0.0866946130990982,1.6882665157318115,0.007440251763910055,1.7556358575820923,0.513698935508728,0.0023791862186044455,0.0003179878694936633,0.058521199971437454,0.017123298719525337,0.00012268654245417565,7.881730198278092e-06,1.0,1.0,1.0,1.0,1.0,0.15885570645332336,False,0.2624247670173645,0.6853002905845642,0.4971784430090338
926,0.2624742090702057,0.18887676298618317,0.1047629863023758,0.7910711765289307,0.005006657913327217,1.8319580554962158,0.3744109570980072,0.0010323688620701432,0.0001236125099239871,0.061065271496772766,0.012480366043746471,4.861888010054827e-05,3.1839115308684995e-06,1.0,1.0,1.0,1.0,1.0,0.1687120646238327,False,0.27673667669296265,0.7818873524665833,0.30444186902604997
927,0.3949843943119049,0.30901792645454407,0.11182926595211029,1.7395260334014893,0.023236064240336418,2.110896110534668,0.4666130840778351,0.0008082634303718805,8.850338053889573e-05,0.07036320865154266,0.015553770586848259,4.612721750163473e-05,3.3598823847569292e-06,1.0,1.0,1.0,1.0,1.0,0.17067745327949524,False,0.24041393399238586,0.7464535236358643,0.29916050797328353
928,0.2796361744403839,0.20723578333854675,0.10469234734773636,0.9928658604621887,0.003256857395172119,1.851944923400879,0.31578052043914795,0.0026936866343021393,0.00016105019312817603,0.061731502413749695,0.010526018217206001,0.00013907461834605783,3.796680630330229e-06,1.0,1.0,1.0,1.0,1.0,0.16633158922195435,False,0.42262113094329834,0.8195631504058838,0.2879292508587241
929,0.29626354575157166,0.22372542321681976,0.09983814507722855,1.1793261766433716,0.005954667925834656,1.8187123537063599,0.35383903980255127,0.0023175147362053394,0.00017398795171175152,0.06062375009059906,0.011794635094702244,0.0001158897066488862,3.860016477119643e-06,1.0,1.0,1.0,1.0,1.0,0.16410242021083832,False,0.321689248085022,0.7803478837013245,0.28809427889063954
930,0.42004066705703735,0.34253209829330444,0.13734348118305206,1.9764289855957031,0.007545717526227236,1.925144076347351,0.3965659737586975,0.0011345689417794347,0.0010476248571649194,0.06417147070169449,0.013218866661190987,6.843333540018648e-05,4.979496225132607e-05,1.0,1.0,1.0,1.0,1.0,0.1708020120859146,False,0.30965471267700195,0.7837867736816406,0.3068334460258484
931,0.3507532477378845,0.2691645920276642,0.10691943019628525,1.4987930059432983,0.012365877628326416,2.2026638984680176,0.24353662133216858,0.0008170909713953733,0.00012286059791222215,0.0734221339225769,0.008117888122797012,4.434334914549254e-05,4.305639777157921e-06,1.0,1.0,1.0,1.0,1.0,0.15886197984218597,False,0.22619202733039856,0.7514541149139404,0.2901426088064909
932,0.28736650943756104,0.20363673567771912,0.09989307820796967,0.9784331321716309,0.005900351330637932,2.1602210998535156,0.34954166412353516,0.0012248127022758126,0.0004883866058662534,0.07200737297534943,0.011651389300823212,6.0557780670933425e-05,1.0464936167409178e-05,1.0,1.0,1.0,1.0,1.0,0.1521735042333603,False,0.35012829303741455,0.8007234334945679,0.29246368212625384
933,0.315714031457901,0.22885367274284363,0.10802844166755676,1.1170246601104736,0.00912276841700077,2.174752950668335,0.4279886484146118,0.001787294284440577,0.00034230377059429884,0.07249177247285843,0.014266288839280605,9.299175144406036e-05,9.30647729546763e-06,1.0,1.0,1.0,1.0,1.0,0.1530451625585556,False,0.256140798330307,0.7526606917381287,0.29465890186838806
934,0.3799537718296051,0.3162830173969269,0.09494376927614212,2.120591640472412,0.009280084632337093,1.509774923324585,0.39399802684783936,0.003329300554469228,0.000979962875135243,0.05032583326101303,0.013133267872035503,0.00017441323143430054,3.7237463402561843e-05,1.0,1.0,1.0,1.0,1.0,0.2500678300857544,False,0.26332753896713257,0.6665771007537842,0.2935516810975969
935,0.3248841166496277,0.25193047523498535,0.13585616648197174,1.1025323867797852,0.0058210729621350765,1.9292082786560059,0.25855132937431335,0.0004255949752405286,0.00011356639151927084,0.06430694460868835,0.008618378080427647,2.3626693291589618e-05,4.706831077783136e-06,1.0,1.0,1.0,1.0,1.0,0.19392699003219604,False,0.2662818431854248,0.7641547918319702,0.3252112278714776
936,0.35655495524406433,0.2761555016040802,0.10020876675844193,1.6614766120910645,0.009799088351428509,1.8443013429641724,0.5651650428771973,0.0015054619871079922,0.00015406387683469802,0.06147671490907669,0.01883883588016033,7.871314301155508e-05,5.176154445507564e-06,1.0,1.0,1.0,1.0,1.0,0.16745144128799438,False,0.24306941032409668,0.655960202217102,0.2908855560235679
937,0.44885292649269104,0.36239874362945557,0.12823553383350372,2.285292148590088,0.0056339893490076065,2.1285526752471924,0.46364283561706543,0.0007038170006126165,0.0001325922494288534,0.07095175981521606,0.015454761683940887,4.3222233216511086e-05,4.437284133018693e-06,1.0,1.0,1.0,1.0,1.0,0.2391304075717926,False,0.29291239380836487,0.7605674862861633,0.30496118287555873
938,0.34845462441444397,0.2569025754928589,0.10115538537502289,1.4891096353530884,0.006836218759417534,2.3560047149658203,0.38771289587020874,0.0017119592521339655,0.00022823689505457878,0.07853349298238754,0.012923764064908028,8.815452747512609e-05,6.648040198342642e-06,1.0,1.0,1.0,1.0,1.0,0.20702823996543884,False,0.27593013644218445,0.696993350982666,0.28896713396534324
939,0.3484273850917816,0.2648565173149109,0.09384788572788239,1.6496338844299316,0.006045213434845209,1.9797523021697998,0.5251650810241699,0.0008460572571493685,0.00039781889063306153,0.06599174439907074,0.017505504190921783,5.616870112135075e-05,1.7449208826292306e-05,1.0,1.0,1.0,1.0,1.0,0.20442788302898407,False,0.21027973294258118,0.7324748039245605,0.3108652338851243
940,0.3257189095020294,0.2444593757390976,0.11155146360397339,1.2430386543273926,0.008604045957326889,1.8689414262771606,0.5673167109489441,0.0008187566418200731,0.0002822019159793854,0.06229805201292038,0.01891055889427662,4.3426967749837786e-05,7.49578111935989e-06,1.0,1.0,1.0,1.0,1.0,0.23608922958374023,False,0.21006560325622559,0.7109118700027466,0.30471067503094673
941,0.43022236227989197,0.3509625196456909,0.08686303347349167,2.359814167022705,0.028118088841438293,1.8762601613998413,0.49441424012184143,0.0040567475371062756,0.0006954667624086142,0.06254200637340546,0.016480475664138794,0.00021324530825950205,2.4114211555570364e-05,1.0,1.0,1.0,1.0,1.0,0.220232754945755,False,0.23459509015083313,0.7019020915031433,0.290795064996928
942,0.2833537459373474,0.21625275909900665,0.08249414712190628,1.1702239513397217,0.016736239194869995,1.5585296154022217,0.45263147354125977,0.0007514364551752806,0.0002847960568033159,0.05195099115371704,0.015087716281414032,4.949110734742135e-05,1.2792869711120147e-05,1.0,1.0,1.0,1.0,1.0,0.18979224562644958,False,0.20366618037223816,0.7204213738441467,0.2917392090894282
943,0.3256152272224426,0.25749045610427856,0.0831759124994278,1.715878963470459,0.0027266533579677343,1.3954792022705078,0.6470817923545837,0.0006429109489545226,0.00011439391528256238,0.04651597514748573,0.021569393575191498,3.541045589372516e-05,3.981073405157076e-06,1.0,1.0,1.0,1.0,1.0,0.13730072975158691,False,0.25881335139274597,0.723656415939331,0.30929418420419097
944,0.36346185207366943,0.2996838688850403,0.08068433403968811,2.111771821975708,0.007822364568710327,1.413530945777893,0.4932614266872406,0.004092020448297262,0.00032817316241562366,0.047117698937654495,0.01644204929471016,0.00020829103596042842,9.941669304680545e-06,1.0,1.0,1.0,1.0,1.0,0.14633089303970337,False,0.27075982093811035,0.6953082084655762,0.2948537499178201
945,0.32485565543174744,0.2535332143306732,0.12680192291736603,1.1209182739257812,0.014639455825090408,1.7757295370101929,0.3606540560722351,0.0017842709785327315,0.00034058952587656677,0.059190988540649414,0.012021802365779877,9.483032044954598e-05,1.4825417565589305e-05,1.0,1.0,1.0,1.0,1.0,0.18804141879081726,False,0.27457189559936523,0.7172956466674805,0.29352186992764473
946,0.43905046582221985,0.3474898934364319,0.20992699265480042,1.3007763624191284,0.007485278882086277,2.5775392055511475,0.16846273839473724,0.00034063903149217367,0.00013623748964164406,0.08591797947883606,0.005615424830466509,2.14561205211794e-05,5.707162927137688e-06,1.0,1.0,1.0,1.0,1.0,0.2921745479106903,False,0.3074665069580078,0.7976424694061279,0.31277458113618195
947,0.37402743101119995,0.30128559470176697,0.08978904783725739,2.0599398612976074,0.005502534564584494,1.8212913274765015,0.3567157983779907,0.00247970805503428,0.0003772767086047679,0.06070971488952637,0.011890526860952377,0.0001287587801925838,1.283165329368785e-05,1.0,1.0,1.0,1.0,1.0,0.16401277482509613,False,0.2957068383693695,0.7431069612503052,0.3049961070064455
948,0.27827581763267517,0.2052171677350998,0.07753653824329376,1.214032530784607,0.006277373060584068,1.793107509613037,0.39732038974761963,0.0005744193913415074,0.00027690338902175426,0.05977025255560875,0.01324401330202818,3.1943236535880715e-05,1.2443550986063201e-05,1.0,1.0,1.0,1.0,1.0,0.15897274017333984,False,0.18735505640506744,0.7461761832237244,0.28816253994591534
949,0.368963360786438,0.3031700551509857,0.07476009428501129,2.217550277709961,0.006654939614236355,1.528755784034729,0.4427527189254761,0.0011693094857037067,0.00025427687796764076,0.050958529114723206,0.014758424833416939,6.527694495161995e-05,1.1077127055614255e-05,1.0,1.0,1.0,1.0,1.0,0.2007800191640854,False,0.2476380318403244,0.6873195171356201,0.2869726149365306
950,0.4794273376464844,0.4089440107345581,0.0956784263253212,3.069859027862549,0.0062796492129564285,1.5793828964233398,0.5319108366966248,0.0019572959281504154,0.00021672353614121675,0.052646100521087646,0.017730362713336945,0.00010063790978165343,6.233410204004031e-06,1.0,1.0,1.0,1.0,1.0,0.21478329598903656,False,0.2748602628707886,0.6972888112068176,0.4564533862285316
951,0.4184190332889557,0.3506919741630554,0.10223609209060669,2.3974757194519043,0.008708321489393711,1.5874556303024292,0.44274574518203735,0.000785475131124258,0.00028777739498764277,0.052915189415216446,0.014758192002773285,4.1656530811451375e-05,1.2013979358016513e-05,1.0,1.0,1.0,1.0,1.0,0.17790204286575317,False,0.310116171836853,0.7171915769577026,0.2938829648774117
952,0.28194162249565125,0.22895655035972595,0.08621044456958771,1.3596731424331665,0.006778789218515158,1.1629390716552734,0.4235278367996216,0.0013527707196772099,0.0004244616429787129,0.03876463696360588,0.014117595739662647,8.964847074821591e-05,1.3190639037929941e-05,1.0,1.0,1.0,1.0,1.0,0.17294061183929443,False,0.2567463517189026,0.6963194608688354,0.31730907410383224
953,0.3417767286300659,0.2519131898880005,0.14104975759983063,1.0712394714355469,0.003739482257515192,2.2937657833099365,0.40081191062927246,0.0005864163395017385,0.00032280836603604257,0.07645886391401291,0.013360397890210152,3.109215685981326e-05,1.3188127923058346e-05,1.0,1.0,1.0,1.0,1.0,0.18471919000148773,False,0.28099697828292847,0.7900530099868774,0.29825237882323563
954,0.3277943730354309,0.26044905185699463,0.07934536039829254,1.4753506183624268,0.033568643033504486,1.6976892948150635,0.32105156779289246,0.0006640803767368197,0.00023992516798898578,0.05658964440226555,0.010701719671487808,4.3918011215282604e-05,1.0042987014458049e-05,1.0,1.0,1.0,1.0,1.0,0.16924454271793365,False,0.2490706741809845,0.7126941680908203,0.2939459150657058
955,0.4343356490135193,0.3516818881034851,0.1394428014755249,2.0477237701416016,0.007466696202754974,2.1698617935180664,0.307719349861145,0.001272491179406643,0.00011178747081430629,0.07232873141765594,0.010257312096655369,6.480950833065435e-05,2.8998945253988495e-06,1.0,1.0,1.0,1.0,1.0,0.16049262881278992,False,0.3794904351234436,0.7748522758483887,0.29383386112749577
956,0.3066667318344116,0.21122175455093384,0.10689111053943634,0.9713904857635498,0.007191605865955353,2.5108556747436523,0.3510252833366394,0.0006962926127016544,0.00015460982103832066,0.0836951956152916,0.011700843460857868,4.4390464609023184e-05,4.54604696642491e-06,1.0,1.0,1.0,1.0,1.0,0.17289075255393982,False,0.30081862211227417,0.6933737993240356,0.2925298248883337
957,0.3240882158279419,0.26781702041625977,0.09394698590040207,1.63558030128479,0.010312010534107685,1.2676845788955688,0.41960617899894714,0.00033868494210764766,0.0001795676362235099,0.042256154119968414,0.01398687344044447,2.1321115127648227e-05,6.8471899794531055e-06,1.0,1.0,1.0,1.0,1.0,0.14366169273853302,False,0.2527163624763489,0.6852361559867859,0.2912222689483315
958,0.34900718927383423,0.26668182015419006,0.0983148142695427,1.6234933137893677,0.006017666310071945,2.0576422214508057,0.40864771604537964,0.0020462938118726015,0.00017402088269591331,0.06858807802200317,0.013621591031551361,0.00011053017078666016,5.1719935072469525e-06,1.0,1.0,1.0,1.0,1.0,0.1643548309803009,False,0.2515997886657715,0.7593079805374146,0.2885017760563642
959,0.2868671119213104,0.21315813064575195,0.08102791756391525,1.2872575521469116,0.0034044573549181223,1.7821977138519287,0.428777277469635,0.00017201743321493268,5.06744981976226e-05,0.059406593441963196,0.014292576350271702,8.205299309338443e-06,1.6057382481449167e-06,1.0,1.0,1.0,1.0,1.0,0.1515510529279709,False,0.2383108139038086,0.7043700814247131,0.2946239949669689
960,0.43051308393478394,0.3568740487098694,0.11232198774814606,2.3653311729431152,0.00801896397024393,1.7590547800064087,0.44673699140548706,0.002019693609327078,0.00013902717910241336,0.058635164052248,0.01489123422652483,0.00010773286339826882,4.9166064854944125e-06,1.0,1.0,1.0,1.0,1.0,0.18471279740333557,False,0.22684165835380554,0.6999919414520264,0.2997888589743525
961,0.37656858563423157,0.2853635847568512,0.1488044708967209,1.3046818971633911,0.006090939044952393,2.3537580966949463,0.3794676661491394,0.0014523145509883761,0.0005377055495046079,0.07845860719680786,0.012648923322558403,7.317680137930438e-05,2.4287273845402524e-05,1.0,1.0,1.0,1.0,1.0,0.1944173276424408,False,0.2693304419517517,0.7746028304100037,0.2884817949961871
962,0.3704654574394226,0.29824206233024597,0.11191001534461975,1.817762851715088,0.00455576553940773,1.7707123756408691,0.3921133577823639,0.0022888039238750935,0.0001597769296495244,0.05902374908328056,0.013070445507764816,0.00012475969560910016,4.422887286636978e-06,1.0,1.0,1.0,1.0,1.0,0.15965072810649872,False,0.28277668356895447,0.7304413318634033,0.3057576329447329
963,0.35888272523880005,0.27831584215164185,0.09716153144836426,1.6019662618637085,0.020957689732313156,1.9666664600372314,0.4452691674232483,0.0030784597620368004,0.00016215222422033548,0.06555555015802383,0.014842306263744831,0.0001634915533941239,5.551997219299665e-06,1.0,1.0,1.0,1.0,1.0,0.17691852152347565,False,0.20636966824531555,0.7521314024925232,0.2875101591926068
964,0.29887646436691284,0.21827195584774017,0.09597526490688324,1.1755609512329102,0.004740594886243343,2.1026790142059326,0.3133927583694458,0.0009399827104061842,0.00047231989447027445,0.07008930295705795,0.010446425527334213,5.002689067623578e-05,1.8762628315016627e-05,1.0,1.0,1.0,1.0,1.0,0.18298380076885223,False,0.24687527120113373,0.7166181802749634,0.29296146309934556
965,0.36223629117012024,0.2883186340332031,0.11372588574886322,1.6898059844970703,0.005612153559923172,1.859846830368042,0.3563201129436493,0.0008102540741674602,0.00012539522140286863,0.061994899064302444,0.011877337470650673,4.2290601413697004e-05,3.1228328225552104e-06,1.0,1.0,1.0,1.0,1.0,0.20015013217926025,False,0.3188329041004181,0.7327430248260498,0.2992267389781773
966,0.29736629128456116,0.23302479088306427,0.08260825276374817,1.4781253337860107,0.00260400352999568,1.5429739952087402,0.38581666350364685,0.0008280325564555824,7.361281313933432e-05,0.05143246799707413,0.01286055613309145,4.647498280974105e-05,2.0049692466272973e-06,1.0,1.0,1.0,1.0,1.0,0.1507207751274109,False,0.2669486403465271,0.7114753723144531,0.28807430900633335
967,0.36859405040740967,0.2957683801651001,0.11259158700704575,1.7579574584960938,0.007381024770438671,1.7286953926086426,0.454942911863327,0.0006642505177296698,0.00010083412780659273,0.057623181492090225,0.01516476459801197,3.502995605231263e-05,2.691657755349297e-06,1.0,1.0,1.0,1.0,1.0,0.18325747549533844,False,0.3054749369621277,0.756538450717926,0.29805210581980646
968,0.37316033244132996,0.29813921451568604,0.09411829710006714,1.9814600944519043,0.005874899215996265,1.7350237369537354,0.5140793323516846,0.0008321927161887288,0.00011603242455748841,0.05783412605524063,0.017135977745056152,4.762830212712288e-05,3.378005658305483e-06,1.0,1.0,1.0,1.0,1.0,0.18165293335914612,False,0.3138369917869568,0.694683849811554,0.30060088401660323
969,0.3085137605667114,0.23482878506183624,0.09258931875228882,1.3741614818572998,0.004823305644094944,1.7022548913955688,0.5063449144363403,0.0011744220973923802,0.00011565025488380343,0.05674183368682861,0.016878165304660797,6.131793634267524e-05,3.6609537801268743e-06,1.0,1.0,1.0,1.0,1.0,0.20745602250099182,False,0.2885856628417969,0.6697602272033691,0.2969726789742708
970,0.3300897479057312,0.2634009122848511,0.10127918422222137,1.459191083908081,0.016202621161937714,1.5580817461013794,0.43865931034088135,0.0017151498468592763,0.000859632040373981,0.051936060190200806,0.0146219776943326,9.959714225260541e-05,3.1191008019959554e-05,1.0,1.0,1.0,1.0,1.0,0.16185687482357025,False,0.32028621435165405,0.7624155282974243,0.2917752140201628
971,0.42052161693573,0.3645769953727722,0.11734879016876221,2.390782356262207,0.008149956353008747,1.4061129093170166,0.2712937593460083,0.0005244854255579412,0.00010082680819323286,0.046870432794094086,0.009043125435709953,2.7997546567348763e-05,3.073520929319784e-06,1.0,1.0,1.0,1.0,1.0,0.2274901270866394,False,0.3675377666950226,0.7404712438583374,0.2953436498064548
972,0.3162882924079895,0.24752318859100342,0.0806363895535469,1.3684279918670654,0.030043983832001686,1.498810052871704,0.5624904036521912,0.0008951298077590764,0.00019919787882827222,0.049960337579250336,0.018749680370092392,4.687235923483968e-05,8.233663720602635e-06,1.0,1.0,1.0,1.0,1.0,0.16934385895729065,False,0.22434765100479126,0.7411909699440002,0.29697231692261994
973,0.3333533704280853,0.2541161775588989,0.08512865751981735,1.6365127563476562,0.005336202215403318,1.7991158962249756,0.5752344131469727,0.0017235527047887444,8.22461151983589e-05,0.05997053161263466,0.01917448081076145,8.956441160989925e-05,2.6168358999711927e-06,1.0,1.0,1.0,1.0,1.0,0.14065758883953094,False,0.22177189588546753,0.6598353385925293,0.28684308798983693
974,0.262918621301651,0.19087180495262146,0.11237774789333344,0.754845142364502,0.003009543754160404,1.871696949005127,0.2884356677532196,0.0008076625526882708,7.54615175537765e-05,0.06238990277051926,0.009614522568881512,4.0585633541923016e-05,1.8154858025809517e-06,1.0,1.0,1.0,1.0,1.0,0.16356757283210754,False,0.34233027696609497,0.7639002799987793,0.3020130430813879
975,0.3395443558692932,0.2725921869277954,0.11377271264791489,1.5271621942520142,0.0061032529920339584,1.7224574089050293,0.28397536277770996,0.0012542932527139783,0.00022423593327403069,0.057415250688791275,0.009465846233069897,6.387581379385665e-05,7.202301731012994e-06,1.0,1.0,1.0,1.0,1.0,0.17382167279720306,False,0.30033499002456665,0.7160723209381104,0.4660521689802408
976,0.2981044352054596,0.233163982629776,0.09099052846431732,1.3593358993530273,0.0062398649752140045,1.4891424179077148,0.457978755235672,0.00034872040851041675,0.000321077648550272,0.04963808134198189,0.015265959315001965,2.1759951778221875e-05,1.4640093468187843e-05,1.0,1.0,1.0,1.0,1.0,0.1301029622554779,False,0.22631113231182098,0.6613562107086182,0.29261196590960026
977,0.2805066406726837,0.2142387330532074,0.08297587186098099,1.2172642946243286,0.009536427445709705,1.6067609786987305,0.37890100479125977,0.00043479164014570415,0.000995534472167492,0.053558703511953354,0.012630034238100052,3.0558414437109604e-05,4.860910848947242e-05,1.0,1.0,1.0,1.0,1.0,0.176651269197464,False,0.23918195068836212,0.7265404462814331,0.3036999849136919
978,0.31260961294174194,0.23248982429504395,0.12898020446300507,0.9775561690330505,0.005754015874117613,2.201744318008423,0.20117753744125366,0.0002976492396555841,0.00011992130021099001,0.07339148223400116,0.006705918349325657,2.001346365432255e-05,2.388151187915355e-06,1.0,1.0,1.0,1.0,1.0,0.18447984755039215,False,0.338146448135376,0.7931104898452759,0.29435743391513824
979,0.3526727557182312,0.28388041257858276,0.10605704039335251,1.5194320678710938,0.025880154222249985,1.7000843286514282,0.3618079423904419,0.000993398716673255,0.0003635043976828456,0.056669481098651886,0.012060265056788921,5.220850289333612e-05,1.039657581713982e-05,1.0,1.0,1.0,1.0,1.0,0.16944272816181183,False,0.20303483307361603,0.7212522625923157,0.2909137269016355
980,0.39462393522262573,0.31332528591156006,0.13582317531108856,1.7005192041397095,0.007450230419635773,2.0021555423736572,0.4354023039340973,0.0006248876452445984,0.0002648081281222403,0.06673852354288101,0.01451341062784195,3.550606197677553e-05,1.1197756975889206e-05,1.0,1.0,1.0,1.0,1.0,0.18371835350990295,False,0.24396485090255737,0.7364174127578735,0.29998735897243023
981,0.43536147475242615,0.35808247327804565,0.10622822493314743,2.439876079559326,0.007866619154810905,1.8135935068130493,0.5017160177230835,0.001975857652723789,0.00011123852164018899,0.06045312061905861,0.016723867505788803,0.00010023549839388579,1.7896107920023496e-06,1.0,1.0,1.0,1.0,1.0,0.1730426549911499,False,0.2894707918167114,0.7181212902069092,0.3018865298945457
982,0.3396194577217102,0.2773118317127228,0.08669732511043549,1.79771089553833,0.010843435302376747,1.3539913892745972,0.5089883804321289,0.0031788377091288567,0.001006726874038577,0.04513304680585861,0.016966279596090317,0.0001723742752801627,3.593433939386159e-05,1.0,1.0,1.0,1.0,1.0,0.18530641496181488,False,0.2983038127422333,0.7413338422775269,0.2835003708023578
983,0.33695241808891296,0.26940497756004333,0.09994230419397354,1.5782543420791626,0.011637249030172825,1.6003658771514893,0.42368245124816895,0.0012621193891391158,0.00021587699302472174,0.05334553122520447,0.014122748747467995,7.218297105282545e-05,6.9837233240832575e-06,1.0,1.0,1.0,1.0,1.0,0.18969999253749847,False,0.2205493152141571,0.7169942855834961,0.2996464951429516
984,0.28247013688087463,0.21716785430908203,0.07126528024673462,1.4319515228271484,0.0027074352838099003,1.4798306226730347,0.47849729657173157,0.00040780039853416383,5.907705781282857e-05,0.04932769015431404,0.015949910506606102,2.274935286550317e-05,1.9368956145626726e-06,1.0,1.0,1.0,1.0,1.0,0.1428682506084442,False,0.19246970117092133,0.6725133657455444,0.294842995936051
985,0.34128808975219727,0.27908509969711304,0.09537090361118317,1.7432492971420288,0.00938927847892046,1.3480963706970215,0.5163950324058533,0.0009614676237106323,0.00014252946130000055,0.04493654891848564,0.01721316948533058,4.808264202438295e-05,5.197437985771103e-06,1.0,1.0,1.0,1.0,1.0,0.20652426779270172,False,0.3196406960487366,0.7663113474845886,0.29344336595386267
986,0.4659024775028229,0.39367353916168213,0.10880319774150848,2.784985065460205,0.00637183990329504,1.7649145126342773,0.3988680839538574,0.0016620445530861616,0.00014747005479875952,0.058830488473176956,0.013295603916049004,9.782661072677001e-05,5.023172889195848e-06,1.0,1.0,1.0,1.0,1.0,0.20879682898521423,False,0.273916095495224,0.7245769500732422,0.3145569220650941
987,0.2664872407913208,0.19487833976745605,0.07767308503389359,1.0967731475830078,0.007527944166213274,1.674163579940796,0.47130730748176575,0.001654920051805675,0.0002187030913773924,0.05580545589327812,0.015710243955254555,8.716792945051566e-05,6.034881153027527e-06,1.0,1.0,1.0,1.0,1.0,0.15774944424629211,False,0.3132978081703186,0.7575057744979858,0.2873005708679557
988,0.28467896580696106,0.20711544156074524,0.09952959418296814,0.9712280631065369,0.010463048703968525,1.9871628284454346,0.33852970600128174,0.0005280417972244322,0.00043557537719607353,0.06623876094818115,0.01128432434052229,2.9174321753089316e-05,1.1263978194619995e-05,1.0,1.0,1.0,1.0,1.0,0.14838090538978577,False,0.23166155815124512,0.723515510559082,0.294386831112206
989,0.2326248586177826,0.19224104285240173,0.05725841224193573,1.3125256299972534,0.0037300807889550924,0.9551448225975037,0.25505495071411133,0.0006652832962572575,0.00016348922508768737,0.03183816373348236,0.008501832373440266,3.676007327158004e-05,7.054413799778558e-06,1.0,1.0,1.0,1.0,1.0,0.11637280881404877,False,0.22628380358219147,0.6229267120361328,0.29992581298574805
990,0.2724538743495941,0.1962975561618805,0.08511868119239807,1.0292996168136597,0.008248904719948769,1.9356504678726196,0.34569045901298523,0.0018885869067162275,0.000328552327118814,0.0645216852426529,0.011523015797138214,0.00010055555321741849,1.1059548342018388e-05,1.0,1.0,1.0,1.0,1.0,0.18233568966388702,False,0.23623448610305786,0.7219060063362122,0.2905966960825026
991,0.32168084383010864,0.2597295343875885,0.08718384057283401,1.6060731410980225,0.01193837821483612,1.5773351192474365,0.27989134192466736,0.0008378354832530022,9.532569674775004e-05,0.05257783830165863,0.009329712018370628,4.065549001097679e-05,3.0977275855548214e-06,1.0,1.0,1.0,1.0,1.0,0.12929598987102509,False,0.2486220896244049,0.6660151481628418,0.2934311309363693
992,0.2803915739059448,0.19723200798034668,0.10751707851886749,0.8433646559715271,0.005378459580242634,2.181387424468994,0.3125899136066437,0.0002635429846122861,0.00025880831526592374,0.07271292060613632,0.010419663973152637,1.879303999885451e-05,8.18101761979051e-06,1.0,1.0,1.0,1.0,1.0,0.18058787286281586,False,0.2672747075557709,0.7545182704925537,0.2851548020262271
993,0.3540550470352173,0.29166024923324585,0.10936958342790604,1.8044776916503906,0.0018428931944072247,1.5251777172088623,0.3440455496311188,0.0012647737748920918,0.00014252631808631122,0.05083926022052765,0.011468186043202877,8.200081356335431e-05,5.362400770536624e-06,1.0,1.0,1.0,1.0,1.0,0.19075709581375122,False,0.31609612703323364,0.7621742486953735,0.29679348692297935
994,0.3513282537460327,0.2806490361690521,0.11973398178815842,1.5001716613769531,0.010897895321249962,1.703525424003601,0.41532039642333984,0.000960834207944572,0.00012845586752519011,0.05678418278694153,0.013844014145433903,4.744617035612464e-05,3.5817420211969875e-06,1.0,1.0,1.0,1.0,1.0,0.1681845784187317,False,0.2799632251262665,0.6964930891990662,0.2939821418840438
995,0.32646575570106506,0.2528286576271057,0.10921607911586761,1.3895549774169922,0.004657092038542032,1.9479963779449463,0.2603224813938141,0.0004064033564645797,0.00014824459503870457,0.06493321806192398,0.008677416481077671,2.1701014702557586e-05,4.757810074806912e-06,1.0,1.0,1.0,1.0,1.0,0.15080325305461884,False,0.2998252511024475,0.7574015259742737,0.29561371891759336
996,0.2545512020587921,0.19317427277565002,0.08891672641038895,0.9985947012901306,0.004398082848638296,1.6316943168640137,0.20818087458610535,0.0006397055112756789,0.0003445621987339109,0.05438981205224991,0.006939362734556198,3.467535862000659e-05,1.307955062657129e-05,1.0,1.0,1.0,1.0,1.0,0.1782536506652832,False,0.23715487122535706,0.7372985482215881,0.29795903293415904
997,0.29413580894470215,0.2216867208480835,0.06695809960365295,1.442105770111084,0.010518040508031845,1.5323964357376099,0.6388202905654907,0.0012308864388614893,0.00025090426788665354,0.0510798841714859,0.021294010803103447,6.649197166552767e-05,8.68905226525385e-06,1.0,1.0,1.0,1.0,1.0,0.14517386257648468,False,0.18593895435333252,0.6980043649673462,0.28514286293648183
998,0.29364097118377686,0.21801269054412842,0.10128889977931976,1.023019790649414,0.014421815052628517,1.9656606912612915,0.302237868309021,0.00058718555374071,4.8033711209427565e-05,0.06552202999591827,0.010074595920741558,3.0436000088229775e-05,1.2382129170873668e-06,1.0,1.0,1.0,1.0,1.0,0.15139521658420563,False,0.2647525370121002,0.6962238550186157,0.29260132904164493
999,0.31802859902381897,0.255318820476532,0.0950976088643074,1.5040451288223267,0.009816717356443405,1.567753553390503,0.31248217821121216,0.00048853550106287,0.00017887429567053914,0.0522584542632103,0.01041607279330492,2.8362261218717322e-05,6.8902272687410004e-06,1.0,1.0,1.0,1.0,1.0,0.15844029188156128,False,0.28316017985343933,0.7063612937927246,0.30801599100232124
1000,0.29356303811073303,0.23007674515247345,0.1085917204618454,1.1740764379501343,0.004077392164617777,1.587557077407837,0.31632816791534424,0.00039900807314552367,5.8742334658745676e-05,0.05291857197880745,0.01054427307099104,2.1841759007656947e-05,1.6029728158173384e-06,1.0,1.0,1.0,1.0,1.0,0.18048617243766785,False,0.30549898743629456,0.7484062314033508,0.45870411000214517
