comparison,source_method,seed,field,sampling_progress,forward_diffusion_t,stage,rms_diff,relative_l2_diff,cosine_to_c0,c0_rms,candidate_rms
TCL_vs_C0,C0,84000,atomic_numbers,0.05,0.95,early_0_30,2.4852278440675293,0.18780441418739188,0.9835089843303637,13.233064061996759,12.345236475738595
TCL_vs_C0,C0,84000,pos,0.05,0.95,early_0_30,0.009616024640048071,0.641185717069015,0.7676419211895099,0.014997253344950973,0.011215119527023872
TCL_vs_C0,C0,84000,cell,0.05,0.95,early_0_30,0.05389778053533014,0.07307280423008727,0.9982531984425694,0.7375901486635168,0.7680188125920743
TCL_vs_C0,C0,84001,atomic_numbers,0.05,0.95,early_0_30,2.640444237012646,0.228373964018766,0.9736709273663292,11.561931975729392,11.098254934946091
TCL_vs_C0,C0,84001,pos,0.05,0.95,early_0_30,0.0053942906424949925,0.3567059968588224,0.935694290090843,0.01512251178841255,0.013355148422890087
TCL_vs_C0,C0,84001,cell,0.05,0.95,early_0_30,0.06092461848691462,0.21160140915440775,0.9775119650366915,0.2879216104012676,0.286473489720626
TCL_vs_C0,C0,84002,atomic_numbers,0.05,0.95,early_0_30,4.141762490794209,0.3475967940747347,0.937709704173678,11.915422010203336,11.041047385378935
TCL_vs_C0,C0,84002,pos,0.05,0.95,early_0_30,0.00386869428814535,0.6044920076023818,0.8028239312743172,0.006399909741552895,0.00577596776117363
TCL_vs_C0,C0,84002,cell,0.05,0.95,early_0_30,0.043822441171046014,0.05579110663811527,0.9986598659766246,0.7854735962721964,0.8007877740217613
TCL_vs_C0,C0,84003,atomic_numbers,0.05,0.95,early_0_30,2.069565108090857,0.1900257843394569,0.9822048926201022,10.890969955918406,11.012108871400804
TCL_vs_C0,C0,84003,pos,0.05,0.95,early_0_30,0.00441658600657803,0.35619279483048455,0.9446229945328377,0.012399425453510153,0.009995298201032872
TCL_vs_C0,C0,84003,cell,0.05,0.95,early_0_30,0.04042560977632321,0.04593968991918614,0.9990456922297986,0.8799713243044759,0.8916615081091599
TCL_vs_C0,C0,84004,atomic_numbers,0.05,0.95,early_0_30,3.6356500511868273,0.285271762068103,0.958710338052566,12.74451430043359,12.50483401154998
TCL_vs_C0,C0,84004,pos,0.05,0.95,early_0_30,0.006778883728837866,0.41210981619564546,0.9113914620067424,0.016449216840832667,0.014635483719419879
TCL_vs_C0,C0,84004,cell,0.05,0.95,early_0_30,0.04939766094790904,0.06336214418270024,0.9980328662441877,0.7796084173773286,0.7852354924514617
TCL_vs_C0,C0,84005,atomic_numbers,0.05,0.95,early_0_30,1.0173279724692554,0.09582452436572839,0.9954329179401594,10.616572106181021,10.656294683424
TCL_vs_C0,C0,84005,pos,0.05,0.95,early_0_30,0.01043840765738317,0.3455886973534353,0.9739037792292563,0.03020471368803986,0.02154468678927578
TCL_vs_C0,C0,84005,cell,0.05,0.95,early_0_30,0.14280922824286998,0.10567880344370538,0.9965204740931027,1.3513516768662488,1.258852670851336
TCL_vs_C0,C0,84006,atomic_numbers,0.05,0.95,early_0_30,1.5827925088961001,0.15227437492810594,0.9898013969090022,10.394345796155076,10.847539358672769
TCL_vs_C0,C0,84006,pos,0.05,0.95,early_0_30,0.007345979553599013,0.5694920125205113,0.8422949702126764,0.012899179254659754,0.008494061180661155
TCL_vs_C0,C0,84006,cell,0.05,0.95,early_0_30,0.023324266534074843,0.02878147990505745,0.999612738243644,0.8103914951911949,0.8160328009754824
TCL_vs_C0,C0,84007,atomic_numbers,0.05,0.95,early_0_30,2.681140280572968,0.2006173794795438,0.9808430218348129,13.364446727041184,12.467436909550397
TCL_vs_C0,C0,84007,pos,0.05,0.95,early_0_30,0.004691961068318647,0.42969291225846135,0.9238516784807045,0.010919335493940894,0.007955416703907866
TCL_vs_C0,C0,84007,cell,0.05,0.95,early_0_30,0.04432628315747094,0.032763757537179306,0.9995994767942777,1.3529059695662453,1.3747004832801553
TCL_vs_C0,TCL,84000,atomic_numbers,0.05,0.95,early_0_30,1.9258503956627222,0.1758649089951794,0.9847521092924697,10.95073716903644,11.06619353566896
TCL_vs_C0,TCL,84000,pos,0.05,0.95,early_0_30,0.009468662052856673,0.5843687069737616,0.8146291187367721,0.016203232547977314,0.014357604999625974
TCL_vs_C0,TCL,84000,cell,0.05,0.95,early_0_30,0.042780026221370976,0.051608888838470396,0.9990651894225484,0.8289274809862174,0.8515208507590152
TCL_vs_C0,TCL,84001,atomic_numbers,0.05,0.95,early_0_30,1.5482422348844105,0.14762505271911613,0.9910382121991805,10.487665923684553,11.052808444616858
TCL_vs_C0,TCL,84001,pos,0.05,0.95,early_0_30,0.008003299016262736,0.5056411030705521,0.8843367476301864,0.01582802301407454,0.010923061526439513
TCL_vs_C0,TCL,84001,cell,0.05,0.95,early_0_30,0.05755110543896081,0.10342683031404559,0.9966805586247948,0.5564427070249801,0.5900914619457029
TCL_vs_C0,TCL,84002,atomic_numbers,0.05,0.95,early_0_30,2.285310146229111,0.1789328613450536,0.9838952321868614,12.771886220620623,12.67058169397298
TCL_vs_C0,TCL,84002,pos,0.05,0.95,early_0_30,0.003660804914401091,0.6433226451559821,0.767925753890559,0.005690464873210673,0.004710046740678853
TCL_vs_C0,TCL,84002,cell,0.05,0.95,early_0_30,0.04044975578369371,0.05222837676384716,0.9993407230349886,0.7744785170442693,0.7448895370690403
TCL_vs_C0,TCL,84003,atomic_numbers,0.05,0.95,early_0_30,2.0302482218299036,0.1919187552005431,0.9824373128866016,10.578685859588969,10.867863667053765
TCL_vs_C0,TCL,84003,pos,0.05,0.95,early_0_30,0.005378512780160731,0.48988648949969427,0.8721262500363245,0.010979100047551094,0.009307809875073044
TCL_vs_C0,TCL,84003,cell,0.05,0.95,early_0_30,0.042063431989868824,0.03186702968545431,0.9995087960854012,1.3199671386087377,1.3269404795355182
TCL_vs_C0,TCL,84004,atomic_numbers,0.05,0.95,early_0_30,3.6443752574054504,0.2745703732335552,0.9633689120586277,13.273009809785522,13.568510994748772
TCL_vs_C0,TCL,84004,pos,0.05,0.95,early_0_30,0.00555518688726593,0.3270172130497435,0.9593864471947399,0.016987444897651045,0.013487521025174892
TCL_vs_C0,TCL,84004,cell,0.05,0.95,early_0_30,0.05527476630680695,0.05368875816418461,0.9989628771689814,1.0295407865045452,0.9991842154769086
TCL_vs_C0,TCL,84005,atomic_numbers,0.05,0.95,early_0_30,1.2380941455312051,0.11677640185728087,0.99316794449687,10.602263178517443,10.483257546605781
TCL_vs_C0,TCL,84005,pos,0.05,0.95,early_0_30,0.01097369711869206,0.37927447206401327,0.9663158940382147,0.028933392376695313,0.019898079872233316
TCL_vs_C0,TCL,84005,cell,0.05,0.95,early_0_30,0.14922413964749856,0.15232614267769798,0.9884667987679131,0.9796357803350745,0.9522443799616113
TCL_vs_C0,TCL,84006,atomic_numbers,0.05,0.95,early_0_30,2.096272626163384,0.19253085329010033,0.9813816876508543,10.887982836728904,10.830590475620411
TCL_vs_C0,TCL,84006,pos,0.05,0.95,early_0_30,0.006989257209545004,0.552862488935843,0.8624394179940343,0.012641945057618249,0.008091430657715388
TCL_vs_C0,TCL,84006,cell,0.05,0.95,early_0_30,0.029270364250558976,0.0248970502339049,0.9997287513009471,1.1756559100603203,1.1649912904696702
TCL_vs_C0,TCL,84007,atomic_numbers,0.05,0.95,early_0_30,1.6941732830183038,0.15954634059458558,0.9884906111043348,10.618690950256722,11.034658868266535
TCL_vs_C0,TCL,84007,pos,0.05,0.95,early_0_30,0.006594814313522068,0.6819988436607829,0.7744560098828418,0.00966983210429348,0.00502533755021391
TCL_vs_C0,TCL,84007,cell,0.05,0.95,early_0_30,0.0732919096899589,0.0606767650218859,0.9983201842383806,1.2079073375702012,1.1841071048798153
TCL_vs_C0,GBSA-TCL,84000,atomic_numbers,0.05,0.95,early_0_30,3.823134515973749,0.26851266217250563,0.9649082657726052,14.238190799052827,12.939810728240582
TCL_vs_C0,GBSA-TCL,84000,pos,0.05,0.95,early_0_30,0.005853600450789038,0.3972926628869013,0.920825870401147,0.01473372402161729,0.014685574509767605
TCL_vs_C0,GBSA-TCL,84000,cell,0.05,0.95,early_0_30,0.049453052283508624,0.06771922158623656,0.9977897892628359,0.7302661065076329,0.7381835488066337
TCL_vs_C0,GBSA-TCL,84001,atomic_numbers,0.05,0.95,early_0_30,2.6705414515402044,0.20201672952943037,0.9794254356844726,13.21940741126171,12.825587766267814
TCL_vs_C0,GBSA-TCL,84001,pos,0.05,0.95,early_0_30,0.009583922055215268,0.6134181354847312,0.8124688870634453,0.015623799657703186,0.009713531931510474
TCL_vs_C0,GBSA-TCL,84001,cell,0.05,0.95,early_0_30,0.08675939924496215,0.07016473266478267,0.9988414282731131,1.2365100806335534,1.1719392931130148
TCL_vs_C0,GBSA-TCL,84002,atomic_numbers,0.05,0.95,early_0_30,3.479824303045483,0.19231699812896524,0.988102430535899,18.094210792079632,15.78967975426615
TCL_vs_C0,GBSA-TCL,84002,pos,0.05,0.95,early_0_30,0.003559565948796471,0.6124446605113059,0.8067096022240806,0.005812061363756082,0.005623445716050515
TCL_vs_C0,GBSA-TCL,84002,cell,0.05,0.95,early_0_30,0.03897797123065805,0.04997354957489494,0.9989865811361128,0.7799720364518451,0.762244438458486
TCL_vs_C0,GBSA-TCL,84003,atomic_numbers,0.05,0.95,early_0_30,2.4643957745703116,0.19243018164057024,0.9820411004708044,12.806700869686967,13.061689769433483
TCL_vs_C0,GBSA-TCL,84003,pos,0.05,0.95,early_0_30,0.005964676878983766,0.4341821153326806,0.9267426560032821,0.013737730478404181,0.009741496198120276
TCL_vs_C0,GBSA-TCL,84003,cell,0.05,0.95,early_0_30,0.027757943048019235,0.04537707311719339,0.9989708384207695,0.6117173528651794,0.6102637294068219
TCL_vs_C0,GBSA-TCL,84004,atomic_numbers,0.05,0.95,early_0_30,2.072768213234631,0.18467084744582707,0.9828070731987409,11.224122496338648,10.990576743833847
TCL_vs_C0,GBSA-TCL,84004,pos,0.05,0.95,early_0_30,0.0046299580405162535,0.2919552849612445,0.9564915968187759,0.015858449149604725,0.015337842182327746
TCL_vs_C0,GBSA-TCL,84004,cell,0.05,0.95,early_0_30,0.06167243393863889,0.13002307707441293,0.9972142747391894,0.4743191387736764,0.5235129385599374
TCL_vs_C0,GBSA-TCL,84005,atomic_numbers,0.05,0.95,early_0_30,1.1900612069752328,0.11134751902036251,0.9937832557469998,10.6878107159047,10.641159687021833
TCL_vs_C0,GBSA-TCL,84005,pos,0.05,0.95,early_0_30,0.010328060246583382,0.36560191291271465,0.944443248887394,0.028249469933843446,0.022156769434258212
TCL_vs_C0,GBSA-TCL,84005,cell,0.05,0.95,early_0_30,0.1336622828271371,0.14513036174817429,0.9894161750999605,0.9209808424446965,0.9137027822989627
TCL_vs_C0,GBSA-TCL,84006,atomic_numbers,0.05,0.95,early_0_30,2.1182275643512907,0.19366547917380522,0.9812673038444791,10.937558791519502,10.949177081987772
TCL_vs_C0,GBSA-TCL,84006,pos,0.05,0.95,early_0_30,0.007025171992896925,0.5061806289045208,0.8632156405234993,0.01387878474942995,0.01146854639211588
TCL_vs_C0,GBSA-TCL,84006,cell,0.05,0.95,early_0_30,0.04297411843864516,0.054827492008855505,0.9985346683920264,0.7838060225644494,0.7757556370292343
TCL_vs_C0,GBSA-TCL,84007,atomic_numbers,0.05,0.95,early_0_30,1.921513496533093,0.17917111112260894,0.9839451748446942,10.724460458461841,10.721983351581306
TCL_vs_C0,GBSA-TCL,84007,pos,0.05,0.95,early_0_30,0.0076351983314501635,0.5653577429114071,0.8599120581728952,0.013505074313002942,0.008330633950862766
TCL_vs_C0,GBSA-TCL,84007,cell,0.05,0.95,early_0_30,0.027854833135307164,0.029135888045631293,0.999578353941503,0.9560317190841138,0.9579281894577397
TCL_vs_C0,C0,84000,atomic_numbers,0.15,0.85,early_0_30,2.3577032858765867,0.1944987174917739,0.9817938152543539,12.12194772428925,11.394322961452959
TCL_vs_C0,C0,84000,pos,0.15,0.85,early_0_30,0.003693584019804728,3.351954350433587,0.2707125745020914,0.0011019195471223973,0.0038362861212790636
TCL_vs_C0,C0,84000,cell,0.15,0.85,early_0_30,0.0713658807235535,0.07232068442453528,0.9976333073467756,0.9867976401415547,0.9623416914157529
TCL_vs_C0,C0,84001,atomic_numbers,0.15,0.85,early_0_30,2.4237832084405,0.23162651783125873,0.9731353313105748,10.464187050492379,9.917680357243759
TCL_vs_C0,C0,84001,pos,0.15,0.85,early_0_30,0.003955103415592,2.8428529901578865,-0.20296710751034913,0.001391244439752877,0.003430710619373628
TCL_vs_C0,C0,84001,cell,0.15,0.85,early_0_30,0.030337663568888232,0.03185285015033171,0.9996129049349692,0.9524316796050447,0.9668353261957556
TCL_vs_C0,C0,84002,atomic_numbers,0.15,0.85,early_0_30,2.850903393875766,0.23896638785630506,0.9737861816308158,11.930143897852556,10.743615850359635
TCL_vs_C0,C0,84002,pos,0.15,0.85,early_0_30,0.004049282599942567,3.0034334664404208,-0.09728024722255105,0.0013482178464041877,0.003689342363184923
TCL_vs_C0,C0,84002,cell,0.15,0.85,early_0_30,0.02401330309288483,0.026381944351150228,0.9996687118712588,0.9102173355102947,0.9151872372014864
TCL_vs_C0,C0,84003,atomic_numbers,0.15,0.85,early_0_30,2.567581489674648,0.21231353099998734,0.9772137935009017,12.093348349403133,11.758747424288787
TCL_vs_C0,C0,84003,pos,0.15,0.85,early_0_30,0.005499850088391794,4.110518010471515,0.331002410925861,0.0013379944022580523,0.005795847158517691
TCL_vs_C0,C0,84003,cell,0.15,0.85,early_0_30,0.03243819828819392,0.04179284584730981,0.9996518105852596,0.7761662942673706,0.8010513068328029
TCL_vs_C0,C0,84004,atomic_numbers,0.15,0.85,early_0_30,3.500442258306602,0.26487400549367385,0.97132852146044,13.21549939104993,11.293298649486827
TCL_vs_C0,C0,84004,pos,0.15,0.85,early_0_30,0.004777251361056349,2.3179106837020713,0.20675409521724872,0.0020610161533171417,0.004756934567827545
TCL_vs_C0,C0,84004,cell,0.15,0.85,early_0_30,0.07065167435172957,0.05982146555259832,0.9986204661566703,1.1810421844247319,1.1455632476646531
TCL_vs_C0,C0,84005,atomic_numbers,0.15,0.85,early_0_30,2.812444945322683,0.21703096475606506,0.9778586925914049,12.9587266429183,11.926247242616032
TCL_vs_C0,C0,84005,pos,0.15,0.85,early_0_30,0.004814713506482661,0.9432897318010461,0.5927255731188087,0.0051041724977646166,0.005531720411509754
TCL_vs_C0,C0,84005,cell,0.15,0.85,early_0_30,0.08262770177996386,0.1783830698643388,0.9840258143286498,0.46320372131056287,0.4505777468365813
TCL_vs_C0,C0,84006,atomic_numbers,0.15,0.85,early_0_30,3.151334600497776,0.22424310868286532,0.9760999524499495,14.053206000432928,12.94044571683332
TCL_vs_C0,C0,84006,pos,0.15,0.85,early_0_30,0.0036126651504730985,2.1568939706717423,0.6726286332784004,0.0016749386847921743,0.004520014708829619
TCL_vs_C0,C0,84006,cell,0.15,0.85,early_0_30,0.024940872105468147,0.03100592959194323,0.9995685574358717,0.8043903999559148,0.8120335314108355
TCL_vs_C0,C0,84007,atomic_numbers,0.15,0.85,early_0_30,2.059784658344899,0.19981302960304279,0.979907913782206,10.308560269752958,10.225471214915666
TCL_vs_C0,C0,84007,pos,0.15,0.85,early_0_30,0.0032646013649548678,2.6678280592166317,0.03798396698699473,0.0012236925665717261,0.0030734195857513988
TCL_vs_C0,C0,84007,cell,0.15,0.85,early_0_30,0.03860948846642901,0.08639128334824073,0.9980049680678352,0.44691416737954104,0.41966837486723535
TCL_vs_C0,TCL,84000,atomic_numbers,0.15,0.85,early_0_30,2.1214865983447044,0.1964852313194284,0.9817814754967888,10.797180959090898,11.140472915196408
TCL_vs_C0,TCL,84000,pos,0.15,0.85,early_0_30,0.005202354339036084,2.2195960036262252,0.2677995030607573,0.0023438293863103157,0.0053143523600350405
TCL_vs_C0,TCL,84000,cell,0.15,0.85,early_0_30,0.045649225589079176,0.03367385659210306,0.9994747911238636,1.355628080918551,1.3673248455880445
TCL_vs_C0,TCL,84001,atomic_numbers,0.15,0.85,early_0_30,3.490850147179442,0.27923664761111433,0.9602568782699971,12.501404013562928,11.902707165515078
TCL_vs_C0,TCL,84001,pos,0.15,0.85,early_0_30,0.0037410412994087028,1.5427642997713211,0.27523584351965813,0.002424894911013448,0.0035932890556700245
TCL_vs_C0,TCL,84001,cell,0.15,0.85,early_0_30,0.05724022436858264,0.06732183274145127,0.9982224701467269,0.8502475651311077,0.8221147973392585
TCL_vs_C0,TCL,84002,atomic_numbers,0.15,0.85,early_0_30,3.6841089955996265,0.28262458991782063,0.9647861730932011,13.035344860370655,11.228626026154855
TCL_vs_C0,TCL,84002,pos,0.15,0.85,early_0_30,0.005851435788580749,3.7390444317398743,-0.18366708587013986,0.0015649548689256748,0.005358172319187832
TCL_vs_C0,TCL,84002,cell,0.15,0.85,early_0_30,0.07111321650199305,0.0797544329432712,0.9970223596507121,0.8916522113896217,0.8708469716444434
TCL_vs_C0,TCL,84003,atomic_numbers,0.15,0.85,early_0_30,1.7226475051266903,0.17062292499832454,0.986179292108096,10.096225376183218,10.368260216092848
TCL_vs_C0,TCL,84003,pos,0.15,0.85,early_0_30,0.0033292518472882687,3.1395574072611048,0.1394116312216258,0.0010604207585401821,0.003307151505763974
TCL_vs_C0,TCL,84003,cell,0.15,0.85,early_0_30,0.039875940136420054,0.05875803334121352,0.9984515389388415,0.6786466099853385,0.6904360274140882
TCL_vs_C0,TCL,84004,atomic_numbers,0.15,0.85,early_0_30,2.610598362073168,0.24803871669926147,0.9687526018149899,10.524963186446534,10.173006011726255
TCL_vs_C0,TCL,84004,pos,0.15,0.85,early_0_30,0.004178276039080559,2.4072269844118366,0.28635542985388696,0.0017357216690147095,0.004330087338379932
TCL_vs_C0,TCL,84004,cell,0.15,0.85,early_0_30,0.06948978422779295,0.10844271625788417,0.9941179829626902,0.6407971565609027,0.6334956345821824
TCL_vs_C0,TCL,84005,atomic_numbers,0.15,0.85,early_0_30,0.8244284842945818,0.08527052378344888,0.997165837587085,9.668387711423964,10.029020847703702
TCL_vs_C0,TCL,84005,pos,0.15,0.85,early_0_30,0.0055110353969942205,0.7672127322961099,0.6952457415361393,0.007183190743590535,0.0069212944015150215
TCL_vs_C0,TCL,84005,cell,0.15,0.85,early_0_30,0.0885250905235298,0.08295424886065994,0.9965938166206754,1.067155591659052,1.0731038597123714
TCL_vs_C0,TCL,84006,atomic_numbers,0.15,0.85,early_0_30,1.9414145687206934,0.15699432685374504,0.9876770012721425,12.366144736741372,12.366756251927942
TCL_vs_C0,TCL,84006,pos,0.15,0.85,early_0_30,0.004587017973141792,3.646526608849057,0.4554935759908722,0.0012579143017935031,0.005021194256054615
TCL_vs_C0,TCL,84006,cell,0.15,0.85,early_0_30,0.035621773709998056,0.03837832528132352,0.999273922934538,0.9281742610934899,0.9317809101528534
TCL_vs_C0,TCL,84007,atomic_numbers,0.15,0.85,early_0_30,2.2607089648585914,0.21410116910045252,0.9776587072997959,10.559068754070678,10.752837690766269
TCL_vs_C0,TCL,84007,pos,0.15,0.85,early_0_30,0.002924461637448986,2.001264555966615,0.6435706563611366,0.0014613068665659072,0.003642585276253408
TCL_vs_C0,TCL,84007,cell,0.15,0.85,early_0_30,0.01651036229295467,0.03861869669156134,0.999281087072002,0.4275225138957729,0.4303595524196303
TCL_vs_C0,GBSA-TCL,84000,atomic_numbers,0.15,0.85,early_0_30,2.1428084467143016,0.2082545016706007,0.9787202478660472,10.289373960826135,10.436127512117547
TCL_vs_C0,GBSA-TCL,84000,pos,0.15,0.85,early_0_30,0.004755598331378127,4.105755883125382,-0.03973541551394892,0.0011582759586178984,0.004566591877832327
TCL_vs_C0,GBSA-TCL,84000,cell,0.15,0.85,early_0_30,0.0660965887219014,0.15731945877461145,0.9890134133358667,0.42014248737402987,0.39291311504214443
TCL_vs_C0,GBSA-TCL,84001,atomic_numbers,0.15,0.85,early_0_30,2.225234570717769,0.2005564082560681,0.9808468155422525,11.095305256347705,11.412977282563851
TCL_vs_C0,GBSA-TCL,84001,pos,0.15,0.85,early_0_30,0.003795428067954962,1.9665585126185103,0.11021589097241268,0.0019299848154028618,0.0034877234693948623
TCL_vs_C0,GBSA-TCL,84001,cell,0.15,0.85,early_0_30,0.06253509324456707,0.058816399003673726,0.9983217535346769,1.0632254660925615,1.0505104313903477
TCL_vs_C0,GBSA-TCL,84002,atomic_numbers,0.15,0.85,early_0_30,4.341509430556311,0.31325971216251464,0.9588468110582057,13.859137520703584,11.454410878650737
TCL_vs_C0,GBSA-TCL,84002,pos,0.15,0.85,early_0_30,0.0038960122270344697,4.263551093746063,0.08812397897112735,0.0009137951302493566,0.0038687160613571393
TCL_vs_C0,GBSA-TCL,84002,cell,0.15,0.85,early_0_30,0.0579417911492539,0.06526052123461504,0.9978999025765372,0.887853637284785,0.8930446290682966
TCL_vs_C0,GBSA-TCL,84003,atomic_numbers,0.15,0.85,early_0_30,2.202544522032128,0.214058012008682,0.9768437436653046,10.289474808085176,10.119873158178823
TCL_vs_C0,GBSA-TCL,84003,pos,0.15,0.85,early_0_30,0.00517836979416316,2.96734661683553,0.13286035949501615,0.0017451179328977528,0.005112823579702195
TCL_vs_C0,GBSA-TCL,84003,cell,0.15,0.85,early_0_30,0.02704325209637875,0.024068758141507253,0.9997978668991508,1.123583191844946,1.1084890825391087
TCL_vs_C0,GBSA-TCL,84004,atomic_numbers,0.15,0.85,early_0_30,4.761677385988843,0.32454286945715666,0.9505549077861404,14.671951948762313,12.56369214434158
TCL_vs_C0,GBSA-TCL,84004,pos,0.15,0.85,early_0_30,0.00468703839864637,2.1601107523834346,0.0849416371926995,0.0021698139289732074,0.004342937819157945
TCL_vs_C0,GBSA-TCL,84004,cell,0.15,0.85,early_0_30,0.0786774464043594,0.05198633048455343,0.9988372130126244,1.5134256576877771,1.4822276300884387
TCL_vs_C0,GBSA-TCL,84005,atomic_numbers,0.15,0.85,early_0_30,0.7808976379237167,0.0815233731867198,0.9972346658563066,9.578819023289942,9.873333629815773
TCL_vs_C0,GBSA-TCL,84005,pos,0.15,0.85,early_0_30,0.0051603525462396655,0.7524885226740436,0.6741815228296048,0.006857715952798634,0.0056114207121542616
TCL_vs_C0,GBSA-TCL,84005,cell,0.15,0.85,early_0_30,0.16595346800472185,0.15303812880678302,0.9920875415286146,1.0843929502970138,0.9809152858406449
TCL_vs_C0,GBSA-TCL,84006,atomic_numbers,0.15,0.85,early_0_30,2.0838015988862093,0.2020046566224049,0.9795771060948173,10.315611697909189,10.305279959750894
TCL_vs_C0,GBSA-TCL,84006,pos,0.15,0.85,early_0_30,0.0036723089429678587,2.9543662008670526,0.2250917014683248,0.0012430107485964684,0.0037466430714084573
TCL_vs_C0,GBSA-TCL,84006,cell,0.15,0.85,early_0_30,0.04934960478004205,0.05386635074068236,0.9987095819442461,0.9161490262745965,0.8985165698992548
TCL_vs_C0,GBSA-TCL,84007,atomic_numbers,0.15,0.85,early_0_30,2.1834504697150328,0.2114112514257851,0.9820435021859634,10.327976656821987,11.127973575913568
TCL_vs_C0,GBSA-TCL,84007,pos,0.15,0.85,early_0_30,0.0027621022622945513,2.3123759409506714,0.6780025864246241,0.001194486680725015,0.0034286991298422553
TCL_vs_C0,GBSA-TCL,84007,cell,0.15,0.85,early_0_30,0.03063861775503392,0.040990929000644785,0.999495107786669,0.7474487283406527,0.76642906806513
TCL_vs_C0,C0,84000,atomic_numbers,0.25,0.75,early_0_30,3.600781111846292,0.2820271261029461,0.9604028252105917,12.767499217546634,11.70353584575943
TCL_vs_C0,C0,84000,pos,0.25,0.75,early_0_30,0.005852980940917397,4.270708293715003,0.40317958943469256,0.0013704941987096023,0.00626958676393539
TCL_vs_C0,C0,84000,cell,0.25,0.75,early_0_30,0.033340802325456304,0.05090955330514177,0.9989020753690833,0.6549026687705969,0.6672347590231886
TCL_vs_C0,C0,84001,atomic_numbers,0.25,0.75,early_0_30,2.6341423923678304,0.23021415360795858,0.9779449669335243,11.44213920423686,10.081907111124398
TCL_vs_C0,C0,84001,pos,0.25,0.75,early_0_30,0.004665049727679608,3.093068210209916,0.21937060985962542,0.00150822723930909,0.004757756750042613
TCL_vs_C0,C0,84001,cell,0.25,0.75,early_0_30,0.07059591218652529,0.06330234189486317,0.9980036724350517,1.1152180167958996,1.1177905727403006
TCL_vs_C0,C0,84002,atomic_numbers,0.25,0.75,early_0_30,2.4049946767108,0.18285592846848023,0.986733251687508,13.152401985836404,11.87132703903157
TCL_vs_C0,C0,84002,pos,0.25,0.75,early_0_30,0.006228543657082971,3.3236649209418965,0.19628363840272406,0.001873998674727372,0.006319153438714471
TCL_vs_C0,C0,84002,cell,0.25,0.75,early_0_30,0.097896893918857,0.1090765757554351,0.9940478646405229,0.8975061166052325,0.8969852904462984
TCL_vs_C0,C0,84003,atomic_numbers,0.25,0.75,early_0_30,3.205574285119094,0.2601048637714476,0.9692167158143831,12.324161258037108,10.911052437587905
TCL_vs_C0,C0,84003,pos,0.25,0.75,early_0_30,0.0031458256068128635,2.0814396733255123,0.048507978846758074,0.0015113700613704477,0.002833268969718897
TCL_vs_C0,C0,84003,cell,0.25,0.75,early_0_30,0.040329014521697154,0.048878466059047325,0.9989678804718414,0.825087564592922,0.8093402162070069
TCL_vs_C0,C0,84004,atomic_numbers,0.25,0.75,early_0_30,4.72897732661775,0.3383249750558713,0.9571050491679224,13.977618193385815,10.936408135814343
TCL_vs_C0,C0,84004,pos,0.25,0.75,early_0_30,0.005266236811260631,3.323418585603774,0.13528891276936572,0.0015845842693642817,0.005241135102469569
TCL_vs_C0,C0,84004,cell,0.25,0.75,early_0_30,0.08906356397944598,0.07182379643034227,0.9976258193585049,1.2400286312604425,1.2117948897256303
TCL_vs_C0,C0,84005,atomic_numbers,0.25,0.75,early_0_30,2.9859659155465486,0.2458582424595543,0.9693459037759282,12.14507142683152,11.665680392408198
TCL_vs_C0,C0,84005,pos,0.25,0.75,early_0_30,0.005841182246052182,4.189054720961885,0.2908885224174799,0.0013943914880899283,0.006092404536081095
TCL_vs_C0,C0,84005,cell,0.25,0.75,early_0_30,0.08661118744307818,0.14961984688479482,0.9941079338073544,0.5788749904935244,0.5157623571564963
TCL_vs_C0,C0,84006,atomic_numbers,0.25,0.75,early_0_30,3.257987273902281,0.2018799042067074,0.9830205832352711,16.13824459994981,14.505834728146771
TCL_vs_C0,C0,84006,pos,0.25,0.75,early_0_30,0.005864153227241068,1.7027268023742232,0.108630704765741,0.003443977753251018,0.00513513815320294
TCL_vs_C0,C0,84006,cell,0.25,0.75,early_0_30,0.0497241496482143,0.05576694828091804,0.9985025473078394,0.8916419345332649,0.8999632498015022
TCL_vs_C0,C0,84007,atomic_numbers,0.25,0.75,early_0_30,3.0525292363226195,0.23854870481065402,0.9745260761959048,12.796251561061869,11.430192101884128
TCL_vs_C0,C0,84007,pos,0.25,0.75,early_0_30,0.008783839582282777,4.205818141626051,0.14852082467213162,0.002088497240369688,0.008847762976312547
TCL_vs_C0,C0,84007,cell,0.25,0.75,early_0_30,0.06886460295960055,0.046607572153315714,0.9995191171676435,1.4775410899557324,1.4254186883098683
TCL_vs_C0,TCL,84000,atomic_numbers,0.25,0.75,early_0_30,2.498074003638163,0.23021576928482324,0.9731419605895539,10.85101168959257,10.5363630391604
TCL_vs_C0,TCL,84000,pos,0.25,0.75,early_0_30,0.0033489486962859204,2.67695650490559,0.44576489074082615,0.0012510284310368466,0.0037138291527013196
TCL_vs_C0,TCL,84000,cell,0.25,0.75,early_0_30,0.05718549588842489,0.03876682906630371,0.9995172335205014,1.4751140927884339,1.5086032063629726
TCL_vs_C0,TCL,84001,atomic_numbers,0.25,0.75,early_0_30,2.5121864754966636,0.23379325692810515,0.9748474011405529,10.745333327852128,11.233862088466672
TCL_vs_C0,TCL,84001,pos,0.25,0.75,early_0_30,0.005436864562295598,3.25220155028686,0.4718325939717979,0.0016717489608895982,0.0060220384115559165
TCL_vs_C0,TCL,84001,cell,0.25,0.75,early_0_30,0.061562972721818376,0.04570813090367797,0.9991472803318759,1.3468713663123038,1.3193117822862916
TCL_vs_C0,TCL,84002,atomic_numbers,0.25,0.75,early_0_30,4.121492676719026,0.25019322525866095,0.9715758728867008,16.47323852377714,17.338858125685974
TCL_vs_C0,TCL,84002,pos,0.25,0.75,early_0_30,0.007644720978360358,2.3275746560367083,0.07467543909456238,0.0032844149417649406,0.007152835779793634
TCL_vs_C0,TCL,84002,cell,0.25,0.75,early_0_30,0.0357141566376534,0.048330419358872306,0.9997301559215382,0.7389581367474135,0.7700770841492464
TCL_vs_C0,TCL,84003,atomic_numbers,0.25,0.75,early_0_30,4.985747601764064,0.27685952845967793,0.9733033542600416,18.008221098629072,14.739348630779286
TCL_vs_C0,TCL,84003,pos,0.25,0.75,early_0_30,0.007324375352746323,1.6901943689942196,0.33656807306454245,0.004333451517238708,0.0075408446158002655
TCL_vs_C0,TCL,84003,cell,0.25,0.75,early_0_30,0.021374352299081373,0.02129683001870389,0.9998953954714559,1.0036400854169094,1.01922391942721
TCL_vs_C0,TCL,84004,atomic_numbers,0.25,0.75,early_0_30,2.75697091044269,0.2718745974379643,0.9628033144296237,10.140597674160302,9.458167543484768
TCL_vs_C0,TCL,84004,pos,0.25,0.75,early_0_30,0.007028390303269857,4.326933176111496,0.376955218889262,0.0016243353010563686,0.007477774589206645
TCL_vs_C0,TCL,84004,cell,0.25,0.75,early_0_30,0.07818501219190825,0.05845063787470924,0.9983974961576536,1.337624618562765,1.3159115988610177
TCL_vs_C0,TCL,84005,atomic_numbers,0.25,0.75,early_0_30,3.830360168497541,0.30094211494794015,0.9595689818310849,12.727896755693875,10.85798084852563
TCL_vs_C0,TCL,84005,pos,0.25,0.75,early_0_30,0.0027914757543916415,2.141916502388818,0.2896526932651953,0.0013032607719667823,0.002874761341661949
TCL_vs_C0,TCL,84005,cell,0.25,0.75,early_0_30,0.07530703544901086,0.07099175592316548,0.9975690619951838,1.0607856429205078,1.0438231056031033
TCL_vs_C0,TCL,84006,atomic_numbers,0.25,0.75,early_0_30,3.124144644229133,0.22655684800148615,0.9740077335965158,13.78967209240411,13.371028090258472
TCL_vs_C0,TCL,84006,pos,0.25,0.75,early_0_30,0.00609588721029261,1.4894764310597544,-0.06277672492179548,0.004092637575980588,0.004268137579089383
TCL_vs_C0,TCL,84006,cell,0.25,0.75,early_0_30,0.03705639110080296,0.05346089313329582,0.9992885001422397,0.6931494954341487,0.7189190361118231
TCL_vs_C0,TCL,84007,atomic_numbers,0.25,0.75,early_0_30,2.6921604710109506,0.26476528049449566,0.9652019337042186,10.168102350817552,10.23541155080383
TCL_vs_C0,TCL,84007,pos,0.25,0.75,early_0_30,0.0033593801013354005,2.6436562136041175,0.2434584174577445,0.001270732587712504,0.0034344919008239085
TCL_vs_C0,TCL,84007,cell,0.25,0.75,early_0_30,0.035739255925791136,0.05691467185869369,0.9987108729744102,0.6279445134028648,0.6433000133965369
TCL_vs_C0,GBSA-TCL,84000,atomic_numbers,0.25,0.75,early_0_30,2.975482855316754,0.252471124410001,0.9681394251785156,11.785438284358856,11.030680534111337
TCL_vs_C0,GBSA-TCL,84000,pos,0.25,0.75,early_0_30,0.0063035969376911555,4.034709911398236,0.3876115457497221,0.0015623420459258323,0.006742449992222309
TCL_vs_C0,GBSA-TCL,84000,cell,0.25,0.75,early_0_30,0.0497775247479649,0.11044571735379244,0.9952620670030281,0.4506967399062818,0.47217391482708604
TCL_vs_C0,GBSA-TCL,84001,atomic_numbers,0.25,0.75,early_0_30,2.4868943566060624,0.2080992070301424,0.9781479315470383,11.950522984193036,11.5833923086377
TCL_vs_C0,GBSA-TCL,84001,pos,0.25,0.75,early_0_30,0.005437842814593596,4.136413251015552,0.32035582980137817,0.0013146275491837094,0.005714470337771272
TCL_vs_C0,GBSA-TCL,84001,cell,0.25,0.75,early_0_30,0.0444908954679305,0.06540432348026685,0.9978852015401468,0.6802439517833077,0.6738717992468289
TCL_vs_C0,GBSA-TCL,84002,atomic_numbers,0.25,0.75,early_0_30,3.8832451347847443,0.21460618689408772,0.9834160526103938,18.094749228740554,15.718658245234703
TCL_vs_C0,GBSA-TCL,84002,pos,0.25,0.75,early_0_30,0.004388686507726905,2.0399611198678245,0.5110302093655849,0.0021513579180427035,0.00507947525267967
TCL_vs_C0,GBSA-TCL,84002,cell,0.25,0.75,early_0_30,0.04634316382364059,0.037871851243696776,0.9994533730340649,1.2236836146570402,1.200407281935646
TCL_vs_C0,GBSA-TCL,84003,atomic_numbers,0.25,0.75,early_0_30,2.4278009870984874,0.1980405500412008,0.9802853487999389,12.259110503345918,12.181636517943979
TCL_vs_C0,GBSA-TCL,84003,pos,0.25,0.75,early_0_30,0.004545976429680891,1.0650894570852776,0.5839029543831017,0.004268163955092939,0.005434931521359762
TCL_vs_C0,GBSA-TCL,84003,cell,0.25,0.75,early_0_30,0.05210411168200348,0.045317960120673954,0.9995011036079435,1.1497453006106007,1.1118063255690946
TCL_vs_C0,GBSA-TCL,84004,atomic_numbers,0.25,0.75,early_0_30,3.840796095097839,0.29472658911739325,0.9571255652286736,13.031725799154152,11.764821045534884
TCL_vs_C0,GBSA-TCL,84004,pos,0.25,0.75,early_0_30,0.004222445785974921,4.811284124863829,0.19595257073075797,0.0008776130605453332,0.004305784463943577
TCL_vs_C0,GBSA-TCL,84004,cell,0.25,0.75,early_0_30,0.08005102371426202,0.20957523451428575,0.9778138355221898,0.3819679548482401,0.37595941552228895
TCL_vs_C0,GBSA-TCL,84005,atomic_numbers,0.25,0.75,early_0_30,2.0252471200570556,0.16086149632958435,0.9887795261859016,12.590005478424661,11.697402933034388
TCL_vs_C0,GBSA-TCL,84005,pos,0.25,0.75,early_0_30,0.00388821708278042,4.826500080474205,0.2904692587160897,0.0008055976417591608,0.004045038105635577
TCL_vs_C0,GBSA-TCL,84005,cell,0.25,0.75,early_0_30,0.10907243423595295,0.20269819353449875,0.9861036801493139,0.5381026457810493,0.5931168259576372
TCL_vs_C0,GBSA-TCL,84006,atomic_numbers,0.25,0.75,early_0_30,4.301705090611201,0.2624498790865806,0.9680000285433832,16.39057752887017,14.606669273643385
TCL_vs_C0,GBSA-TCL,84006,pos,0.25,0.75,early_0_30,0.004898937453894529,1.1696279884255787,0.5517811493568106,0.004188457785187688,0.005745882562722616
TCL_vs_C0,GBSA-TCL,84006,cell,0.25,0.75,early_0_30,0.045582352009549514,0.04187495384711337,0.9991586849059481,1.0885349790705907,1.0968293280491002
TCL_vs_C0,GBSA-TCL,84007,atomic_numbers,0.25,0.75,early_0_30,2.7885535455513097,0.24905677000385243,0.9686812805962143,11.196457520541104,11.06195078216588
TCL_vs_C0,GBSA-TCL,84007,pos,0.25,0.75,early_0_30,0.004667590087707952,2.213553775531409,0.6595075325453426,0.0021086409281325913,0.00578087853669258
TCL_vs_C0,GBSA-TCL,84007,cell,0.25,0.75,early_0_30,0.04443429618399604,0.03326800576681993,0.9994493945401448,1.335646521629285,1.3316799318012287
TCL_vs_C0,C0,84000,atomic_numbers,0.35,0.65,mid_30_70,3.324656214334051,0.25178223641289244,0.969167875596549,13.204490760349021,12.113703832014762
TCL_vs_C0,C0,84000,pos,0.35,0.65,mid_30_70,0.026098354224509533,0.8330937313476283,0.9007571301460185,0.03132703229238364,0.05048909072341753
TCL_vs_C0,C0,84000,cell,0.35,0.65,mid_30_70,0.020511208212402827,0.02711858619700563,0.9996334810875805,0.7563524168773824,0.7548759028740496
TCL_vs_C0,C0,84001,atomic_numbers,0.35,0.65,mid_30_70,2.292151876382937,0.22253673656022557,0.980054571314979,10.30010555476357,9.06313364987342
TCL_vs_C0,C0,84001,pos,0.35,0.65,mid_30_70,0.0317343242248002,0.8589724649474085,0.9508818100051402,0.03694451861939854,0.06473185877278871
TCL_vs_C0,C0,84001,cell,0.35,0.65,mid_30_70,0.03783275380704379,0.04304146101555752,0.9993292035891768,0.8789839590568028,0.8982722955208903
TCL_vs_C0,C0,84002,atomic_numbers,0.35,0.65,mid_30_70,2.954002294293605,0.2795927731420938,0.963928880061685,10.565374280229811,9.279648464802177
TCL_vs_C0,C0,84002,pos,0.35,0.65,mid_30_70,0.04228678014454494,0.42699028033860414,0.9443322106786546,0.09903452629181966,0.12047708732542946
TCL_vs_C0,C0,84002,cell,0.35,0.65,mid_30_70,0.09193993100522257,0.09250232537292964,0.996027425608361,0.9939202137304146,0.9650778548048619
TCL_vs_C0,C0,84003,atomic_numbers,0.35,0.65,mid_30_70,2.01958000877358,0.18527992774199858,0.9833457453632765,10.900155420968401,10.325987850196356
TCL_vs_C0,C0,84003,pos,0.35,0.65,mid_30_70,0.0349884544230446,0.6067083480768344,0.9511528006133347,0.05766931431544043,0.08497242636834043
TCL_vs_C0,C0,84003,cell,0.35,0.65,mid_30_70,0.042674109259826336,0.03858695793482777,0.9995103043410685,1.1059205375013401,1.0804086242475481
TCL_vs_C0,C0,84004,atomic_numbers,0.35,0.65,mid_30_70,4.8212924892020315,0.3369736804712976,0.9674137520555953,14.307623320785417,10.66005591454263
TCL_vs_C0,C0,84004,pos,0.35,0.65,mid_30_70,0.041165228834082225,0.7842547194113886,0.9677670372445792,0.05248961570161568,0.0897826484079248
TCL_vs_C0,C0,84004,cell,0.35,0.65,mid_30_70,0.1456724625824885,0.2557574518532187,0.9675876536287811,0.5695727007246346,0.5741615624590142
TCL_vs_C0,C0,84005,atomic_numbers,0.35,0.65,mid_30_70,2.579465380037253,0.26521443573179465,0.9645982038777877,9.725961458017341,9.654733575276081
TCL_vs_C0,C0,84005,pos,0.35,0.65,mid_30_70,0.053497084026912924,4.005241081924496,0.951945020925514,0.013356770025240992,0.0660553611178758
TCL_vs_C0,C0,84005,cell,0.35,0.65,mid_30_70,0.07968553445495653,0.06204398043753816,0.998384867855454,1.28433949422666,1.250238935395043
TCL_vs_C0,C0,84006,atomic_numbers,0.35,0.65,mid_30_70,2.1704403034492814,0.15136095118598245,0.9893306489195747,14.339499629480967,13.597840683110377
TCL_vs_C0,C0,84006,pos,0.35,0.65,mid_30_70,0.05815689672367609,0.8308980005635224,0.8578558063742455,0.06999282304715329,0.10574365371574916
TCL_vs_C0,C0,84006,cell,0.35,0.65,mid_30_70,0.039622441275333334,0.05063753784859056,0.998735065159748,0.7824717187831474,0.7767942504517482
TCL_vs_C0,C0,84007,atomic_numbers,0.35,0.65,mid_30_70,1.3619273733155963,0.14384821694666364,0.9898409861111157,9.467808515280897,9.164739261371295
TCL_vs_C0,C0,84007,pos,0.35,0.65,mid_30_70,0.02659743579071605,0.5180512663533793,0.9544295792638892,0.05134131990051558,0.07074234018226282
TCL_vs_C0,C0,84007,cell,0.35,0.65,mid_30_70,0.060083274139137756,0.05308093093208239,0.9988119941034161,1.1319182441622009,1.1067498044916546
TCL_vs_C0,TCL,84000,atomic_numbers,0.35,0.65,mid_30_70,2.5766330962977775,0.22672493056316545,0.9752427235584501,11.364577728164432,10.514701537042498
TCL_vs_C0,TCL,84000,pos,0.35,0.65,mid_30_70,0.03275303582500413,0.7331552983863103,0.9177456717609831,0.044674076416134786,0.06853019315992322
TCL_vs_C0,TCL,84000,cell,0.35,0.65,mid_30_70,0.07798372095079201,0.12257583752510835,0.995068121804124,0.6362079389000126,0.6788834085218194
TCL_vs_C0,TCL,84001,atomic_numbers,0.35,0.65,mid_30_70,3.0754657494547404,0.2396018646453959,0.9710865057387592,12.835733786990115,12.202163356985217
TCL_vs_C0,TCL,84001,pos,0.35,0.65,mid_30_70,0.03135545358847714,0.564579514357823,0.8723199747344141,0.05553771043949793,0.06412483929489497
TCL_vs_C0,TCL,84001,cell,0.35,0.65,mid_30_70,0.052924013407112884,0.058003092524748966,0.9984639603327066,0.9124343393333915,0.9266947819731093
TCL_vs_C0,TCL,84002,atomic_numbers,0.35,0.65,mid_30_70,2.5339938758816944,0.2150013573970779,0.9843659813861055,11.785943617098923,13.05484478412313
TCL_vs_C0,TCL,84002,pos,0.35,0.65,mid_30_70,0.03881005101205936,0.5107323160778573,0.9228827254665345,0.07598902554296773,0.09562325143482679
TCL_vs_C0,TCL,84002,cell,0.35,0.65,mid_30_70,0.02297207284616536,0.06957242150790552,0.9976295671666054,0.3301893530262569,0.33279130546478386
TCL_vs_C0,TCL,84003,atomic_numbers,0.35,0.65,mid_30_70,3.0054169482001574,0.24506823973379474,0.9724174034259775,12.263592179324382,12.847471754410263
TCL_vs_C0,TCL,84003,pos,0.35,0.65,mid_30_70,0.044998670945801234,0.9998446218127215,0.7379435358256985,0.04500566384426662,0.06641380060575641
TCL_vs_C0,TCL,84003,cell,0.35,0.65,mid_30_70,0.1142580304404062,0.17689294555887503,0.9853283914765104,0.6459162635311416,0.6664810118656708
TCL_vs_C0,TCL,84004,atomic_numbers,0.35,0.65,mid_30_70,2.894479569316509,0.24520595396745898,0.9735341867083829,11.804279310854872,10.443029346177497
TCL_vs_C0,TCL,84004,pos,0.35,0.65,mid_30_70,0.03151303491520322,0.6536447029188119,0.954580111733393,0.04821126029857447,0.07407013151001257
TCL_vs_C0,TCL,84004,cell,0.35,0.65,mid_30_70,0.05588215334386189,0.06137965326525809,0.9981520937666782,0.9104344904387415,0.9008641289127719
TCL_vs_C0,TCL,84005,atomic_numbers,0.35,0.65,mid_30_70,2.994754198421728,0.2625786900553172,0.9652330205308346,11.405168476508225,10.724120575067703
TCL_vs_C0,TCL,84005,pos,0.35,0.65,mid_30_70,0.029877568556857862,1.1332908747958539,0.9500007895153705,0.02636354815990191,0.053766534823544244
TCL_vs_C0,TCL,84005,cell,0.35,0.65,mid_30_70,0.07060226318020213,0.06055068776668856,0.9986687069364399,1.166002662963035,1.1274755465551969
TCL_vs_C0,TCL,84006,atomic_numbers,0.35,0.65,mid_30_70,2.681301128745105,0.21107912200571113,0.9775292349461636,12.70282490881575,12.279511165703495
TCL_vs_C0,TCL,84006,pos,0.35,0.65,mid_30_70,0.018259808389616935,0.319139288322449,0.9518981578441115,0.05721579591657095,0.05956833345643716
TCL_vs_C0,TCL,84006,cell,0.35,0.65,mid_30_70,0.05876165519232086,0.09367551861821477,0.9958685679709154,0.6272893500788682,0.6391295939680466
TCL_vs_C0,TCL,84007,atomic_numbers,0.35,0.65,mid_30_70,1.8362219841502716,0.14001118229572415,0.990161575680371,13.114823787945033,12.922792739921785
TCL_vs_C0,TCL,84007,pos,0.35,0.65,mid_30_70,0.033699918491202616,0.3649272328142239,0.961386919971749,0.09234695429912866,0.11091298255576727
TCL_vs_C0,TCL,84007,cell,0.35,0.65,mid_30_70,0.01938915234022347,0.021696662810565415,0.9998020151321898,0.8936467561629673,0.9011994660173037
TCL_vs_C0,GBSA-TCL,84000,atomic_numbers,0.35,0.65,mid_30_70,2.5320047573092115,0.18455733171515604,0.984005438446331,13.719339859210166,12.837939907263598
TCL_vs_C0,GBSA-TCL,84000,pos,0.35,0.65,mid_30_70,0.03993024716499962,0.5334461476740164,0.9486593283023287,0.0748533799318026,0.10316415893645152
TCL_vs_C0,GBSA-TCL,84000,cell,0.35,0.65,mid_30_70,0.04987760728683408,0.04775349313608175,0.9990877148550094,1.0444808120046694,1.0658480427220336
TCL_vs_C0,GBSA-TCL,84001,atomic_numbers,0.35,0.65,mid_30_70,2.7488875482392627,0.2485172125307586,0.9710895748991645,11.061155564422073,11.505775328476744
TCL_vs_C0,GBSA-TCL,84001,pos,0.35,0.65,mid_30_70,0.06110249964340502,1.564769101238068,0.8815636154551879,0.03904889200269857,0.09267969970514112
TCL_vs_C0,GBSA-TCL,84001,cell,0.35,0.65,mid_30_70,0.07719459803828678,0.09578901448380422,0.9958570246355888,0.8058815351037842,0.7782758652868292
TCL_vs_C0,GBSA-TCL,84002,atomic_numbers,0.35,0.65,mid_30_70,3.5026484627950043,0.23814689627463342,0.9776559746959332,14.707932446684989,12.7332478235134
TCL_vs_C0,GBSA-TCL,84002,pos,0.35,0.65,mid_30_70,0.06927144336288517,0.6648252727083943,0.9097416958438573,0.10419496100183455,0.14889393808447773
TCL_vs_C0,GBSA-TCL,84002,cell,0.35,0.65,mid_30_70,0.022631076460498226,0.024625999012708538,0.999835874775904,0.9189912031109557,0.9035117677995573
TCL_vs_C0,GBSA-TCL,84003,atomic_numbers,0.35,0.65,mid_30_70,2.946200452841931,0.24744579789178411,0.9702105865674893,11.906447706703016,12.15159199779399
TCL_vs_C0,GBSA-TCL,84003,pos,0.35,0.65,mid_30_70,0.05445848263016946,0.5461804271248006,0.8884681397601516,0.09970786195479292,0.1181130268074096
TCL_vs_C0,GBSA-TCL,84003,cell,0.35,0.65,mid_30_70,0.05542692733045862,0.07246067592578972,0.9974353088659764,0.7649242381788414,0.7716079465692338
TCL_vs_C0,GBSA-TCL,84004,atomic_numbers,0.35,0.65,mid_30_70,5.316877655260743,0.33447659876664815,0.9630508897149949,15.896112537816526,12.155815927604504
TCL_vs_C0,GBSA-TCL,84004,pos,0.35,0.65,mid_30_70,0.0236052479004958,1.0643643493808332,0.8553875437224852,0.022177788944385025,0.03959188559447711
TCL_vs_C0,GBSA-TCL,84004,cell,0.35,0.65,mid_30_70,0.04487071059517989,0.058204933003323585,0.9983133122584347,0.7709090669792148,0.7728137321229419
TCL_vs_C0,GBSA-TCL,84005,atomic_numbers,0.35,0.65,mid_30_70,2.7740379644348883,0.23577136785291436,0.9736359396714311,11.765796626185196,10.754072721187091
TCL_vs_C0,GBSA-TCL,84005,pos,0.35,0.65,mid_30_70,0.03645149987511632,4.191178847942092,0.7667439135050071,0.008697195036908134,0.04268990138199282
TCL_vs_C0,GBSA-TCL,84005,cell,0.35,0.65,mid_30_70,0.1327370525888114,0.10985806614367859,0.9964648273668202,1.2082595047250366,1.118457774343778
TCL_vs_C0,GBSA-TCL,84006,atomic_numbers,0.35,0.65,mid_30_70,2.7575369927757873,0.2410661296366503,0.9706948281680459,11.43892340633716,10.886265444754851
TCL_vs_C0,GBSA-TCL,84006,pos,0.35,0.65,mid_30_70,0.02653281515625457,0.6760834253505449,0.8930788092649683,0.03924488334039172,0.054853973718314415
TCL_vs_C0,GBSA-TCL,84006,cell,0.35,0.65,mid_30_70,0.07220149702567812,0.08310807258742416,0.9965449014179404,0.8687663517852248,0.8683260325272949
TCL_vs_C0,GBSA-TCL,84007,atomic_numbers,0.35,0.65,mid_30_70,3.578219687774782,0.24023653625802002,0.9746462794139816,14.894569092237015,13.214281883159106
TCL_vs_C0,GBSA-TCL,84007,pos,0.35,0.65,mid_30_70,0.051793961352612175,0.32076786838756605,0.9576844094232762,0.1614686708271927,0.1775005018480033
TCL_vs_C0,GBSA-TCL,84007,cell,0.35,0.65,mid_30_70,0.06510857886105767,0.07701286559743939,0.9975781205134299,0.8454247008726095,0.8713285152345983
TCL_vs_C0,C0,84000,atomic_numbers,0.45,0.55,mid_30_70,2.0331912894390145,0.16719717895222644,0.98632470737143,12.160440159220396,11.65206332166862
TCL_vs_C0,C0,84000,pos,0.45,0.55,mid_30_70,0.28560180108169486,0.47836879241944147,0.8784387937434385,0.5970326777321933,0.5376916276169916
TCL_vs_C0,C0,84000,cell,0.45,0.55,mid_30_70,0.03714689334002826,0.03825515305239458,0.999424388013085,0.9710297927484844,0.9876381602838239
TCL_vs_C0,C0,84001,atomic_numbers,0.45,0.55,mid_30_70,2.8484314903996597,0.22229983584211127,0.9834040121005283,12.813466458980033,14.246767211325118
TCL_vs_C0,C0,84001,pos,0.45,0.55,mid_30_70,0.33525545810673935,1.4086918413540812,0.532077339628702,0.2379906295080695,0.39456913945103894
TCL_vs_C0,C0,84001,cell,0.45,0.55,mid_30_70,0.08493320886399656,0.155540263848441,0.9882807662090801,0.5460528789301514,0.5233481723183093
TCL_vs_C0,C0,84002,atomic_numbers,0.45,0.55,mid_30_70,3.299594535670992,0.26106788082123084,0.9775989856369582,12.63883755171868,10.403588513157272
TCL_vs_C0,C0,84002,pos,0.45,0.55,mid_30_70,0.5171659421321096,0.9573677462833955,0.42708158578770355,0.5401957023722634,0.400634764834823
TCL_vs_C0,C0,84002,cell,0.45,0.55,mid_30_70,0.14303903570573118,0.10521173273130555,0.9944863468365082,1.3595350251576097,1.3404547969649476
TCL_vs_C0,C0,84003,atomic_numbers,0.45,0.55,mid_30_70,2.0086402038918365,0.16567944064631784,0.9888610217536855,12.123653943157352,11.106343497637422
TCL_vs_C0,C0,84003,pos,0.45,0.55,mid_30_70,0.17564734860520193,0.5771712635042564,0.8453105249471687,0.3043244868754742,0.32369782395148455
TCL_vs_C0,C0,84003,cell,0.45,0.55,mid_30_70,0.1224747231762261,0.10643691086462492,0.9943407591009785,1.1506790471587376,1.1366778268172306
TCL_vs_C0,C0,84004,atomic_numbers,0.45,0.55,mid_30_70,3.0040131711413904,0.27045203552498653,0.9768630100452039,11.10737867182314,9.011599691322267
TCL_vs_C0,C0,84004,pos,0.45,0.55,mid_30_70,0.11106628074963613,0.34841144994327056,0.9396334683321059,0.3187790779198568,0.32044310501079115
TCL_vs_C0,C0,84004,cell,0.45,0.55,mid_30_70,0.1089928966164435,0.08893382844422844,0.9966143160361062,1.2255504853790744,1.1798529950754157
TCL_vs_C0,C0,84005,atomic_numbers,0.45,0.55,mid_30_70,3.1609809582219603,0.2582305603849657,0.9661485808709055,12.240925138796989,11.689092456402909
TCL_vs_C0,C0,84005,pos,0.45,0.55,mid_30_70,0.09871047678098986,0.24915932857253156,0.9859584673697731,0.39617411616300263,0.4638707392829912
TCL_vs_C0,C0,84005,cell,0.45,0.55,mid_30_70,0.06434713828295581,0.11202110334652012,0.9937219250142725,0.5744197866352717,0.5675645409973405
TCL_vs_C0,C0,84006,atomic_numbers,0.45,0.55,mid_30_70,2.1608442806810486,0.17639146257197463,0.984388677766655,12.250277021198457,11.916689689647548
TCL_vs_C0,C0,84006,pos,0.45,0.55,mid_30_70,0.14184777456948766,0.4089266100153604,0.921657551767545,0.34687831776014644,0.3644941533088485
TCL_vs_C0,C0,84006,cell,0.45,0.55,mid_30_70,0.08900511152956053,0.16230105060402644,0.9890758885006036,0.5483951656401197,0.5796498925195119
TCL_vs_C0,C0,84007,atomic_numbers,0.45,0.55,mid_30_70,1.5793391360210016,0.15012424429876728,0.9889819628067222,10.520213729621883,10.666803931524091
TCL_vs_C0,C0,84007,pos,0.45,0.55,mid_30_70,0.2184547902390602,0.6498691915238043,0.767096601444665,0.3361519411727003,0.292741796461257
TCL_vs_C0,C0,84007,cell,0.45,0.55,mid_30_70,0.15582728315952357,0.12020252429973124,0.9947279152976912,1.2963728013811102,1.2082454850217634
TCL_vs_C0,TCL,84000,atomic_numbers,0.45,0.55,mid_30_70,1.5127371045309181,0.1601189083022309,0.9881577643941458,9.447585675987536,9.768011643776319
TCL_vs_C0,TCL,84000,pos,0.45,0.55,mid_30_70,0.12375055848305055,0.3306634438545908,0.9568028429459013,0.37424928815980596,0.29913407269142284
TCL_vs_C0,TCL,84000,cell,0.45,0.55,mid_30_70,0.07255836630531284,0.08072950604237761,0.9988649046121252,0.8987837268225639,0.8391813607693881
TCL_vs_C0,TCL,84001,atomic_numbers,0.45,0.55,mid_30_70,2.1884570605126465,0.1903004577814537,0.9821179788100656,11.50000943784345,11.61347596058086
TCL_vs_C0,TCL,84001,pos,0.45,0.55,mid_30_70,0.14668142762236774,0.4428085938553773,0.90189822152939,0.33125244102709167,0.33104223147543593
TCL_vs_C0,TCL,84001,cell,0.45,0.55,mid_30_70,0.04609460376474208,0.03332412138328524,0.9994977710696321,1.3832203776529957,1.3682649949301606
TCL_vs_C0,TCL,84002,atomic_numbers,0.45,0.55,mid_30_70,1.9952144394520437,0.15584857180900832,0.9882416050935394,12.802263224440516,12.265480956946973
TCL_vs_C0,TCL,84002,pos,0.45,0.55,mid_30_70,0.14689826383455393,0.3462880904608977,0.944544721126197,0.42420824706687804,0.44730831881327954
TCL_vs_C0,TCL,84002,cell,0.45,0.55,mid_30_70,0.022892532272971156,0.044041133168828336,0.9993045925207619,0.5197988931214456,0.5072549268628981
TCL_vs_C0,TCL,84003,atomic_numbers,0.45,0.55,mid_30_70,2.8964068720191922,0.2616547427961361,0.9677616436995363,11.069575277203668,11.497464672023922
TCL_vs_C0,TCL,84003,pos,0.45,0.55,mid_30_70,0.2222293229208323,0.6004022492762281,0.8121472099690143,0.3701340612709643,0.3530344407559417
TCL_vs_C0,TCL,84003,cell,0.45,0.55,mid_30_70,0.08362559486175979,0.0730214762262024,0.9977697211024796,1.1452191763791306,1.1087589416763222
TCL_vs_C0,TCL,84004,atomic_numbers,0.45,0.55,mid_30_70,2.125285782129446,0.19705083721879676,0.9804798357080609,10.785469435837113,10.715453319844809
TCL_vs_C0,TCL,84004,pos,0.45,0.55,mid_30_70,0.14082704394938847,0.35971182991588835,0.9602551371596613,0.39149961785331927,0.4647698499516765
TCL_vs_C0,TCL,84004,cell,0.45,0.55,mid_30_70,0.06035307470693471,0.08320126834228567,0.9965341264633786,0.7253864743821611,0.7216768613640909
TCL_vs_C0,TCL,84005,atomic_numbers,0.45,0.55,mid_30_70,0.9988167136850225,0.1199621449748044,0.9931564799345839,8.326099153152054,8.497246825580289
TCL_vs_C0,TCL,84005,pos,0.45,0.55,mid_30_70,0.07306126667723095,0.2356343790579871,0.9916981518617848,0.3100619993114474,0.3687114455587265
TCL_vs_C0,TCL,84005,cell,0.45,0.55,mid_30_70,0.08638019195838137,0.060499886088188674,0.9993947070889259,1.4277744561777825,1.3562387624964851
TCL_vs_C0,TCL,84006,atomic_numbers,0.45,0.55,mid_30_70,2.417453469545907,0.18397495102826034,0.9831612742388411,13.140122913659935,13.198492722722305
TCL_vs_C0,TCL,84006,pos,0.45,0.55,mid_30_70,0.18978035870366158,0.5895419888515232,0.8469228930560116,0.32191152164304615,0.3546036466741122
TCL_vs_C0,TCL,84006,cell,0.45,0.55,mid_30_70,0.10294472888596684,0.1438127084813732,0.9952860311813964,0.715824978008118,0.788464267751851
TCL_vs_C0,TCL,84007,atomic_numbers,0.45,0.55,mid_30_70,1.5930804952093893,0.15359200279621285,0.9881792529914062,10.372157835086643,10.347258540859821
TCL_vs_C0,TCL,84007,pos,0.45,0.55,mid_30_70,0.1421137317696162,0.5346396120156971,0.8451190403564491,0.2658122005472422,0.22679762346179078
TCL_vs_C0,TCL,84007,cell,0.45,0.55,mid_30_70,0.08749566997565202,0.08813120189759699,0.996140666902195,0.9927887977440338,0.996858359941718
TCL_vs_C0,GBSA-TCL,84000,atomic_numbers,0.45,0.55,mid_30_70,1.8659064549041886,0.14959916876159282,0.9888001557301586,12.47270603406742,12.204805858894064
TCL_vs_C0,GBSA-TCL,84000,pos,0.45,0.55,mid_30_70,0.19580786488499555,0.4318286218728952,0.9344086586428468,0.4534388295888126,0.5343915152471459
TCL_vs_C0,GBSA-TCL,84000,cell,0.45,0.55,mid_30_70,0.10912854674886331,0.11759088682300584,0.9940964939237352,0.9280357491743405,0.8804826015721701
TCL_vs_C0,GBSA-TCL,84001,atomic_numbers,0.45,0.55,mid_30_70,2.1313345824726686,0.15664348770041167,0.9890226445461567,13.60627635250915,14.164307503065698
TCL_vs_C0,GBSA-TCL,84001,pos,0.45,0.55,mid_30_70,0.23668928399537956,0.612430099777612,0.8144765054697433,0.38647558975518526,0.3905507289789097
TCL_vs_C0,GBSA-TCL,84001,cell,0.45,0.55,mid_30_70,0.0527904584263174,0.044266214395808995,0.9992319127589449,1.1925677211583618,1.1670977660777773
TCL_vs_C0,GBSA-TCL,84002,atomic_numbers,0.45,0.55,mid_30_70,2.5656902814823264,0.20641314889680754,0.9802834444749674,12.429878111907481,11.44295557776716
TCL_vs_C0,GBSA-TCL,84002,pos,0.45,0.55,mid_30_70,0.28258894375857,0.6336048951867543,0.77392608751228,0.4460018315914009,0.33606754458997834
TCL_vs_C0,GBSA-TCL,84002,cell,0.45,0.55,mid_30_70,0.13268408953521546,0.19641098624362838,0.9819068288068097,0.6755431153460734,0.6280994174975851
TCL_vs_C0,GBSA-TCL,84003,atomic_numbers,0.45,0.55,mid_30_70,2.3278328787887634,0.1957938130038358,0.9841731811149119,11.889205501826348,12.690921028588091
TCL_vs_C0,GBSA-TCL,84003,pos,0.45,0.55,mid_30_70,0.1625026811441736,0.31071898993498837,0.9629627135854669,0.5229892166493395,0.58437562509128
TCL_vs_C0,GBSA-TCL,84003,cell,0.45,0.55,mid_30_70,0.09644669963289643,0.13224624832826765,0.9918187247927228,0.729296300288928,0.6981351722986523
TCL_vs_C0,GBSA-TCL,84004,atomic_numbers,0.45,0.55,mid_30_70,2.2437786664657904,0.17550344656604977,0.9854078738830536,12.784812551366938,12.051319288525383
TCL_vs_C0,GBSA-TCL,84004,pos,0.45,0.55,mid_30_70,0.11844524558190828,0.4058594645211088,0.9380819743463058,0.291838076812295,0.3354831302899782
TCL_vs_C0,GBSA-TCL,84004,cell,0.45,0.55,mid_30_70,0.13620650966561204,0.18270975371384102,0.9838583686940198,0.7454802324288494,0.7609403708562724
TCL_vs_C0,GBSA-TCL,84005,atomic_numbers,0.45,0.55,mid_30_70,3.539880015012019,0.357535889647149,0.9354724775204332,9.900768335468404,9.798794473897692
TCL_vs_C0,GBSA-TCL,84005,pos,0.45,0.55,mid_30_70,0.1363290950953154,0.753737522641477,0.8917830458037709,0.18087078193685965,0.2703308168989244
TCL_vs_C0,GBSA-TCL,84005,cell,0.45,0.55,mid_30_70,0.2409177950928897,0.1252774490221767,0.9945939601703133,1.9230739209116743,1.7779034940023999
TCL_vs_C0,GBSA-TCL,84006,atomic_numbers,0.45,0.55,mid_30_70,2.9547011020167275,0.19906905604670952,0.982660547861645,14.842593624010744,13.50975837709295
TCL_vs_C0,GBSA-TCL,84006,pos,0.45,0.55,mid_30_70,0.09441482055118529,0.2534680520991906,0.9674642883447678,0.372491995615438,0.35468438774394057
TCL_vs_C0,GBSA-TCL,84006,cell,0.45,0.55,mid_30_70,0.0716970565101236,0.06552543297741668,0.998395465420615,1.0941866883174045,1.1285074721462496
TCL_vs_C0,GBSA-TCL,84007,atomic_numbers,0.45,0.55,mid_30_70,1.916544995257563,0.15198332337339632,0.9884560510043097,12.610232180204063,12.313182411406187
TCL_vs_C0,GBSA-TCL,84007,pos,0.45,0.55,mid_30_70,0.2717729108994637,0.6541843010934408,0.7944367668043478,0.4154378367765889,0.43102285801244233
TCL_vs_C0,GBSA-TCL,84007,cell,0.45,0.55,mid_30_70,0.1976904890533684,0.17414189456698145,0.9847208746154349,1.1352264746225629,1.1187608036903876
TCL_vs_C0,C0,84000,atomic_numbers,0.55,0.44999999999999996,mid_30_70,2.0495438983294543,0.16944513033596464,0.9868483421248525,12.095619946502753,12.551078856786837
TCL_vs_C0,C0,84000,pos,0.55,0.44999999999999996,mid_30_70,0.06296749092516779,0.06958965380208645,0.9979562918337056,0.9048398358791646,0.9279267903253383
TCL_vs_C0,C0,84000,cell,0.55,0.44999999999999996,mid_30_70,0.05138709717323738,0.044156188863180124,0.9995719742066784,1.1637575274547027,1.124769096441605
TCL_vs_C0,C0,84001,atomic_numbers,0.55,0.44999999999999996,mid_30_70,3.0348043131117186,0.21062501466091416,0.992592942954723,14.408565468814137,16.780936456820545
TCL_vs_C0,C0,84001,pos,0.55,0.44999999999999996,mid_30_70,0.17659813221843193,0.22059525686186612,0.9753942109408258,0.8005527169109323,0.7748565297482601
TCL_vs_C0,C0,84001,cell,0.55,0.44999999999999996,mid_30_70,0.03942589331149239,0.03983893129975941,0.9994463009436455,0.9896323025043217,0.9674014818323013
TCL_vs_C0,C0,84002,atomic_numbers,0.55,0.44999999999999996,mid_30_70,1.3841052528919704,0.10425861332590963,0.994554883010521,13.27569213457016,13.243832730014638
TCL_vs_C0,C0,84002,pos,0.55,0.44999999999999996,mid_30_70,0.08102075118057336,0.09770293061082268,0.996068653047246,0.8292560998328804,0.8601732734993438
TCL_vs_C0,C0,84002,cell,0.55,0.44999999999999996,mid_30_70,0.0431922304438787,0.0477227675526355,0.9989332340765585,0.9050654993183311,0.8931989935234198
TCL_vs_C0,C0,84003,atomic_numbers,0.55,0.44999999999999996,mid_30_70,2.120940368329935,0.2074318743946894,0.9792004253438221,10.22475631828082,10.453228638765118
TCL_vs_C0,C0,84003,pos,0.55,0.44999999999999996,mid_30_70,0.34661378075387034,0.8868767178492408,0.7349565075776368,0.39082521141657794,0.5106300338996397
TCL_vs_C0,C0,84003,cell,0.55,0.44999999999999996,mid_30_70,0.11321388565285642,0.10263135322974576,0.9966328271281586,1.1031120811534183,1.031306232121094
TCL_vs_C0,C0,84004,atomic_numbers,0.55,0.44999999999999996,mid_30_70,1.8299763437422827,0.14288953123349948,0.989741949619627,12.806930836324677,12.642792537957792
TCL_vs_C0,C0,84004,pos,0.55,0.44999999999999996,mid_30_70,0.08893029386034325,0.10264375096072698,0.9955247889414786,0.8663975451790465,0.8278064934847251
TCL_vs_C0,C0,84004,cell,0.55,0.44999999999999996,mid_30_70,0.11622687141104658,0.07145909665464088,0.997670796705534,1.6264811179011494,1.588058933356765
TCL_vs_C0,C0,84005,atomic_numbers,0.55,0.44999999999999996,mid_30_70,1.5232247277944948,0.1857779807012635,0.986336753774486,8.199167210477356,8.791202127064242
TCL_vs_C0,C0,84005,pos,0.55,0.44999999999999996,mid_30_70,0.022185037920080034,0.0519284162464968,0.9987548752546506,0.42722346498631536,0.4328509676331106
TCL_vs_C0,C0,84005,cell,0.55,0.44999999999999996,mid_30_70,0.10848196148544721,0.11214941805070854,0.9952643184246404,0.9672984788596667,0.9086132797967669
TCL_vs_C0,C0,84006,atomic_numbers,0.55,0.44999999999999996,mid_30_70,3.237049716593412,0.28125979121432676,0.9783988955570105,11.509109434439923,13.455437369018583
TCL_vs_C0,C0,84006,pos,0.55,0.44999999999999996,mid_30_70,0.39638446529292287,0.5794105212376213,0.8539225688239614,0.6841167889845102,0.7584652010914665
TCL_vs_C0,C0,84006,cell,0.55,0.44999999999999996,mid_30_70,0.09913521260332334,0.08979795299674805,0.9959644874793017,1.1039807623110676,1.102825166922168
TCL_vs_C0,C0,84007,atomic_numbers,0.55,0.44999999999999996,mid_30_70,2.178790907164206,0.22536903203073202,0.9767288748708043,9.667658806233415,8.77354991199604
TCL_vs_C0,C0,84007,pos,0.55,0.44999999999999996,mid_30_70,0.3646739825744369,0.6937336811349079,0.8536896494844772,0.5256685562359484,0.6896794744582448
TCL_vs_C0,C0,84007,cell,0.55,0.44999999999999996,mid_30_70,0.23992772175223026,0.3076266695628308,0.9745205368283717,0.7799314737346806,0.9242611079261507
TCL_vs_C0,TCL,84000,atomic_numbers,0.55,0.44999999999999996,mid_30_70,2.1822217441998046,0.16106234993297844,0.9917740018954291,13.548925277123267,12.112947355228698
TCL_vs_C0,TCL,84000,pos,0.55,0.44999999999999996,mid_30_70,0.09366850323227702,0.11521135673300181,0.9935528142775356,0.8130144969071965,0.8244515614751098
TCL_vs_C0,TCL,84000,cell,0.55,0.44999999999999996,mid_30_70,0.03906064502678818,0.035447420628727876,0.9995101659193624,1.101931941280151,1.119735005711619
TCL_vs_C0,TCL,84001,atomic_numbers,0.55,0.44999999999999996,mid_30_70,1.715182844913529,0.1385875320011958,0.9919567410137804,12.376169920528849,11.578201158505982
TCL_vs_C0,TCL,84001,pos,0.55,0.44999999999999996,mid_30_70,0.12394961806725639,0.12853243097320396,0.9917404356190814,0.9643450849622304,0.9644296944846356
TCL_vs_C0,TCL,84001,cell,0.55,0.44999999999999996,mid_30_70,0.0592477370943198,0.07906427667588796,0.997200085318579,0.7493616533949577,0.7280241640567273
TCL_vs_C0,TCL,84002,atomic_numbers,0.55,0.44999999999999996,mid_30_70,1.6983538435593173,0.15566000514972048,0.9889309575294546,10.910662902302795,11.303328674142197
TCL_vs_C0,TCL,84002,pos,0.55,0.44999999999999996,mid_30_70,0.2787692867359451,0.30382028249148557,0.9539979845191747,0.9175466642644489,0.8302104276029042
TCL_vs_C0,TCL,84002,cell,0.55,0.44999999999999996,mid_30_70,0.06618696833647329,0.04826061031908221,0.9996002913477692,1.3714490533556931,1.3172593478753734
TCL_vs_C0,TCL,84003,atomic_numbers,0.55,0.44999999999999996,mid_30_70,2.133924720836496,0.1678748320652447,0.9863708153433427,12.711403458066572,12.114780900616342
TCL_vs_C0,TCL,84003,pos,0.55,0.44999999999999996,mid_30_70,0.5520632396623413,0.5636715741816187,0.8609416360769356,0.9794058543112957,1.0809995320372179
TCL_vs_C0,TCL,84003,cell,0.55,0.44999999999999996,mid_30_70,0.07196779468709769,0.04585437320364266,0.9991272144469625,1.5694859543163613,1.5978044900534338
TCL_vs_C0,TCL,84004,atomic_numbers,0.55,0.44999999999999996,mid_30_70,1.6759220571573654,0.1226023423310735,0.9953301188234338,13.669576170345351,14.638981790813151
TCL_vs_C0,TCL,84004,pos,0.55,0.44999999999999996,mid_30_70,0.06612624791317667,0.08303102626883968,0.9965720994333351,0.7964040779054283,0.7993111787132399
TCL_vs_C0,TCL,84004,cell,0.55,0.44999999999999996,mid_30_70,0.02789124026415943,0.030741235853826605,0.9995635860059454,0.9072907932778371,0.9146140682489354
TCL_vs_C0,TCL,84005,atomic_numbers,0.55,0.44999999999999996,mid_30_70,1.788751448858088,0.14021088143402394,0.9903580573199133,12.757579373037341,12.910611160919261
TCL_vs_C0,TCL,84005,pos,0.55,0.44999999999999996,mid_30_70,0.08626771393418571,0.09068812584577046,0.99898132156046,0.9512569934557655,1.025117600833868
TCL_vs_C0,TCL,84005,cell,0.55,0.44999999999999996,mid_30_70,0.040974879567905416,0.08907189795181043,0.9960258646867367,0.46002028148174856,0.45766234983815524
TCL_vs_C0,TCL,84006,atomic_numbers,0.55,0.44999999999999996,mid_30_70,1.5645654601935008,0.11980674147581909,0.9928175252259376,13.059076984489069,13.048176011525342
TCL_vs_C0,TCL,84006,pos,0.55,0.44999999999999996,mid_30_70,0.08183322087994847,0.10734620577057083,0.9955498517767689,0.7623298866738633,0.7981267622547557
TCL_vs_C0,TCL,84006,cell,0.55,0.44999999999999996,mid_30_70,0.02445953971469384,0.025996498799780863,0.9997977303750268,0.9408782276057889,0.9251899751618085
TCL_vs_C0,TCL,84007,atomic_numbers,0.55,0.44999999999999996,mid_30_70,2.5152567698162644,0.22249319912091314,0.9758721249645395,11.304870349989246,11.515664074890614
TCL_vs_C0,TCL,84007,pos,0.55,0.44999999999999996,mid_30_70,0.4436450453565556,0.48207652833869313,0.882809047699288,0.920279290272484,0.9121850578062273
TCL_vs_C0,TCL,84007,cell,0.55,0.44999999999999996,mid_30_70,0.0906776931168206,0.10636261729725979,0.9953462973571162,0.8525334879960381,0.8869514409656939
TCL_vs_C0,GBSA-TCL,84000,atomic_numbers,0.55,0.44999999999999996,mid_30_70,2.4670806148350923,0.18355963563981106,0.9838260611211064,13.440213074273636,12.683904755307061
TCL_vs_C0,GBSA-TCL,84000,pos,0.55,0.44999999999999996,mid_30_70,0.17545135673662332,0.16008694804752946,0.9871184382591098,1.0959753988472076,1.0757907199851897
TCL_vs_C0,GBSA-TCL,84000,cell,0.55,0.44999999999999996,mid_30_70,0.07257759909599802,0.06551995978265947,0.9981706794793916,1.1077173938560083,1.0777209839722661
TCL_vs_C0,GBSA-TCL,84001,atomic_numbers,0.55,0.44999999999999996,mid_30_70,1.7152179010025228,0.12957013027092726,0.9920840967118071,13.23775701557183,13.555597698179257
TCL_vs_C0,GBSA-TCL,84001,pos,0.55,0.44999999999999996,mid_30_70,0.16055880617632426,0.22471426804996203,0.9748614336532679,0.7145020544072719,0.7173877655034689
TCL_vs_C0,GBSA-TCL,84001,cell,0.55,0.44999999999999996,mid_30_70,0.13265368144226705,0.1880289956202283,0.9880170492167569,0.7054958784665022,0.6212788172911347
TCL_vs_C0,GBSA-TCL,84002,atomic_numbers,0.55,0.44999999999999996,mid_30_70,2.537922161595485,0.20486580681920932,0.9804510491936114,12.388217443407527,11.439341174785934
TCL_vs_C0,GBSA-TCL,84002,pos,0.55,0.44999999999999996,mid_30_70,0.3453244217913154,0.3671752963079212,0.9314744612813539,0.9404892574845743,0.8293725072991392
TCL_vs_C0,GBSA-TCL,84002,cell,0.55,0.44999999999999996,mid_30_70,0.0623531704141378,0.0474571683424192,0.9988765487025478,1.3138830779838993,1.309046335426361
TCL_vs_C0,GBSA-TCL,84003,atomic_numbers,0.55,0.44999999999999996,mid_30_70,2.3178629534124258,0.17532728112236207,0.9845530659079879,13.220207024112668,13.137445172700966
TCL_vs_C0,GBSA-TCL,84003,pos,0.55,0.44999999999999996,mid_30_70,0.08687581248410464,0.09860987524536602,0.9951413260385285,0.8810051961625133,0.8718858600220551
TCL_vs_C0,GBSA-TCL,84003,cell,0.55,0.44999999999999996,mid_30_70,0.16953165773239054,0.12960649731871823,0.9971725588690761,1.3080490657462291,1.442478115109411
TCL_vs_C0,GBSA-TCL,84004,atomic_numbers,0.55,0.44999999999999996,mid_30_70,1.6727678586138293,0.12042501724618271,0.9946109847942629,13.89053451571628,12.964697785801018
TCL_vs_C0,GBSA-TCL,84004,pos,0.55,0.44999999999999996,mid_30_70,0.09348511043112766,0.13886588334063518,0.9909075507987477,0.6732043046297453,0.643943131521068
TCL_vs_C0,GBSA-TCL,84004,cell,0.55,0.44999999999999996,mid_30_70,0.04656263253888925,0.039477663463521676,0.9993250032603231,1.1794677914997238,1.1616224056875843
TCL_vs_C0,GBSA-TCL,84005,atomic_numbers,0.55,0.44999999999999996,mid_30_70,2.0184868533767846,0.17554051867982967,0.9845241316688559,11.498694823035846,11.437009942269928
TCL_vs_C0,GBSA-TCL,84005,pos,0.55,0.44999999999999996,mid_30_70,0.14621925207344044,0.20456761437219326,0.9875728485069455,0.7147722405727772,0.7994894577061704
TCL_vs_C0,GBSA-TCL,84005,cell,0.55,0.44999999999999996,mid_30_70,0.07624269944451015,0.14323583838775927,0.9899574132743265,0.5322878708477315,0.5392217503283845
TCL_vs_C0,GBSA-TCL,84006,atomic_numbers,0.55,0.44999999999999996,mid_30_70,1.8798632921179235,0.15258377627263522,0.9883222250631346,12.320204270990134,12.078831205710198
TCL_vs_C0,GBSA-TCL,84006,pos,0.55,0.44999999999999996,mid_30_70,0.35112565674178814,0.3706598398090094,0.930143582569372,0.9472988951884113,0.8332333579099037
TCL_vs_C0,GBSA-TCL,84006,cell,0.55,0.44999999999999996,mid_30_70,0.11482096322391681,0.11969694603071582,0.9939151948680869,0.9592639330534987,0.9084870093344066
TCL_vs_C0,GBSA-TCL,84007,atomic_numbers,0.55,0.44999999999999996,mid_30_70,1.5149085328855176,0.11824294115663593,0.9930442271598549,12.811830609649036,12.86202223251061
TCL_vs_C0,GBSA-TCL,84007,pos,0.55,0.44999999999999996,mid_30_70,0.07376999770532817,0.09898396345792708,0.9969866785193564,0.7452722150965793,0.7888486654407155
TCL_vs_C0,GBSA-TCL,84007,cell,0.55,0.44999999999999996,mid_30_70,0.10821203378293053,0.12022966495490191,0.9931356449541449,0.9000443760990335,0.9188993878508446
TCL_vs_C0,C0,84000,atomic_numbers,0.65,0.35,mid_30_70,2.35832756356506,0.19611167442146643,0.989480000908009,12.025431787894197,13.491123261376128
TCL_vs_C0,C0,84000,pos,0.65,0.35,mid_30_70,0.11405338797337299,0.12482305449341333,0.9921831501237732,0.9137205337287381,0.9091943472781435
TCL_vs_C0,C0,84000,cell,0.65,0.35,mid_30_70,0.02205507471420219,0.019901857562436998,0.9998615554479462,1.1081917677789634,1.0959385348353499
TCL_vs_C0,C0,84001,atomic_numbers,0.65,0.35,mid_30_70,3.709197694939909,0.27074284192193093,0.9906846325165358,13.700076680178535,16.778323946026216
TCL_vs_C0,C0,84001,pos,0.65,0.35,mid_30_70,0.20589106397469592,0.2265211346057998,0.9794445068340599,0.9089265084822877,0.9839258730937459
TCL_vs_C0,C0,84001,cell,0.65,0.35,mid_30_70,0.2418109906338404,0.15470880226558859,0.9954372451833347,1.5630073214497746,1.3655342480694572
TCL_vs_C0,C0,84002,atomic_numbers,0.65,0.35,mid_30_70,1.4185932079051005,0.12204869817186544,0.9933102276543007,11.623173611466784,11.08617784264972
TCL_vs_C0,C0,84002,pos,0.65,0.35,mid_30_70,0.11831315704538747,0.1177999145428759,0.9935491531316067,1.0043569004655326,1.0299032273090143
TCL_vs_C0,C0,84002,cell,0.65,0.35,mid_30_70,0.018620958178136155,0.02344370445146156,0.9998406762882037,0.794283950161949,0.8062290870664511
TCL_vs_C0,C0,84003,atomic_numbers,0.65,0.35,mid_30_70,2.040206154434016,0.19983306200668036,0.9799586135704771,10.209552583274794,9.842823328495024
TCL_vs_C0,C0,84003,pos,0.65,0.35,mid_30_70,0.21553957918426925,0.24058783236288037,0.970875220547193,0.8958872818604114,0.8894471674932976
TCL_vs_C0,C0,84003,cell,0.65,0.35,mid_30_70,0.13149724599398985,0.1541031700372946,0.988171740832873,0.8533065605474963,0.8561875171012941
TCL_vs_C0,C0,84004,atomic_numbers,0.65,0.35,mid_30_70,1.2328279303751672,0.10346106098597617,0.9946611560785886,11.91586398425078,11.940622722159226
TCL_vs_C0,C0,84004,pos,0.65,0.35,mid_30_70,0.10103817497663616,0.11201087699411302,0.9937755154290819,0.9020389598587506,0.8858965591307155
TCL_vs_C0,C0,84004,cell,0.65,0.35,mid_30_70,0.03229451425161831,0.020813576112811698,0.9998241132164015,1.5516081463646019,1.53733097022894
TCL_vs_C0,C0,84005,atomic_numbers,0.65,0.35,mid_30_70,1.538481054764992,0.12728567053432963,0.9921112100573952,12.086836234641632,12.258025824802615
TCL_vs_C0,C0,84005,pos,0.65,0.35,mid_30_70,0.030646552640055048,0.029434047154836444,0.9998682976328523,1.0411939778053718,1.066623955871449
TCL_vs_C0,C0,84005,cell,0.65,0.35,mid_30_70,0.03543268348831567,0.03947208527850893,0.999225840078153,0.8976643427452118,0.8940849841663562
TCL_vs_C0,C0,84006,atomic_numbers,0.65,0.35,mid_30_70,1.6331027609502085,0.14297635090970665,0.994070415496769,11.42218800913135,12.414831277487636
TCL_vs_C0,C0,84006,pos,0.65,0.35,mid_30_70,0.14778772158392828,0.1418296549721178,0.993697210561625,1.0420086096450123,1.125980728410128
TCL_vs_C0,C0,84006,cell,0.65,0.35,mid_30_70,0.06719384333481933,0.05438977244192428,0.9986748665516652,1.2354132094699761,1.2555185672783333
TCL_vs_C0,C0,84007,atomic_numbers,0.65,0.35,mid_30_70,1.620698505835982,0.14920696205757542,0.9888380942926996,10.862083668794174,10.827394760366063
TCL_vs_C0,C0,84007,pos,0.65,0.35,mid_30_70,0.11090173845649896,0.11324138753411396,0.9935747744520698,0.9793392757845696,0.9693247595605576
TCL_vs_C0,C0,84007,cell,0.65,0.35,mid_30_70,0.04369864981972434,0.05490822343818408,0.9990299149111145,0.795848910845212,0.821178819969923
TCL_vs_C0,TCL,84000,atomic_numbers,0.65,0.35,mid_30_70,1.3281001385260247,0.11445690302812925,0.9943815566761747,11.603495319103882,12.043428812835598
TCL_vs_C0,TCL,84000,pos,0.65,0.35,mid_30_70,0.10743745073237224,0.11161490324685971,0.9943618807236768,0.9625726279110939,0.9906761829384487
TCL_vs_C0,TCL,84000,cell,0.65,0.35,mid_30_70,0.06101415275209242,0.07170239667726187,0.998380306849414,0.8509360297497712,0.8124227195223306
TCL_vs_C0,TCL,84001,atomic_numbers,0.65,0.35,mid_30_70,1.7726542990639589,0.15716719125044043,0.991613066717271,11.278780799990857,10.17550769783775
TCL_vs_C0,TCL,84001,pos,0.65,0.35,mid_30_70,0.2615530037146225,0.28940883534772815,0.9576055163093148,0.9037492010234016,0.8904447358178379
TCL_vs_C0,TCL,84001,cell,0.65,0.35,mid_30_70,0.07565695047895145,0.0601330377575683,0.9981907911929727,1.2581594627560508,1.257034836756436
TCL_vs_C0,TCL,84002,atomic_numbers,0.65,0.35,mid_30_70,1.3720307744676457,0.12033807347057662,0.9946180407253743,11.401468669872926,12.037956310277735
TCL_vs_C0,TCL,84002,pos,0.65,0.35,mid_30_70,0.24328569353592608,0.25173689397546645,0.9682878307195657,0.9664284392085809,0.9656118818285201
TCL_vs_C0,TCL,84002,cell,0.65,0.35,mid_30_70,0.02992222764896913,0.026683245969358685,0.9996851362028927,1.1213863442000227,1.110855966478018
TCL_vs_C0,TCL,84003,atomic_numbers,0.65,0.35,mid_30_70,1.911293397838376,0.15775439471139407,0.9885408825931843,12.115626961359888,12.531937631565338
TCL_vs_C0,TCL,84003,pos,0.65,0.35,mid_30_70,0.1934783194229551,0.1975560944416657,0.9834509176125388,0.979358900416435,0.8860110082472156
TCL_vs_C0,TCL,84003,cell,0.65,0.35,mid_30_70,0.09109644494753721,0.1281647629929724,0.9918845980412457,0.7107760574763616,0.6935191167194735
TCL_vs_C0,TCL,84004,atomic_numbers,0.65,0.35,mid_30_70,1.5557995026230353,0.1225701449043501,0.9933670073466715,12.693135867932053,13.147683654881577
TCL_vs_C0,TCL,84004,pos,0.65,0.35,mid_30_70,0.06134295562339285,0.07374771750153493,0.9973030590359916,0.8317946331303895,0.835556255645658
TCL_vs_C0,TCL,84004,cell,0.65,0.35,mid_30_70,0.03983085850631991,0.03511873436431619,0.9998227097484614,1.1341769351116386,1.1003541300474637
TCL_vs_C0,TCL,84005,atomic_numbers,0.65,0.35,mid_30_70,1.678016182367416,0.13525860911832308,0.9911198802680538,12.405984308913762,12.60310277093562
TCL_vs_C0,TCL,84005,pos,0.65,0.35,mid_30_70,0.10194083594299912,0.09528769845527413,0.9954853749949927,1.0698215781845946,1.0739984195172485
TCL_vs_C0,TCL,84005,cell,0.65,0.35,mid_30_70,0.08350282007646306,0.06334454389960274,0.9983694517339826,1.3182322412615357,1.2798831393802494
TCL_vs_C0,TCL,84006,atomic_numbers,0.65,0.35,mid_30_70,1.451390744937558,0.13184749836592247,0.9935878703972892,11.008102261519186,11.684172937399453
TCL_vs_C0,TCL,84006,pos,0.65,0.35,mid_30_70,0.12363184977399311,0.10628110084057703,0.9945259494524419,1.1632533799159874,1.134283310802817
TCL_vs_C0,TCL,84006,cell,0.65,0.35,mid_30_70,0.05675036639441189,0.04506705003729325,0.9998710499552987,1.259242980125183,1.206055322594993
TCL_vs_C0,TCL,84007,atomic_numbers,0.65,0.35,mid_30_70,1.5192888386112413,0.1470895889206226,0.9914978950414701,10.329003226945796,10.949563559844659
TCL_vs_C0,TCL,84007,pos,0.65,0.35,mid_30_70,0.13729253445850714,0.12513159163728615,0.9922197834353742,1.0971852324588935,1.10244090341818
TCL_vs_C0,TCL,84007,cell,0.65,0.35,mid_30_70,0.058716409623457234,0.11199286154805503,0.9949919561170862,0.5242870734065724,0.5481438545709535
TCL_vs_C0,GBSA-TCL,84000,atomic_numbers,0.65,0.35,mid_30_70,1.6977408571708377,0.15318205630463633,0.9916944395467534,11.083157506349865,11.913248607074886
TCL_vs_C0,GBSA-TCL,84000,pos,0.65,0.35,mid_30_70,0.049169036086815256,0.059254986924132225,0.9993008171614322,0.8297873080247132,0.8673527802268544
TCL_vs_C0,GBSA-TCL,84000,cell,0.65,0.35,mid_30_70,0.04043716200710056,0.06539939882754775,0.9988375279560218,0.6183109131282639,0.6449204274966643
TCL_vs_C0,GBSA-TCL,84001,atomic_numbers,0.65,0.35,mid_30_70,2.020579632637688,0.1880469779872217,0.9894328449627153,10.745078991777211,11.918210541089413
TCL_vs_C0,GBSA-TCL,84001,pos,0.65,0.35,mid_30_70,0.4136775287338544,0.5099629271241739,0.8605464567266241,0.811191376335334,0.7179774696312806
TCL_vs_C0,GBSA-TCL,84001,cell,0.65,0.35,mid_30_70,0.1400013839527848,0.14540473299903706,0.9895315876165482,0.9628392492128297,0.9356630337096238
TCL_vs_C0,GBSA-TCL,84002,atomic_numbers,0.65,0.35,mid_30_70,2.0177165486869404,0.18116795632328825,0.9853601292555753,11.137270572762842,10.291623725537264
TCL_vs_C0,GBSA-TCL,84002,pos,0.65,0.35,mid_30_70,0.3386743816945006,0.32443595494268096,0.9460931588597703,1.043886710257916,1.0071700076885133
TCL_vs_C0,GBSA-TCL,84002,cell,0.65,0.35,mid_30_70,0.03258557563010333,0.05528550877530439,0.9989196760502119,0.5894053677346107,0.6064213509016891
TCL_vs_C0,GBSA-TCL,84003,atomic_numbers,0.65,0.35,mid_30_70,1.6988616882982184,0.13421650046611308,0.9909526660520928,12.657621696276804,12.52892204471454
TCL_vs_C0,GBSA-TCL,84003,pos,0.65,0.35,mid_30_70,0.10059327371592477,0.09963342495823543,0.9951996802584558,1.0096338026931393,1.0236547773883944
TCL_vs_C0,GBSA-TCL,84003,cell,0.65,0.35,mid_30_70,0.014131848874748738,0.017882604081928388,0.9998535646621655,0.7902567662966913,0.7942426446107784
TCL_vs_C0,GBSA-TCL,84004,atomic_numbers,0.65,0.35,mid_30_70,1.3325822859130914,0.09666906712647438,0.995323155515733,13.784991678565007,13.770400318383539
TCL_vs_C0,GBSA-TCL,84004,pos,0.65,0.35,mid_30_70,0.09938416459657456,0.10664541906694061,0.9953798534767581,0.9319121765013816,0.9708607661663108
TCL_vs_C0,GBSA-TCL,84004,cell,0.65,0.35,mid_30_70,0.05436158413522546,0.06023854434323746,0.9987435912015427,0.9024385420981416,0.8711378327189794
TCL_vs_C0,GBSA-TCL,84005,atomic_numbers,0.65,0.35,mid_30_70,2.4914857909744526,0.27033436579652803,0.9744919126267808,9.216311746504747,10.370262146426423
TCL_vs_C0,GBSA-TCL,84005,pos,0.65,0.35,mid_30_70,0.056557338404282856,0.06436091015529066,0.9993276943351337,0.878752930432785,0.9246461550264268
TCL_vs_C0,GBSA-TCL,84005,cell,0.65,0.35,mid_30_70,0.02673310371084566,0.03324224363275701,0.9995014079269616,0.8041907160713657,0.7954280561001533
TCL_vs_C0,GBSA-TCL,84006,atomic_numbers,0.65,0.35,mid_30_70,2.09909927150757,0.18546244856750968,0.986398078961113,11.318190219749427,12.1363866648665
TCL_vs_C0,GBSA-TCL,84006,pos,0.65,0.35,mid_30_70,0.38021691159903515,0.4800682602331104,0.9014841060838633,0.792005935602596,0.8784800868329751
TCL_vs_C0,GBSA-TCL,84006,cell,0.65,0.35,mid_30_70,0.06432775895351672,0.054604849474777305,0.9987590093556318,1.178059450255065,1.1502224154407237
TCL_vs_C0,GBSA-TCL,84007,atomic_numbers,0.65,0.35,mid_30_70,1.6657133018739798,0.14382722392658123,0.9911070028956216,11.581349179931806,10.846205377731495
TCL_vs_C0,GBSA-TCL,84007,pos,0.65,0.35,mid_30_70,0.05366994159570706,0.05478901068370306,0.9992289417045865,0.9795749353012343,1.0162531516618465
TCL_vs_C0,GBSA-TCL,84007,cell,0.65,0.35,mid_30_70,0.05919982290573499,0.08061854000504877,0.9973215981306124,0.7343202060224309,0.707454433240864
TCL_vs_C0,C0,84000,atomic_numbers,0.75,0.25,late_70_100,1.5455921859108843,0.120909586767519,0.9942815881894096,12.783040842598348,13.434753505665283
TCL_vs_C0,C0,84000,pos,0.75,0.25,late_70_100,0.08629871148525863,0.07879613235506626,0.997354547924484,1.0952150683790507,1.125626040201099
TCL_vs_C0,C0,84000,cell,0.75,0.25,late_70_100,0.04506816784225329,0.0441541170319379,0.9997126501807495,1.020701372188107,0.9825598808756631
TCL_vs_C0,C0,84001,atomic_numbers,0.75,0.25,late_70_100,2.4777444251924785,0.17668044792011445,0.9946084428899699,14.023874482776856,15.95431219188775
TCL_vs_C0,C0,84001,pos,0.75,0.25,late_70_100,0.08121002651184663,0.0935408995018054,0.9958093933816357,0.8681766686483404,0.8474760418469832
TCL_vs_C0,C0,84001,cell,0.75,0.25,late_70_100,0.03000517313869345,0.031606407195501826,0.9996329521161669,0.9493383083086944,0.9644440783575824
TCL_vs_C0,C0,84002,atomic_numbers,0.75,0.25,late_70_100,1.5969225074071007,0.13468890715777063,0.9920677689105055,11.856377344694858,11.188848745423787
TCL_vs_C0,C0,84002,pos,0.75,0.25,late_70_100,0.14907835703093775,0.15330414075657345,0.9884460579934105,0.9724352929752521,0.983539808237239
TCL_vs_C0,C0,84002,cell,0.75,0.25,late_70_100,0.04236674385811396,0.03450411255717856,0.9994046185487023,1.2278751927876954,1.2275788825084226
TCL_vs_C0,C0,84003,atomic_numbers,0.75,0.25,late_70_100,1.6785930501533166,0.15109182912507424,0.9899816110050912,11.109753981228012,10.400965179488098
TCL_vs_C0,C0,84003,pos,0.75,0.25,late_70_100,0.3818838239608239,0.5799668097574115,0.8625778384160293,0.6584580661099524,0.7546787748403777
TCL_vs_C0,C0,84003,cell,0.75,0.25,late_70_100,0.06122703006806677,0.05916980589806016,0.9985029956577594,1.0347681412636516,1.0098668164351206
TCL_vs_C0,C0,84004,atomic_numbers,0.75,0.25,late_70_100,1.7281569105266892,0.13791245683974312,0.992587050060467,12.530825352019068,11.621131048972758
TCL_vs_C0,C0,84004,pos,0.75,0.25,late_70_100,0.04610962248544745,0.055617734816050646,0.998470467200187,0.8290453150950824,0.8327932474004094
TCL_vs_C0,C0,84004,cell,0.75,0.25,late_70_100,0.045039299990579096,0.04918870376386092,0.9988812385431639,0.9156431567458706,0.9270140660034093
TCL_vs_C0,C0,84005,atomic_numbers,0.75,0.25,late_70_100,1.585746317197581,0.15801956347716892,0.9948985819077195,10.035126552078435,11.204485562209268
TCL_vs_C0,C0,84005,pos,0.75,0.25,late_70_100,0.06502631708966827,0.07760479319672667,0.9969966773293255,0.8379162473228657,0.8312203235496842
TCL_vs_C0,C0,84005,cell,0.75,0.25,late_70_100,0.056734958406889024,0.06497005531708605,0.9986681514754352,0.8732478082401857,0.8376032618401872
TCL_vs_C0,C0,84006,atomic_numbers,0.75,0.25,late_70_100,1.1996883608538715,0.10132403539782972,0.9957893187209839,11.840116277875449,12.301300194012164
TCL_vs_C0,C0,84006,pos,0.75,0.25,late_70_100,0.16511384436633683,0.1988106782807644,0.9833706583123043,0.8305079274120263,0.8838786863011531
TCL_vs_C0,C0,84006,cell,0.75,0.25,late_70_100,0.043357814431595754,0.053273373752800696,0.9993987615763251,0.8138740120493372,0.8463032123170682
TCL_vs_C0,C0,84007,atomic_numbers,0.75,0.25,late_70_100,1.7674646346330307,0.1594626719718743,0.9880657193478037,11.083876952373982,10.49430201325772
TCL_vs_C0,C0,84007,pos,0.75,0.25,late_70_100,0.14415353793926805,0.13928078055825535,0.9912461135201074,1.0349851383764657,1.0718390808385503
TCL_vs_C0,C0,84007,cell,0.75,0.25,late_70_100,0.036452245716105676,0.05363594098361944,0.9985955602391083,0.6796234958800906,0.6729866421358635
TCL_vs_C0,TCL,84000,atomic_numbers,0.75,0.25,late_70_100,1.4446324472590883,0.1317586867255013,0.9957632961455123,10.96422925244204,11.952424701461394
TCL_vs_C0,TCL,84000,pos,0.75,0.25,late_70_100,0.1697497565173199,0.18791594473332324,0.9821952441034759,0.9033281170377346,0.8912742566305688
TCL_vs_C0,TCL,84000,cell,0.75,0.25,late_70_100,0.05548080197157444,0.05579160262431927,0.998442873842133,0.9944292574845419,0.9919504696556077
TCL_vs_C0,TCL,84001,atomic_numbers,0.75,0.25,late_70_100,1.1196103816637897,0.09531409996874929,0.9960545217967376,11.746534689315402,12.108689500877533
TCL_vs_C0,TCL,84001,pos,0.75,0.25,late_70_100,0.08378183554107509,0.11261792057465406,0.9936614950604463,0.743947633854031,0.7341884603713313
TCL_vs_C0,TCL,84001,cell,0.75,0.25,late_70_100,0.05477922556366761,0.06096989291625566,0.9990834283490873,0.8984635357472064,0.8586315545607437
TCL_vs_C0,TCL,84002,atomic_numbers,0.75,0.25,late_70_100,1.7828540505516806,0.16942494650325507,0.9910621938426312,10.522972486329973,11.528008508767511
TCL_vs_C0,TCL,84002,pos,0.75,0.25,late_70_100,0.2577827860819367,0.2858934801636502,0.9585754134557465,0.9016742387212804,0.8422012986108566
TCL_vs_C0,TCL,84002,cell,0.75,0.25,late_70_100,0.02915885330583776,0.04853749599699846,0.9989721738165291,0.6007490231395729,0.5897038873050343
TCL_vs_C0,TCL,84003,atomic_numbers,0.75,0.25,late_70_100,2.3994380620373716,0.19714127407423612,0.9821342624838644,12.171160368649304,11.238572075520935
TCL_vs_C0,TCL,84003,pos,0.75,0.25,late_70_100,0.16299521993764995,0.18045302340419994,0.9838832302281577,0.9032556887260019,0.8667673374101091
TCL_vs_C0,TCL,84003,cell,0.75,0.25,late_70_100,0.1934673446399796,0.21447357981985157,0.9829640069940891,0.9020567698943792,0.9863947923189791
TCL_vs_C0,TCL,84004,atomic_numbers,0.75,0.25,late_70_100,1.4511334585028066,0.12290435089603349,0.9943204876469001,11.807014543613194,12.465748117824823
TCL_vs_C0,TCL,84004,pos,0.75,0.25,late_70_100,0.24616860378653818,0.24140138151301563,0.970435658754456,1.0197481151252876,0.9941597907369749
TCL_vs_C0,TCL,84004,cell,0.75,0.25,late_70_100,0.06490675059939419,0.0634154895818457,0.9979872286973268,1.023515721906141,1.0216414422640807
TCL_vs_C0,TCL,84005,atomic_numbers,0.75,0.25,late_70_100,1.5697728367110544,0.1280494737270135,0.9930401889753865,12.259111974623389,12.78986273992115
TCL_vs_C0,TCL,84005,pos,0.75,0.25,late_70_100,0.03897675720941164,0.048329253733936775,0.9991322517751464,0.8064837380686097,0.8255546659843409
TCL_vs_C0,TCL,84005,cell,0.75,0.25,late_70_100,0.053564979177005416,0.08990111705381222,0.9977511093145682,0.595821063546329,0.6301781537944718
TCL_vs_C0,TCL,84006,atomic_numbers,0.75,0.25,late_70_100,1.6234629224593882,0.13890317642733127,0.9954243983487148,11.687730721613274,12.812560228269248
TCL_vs_C0,TCL,84006,pos,0.75,0.25,late_70_100,0.04613268542052599,0.045349559659081946,0.9990412484137314,1.017268651941303,1.004256919465022
TCL_vs_C0,TCL,84006,cell,0.75,0.25,late_70_100,0.0690935019365234,0.17018682018586517,0.985466444950017,0.4059862089265474,0.3958731457204898
TCL_vs_C0,TCL,84007,atomic_numbers,0.75,0.25,late_70_100,1.497247049754822,0.14352399638397423,0.9919466499884981,10.432032882844137,11.052262957085702
TCL_vs_C0,TCL,84007,pos,0.75,0.25,late_70_100,0.26858809690183333,0.4179882354370059,0.9232606581391996,0.6425733409004322,0.6990912333463495
TCL_vs_C0,TCL,84007,cell,0.75,0.25,late_70_100,0.07927341533384857,0.15183429962274553,0.9894265385863752,0.5221047914128424,0.49312718565180624
TCL_vs_C0,GBSA-TCL,84000,atomic_numbers,0.75,0.25,late_70_100,1.686602883700415,0.1630036675361398,0.9897761267610491,10.347024144879903,11.057733524211534
TCL_vs_C0,GBSA-TCL,84000,pos,0.75,0.25,late_70_100,0.08505409517399458,0.08803040220953683,0.9975300289339897,0.9661900098052738,1.0150709263460642
TCL_vs_C0,GBSA-TCL,84000,cell,0.75,0.25,late_70_100,0.020477389355411123,0.02904629667235563,0.9995784191892262,0.7049913999845691,0.7041028954011406
TCL_vs_C0,GBSA-TCL,84001,atomic_numbers,0.75,0.25,late_70_100,1.2798146944437616,0.10773297972389409,0.995559735649513,11.879507071314315,12.449224931647333
TCL_vs_C0,GBSA-TCL,84001,pos,0.75,0.25,late_70_100,0.08817252672125189,0.08816641532717921,0.9963936679911642,1.0000693165764991,0.9725099072954098
TCL_vs_C0,GBSA-TCL,84001,cell,0.75,0.25,late_70_100,0.07620280600339432,0.056479694782273174,0.9990252157739824,1.3492071141169035,1.3003558236326451
TCL_vs_C0,GBSA-TCL,84002,atomic_numbers,0.75,0.25,late_70_100,1.6427464643338026,0.17182176116757894,0.9857134194577324,9.560759086455999,9.099431482508914
TCL_vs_C0,GBSA-TCL,84002,pos,0.75,0.25,late_70_100,0.11349997476256844,0.1190563068327858,0.9932166626317883,0.9533302164494215,0.9224883267755819
TCL_vs_C0,GBSA-TCL,84002,cell,0.75,0.25,late_70_100,0.026396543119486613,0.021976169795440807,0.9998561207585062,1.2011439375101143,1.1841888433519618
TCL_vs_C0,GBSA-TCL,84003,atomic_numbers,0.75,0.25,late_70_100,1.5712945253383275,0.13508162287452252,0.9911152780462683,11.632185725203382,11.803252852681174
TCL_vs_C0,GBSA-TCL,84003,pos,0.75,0.25,late_70_100,0.05941363963044693,0.07594928414047976,0.9977144179541939,0.7822804428354105,0.753366925693709
TCL_vs_C0,GBSA-TCL,84003,cell,0.75,0.25,late_70_100,0.06441589094808257,0.04288313804948651,0.9996142711194981,1.5021263339858097,1.4524649671145768
TCL_vs_C0,GBSA-TCL,84004,atomic_numbers,0.75,0.25,late_70_100,1.101744021666492,0.08694318342346874,0.9962419124376231,12.672000015231745,12.528651291219841
TCL_vs_C0,GBSA-TCL,84004,pos,0.75,0.25,late_70_100,0.12257203223470531,0.18515450752504886,0.9849985461698904,0.6619986403416239,0.6964972655086422
TCL_vs_C0,GBSA-TCL,84004,cell,0.75,0.25,late_70_100,0.039962586137121864,0.040901090078032276,0.9991949426758838,0.9770543049312399,0.9684860093241807
TCL_vs_C0,GBSA-TCL,84005,atomic_numbers,0.75,0.25,late_70_100,1.5569804322179583,0.12387677794459583,0.9925703254420123,12.568783738581912,12.767827170929255
TCL_vs_C0,GBSA-TCL,84005,pos,0.75,0.25,late_70_100,0.0184148276232212,0.02641477048482964,0.9998824778298886,0.6971413071257646,0.7120553646542762
TCL_vs_C0,GBSA-TCL,84005,cell,0.75,0.25,late_70_100,0.046895714926289106,0.05583695493562574,0.999021623277748,0.8398687747273296,0.8104178962072706
TCL_vs_C0,GBSA-TCL,84006,atomic_numbers,0.75,0.25,late_70_100,1.9091326348097017,0.15142288225471956,0.9908141478833976,12.607953344846585,13.351106198945605
TCL_vs_C0,GBSA-TCL,84006,pos,0.75,0.25,late_70_100,0.30193292506404623,0.3457282508945183,0.9423688855607089,0.8733244225279291,0.8990639793422156
TCL_vs_C0,GBSA-TCL,84006,cell,0.75,0.25,late_70_100,0.13047661747050854,0.10694394168894991,0.9942763385928645,1.2200468339759183,1.2188437022084155
TCL_vs_C0,GBSA-TCL,84007,atomic_numbers,0.75,0.25,late_70_100,1.4601644883582705,0.13038530787906644,0.9914636209935683,11.198842201704094,11.1106753433227
TCL_vs_C0,GBSA-TCL,84007,pos,0.75,0.25,late_70_100,0.05116899681392909,0.048690852758347704,0.9991887873811188,1.0508954745130545,1.078804353462125
TCL_vs_C0,GBSA-TCL,84007,cell,0.75,0.25,late_70_100,0.025614248593004835,0.02826984082880173,0.999801674935037,0.9060627100138695,0.8877035694747497
TCL_vs_C0,C0,84000,atomic_numbers,0.85,0.15000000000000002,late_70_100,1.6410575080870176,0.12639628051248095,0.9943881058639412,12.983431960444213,13.808562589622202
TCL_vs_C0,C0,84000,pos,0.85,0.15000000000000002,late_70_100,0.13454851384979882,0.16519378321105657,0.9866848416245023,0.8144889670448165,0.8271932529323834
TCL_vs_C0,C0,84000,cell,0.85,0.15000000000000002,late_70_100,0.03658940733563624,0.05804531661729877,0.9989297032599415,0.6303593376339997,0.6517905226781653
TCL_vs_C0,C0,84001,atomic_numbers,0.85,0.15000000000000002,late_70_100,2.540030936935485,0.20160765815156856,0.99719079423753,12.59888121425373,14.921705741251445
TCL_vs_C0,C0,84001,pos,0.85,0.15000000000000002,late_70_100,0.06365814861109886,0.06028181641901629,0.9984545905462316,1.0560091316527993,1.0297138288865635
TCL_vs_C0,C0,84001,cell,0.85,0.15000000000000002,late_70_100,0.07616551904241542,0.0622572268149633,0.9986792704149151,1.2234004458436514,1.1787695249177648
TCL_vs_C0,C0,84002,atomic_numbers,0.85,0.15000000000000002,late_70_100,1.2625645049111298,0.10881714172787608,0.9941454958732384,11.602625145847721,11.385011388484118
TCL_vs_C0,C0,84002,pos,0.85,0.15000000000000002,late_70_100,0.2131825899819373,0.25491883335492,0.9669627052596534,0.8362763440280071,0.8092304122916446
TCL_vs_C0,C0,84002,cell,0.85,0.15000000000000002,late_70_100,0.0822085624103539,0.06870983195376197,0.9978543894019245,1.1964599544600234,1.1689552089287774
TCL_vs_C0,C0,84003,atomic_numbers,0.85,0.15000000000000002,late_70_100,1.3471780554853692,0.11890026270121071,0.9929345667318928,11.33032026069402,11.165231636987409
TCL_vs_C0,C0,84003,pos,0.85,0.15000000000000002,late_70_100,0.33544745828599504,0.34253074191589183,0.9395565833656937,0.9793207360300638,0.9296161755932998
TCL_vs_C0,C0,84003,cell,0.85,0.15000000000000002,late_70_100,0.06755622856378962,0.08941060833866311,0.9976316262987148,0.7555728544861811,0.7106222481359522
TCL_vs_C0,C0,84004,atomic_numbers,0.85,0.15000000000000002,late_70_100,1.3436937901376562,0.1098039925925193,0.9940544645830667,12.2372033877136,11.990870074691635
TCL_vs_C0,C0,84004,pos,0.85,0.15000000000000002,late_70_100,0.1153773236739755,0.13435263524456423,0.9917105038270382,0.8587648724861431,0.8853503845853583
TCL_vs_C0,C0,84004,cell,0.85,0.15000000000000002,late_70_100,0.04293456442299724,0.04453697309949252,0.9990078986063614,0.9640207098736683,0.9625160386707282
TCL_vs_C0,C0,84005,atomic_numbers,0.85,0.15000000000000002,late_70_100,1.83706075434543,0.1560128234627305,0.9901245226496621,11.775062546600735,12.464881750948317
TCL_vs_C0,C0,84005,pos,0.85,0.15000000000000002,late_70_100,0.08860640807673141,0.1300521507465238,0.9933111946029076,0.6813144386164626,0.717526350021561
TCL_vs_C0,C0,84005,cell,0.85,0.15000000000000002,late_70_100,0.11102975465935638,0.24585389142207165,0.9739010499133153,0.45160869334683496,0.3971519912239492
TCL_vs_C0,C0,84006,atomic_numbers,0.85,0.15000000000000002,late_70_100,1.2958700562662815,0.11705835515799964,0.9948674855799943,11.070291005859254,11.665020324701786
TCL_vs_C0,C0,84006,pos,0.85,0.15000000000000002,late_70_100,0.30554017496168084,0.27643317698334935,0.9612036818646683,1.1052948792036086,1.0824257363426943
TCL_vs_C0,C0,84006,cell,0.85,0.15000000000000002,late_70_100,0.04765947885707708,0.049375648941292524,0.9987806486212303,0.9652425816973877,0.963235969895974
TCL_vs_C0,C0,84007,atomic_numbers,0.85,0.15000000000000002,late_70_100,1.875649294619678,0.19129863283518908,0.9815701976136464,9.804823311181844,9.709158931390231
TCL_vs_C0,C0,84007,pos,0.85,0.15000000000000002,late_70_100,0.1328613002375291,0.1687611993762418,0.9856774998091956,0.7872739748745428,0.7810069421828301
TCL_vs_C0,C0,84007,cell,0.85,0.15000000000000002,late_70_100,0.11744153305122208,0.15096779597129314,0.9887097906583618,0.7779244062989027,0.754832624480604
TCL_vs_C0,TCL,84000,atomic_numbers,0.85,0.15000000000000002,late_70_100,1.2163253764980346,0.10940564380935881,0.9955234065862462,11.11757432383929,11.680427991118178
TCL_vs_C0,TCL,84000,pos,0.85,0.15000000000000002,late_70_100,0.3275734412472286,0.34547248992330076,0.9385223717454918,0.9481896556219398,0.9024578925675494
TCL_vs_C0,TCL,84000,cell,0.85,0.15000000000000002,late_70_100,0.10849781026017183,0.17566561964230132,0.9915515891070156,0.6176382748149593,0.6855861439352795
TCL_vs_C0,TCL,84001,atomic_numbers,0.85,0.15000000000000002,late_70_100,0.9986276947175768,0.08956811052158686,0.9961631464302273,11.14936654242468,11.319146782174922
TCL_vs_C0,TCL,84001,pos,0.85,0.15000000000000002,late_70_100,0.1810340543080346,0.1831926955820755,0.9867292134361312,0.9882165537922675,0.8912835256960574
TCL_vs_C0,TCL,84001,cell,0.85,0.15000000000000002,late_70_100,0.03992049538954786,0.09333435847702119,0.9957069412783316,0.4277148955748835,0.42075297069725015
TCL_vs_C0,TCL,84002,atomic_numbers,0.85,0.15000000000000002,late_70_100,2.041536002831524,0.20238585413748678,0.9883009240415701,10.087345341066419,11.311319359835617
TCL_vs_C0,TCL,84002,pos,0.85,0.15000000000000002,late_70_100,0.36544816290334386,0.3454726008033391,0.9386741698703636,1.0578209735115172,0.9702487930637446
TCL_vs_C0,TCL,84002,cell,0.85,0.15000000000000002,late_70_100,0.04558300185196667,0.04556516857877935,0.9989687422764076,1.0003913795063986,0.9955199047265622
TCL_vs_C0,TCL,84003,atomic_numbers,0.85,0.15000000000000002,late_70_100,2.1682997231725833,0.18952558549456058,0.9819400647895072,11.440670226737351,11.105509827862942
TCL_vs_C0,TCL,84003,pos,0.85,0.15000000000000002,late_70_100,0.20983137287807418,0.18433388781276352,0.9892743207886396,1.1383222877130965,0.9981205036954306
TCL_vs_C0,TCL,84003,cell,0.85,0.15000000000000002,late_70_100,0.1468412247082858,0.20715402559176493,0.9795516110002546,0.7088504521638571,0.729328224395751
TCL_vs_C0,TCL,84004,atomic_numbers,0.85,0.15000000000000002,late_70_100,1.3359378408954496,0.1235583370350873,0.994559179247047,10.812203149966956,11.471767152401947
TCL_vs_C0,TCL,84004,pos,0.85,0.15000000000000002,late_70_100,0.1977169758809034,0.17838562675430444,0.9846054592351958,1.1083683112722111,1.0518167336296256
TCL_vs_C0,TCL,84004,cell,0.85,0.15000000000000002,late_70_100,0.06395314205258942,0.0468308692961432,0.9992950156259724,1.3656193663237497,1.402885641323714
TCL_vs_C0,TCL,84005,atomic_numbers,0.85,0.15000000000000002,late_70_100,1.2146153156945263,0.1047206553184555,0.9950352926148903,11.598622182041177,11.918955844706018
TCL_vs_C0,TCL,84005,pos,0.85,0.15000000000000002,late_70_100,0.06015455528703618,0.08822463400326373,0.9993965032295941,0.6818340021088765,0.7367181903165588
TCL_vs_C0,TCL,84005,cell,0.85,0.15000000000000002,late_70_100,0.04934370429558334,0.08590463885476951,0.9970932563917406,0.5744009282083574,0.5499385816991293
TCL_vs_C0,TCL,84006,atomic_numbers,0.85,0.15000000000000002,late_70_100,1.5311251352128807,0.13441056613260863,0.9931074811818281,11.391404554477381,12.062359489094133
TCL_vs_C0,TCL,84006,pos,0.85,0.15000000000000002,late_70_100,0.3792137513933233,0.3622559142400008,0.9367197471226154,1.0468117606551697,0.8830794709001154
TCL_vs_C0,TCL,84006,cell,0.85,0.15000000000000002,late_70_100,0.0342589265975381,0.083341949303783,0.9966569009958859,0.41106461852318393,0.40292517407796097
TCL_vs_C0,TCL,84007,atomic_numbers,0.85,0.15000000000000002,late_70_100,1.632591850996356,0.1638960072621757,0.9918978689952753,9.961144742133866,10.911947545188406
TCL_vs_C0,TCL,84007,pos,0.85,0.15000000000000002,late_70_100,0.2967737302608983,0.28688866189501133,0.9602748765819153,1.0344561137431931,0.9244877675235612
TCL_vs_C0,TCL,84007,cell,0.85,0.15000000000000002,late_70_100,0.10552087068916068,0.1552641238978234,0.9881571524682484,0.6796217183990432,0.6876774603885306
TCL_vs_C0,GBSA-TCL,84000,atomic_numbers,0.85,0.15000000000000002,late_70_100,1.6551849039287996,0.16040046774725877,0.9909877221141131,10.319077788082613,11.136557503060247
TCL_vs_C0,GBSA-TCL,84000,pos,0.85,0.15000000000000002,late_70_100,0.09214907786957928,0.09667748776839363,0.9955787657642088,0.9531596237827064,0.9707562959459014
TCL_vs_C0,GBSA-TCL,84000,cell,0.85,0.15000000000000002,late_70_100,0.02441343375153062,0.027713019781181653,0.9997418403246779,0.8809373335816837,0.8946876624805672
TCL_vs_C0,GBSA-TCL,84001,atomic_numbers,0.85,0.15000000000000002,late_70_100,1.3445939994076126,0.11745712355027109,0.9948823091314418,11.447530458483712,12.074554649630992
TCL_vs_C0,GBSA-TCL,84001,pos,0.85,0.15000000000000002,late_70_100,0.12511113754700823,0.10547531342928544,0.9944575748657538,1.1861651174982035,1.1895793508697001
TCL_vs_C0,GBSA-TCL,84001,cell,0.85,0.15000000000000002,late_70_100,0.07523840338624427,0.06304417988077866,0.9985953154014015,1.1934234615871886,1.1509750695815852
TCL_vs_C0,GBSA-TCL,84002,atomic_numbers,0.85,0.15000000000000002,late_70_100,1.81035437406277,0.19439082073394243,0.9814383449096775,9.312962243935146,9.435924616727917
TCL_vs_C0,GBSA-TCL,84002,pos,0.85,0.15000000000000002,late_70_100,0.11137757795771765,0.1419305624523468,0.989977653269097,0.7847328724221231,0.7879668751440793
TCL_vs_C0,GBSA-TCL,84002,cell,0.85,0.15000000000000002,late_70_100,0.04641616257174751,0.05137389503194095,0.9988380863833068,0.9034970492871709,0.9185284935206494
TCL_vs_C0,GBSA-TCL,84003,atomic_numbers,0.85,0.15000000000000002,late_70_100,1.6124868694957637,0.1571050301798588,0.9882242731873766,10.263750738278327,10.508542952748025
TCL_vs_C0,GBSA-TCL,84003,pos,0.85,0.15000000000000002,late_70_100,0.03578562662157512,0.04444021012175157,0.9991419327946883,0.8052533172893256,0.7915896737907435
TCL_vs_C0,GBSA-TCL,84003,cell,0.85,0.15000000000000002,late_70_100,0.08483871135030235,0.07174092012253697,0.9978895976599292,1.1825707170383892,1.1440035329337357
TCL_vs_C0,GBSA-TCL,84004,atomic_numbers,0.85,0.15000000000000002,late_70_100,1.0414498109438004,0.08194792031671431,0.9968488860651573,12.708678962428577,12.93006185331852
TCL_vs_C0,GBSA-TCL,84004,pos,0.85,0.15000000000000002,late_70_100,0.11938970507416381,0.16817527411413524,0.9863741998787572,0.7099123560407448,0.7250047463746061
TCL_vs_C0,GBSA-TCL,84004,cell,0.85,0.15000000000000002,late_70_100,0.11750466190298306,0.07882881534960923,0.9975535828353992,1.4906308230289236,1.432680685743298
TCL_vs_C0,GBSA-TCL,84005,atomic_numbers,0.85,0.15000000000000002,late_70_100,1.3020398240316986,0.10794529886801371,0.9956515359183088,12.062033619673628,12.667396616328961
TCL_vs_C0,GBSA-TCL,84005,pos,0.85,0.15000000000000002,late_70_100,0.025333710998568595,0.034376346186649594,0.9994100493301038,0.7369518232396439,0.7376051241837295
TCL_vs_C0,GBSA-TCL,84005,cell,0.85,0.15000000000000002,late_70_100,0.06451508079088075,0.09162813943219612,0.9969498897615661,0.7040968112052658,0.7357517421785918
TCL_vs_C0,GBSA-TCL,84006,atomic_numbers,0.85,0.15000000000000002,late_70_100,1.7191432848998047,0.15816517604585878,0.9911584657768567,10.869290749572786,11.708916626460566
TCL_vs_C0,GBSA-TCL,84006,pos,0.85,0.15000000000000002,late_70_100,0.34817783741649244,0.33919129566839096,0.9407330767721565,1.026494022290263,0.9600856749060073
TCL_vs_C0,GBSA-TCL,84006,cell,0.85,0.15000000000000002,late_70_100,0.07627722733670954,0.12724733492913165,0.9922551169776822,0.5994406671007366,0.6113463388245408
TCL_vs_C0,GBSA-TCL,84007,atomic_numbers,0.85,0.15000000000000002,late_70_100,1.6442438120542118,0.1478936520189089,0.9893453874299523,11.117744335936665,10.71005076371409
TCL_vs_C0,GBSA-TCL,84007,pos,0.85,0.15000000000000002,late_70_100,0.0699451827759218,0.09734997977115044,0.9959482999128295,0.7184920114040945,0.7423685560562746
TCL_vs_C0,GBSA-TCL,84007,cell,0.85,0.15000000000000002,late_70_100,0.052959456324676225,0.04405338539256006,0.999283745025142,1.2021654148200893,1.2284185541569985
TCL_vs_C0,C0,84000,atomic_numbers,0.95,0.050000000000000044,late_70_100,1.1130698310233567,0.09145012757307883,0.9961124878715388,12.171331637934458,12.422948479391813
TCL_vs_C0,C0,84000,pos,0.95,0.050000000000000044,late_70_100,0.13563233198088118,0.1602770027174921,0.9870854784102991,0.8462370126795409,0.8309553423738975
TCL_vs_C0,C0,84000,cell,0.95,0.050000000000000044,late_70_100,0.05699525077715673,0.04209292901722297,0.9992671054570726,1.3540338510022967,1.376749174456483
TCL_vs_C0,C0,84001,atomic_numbers,0.95,0.050000000000000044,late_70_100,1.9656117509550883,0.16908753133091353,0.9976751854150578,11.624817841288836,13.396688021914542
TCL_vs_C0,C0,84001,pos,0.95,0.050000000000000044,late_70_100,0.13249265375553962,0.17111672277849485,0.986947455247347,0.7742823238091531,0.7193864823441023
TCL_vs_C0,C0,84001,cell,0.95,0.050000000000000044,late_70_100,0.17161351138247433,0.18539902019437715,0.9989152631942653,0.9256441118326851,1.090752534278407
TCL_vs_C0,C0,84002,atomic_numbers,0.95,0.050000000000000044,late_70_100,1.315229484607044,0.12033189469407403,0.992834827711048,10.930015586896722,11.006567315290871
TCL_vs_C0,C0,84002,pos,0.95,0.050000000000000044,late_70_100,0.2762194354283674,0.37229175332404635,0.9292015104491442,0.7419434703082002,0.6560968851048739
TCL_vs_C0,C0,84002,cell,0.95,0.050000000000000044,late_70_100,0.06206819509795421,0.05772714006608786,0.9986787464565786,1.0751995513184365,1.0455017780695166
TCL_vs_C0,C0,84003,atomic_numbers,0.95,0.050000000000000044,late_70_100,1.7931137310982619,0.16290327538230867,0.9869007704721956,11.007229454964012,10.614316889462472
TCL_vs_C0,C0,84003,pos,0.95,0.050000000000000044,late_70_100,0.46312399208168475,0.5551408707059657,0.8624378212171776,0.8342458941867057,0.9096866556417305
TCL_vs_C0,C0,84003,cell,0.95,0.050000000000000044,late_70_100,0.17013799965714443,0.17638263555392555,0.9877959379769486,0.9645960846589574,0.8729799528904295
TCL_vs_C0,C0,84004,atomic_numbers,0.95,0.050000000000000044,late_70_100,1.4589920634646292,0.12578831677808602,0.9920582527429943,11.59878835201017,11.52417778585619
TCL_vs_C0,C0,84004,pos,0.95,0.050000000000000044,late_70_100,0.14155182436312633,0.14494080931312936,0.9894531639338191,0.976618145254857,0.9613957367207856
TCL_vs_C0,C0,84004,cell,0.95,0.050000000000000044,late_70_100,0.15189881211953013,0.2377289844278056,0.9738430970101706,0.6389578977302168,0.6669053246485229
TCL_vs_C0,C0,84005,atomic_numbers,0.95,0.050000000000000044,late_70_100,2.281472949370673,0.2038879950559196,0.9861020960433485,11.189834638105802,12.356788299336587
TCL_vs_C0,C0,84005,pos,0.95,0.050000000000000044,late_70_100,0.13566540802646326,0.1784578672480901,0.9858695711548463,0.7602097353201176,0.7026914415171213
TCL_vs_C0,C0,84005,cell,0.95,0.050000000000000044,late_70_100,0.11099304588835643,0.09441962041373786,0.9961833396190468,1.1755294651894952,1.2133670041400746
TCL_vs_C0,C0,84006,atomic_numbers,0.95,0.050000000000000044,late_70_100,1.5477295689855581,0.14307378596182893,0.993651936876016,10.81770191919351,11.705298175030375
TCL_vs_C0,C0,84006,pos,0.95,0.050000000000000044,late_70_100,0.33645645730342993,0.46236717846696845,0.8950515542236578,0.7276823982597337,0.7401402821322678
TCL_vs_C0,C0,84006,cell,0.95,0.050000000000000044,late_70_100,0.1449901059542674,0.18697081971610444,0.9851221787371623,0.7754691677258497,0.8210424003197347
TCL_vs_C0,C0,84007,atomic_numbers,0.95,0.050000000000000044,late_70_100,1.814342209993406,0.19494414903997015,0.9811099197171086,9.306984687298332,8.907053259317415
TCL_vs_C0,C0,84007,pos,0.95,0.050000000000000044,late_70_100,0.23697463174111197,0.2778965496276785,0.9622532412448359,0.8527440591061924,0.8684750389306254
TCL_vs_C0,C0,84007,cell,0.95,0.050000000000000044,late_70_100,0.06576837101977319,0.07569545421766646,0.9973672146780813,0.8688549622894473,0.8477078423555566
TCL_vs_C0,TCL,84000,atomic_numbers,0.95,0.050000000000000044,late_70_100,1.2522892138882373,0.12307939144267156,0.9951380617881409,10.174645805520854,10.876194277575847
TCL_vs_C0,TCL,84000,pos,0.95,0.050000000000000044,late_70_100,0.4059994170870154,0.3951111217034182,0.9335968787478496,1.0275575522568314,1.1303933544142764
TCL_vs_C0,TCL,84000,cell,0.95,0.050000000000000044,late_70_100,0.30306845233172824,0.2181565192200254,0.976012533735981,1.389224825438581,1.375187209841699
TCL_vs_C0,TCL,84001,atomic_numbers,0.95,0.050000000000000044,late_70_100,1.2609447668778462,0.11929165218150653,0.9959296844418413,10.570268277945159,11.353243606168906
TCL_vs_C0,TCL,84001,pos,0.95,0.050000000000000044,late_70_100,0.14944361794369965,0.13861403904033404,0.9907532215411908,1.078127576242219,1.0375540168047654
TCL_vs_C0,TCL,84001,cell,0.95,0.050000000000000044,late_70_100,0.16938893270106392,0.4642407639586073,0.9229053473785812,0.3648730267817821,0.431381066936208
TCL_vs_C0,TCL,84002,atomic_numbers,0.95,0.050000000000000044,late_70_100,2.0069205110156174,0.20728289343916503,0.989145239920582,9.682036359670098,10.992455998638572
TCL_vs_C0,TCL,84002,pos,0.95,0.050000000000000044,late_70_100,0.6733577242844807,0.5352180305747873,0.8482269350450982,1.2580998505624723,0.9701313208739342
TCL_vs_C0,TCL,84002,cell,0.95,0.050000000000000044,late_70_100,0.11250077611241446,0.19352256750912436,0.986968200697819,0.5813315602435369,0.6362515113950272
TCL_vs_C0,TCL,84003,atomic_numbers,0.95,0.050000000000000044,late_70_100,2.041616933872521,0.20291588343629377,0.9792167315689057,10.061395388565009,9.916129519900105
TCL_vs_C0,TCL,84003,pos,0.95,0.050000000000000044,late_70_100,0.16544544705708517,0.1622118655193619,0.9880249724328832,1.0199343095362978,0.9566623319031121
TCL_vs_C0,TCL,84003,cell,0.95,0.050000000000000044,late_70_100,0.27790058230684117,0.38853675453306213,0.9250226613460151,0.7152491471259086,0.7198507419458132
TCL_vs_C0,TCL,84004,atomic_numbers,0.95,0.050000000000000044,late_70_100,1.255496768162815,0.1180332812687499,0.9948665524633283,10.636803066621317,11.228451055634933
TCL_vs_C0,TCL,84004,pos,0.95,0.050000000000000044,late_70_100,0.28437984824947116,0.23988386764416017,0.9757795941972783,1.185489674825969,1.0400791208328912
TCL_vs_C0,TCL,84004,cell,0.95,0.050000000000000044,late_70_100,0.1217831807807288,0.11216423581034071,0.9964352762762813,1.0857576829271394,1.1621457978477527
TCL_vs_C0,TCL,84005,atomic_numbers,0.95,0.050000000000000044,late_70_100,1.309737765095324,0.10898450435485033,0.9943780461931947,12.017651250960013,11.640107486427505
TCL_vs_C0,TCL,84005,pos,0.95,0.050000000000000044,late_70_100,0.046594736158168656,0.07048869588598143,0.9976749278082684,0.6610242333542061,0.6475903770672142
TCL_vs_C0,TCL,84005,cell,0.95,0.050000000000000044,late_70_100,0.409927443326868,0.2257346596204202,0.9829215165331974,1.8159703255856838,1.5475509544086659
TCL_vs_C0,TCL,84006,atomic_numbers,0.95,0.050000000000000044,late_70_100,2.0844788264166727,0.1886861152396163,0.9919811305970604,11.047335538015354,12.506519671824615
TCL_vs_C0,TCL,84006,pos,0.95,0.050000000000000044,late_70_100,0.5539802553108845,0.5262469886366961,0.8596770348491413,1.0527000957212782,0.7719060757174938
TCL_vs_C0,TCL,84006,cell,0.95,0.050000000000000044,late_70_100,0.11642095919490006,0.09548298131976489,0.9962633653787127,1.2192849195294349,1.1650859859148228
TCL_vs_C0,TCL,84007,atomic_numbers,0.95,0.050000000000000044,late_70_100,1.6184520276390435,0.17053150550176932,0.9898145924900678,9.49063355112555,10.284971887626732
TCL_vs_C0,TCL,84007,pos,0.95,0.050000000000000044,late_70_100,0.4279667327181397,0.4864168108724573,0.8737343139126739,0.8798354069024071,0.765574341817305
TCL_vs_C0,TCL,84007,cell,0.95,0.050000000000000044,late_70_100,0.21181699684792554,0.1655995890643225,0.9862428455107102,1.27909131927647,1.2741682706749415
TCL_vs_C0,GBSA-TCL,84000,atomic_numbers,0.95,0.050000000000000044,late_70_100,1.6165414161612848,0.16785058334904507,0.9896955141882199,9.630835853573949,10.375106132493901
TCL_vs_C0,GBSA-TCL,84000,pos,0.95,0.050000000000000044,late_70_100,0.12086481692604499,0.12489898578247442,0.9921695437913677,0.9677005475172122,0.9597355960259132
TCL_vs_C0,GBSA-TCL,84000,cell,0.95,0.050000000000000044,late_70_100,0.17472665805920928,0.1800364724980548,0.9836694963648723,0.9705070069127083,0.9504490566149693
TCL_vs_C0,GBSA-TCL,84001,atomic_numbers,0.95,0.050000000000000044,late_70_100,1.5074815004626287,0.11490374413066538,0.9935392626003571,13.119515920633209,12.798917694071411
TCL_vs_C0,GBSA-TCL,84001,pos,0.95,0.050000000000000044,late_70_100,0.18566243258754725,0.2887180598238199,0.9574229310475232,0.6430579115862766,0.6183131208450093
TCL_vs_C0,GBSA-TCL,84001,cell,0.95,0.050000000000000044,late_70_100,0.09372253723164181,0.16335494290117855,0.9880919796813075,0.5737355452313383,0.598383736767616
TCL_vs_C0,GBSA-TCL,84002,atomic_numbers,0.95,0.050000000000000044,late_70_100,1.922481554130238,0.2205390210457892,0.9753788958202231,8.717194558196056,8.513065274409055
TCL_vs_C0,GBSA-TCL,84002,pos,0.95,0.050000000000000044,late_70_100,0.13965821907613313,0.15600684306572238,0.9880472569295238,0.8952057251571847,0.8630296334488671
TCL_vs_C0,GBSA-TCL,84002,cell,0.95,0.050000000000000044,late_70_100,0.04534912026728194,0.05017560401309091,0.9993822606572693,0.9038081585515199,0.9356169529826359
TCL_vs_C0,GBSA-TCL,84003,atomic_numbers,0.95,0.050000000000000044,late_70_100,1.3440662879000673,0.14226693772652085,0.990220627690176,9.447495738495201,9.61841299751004
TCL_vs_C0,GBSA-TCL,84003,pos,0.95,0.050000000000000044,late_70_100,0.04651081806163874,0.048539571135347834,0.9992626849175406,0.9582041409461133,0.9290403760484338
TCL_vs_C0,GBSA-TCL,84003,cell,0.95,0.050000000000000044,late_70_100,0.19597054901253066,0.13779622059448374,0.990465644883255,1.4221765166495124,1.4041214395367583
TCL_vs_C0,GBSA-TCL,84004,atomic_numbers,0.95,0.050000000000000044,late_70_100,1.2867077816361192,0.10756254776942728,0.9953221926585083,11.962414505040602,12.472111757177926
TCL_vs_C0,GBSA-TCL,84004,pos,0.95,0.050000000000000044,late_70_100,0.22030874305121323,0.2632532027035381,0.9671854355511235,0.8368701341093022,0.7517318246926094
TCL_vs_C0,GBSA-TCL,84004,cell,0.95,0.050000000000000044,late_70_100,0.21702743306520642,0.2310178079469574,0.9729744247341707,0.9394402751628427,0.9075116979433252
TCL_vs_C0,GBSA-TCL,84005,atomic_numbers,0.95,0.050000000000000044,late_70_100,1.3085122320948548,0.11453032241641564,0.9967477062903524,11.425028800122417,12.31767381225306
TCL_vs_C0,GBSA-TCL,84005,pos,0.95,0.050000000000000044,late_70_100,0.03941753666141304,0.05384130780130982,0.9998521055635827,0.7321058546139941,0.7693501879145022
TCL_vs_C0,GBSA-TCL,84005,cell,0.95,0.050000000000000044,late_70_100,0.08270948823877786,0.07227273312525895,0.9983409198736035,1.144407920694386,1.1924969660346187
TCL_vs_C0,GBSA-TCL,84006,atomic_numbers,0.95,0.050000000000000044,late_70_100,1.8115986751549185,0.17531037717906303,0.9906314146264468,10.333664808127937,11.372819744424548
TCL_vs_C0,GBSA-TCL,84006,pos,0.95,0.050000000000000044,late_70_100,0.41251040199466704,0.4543305010824401,0.8931873750753611,0.90795225284647,0.8698127584915751
TCL_vs_C0,GBSA-TCL,84006,cell,0.95,0.050000000000000044,late_70_100,0.09786219608056669,0.1007784927765861,0.995939720070394,0.9710623108594759,1.0111101558897426
TCL_vs_C0,GBSA-TCL,84007,atomic_numbers,0.95,0.050000000000000044,late_70_100,1.6349600718199215,0.15117403786996972,0.988508728581071,10.815085016292349,10.709836207768339
TCL_vs_C0,GBSA-TCL,84007,pos,0.95,0.050000000000000044,late_70_100,0.10020128066423314,0.15465606655453912,0.9897586194439182,0.6478975115334216,0.6798140829768761
TCL_vs_C0,GBSA-TCL,84007,cell,0.95,0.050000000000000044,late_70_100,0.5005570933262271,0.6829837781669431,0.7603836481856193,0.7328974850173893,0.7121487398795905
GBSA-TCL_vs_C0,C0,84000,atomic_numbers,0.05,0.95,early_0_30,1.1461156847326983,0.0866100004778303,0.9972526464771846,13.233064061996759,12.602820229369772
GBSA-TCL_vs_C0,C0,84000,pos,0.05,0.95,early_0_30,0.0009897677731577372,0.06599660287068204,0.9989703268845636,0.014997253344950973,0.015700626407577297
GBSA-TCL_vs_C0,C0,84000,cell,0.05,0.95,early_0_30,0.0026986988201163336,0.0036588054016261813,0.9999959278630437,0.7375901486635168,0.735898305299611
GBSA-TCL_vs_C0,C0,84001,atomic_numbers,0.05,0.95,early_0_30,1.7700571158801277,0.1530935417710293,0.9909548711720267,11.561931975729392,10.605434605652317
GBSA-TCL_vs_C0,C0,84001,pos,0.05,0.95,early_0_30,0.0005931278159927591,0.039221514540146454,0.999252183894997,0.01512251178841255,0.015210660578132725
GBSA-TCL_vs_C0,C0,84001,cell,0.05,0.95,early_0_30,0.003026879780597809,0.01051286069280919,0.9999779749141816,0.2879216104012676,0.2855678591209604
GBSA-TCL_vs_C0,C0,84002,atomic_numbers,0.05,0.95,early_0_30,1.7866188352229206,0.14994171701959152,0.9914648568058307,11.915422010203336,10.931250160865975
GBSA-TCL_vs_C0,C0,84002,pos,0.05,0.95,early_0_30,0.0008245385352733233,0.12883596309488804,0.9945906774619335,0.006399909741552895,0.006853084661410617
GBSA-TCL_vs_C0,C0,84002,cell,0.05,0.95,early_0_30,0.006492208659249094,0.00826534296004432,0.9999659018244148,0.7854735962721964,0.7857197080642716
GBSA-TCL_vs_C0,C0,84003,atomic_numbers,0.05,0.95,early_0_30,1.2839664698945286,0.11789275657645082,0.9946204139596321,10.890969955918406,10.21933745833605
GBSA-TCL_vs_C0,C0,84003,pos,0.05,0.95,early_0_30,0.0013736581753988051,0.11078401822319406,0.9980867211497808,0.012399425453510153,0.013515518810359393
GBSA-TCL_vs_C0,C0,84003,cell,0.05,0.95,early_0_30,0.005284207304597255,0.00600497670622831,0.9999848325352034,0.8799713243044759,0.8820634907180651
GBSA-TCL_vs_C0,C0,84004,atomic_numbers,0.05,0.95,early_0_30,1.1763354320432036,0.09230131524142765,0.9974657170052332,12.74451430043359,11.962844137755912
GBSA-TCL_vs_C0,C0,84004,pos,0.05,0.95,early_0_30,0.0007206596438078687,0.04381118267095497,0.9993715871980627,0.016449216840832667,0.016862423807564038
GBSA-TCL_vs_C0,C0,84004,cell,0.05,0.95,early_0_30,0.009583116283928893,0.012292217567592897,0.999937508129217,0.7796084173773286,0.7835440064621321
GBSA-TCL_vs_C0,C0,84005,atomic_numbers,0.05,0.95,early_0_30,1.3806603674306446,0.13004766073475046,0.9943049783003923,10.616572106181021,9.764852888990468
GBSA-TCL_vs_C0,C0,84005,pos,0.05,0.95,early_0_30,0.0006465342849378845,0.021405079075253484,0.9998813909844456,0.03020471368803986,0.02975213276214942
GBSA-TCL_vs_C0,C0,84005,cell,0.05,0.95,early_0_30,0.0058885961748365865,0.00435756011972553,0.9999961423762269,1.3513516768662488,1.3558836857333052
GBSA-TCL_vs_C0,C0,84006,atomic_numbers,0.05,0.95,early_0_30,1.1001291781196316,0.10583919370150019,0.994962239071225,10.394345796155076,9.989217607486834
GBSA-TCL_vs_C0,C0,84006,pos,0.05,0.95,early_0_30,0.0013386711743506702,0.10377956208857886,0.9984307192990394,0.012899179254659754,0.014005981063800927
GBSA-TCL_vs_C0,C0,84006,cell,0.05,0.95,early_0_30,0.004601813302171909,0.005678506412615062,0.999986951410449,0.8103914951911949,0.8083714723262542
GBSA-TCL_vs_C0,C0,84007,atomic_numbers,0.05,0.95,early_0_30,1.4038867455184603,0.10504637971116919,0.9952695370402906,13.364446727041184,12.767285155158481
GBSA-TCL_vs_C0,C0,84007,pos,0.05,0.95,early_0_30,0.0008086057452953921,0.07405265144056475,0.9982026658675642,0.010919335493940894,0.011374714364356714
GBSA-TCL_vs_C0,C0,84007,cell,0.05,0.95,early_0_30,0.009931764449986294,0.007341060408781044,0.9999895024435368,1.3529059695662453,1.3451321509992764
GBSA-TCL_vs_C0,TCL,84000,atomic_numbers,0.05,0.95,early_0_30,1.6205120015112457,0.14798200125680078,0.9912347104164188,10.95073716903644,10.124662270842489
GBSA-TCL_vs_C0,TCL,84000,pos,0.05,0.95,early_0_30,0.0007166294627785057,0.04422756142372124,0.9991225093632272,0.016203232547977314,0.01641922911668301
GBSA-TCL_vs_C0,TCL,84000,cell,0.05,0.95,early_0_30,0.0028782851383903083,0.0034723002969642954,0.999996457430803,0.8289274809862174,0.8307728377798211
GBSA-TCL_vs_C0,TCL,84001,atomic_numbers,0.05,0.95,early_0_30,1.4932547872749828,0.1423819940624471,0.9911393846393178,10.487665923684553,9.8569032623705
GBSA-TCL_vs_C0,TCL,84001,pos,0.05,0.95,early_0_30,0.0004718858798895188,0.02981331777632052,0.9995570339391031,0.01582802301407454,0.015848870918964728
GBSA-TCL_vs_C0,TCL,84001,cell,0.05,0.95,early_0_30,0.00398530932208579,0.007162119786587262,0.9999889751004741,0.5564427070249801,0.5594458051135904
GBSA-TCL_vs_C0,TCL,84002,atomic_numbers,0.05,0.95,early_0_30,1.0257139842591882,0.08031029767577635,0.9979191727733189,12.771886220620623,12.133802236075724
GBSA-TCL_vs_C0,TCL,84002,pos,0.05,0.95,early_0_30,0.0005284547328245304,0.09286670678038396,0.9972759413582539,0.005690464873210673,0.005996035476990978
GBSA-TCL_vs_C0,TCL,84002,cell,0.05,0.95,early_0_30,0.00835031924687916,0.010781860391360417,0.9999680779349422,0.7744785170442693,0.7688472220670138
GBSA-TCL_vs_C0,TCL,84003,atomic_numbers,0.05,0.95,early_0_30,1.2058940764503239,0.11399280519869581,0.9946198785863137,10.578685859588969,10.018525633780394
GBSA-TCL_vs_C0,TCL,84003,pos,0.05,0.95,early_0_30,0.0016531773212403126,0.15057493911889952,0.997056387936886,0.010979100047551094,0.012369592424756133
GBSA-TCL_vs_C0,TCL,84003,cell,0.05,0.95,early_0_30,0.01157519790741177,0.008769307635652339,0.9999780705156189,1.3199671386087377,1.3123507038792652
GBSA-TCL_vs_C0,TCL,84004,atomic_numbers,0.05,0.95,early_0_30,1.4502526669183244,0.10926328599931613,0.9975868973578335,13.273009809785522,12.121153627300636
GBSA-TCL_vs_C0,TCL,84004,pos,0.05,0.95,early_0_30,0.0008745164211555343,0.05148016234486558,0.9989578424013608,0.016987444897651045,0.01737423445046908
GBSA-TCL_vs_C0,TCL,84004,cell,0.05,0.95,early_0_30,0.007767362914551291,0.007544492667379137,0.9999947796682285,1.0295407865045452,1.0225164854015207
GBSA-TCL_vs_C0,TCL,84005,atomic_numbers,0.05,0.95,early_0_30,1.3178298300415503,0.12429703053511897,0.9948102761659835,10.602263178517443,9.790292423965424
GBSA-TCL_vs_C0,TCL,84005,pos,0.05,0.95,early_0_30,0.0008194561586846846,0.028322159669901818,0.9998559993735866,0.028933392376695313,0.028273155799604724
GBSA-TCL_vs_C0,TCL,84005,cell,0.05,0.95,early_0_30,0.002206904391341882,0.002252780508473295,0.9999976126162512,0.9796357803350745,0.9801702410560345
GBSA-TCL_vs_C0,TCL,84006,atomic_numbers,0.05,0.95,early_0_30,1.3276593486508403,0.12193804569310937,0.9942587244608636,10.887982836728904,10.188799688360895
GBSA-TCL_vs_C0,TCL,84006,pos,0.05,0.95,early_0_30,0.0015190507493099655,0.12015957531745163,0.9981686288770945,0.012641945057618249,0.013931300572143254
GBSA-TCL_vs_C0,TCL,84006,cell,0.05,0.95,early_0_30,0.010716006940938324,0.009114917765682401,0.9999636163509947,1.1756559100603203,1.1793891239703522
GBSA-TCL_vs_C0,TCL,84007,atomic_numbers,0.05,0.95,early_0_30,1.0541369019486992,0.09927183179987112,0.9959255330838618,10.618690950256722,10.134709595998702
GBSA-TCL_vs_C0,TCL,84007,pos,0.05,0.95,early_0_30,0.0012278931036817649,0.12698184316318903,0.9990543131565256,0.00966983210429348,0.010814355953509672
GBSA-TCL_vs_C0,TCL,84007,cell,0.05,0.95,early_0_30,0.013386777935942682,0.01108261993247861,0.9999411966852458,1.2079073375702012,1.2050762224046654
GBSA-TCL_vs_C0,GBSA-TCL,84000,atomic_numbers,0.05,0.95,early_0_30,1.9877737220894471,0.13960858862922956,0.9942444774479828,14.238190799052827,12.881734483906254
GBSA-TCL_vs_C0,GBSA-TCL,84000,pos,0.05,0.95,early_0_30,0.0009020391062114168,0.0612227502624555,0.9985757869759582,0.01473372402161729,0.015155200313881333
GBSA-TCL_vs_C0,GBSA-TCL,84000,cell,0.05,0.95,early_0_30,0.010451593554416171,0.014312034286239915,0.999930361229609,0.7302661065076329,0.7243022768547862
GBSA-TCL_vs_C0,GBSA-TCL,84001,atomic_numbers,0.05,0.95,early_0_30,1.5570228409864497,0.11778310423052778,0.9959323431103898,13.21940741126171,12.16286760510293
GBSA-TCL_vs_C0,GBSA-TCL,84001,pos,0.05,0.95,early_0_30,0.0009609578873752975,0.061506029802520235,0.9988386955829702,0.015623799657703186,0.016202994110688054
GBSA-TCL_vs_C0,GBSA-TCL,84001,cell,0.05,0.95,early_0_30,0.00918228464625335,0.007425968287738181,0.9999896439817566,1.2365100806335534,1.2292414708491273
GBSA-TCL_vs_C0,GBSA-TCL,84002,atomic_numbers,0.05,0.95,early_0_30,1.2222711293418507,0.0675503973832821,0.9985686407624396,18.094210792079632,18.814878372571584
GBSA-TCL_vs_C0,GBSA-TCL,84002,pos,0.05,0.95,early_0_30,0.0005309178216410472,0.09134759397962347,0.9969661964549618,0.005812061363756082,0.0060723145307673984
GBSA-TCL_vs_C0,GBSA-TCL,84002,cell,0.05,0.95,early_0_30,0.005573706093298742,0.007146033233004064,0.9999823447170216,0.7799720364518451,0.7768623037374028
GBSA-TCL_vs_C0,GBSA-TCL,84003,atomic_numbers,0.05,0.95,early_0_30,0.9989858012583617,0.0780049297179204,0.9980924008820925,12.806700869686967,12.171670506814664
GBSA-TCL_vs_C0,GBSA-TCL,84003,pos,0.05,0.95,early_0_30,0.0011076676237956288,0.08062959347884213,0.998820225102973,0.013737730478404181,0.014605764897817704
GBSA-TCL_vs_C0,GBSA-TCL,84003,cell,0.05,0.95,early_0_30,0.005659613574167682,0.009252007561431798,0.9999639545639186,0.6117173528651794,0.6094468719762413
GBSA-TCL_vs_C0,GBSA-TCL,84004,atomic_numbers,0.05,0.95,early_0_30,1.7149932753269554,0.1527953099127698,0.9921090462237313,11.224122496338648,10.1553355891431
GBSA-TCL_vs_C0,GBSA-TCL,84004,pos,0.05,0.95,early_0_30,0.0006156284707425046,0.0388202191106341,0.9994233958952458,0.015858449149604725,0.016147736372562713
GBSA-TCL_vs_C0,GBSA-TCL,84004,cell,0.05,0.95,early_0_30,0.004871113371283952,0.01026969601917798,0.9999872448670689,0.4743191387736764,0.47855437595915445
GBSA-TCL_vs_C0,GBSA-TCL,84005,atomic_numbers,0.05,0.95,early_0_30,1.2971232546940257,0.12136472933261777,0.9950156903825331,10.6878107159047,9.895175983905528
GBSA-TCL_vs_C0,GBSA-TCL,84005,pos,0.05,0.95,early_0_30,0.0006632226082364077,0.023477347001185797,0.9998576662566916,0.028249469933843446,0.027784247959352436
GBSA-TCL_vs_C0,GBSA-TCL,84005,cell,0.05,0.95,early_0_30,0.005079009419595379,0.005514782920037086,0.9999959209394967,0.9209808424446965,0.9253218050269388
GBSA-TCL_vs_C0,GBSA-TCL,84006,atomic_numbers,0.05,0.95,early_0_30,1.3286557117675943,0.1214764406841657,0.9943069595694267,10.937558791519502,10.237259278798268
GBSA-TCL_vs_C0,GBSA-TCL,84006,pos,0.05,0.95,early_0_30,0.0013666619481227174,0.09847129794118689,0.9979000167022825,0.01387878474942995,0.014879015053068292
GBSA-TCL_vs_C0,GBSA-TCL,84006,cell,0.05,0.95,early_0_30,0.0053411448340892715,0.006814370750321824,0.9999836083580544,0.7838060225644494,0.7866892964280069
GBSA-TCL_vs_C0,GBSA-TCL,84007,atomic_numbers,0.05,0.95,early_0_30,1.3817953236848384,0.12884520662245252,0.9935656091518332,10.724460458461841,9.996646065173964
GBSA-TCL_vs_C0,GBSA-TCL,84007,pos,0.05,0.95,early_0_30,0.0015960009199427418,0.11817787025474433,0.9988234521033287,0.013505074313002942,0.014944622079943556
GBSA-TCL_vs_C0,GBSA-TCL,84007,cell,0.05,0.95,early_0_30,0.006999946813257655,0.007321877165292864,0.9999737314834249,0.9560317190841138,0.956997167959494
GBSA-TCL_vs_C0,C0,84000,atomic_numbers,0.15,0.85,early_0_30,1.1085981094503312,0.0914537939500421,0.9963213171117372,12.12194772428925,11.69021791213059
GBSA-TCL_vs_C0,C0,84000,pos,0.15,0.85,early_0_30,0.0003892738946660442,0.3532688894417126,0.9357080663694662,0.0011019195471223973,0.0010105043896119967
GBSA-TCL_vs_C0,C0,84000,cell,0.15,0.85,early_0_30,0.008134646401557376,0.008243479788207107,0.9999665613343355,0.9867976401415547,0.9877895575174597
GBSA-TCL_vs_C0,C0,84001,atomic_numbers,0.15,0.85,early_0_30,1.7232348930661658,0.16467928992009764,0.9890726822163024,10.464187050492379,9.58202123166039
GBSA-TCL_vs_C0,C0,84001,pos,0.15,0.85,early_0_30,0.0005067604514690907,0.36424975869740417,0.9457184905125042,0.001391244439752877,0.001544589953401616
GBSA-TCL_vs_C0,C0,84001,cell,0.15,0.85,early_0_30,0.01101230399192885,0.011562303341795017,0.9999927307612947,0.9524316796050447,0.9628210369660646
GBSA-TCL_vs_C0,C0,84002,atomic_numbers,0.15,0.85,early_0_30,1.1728611491817837,0.09831072946177126,0.9967456599035265,11.930143897852556,11.219946653900168
GBSA-TCL_vs_C0,C0,84002,pos,0.15,0.85,early_0_30,0.0004324007159653105,0.3207202138130424,0.9475518009774582,0.0013482178464041877,0.0013135788514407642
GBSA-TCL_vs_C0,C0,84002,cell,0.15,0.85,early_0_30,0.010823754362381945,0.011891395538312649,0.9999394068288822,0.9102173355102947,0.9060689748546912
GBSA-TCL_vs_C0,C0,84003,atomic_numbers,0.15,0.85,early_0_30,0.8946157174348796,0.07397584949903745,0.9979039553276723,12.093348349403133,11.634536626603412
GBSA-TCL_vs_C0,C0,84003,pos,0.15,0.85,early_0_30,0.0007320585653938157,0.5471312616542825,0.8370595601413406,0.0013379944022580523,0.001126159687150887
GBSA-TCL_vs_C0,C0,84003,cell,0.15,0.85,early_0_30,0.0032455989308745503,0.004181576750814845,0.9999926906991611,0.7761662942673706,0.7748463911376267
GBSA-TCL_vs_C0,C0,84004,atomic_numbers,0.15,0.85,early_0_30,1.6151277522226632,0.12221465904773099,0.9962373085228056,13.21549939104993,12.026999415368508
GBSA-TCL_vs_C0,C0,84004,pos,0.15,0.85,early_0_30,0.0005832638019291498,0.28299817106741487,0.9680360158959962,0.0020610161533171417,0.0022652937129496054
GBSA-TCL_vs_C0,C0,84004,cell,0.15,0.85,early_0_30,0.008030128234561252,0.0067991883274453975,0.999978070335205,1.1810421844247319,1.1828345193313197
GBSA-TCL_vs_C0,C0,84005,atomic_numbers,0.15,0.85,early_0_30,1.7031911441396943,0.13143198333228645,0.9929569564155089,12.9587266429183,12.130075072664148
GBSA-TCL_vs_C0,C0,84005,pos,0.15,0.85,early_0_30,0.00073795279364193,0.1445783413403677,0.9953218426799768,0.0051041724977646166,0.005629282885559019
GBSA-TCL_vs_C0,C0,84005,cell,0.15,0.85,early_0_30,0.0021096055903395837,0.0045543796245219766,0.9999897072496015,0.46320372131056287,0.463382477596454
GBSA-TCL_vs_C0,C0,84006,atomic_numbers,0.15,0.85,early_0_30,1.4559621909839051,0.10360356141787519,0.9958804070709208,14.053206000432928,13.291040313802352
GBSA-TCL_vs_C0,C0,84006,pos,0.15,0.85,early_0_30,0.000576971345579287,0.34447311463874714,0.9387991555159707,0.0016749386847921743,0.0015763879591800289
GBSA-TCL_vs_C0,C0,84006,cell,0.15,0.85,early_0_30,0.0053234561637332915,0.006618000617641692,0.9999804369052578,0.8043903999559148,0.8061133614697741
GBSA-TCL_vs_C0,C0,84007,atomic_numbers,0.15,0.85,early_0_30,1.4349674290446668,0.1392015365380461,0.992026378532216,10.308560269752958,9.61707604359951
GBSA-TCL_vs_C0,C0,84007,pos,0.15,0.85,early_0_30,0.0005418463872188597,0.4427961744810514,0.9010108723360167,0.0012236925665717261,0.0012112490374892068
GBSA-TCL_vs_C0,C0,84007,cell,0.15,0.85,early_0_30,0.008085544187387678,0.01809193974493327,0.9999764062285078,0.44691416737954104,0.43942356545075056
GBSA-TCL_vs_C0,TCL,84000,atomic_numbers,0.15,0.85,early_0_30,0.9727947372771286,0.09009710413884142,0.9968202645019818,10.797180959090898,10.30883689832386
GBSA-TCL_vs_C0,TCL,84000,pos,0.15,0.85,early_0_30,0.000728769896272441,0.3109312907027245,0.9553619702738335,0.0023438293863103157,0.0024663848254749716
GBSA-TCL_vs_C0,TCL,84000,cell,0.15,0.85,early_0_30,0.006263565834744366,0.004620416117745421,0.999994328066884,1.355628080918551,1.35990820965651
GBSA-TCL_vs_C0,TCL,84001,atomic_numbers,0.15,0.85,early_0_30,1.68434010820414,0.1347320754034329,0.9958850242224302,12.501404013562928,11.203594656553593
GBSA-TCL_vs_C0,TCL,84001,pos,0.15,0.85,early_0_30,0.0006620223460975502,0.27301073670894377,0.9638824223755831,0.002424894911013448,0.0024828918498990622
GBSA-TCL_vs_C0,TCL,84001,cell,0.15,0.85,early_0_30,0.010933892159363053,0.012859657125483273,0.9999201021062503,0.8502475651311077,0.8481709274316598
GBSA-TCL_vs_C0,TCL,84002,atomic_numbers,0.15,0.85,early_0_30,2.144154864229916,0.16448777437016332,0.9933168357107907,13.035344860370655,11.420556052118695
GBSA-TCL_vs_C0,TCL,84002,pos,0.15,0.85,early_0_30,0.0009021049642618954,0.576441520566776,0.8702430172115895,0.0015649548689256748,0.0018303532636497187
GBSA-TCL_vs_C0,TCL,84002,cell,0.15,0.85,early_0_30,0.024844755604103375,0.027863729026571173,0.9996193311692975,0.8916522113896217,0.8878370995733605
GBSA-TCL_vs_C0,TCL,84003,atomic_numbers,0.15,0.85,early_0_30,1.356478250299817,0.13435498909322294,0.9923167637343454,10.096225376183218,9.48979815180132
GBSA-TCL_vs_C0,TCL,84003,pos,0.15,0.85,early_0_30,0.0005608968598236839,0.5289380232388481,0.8695806627420765,0.0010604207585401821,0.0011231710135265565
GBSA-TCL_vs_C0,TCL,84003,cell,0.15,0.85,early_0_30,0.013187459300516062,0.019431997605942452,0.9998262744259576,0.6786466099853385,0.6822570434745122
GBSA-TCL_vs_C0,TCL,84004,atomic_numbers,0.15,0.85,early_0_30,1.7179685240318197,0.1632279841362414,0.9900068617430104,10.524963186446534,9.554626047186833
GBSA-TCL_vs_C0,TCL,84004,pos,0.15,0.85,early_0_30,0.0004075921785626369,0.23482577065135593,0.9789340067814324,0.0017357216690147095,0.0019004926927082613
GBSA-TCL_vs_C0,TCL,84004,cell,0.15,0.85,early_0_30,0.009153993322845019,0.014285321383093566,0.9999041393581197,0.6407971565609027,0.6384830459134005
GBSA-TCL_vs_C0,TCL,84005,atomic_numbers,0.15,0.85,early_0_30,1.1589767724093,0.11987280682174939,0.994706382016397,9.668387711423964,9.020402185740144
GBSA-TCL_vs_C0,TCL,84005,pos,0.15,0.85,early_0_30,0.0007441859558904494,0.10360102946653289,0.9960005273391977,0.007183190743590535,0.007531166794332034
GBSA-TCL_vs_C0,TCL,84005,cell,0.15,0.85,early_0_30,0.0058911028360774595,0.005520378548472828,0.9999948822964104,1.067155591659052,1.071951049479901
GBSA-TCL_vs_C0,TCL,84006,atomic_numbers,0.15,0.85,early_0_30,1.0090873661714914,0.08160080507333589,0.9980208767726352,12.366144736741372,11.698588060226086
GBSA-TCL_vs_C0,TCL,84006,pos,0.15,0.85,early_0_30,0.0007206160661867738,0.5728657867704797,0.8500570962908364,0.0012579143017935031,0.0013527410895716827
GBSA-TCL_vs_C0,TCL,84006,cell,0.15,0.85,early_0_30,0.007812290097070668,0.008416835528133416,0.9999847528986968,0.9281742610934899,0.9222642551731927
GBSA-TCL_vs_C0,TCL,84007,atomic_numbers,0.15,0.85,early_0_30,0.9954907303955917,0.09427826956916205,0.9974440770216912,10.559068754070678,9.882626705432992
GBSA-TCL_vs_C0,TCL,84007,pos,0.15,0.85,early_0_30,0.00043239800853816086,0.2958981569383182,0.9552677600529461,0.0014613068665659072,0.0014099718916820744
GBSA-TCL_vs_C0,TCL,84007,cell,0.15,0.85,early_0_30,0.01114260006433163,0.026063188960027777,0.9996622324618178,0.4275225138957729,0.42821901923175154
GBSA-TCL_vs_C0,GBSA-TCL,84000,atomic_numbers,0.15,0.85,early_0_30,1.6034445435531008,0.15583499537073486,0.9894728631479697,10.289373960826135,9.586308007108387
GBSA-TCL_vs_C0,GBSA-TCL,84000,pos,0.15,0.85,early_0_30,0.0005565762139884949,0.48052125216569636,0.891086880665137,0.0011582759586178984,0.0012150312950845502
GBSA-TCL_vs_C0,GBSA-TCL,84000,cell,0.15,0.85,early_0_30,0.009294327124769125,0.022121845335996444,0.9997754076666987,0.42014248737402987,0.4173828923231748
GBSA-TCL_vs_C0,GBSA-TCL,84001,atomic_numbers,0.15,0.85,early_0_30,1.1944473825067878,0.10765340429218342,0.9964427508699487,11.095305256347705,10.3125826033268
GBSA-TCL_vs_C0,GBSA-TCL,84001,pos,0.15,0.85,early_0_30,0.0006795344837243984,0.35209317622665004,0.9364390440022473,0.0019299848154028618,0.001864815279299001
GBSA-TCL_vs_C0,GBSA-TCL,84001,cell,0.15,0.85,early_0_30,0.01291499480947933,0.012146995365849322,0.9999439467906157,1.0632254660925615,1.0568357723728077
GBSA-TCL_vs_C0,GBSA-TCL,84002,atomic_numbers,0.15,0.85,early_0_30,2.067702800652025,0.14919419029958902,0.9925930238194046,13.859137520703584,12.556261317098025
GBSA-TCL_vs_C0,GBSA-TCL,84002,pos,0.15,0.85,early_0_30,0.000848851552082871,0.9289298268105634,0.5585777849608594,0.0009137951302493566,0.0008926059464733809
GBSA-TCL_vs_C0,GBSA-TCL,84002,cell,0.15,0.85,early_0_30,0.01873683190474964,0.021103514270719458,0.9997796908467537,0.887853637284785,0.8896009022563549
GBSA-TCL_vs_C0,GBSA-TCL,84003,atomic_numbers,0.15,0.85,early_0_30,0.8916428068312257,0.08665581319374999,0.9973392505152908,10.289474808085176,9.780047489102353
GBSA-TCL_vs_C0,GBSA-TCL,84003,pos,0.15,0.85,early_0_30,0.0003933890955558548,0.22542264229824038,0.9746570956215328,0.0017451179328977528,0.00165240926919895
GBSA-TCL_vs_C0,GBSA-TCL,84003,cell,0.15,0.85,early_0_30,0.009741569317413967,0.00867009171027035,0.9999771292873115,1.123583191844946,1.1296528261193104
GBSA-TCL_vs_C0,GBSA-TCL,84004,atomic_numbers,0.15,0.85,early_0_30,1.3003667472767926,0.0886294306182272,0.9972253414871318,14.671951948762313,13.925529383921404
GBSA-TCL_vs_C0,GBSA-TCL,84004,pos,0.15,0.85,early_0_30,0.0006135983534625539,0.28278846645293637,0.970232204296113,0.0021698139289732074,0.0024220447702058157
GBSA-TCL_vs_C0,GBSA-TCL,84004,cell,0.15,0.85,early_0_30,0.015908347033411426,0.01051148231338718,0.9999747582160821,1.5134256576877771,1.5016636976747015
GBSA-TCL_vs_C0,GBSA-TCL,84005,atomic_numbers,0.15,0.85,early_0_30,1.2557278839926185,0.1310942278937979,0.9936688229153832,9.578819023289942,8.87109455692089
GBSA-TCL_vs_C0,GBSA-TCL,84005,pos,0.15,0.85,early_0_30,0.0005955844402464306,0.08684880568775566,0.996514242829273,0.006857715952798634,0.006999443734097877
GBSA-TCL_vs_C0,GBSA-TCL,84005,cell,0.15,0.85,early_0_30,0.0034996697732135405,0.003227307750622121,0.9999956511562963,1.0843929502970138,1.0829669568676388
GBSA-TCL_vs_C0,GBSA-TCL,84006,atomic_numbers,0.15,0.85,early_0_30,1.2625356466396556,0.12239076882813953,0.9938470745399383,10.315611697909189,9.71498452145868
GBSA-TCL_vs_C0,GBSA-TCL,84006,pos,0.15,0.85,early_0_30,0.0007309509053607556,0.5880487406775048,0.8358225850331734,0.0012430107485964684,0.0013008571833785364
GBSA-TCL_vs_C0,GBSA-TCL,84006,cell,0.15,0.85,early_0_30,0.012594779283320824,0.013747522424966045,0.9999570940112686,0.9161490262745965,0.9068035090021808
GBSA-TCL_vs_C0,GBSA-TCL,84007,atomic_numbers,0.15,0.85,early_0_30,0.8830117997564207,0.08549707547733083,0.997073552523698,10.327976656821987,9.902389246551218
GBSA-TCL_vs_C0,GBSA-TCL,84007,pos,0.15,0.85,early_0_30,0.0005167673748300441,0.4326271553872688,0.9059686450812856,0.001194486680725015,0.001188640684729387
GBSA-TCL_vs_C0,GBSA-TCL,84007,cell,0.15,0.85,early_0_30,0.004881464530725863,0.006530835287609342,0.9999815274989965,0.7474487283406527,0.7492205491637526
GBSA-TCL_vs_C0,C0,84000,atomic_numbers,0.25,0.75,early_0_30,1.6385776403097738,0.12833974863752828,0.9956130934560949,12.767499217546634,11.589944489297764
GBSA-TCL_vs_C0,C0,84000,pos,0.25,0.75,early_0_30,0.0009225379065962285,0.6731425112669941,0.7816757396214491,0.0013704941987096023,0.0014183657829100636
GBSA-TCL_vs_C0,C0,84000,cell,0.25,0.75,early_0_30,0.007213465639478228,0.011014561374470445,0.9999400086299838,0.6549026687705969,0.6556218868265953
GBSA-TCL_vs_C0,C0,84001,atomic_numbers,0.25,0.75,early_0_30,1.7042193800540144,0.148942374291598,0.9948820977366608,11.44213920423686,10.131503053017422
GBSA-TCL_vs_C0,C0,84001,pos,0.25,0.75,early_0_30,0.0012790020087406425,0.8480167811625957,0.6506674497811604,0.00150822723930909,0.0015506988501815598
GBSA-TCL_vs_C0,C0,84001,cell,0.25,0.75,early_0_30,0.017289394170647454,0.015503151769661246,0.9998905227763387,1.1152180167958996,1.120255572429533
GBSA-TCL_vs_C0,C0,84002,atomic_numbers,0.25,0.75,early_0_30,0.8767716122452175,0.06666247071747032,0.9982146720541403,13.152401985836404,12.73955255266714
GBSA-TCL_vs_C0,C0,84002,pos,0.25,0.75,early_0_30,0.00212088279446816,1.1317418859843666,0.7502777950190956,0.001873998674727372,0.0031274038889340513
GBSA-TCL_vs_C0,C0,84002,cell,0.25,0.75,early_0_30,0.011505059399337877,0.012818920324303897,0.9999180789386786,0.8975061166052325,0.8980604016169492
GBSA-TCL_vs_C0,C0,84003,atomic_numbers,0.25,0.75,early_0_30,1.3174015180985446,0.10689583579080575,0.9964205249004654,12.324161258037108,11.473724707846092
GBSA-TCL_vs_C0,C0,84003,pos,0.25,0.75,early_0_30,0.0010861197634693075,0.7186325779699905,0.8256711862131981,0.0015113700613704477,0.0019206932613765621
GBSA-TCL_vs_C0,C0,84003,cell,0.25,0.75,early_0_30,0.00669981823777902,0.008120129941704487,0.9999783636002938,0.825087564592922,0.8289976996283535
GBSA-TCL_vs_C0,C0,84004,atomic_numbers,0.25,0.75,early_0_30,1.3350858719152054,0.09551597800453338,0.9971971528061845,13.977618193385815,13.108511393426857
GBSA-TCL_vs_C0,C0,84004,pos,0.25,0.75,early_0_30,0.0012814455427118687,0.8086951053893592,0.7117120451255669,0.0015845842693642817,0.0017626341396878274
GBSA-TCL_vs_C0,C0,84004,cell,0.25,0.75,early_0_30,0.011335963406453908,0.009141694893714936,0.9999740123034594,1.2400286312604425,1.2469666317266617
GBSA-TCL_vs_C0,C0,84005,atomic_numbers,0.25,0.75,early_0_30,2.1578655119245096,0.17767417218784257,0.9844911874534502,12.14507142683152,11.615136949900217
GBSA-TCL_vs_C0,C0,84005,pos,0.25,0.75,early_0_30,0.0008767938379529893,0.6288003372381762,0.8802301363556576,0.0013943914880899283,0.001802637316380485
GBSA-TCL_vs_C0,C0,84005,cell,0.25,0.75,early_0_30,0.009248197002803545,0.015976155741188477,0.9998729390654132,0.5788749904935244,0.5794172880624855
GBSA-TCL_vs_C0,C0,84006,atomic_numbers,0.25,0.75,early_0_30,1.1400784296070885,0.07064451294849222,0.9976048482724926,16.13824459994981,15.867918414192605
GBSA-TCL_vs_C0,C0,84006,pos,0.25,0.75,early_0_30,0.006162637428497101,1.7893952487584295,0.5098027663452277,0.003443977753251018,0.007159430836118658
GBSA-TCL_vs_C0,C0,84006,cell,0.25,0.75,early_0_30,0.01465379090449195,0.01643461387015468,0.9998687520501209,0.8916419345332649,0.8939858819852137
GBSA-TCL_vs_C0,C0,84007,atomic_numbers,0.25,0.75,early_0_30,1.3853379652920568,0.10826123249307996,0.9963557778547709,12.796251561061869,11.896450705709844
GBSA-TCL_vs_C0,C0,84007,pos,0.25,0.75,early_0_30,0.0021463455788481955,1.027698546763829,0.6537066299339721,0.002088497240369688,0.0028174785800279367
GBSA-TCL_vs_C0,C0,84007,cell,0.25,0.75,early_0_30,0.01036895640064896,0.0070177110275556655,0.9999759017544556,1.4775410899557324,1.475989755856476
GBSA-TCL_vs_C0,TCL,84000,atomic_numbers,0.25,0.75,early_0_30,1.1578311568535111,0.10670259971832959,0.9954612949687213,10.85101168959257,10.278136511635951
GBSA-TCL_vs_C0,TCL,84000,pos,0.25,0.75,early_0_30,0.0012578328302306513,1.0054390444093786,0.6793999648671223,0.0012510284310368466,0.001709881250113109
GBSA-TCL_vs_C0,TCL,84000,cell,0.25,0.75,early_0_30,0.02239545682153841,0.015182186199037585,0.9998995203000987,1.4751140927884339,1.4829845096023158
GBSA-TCL_vs_C0,TCL,84001,atomic_numbers,0.25,0.75,early_0_30,1.420297162355859,0.13217804594990262,0.9933112020104368,10.745333327852128,9.98222678793475
GBSA-TCL_vs_C0,TCL,84001,pos,0.25,0.75,early_0_30,0.0022006292458703215,1.3163634596783522,0.5048785478652243,0.0016717489608895982,0.0025054787868566742
GBSA-TCL_vs_C0,TCL,84001,cell,0.25,0.75,early_0_30,0.01911935287929693,0.014195381502277523,0.9999480972798839,1.3468713663123038,1.3334881213248906
GBSA-TCL_vs_C0,TCL,84002,atomic_numbers,0.25,0.75,early_0_30,1.1910369673405556,0.07230132469832433,0.9974045220090461,16.47323852377714,16.538833532638584
GBSA-TCL_vs_C0,TCL,84002,pos,0.25,0.75,early_0_30,0.0033666660326996663,1.0250428439746797,0.9126020266313167,0.0032844149417649406,0.0060846356684860145
GBSA-TCL_vs_C0,TCL,84002,cell,0.25,0.75,early_0_30,0.003332341807685134,0.004509513654390109,0.9999912411565166,0.7389581367474135,0.7401921686407137
GBSA-TCL_vs_C0,TCL,84003,atomic_numbers,0.25,0.75,early_0_30,2.062608279850083,0.11453703664306447,0.993685964822637,18.008221098629072,18.309303963420707
GBSA-TCL_vs_C0,TCL,84003,pos,0.25,0.75,early_0_30,0.010407897038362198,2.4017568898507373,0.3166165074444293,0.004333451517238708,0.010933842258397728
GBSA-TCL_vs_C0,TCL,84003,cell,0.25,0.75,early_0_30,0.04728009723398669,0.047108617841172276,0.999528146210707,1.0036400854169094,0.9673190395260428
GBSA-TCL_vs_C0,TCL,84004,atomic_numbers,0.25,0.75,early_0_30,1.6272189235216963,0.1604657807959469,0.9900507190934893,10.140597674160302,9.257518579747163
GBSA-TCL_vs_C0,TCL,84004,pos,0.25,0.75,early_0_30,0.0008783698929209901,0.540756512740782,0.8523246521671368,0.0016243353010563686,0.001607621984241031
GBSA-TCL_vs_C0,TCL,84004,cell,0.25,0.75,early_0_30,0.01803566231103307,0.013483351054357695,0.999944596368652,1.337624618562765,1.3488212618301108
GBSA-TCL_vs_C0,TCL,84005,atomic_numbers,0.25,0.75,early_0_30,2.23549365034005,0.1756373180305688,0.9907849936675095,12.727896755693875,11.187395112104078
GBSA-TCL_vs_C0,TCL,84005,pos,0.25,0.75,early_0_30,0.0007564826754959097,0.5804538061513839,0.8513450226188856,0.0013032607719667823,0.0014332870971576958
GBSA-TCL_vs_C0,TCL,84005,cell,0.25,0.75,early_0_30,0.010025648898236128,0.009451154401594235,0.999957163266485,1.0607856429205078,1.0627675764150004
GBSA-TCL_vs_C0,TCL,84006,atomic_numbers,0.25,0.75,early_0_30,1.401485510680009,0.10163298309696592,0.9975073890064091,13.78967209240411,12.746648267379442
GBSA-TCL_vs_C0,TCL,84006,pos,0.25,0.75,early_0_30,0.005168756309998212,1.26294014899665,0.876152183477099,0.004092637575980588,0.008363233967757238
GBSA-TCL_vs_C0,TCL,84006,cell,0.25,0.75,early_0_30,0.04971023961978215,0.07171647667239017,0.9974556339971906,0.6931494954341487,0.6967993101385198
GBSA-TCL_vs_C0,TCL,84007,atomic_numbers,0.25,0.75,early_0_30,0.8507794168147769,0.08367140568233668,0.9978629367237848,10.168102350817552,9.61496438653736
GBSA-TCL_vs_C0,TCL,84007,pos,0.25,0.75,early_0_30,0.0010297819338138305,0.8103844536383393,0.7646211274846993,0.001270732587712504,0.0015959305170100018
GBSA-TCL_vs_C0,TCL,84007,cell,0.25,0.75,early_0_30,0.013121328169008005,0.020895680890502297,0.9997816871383225,0.6279445134028648,0.6276650365910162
GBSA-TCL_vs_C0,GBSA-TCL,84000,atomic_numbers,0.25,0.75,early_0_30,1.1877768925551295,0.10078342984761947,0.9956478600520108,11.785438284358856,11.281984592561008
GBSA-TCL_vs_C0,GBSA-TCL,84000,pos,0.25,0.75,early_0_30,0.0017854756794389655,1.142819963205244,0.4812762879499469,0.0015623420459258323,0.0018975148298833544
GBSA-TCL_vs_C0,GBSA-TCL,84000,cell,0.25,0.75,early_0_30,0.0190966610629737,0.04237142045213079,0.999238094735014,0.4506967399062818,0.45778789790943425
GBSA-TCL_vs_C0,GBSA-TCL,84001,atomic_numbers,0.25,0.75,early_0_30,1.0008585881734113,0.0837501914767452,0.9969560596427934,11.950522984193036,11.548632290838462
GBSA-TCL_vs_C0,GBSA-TCL,84001,pos,0.25,0.75,early_0_30,0.0018141492757929789,1.3799720513383709,0.4551795234445046,0.0013146275491837094,0.0019843801554896173
GBSA-TCL_vs_C0,GBSA-TCL,84001,cell,0.25,0.75,early_0_30,0.00953738548264672,0.014020536981833929,0.9999681703157206,0.6802439517833077,0.6880648105465715
GBSA-TCL_vs_C0,GBSA-TCL,84002,atomic_numbers,0.25,0.75,early_0_30,1.1059706529891686,0.061121082088969526,0.9986172555151516,18.094749228740554,18.63392811145669
GBSA-TCL_vs_C0,GBSA-TCL,84002,pos,0.25,0.75,early_0_30,0.0019756547767989423,0.9183291911726081,0.8511364033014667,0.0021513579180427035,0.0034521464186524943
GBSA-TCL_vs_C0,GBSA-TCL,84002,cell,0.25,0.75,early_0_30,0.012401880175120037,0.010134874755674398,0.9999765056334519,1.2236836146570402,1.214519961875671
GBSA-TCL_vs_C0,GBSA-TCL,84003,atomic_numbers,0.25,0.75,early_0_30,1.0138633727503217,0.0827028496458699,0.9968847156932217,12.259110503345918,11.915941966084477
GBSA-TCL_vs_C0,GBSA-TCL,84003,pos,0.25,0.75,early_0_30,0.0026411937569722956,0.618812628746541,0.8516566712636122,0.004268163955092939,0.005039282659601848
GBSA-TCL_vs_C0,GBSA-TCL,84003,cell,0.25,0.75,early_0_30,0.010522842745626506,0.009152325075856444,0.9999589979569072,1.1497453006106007,1.1481717016274688
GBSA-TCL_vs_C0,GBSA-TCL,84004,atomic_numbers,0.25,0.75,early_0_30,1.442636493847034,0.11070187602786047,0.9945291817497806,13.031725799154152,12.482823075192744
GBSA-TCL_vs_C0,GBSA-TCL,84004,pos,0.25,0.75,early_0_30,0.0009133948721955057,1.0407717401424474,0.5542882872787881,0.0008776130605453332,0.0010348298282735783
GBSA-TCL_vs_C0,GBSA-TCL,84004,cell,0.25,0.75,early_0_30,0.007577822688837546,0.019838896411737722,0.9998034523438072,0.3819679548482401,0.3816160837512646
GBSA-TCL_vs_C0,GBSA-TCL,84005,atomic_numbers,0.25,0.75,early_0_30,1.1738414070642469,0.09323597269880815,0.9965318128827063,12.590005478424661,12.016871646090454
GBSA-TCL_vs_C0,GBSA-TCL,84005,pos,0.25,0.75,early_0_30,0.0004713959085397988,0.5851505566853756,0.8386823531826443,0.0008055976417591608,0.0008480257411412426
GBSA-TCL_vs_C0,GBSA-TCL,84005,cell,0.25,0.75,early_0_30,0.006686061586920107,0.01242525313588706,0.9999252096496806,0.5381026457810493,0.5392427739656909
GBSA-TCL_vs_C0,GBSA-TCL,84006,atomic_numbers,0.25,0.75,early_0_30,1.2607089434013554,0.07691668833393811,0.9977466591734134,16.39057752887017,15.737181116154773
GBSA-TCL_vs_C0,GBSA-TCL,84006,pos,0.25,0.75,early_0_30,0.004417711230897318,1.0547345723574861,0.9033319004063302,0.004188457785187688,0.007819453698971978
GBSA-TCL_vs_C0,GBSA-TCL,84006,cell,0.25,0.75,early_0_30,0.005184001666951261,0.004762365717799393,0.9999893274430833,1.0885349790705907,1.0872655843915793
GBSA-TCL_vs_C0,GBSA-TCL,84007,atomic_numbers,0.25,0.75,early_0_30,1.1297486150726501,0.10090232674040023,0.9960769698603441,11.196457520541104,10.609694690494182
GBSA-TCL_vs_C0,GBSA-TCL,84007,pos,0.25,0.75,early_0_30,0.0011386958208290377,0.5400140942144497,0.8617186355162385,0.0021086409281325913,0.0022068643008258467
GBSA-TCL_vs_C0,GBSA-TCL,84007,cell,0.25,0.75,early_0_30,0.013314590107198926,0.009968648060384389,0.9999703180416252,1.335646521629285,1.327158354945509
GBSA-TCL_vs_C0,C0,84000,atomic_numbers,0.35,0.65,mid_30_70,1.608023448833071,0.12177852807937953,0.9973167972494115,13.204490760349021,11.88402506631608
GBSA-TCL_vs_C0,C0,84000,pos,0.35,0.65,mid_30_70,0.014398768651544845,0.4596275994852386,0.9708031196876166,0.03132703229238364,0.042694664061275804
GBSA-TCL_vs_C0,C0,84000,cell,0.35,0.65,mid_30_70,0.010008874063549045,0.013233082674437534,0.9999539133858059,0.7563524168773824,0.7632059065965007
GBSA-TCL_vs_C0,C0,84001,atomic_numbers,0.35,0.65,mid_30_70,1.4160727249932663,0.13748137992026346,0.9942987715402448,10.30010555476357,9.347514896583363
GBSA-TCL_vs_C0,C0,84001,pos,0.35,0.65,mid_30_70,0.008066035920132756,0.21832835347589302,0.992044620004396,0.03694451861939854,0.043240812855793016
GBSA-TCL_vs_C0,C0,84001,cell,0.35,0.65,mid_30_70,0.02518221614824537,0.028649232888467324,0.999718515216363,0.8789839590568028,0.8928520523681706
GBSA-TCL_vs_C0,C0,84002,atomic_numbers,0.35,0.65,mid_30_70,1.1181894092630278,0.10583528605847989,0.9944506068419786,10.565374280229811,10.628642389089485
GBSA-TCL_vs_C0,C0,84002,pos,0.35,0.65,mid_30_70,0.023844695222636998,0.24077153812373606,0.9876946583097479,0.09903452629181966,0.11594532450734331
GBSA-TCL_vs_C0,C0,84002,cell,0.35,0.65,mid_30_70,0.034284657878087446,0.03449437631357664,0.9994067172409667,0.9939202137304146,0.991432055785933
GBSA-TCL_vs_C0,C0,84003,atomic_numbers,0.35,0.65,mid_30_70,0.7095319224892962,0.0650937436290481,0.997962690679559,10.900155420968401,10.737202374152487
GBSA-TCL_vs_C0,C0,84003,pos,0.35,0.65,mid_30_70,0.015865022892991937,0.2751033731078058,0.9931935339284027,0.05766931431544043,0.07164967497655046
GBSA-TCL_vs_C0,C0,84003,cell,0.35,0.65,mid_30_70,0.018036795236829505,0.01630930489597463,0.9998801511326127,1.1059205375013401,1.1001153596694848
GBSA-TCL_vs_C0,C0,84004,atomic_numbers,0.35,0.65,mid_30_70,1.1500331172236027,0.08037904629155916,0.9979829121120156,14.307623320785417,13.573369614233055
GBSA-TCL_vs_C0,C0,84004,pos,0.35,0.65,mid_30_70,0.025158610943575032,0.47930644199402334,0.9854094955947438,0.05248961570161568,0.07524277697141198
GBSA-TCL_vs_C0,C0,84004,cell,0.35,0.65,mid_30_70,0.02225061864965103,0.03906545840652624,0.9992541676283206,0.5695727007246346,0.5657781821844409
GBSA-TCL_vs_C0,C0,84005,atomic_numbers,0.35,0.65,mid_30_70,1.3748167644103306,0.14135535806355023,0.9906813756699229,9.725961458017341,9.26741935044979
GBSA-TCL_vs_C0,C0,84005,pos,0.35,0.65,mid_30_70,0.01896630147536715,1.4199766440183912,0.9767579068311614,0.013356770025240992,0.031795304882827786
GBSA-TCL_vs_C0,C0,84005,cell,0.35,0.65,mid_30_70,0.008142439326520154,0.006339787387308342,0.9999799903305877,1.28433949422666,1.2837781073788217
GBSA-TCL_vs_C0,C0,84006,atomic_numbers,0.35,0.65,mid_30_70,0.9043281166072904,0.06306552808495898,0.9982013973596664,14.339499629480967,14.032972612647555
GBSA-TCL_vs_C0,C0,84006,pos,0.35,0.65,mid_30_70,0.026735879001117274,0.3819802922237562,0.9723858315336356,0.06999282304715329,0.08922555696100666
GBSA-TCL_vs_C0,C0,84006,cell,0.35,0.65,mid_30_70,0.012705556221843295,0.016237719417645163,0.999881238989614,0.7824717187831474,0.7783770309029445
GBSA-TCL_vs_C0,C0,84007,atomic_numbers,0.35,0.65,mid_30_70,1.0441457765084659,0.11028378687879359,0.9939058696334802,9.467808515280897,9.442065312809817
GBSA-TCL_vs_C0,C0,84007,pos,0.35,0.65,mid_30_70,0.010115133555380539,0.19701740381783525,0.9935235885969621,0.05134131990051558,0.0592722099513455
GBSA-TCL_vs_C0,C0,84007,cell,0.35,0.65,mid_30_70,0.035125796592924925,0.03103209686219307,0.9995228573141822,1.1319182441622009,1.1347613113489279
GBSA-TCL_vs_C0,TCL,84000,atomic_numbers,0.35,0.65,mid_30_70,1.0878378857870894,0.09572180434748041,0.9964127366062738,11.364577728164432,10.815442885322675
GBSA-TCL_vs_C0,TCL,84000,pos,0.35,0.65,mid_30_70,0.011222740726859186,0.2512137155857554,0.9816825215953661,0.044674076416134786,0.05117043631179433
GBSA-TCL_vs_C0,TCL,84000,cell,0.35,0.65,mid_30_70,0.046061260147364114,0.07239969407958484,0.9978514803954531,0.6362079389000126,0.6544429774280625
GBSA-TCL_vs_C0,TCL,84001,atomic_numbers,0.35,0.65,mid_30_70,1.185756352483759,0.0923793194967633,0.9958140588835548,12.835733786990115,12.609996448614535
GBSA-TCL_vs_C0,TCL,84001,pos,0.35,0.65,mid_30_70,0.019247526412113122,0.34656679686284747,0.9879841881002307,0.05553771043949793,0.07209793230734365
GBSA-TCL_vs_C0,TCL,84001,cell,0.35,0.65,mid_30_70,0.013947904965865506,0.01528647527235286,0.9998896377968396,0.9124343393333915,0.9090483579403379
GBSA-TCL_vs_C0,TCL,84002,atomic_numbers,0.35,0.65,mid_30_70,0.9141145410627465,0.07755972459740593,0.9969907774260379,11.785943617098923,11.779636648284887
GBSA-TCL_vs_C0,TCL,84002,pos,0.35,0.65,mid_30_70,0.012233426298025494,0.1609893824879771,0.9947014038481716,0.07598902554296773,0.08500058856607819
GBSA-TCL_vs_C0,TCL,84002,cell,0.35,0.65,mid_30_70,0.017128428296206064,0.05187456269931272,0.9988699607999205,0.3301893530262569,0.3366804239554215
GBSA-TCL_vs_C0,TCL,84003,atomic_numbers,0.35,0.65,mid_30_70,0.9339573498448647,0.07615691521603729,0.9972740413399025,12.263592179324382,11.998971703981466
GBSA-TCL_vs_C0,TCL,84003,pos,0.35,0.65,mid_30_70,0.02538980803780787,0.5641469510518583,0.8944601235430472,0.04500566384426662,0.055736718791887845
GBSA-TCL_vs_C0,TCL,84003,cell,0.35,0.65,mid_30_70,0.008929649755976122,0.013824779247945961,0.9999350709891863,0.6459162635311416,0.6509302739538331
GBSA-TCL_vs_C0,TCL,84004,atomic_numbers,0.35,0.65,mid_30_70,1.6996724482388201,0.14398782030478138,0.9956861278822488,11.804279310854872,10.453633765589958
GBSA-TCL_vs_C0,TCL,84004,pos,0.35,0.65,mid_30_70,0.018776830788518783,0.3894698183003937,0.9806788387351997,0.04821126029857447,0.06351613310496017
GBSA-TCL_vs_C0,TCL,84004,cell,0.35,0.65,mid_30_70,0.01267950681005756,0.013926874413498179,0.9999126087204502,0.9104344904387415,0.9143424745146257
GBSA-TCL_vs_C0,TCL,84005,atomic_numbers,0.35,0.65,mid_30_70,1.8174913403265218,0.1593568165231488,0.9872457190254704,11.405168476508225,11.180108499674128
GBSA-TCL_vs_C0,TCL,84005,pos,0.35,0.65,mid_30_70,0.030387210711139107,1.152622193599762,0.986598926097149,0.02636354815990191,0.056091453730481786
GBSA-TCL_vs_C0,TCL,84005,cell,0.35,0.65,mid_30_70,0.02318409898244175,0.019883401401096748,0.9998145953065011,1.166002662963035,1.1600062772478468
GBSA-TCL_vs_C0,TCL,84006,atomic_numbers,0.35,0.65,mid_30_70,0.9302823469637536,0.07323428872251388,0.9975048164028838,12.70282490881575,12.423792340767234
GBSA-TCL_vs_C0,TCL,84006,pos,0.35,0.65,mid_30_70,0.016544617588344208,0.2891617135321982,0.9932034552518013,0.05721579591657095,0.07197211058383113
GBSA-TCL_vs_C0,TCL,84006,cell,0.35,0.65,mid_30_70,0.015336272015587953,0.024448481412381297,0.9997146371740807,0.6272893500788682,0.6238457861443344
GBSA-TCL_vs_C0,TCL,84007,atomic_numbers,0.35,0.65,mid_30_70,0.8183793919993998,0.062401097051082245,0.9980936355169278,13.114823787945033,13.210594067683099
GBSA-TCL_vs_C0,TCL,84007,pos,0.35,0.65,mid_30_70,0.023709555962182414,0.256744319746408,0.9962814867379858,0.09234695429912866,0.11433824915758663
GBSA-TCL_vs_C0,TCL,84007,cell,0.35,0.65,mid_30_70,0.01038988929035835,0.011626394007145737,0.9999520829782985,0.8936467561629673,0.8992091232619278
GBSA-TCL_vs_C0,GBSA-TCL,84000,atomic_numbers,0.35,0.65,mid_30_70,0.9335126574273833,0.06804355508408017,0.9976823755400327,13.719339859210166,13.684542472248344
GBSA-TCL_vs_C0,GBSA-TCL,84000,pos,0.35,0.65,mid_30_70,0.035051068689101,0.46826300590615044,0.9897590245208642,0.0748533799318026,0.10746949983083683
GBSA-TCL_vs_C0,GBSA-TCL,84000,cell,0.35,0.65,mid_30_70,0.012546904148714526,0.012012575055958458,0.9999480864906967,1.0444808120046694,1.037781389656864
GBSA-TCL_vs_C0,GBSA-TCL,84001,atomic_numbers,0.35,0.65,mid_30_70,1.514197801941085,0.1368932742263805,0.9922675856538142,11.061155564422073,10.336876229638483
GBSA-TCL_vs_C0,GBSA-TCL,84001,pos,0.35,0.65,mid_30_70,0.014543722468408954,0.3724490433020193,0.9768687030714064,0.03904889200269857,0.05005336003224888
GBSA-TCL_vs_C0,GBSA-TCL,84001,cell,0.35,0.65,mid_30_70,0.04676048345985092,0.05802401646270371,0.9989769599730962,0.8058815351037842,0.7757585200367823
GBSA-TCL_vs_C0,GBSA-TCL,84002,atomic_numbers,0.35,0.65,mid_30_70,0.8978960564550287,0.06104842129985481,0.9981363564572419,14.707932446684989,14.70640064650104
GBSA-TCL_vs_C0,GBSA-TCL,84002,pos,0.35,0.65,mid_30_70,0.017499766322791196,0.16795213659596342,0.9965938471161654,0.10419496100183455,0.11908503549334969
GBSA-TCL_vs_C0,GBSA-TCL,84002,cell,0.35,0.65,mid_30_70,0.011008194781630929,0.011978563825601538,0.9999480025115864,0.9189912031109557,0.9131681070096952
GBSA-TCL_vs_C0,GBSA-TCL,84003,atomic_numbers,0.35,0.65,mid_30_70,1.1675824442222582,0.09806303886632285,0.995221306343948,11.906447706703016,11.957241737689465
GBSA-TCL_vs_C0,GBSA-TCL,84003,pos,0.35,0.65,mid_30_70,0.048207956205234014,0.48349202620643167,0.9861848194932118,0.09970786195479292,0.143620697861632
GBSA-TCL_vs_C0,GBSA-TCL,84003,cell,0.35,0.65,mid_30_70,0.028731934399223332,0.03756180411752847,0.9994747419488638,0.7649242381788414,0.7790489473223385
GBSA-TCL_vs_C0,GBSA-TCL,84004,atomic_numbers,0.35,0.65,mid_30_70,1.9469589303139616,0.12248019292026187,0.9958334998837781,15.896112537816526,14.530112225194308
GBSA-TCL_vs_C0,GBSA-TCL,84004,pos,0.35,0.65,mid_30_70,0.01602847112858951,0.7227262901988976,0.9348792862167823,0.022177788944385025,0.03469557139329203
GBSA-TCL_vs_C0,GBSA-TCL,84004,cell,0.35,0.65,mid_30_70,0.015814761118884364,0.020514431333456814,0.999825948643748,0.7709090669792148,0.7641986474240262
GBSA-TCL_vs_C0,GBSA-TCL,84005,atomic_numbers,0.35,0.65,mid_30_70,1.4909299064983286,0.1267172936833033,0.9939414961126672,11.765796626185196,10.952524434174192
GBSA-TCL_vs_C0,GBSA-TCL,84005,pos,0.35,0.65,mid_30_70,0.009080069490893667,1.0440227512848381,0.9613518434194093,0.008697195036908134,0.017119709337111287
GBSA-TCL_vs_C0,GBSA-TCL,84005,cell,0.35,0.65,mid_30_70,0.0074671762774861285,0.00618010969355911,0.9999859350472765,1.2082595047250366,1.2120755790567745
GBSA-TCL_vs_C0,GBSA-TCL,84006,atomic_numbers,0.35,0.65,mid_30_70,1.1108840078915125,0.0971143846698093,0.9952793996105008,11.43892340633716,11.344828172735125
GBSA-TCL_vs_C0,GBSA-TCL,84006,pos,0.35,0.65,mid_30_70,0.015870379565686994,0.4043935977088977,0.961714003110576,0.03924488334039172,0.04941254468716053
GBSA-TCL_vs_C0,GBSA-TCL,84006,cell,0.35,0.65,mid_30_70,0.06299572877188966,0.0725117042602306,0.9973698754295054,0.8687663517852248,0.8683478550752152
GBSA-TCL_vs_C0,GBSA-TCL,84007,atomic_numbers,0.35,0.65,mid_30_70,1.3866298585336199,0.09309633933997637,0.9957394779196262,14.894569092237015,15.021875104971112
GBSA-TCL_vs_C0,GBSA-TCL,84007,pos,0.35,0.65,mid_30_70,0.04079704323727395,0.2526622844436233,0.9863876807952648,0.1614686708271927,0.19024530090227176
GBSA-TCL_vs_C0,GBSA-TCL,84007,cell,0.35,0.65,mid_30_70,0.0076041195309983906,0.008994437379402045,0.9999674238224648,0.8454247008726095,0.8487521873668485
GBSA-TCL_vs_C0,C0,84000,atomic_numbers,0.45,0.55,mid_30_70,0.9713737905394626,0.07987982160357401,0.9978889009045248,12.160440159220396,11.569203927182741
GBSA-TCL_vs_C0,C0,84000,pos,0.45,0.55,mid_30_70,0.1048596394920974,0.17563467361686616,0.9914110139594782,0.5970326777321933,0.6618960954394663
GBSA-TCL_vs_C0,C0,84000,cell,0.45,0.55,mid_30_70,0.05242292411597521,0.05398693686585348,0.99854373516041,0.9710297927484844,0.971601081603989
GBSA-TCL_vs_C0,C0,84001,atomic_numbers,0.45,0.55,mid_30_70,0.9533655108611199,0.07440340316284784,0.9975738806767827,12.813466458980033,12.445915834266524
GBSA-TCL_vs_C0,C0,84001,pos,0.45,0.55,mid_30_70,0.05278346817879763,0.2217880102586472,0.9853488371440693,0.2379906295080695,0.26824667552463377
GBSA-TCL_vs_C0,C0,84001,cell,0.45,0.55,mid_30_70,0.01652219415451903,0.03025749848053172,0.9996671646066038,0.5460528789301514,0.5545042310674501
GBSA-TCL_vs_C0,C0,84002,atomic_numbers,0.45,0.55,mid_30_70,0.942568762587554,0.07457717204849904,0.9981277866909342,12.63883755171868,13.154489590142619
GBSA-TCL_vs_C0,C0,84002,pos,0.45,0.55,mid_30_70,0.13172929223539087,0.24385475792736436,0.9912518894879699,0.5401957023722634,0.6462370721008646
GBSA-TCL_vs_C0,C0,84002,cell,0.45,0.55,mid_30_70,0.03507658880071967,0.025800430405721445,0.9997028043625049,1.3595350251576097,1.370615569185851
GBSA-TCL_vs_C0,C0,84003,atomic_numbers,0.45,0.55,mid_30_70,0.7823110055937627,0.06452765884457655,0.9982672017806549,12.123653943157352,11.78160384151321
GBSA-TCL_vs_C0,C0,84003,pos,0.45,0.55,mid_30_70,0.08565015974784726,0.28144353623076757,0.9655748454805952,0.3043244868754742,0.32654737270871775
GBSA-TCL_vs_C0,C0,84003,cell,0.45,0.55,mid_30_70,0.05604445218214803,0.04870554679911246,0.9988171829838347,1.1506790471587376,1.1460643461583668
GBSA-TCL_vs_C0,C0,84004,atomic_numbers,0.45,0.55,mid_30_70,0.9752023253815942,0.08779770224773714,0.996295784280853,11.10737867182314,10.869497094735062
GBSA-TCL_vs_C0,C0,84004,pos,0.45,0.55,mid_30_70,0.03932205709009428,0.1233520635880003,0.99346829526165,0.3187790779198568,0.3316319204956504
GBSA-TCL_vs_C0,C0,84004,cell,0.45,0.55,mid_30_70,0.05099429994307008,0.04160930173945226,0.9991366378297184,1.2255504853790744,1.2273284341520494
GBSA-TCL_vs_C0,C0,84005,atomic_numbers,0.45,0.55,mid_30_70,1.3708717240718673,0.1119908592306442,0.9937094597394169,12.240925138796989,12.155776434370337
GBSA-TCL_vs_C0,C0,84005,pos,0.45,0.55,mid_30_70,0.09232959835328902,0.23305308092187613,0.9950393935579531,0.39617411616300263,0.47770402363856357
GBSA-TCL_vs_C0,C0,84005,cell,0.45,0.55,mid_30_70,0.022656959534931968,0.03944320871613363,0.999224016607955,0.5744197866352717,0.5727688485528443
GBSA-TCL_vs_C0,C0,84006,atomic_numbers,0.45,0.55,mid_30_70,0.7559388607002117,0.06170789929012214,0.9981164337053522,12.250277021198457,12.145685463468421
GBSA-TCL_vs_C0,C0,84006,pos,0.45,0.55,mid_30_70,0.06574715658398944,0.1895395394227297,0.9876298643334472,0.34687831776014644,0.37952298190039413
GBSA-TCL_vs_C0,C0,84006,cell,0.45,0.55,mid_30_70,0.008686020694495372,0.01583898115578121,0.9999456832131552,0.5483951656401197,0.554905843371378
GBSA-TCL_vs_C0,C0,84007,atomic_numbers,0.45,0.55,mid_30_70,0.7559441059447134,0.07185634487787954,0.9975022657096484,10.520213729621883,10.63274980416097
GBSA-TCL_vs_C0,C0,84007,pos,0.45,0.55,mid_30_70,0.05914635774668494,0.17595126043403717,0.988563581414685,0.3361519411727003,0.3627785871366214
GBSA-TCL_vs_C0,C0,84007,cell,0.45,0.55,mid_30_70,0.08781006041601798,0.06773519185412422,0.9985514379277318,1.2963728013811102,1.2411537853825607
GBSA-TCL_vs_C0,TCL,84000,atomic_numbers,0.45,0.55,mid_30_70,0.6906695669092758,0.07310540391972487,0.9975392474703164,9.447585675987536,9.228667462793135
GBSA-TCL_vs_C0,TCL,84000,pos,0.45,0.55,mid_30_70,0.05673123807056117,0.15158676279522196,0.9957359480296623,0.37424928815980596,0.41767026881021035
GBSA-TCL_vs_C0,TCL,84000,cell,0.45,0.55,mid_30_70,0.040122735836946345,0.04464114629532817,0.9993099309731804,0.8987837268225639,0.8759075774501603
GBSA-TCL_vs_C0,TCL,84001,atomic_numbers,0.45,0.55,mid_30_70,0.8842516232550528,0.07689138239706289,0.9970937168046932,11.50000943784345,11.346984413677854
GBSA-TCL_vs_C0,TCL,84001,pos,0.45,0.55,mid_30_70,0.10939175966998857,0.33023684091445504,0.9645854122362771,0.33125244102709167,0.38534088117909576
GBSA-TCL_vs_C0,TCL,84001,cell,0.45,0.55,mid_30_70,0.04767073560664554,0.03446358684183914,0.9996026933638074,1.3832203776529957,1.4101019757717967
GBSA-TCL_vs_C0,TCL,84002,atomic_numbers,0.45,0.55,mid_30_70,0.7177980128228537,0.05606805611155705,0.9984589311495177,12.802263224440516,12.884843370853995
GBSA-TCL_vs_C0,TCL,84002,pos,0.45,0.55,mid_30_70,0.08630349278936025,0.20344605128752763,0.9913202290802842,0.42420824706687804,0.4863893693824753
GBSA-TCL_vs_C0,TCL,84002,cell,0.45,0.55,mid_30_70,0.006625921493421306,0.012747086577333724,0.999936531690847,0.5197988931214456,0.5166664175294386
GBSA-TCL_vs_C0,TCL,84003,atomic_numbers,0.45,0.55,mid_30_70,1.247516929409059,0.11269781343627121,0.9945801340685296,11.069575277203668,11.490875864863497
GBSA-TCL_vs_C0,TCL,84003,pos,0.45,0.55,mid_30_70,0.10025072650873734,0.2708497730916655,0.964643670313233,0.3701340612709643,0.3801534824614312
GBSA-TCL_vs_C0,TCL,84003,cell,0.45,0.55,mid_30_70,0.03426098911961398,0.029916534604264872,0.9997772465346814,1.1452191763791306,1.1206826807072208
GBSA-TCL_vs_C0,TCL,84004,atomic_numbers,0.45,0.55,mid_30_70,1.0471882904751837,0.097092509204622,0.9962733906029851,10.785469435837113,11.226122402402424
GBSA-TCL_vs_C0,TCL,84004,pos,0.45,0.55,mid_30_70,0.2305927287532244,0.5889986049478575,0.9615597311069102,0.39149961785331927,0.5804499229166552
GBSA-TCL_vs_C0,TCL,84004,cell,0.45,0.55,mid_30_70,0.0380435822695783,0.052445949315475505,0.999161869393739,0.7253864743821611,0.7009949111975505
GBSA-TCL_vs_C0,TCL,84005,atomic_numbers,0.45,0.55,mid_30_70,1.1353389178512971,0.1363590436490882,0.9920057211506109,8.326099153152054,7.829380770379988
GBSA-TCL_vs_C0,TCL,84005,pos,0.45,0.55,mid_30_70,0.08795991771245575,0.2836849336835463,0.9975867672099897,0.3100619993114474,0.39459855342334144
GBSA-TCL_vs_C0,TCL,84005,cell,0.45,0.55,mid_30_70,0.037126948505591194,0.026003370731944413,0.9996829906552139,1.4277744561777825,1.4366031514760476
GBSA-TCL_vs_C0,TCL,84006,atomic_numbers,0.45,0.55,mid_30_70,0.9395405648720878,0.07150165725583739,0.9975536399011043,13.140122913659935,13.30540815766335
GBSA-TCL_vs_C0,TCL,84006,pos,0.45,0.55,mid_30_70,0.06386418568550134,0.19839049363482425,0.9904544471868509,0.32191152164304615,0.36477040756712564
GBSA-TCL_vs_C0,TCL,84006,cell,0.45,0.55,mid_30_70,0.02112962225586808,0.029517861076410294,0.9997082769969775,0.715824978008118,0.7277629105162733
GBSA-TCL_vs_C0,TCL,84007,atomic_numbers,0.45,0.55,mid_30_70,0.7298502968039375,0.07036629295545621,0.9975802213569696,10.372157835086643,10.234526028998117
GBSA-TCL_vs_C0,TCL,84007,pos,0.45,0.55,mid_30_70,0.05355864772198103,0.20149055465368745,0.9821876524591744,0.2658122005472422,0.2804124957487368
GBSA-TCL_vs_C0,TCL,84007,cell,0.45,0.55,mid_30_70,0.03060027980310284,0.03082254742664045,0.9995331592942773,0.9927887977440338,0.9963661030452738
GBSA-TCL_vs_C0,GBSA-TCL,84000,atomic_numbers,0.45,0.55,mid_30_70,0.8573017486367033,0.06873422225258144,0.9976540385381928,12.47270603406742,12.520306081469855
GBSA-TCL_vs_C0,GBSA-TCL,84000,pos,0.45,0.55,mid_30_70,0.14618100743621157,0.322383082121069,0.9788506923863997,0.4534388295888126,0.5568266610106838
GBSA-TCL_vs_C0,GBSA-TCL,84000,cell,0.45,0.55,mid_30_70,0.034274895353744145,0.03693273172314537,0.9993180577554455,0.9280357491743405,0.9266797116739438
GBSA-TCL_vs_C0,GBSA-TCL,84001,atomic_numbers,0.45,0.55,mid_30_70,0.9701725399396972,0.07130330994348699,0.9977726736087358,13.60627635250915,13.918695039641285
GBSA-TCL_vs_C0,GBSA-TCL,84001,pos,0.45,0.55,mid_30_70,0.0865440146293645,0.2239313864148217,0.9909032542139768,0.38647558975518526,0.45213205978548066
GBSA-TCL_vs_C0,GBSA-TCL,84001,cell,0.45,0.55,mid_30_70,0.012400047336745027,0.010397772065053585,0.9999673031417345,1.1925677211583618,1.2003235075242455
GBSA-TCL_vs_C0,GBSA-TCL,84002,atomic_numbers,0.45,0.55,mid_30_70,0.7814036589564866,0.06286494943244247,0.9980502200341138,12.429878111907481,12.312423821138836
GBSA-TCL_vs_C0,GBSA-TCL,84002,pos,0.45,0.55,mid_30_70,0.13885012966577542,0.3113218821777872,0.9628971879925019,0.4460018315914009,0.49868096410348284
GBSA-TCL_vs_C0,GBSA-TCL,84002,cell,0.45,0.55,mid_30_70,0.01164207473720409,0.017233651668909368,0.9999433309114069,0.6755431153460734,0.6846599696946996
GBSA-TCL_vs_C0,GBSA-TCL,84003,atomic_numbers,0.45,0.55,mid_30_70,0.8865337795858862,0.0745662760602214,0.9974700444002093,11.889205501826348,12.126730937635738
GBSA-TCL_vs_C0,GBSA-TCL,84003,pos,0.45,0.55,mid_30_70,0.1429769133052265,0.2733840560255594,0.987057450393208,0.5229892166493395,0.6320141039873184
GBSA-TCL_vs_C0,GBSA-TCL,84003,cell,0.45,0.55,mid_30_70,0.04059292321785347,0.05566039921191376,0.9987028629177935,0.729296300288928,0.7119534831788654
GBSA-TCL_vs_C0,GBSA-TCL,84004,atomic_numbers,0.45,0.55,mid_30_70,1.1883314721713791,0.09294868167967966,0.9958634249313324,12.784812551366938,12.481586826781824
GBSA-TCL_vs_C0,GBSA-TCL,84004,pos,0.45,0.55,mid_30_70,0.08762259625586476,0.30024387911595934,0.9891585072309804,0.291838076812295,0.36510056330023105
GBSA-TCL_vs_C0,GBSA-TCL,84004,cell,0.45,0.55,mid_30_70,0.052661477978916765,0.07064101191166448,0.9980791787580633,0.7454802324288494,0.7693529285681608
GBSA-TCL_vs_C0,GBSA-TCL,84005,atomic_numbers,0.45,0.55,mid_30_70,1.3841220691560392,0.13979946022952336,0.9908214638028535,9.900768335468404,9.456911983664218
GBSA-TCL_vs_C0,GBSA-TCL,84005,pos,0.45,0.55,mid_30_70,0.026688859255708835,0.14755760421838435,0.9896942158575676,0.18087078193685965,0.18544710632695366
GBSA-TCL_vs_C0,GBSA-TCL,84005,cell,0.45,0.55,mid_30_70,0.010923926486284897,0.005680450640766933,0.9999844366207201,1.9230739209116743,1.925098175648764
GBSA-TCL_vs_C0,GBSA-TCL,84006,atomic_numbers,0.45,0.55,mid_30_70,0.9377898027294856,0.0631823403971952,0.9980466883413317,14.842593624010744,14.673419227536769
GBSA-TCL_vs_C0,GBSA-TCL,84006,pos,0.45,0.55,mid_30_70,0.07384767377969956,0.19825304878749705,0.9864920706876252,0.372491995615438,0.409057728639073
GBSA-TCL_vs_C0,GBSA-TCL,84006,cell,0.45,0.55,mid_30_70,0.02724885666624243,0.024903297542528693,0.9998600296396759,1.0941866883174045,1.1142168483904429
GBSA-TCL_vs_C0,GBSA-TCL,84007,atomic_numbers,0.45,0.55,mid_30_70,0.9215367397542111,0.07307849106861557,0.9978822583074671,12.610232180204063,13.003556991071617
GBSA-TCL_vs_C0,GBSA-TCL,84007,pos,0.45,0.55,mid_30_70,0.15571399951128173,0.3748190119597134,0.9330767475412477,0.4154378367765889,0.43144686286396433
GBSA-TCL_vs_C0,GBSA-TCL,84007,cell,0.45,0.55,mid_30_70,0.11504433097057935,0.10134042285159796,0.9948821243252859,1.1352264746225629,1.138233561513603
GBSA-TCL_vs_C0,C0,84000,atomic_numbers,0.55,0.44999999999999996,mid_30_70,0.6757614814166661,0.05586827995633668,0.9984853175592565,12.095619946502753,11.959906531268627
GBSA-TCL_vs_C0,C0,84000,pos,0.55,0.44999999999999996,mid_30_70,0.04821617719716102,0.05328697442936185,0.9998855837401578,0.9048398358791646,0.9509689500615469
GBSA-TCL_vs_C0,C0,84000,cell,0.55,0.44999999999999996,mid_30_70,0.01664187048091022,0.014300118442463074,0.9999467326050262,1.1637575274547027,1.175213881848589
GBSA-TCL_vs_C0,C0,84001,atomic_numbers,0.55,0.44999999999999996,mid_30_70,0.6197163788523247,0.04301027608845845,0.9990797634194297,14.408565468814137,14.349159335993763
GBSA-TCL_vs_C0,C0,84001,pos,0.55,0.44999999999999996,mid_30_70,0.05566252679874961,0.06953012040672707,0.9996457515975398,0.8005527169109323,0.8516921968488947
GBSA-TCL_vs_C0,C0,84001,cell,0.55,0.44999999999999996,mid_30_70,0.009066435557844942,0.009161418372158834,0.9999832581753345,0.9896323025043217,0.9966447865701721
GBSA-TCL_vs_C0,C0,84002,atomic_numbers,0.55,0.44999999999999996,mid_30_70,0.5172391295417402,0.03896136821332575,0.9992520578167735,13.27569213457016,13.328962877108346
GBSA-TCL_vs_C0,C0,84002,pos,0.55,0.44999999999999996,mid_30_70,0.04294773577089415,0.0517906781506333,0.9998025024221611,0.8292560998328804,0.8687522559159306
GBSA-TCL_vs_C0,C0,84002,cell,0.55,0.44999999999999996,mid_30_70,0.024043244930648543,0.026565198815729038,0.9997145738885744,0.9050654993183311,0.9153207060237365
GBSA-TCL_vs_C0,C0,84003,atomic_numbers,0.55,0.44999999999999996,mid_30_70,0.6896067112706296,0.0674448064877285,0.997763539719439,10.22475631828082,10.109932669233581
GBSA-TCL_vs_C0,C0,84003,pos,0.55,0.44999999999999996,mid_30_70,0.06254500426906195,0.16003318732269722,0.9897743452641838,0.39082521141657794,0.41518414172083723
GBSA-TCL_vs_C0,C0,84003,cell,0.55,0.44999999999999996,mid_30_70,0.18254744587193678,0.1654840419126445,0.9890439712496011,1.1031120811534183,1.008529017823985
GBSA-TCL_vs_C0,C0,84004,atomic_numbers,0.55,0.44999999999999996,mid_30_70,0.6993235317974773,0.05460508382023626,0.9985514490062277,12.806930836324677,12.907636209956745
GBSA-TCL_vs_C0,C0,84004,pos,0.55,0.44999999999999996,mid_30_70,0.06385965173441399,0.07370710142215026,0.9991315192882787,0.8663975451790465,0.9183212800175562
GBSA-TCL_vs_C0,C0,84004,cell,0.55,0.44999999999999996,mid_30_70,0.016269809214759033,0.010003072913477157,0.9999654188531848,1.6264811179011494,1.6354661720152055
GBSA-TCL_vs_C0,C0,84005,atomic_numbers,0.55,0.44999999999999996,mid_30_70,0.7180405896381127,0.0875748196378481,0.9961613098146306,8.199167210477356,8.146463468898913
GBSA-TCL_vs_C0,C0,84005,pos,0.55,0.44999999999999996,mid_30_70,0.02103578679331278,0.04923836941865212,0.9999682652153763,0.42722346498631536,0.4479685210427137
GBSA-TCL_vs_C0,C0,84005,cell,0.55,0.44999999999999996,mid_30_70,0.020440622886486917,0.021131660323278966,0.9998094316384462,0.9672984788596667,0.9749395010509774
GBSA-TCL_vs_C0,C0,84006,atomic_numbers,0.55,0.44999999999999996,mid_30_70,0.9420612929949063,0.08185353509419914,0.9971833179242159,11.509109434439923,11.853967974611853
GBSA-TCL_vs_C0,C0,84006,pos,0.55,0.44999999999999996,mid_30_70,0.11527746301438271,0.16850553132236143,0.9872095851807884,0.6841167889845102,0.7126925998755865
GBSA-TCL_vs_C0,C0,84006,cell,0.55,0.44999999999999996,mid_30_70,0.04137971406993742,0.037482278208646816,0.9993454804169518,1.1039807623110676,1.114092417010961
GBSA-TCL_vs_C0,C0,84007,atomic_numbers,0.55,0.44999999999999996,mid_30_70,0.7237018498751506,0.07485802554477095,0.9976966631144667,9.667658806233415,9.339312856630942
GBSA-TCL_vs_C0,C0,84007,pos,0.55,0.44999999999999996,mid_30_70,0.13681307586183014,0.26026490311971606,0.975819114491941,0.5256685562359484,0.5872252285728048
GBSA-TCL_vs_C0,C0,84007,cell,0.55,0.44999999999999996,mid_30_70,0.271728488484711,0.3484004654710836,0.9374711248775722,0.7799314737346806,0.7192072574179902
GBSA-TCL_vs_C0,TCL,84000,atomic_numbers,0.55,0.44999999999999996,mid_30_70,0.6928951617501797,0.05114023050375083,0.9986990720294883,13.548925277123267,13.478545827775724
GBSA-TCL_vs_C0,TCL,84000,pos,0.55,0.44999999999999996,mid_30_70,0.05190685604143529,0.06384493294879133,0.9986895773104734,0.8130144969071965,0.8429829154571612
GBSA-TCL_vs_C0,TCL,84000,cell,0.55,0.44999999999999996,mid_30_70,0.012373479176813874,0.011228896008259086,0.9999681383678535,1.101931941280151,1.1105990150376717
GBSA-TCL_vs_C0,TCL,84001,atomic_numbers,0.55,0.44999999999999996,mid_30_70,0.6615665868368075,0.05345487263708625,0.9987617096690815,12.376169920528849,12.60285369670561
GBSA-TCL_vs_C0,TCL,84001,pos,0.55,0.44999999999999996,mid_30_70,0.05648372320245095,0.05857210669006852,0.999763191345469,0.9643450849622304,1.0165573270706914
GBSA-TCL_vs_C0,TCL,84001,cell,0.55,0.44999999999999996,mid_30_70,0.011758099260684593,0.015690820590318334,0.9998894288490557,0.7493616533949577,0.7530309785614195
GBSA-TCL_vs_C0,TCL,84002,atomic_numbers,0.55,0.44999999999999996,mid_30_70,0.780706219603873,0.0715544258487812,0.9981635684212966,10.910662902302795,11.306169979534843
GBSA-TCL_vs_C0,TCL,84002,pos,0.55,0.44999999999999996,mid_30_70,0.0959950913667979,0.10462148150661349,0.9966208720436762,0.9175466642644489,0.9739016015990971
GBSA-TCL_vs_C0,TCL,84002,cell,0.55,0.44999999999999996,mid_30_70,0.029953212255646493,0.021840557753389587,0.9998850556795611,1.3714490533556931,1.3928512959801858
GBSA-TCL_vs_C0,TCL,84003,atomic_numbers,0.55,0.44999999999999996,mid_30_70,0.9749541842548599,0.07669917703982253,0.997460505923696,12.711403458066572,13.040945970447154
GBSA-TCL_vs_C0,TCL,84003,pos,0.55,0.44999999999999996,mid_30_70,0.094235192065595,0.09621669265175042,0.9954483463172185,0.9794058543112957,0.9619893166844745
GBSA-TCL_vs_C0,TCL,84003,cell,0.55,0.44999999999999996,mid_30_70,0.04977850848060842,0.03171644087907177,0.9995191010700036,1.5694859543163613,1.5791851950511224
GBSA-TCL_vs_C0,TCL,84004,atomic_numbers,0.55,0.44999999999999996,mid_30_70,0.931582523125422,0.06815006636024226,0.9984325514432022,13.669576170345351,14.179682160011856
GBSA-TCL_vs_C0,TCL,84004,pos,0.55,0.44999999999999996,mid_30_70,0.0505367245268218,0.06345613480500403,0.9997292667950229,0.7964040779054283,0.8432052366146567
GBSA-TCL_vs_C0,TCL,84004,cell,0.55,0.44999999999999996,mid_30_70,0.02409091300181835,0.02655258179660714,0.9999453643799366,0.9072907932778371,0.929386764654326
GBSA-TCL_vs_C0,TCL,84005,atomic_numbers,0.55,0.44999999999999996,mid_30_70,0.90353357523933,0.07082327680037122,0.9974898861439243,12.757579373037341,12.70747167293703
GBSA-TCL_vs_C0,TCL,84005,pos,0.55,0.44999999999999996,mid_30_70,0.06326293143325198,0.0665045638228927,0.9998004599776472,0.9512569934557655,1.0114087990322032
GBSA-TCL_vs_C0,TCL,84005,cell,0.55,0.44999999999999996,mid_30_70,0.01593911236503101,0.03464871660373392,0.9994133175867601,0.46002028148174856,0.4621633295298106
GBSA-TCL_vs_C0,TCL,84006,atomic_numbers,0.55,0.44999999999999996,mid_30_70,0.8165878195096038,0.0625302860592297,0.9985696261028618,13.059076984489069,13.463828974866702
GBSA-TCL_vs_C0,TCL,84006,pos,0.55,0.44999999999999996,mid_30_70,0.04668902386736089,0.061245170474780536,0.9996132299808478,0.7623298866738633,0.8036332557079446
GBSA-TCL_vs_C0,TCL,84006,cell,0.55,0.44999999999999996,mid_30_70,0.009325472641501187,0.009911455455007502,0.9999691475844933,0.9408782276057889,0.9465361111867336
GBSA-TCL_vs_C0,TCL,84007,atomic_numbers,0.55,0.44999999999999996,mid_30_70,0.7699273857082154,0.06810581297015476,0.9976810210034189,11.304870349989246,11.305930578767843
GBSA-TCL_vs_C0,TCL,84007,pos,0.55,0.44999999999999996,mid_30_70,0.12003800552853479,0.13043649552625802,0.9927492769596613,0.920279290272484,0.9602131474671838
GBSA-TCL_vs_C0,TCL,84007,cell,0.55,0.44999999999999996,mid_30_70,0.029814028471836063,0.0349710936774071,0.9995958309858317,0.8525334879960381,0.8695522193646742
GBSA-TCL_vs_C0,GBSA-TCL,84000,atomic_numbers,0.55,0.44999999999999996,mid_30_70,0.7088256795695446,0.05273916980723557,0.9986187989537529,13.440213074273636,13.483131113144749
GBSA-TCL_vs_C0,GBSA-TCL,84000,pos,0.55,0.44999999999999996,mid_30_70,0.08042190810082674,0.073379300470994,0.999624202149368,1.0959753988472076,1.1701628947948388
GBSA-TCL_vs_C0,GBSA-TCL,84000,cell,0.55,0.44999999999999996,mid_30_70,0.01915534792914336,0.01729263080582569,0.9999138685098217,1.1077173938560083,1.1200944848387349
GBSA-TCL_vs_C0,GBSA-TCL,84001,atomic_numbers,0.55,0.44999999999999996,mid_30_70,0.8047752048205131,0.06079392482229736,0.9983874756716957,13.23775701557183,13.504450797893066
GBSA-TCL_vs_C0,GBSA-TCL,84001,pos,0.55,0.44999999999999996,mid_30_70,0.09804452015018085,0.13722076730978117,0.9927902945910795,0.7145020544072719,0.7570787364469421
GBSA-TCL_vs_C0,GBSA-TCL,84001,cell,0.55,0.44999999999999996,mid_30_70,0.03556772198846448,0.05041520875469335,0.9995171361956899,0.7054958784665022,0.7331643733268823
GBSA-TCL_vs_C0,GBSA-TCL,84002,atomic_numbers,0.55,0.44999999999999996,mid_30_70,0.657029899341849,0.05303667798400589,0.9986017905842485,12.388217443407527,12.424072275233256
GBSA-TCL_vs_C0,GBSA-TCL,84002,pos,0.55,0.44999999999999996,mid_30_70,0.08433242387590913,0.08966867319831383,0.9960780698850042,0.9404892574845743,0.9504942046208292
GBSA-TCL_vs_C0,GBSA-TCL,84002,cell,0.55,0.44999999999999996,mid_30_70,0.011942579619926763,0.009089529974198441,0.9999872329870226,1.3138830779838993,1.32379335695064
GBSA-TCL_vs_C0,GBSA-TCL,84003,atomic_numbers,0.55,0.44999999999999996,mid_30_70,0.9295878112506523,0.07031567732299157,0.9979834440839467,13.220207024112668,13.593499782284258
GBSA-TCL_vs_C0,GBSA-TCL,84003,pos,0.55,0.44999999999999996,mid_30_70,0.04522456208670519,0.05133291186441868,0.9996037174229311,0.8810051961625133,0.9184742854850622
GBSA-TCL_vs_C0,GBSA-TCL,84003,cell,0.55,0.44999999999999996,mid_30_70,0.028740762529355337,0.021972235814379803,0.999955936935805,1.3080490657462291,1.333977033197428
GBSA-TCL_vs_C0,GBSA-TCL,84004,atomic_numbers,0.55,0.44999999999999996,mid_30_70,0.8260252417735022,0.059466771479449246,0.9983272830005351,13.89053451571628,13.67399599083297
GBSA-TCL_vs_C0,GBSA-TCL,84004,pos,0.55,0.44999999999999996,mid_30_70,0.031037098780140458,0.04610353583108846,0.9996510006358488,0.6732043046297453,0.6984059614927771
GBSA-TCL_vs_C0,GBSA-TCL,84004,cell,0.55,0.44999999999999996,mid_30_70,0.017273746531426958,0.014645373664220994,0.9998983112961789,1.1794677914997238,1.1754147385393534
GBSA-TCL_vs_C0,GBSA-TCL,84005,atomic_numbers,0.55,0.44999999999999996,mid_30_70,1.1153664760923123,0.09699939804105848,0.995298468527846,11.498694823035846,11.3838698720738
GBSA-TCL_vs_C0,GBSA-TCL,84005,pos,0.55,0.44999999999999996,mid_30_70,0.07865000787590741,0.11003506209597874,0.9970983266097369,0.7147722405727772,0.7694890425382279
GBSA-TCL_vs_C0,GBSA-TCL,84005,cell,0.55,0.44999999999999996,mid_30_70,0.02732943329894944,0.051343332801147765,0.9992658403943085,0.5322878708477315,0.5500913494371805
GBSA-TCL_vs_C0,GBSA-TCL,84006,atomic_numbers,0.55,0.44999999999999996,mid_30_70,0.7318375524846381,0.05940141383920602,0.9982378455365698,12.320204270990134,12.265151617057182
GBSA-TCL_vs_C0,GBSA-TCL,84006,pos,0.55,0.44999999999999996,mid_30_70,0.0989898257462342,0.10449692937364377,0.9958097237291944,0.9472988951884113,0.9912276984759071
GBSA-TCL_vs_C0,GBSA-TCL,84006,cell,0.55,0.44999999999999996,mid_30_70,0.03411224587520214,0.03556085525556779,0.9996597729860524,0.9592639330534987,0.9821239124869595
GBSA-TCL_vs_C0,GBSA-TCL,84007,atomic_numbers,0.55,0.44999999999999996,mid_30_70,0.8181243282703626,0.06385694232127959,0.9981396121421293,12.811830609649036,13.03121615463218
GBSA-TCL_vs_C0,GBSA-TCL,84007,pos,0.55,0.44999999999999996,mid_30_70,0.05587642865946649,0.07497452276846993,0.9993967948235094,0.7452722150965793,0.7943433663917296
GBSA-TCL_vs_C0,GBSA-TCL,84007,cell,0.55,0.44999999999999996,mid_30_70,0.054317654444767244,0.060349973720396397,0.9987965273094778,0.9000443760990335,0.930611834514422
GBSA-TCL_vs_C0,C0,84000,atomic_numbers,0.65,0.35,mid_30_70,0.590986664955438,0.04914473553875831,0.9988147222472525,12.025431787894197,12.09278697850204
GBSA-TCL_vs_C0,C0,84000,pos,0.65,0.35,mid_30_70,0.039828411587634,0.04358927058922604,0.9996653818370347,0.9137205337287381,0.9454719280064826
GBSA-TCL_vs_C0,C0,84000,cell,0.65,0.35,mid_30_70,0.015174170232403665,0.013692729610160988,0.9999503480793047,1.1081917677789634,1.1185436894549325
GBSA-TCL_vs_C0,C0,84001,atomic_numbers,0.65,0.35,mid_30_70,0.687243376440974,0.050163469335561275,0.9987941544617617,13.700076680178535,13.824698310113185
GBSA-TCL_vs_C0,C0,84001,pos,0.65,0.35,mid_30_70,0.06457094316389919,0.0710408845614139,0.9987737426019446,0.9089265084822877,0.9541207879648994
GBSA-TCL_vs_C0,C0,84001,cell,0.65,0.35,mid_30_70,0.07435619177806531,0.047572516620776856,0.9992393653280772,1.5630073214497746,1.5192296188193761
GBSA-TCL_vs_C0,C0,84002,atomic_numbers,0.65,0.35,mid_30_70,0.5723948744148472,0.049246005742369196,0.9989378395192559,11.623173611466784,11.81280923348371
GBSA-TCL_vs_C0,C0,84002,pos,0.65,0.35,mid_30_70,0.046111331917284025,0.04591130094880695,0.9997303251989159,1.0043569004655326,1.0438637915450546
GBSA-TCL_vs_C0,C0,84002,cell,0.65,0.35,mid_30_70,0.02714531060872655,0.03417582667154713,0.9994610591540951,0.794283950161949,0.8014076721800264
GBSA-TCL_vs_C0,C0,84003,atomic_numbers,0.65,0.35,mid_30_70,0.5923446271101318,0.058018666565320995,0.9983167157875185,10.209552583274794,10.17644962518327
GBSA-TCL_vs_C0,C0,84003,pos,0.65,0.35,mid_30_70,0.11071139206783706,0.12357736772189946,0.9954955224612204,0.8958872818604114,0.9628629314954747
GBSA-TCL_vs_C0,C0,84003,cell,0.65,0.35,mid_30_70,0.06347966889335589,0.0743925710035866,0.997922098336841,0.8533065605474963,0.8832641912657461
GBSA-TCL_vs_C0,C0,84004,atomic_numbers,0.65,0.35,mid_30_70,0.6367917349873252,0.05344066832493002,0.9986060571011457,11.91586398425078,11.998922378113779
GBSA-TCL_vs_C0,C0,84004,pos,0.65,0.35,mid_30_70,0.05289880368246266,0.058643590838633,0.9992606846698732,0.9020389598587506,0.9413170862082347
GBSA-TCL_vs_C0,C0,84004,cell,0.65,0.35,mid_30_70,0.0162344109733921,0.010462958068007776,0.999986967619569,1.5516081463646019,1.5657585255473325
GBSA-TCL_vs_C0,C0,84005,atomic_numbers,0.65,0.35,mid_30_70,0.6913590632136136,0.05719934065393682,0.9983737040682163,12.086836234641632,12.123636175062419
GBSA-TCL_vs_C0,C0,84005,pos,0.65,0.35,mid_30_70,0.05244189473221902,0.05036707457985496,0.9999753087135297,1.0411939778053718,1.0930972408996937
GBSA-TCL_vs_C0,C0,84005,cell,0.65,0.35,mid_30_70,0.029603895507339037,0.032978802986431695,0.9996546285567139,0.8976643427452118,0.9152396512754785
GBSA-TCL_vs_C0,C0,84006,atomic_numbers,0.65,0.35,mid_30_70,0.5527866419420717,0.04839586264034107,0.9988282675036629,11.42218800913135,11.411771503580045
GBSA-TCL_vs_C0,C0,84006,pos,0.65,0.35,mid_30_70,0.06375630983665782,0.0611859722141625,0.9990772262726075,1.0420086096450123,1.0864555453448286
GBSA-TCL_vs_C0,C0,84006,cell,0.65,0.35,mid_30_70,0.015412272493413605,0.012475398818202586,0.9999678241601069,1.2354132094699761,1.2471769857155595
GBSA-TCL_vs_C0,C0,84007,atomic_numbers,0.65,0.35,mid_30_70,0.6145415845145042,0.056576767704342855,0.9984843830733279,10.862083668794174,10.988073270491455
GBSA-TCL_vs_C0,C0,84007,pos,0.65,0.35,mid_30_70,0.06712620029345419,0.06854233456498307,0.9989613843528147,0.9793392757845696,1.0284686797614158
GBSA-TCL_vs_C0,C0,84007,cell,0.65,0.35,mid_30_70,0.019824657541800964,0.024910076864648426,0.9998900763417615,0.795848910845212,0.8116918644460521
GBSA-TCL_vs_C0,TCL,84000,atomic_numbers,0.65,0.35,mid_30_70,0.5974944274655004,0.051492624509598545,0.9986819933583022,11.603495319103882,11.540058882789928
GBSA-TCL_vs_C0,TCL,84000,pos,0.65,0.35,mid_30_70,0.0523213792491162,0.054355772989992765,0.9995423055807919,0.9625726279110939,1.005601258607846
GBSA-TCL_vs_C0,TCL,84000,cell,0.65,0.35,mid_30_70,0.015994080565208534,0.018795867146337426,0.9999479732822969,0.8509360297497712,0.8643256073706667
GBSA-TCL_vs_C0,TCL,84001,atomic_numbers,0.65,0.35,mid_30_70,0.5752774881792557,0.05100529023311829,0.9987136878080767,11.278780799990857,11.326633151873343
GBSA-TCL_vs_C0,TCL,84001,pos,0.65,0.35,mid_30_70,0.06594519993986613,0.07296847384782203,0.998666812929616,0.9037492010234016,0.9491536292080811
GBSA-TCL_vs_C0,TCL,84001,cell,0.65,0.35,mid_30_70,0.026955585874945835,0.02142461800183778,0.9999495474045504,1.2581594627560508,1.2819051900813891
GBSA-TCL_vs_C0,TCL,84002,atomic_numbers,0.65,0.35,mid_30_70,0.6102682735876924,0.053525408985270174,0.998772365931934,11.401468669872926,11.61867393292237
GBSA-TCL_vs_C0,TCL,84002,pos,0.65,0.35,mid_30_70,0.07530949283357977,0.07792557604704964,0.9983891237847652,0.9664284392085809,1.0164941022308234
GBSA-TCL_vs_C0,TCL,84002,cell,0.65,0.35,mid_30_70,0.013316566214121502,0.01187509218655708,0.9999936128871577,1.1213863442000227,1.1340782882263682
GBSA-TCL_vs_C0,TCL,84003,atomic_numbers,0.65,0.35,mid_30_70,0.7034862423716519,0.05806436964552191,0.9983910875164215,12.115626961359888,12.24757187794131
GBSA-TCL_vs_C0,TCL,84003,pos,0.65,0.35,mid_30_70,0.06376365324788,0.06510754455875874,0.9984278925905619,0.979358900416435,1.0102602617505168
GBSA-TCL_vs_C0,TCL,84003,cell,0.65,0.35,mid_30_70,0.04593571069510179,0.06462754367134754,0.9981188042191708,0.7107760574763616,0.7239684827383032
GBSA-TCL_vs_C0,TCL,84004,atomic_numbers,0.65,0.35,mid_30_70,0.6766295185316983,0.053306726215791606,0.9986710190006659,12.693135867932053,12.849104031900374
GBSA-TCL_vs_C0,TCL,84004,pos,0.65,0.35,mid_30_70,0.05491087987947657,0.066014948512981,0.9991912722250604,0.8317946331303895,0.8746715457808588
GBSA-TCL_vs_C0,TCL,84004,cell,0.65,0.35,mid_30_70,0.017938205117024816,0.01581605529234214,0.9999333534077681,1.1341769351116386,1.1463619436616046
GBSA-TCL_vs_C0,TCL,84005,atomic_numbers,0.65,0.35,mid_30_70,0.7467981687142662,0.060196607549929594,0.998207034856445,12.405984308913762,12.304385171435166
GBSA-TCL_vs_C0,TCL,84005,pos,0.65,0.35,mid_30_70,0.06562083539736024,0.06133811163980614,0.9998296907360705,1.0698215781845946,1.1322195912075361
GBSA-TCL_vs_C0,TCL,84005,cell,0.65,0.35,mid_30_70,0.03951338700932199,0.02997452631829734,0.9997452771596523,1.3182322412615357,1.3438991165172283
GBSA-TCL_vs_C0,TCL,84006,atomic_numbers,0.65,0.35,mid_30_70,0.565950420941234,0.051412169645227254,0.998690633584341,11.008102261519186,11.050026877169612
GBSA-TCL_vs_C0,TCL,84006,pos,0.65,0.35,mid_30_70,0.051906801725315976,0.044622094052342055,0.9993614726498372,1.1632533799159874,1.193604186411769
GBSA-TCL_vs_C0,TCL,84006,cell,0.65,0.35,mid_30_70,0.009240521871567016,0.007338156350610273,0.9999909543760936,1.259242980125183,1.2667615437565238
GBSA-TCL_vs_C0,TCL,84007,atomic_numbers,0.65,0.35,mid_30_70,0.7519513007306136,0.07279998700832623,0.9974357938385825,10.329003226945796,10.440323987811693
GBSA-TCL_vs_C0,TCL,84007,pos,0.65,0.35,mid_30_70,0.06486144390803082,0.059116220296431016,0.9990855988511603,1.0971852324588935,1.1409756366631343
GBSA-TCL_vs_C0,TCL,84007,cell,0.65,0.35,mid_30_70,0.02059177287994011,0.03927575926323034,0.9997573895483758,0.5242870734065724,0.5412086663004329
GBSA-TCL_vs_C0,GBSA-TCL,84000,atomic_numbers,0.65,0.35,mid_30_70,0.6373654934430576,0.05750757336777829,0.9983609476258573,11.083157506349865,11.002587706884876
GBSA-TCL_vs_C0,GBSA-TCL,84000,pos,0.65,0.35,mid_30_70,0.045706595115596445,0.055082302023153125,0.9999307741870228,0.8297873080247132,0.8743814687470495
GBSA-TCL_vs_C0,GBSA-TCL,84000,cell,0.65,0.35,mid_30_70,0.017907049405588182,0.02896123782611209,0.9997122028212208,0.6183109131282639,0.628164890755695
GBSA-TCL_vs_C0,GBSA-TCL,84001,atomic_numbers,0.65,0.35,mid_30_70,0.6338401661782287,0.05898887915698727,0.9984070035393804,10.745078991777211,10.912900062282072
GBSA-TCL_vs_C0,GBSA-TCL,84001,pos,0.65,0.35,mid_30_70,0.04966643450746138,0.06122653168705536,0.9984973528117835,0.811191376335334,0.8321233403986174
GBSA-TCL_vs_C0,GBSA-TCL,84001,cell,0.65,0.35,mid_30_70,0.011238177247414657,0.011671914347698684,0.9999700040926902,0.9628392492128297,0.9712175961229123
GBSA-TCL_vs_C0,GBSA-TCL,84002,atomic_numbers,0.65,0.35,mid_30_70,0.6157743649276639,0.05528952187204592,0.9984707002702515,11.137270572762842,11.11111851445238
GBSA-TCL_vs_C0,GBSA-TCL,84002,pos,0.65,0.35,mid_30_70,0.09969230796869237,0.0955010797522857,0.9957821648968537,1.043886710257916,1.0671531893733825
GBSA-TCL_vs_C0,GBSA-TCL,84002,cell,0.65,0.35,mid_30_70,0.025707921245944555,0.04361670702924437,0.9995117569595833,0.5894053677346107,0.6070549870423492
GBSA-TCL_vs_C0,GBSA-TCL,84003,atomic_numbers,0.65,0.35,mid_30_70,0.7626821892336718,0.06025477830942067,0.9981932009676661,12.657621696276804,12.577715647310134
GBSA-TCL_vs_C0,GBSA-TCL,84003,pos,0.65,0.35,mid_30_70,0.04272993422182887,0.04232221039732352,0.9999315170918682,1.0096338026931393,1.0506284461227517
GBSA-TCL_vs_C0,GBSA-TCL,84003,cell,0.65,0.35,mid_30_70,0.013146809316818617,0.016636123697399415,0.9999082055935223,0.7902567662966913,0.7978125661764575
GBSA-TCL_vs_C0,GBSA-TCL,84004,atomic_numbers,0.65,0.35,mid_30_70,0.7100036720902007,0.051505556814678534,0.9986750717813853,13.784991678565007,13.796680600692294
GBSA-TCL_vs_C0,GBSA-TCL,84004,pos,0.65,0.35,mid_30_70,0.05641559502819685,0.06053745884080441,0.9996636964322978,0.9319121765013816,0.9825760698588218
GBSA-TCL_vs_C0,GBSA-TCL,84004,cell,0.65,0.35,mid_30_70,0.022879418870532346,0.02535288310862522,0.999841221443588,0.9024385420981416,0.918570121705932
GBSA-TCL_vs_C0,GBSA-TCL,84005,atomic_numbers,0.65,0.35,mid_30_70,0.6762216454856109,0.073372262580209,0.9973051985337819,9.216311746504747,9.201350147489324
GBSA-TCL_vs_C0,GBSA-TCL,84005,pos,0.65,0.35,mid_30_70,0.044290066662191055,0.05040104576422663,0.9999566541969408,0.878752930432785,0.9222426199963558
GBSA-TCL_vs_C0,GBSA-TCL,84005,cell,0.65,0.35,mid_30_70,0.030012954336101755,0.03732069238839402,0.9993062011654151,0.8041907160713657,0.805555738653581
GBSA-TCL_vs_C0,GBSA-TCL,84006,atomic_numbers,0.65,0.35,mid_30_70,0.5602460956122673,0.049499618290093604,0.9987753126772775,11.318190219749427,11.321632946752512
GBSA-TCL_vs_C0,GBSA-TCL,84006,pos,0.65,0.35,mid_30_70,0.06506482021558786,0.08215193509387456,0.9980850844744046,0.792005935602596,0.8333072959919259
GBSA-TCL_vs_C0,GBSA-TCL,84006,cell,0.65,0.35,mid_30_70,0.01673028691827456,0.014201564203446813,0.9999490344507623,1.178059450255065,1.1897656187748138
GBSA-TCL_vs_C0,GBSA-TCL,84007,atomic_numbers,0.65,0.35,mid_30_70,0.788948318942926,0.06812231517119077,0.9978058802458935,11.581349179931806,11.37019409524998
GBSA-TCL_vs_C0,GBSA-TCL,84007,pos,0.65,0.35,mid_30_70,0.04008852739329642,0.04092441113856041,0.9999071197026962,0.9795749353012343,1.0172840653175492
GBSA-TCL_vs_C0,GBSA-TCL,84007,cell,0.65,0.35,mid_30_70,0.04242634846455986,0.057776359844936495,0.9988837181970451,0.7343202060224309,0.7579301979915389
GBSA-TCL_vs_C0,C0,84000,atomic_numbers,0.75,0.25,late_70_100,0.6395391783739348,0.050030285144887214,0.9987606573975538,12.783040842598348,12.83222890594556
GBSA-TCL_vs_C0,C0,84000,pos,0.75,0.25,late_70_100,0.04376067292456684,0.03995623707892722,0.9997556284150474,1.0952150683790507,1.131400448371115
GBSA-TCL_vs_C0,C0,84000,cell,0.75,0.25,late_70_100,0.019018830056831016,0.018633099332530337,0.9999336628062888,1.020701372188107,1.0355834494504392
GBSA-TCL_vs_C0,C0,84001,atomic_numbers,0.75,0.25,late_70_100,0.729761275295883,0.05203706551938446,0.9989780694219685,14.023874482776856,14.371195742969173
GBSA-TCL_vs_C0,C0,84001,pos,0.75,0.25,late_70_100,0.03353362835223558,0.038625350764659346,0.9998763875505516,0.8681766686483404,0.8986989895378851
GBSA-TCL_vs_C0,C0,84001,cell,0.75,0.25,late_70_100,0.03210367970097059,0.033816901119438976,0.9999190386018265,0.9493383083086944,0.9790056973204913
GBSA-TCL_vs_C0,C0,84002,atomic_numbers,0.75,0.25,late_70_100,0.6320857554553301,0.05331187909080488,0.9985784333488006,11.856377344694858,11.851637132804878
GBSA-TCL_vs_C0,C0,84002,pos,0.75,0.25,late_70_100,0.0527761357418378,0.0542721311362163,0.9993365151577169,0.9724352929752521,1.0109169918620786
GBSA-TCL_vs_C0,C0,84002,cell,0.75,0.25,late_70_100,0.04759192506078203,0.038759578612165085,0.9996299690883571,1.2278751927876954,1.2613239856295508
GBSA-TCL_vs_C0,C0,84003,atomic_numbers,0.75,0.25,late_70_100,0.5479061607154939,0.04931757819671641,0.9987872856993566,11.109753981228012,11.064340541134602
GBSA-TCL_vs_C0,C0,84003,pos,0.75,0.25,late_70_100,0.05545498409171055,0.0842194620218236,0.997039536726619,0.6584580661099524,0.6791347430338435
GBSA-TCL_vs_C0,C0,84003,cell,0.75,0.25,late_70_100,0.024696374833198458,0.023866578268479946,0.9997663983997104,1.0347681412636516,1.0450008542483276
GBSA-TCL_vs_C0,C0,84004,atomic_numbers,0.75,0.25,late_70_100,0.6511492341413777,0.051963794550568765,0.9987600645570797,12.530825352019068,12.701952025551394
GBSA-TCL_vs_C0,C0,84004,pos,0.75,0.25,late_70_100,0.03800138474506437,0.04583752426211592,0.9996270573089691,0.8290453150950824,0.8592572980986889
GBSA-TCL_vs_C0,C0,84004,cell,0.75,0.25,late_70_100,0.010185152636670521,0.01112349561249146,0.9999717497902277,0.9156431567458706,0.9231251466210951
GBSA-TCL_vs_C0,C0,84005,atomic_numbers,0.75,0.25,late_70_100,0.6735566514503398,0.06711989609247486,0.9978486896595382,10.035126552078435,10.15794886308972
GBSA-TCL_vs_C0,C0,84005,pos,0.75,0.25,late_70_100,0.03849011984043571,0.045935521555300146,0.999983516067978,0.8379162473228657,0.8760906880590474
GBSA-TCL_vs_C0,C0,84005,cell,0.75,0.25,late_70_100,0.015936231293511155,0.01824938023678144,0.999898612177769,0.8732478082401857,0.8831263352773384
GBSA-TCL_vs_C0,C0,84006,atomic_numbers,0.75,0.25,late_70_100,0.5428603056106768,0.045849237699216755,0.9990038905433652,11.840116277875449,11.953023957647318
GBSA-TCL_vs_C0,C0,84006,pos,0.75,0.25,late_70_100,0.06588656811616578,0.07933285877412047,0.9979523902231351,0.8305079274120263,0.8677853268115776
GBSA-TCL_vs_C0,C0,84006,cell,0.75,0.25,late_70_100,0.015296325370731865,0.018794463447991995,0.9999545241908452,0.8138740120493372,0.8270177976658059
GBSA-TCL_vs_C0,C0,84007,atomic_numbers,0.75,0.25,late_70_100,0.7294363523092415,0.06581057832413129,0.9981955756113808,11.083876952373982,11.362409877447158
GBSA-TCL_vs_C0,C0,84007,pos,0.75,0.25,late_70_100,0.043132546487111297,0.041674556365873396,0.9993624436766309,1.0349851383764657,1.0565729435670148
GBSA-TCL_vs_C0,C0,84007,cell,0.75,0.25,late_70_100,0.03569323330883486,0.05251912790715581,0.9986201182360145,0.6796234958800906,0.6791151736832358
GBSA-TCL_vs_C0,TCL,84000,atomic_numbers,0.75,0.25,late_70_100,0.5144138854170087,0.04691746894132429,0.9989206731995567,10.96422925244204,10.87986522179213
GBSA-TCL_vs_C0,TCL,84000,pos,0.75,0.25,late_70_100,0.04549432404225874,0.050363011163039345,0.9996189779223239,0.9033281170377346,0.941036822126206
GBSA-TCL_vs_C0,TCL,84000,cell,0.75,0.25,late_70_100,0.019290509984778104,0.019398574448195947,0.9998272903848878,0.9944292574845419,0.9997866877029301
GBSA-TCL_vs_C0,TCL,84001,atomic_numbers,0.75,0.25,late_70_100,0.6161545935206167,0.0524541585937739,0.998711057153332,11.746534689315402,11.886881299953082
GBSA-TCL_vs_C0,TCL,84001,pos,0.75,0.25,late_70_100,0.044182176517054125,0.059388825915296956,0.9992171192111331,0.743947633854031,0.7763170026630132
GBSA-TCL_vs_C0,TCL,84001,cell,0.75,0.25,late_70_100,0.01241870223313968,0.013822154977955423,0.9999461197521464,0.8984635357472064,0.906615021368475
GBSA-TCL_vs_C0,TCL,84002,atomic_numbers,0.75,0.25,late_70_100,0.5444817115132228,0.051742196629378276,0.9986609445958438,10.522972486329973,10.519068690876821
GBSA-TCL_vs_C0,TCL,84002,pos,0.75,0.25,late_70_100,0.05154256692848448,0.05716318013208425,0.9985039321752864,0.9016742387212804,0.915351931291386
GBSA-TCL_vs_C0,TCL,84002,cell,0.75,0.25,late_70_100,0.007357885810287492,0.012247853141457416,0.999960273884821,0.6007490231395729,0.6057714228464984
GBSA-TCL_vs_C0,TCL,84003,atomic_numbers,0.75,0.25,late_70_100,0.8789604503480885,0.07221665180027792,0.9977693587559374,12.171160368649304,12.479312111996363
GBSA-TCL_vs_C0,TCL,84003,pos,0.75,0.25,late_70_100,0.05587744747171901,0.06186227019564241,0.9981674731245724,0.9032556887260019,0.9132115843061325
GBSA-TCL_vs_C0,TCL,84003,cell,0.75,0.25,late_70_100,0.06300014195782032,0.06984055112761577,0.9977547812496381,0.9020567698943792,0.8821646708228226
GBSA-TCL_vs_C0,TCL,84004,atomic_numbers,0.75,0.25,late_70_100,0.6485934577788175,0.05493289225510977,0.9986526270482478,11.807014543613194,12.003859242398377
GBSA-TCL_vs_C0,TCL,84004,pos,0.75,0.25,late_70_100,0.07405261318753138,0.0726185340175237,0.9984078034034496,1.0197481151252876,1.064761576006078
GBSA-TCL_vs_C0,TCL,84004,cell,0.75,0.25,late_70_100,0.022185354121575115,0.021675635895712763,0.9999350060265415,1.023515721906141,1.0423177186532602
GBSA-TCL_vs_C0,TCL,84005,atomic_numbers,0.75,0.25,late_70_100,0.6532175953474526,0.05328425066184454,0.9986696587246362,12.259111974623389,12.078193548993598
GBSA-TCL_vs_C0,TCL,84005,pos,0.75,0.25,late_70_100,0.03108377063426658,0.038542340244462805,0.9999749778415138,0.8064837380686097,0.8370192708048985
GBSA-TCL_vs_C0,TCL,84005,cell,0.75,0.25,late_70_100,0.004928453327739135,0.008271700396768392,0.9999714502082753,0.595821063546329,0.5978089053424729
GBSA-TCL_vs_C0,TCL,84006,atomic_numbers,0.75,0.25,late_70_100,0.6402342049095491,0.054778315838985785,0.9984988271453452,11.687730721613274,11.661348250320481
GBSA-TCL_vs_C0,TCL,84006,pos,0.75,0.25,late_70_100,0.03855867288330893,0.03790411983080925,0.9999270519079063,1.017268651941303,1.0537430174182985
GBSA-TCL_vs_C0,TCL,84006,cell,0.75,0.25,late_70_100,0.006811218217940753,0.016776969434380628,0.9998692178042624,0.4059862089265474,0.40774507722567843
GBSA-TCL_vs_C0,TCL,84007,atomic_numbers,0.75,0.25,late_70_100,0.6073151463377832,0.05821637576857484,0.998331447822832,10.432032882844137,10.491870126509244
GBSA-TCL_vs_C0,TCL,84007,pos,0.75,0.25,late_70_100,0.06541645262327475,0.10180386962771792,0.9961953078190476,0.6425733409004322,0.6739423120026343
GBSA-TCL_vs_C0,TCL,84007,cell,0.75,0.25,late_70_100,0.016335357578989605,0.031287507503590016,0.9997240869513848,0.5221047914128424,0.5327514958188402
GBSA-TCL_vs_C0,GBSA-TCL,84000,atomic_numbers,0.75,0.25,late_70_100,0.5694023620317533,0.05503054347403985,0.9985545949999225,10.347024144879903,10.20979841119508
GBSA-TCL_vs_C0,GBSA-TCL,84000,pos,0.75,0.25,late_70_100,0.03991027381182945,0.04130685828543495,0.9999332244202394,0.9661900098052738,1.0044420812800758
GBSA-TCL_vs_C0,GBSA-TCL,84000,cell,0.75,0.25,late_70_100,0.02116616775547044,0.030023299228804392,0.9997709928439715,0.7049913999845691,0.7196756150246131
GBSA-TCL_vs_C0,GBSA-TCL,84001,atomic_numbers,0.75,0.25,late_70_100,0.5690946318827814,0.047905576255515316,0.9988534444392845,11.879507071314315,11.844810206303606
GBSA-TCL_vs_C0,GBSA-TCL,84001,pos,0.75,0.25,late_70_100,0.037042213357238,0.03703964589578976,0.9998590711399359,1.0000693165764991,1.0329472912822617
GBSA-TCL_vs_C0,GBSA-TCL,84001,cell,0.75,0.25,late_70_100,0.02703913165656008,0.020040756807199314,0.9999482637810517,1.3492071141169035,1.3724345738072221
GBSA-TCL_vs_C0,GBSA-TCL,84002,atomic_numbers,0.75,0.25,late_70_100,0.5317213141832177,0.05561496836966294,0.9985267206499295,9.560759086455999,9.663234935805459
GBSA-TCL_vs_C0,GBSA-TCL,84002,pos,0.75,0.25,late_70_100,0.0397154988641777,0.04165975039802463,0.9994239229247052,0.9533302164494215,0.9758136192731544
GBSA-TCL_vs_C0,GBSA-TCL,84002,cell,0.75,0.25,late_70_100,0.017052246267363815,0.014196671801642614,0.9999866797518457,1.2011439375101143,1.2170132730059202
GBSA-TCL_vs_C0,GBSA-TCL,84003,atomic_numbers,0.75,0.25,late_70_100,0.6193508058554315,0.053244576770596776,0.9985900448392153,11.632185725203382,11.567735900970083
GBSA-TCL_vs_C0,GBSA-TCL,84003,pos,0.75,0.25,late_70_100,0.024725218356081477,0.0316065914500736,0.9999361887767029,0.7822804428354105,0.8053224872064609
GBSA-TCL_vs_C0,GBSA-TCL,84003,cell,0.75,0.25,late_70_100,0.02284450673369495,0.01520811280438597,0.9999670876896184,1.5021263339858097,1.5213991195906096
GBSA-TCL_vs_C0,GBSA-TCL,84004,atomic_numbers,0.75,0.25,late_70_100,0.6892615020950232,0.054392479582270455,0.9985198563429863,12.672000015231745,12.644787067649693
GBSA-TCL_vs_C0,GBSA-TCL,84004,pos,0.75,0.25,late_70_100,0.04088445831218838,0.06175912731646999,0.9986950393615034,0.6619986403416239,0.6841240509442381
GBSA-TCL_vs_C0,GBSA-TCL,84004,cell,0.75,0.25,late_70_100,0.042728545302441974,0.04373200659041053,0.9998386527355698,0.9770543049312399,1.0158543023645297
GBSA-TCL_vs_C0,GBSA-TCL,84005,atomic_numbers,0.75,0.25,late_70_100,0.6313328583720703,0.050230226846380704,0.9987612467502744,12.568783738581912,12.639476362797533
GBSA-TCL_vs_C0,GBSA-TCL,84005,pos,0.75,0.25,late_70_100,0.02598721748083113,0.03727682926718761,0.9999863913760559,0.6971413071257646,0.7228632757720624
GBSA-TCL_vs_C0,GBSA-TCL,84005,cell,0.75,0.25,late_70_100,0.01690762005601909,0.020131264031703393,0.9998736601674757,0.8398687747273296,0.8501378190705748
GBSA-TCL_vs_C0,GBSA-TCL,84006,atomic_numbers,0.75,0.25,late_70_100,0.6766201651470757,0.0536661380828824,0.9986424803141885,12.607953344846585,12.75369911380579
GBSA-TCL_vs_C0,GBSA-TCL,84006,pos,0.75,0.25,late_70_100,0.09233888760821683,0.10573262950889686,0.9966540223013769,0.8733244225279291,0.9289777574393875
GBSA-TCL_vs_C0,GBSA-TCL,84006,cell,0.75,0.25,late_70_100,0.020996183556889314,0.017209325881750327,0.9999022293663353,1.2200468339759183,1.2321663393856976
GBSA-TCL_vs_C0,GBSA-TCL,84007,atomic_numbers,0.75,0.25,late_70_100,0.6117917375400843,0.05462990963896159,0.998581304864218,11.198842201704094,11.046232485954805
GBSA-TCL_vs_C0,GBSA-TCL,84007,pos,0.75,0.25,late_70_100,0.03366780816771483,0.032037256781712965,0.9999457175148435,1.0508954745130545,1.0826759455000765
GBSA-TCL_vs_C0,GBSA-TCL,84007,cell,0.75,0.25,late_70_100,0.032416523819236404,0.035777351237355516,0.9996693826691849,0.9060627100138695,0.9283037888114374
GBSA-TCL_vs_C0,C0,84000,atomic_numbers,0.85,0.15000000000000002,late_70_100,0.6382582132549465,0.04915943759704574,0.9988209946208119,12.983431960444213,13.068718459998557
GBSA-TCL_vs_C0,C0,84000,pos,0.85,0.15000000000000002,late_70_100,0.04501156210004515,0.05526356270160308,0.9986512631712854,0.8144889670448165,0.8288100434484584
GBSA-TCL_vs_C0,C0,84000,cell,0.85,0.15000000000000002,late_70_100,0.01239786559634561,0.019667933599397367,0.9998884243884495,0.6303593376339997,0.6383538814461842
GBSA-TCL_vs_C0,C0,84001,atomic_numbers,0.85,0.15000000000000002,late_70_100,0.6225845624099882,0.04941586096594259,0.9987982541756112,12.59888121425373,12.663303128919347
GBSA-TCL_vs_C0,C0,84001,pos,0.85,0.15000000000000002,late_70_100,0.036290765796403314,0.034365958312882465,0.999818665571715,1.0560091316527993,1.0860273124426427
GBSA-TCL_vs_C0,C0,84001,cell,0.85,0.15000000000000002,late_70_100,0.016361026171883033,0.013373402165633954,0.9999905349234495,1.2234004458436514,1.2388598192921263
GBSA-TCL_vs_C0,C0,84002,atomic_numbers,0.85,0.15000000000000002,late_70_100,0.5458240902220449,0.04704315474824951,0.9989092965749182,11.602625145847721,11.656461560083963
GBSA-TCL_vs_C0,C0,84002,pos,0.85,0.15000000000000002,late_70_100,0.03444990991212886,0.041194409190384945,0.9993057637328268,0.8362763440280071,0.8503959003241377
GBSA-TCL_vs_C0,C0,84002,cell,0.85,0.15000000000000002,late_70_100,0.024446122618452575,0.02043204415436152,0.9999498070928019,1.1964599544600234,1.2177051247959332
GBSA-TCL_vs_C0,C0,84003,atomic_numbers,0.85,0.15000000000000002,late_70_100,0.5858713244540945,0.051708275756912093,0.9986978546460553,11.33032026069402,11.219994324058506
GBSA-TCL_vs_C0,C0,84003,pos,0.85,0.15000000000000002,late_70_100,0.07876266970770894,0.08042581639493747,0.9971523984600449,0.9793207360300638,1.0039043016105973
GBSA-TCL_vs_C0,C0,84003,cell,0.85,0.15000000000000002,late_70_100,0.04319948067087671,0.05717447419448921,0.9988409187953404,0.7555728544861811,0.7780111482183688
GBSA-TCL_vs_C0,C0,84004,atomic_numbers,0.85,0.15000000000000002,late_70_100,0.5643056362366198,0.046113937830206696,0.998978932823019,12.2372033877136,12.337797280636895
GBSA-TCL_vs_C0,C0,84004,pos,0.85,0.15000000000000002,late_70_100,0.04076174047468321,0.047465542409387426,0.9990251568126585,0.8587648724861431,0.8729067387248437
GBSA-TCL_vs_C0,C0,84004,cell,0.85,0.15000000000000002,late_70_100,0.017640642227997567,0.018299028275346196,0.9999390840913692,0.9640207098736683,0.9780322742895277
GBSA-TCL_vs_C0,C0,84005,atomic_numbers,0.85,0.15000000000000002,late_70_100,0.6181337147503558,0.052495153406110856,0.9986255434672993,11.775062546600735,11.793643987961424
GBSA-TCL_vs_C0,C0,84005,pos,0.85,0.15000000000000002,late_70_100,0.016629236440771116,0.024407579669880348,0.9999076504282819,0.6813144386164626,0.6950645599325721
GBSA-TCL_vs_C0,C0,84005,cell,0.85,0.15000000000000002,late_70_100,0.03232175724540033,0.07157027249822505,0.9994086926000301,0.45160869334683496,0.479689008616792
GBSA-TCL_vs_C0,C0,84006,atomic_numbers,0.85,0.15000000000000002,late_70_100,0.5172990131770233,0.046728583097158764,0.9989189766320571,11.070291005859254,11.111047124892043
GBSA-TCL_vs_C0,C0,84006,pos,0.85,0.15000000000000002,late_70_100,0.05727203053842281,0.05181606430646695,0.999175879534144,1.1052948792036086,1.139983106041391
GBSA-TCL_vs_C0,C0,84006,cell,0.85,0.15000000000000002,late_70_100,0.014240471405399297,0.014753256513359887,0.9999375591631989,0.9652425816973877,0.9744797972064487
GBSA-TCL_vs_C0,C0,84007,atomic_numbers,0.85,0.15000000000000002,late_70_100,0.6953349940500273,0.07091764654820833,0.997721587996552,9.804823311181844,9.996776983128493
GBSA-TCL_vs_C0,C0,84007,pos,0.85,0.15000000000000002,late_70_100,0.03639071803125586,0.04622370253894772,0.9991464380802861,0.7872739748745428,0.80293171644591
GBSA-TCL_vs_C0,C0,84007,cell,0.85,0.15000000000000002,late_70_100,0.0331647430377088,0.04263234675396709,0.9998081260763956,0.7779244062989027,0.8072317408623741
GBSA-TCL_vs_C0,TCL,84000,atomic_numbers,0.85,0.15000000000000002,late_70_100,0.5335764088427617,0.04799395923071275,0.9988751965724139,11.11757432383929,11.022560319104118
GBSA-TCL_vs_C0,TCL,84000,pos,0.85,0.15000000000000002,late_70_100,0.03956455181407836,0.04172641156702669,0.9991936437283693,0.9481896556219398,0.958195738892276
GBSA-TCL_vs_C0,TCL,84000,cell,0.85,0.15000000000000002,late_70_100,0.020545243476645155,0.03326420060803451,0.9998239034203915,0.6176382748149593,0.6344931559472862
GBSA-TCL_vs_C0,TCL,84001,atomic_numbers,0.85,0.15000000000000002,late_70_100,0.5686428998038415,0.05100226076881469,0.9987455921399827,11.14936654242468,11.243471151574047
GBSA-TCL_vs_C0,TCL,84001,pos,0.85,0.15000000000000002,late_70_100,0.07123990305644257,0.0720893642016625,0.9978925805988695,0.9882165537922675,1.0171721302836458
GBSA-TCL_vs_C0,TCL,84001,cell,0.85,0.15000000000000002,late_70_100,0.008482283765750512,0.01983163049383546,0.9998219906841498,0.4277148955748835,0.43025120449578186
GBSA-TCL_vs_C0,TCL,84002,atomic_numbers,0.85,0.15000000000000002,late_70_100,0.5430307989092774,0.05383287480984262,0.9985720898158327,10.087345341066419,10.140002998074955
GBSA-TCL_vs_C0,TCL,84002,pos,0.85,0.15000000000000002,late_70_100,0.0791526313188913,0.0748261126418567,0.9974823444974639,1.0578209735115172,1.0804123142007407
GBSA-TCL_vs_C0,TCL,84002,cell,0.85,0.15000000000000002,late_70_100,0.015005478105169707,0.01499960756616429,0.9999088074683165,1.0003913795063986,1.0068304530300352
GBSA-TCL_vs_C0,TCL,84003,atomic_numbers,0.85,0.15000000000000002,late_70_100,0.7138660018218229,0.06239721866586862,0.9981526521347088,11.440670226737351,11.58219006229538
GBSA-TCL_vs_C0,TCL,84003,pos,0.85,0.15000000000000002,late_70_100,0.05956445580228612,0.05232653040814289,0.9987303651520696,1.1383222877130965,1.1207623115173937
GBSA-TCL_vs_C0,TCL,84003,cell,0.85,0.15000000000000002,late_70_100,0.03308363375092735,0.04667223340259614,0.9991162084357312,0.7088504521638571,0.7226032539765826
GBSA-TCL_vs_C0,TCL,84004,atomic_numbers,0.85,0.15000000000000002,late_70_100,0.6108697767469492,0.05649817787125248,0.9986076130120914,10.812203149966956,11.015867481769838
GBSA-TCL_vs_C0,TCL,84004,pos,0.85,0.15000000000000002,late_70_100,0.07219237727711138,0.0651339239338657,0.9987072985582288,1.1083683112722111,1.1520761431038717
GBSA-TCL_vs_C0,TCL,84004,cell,0.85,0.15000000000000002,late_70_100,0.03354638194235075,0.024564957681185853,0.999957514076035,1.3656193663237497,1.3966563258578708
GBSA-TCL_vs_C0,TCL,84005,atomic_numbers,0.85,0.15000000000000002,late_70_100,0.6708502855795798,0.05783879111247338,0.9984120420961154,11.598622182041177,11.428119821194478
GBSA-TCL_vs_C0,TCL,84005,pos,0.85,0.15000000000000002,late_70_100,0.02047961107608813,0.030036065981963025,0.9999049951525298,0.6818340021088765,0.6999649277360752
GBSA-TCL_vs_C0,TCL,84005,cell,0.85,0.15000000000000002,late_70_100,0.04490207198603969,0.07817200457195635,0.9976306355388027,0.5744009282083574,0.5943605870867985
GBSA-TCL_vs_C0,TCL,84006,atomic_numbers,0.85,0.15000000000000002,late_70_100,0.6631505819338507,0.05821499699729303,0.9983649686707549,11.391404554477381,11.247165295456702
GBSA-TCL_vs_C0,TCL,84006,pos,0.85,0.15000000000000002,late_70_100,0.055131168462462375,0.05266579010151486,0.9987457044192617,1.0468117606551697,1.0625931418452697
GBSA-TCL_vs_C0,TCL,84006,cell,0.85,0.15000000000000002,late_70_100,0.013821194099174997,0.033622923200809327,0.9998058500523107,0.41106461852318393,0.42218387916388406
GBSA-TCL_vs_C0,TCL,84007,atomic_numbers,0.85,0.15000000000000002,late_70_100,0.61211926261038,0.06145069451919766,0.9981136955966075,9.961144742133866,9.968966715153341
GBSA-TCL_vs_C0,TCL,84007,pos,0.85,0.15000000000000002,late_70_100,0.09659334400646086,0.09337597093117518,0.9975549262054236,1.0344561137431931,1.095987133465468
GBSA-TCL_vs_C0,TCL,84007,cell,0.85,0.15000000000000002,late_70_100,0.014363739508764975,0.02113490360873258,0.9997786160895465,0.6796217183990432,0.678117919301424
GBSA-TCL_vs_C0,GBSA-TCL,84000,atomic_numbers,0.85,0.15000000000000002,late_70_100,0.6416610010631781,0.062182010276560326,0.9982478952790665,10.319077788082613,10.103727025066453
GBSA-TCL_vs_C0,GBSA-TCL,84000,pos,0.85,0.15000000000000002,late_70_100,0.025121726522712974,0.026356263836496734,0.9998882856199164,0.9531596237827064,0.9737443114864137
GBSA-TCL_vs_C0,GBSA-TCL,84000,cell,0.85,0.15000000000000002,late_70_100,0.01562095568991623,0.017732198528134922,0.999843843014677,0.8809373335816837,0.8820888543288206
GBSA-TCL_vs_C0,GBSA-TCL,84001,atomic_numbers,0.85,0.15000000000000002,late_70_100,0.5565769984102592,0.04861983118793823,0.9988261494690359,11.447530458483712,11.48206986998925
GBSA-TCL_vs_C0,GBSA-TCL,84001,pos,0.85,0.15000000000000002,late_70_100,0.031756000775734705,0.02677199009418923,0.9997879708049783,1.1861651174982035,1.2062079969923847
GBSA-TCL_vs_C0,GBSA-TCL,84001,cell,0.85,0.15000000000000002,late_70_100,0.03546535548879949,0.02971732719384659,0.9997569873333741,1.1934234615871886,1.2169168279111091
GBSA-TCL_vs_C0,GBSA-TCL,84002,atomic_numbers,0.85,0.15000000000000002,late_70_100,0.5092767561734606,0.05468472252264481,0.9985037293899259,9.312962243935146,9.295849055385418
GBSA-TCL_vs_C0,GBSA-TCL,84002,pos,0.85,0.15000000000000002,late_70_100,0.02411201113710934,0.030726393635946755,0.9997461760108037,0.7847328724221231,0.8009293050728566
GBSA-TCL_vs_C0,GBSA-TCL,84002,cell,0.85,0.15000000000000002,late_70_100,0.020712719303174205,0.022925054729858667,0.9999496789413026,0.9034970492871709,0.9220758682732247
GBSA-TCL_vs_C0,GBSA-TCL,84003,atomic_numbers,0.85,0.15000000000000002,late_70_100,0.612459428359109,0.05967208713233474,0.9982216960893918,10.263750738278327,10.273253579805402
GBSA-TCL_vs_C0,GBSA-TCL,84003,pos,0.85,0.15000000000000002,late_70_100,0.018744035703797526,0.023277191538799757,0.999805610092846,0.8052533172893256,0.8150600041674396
GBSA-TCL_vs_C0,GBSA-TCL,84003,cell,0.85,0.15000000000000002,late_70_100,0.03192795875023352,0.026998773342023365,0.9999887476038282,1.1825707170383892,1.2139886427018385
GBSA-TCL_vs_C0,GBSA-TCL,84004,atomic_numbers,0.85,0.15000000000000002,late_70_100,0.6568999967584167,0.05168908575788635,0.9986662056179183,12.708678962428577,12.6607236315855
GBSA-TCL_vs_C0,GBSA-TCL,84004,pos,0.85,0.15000000000000002,late_70_100,0.0456877009732542,0.06435681895728548,0.9982033573087534,0.7099123560407448,0.7253121731094542
GBSA-TCL_vs_C0,GBSA-TCL,84004,cell,0.85,0.15000000000000002,late_70_100,0.027031003523779917,0.018133935717801412,0.9998504700266431,1.4906308230289236,1.4822703902306968
GBSA-TCL_vs_C0,GBSA-TCL,84005,atomic_numbers,0.85,0.15000000000000002,late_70_100,0.6444637850044569,0.05342911529887567,0.99858568410242,12.062033619673628,11.981103540366528
GBSA-TCL_vs_C0,GBSA-TCL,84005,pos,0.85,0.15000000000000002,late_70_100,0.012868098065331722,0.0174612473428229,0.9999644415732585,0.7369518232396439,0.7481935025923356
GBSA-TCL_vs_C0,GBSA-TCL,84005,cell,0.85,0.15000000000000002,late_70_100,0.02972185442161531,0.04221273828912496,0.9991086460122399,0.7040968112052658,0.7034392542491651
GBSA-TCL_vs_C0,GBSA-TCL,84006,atomic_numbers,0.85,0.15000000000000002,late_70_100,0.5286882791530513,0.048640549906518164,0.9988278920992195,10.869290749572786,10.908747282540324
GBSA-TCL_vs_C0,GBSA-TCL,84006,pos,0.85,0.15000000000000002,late_70_100,0.04502902482434767,0.04386681641251171,0.9990729813885945,1.026494022290263,1.0341991249935407
GBSA-TCL_vs_C0,GBSA-TCL,84006,cell,0.85,0.15000000000000002,late_70_100,0.009802546619987067,0.016352822152354472,0.999866938018585,0.5994406671007366,0.5986751968753954
GBSA-TCL_vs_C0,GBSA-TCL,84007,atomic_numbers,0.85,0.15000000000000002,late_70_100,0.5978211796321977,0.05377180492447721,0.9986068397218496,11.117744335936665,10.987238000822261
GBSA-TCL_vs_C0,GBSA-TCL,84007,pos,0.85,0.15000000000000002,late_70_100,0.017282539082042064,0.02405390569098758,0.999721167746401,0.7184920114040945,0.7215845003982851
GBSA-TCL_vs_C0,GBSA-TCL,84007,cell,0.85,0.15000000000000002,late_70_100,0.021707935774936498,0.018057361746831826,0.9999680484971115,1.2021654148200893,1.2215919266233277
GBSA-TCL_vs_C0,C0,84000,atomic_numbers,0.95,0.050000000000000044,late_70_100,0.746236219640389,0.06131097581094499,0.9981677700954212,12.171331637934458,12.26947980856311
GBSA-TCL_vs_C0,C0,84000,pos,0.95,0.050000000000000044,late_70_100,0.03270279224699459,0.038644956149393485,0.9994714084927158,0.8462370126795409,0.8634703634247263
GBSA-TCL_vs_C0,C0,84000,cell,0.95,0.050000000000000044,late_70_100,0.043013030190312974,0.031766584091286514,0.9995495511390562,1.3540338510022967,1.3675228633937335
GBSA-TCL_vs_C0,C0,84001,atomic_numbers,0.95,0.050000000000000044,late_70_100,0.6338863549379661,0.05452871293058367,0.9988155809502606,11.624817841288836,11.897205188442504
GBSA-TCL_vs_C0,C0,84001,pos,0.95,0.050000000000000044,late_70_100,0.01470669143218803,0.018993965095105245,0.9998275065186045,0.7742823238091531,0.777227791206275
GBSA-TCL_vs_C0,C0,84001,cell,0.95,0.050000000000000044,late_70_100,0.014748935349407716,0.015933699745797832,0.9999087415675216,0.9256441118326851,0.9333797843296193
GBSA-TCL_vs_C0,C0,84002,atomic_numbers,0.95,0.050000000000000044,late_70_100,0.5709072968638639,0.052232981035112855,0.9986957974451061,10.930015586896722,11.03627868511344
GBSA-TCL_vs_C0,C0,84002,pos,0.95,0.050000000000000044,late_70_100,0.03244847853886214,0.04373443508490367,0.9990598571952841,0.7419434703082002,0.7455273480682283
GBSA-TCL_vs_C0,C0,84002,cell,0.95,0.050000000000000044,late_70_100,0.009991518354577553,0.0092927106808459,0.9999715672894557,1.0751995513184365,1.0693301559568993
GBSA-TCL_vs_C0,C0,84003,atomic_numbers,0.95,0.050000000000000044,late_70_100,0.5525957382016919,0.05020298163698985,0.9987411751179678,11.007229454964012,10.970616672247363
GBSA-TCL_vs_C0,C0,84003,pos,0.95,0.050000000000000044,late_70_100,0.08347424302687252,0.10005951915202455,0.9950972933871596,0.8342458941867057,0.8428223842760753
GBSA-TCL_vs_C0,C0,84003,cell,0.95,0.050000000000000044,late_70_100,0.05364348466802675,0.05561238068573847,0.9988230367024702,0.9645960846589574,0.9897041073669471
GBSA-TCL_vs_C0,C0,84004,atomic_numbers,0.95,0.050000000000000044,late_70_100,0.5358223046690744,0.046196403314507584,0.9989834515379553,11.59878835201017,11.704164977260241
GBSA-TCL_vs_C0,C0,84004,pos,0.95,0.050000000000000044,late_70_100,0.052369868177528096,0.05362368949622753,0.9986174386461859,0.976618145254857,0.9856167846094358
GBSA-TCL_vs_C0,C0,84004,cell,0.95,0.050000000000000044,late_70_100,0.04195353032317615,0.06565930317507387,0.9978451890366168,0.6389578977302168,0.6391676080243006
GBSA-TCL_vs_C0,C0,84005,atomic_numbers,0.95,0.050000000000000044,late_70_100,0.5932598486777437,0.0530177494006444,0.9986029371353491,11.189834638105802,11.222600592895816
GBSA-TCL_vs_C0,C0,84005,pos,0.95,0.050000000000000044,late_70_100,0.02255909563019371,0.029674831276258615,0.9998758432332979,0.7602097353201176,0.7792312240283891
GBSA-TCL_vs_C0,C0,84005,cell,0.95,0.050000000000000044,late_70_100,0.11130194978199937,0.09468239893421769,0.9961213331923794,1.1755294651894952,1.212070951798484
GBSA-TCL_vs_C0,C0,84006,atomic_numbers,0.95,0.050000000000000044,late_70_100,0.5218926843917081,0.04824432104805276,0.9988356273191683,10.81770191919351,10.801282740938477
GBSA-TCL_vs_C0,C0,84006,pos,0.95,0.050000000000000044,late_70_100,0.05637214221702734,0.077468057976725,0.9970975836873688,0.7276823982597337,0.7359864273294413
GBSA-TCL_vs_C0,C0,84006,cell,0.95,0.050000000000000044,late_70_100,0.03618017674297252,0.046655854608733116,0.9990252525277735,0.7754691677258497,0.7864283582131544
GBSA-TCL_vs_C0,C0,84007,atomic_numbers,0.95,0.050000000000000044,late_70_100,0.6150386540420262,0.06608355710323643,0.9979749978980491,9.306984687298332,9.454920889992334
GBSA-TCL_vs_C0,C0,84007,pos,0.95,0.050000000000000044,late_70_100,0.04180285486045753,0.0490215726677397,0.9987992017451088,0.8527440591061924,0.8531872002668247
GBSA-TCL_vs_C0,C0,84007,cell,0.95,0.050000000000000044,late_70_100,0.026027509374068322,0.029956103727008018,0.9995532992844351,0.8688549622894473,0.866693387749763
GBSA-TCL_vs_C0,TCL,84000,atomic_numbers,0.95,0.050000000000000044,late_70_100,0.5251173263651233,0.05161037901488326,0.998708525758137,10.174645805520854,10.069173394153442
GBSA-TCL_vs_C0,TCL,84000,pos,0.95,0.050000000000000044,late_70_100,0.0653721460355669,0.0636189631344635,0.9980907667415674,1.0275575522568314,1.0412655746443862
GBSA-TCL_vs_C0,TCL,84000,cell,0.95,0.050000000000000044,late_70_100,0.05194547713353818,0.03739169944442858,0.9993127527398948,1.389224825438581,1.381447735038211
GBSA-TCL_vs_C0,TCL,84001,atomic_numbers,0.95,0.050000000000000044,late_70_100,0.5882010842095607,0.05564675074868639,0.9984948198465982,10.570268277945159,10.65377829488594
GBSA-TCL_vs_C0,TCL,84001,pos,0.95,0.050000000000000044,late_70_100,0.10142737292843321,0.09407733849268121,0.9956361093291614,1.078127576242219,1.0862614214513338
GBSA-TCL_vs_C0,TCL,84001,cell,0.95,0.050000000000000044,late_70_100,0.047552024607743826,0.1303248558194548,0.9942668209532378,0.3648730267817821,0.38996621559172306
GBSA-TCL_vs_C0,TCL,84002,atomic_numbers,0.95,0.050000000000000044,late_70_100,0.5144823430736987,0.05313782390001572,0.9986106303421258,9.682036359670098,9.734833450993062
GBSA-TCL_vs_C0,TCL,84002,pos,0.95,0.050000000000000044,late_70_100,0.10666315452506502,0.08478115189138442,0.9963997619870062,1.2580998505624723,1.2528483214791764
GBSA-TCL_vs_C0,TCL,84002,cell,0.95,0.050000000000000044,late_70_100,0.032822646207447334,0.05646114618944301,0.99846044087136,0.5813315602435369,0.5743087407727235
GBSA-TCL_vs_C0,TCL,84003,atomic_numbers,0.95,0.050000000000000044,late_70_100,0.7047144617380057,0.07004142412879719,0.9976892024587504,10.061395388565009,10.209350700290495
GBSA-TCL_vs_C0,TCL,84003,pos,0.95,0.050000000000000044,late_70_100,0.062399714308065665,0.06118013064629136,0.9982003401514782,1.0199343095362978,1.0304617696997658
GBSA-TCL_vs_C0,TCL,84003,cell,0.95,0.050000000000000044,late_70_100,0.12128697730465934,0.16957304708719723,0.9910010843666014,0.7152491471259086,0.7832747800607803
GBSA-TCL_vs_C0,TCL,84004,atomic_numbers,0.95,0.050000000000000044,late_70_100,0.57059747405436,0.05364370013062629,0.9986695811117985,10.636803066621317,10.779910528692742
GBSA-TCL_vs_C0,TCL,84004,pos,0.95,0.050000000000000044,late_70_100,0.08305802778554505,0.07006221104181111,0.9975836820486393,1.185489674825969,1.171895582189598
GBSA-TCL_vs_C0,TCL,84004,cell,0.95,0.050000000000000044,late_70_100,0.013361097033521898,0.012305781707665343,0.9999598336668621,1.0857576829271394,1.0948693473300013
GBSA-TCL_vs_C0,TCL,84005,atomic_numbers,0.95,0.050000000000000044,late_70_100,0.5870962913388543,0.048852831479192324,0.9988246901511025,12.017651250960013,11.930070719604206
GBSA-TCL_vs_C0,TCL,84005,pos,0.95,0.050000000000000044,late_70_100,0.020103298127931487,0.030412346648657957,0.9998928334477164,0.6610242333542061,0.6785742368041418
GBSA-TCL_vs_C0,TCL,84005,cell,0.95,0.050000000000000044,late_70_100,0.058739526484009444,0.03234608278362966,0.9995096580509618,1.8159703255856838,1.8298133880329053
GBSA-TCL_vs_C0,TCL,84006,atomic_numbers,0.95,0.050000000000000044,late_70_100,0.6418874612434035,0.05810337334596052,0.9983185758015508,11.047335538015354,10.984597481383734
GBSA-TCL_vs_C0,TCL,84006,pos,0.95,0.050000000000000044,late_70_100,0.05029791266649621,0.04777990699434069,0.9992416937783022,1.0527000957212782,1.0810538674222525
GBSA-TCL_vs_C0,TCL,84006,cell,0.95,0.050000000000000044,late_70_100,0.028806895601576194,0.02362605748678807,0.9997575162171827,1.2192849195294349,1.2294269273968392
GBSA-TCL_vs_C0,TCL,84007,atomic_numbers,0.95,0.050000000000000044,late_70_100,0.6002806518967898,0.06324979767294873,0.9980065437579873,9.49063355112555,9.431900881566072
GBSA-TCL_vs_C0,TCL,84007,pos,0.95,0.050000000000000044,late_70_100,0.12877624733975043,0.14636402028093706,0.9932556660545557,0.8798354069024071,0.9524942238988716
GBSA-TCL_vs_C0,TCL,84007,cell,0.95,0.050000000000000044,late_70_100,0.032943056446225215,0.02575504653167357,0.9996868186860531,1.27909131927647,1.2709042402321733
GBSA-TCL_vs_C0,GBSA-TCL,84000,atomic_numbers,0.95,0.050000000000000044,late_70_100,0.5910288987534363,0.06136839083744837,0.9982706720662943,9.630835853573949,9.444499399093225
GBSA-TCL_vs_C0,GBSA-TCL,84000,pos,0.95,0.050000000000000044,late_70_100,0.03025521305838518,0.03126505729071838,0.9996553227554185,0.9677005475172122,0.9837970686716847
GBSA-TCL_vs_C0,GBSA-TCL,84000,cell,0.95,0.050000000000000044,late_70_100,0.03860367628033774,0.039776813567931224,0.9992180477748783,0.9705070069127083,0.9739675232982369
GBSA-TCL_vs_C0,GBSA-TCL,84001,atomic_numbers,0.95,0.050000000000000044,late_70_100,0.7887313209934619,0.06011893470497762,0.9984907069640756,13.119515920633209,12.77889542579808
GBSA-TCL_vs_C0,GBSA-TCL,84001,pos,0.95,0.050000000000000044,late_70_100,0.05701613737518176,0.0886640788456144,0.9962306876353226,0.6430579115862766,0.6524372805246892
GBSA-TCL_vs_C0,GBSA-TCL,84001,cell,0.95,0.050000000000000044,late_70_100,0.08454951423239795,0.14736670045134884,0.9907088280163611,0.5737355452313383,0.6009662007920961
GBSA-TCL_vs_C0,GBSA-TCL,84002,atomic_numbers,0.95,0.050000000000000044,late_70_100,0.5151959197637856,0.059101115195299835,0.9983150175538782,8.717194558196056,8.800285067620717
GBSA-TCL_vs_C0,GBSA-TCL,84002,pos,0.95,0.050000000000000044,late_70_100,0.028528771035385175,0.031868396541337975,0.9994922330403905,0.8952057251571847,0.8942458685093148
GBSA-TCL_vs_C0,GBSA-TCL,84002,cell,0.95,0.050000000000000044,late_70_100,0.02671250498519553,0.02955550326963865,0.9995834324505932,0.9038081585515199,0.9091881604656199
GBSA-TCL_vs_C0,GBSA-TCL,84003,atomic_numbers,0.95,0.050000000000000044,late_70_100,0.5659047141833454,0.059899970304033504,0.9982458921218192,9.447495738495201,9.51692590746679
GBSA-TCL_vs_C0,GBSA-TCL,84003,pos,0.95,0.050000000000000044,late_70_100,0.012757644990342617,0.013314120076485947,0.9999697805692586,0.9582041409461133,0.9685321189875686
GBSA-TCL_vs_C0,GBSA-TCL,84003,cell,0.95,0.050000000000000044,late_70_100,0.022205877305089883,0.015614009263353911,0.9999719886976488,1.4221765166495124,1.4416249334139999
GBSA-TCL_vs_C0,GBSA-TCL,84004,atomic_numbers,0.95,0.050000000000000044,late_70_100,0.7113294424275143,0.05946370125594475,0.9982318434664474,11.962414505040602,11.921443425955461
GBSA-TCL_vs_C0,GBSA-TCL,84004,pos,0.95,0.050000000000000044,late_70_100,0.10439324505045379,0.12474246695583377,0.9929456438333069,0.8368701341093022,0.7985359773295915
GBSA-TCL_vs_C0,GBSA-TCL,84004,cell,0.95,0.050000000000000044,late_70_100,0.16589496497166886,0.1765891556468692,0.9863408407563973,0.9394402751628427,0.8668080555684601
GBSA-TCL_vs_C0,GBSA-TCL,84005,atomic_numbers,0.95,0.050000000000000044,late_70_100,0.5828682996624074,0.05101679040460381,0.9988125427554727,11.425028800122417,11.5844328029597
GBSA-TCL_vs_C0,GBSA-TCL,84005,pos,0.95,0.050000000000000044,late_70_100,0.009094937252918643,0.012422981179018145,0.9999930930132265,0.7321058546139941,0.7407791566682037
GBSA-TCL_vs_C0,GBSA-TCL,84005,cell,0.95,0.050000000000000044,late_70_100,0.07962443634143188,0.06957697067765715,0.9977149643534025,1.144407920694386,1.1608088542702069
GBSA-TCL_vs_C0,GBSA-TCL,84006,atomic_numbers,0.95,0.050000000000000044,late_70_100,0.5312934158766036,0.051413842595195776,0.9986796275784975,10.333664808127937,10.298389442073303
GBSA-TCL_vs_C0,GBSA-TCL,84006,pos,0.95,0.050000000000000044,late_70_100,0.05113752667871558,0.0563218236624197,0.9984149680768554,0.90795225284647,0.9084596769695497
GBSA-TCL_vs_C0,GBSA-TCL,84006,cell,0.95,0.050000000000000044,late_70_100,0.017635699291729093,0.01816124371681148,0.9998529035757323,0.9710623108594759,0.965120711502775
GBSA-TCL_vs_C0,GBSA-TCL,84007,atomic_numbers,0.95,0.050000000000000044,late_70_100,0.625947337906578,0.05787724617639361,0.9984505238043476,10.815085016292349,10.626226667752517
GBSA-TCL_vs_C0,GBSA-TCL,84007,pos,0.95,0.050000000000000044,late_70_100,0.015005464528558624,0.023160244114912874,0.9997522882743632,0.6478975115334216,0.6518873490949884
GBSA-TCL_vs_C0,GBSA-TCL,84007,cell,0.95,0.050000000000000044,late_70_100,0.056525366685422795,0.07712588437123867,0.9970302660790099,0.7328974850173893,0.7276329165627091
