method,evaluation_index,seed,input_path,output_path,gate_probability,gate_applied,accepted_steps,fallback_count,backtracking_count,maximum_wrapped_displacement_angstrom,minimum_distance_angstrom,input_hash,output_hash,atomic_numbers_unchanged,cell_unchanged,exact_baseline_fallback
ALWAYS_ON,0,40000,/data/dxl/results/q3_e3_pcr/formal256/generation/C0/40000/generated_crystals.extxyz,/data/dxl/results/q3_e3_pcr/formal256/refined/ALWAYS_ON/00/refined_structure.extxyz,0.308567377288957,True,5,0,0,0.0032004080336730904,3.094427807045973,2830b2e216236792653f5ec35f20c07c685a0308072dcdcf4f3c72edba6f2794,9960e2057856ee1ea93d664a2d1d5f7a0589603de7d108c81a502cd492abab43,True,True,False
ALWAYS_ON,1,40001,/data/dxl/results/q3_e3_pcr/formal256/generation/C0/40001/generated_crystals.extxyz,/data/dxl/results/q3_e3_pcr/formal256/refined/ALWAYS_ON/01/refined_structure.extxyz,0.5028613563253412,True,5,0,0,0.012912141367124421,2.0410852340336847,5a92f8893f7803a12ef6e0d22cf7de6bd68dd89894d3d2e06f9c4cf1bbcd5d38,ada79e69b513aed27636f76b23dd781a69c980b9e040a445cc4ba62c6a3ab012,True,True,False
ALWAYS_ON,2,40002,/data/dxl/results/q3_e3_pcr/formal256/generation/C0/40002/generated_crystals.extxyz,/data/dxl/results/q3_e3_pcr/formal256/refined/ALWAYS_ON/02/refined_structure.extxyz,0.9782834653693858,True,5,0,0,0.0011639484714962697,3.5789705245306425,f32204ab4b07b78b201ba7d705d5fd168b2d230b0f2415ce318f517ab91b2763,fc89fa73a9b37845879d45233a561e01e682d8bcb275e6abc10256ac17fc77a8,True,True,False
ALWAYS_ON,3,40003,/data/dxl/results/q3_e3_pcr/formal256/generation/C0/40003/generated_crystals.extxyz,/data/dxl/results/q3_e3_pcr/formal256/refined/ALWAYS_ON/03/refined_structure.extxyz,0.9080629442526431,True,5,0,0,0.01171147345587153,2.3450135401481758,5a802559b3fcbd531bde4d3e025b04f2e4b80e00a7000694e29779e5a95999f8,e1db69ae10f1803e2186a564a527c31d5d75e48909991e753262ad1d8b9b953a,True,True,False
ALWAYS_ON,4,40004,/data/dxl/results/q3_e3_pcr/formal256/generation/C0/40004/generated_crystals.extxyz,/data/dxl/results/q3_e3_pcr/formal256/refined/ALWAYS_ON/04/refined_structure.extxyz,0.9717844964643441,True,5,0,0,0.004462506253575719,3.105093073649983,8063e6a09ef6ce1a915449575e3a9e512a851c2aa51e2b1b2372030aad921931,de441a3e8fab8f06dd22ed3a32099c3e9b0f965ff9beaedec2a5681dd69c3ed9,True,True,False
ALWAYS_ON,5,40005,/data/dxl/results/q3_e3_pcr/formal256/generation/C0/40005/generated_crystals.extxyz,/data/dxl/results/q3_e3_pcr/formal256/refined/ALWAYS_ON/05/refined_structure.extxyz,0.8925125992589624,True,5,0,0,0.007214491828493632,2.5620416044220553,66d679a1923d3ea8f42d2e3c4560c97ba31a8a0ca19ee4c9ebe02f0430cbe366,6fc4482ee4fe3ec5920bef49d6e1b057314705245d0780b98c26ccff998f0cc5,True,True,False
ALWAYS_ON,6,40006,/data/dxl/results/q3_e3_pcr/formal256/generation/C0/40006/generated_crystals.extxyz,/data/dxl/results/q3_e3_pcr/formal256/refined/ALWAYS_ON/06/refined_structure.extxyz,0.931873499548729,True,5,0,0,0.0034209417072343135,1.6871362061205784,851732bd338147f7f1a1ad1e1ced5502b327f8a64be4b5c910bd1479cfeacd0d,341dc44cdc66639f31bf5eb987db9ace927cfd3cfeee6431e9cc4923c3b09a1f,True,True,False
ALWAYS_ON,7,40007,/data/dxl/results/q3_e3_pcr/formal256/generation/C0/40007/generated_crystals.extxyz,/data/dxl/results/q3_e3_pcr/formal256/refined/ALWAYS_ON/07/refined_structure.extxyz,0.0057831934526070584,True,5,0,0,0.006789412698849674,2.581972005153763,7e90160f34d7a6b322d7a8b30ae25889bab15e44b244c51ed6b464973f7e4251,694cb07b511727efa099dd9c492cd7d16fc1da0a1df10679bd8e717c176b16cf,True,True,False
ALWAYS_ON,8,40008,/data/dxl/results/q3_e3_pcr/formal256/generation/C0/40008/generated_crystals.extxyz,/data/dxl/results/q3_e3_pcr/formal256/refined/ALWAYS_ON/08/refined_structure.extxyz,0.8379986904206073,True,5,0,0,0.0016269590635292095,2.473842507518836,a7853ae9349ea568a57934aa58e6b20502dff524d614c13a3bb25703d93d4927,ab07c5fdb98a2152fc5022253a19c57c8fdd4c080d2ccdd8a6fcf7d5abeb5f02,True,True,False
ALWAYS_ON,9,40009,/data/dxl/results/q3_e3_pcr/formal256/generation/C0/40009/generated_crystals.extxyz,/data/dxl/results/q3_e3_pcr/formal256/refined/ALWAYS_ON/09/refined_structure.extxyz,0.11197584772746746,True,5,0,0,0.011109740722105493,2.6043771657671693,1187292069bc2036a221987131d7e39394e9b4e58361613d4e2cc2609d30555c,4aa17e64032960348f025f6d8141e1400597669b6259bfc5c564c7ce9abc8466,True,True,False
ALWAYS_ON,10,40010,/data/dxl/results/q3_e3_pcr/formal256/generation/C0/40010/generated_crystals.extxyz,/data/dxl/results/q3_e3_pcr/formal256/refined/ALWAYS_ON/10/refined_structure.extxyz,0.06814817617145388,True,5,0,0,0.0007095749458654328,2.4490624623955606,847d21d53213d1f5fd32a18f91dcbc44a9cd986d1b996b4d1e39f022f3676a4d,6023bde4bcd5a4ee6c8699c35a752d49fca601af5d6b14d2d48994cc0653d31b,True,True,False
ALWAYS_ON,11,40011,/data/dxl/results/q3_e3_pcr/formal256/generation/C0/40011/generated_crystals.extxyz,/data/dxl/results/q3_e3_pcr/formal256/refined/ALWAYS_ON/11/refined_structure.extxyz,0.9077273681253339,True,5,0,0,0.011014024596763013,2.506572782626077,a1dc329e20f70545cd888544c8a57b776882616b467d6478b6aad9ec89dcfeec,8347b1f696d10b6d3faec3b0302763415ab296f80b6a1c6781cf91ca9eed3a3d,True,True,False
ALWAYS_ON,12,40012,/data/dxl/results/q3_e3_pcr/formal256/generation/C0/40012/generated_crystals.extxyz,/data/dxl/results/q3_e3_pcr/formal256/refined/ALWAYS_ON/12/refined_structure.extxyz,0.6413429823777773,True,5,0,0,0.009024621559522831,2.2242086846687497,6c669b1d98107b66e0d3873a3be8e49da2e9b5815dcebc612e5d9d78c0a36aab,bb024f7975557c1ca59797de1aec0c5a60f6388d434fb8ba2393e608f7c0c86e,True,True,False
ALWAYS_ON,13,40013,/data/dxl/results/q3_e3_pcr/formal256/generation/C0/40013/generated_crystals.extxyz,/data/dxl/results/q3_e3_pcr/formal256/refined/ALWAYS_ON/13/refined_structure.extxyz,0.5021117883958977,True,5,0,0,0.008218943556188624,2.3889686724487476,dbb5f428aa22aaeea92be288a3d664e66f61ed308fa41377682e38bbec944c6c,a761fe77af385d809e3b5b95863b6d70e4df47cfbd2fa3b6e4cce6afb70c7537,True,True,False
ALWAYS_ON,14,40014,/data/dxl/results/q3_e3_pcr/formal256/generation/C0/40014/generated_crystals.extxyz,/data/dxl/results/q3_e3_pcr/formal256/refined/ALWAYS_ON/14/refined_structure.extxyz,0.5948117938598857,True,5,0,0,0.00029640871731441795,1.8529303104778654,2b691ddb8908b97e189e322b253d8fd20c46b068c1b141857edcaace41664dad,ca4cccb1d19a84bfbc14797a6c6b09c9e48ef0fe4b5ae0be84a4d716dcefdd6b,True,True,False
ALWAYS_ON,15,40015,/data/dxl/results/q3_e3_pcr/formal256/generation/C0/40015/generated_crystals.extxyz,/data/dxl/results/q3_e3_pcr/formal256/refined/ALWAYS_ON/15/refined_structure.extxyz,0.8686738037918926,True,5,0,0,0.006549034966083367,2.1003490908459175,60fdb566f312a4df1543a2f54f58726d06a238874aa8e34594f1c9f67d250b61,9ffac1867a8a36646f0724c7aa9c5bfbe96401d7044a38fd4afa1cec2ef7451e,True,True,False
ALWAYS_ON,16,40016,/data/dxl/results/q3_e3_pcr/formal256/generation/C0/40016/generated_crystals.extxyz,/data/dxl/results/q3_e3_pcr/formal256/refined/ALWAYS_ON/16/refined_structure.extxyz,0.1857618964330877,True,5,0,0,0.02026933395732859,2.194361680534333,d4cd6500667563a240c19cf2aec0e2b9f8a013e3d45b8543c18a562441967d9d,aa88a3f0665762614056cbc7077922ce522ec8a416acbdc1523cdeb19858829b,True,True,False
ALWAYS_ON,17,40017,/data/dxl/results/q3_e3_pcr/formal256/generation/C0/40017/generated_crystals.extxyz,/data/dxl/results/q3_e3_pcr/formal256/refined/ALWAYS_ON/17/refined_structure.extxyz,0.9827588717146994,True,5,0,0,0.01972556892129102,1.7918774760558964,9a3ed2c837ecd12e9e26a3f51142ea088f35b0153d5fe96ba53e66f40d8510d8,378b26ef75a35e86f3443adf974b971a034c808e4a988ed8ee4a10c44d8d7aa8,True,True,False
ALWAYS_ON,18,40018,/data/dxl/results/q3_e3_pcr/formal256/generation/C0/40018/generated_crystals.extxyz,/data/dxl/results/q3_e3_pcr/formal256/refined/ALWAYS_ON/18/refined_structure.extxyz,0.2596042569999757,True,5,0,0,0.015663376132379767,2.6060977535953427,8a7b9551b029cf42d9250697a2c730103f63ec08b5e9d1c550dd088e719d26ce,2ee38327d1aead0d7e395107bcee0121b79c292fdc5aed61b77c8f2df2f57f04,True,True,False
ALWAYS_ON,19,40019,/data/dxl/results/q3_e3_pcr/formal256/generation/C0/40019/generated_crystals.extxyz,/data/dxl/results/q3_e3_pcr/formal256/refined/ALWAYS_ON/19/refined_structure.extxyz,0.38621079777729,True,5,0,0,0.003237748568156588,2.476612815615203,aa589d909ae3158a790cf23e53a4df84fd7298819694e38996e6efd895d3173e,f9cf8bd4ad3ffd2f60dc5b6dc8ba6d93d9d332460a9f485bcced64e0bc9b7409,True,True,False
ALWAYS_ON,20,40020,/data/dxl/results/q3_e3_pcr/formal256/generation/C0/40020/generated_crystals.extxyz,/data/dxl/results/q3_e3_pcr/formal256/refined/ALWAYS_ON/20/refined_structure.extxyz,0.9563256887099301,True,5,0,0,0.022463074659480258,2.129309473050751,0d3cd12128fa140b5a5a01c94b8c169afc666a617087fecbdd53129811c002ce,a71ffe2210c1ee44901f694bd9a508487f49694bfa54317f531798dd05ee25b8,True,True,False
ALWAYS_ON,21,40021,/data/dxl/results/q3_e3_pcr/formal256/generation/C0/40021/generated_crystals.extxyz,/data/dxl/results/q3_e3_pcr/formal256/refined/ALWAYS_ON/21/refined_structure.extxyz,0.12313706016169298,True,5,0,0,0.004028081451448118,2.7299704731576906,d307cfb0bd805c67ebc8cab261a2adc501ded5ad790d96aa1c368d63902e35b7,666adc5995e51f58f439a249e2d9e4edbcc8d8c5243b6c91cbd04d2580549359,True,True,False
ALWAYS_ON,22,40022,/data/dxl/results/q3_e3_pcr/formal256/generation/C0/40022/generated_crystals.extxyz,/data/dxl/results/q3_e3_pcr/formal256/refined/ALWAYS_ON/22/refined_structure.extxyz,0.9625970411304215,True,5,0,0,0.01247194524093615,1.7001331879507295,98346fe7668bd672f05ba493ba78a5bfd866e4357793998cc738ef42025bb9e7,f184147a17c619e619d94f461cd44a9d34b76e238c8ab0691800d3631250335f,True,True,False
ALWAYS_ON,23,40023,/data/dxl/results/q3_e3_pcr/formal256/generation/C0/40023/generated_crystals.extxyz,/data/dxl/results/q3_e3_pcr/formal256/refined/ALWAYS_ON/23/refined_structure.extxyz,0.9885244987353776,True,5,0,0,0.006541085449227795,3.0671908473215255,718ea2006b55a2bc98e3c71ef729fcb4ff4769efd46c72585beefb5f01a6c71c,e17d247b220b42e273a974e9d3d1bf24f1f639dedc43dfd6f895ce3b2aed0036,True,True,False
ALWAYS_ON,24,40024,/data/dxl/results/q3_e3_pcr/formal256/generation/C0/40024/generated_crystals.extxyz,/data/dxl/results/q3_e3_pcr/formal256/refined/ALWAYS_ON/24/refined_structure.extxyz,0.4276309680226393,True,5,0,0,0.0017164668275554777,2.423608693058332,d7b89ddbc26641847b92c75293dcacc9c8114efcd5bdfac0462d9d3972046e18,b03f1dd213732f92f8028fb73fb5cf1720e16f1655e256f8c42fc404ca24526e,True,True,False
ALWAYS_ON,25,40025,/data/dxl/results/q3_e3_pcr/formal256/generation/C0/40025/generated_crystals.extxyz,/data/dxl/results/q3_e3_pcr/formal256/refined/ALWAYS_ON/25/refined_structure.extxyz,0.8873457971283903,True,5,0,0,0.003359279092216449,2.3883483421946026,ab87991965949715475ccdd53cf9cc22e8aa7ed0e04a11b17bdcaeccaf9a4da5,4c8677894d864591152055630cccc7f4cc4aa676fef056e9f9a7c3bc85abc63f,True,True,False
ALWAYS_ON,26,40026,/data/dxl/results/q3_e3_pcr/formal256/generation/C0/40026/generated_crystals.extxyz,/data/dxl/results/q3_e3_pcr/formal256/refined/ALWAYS_ON/26/refined_structure.extxyz,0.9718163884915998,True,5,0,0,0.017304156755742112,1.6898828233843481,479914c6a697dae044736ffeb7129ac0e2ebd3badfd6cafde1f6c128f8bddf70,31aac986c2a3b4ac56f378a79f8a853e72e3a0a6121accff82b183801897fba5,True,True,False
ALWAYS_ON,27,40027,/data/dxl/results/q3_e3_pcr/formal256/generation/C0/40027/generated_crystals.extxyz,/data/dxl/results/q3_e3_pcr/formal256/refined/ALWAYS_ON/27/refined_structure.extxyz,0.9207508142659679,True,5,0,0,0.009953045363233746,2.0925145240272607,46d5a80e8561bdb0bbd714d0970c7ad77f16493827777347d0a9c5a32925e52d,63e17018c05ccfb793b735eaa8b8f1100ee31b41dd3249c6498e1c3dbe8ec926,True,True,False
ALWAYS_ON,28,40028,/data/dxl/results/q3_e3_pcr/formal256/generation/C0/40028/generated_crystals.extxyz,/data/dxl/results/q3_e3_pcr/formal256/refined/ALWAYS_ON/28/refined_structure.extxyz,0.9451817652595487,True,5,0,0,0.00664908755658985,2.4284045928063227,d6bad6dfc5b966461b4d4d2aaae1a9c84afa21efdd56efffee5f4ec9abfdfb9e,506a4e2508660ce7a0ae7741c690cd5b6a50f983b11b40439894e5cba30e0c1d,True,True,False
ALWAYS_ON,29,40029,/data/dxl/results/q3_e3_pcr/formal256/generation/C0/40029/generated_crystals.extxyz,/data/dxl/results/q3_e3_pcr/formal256/refined/ALWAYS_ON/29/refined_structure.extxyz,0.7261103562884283,True,5,0,0,0.0010812729935127396,2.896352349169723,ed418fa6ee0f8206e9ad08147f1de85fcb273d41590473cc1c654fde9cbfdfd8,669381fca65b636ced976b734392cf97123813efc31156f18808b1b1614c5442,True,True,False
ALWAYS_ON,30,40030,/data/dxl/results/q3_e3_pcr/formal256/generation/C0/40030/generated_crystals.extxyz,/data/dxl/results/q3_e3_pcr/formal256/refined/ALWAYS_ON/30/refined_structure.extxyz,0.9870929621313249,True,5,0,0,0.004596453872432397,2.4326798717334994,6d8afcaf9fe98863b41faaea6a0e826c8e5910994ddfc5ca704969b035d7bd7d,19d992f8126271f7c0c799fd7cfbd4d7245bc0263f19a8a130fb286b63ce2e30,True,True,False
ALWAYS_ON,31,40031,/data/dxl/results/q3_e3_pcr/formal256/generation/C0/40031/generated_crystals.extxyz,/data/dxl/results/q3_e3_pcr/formal256/refined/ALWAYS_ON/31/refined_structure.extxyz,0.2295618624698231,True,5,0,0,0.008043228680238566,2.6466955249012662,3fa880851568b05e58b2208f9bd6051a25104c1e7c1a97658da5116a1f3fb340,7cfe727983996eac012ada84d9eb424ed647d7aafdff6978ba1fee5ba1a2cf0c,True,True,False
ALWAYS_ON,32,40032,/data/dxl/results/q3_e3_pcr/formal256/generation/C0/40032/generated_crystals.extxyz,/data/dxl/results/q3_e3_pcr/formal256/refined/ALWAYS_ON/32/refined_structure.extxyz,0.11073523480261789,True,5,0,0,0.00720586094002075,2.7233973606320196,3e9226424a7acf469a207bb48d6e8a105195c33b1164bc41a8d4e6a0a1441235,d4f409f787ab3067cda2f5418f7077633f856fb1dc78b753fb5d68e5a88f833c,True,True,False
ALWAYS_ON,33,40033,/data/dxl/results/q3_e3_pcr/formal256/generation/C0/40033/generated_crystals.extxyz,/data/dxl/results/q3_e3_pcr/formal256/refined/ALWAYS_ON/33/refined_structure.extxyz,0.9889462627219072,True,5,0,0,0.013282766733140529,2.6085624399225207,018a13e5586b5069975325764580aafd1a402594218117cbe35680ce02678afe,db31dbe66fc052246f147f4ab6d47ace2cbae503bec1f40bcd1ed65636fa622e,True,True,False
ALWAYS_ON,34,40034,/data/dxl/results/q3_e3_pcr/formal256/generation/C0/40034/generated_crystals.extxyz,/data/dxl/results/q3_e3_pcr/formal256/refined/ALWAYS_ON/34/refined_structure.extxyz,0.7239388429811711,True,5,0,0,0.007006468659888652,2.4162909516604727,c8c774f37beb9bc3da290fd43ba56e47441ef9da616e8a57dd0acdd279aa6ded,250106075ae16da9e93d29fe027d03aeb52b9bde3386daef59e314579c599bee,True,True,False
ALWAYS_ON,35,40035,/data/dxl/results/q3_e3_pcr/formal256/generation/C0/40035/generated_crystals.extxyz,/data/dxl/results/q3_e3_pcr/formal256/refined/ALWAYS_ON/35/refined_structure.extxyz,0.9891490377399818,True,5,0,0,0.007817704509156417,2.5430574146808183,038e39fb84d56418492ee08ef45539a5ae8984184853a70d8e699ae6d09b39e5,c087de476460be1f3410042657f91ba202715d50b30648eef929b7b0b53e2765,True,True,False
ALWAYS_ON,36,40036,/data/dxl/results/q3_e3_pcr/formal256/generation/C0/40036/generated_crystals.extxyz,/data/dxl/results/q3_e3_pcr/formal256/refined/ALWAYS_ON/36/refined_structure.extxyz,0.7448965895266937,True,5,0,0,0.015670044127283057,1.9334197700609361,df52626d764981e33087abcddd88f3a61b35183f8b28dee4dd23fb80f0af4fc6,c027a1230772647201f9af9f9ca254fc15cfe0097cdc029555d69e37a1f93b76,True,True,False
ALWAYS_ON,37,40037,/data/dxl/results/q3_e3_pcr/formal256/generation/C0/40037/generated_crystals.extxyz,/data/dxl/results/q3_e3_pcr/formal256/refined/ALWAYS_ON/37/refined_structure.extxyz,0.4373438327415417,True,5,0,0,0.02925120389754138,2.039555606594307,76a24d90d50d0b6e3cce53d47cac924d2794d52b5ec126cd3cba4b7105051ea7,a7b3ff2bdc33efcf10ba795ffb3b8ce2486ed43dbd0f9f1cfe181d8df2e8b303,True,True,False
ALWAYS_ON,38,40038,/data/dxl/results/q3_e3_pcr/formal256/generation/C0/40038/generated_crystals.extxyz,/data/dxl/results/q3_e3_pcr/formal256/refined/ALWAYS_ON/38/refined_structure.extxyz,0.02180246755074408,True,5,0,0,0.00047276192888116424,2.5839273325269807,27f7f3da693ce88e4240db9911f36d8c861f675cb51bbb8d9e943b6266f1352f,b2c3265924aa3207ab75ed6c6b214a7fdb3f53b01ac49ddd3bed46767690396d,True,True,False
ALWAYS_ON,39,40039,/data/dxl/results/q3_e3_pcr/formal256/generation/C0/40039/generated_crystals.extxyz,/data/dxl/results/q3_e3_pcr/formal256/refined/ALWAYS_ON/39/refined_structure.extxyz,0.984687135153402,True,5,0,0,0.02676265508339547,1.7258846781107058,961d97875828fc673610dd1ad049326734cbd8de20a2ef69a1cb078e90b9bc03,8e5e30ffc373ab604c4e289a9675f6ecb167946961726c5cbba3d682df1b4836,True,True,False
ALWAYS_ON,40,40040,/data/dxl/results/q3_e3_pcr/formal256/generation/C0/40040/generated_crystals.extxyz,/data/dxl/results/q3_e3_pcr/formal256/refined/ALWAYS_ON/40/refined_structure.extxyz,0.06150700752914184,True,5,0,0,0.00910966631606757,2.093511210513964,37beab1487b8ae36278059c2461bfdb1f4910d60d54957df6a8f1b426df15acf,6ad2b2c5433074f86fbcc624c3761f771beaec2140ff350f203bd49444bd6998,True,True,False
ALWAYS_ON,41,40041,/data/dxl/results/q3_e3_pcr/formal256/generation/C0/40041/generated_crystals.extxyz,/data/dxl/results/q3_e3_pcr/formal256/refined/ALWAYS_ON/41/refined_structure.extxyz,0.9605456088605212,True,5,0,0,0.005244643767912395,1.954403607397271,e0a7891c80076bf616f6da22f5a6595f6986de62bf4651f8e25837e4e2b05b5b,a6641350428b4b67da521bd233bab026bcb5ff1cb7db9c5d012cccf812ee90b4,True,True,False
ALWAYS_ON,42,40042,/data/dxl/results/q3_e3_pcr/formal256/generation/C0/40042/generated_crystals.extxyz,/data/dxl/results/q3_e3_pcr/formal256/refined/ALWAYS_ON/42/refined_structure.extxyz,0.7477808025932574,True,5,0,0,0.013694594345029338,2.5927656841989783,e1c9c02f76c6eae4088a08e7e1acb800511c533c3b169b86aa33e0a46b9cbdfa,e4b4bbd1cd62ceb08352e0c155ed0a8ea4b34610a0edc92415551483e0819ab3,True,True,False
ALWAYS_ON,43,40043,/data/dxl/results/q3_e3_pcr/formal256/generation/C0/40043/generated_crystals.extxyz,/data/dxl/results/q3_e3_pcr/formal256/refined/ALWAYS_ON/43/refined_structure.extxyz,0.43613583957891644,True,5,0,0,0.0030992724362179417,2.5040512232747347,62a809195c135df2e1d36a7a62380bb0c0bddbb5cc0aa25f7112ac1b5edfcb03,8c9dbb5487f89681bdaede668dc4806cdec83ae3d91dcd5a1305eff0f921bb52,True,True,False
ALWAYS_ON,44,40044,/data/dxl/results/q3_e3_pcr/formal256/generation/C0/40044/generated_crystals.extxyz,/data/dxl/results/q3_e3_pcr/formal256/refined/ALWAYS_ON/44/refined_structure.extxyz,0.8935844459084668,True,5,0,0,0.016457133798729873,1.9482150887903344,2776a224b42a199952820fbdcdddf3a0836df9cb0e0901f72a1c054403139b1d,7fb344928699c320fd4d0a395301385535dbb5a9c5a21fed79c31ed75a5145cf,True,True,False
ALWAYS_ON,45,40045,/data/dxl/results/q3_e3_pcr/formal256/generation/C0/40045/generated_crystals.extxyz,/data/dxl/results/q3_e3_pcr/formal256/refined/ALWAYS_ON/45/refined_structure.extxyz,0.18004322645889223,True,5,0,0,0.0055377614597503216,2.397835511966564,3a2e5508323b3b14fbe37a6eda2294e92203ad5fdabb7009bc1adcf26505d3c3,ac39e46b1f317977c19fd465e20e2a2dfd933f5ed8a88b2e622e1795e55a708a,True,True,False
ALWAYS_ON,46,40046,/data/dxl/results/q3_e3_pcr/formal256/generation/C0/40046/generated_crystals.extxyz,/data/dxl/results/q3_e3_pcr/formal256/refined/ALWAYS_ON/46/refined_structure.extxyz,0.09482210495382705,True,5,0,0,0.006385507002478161,2.465776728565021,739a52e1919ad083d169c33ce4dd1d9230fe3a183f29f6c5c72a870f64fa3307,064cffc08af6e74cdfc969411cbc501678e624041a249ac56679b20392bf6bf1,True,True,False
ALWAYS_ON,47,40047,/data/dxl/results/q3_e3_pcr/formal256/generation/C0/40047/generated_crystals.extxyz,/data/dxl/results/q3_e3_pcr/formal256/refined/ALWAYS_ON/47/refined_structure.extxyz,0.9100079525728777,True,5,0,0,0.027586074826158966,1.7687806810410611,d243b8bb3d17b4b60096b45b554c00f2a02b347a91b10b60077570e304d6c1d0,e4d1ec243e0e2710ae662c2d8a8234ecb84801baf634640e4309b0ba5fd67bee,True,True,False
ALWAYS_ON,48,40048,/data/dxl/results/q3_e3_pcr/formal256/generation/C0/40048/generated_crystals.extxyz,/data/dxl/results/q3_e3_pcr/formal256/refined/ALWAYS_ON/48/refined_structure.extxyz,0.5782830142038112,True,5,0,0,0.0016880304919636795,2.1667222919593305,f9ae9325ba9298f7e366145350f5413dc069afa7b0126f34a50b855eaacf952f,fde82ba80d11f421f3ebf8c14c70a68dfd3aebb70a8fc3030c78ac983705490d,True,True,False
ALWAYS_ON,49,40049,/data/dxl/results/q3_e3_pcr/formal256/generation/C0/40049/generated_crystals.extxyz,/data/dxl/results/q3_e3_pcr/formal256/refined/ALWAYS_ON/49/refined_structure.extxyz,0.9716134177156177,True,5,0,0,0.0072294002116357016,1.9343266799310639,1f68cd813b908b6792fe0b46f68f29359999b24c75ffbd12c331dce49aeea2f3,ba7581d426477d6f78c3d42d67ab25de7a8deb075941e44baba0c889ad10a775,True,True,False
ALWAYS_ON,50,40050,/data/dxl/results/q3_e3_pcr/formal256/generation/C0/40050/generated_crystals.extxyz,/data/dxl/results/q3_e3_pcr/formal256/refined/ALWAYS_ON/50/refined_structure.extxyz,0.5951572302457512,True,5,0,0,0.00986042600569612,2.971064926816509,b13f40ca9a8ddca797caf8e5ed25e4565256548d51f175beaab2c0c90557d488,7d74e23e00dea7185f72841ce05ff5573118e263909b19fec308e62c8c5ab4f7,True,True,False
ALWAYS_ON,51,40051,/data/dxl/results/q3_e3_pcr/formal256/generation/C0/40051/generated_crystals.extxyz,/data/dxl/results/q3_e3_pcr/formal256/refined/ALWAYS_ON/51/refined_structure.extxyz,0.9907698156328317,True,5,0,0,0.0010104410831414832,3.4712831605147185,18e8fdc6d2a82c48b7ec7a8534cf5223ac6e42a93f57479b14fd07f2b9d96622,2e7e26d53e6d374e25c584e62227b9eb4c7e1b0d35f6dee7aa814e680be5ab39,True,True,False
ALWAYS_ON,52,40052,/data/dxl/results/q3_e3_pcr/formal256/generation/C0/40052/generated_crystals.extxyz,/data/dxl/results/q3_e3_pcr/formal256/refined/ALWAYS_ON/52/refined_structure.extxyz,0.8608314755616938,True,5,0,0,0.012122530440539363,2.2733345583917326,cedb4c5cbfe0eca578059793a714dc8bc70f0128c475c7f1e59f5f61bf362db9,1fe1a9ca10fb7216ecd8fd196a628420246ad6ec5162bf21e00fe1e88bcc9605,True,True,False
ALWAYS_ON,53,40053,/data/dxl/results/q3_e3_pcr/formal256/generation/C0/40053/generated_crystals.extxyz,/data/dxl/results/q3_e3_pcr/formal256/refined/ALWAYS_ON/53/refined_structure.extxyz,0.4080979356808897,True,5,0,0,0.018797147948735344,2.363551526318792,e079d8a722849a854c09ffb006c1d9dab222feebf1dc6fbb3081de93fd48e3df,53d417e43d3dc369b9be8c5f410ba6585559b61cb1d63357bd1d38919925f22f,True,True,False
ALWAYS_ON,54,40054,/data/dxl/results/q3_e3_pcr/formal256/generation/C0/40054/generated_crystals.extxyz,/data/dxl/results/q3_e3_pcr/formal256/refined/ALWAYS_ON/54/refined_structure.extxyz,0.07816666306972762,True,5,0,0,0.004936010878573754,3.3792741174075602,07498f97295fa4fd974062b6dd2fa54bfea7308e54c3262b1f1c554270ba8b35,0bf294b48d76aef6aadec2c76315f6fc17169813c3fb3a06057e8154d2b9d3f5,True,True,False
ALWAYS_ON,55,40055,/data/dxl/results/q3_e3_pcr/formal256/generation/C0/40055/generated_crystals.extxyz,/data/dxl/results/q3_e3_pcr/formal256/refined/ALWAYS_ON/55/refined_structure.extxyz,0.7227649876034862,True,5,0,0,0.007077461849929744,2.4870365232711378,c49a69436e55961bba2cf8e5d7860985538f9572a9108504b380d3c6e028628a,9194d0657979b294c685d0371daeb8e82c1544e36e5d7e8da562aa16c3d6a118,True,True,False
ALWAYS_ON,56,40056,/data/dxl/results/q3_e3_pcr/formal256/generation/C0/40056/generated_crystals.extxyz,/data/dxl/results/q3_e3_pcr/formal256/refined/ALWAYS_ON/56/refined_structure.extxyz,0.4865050944627531,True,5,0,0,0.006371477160133188,2.5120709025479635,7c74eb0bea70af53a4d7c876f7c34fc3739b6f18e97b31c4d3a30c7f7b0d81f0,f0df7d4460826deb7878607c8c1c2094c0376c7dc2879f4b15e5f12871465332,True,True,False
ALWAYS_ON,57,40057,/data/dxl/results/q3_e3_pcr/formal256/generation/C0/40057/generated_crystals.extxyz,/data/dxl/results/q3_e3_pcr/formal256/refined/ALWAYS_ON/57/refined_structure.extxyz,0.7959619887263636,True,5,0,0,0.006084090614224966,2.3986005096656253,674b82614baf316f3fb366eb89c8d87f83c1d7e4fb44e7d646f7c8b34fd39593,73c27144f61352ebd36be129167030199d0932d2df3516583ab92431d0129dbd,True,True,False
ALWAYS_ON,58,40058,/data/dxl/results/q3_e3_pcr/formal256/generation/C0/40058/generated_crystals.extxyz,/data/dxl/results/q3_e3_pcr/formal256/refined/ALWAYS_ON/58/refined_structure.extxyz,0.6599709949321109,True,5,0,0,0.006340573578691642,1.9259208697047128,d4832d59294c885610132a95ebfb4f5de84fa0ab6d473ee07bcc897bc6b4535e,027873130d9cc7bbd7806a211496833f8711b6e81960890b7864f5c7d520b8ad,True,True,False
ALWAYS_ON,59,40059,/data/dxl/results/q3_e3_pcr/formal256/generation/C0/40059/generated_crystals.extxyz,/data/dxl/results/q3_e3_pcr/formal256/refined/ALWAYS_ON/59/refined_structure.extxyz,0.9425079708623224,True,5,0,0,0.010995043280778783,2.3667847162084543,5bd7b06a9c531f2b47d403353defb2f5995222c2f3eaa04b06b11c81fb4382f5,633ad3dd96c6b43572582b082c7f3beb0201770caaf1395e8623c9023e6f02c5,True,True,False
ALWAYS_ON,60,40060,/data/dxl/results/q3_e3_pcr/formal256/generation/C0/40060/generated_crystals.extxyz,/data/dxl/results/q3_e3_pcr/formal256/refined/ALWAYS_ON/60/refined_structure.extxyz,0.06271535734177014,True,5,0,0,0.0019332993421613592,2.12588511089788,489e50a8774e41afea0c71444861e9c7be731ea38a7838d1e7196ed34293978d,e88ffccfb808898d9364224e148b4967e006b71483b7f11c610ae69979e2f2cd,True,True,False
ALWAYS_ON,61,40061,/data/dxl/results/q3_e3_pcr/formal256/generation/C0/40061/generated_crystals.extxyz,/data/dxl/results/q3_e3_pcr/formal256/refined/ALWAYS_ON/61/refined_structure.extxyz,0.7036253665669745,True,5,0,0,0.0004563614336247954,2.4448468599323077,bcd6cc83803ee114d2a25b94b40b47335234c412ac42c4be458fe79318c14bc4,56006ff9b9495fd7c46adc4764b6c7960ffb554bf4034f5b63978a8e8843b4f6,True,True,False
ALWAYS_ON,62,40062,/data/dxl/results/q3_e3_pcr/formal256/generation/C0/40062/generated_crystals.extxyz,/data/dxl/results/q3_e3_pcr/formal256/refined/ALWAYS_ON/62/refined_structure.extxyz,0.9360814132194215,True,5,0,0,0.009119873149227313,1.9409261506099256,1064e8feada31cc5a2a1c8b5b19332da2862dc7c74a3d52e47122fd141e5a0b9,38cea46dde6f89a99bdcef23dbe80069aa2c93d402acd59ef96725752360ba9d,True,True,False
ALWAYS_ON,63,40063,/data/dxl/results/q3_e3_pcr/formal256/generation/C0/40063/generated_crystals.extxyz,/data/dxl/results/q3_e3_pcr/formal256/refined/ALWAYS_ON/63/refined_structure.extxyz,0.927254078476787,True,5,0,0,0.01609730245250453,2.4017501733181033,3db10a1e0ae5ba516e07756e00c874b896c22e15a3f3dcd46b9179d2a5f64c1e,851bd400f09ac56a8c6a31a28c5bdf5fbf8f06fcc98fc76e8533e6fe3d6f4163,True,True,False
ALWAYS_ON,64,40064,/data/dxl/results/q3_e3_pcr/formal256/generation/C0/40064/generated_crystals.extxyz,/data/dxl/results/q3_e3_pcr/formal256/refined/ALWAYS_ON/64/refined_structure.extxyz,0.9378929788137922,True,5,0,0,0.018533596083386988,1.0091997749078887,7a92db9f506b143a5a771a6c4efe91526056b1d25a20866a0b2a5de68ef08ca0,7795b155dedd4438c74dfa1ef95ac65fd2c241b84f4f37f591bdee547c76547d,True,True,False
ALWAYS_ON,65,40065,/data/dxl/results/q3_e3_pcr/formal256/generation/C0/40065/generated_crystals.extxyz,/data/dxl/results/q3_e3_pcr/formal256/refined/ALWAYS_ON/65/refined_structure.extxyz,0.9801372736651244,True,5,0,0,0.001125859610475329,2.3910448013118746,67bf29fcb0d85a078bd32783b27d69b9f99b4221591dddbaaef4f2d406618335,c4b23621b263947c864ec94ce5927ae920faebed5adec928e1a402aedfff308c,True,True,False
ALWAYS_ON,66,40066,/data/dxl/results/q3_e3_pcr/formal256/generation/C0/40066/generated_crystals.extxyz,/data/dxl/results/q3_e3_pcr/formal256/refined/ALWAYS_ON/66/refined_structure.extxyz,0.5720756881405114,True,5,0,0,0.002484588896800263,2.3231112190272794,7efd84fad421476952c887c153b9638dc9943be20f0a643382a63898826af130,c53c355cc12c146cf5773e20425309500c147fa9eeafed635025acf8787a2677,True,True,False
ALWAYS_ON,67,40067,/data/dxl/results/q3_e3_pcr/formal256/generation/C0/40067/generated_crystals.extxyz,/data/dxl/results/q3_e3_pcr/formal256/refined/ALWAYS_ON/67/refined_structure.extxyz,0.7167291417887519,True,5,0,0,0.011104123327422338,2.476723406740021,a7bf9f7da9f41d4e5b5d8df706f85e4b82b907e1d0f19bc9026fe5bcb0a58ffc,da1fab2f43eaeb77ae9c31b9672f5ea61ef78d7396607500d1f1c83d63ffd8a2,True,True,False
ALWAYS_ON,68,40068,/data/dxl/results/q3_e3_pcr/formal256/generation/C0/40068/generated_crystals.extxyz,/data/dxl/results/q3_e3_pcr/formal256/refined/ALWAYS_ON/68/refined_structure.extxyz,0.09552100955955971,True,5,0,0,0.03003195654248577,2.30245907217888,5d1a64c943ec7131ac72a1ecc877da2f8c9234f759181e0470cd3e994bb4debf,5877d96de0cdeb7dc7c6b70d2ec484cbdddd2c2c1d93c2d1c0e4636b2222b0b4,True,True,False
ALWAYS_ON,69,40069,/data/dxl/results/q3_e3_pcr/formal256/generation/C0/40069/generated_crystals.extxyz,/data/dxl/results/q3_e3_pcr/formal256/refined/ALWAYS_ON/69/refined_structure.extxyz,0.9565095433719806,True,5,0,0,0.004788186608321017,2.50209314607232,0a7839e310574c3b570b7ce685a526641003c6c14290649637e8d37f1bf795e2,45217217f7a484651fb7854a297d9f71b26ac199ecb79efef6511c32d27ed51e,True,True,False
ALWAYS_ON,70,40070,/data/dxl/results/q3_e3_pcr/formal256/generation/C0/40070/generated_crystals.extxyz,/data/dxl/results/q3_e3_pcr/formal256/refined/ALWAYS_ON/70/refined_structure.extxyz,0.2727300296249887,True,5,0,0,0.013871869981621071,1.9051878361364172,c257648aa4bd45f9ce65a27f5cd4238877088bae4dce210e80cb38e954d1b92c,539677a1cc657f853a64261430b0d7e8ae826804d722811a00f6eefc9da96af5,True,True,False
ALWAYS_ON,71,40071,/data/dxl/results/q3_e3_pcr/formal256/generation/C0/40071/generated_crystals.extxyz,/data/dxl/results/q3_e3_pcr/formal256/refined/ALWAYS_ON/71/refined_structure.extxyz,0.9375905021865039,True,5,0,0,0.007748990085256242,1.7988708763116097,e0721a4370b5d4e272756e91cdecc579af3445a56bf409f35b9e06824bf27218,7e1ceb267e5715e90a20f5b9221c90a5728445cddc87a5522a4cf6bb810d562c,True,True,False
ALWAYS_ON,72,40072,/data/dxl/results/q3_e3_pcr/formal256/generation/C0/40072/generated_crystals.extxyz,/data/dxl/results/q3_e3_pcr/formal256/refined/ALWAYS_ON/72/refined_structure.extxyz,0.9933877099248964,True,5,0,0,0.018692023470882255,1.7624814916200646,b45c1a53b32883bc0807e48d03e0ffbbdc0ae364930d740b7499138d41972f7a,178f42820bbbb9f86bcda1c8dc36fcb9430ad4e3df22b93ef415c5fdfbcab2fc,True,True,False
ALWAYS_ON,73,40073,/data/dxl/results/q3_e3_pcr/formal256/generation/C0/40073/generated_crystals.extxyz,/data/dxl/results/q3_e3_pcr/formal256/refined/ALWAYS_ON/73/refined_structure.extxyz,0.7367401324030598,True,5,0,0,0.015555934542022549,1.9281589742876828,50cdc2d90ae248d3e8b3860a874c7f77a02f1ece8a21b218960721fd81d39416,e8d649a22d59e814bb91cf2c68868cbc61b01e6efab7641c200757d4727cfeb4,True,True,False
ALWAYS_ON,74,40074,/data/dxl/results/q3_e3_pcr/formal256/generation/C0/40074/generated_crystals.extxyz,/data/dxl/results/q3_e3_pcr/formal256/refined/ALWAYS_ON/74/refined_structure.extxyz,0.13677190548904944,True,5,0,0,0.006647899537882452,2.4014940024827816,9eb71285a5d65743986dc6623bf7391190542e3303fd991d24ef6a029f03d10d,fe64f70639d80e73fe1924081cc2aaab88a8596149a1c3464967b1d8cf6608cd,True,True,False
ALWAYS_ON,75,40075,/data/dxl/results/q3_e3_pcr/formal256/generation/C0/40075/generated_crystals.extxyz,/data/dxl/results/q3_e3_pcr/formal256/refined/ALWAYS_ON/75/refined_structure.extxyz,0.511744655716974,True,5,0,0,0.010336929007139731,2.3513201206479777,25a545cf546b67d8ec90f7fdb64c50be95751432e9f2556ec2c7ec60ae82c0d8,db4a9dad7cd5440b2a1b0ff2b08052c03e96aaac764b6f99f2a55d0bb4cf8152,True,True,False
ALWAYS_ON,76,40076,/data/dxl/results/q3_e3_pcr/formal256/generation/C0/40076/generated_crystals.extxyz,/data/dxl/results/q3_e3_pcr/formal256/refined/ALWAYS_ON/76/refined_structure.extxyz,0.9469933592628165,True,5,0,0,0.002480421782802331,3.8588547125345207,edf210b11369fb3d0ac97af5425d69071be130f175f00dde4be234ad2fa935df,77df56c60f27e01ff4873f9fa046cb077ad23c296d586f1b9bee97ed46ec40ab,True,True,False
ALWAYS_ON,77,40077,/data/dxl/results/q3_e3_pcr/formal256/generation/C0/40077/generated_crystals.extxyz,/data/dxl/results/q3_e3_pcr/formal256/refined/ALWAYS_ON/77/refined_structure.extxyz,0.5768930635689404,True,5,0,0,0.008624310274231136,2.135744949421115,252b34fe3f95d7b85bbf3d5f6de9f80c11a8674a1391a78c29beab8540da5022,839ff27c3d0cd232b2008d8ab78dc53cd1b6ffec1fb3e0840ae0d8507aeaea11,True,True,False
ALWAYS_ON,78,40078,/data/dxl/results/q3_e3_pcr/formal256/generation/C0/40078/generated_crystals.extxyz,/data/dxl/results/q3_e3_pcr/formal256/refined/ALWAYS_ON/78/refined_structure.extxyz,0.9926546712806117,True,5,0,0,0.008254110787995273,1.842990691588304,590d0434547f13cf30b77de61dd1ddc551b6d3a1120d9bec78099dc4a3e7ee38,c8edaf588c77cf265fff767d87280cc8cc4b8a5d1c5ff230a916bc0412693ef1,True,True,False
ALWAYS_ON,79,40079,/data/dxl/results/q3_e3_pcr/formal256/generation/C0/40079/generated_crystals.extxyz,/data/dxl/results/q3_e3_pcr/formal256/refined/ALWAYS_ON/79/refined_structure.extxyz,0.9211150779525275,True,5,0,0,0.0062577177130400344,2.5373118713694596,497e672543827d35f6b2de7a38a23a3efb30fda69e64968334b4384e3995fafd,1d9bb3cfcb6671e4346e5bca64880c1653eb0b5aadffccfed5128bb31b10ecf7,True,True,False
ALWAYS_ON,80,40080,/data/dxl/results/q3_e3_pcr/formal256/generation/C0/40080/generated_crystals.extxyz,/data/dxl/results/q3_e3_pcr/formal256/refined/ALWAYS_ON/80/refined_structure.extxyz,0.6744604626096432,True,5,0,0,0.005643574821919253,2.290336810519035,abab16bd272fce564c648362772b56743b8f2e4877eb08cf3b5e4b3818fef161,531d50576e092e023b828577d274ce966dfa7f732d2b7451f42f670df7486475,True,True,False
ALWAYS_ON,81,40081,/data/dxl/results/q3_e3_pcr/formal256/generation/C0/40081/generated_crystals.extxyz,/data/dxl/results/q3_e3_pcr/formal256/refined/ALWAYS_ON/81/refined_structure.extxyz,0.6056915171321161,True,5,0,0,0.012229847631273664,2.448746029591573,861cfb127d7962f5f367fb84e4d76c921c0b8e492f3ce655ed81766601935644,526468fd9661ad7b94ef33801b8a769df9a623fef3310fdc5ee33f2fcfa26530,True,True,False
ALWAYS_ON,82,40082,/data/dxl/results/q3_e3_pcr/formal256/generation/C0/40082/generated_crystals.extxyz,/data/dxl/results/q3_e3_pcr/formal256/refined/ALWAYS_ON/82/refined_structure.extxyz,0.7651372213707809,True,5,0,0,0.0179420952155789,1.6338231250547288,110f8b3fe50e276d98f08246efca9203de2cc62704839b8e320d7dd1d29c47ac,314fbd2645fe7f2efd8d364dc0d6128f83176c50d843772e6bdece6fc5cb2526,True,True,False
ALWAYS_ON,83,40083,/data/dxl/results/q3_e3_pcr/formal256/generation/C0/40083/generated_crystals.extxyz,/data/dxl/results/q3_e3_pcr/formal256/refined/ALWAYS_ON/83/refined_structure.extxyz,0.9911691499476782,True,5,0,0,0.0029547700124544335,3.63582941721596,ac275fca1ab8f37bd7cd1c4035d6a233ebd73d30ff25a0e09888940e69ad6df9,092b145184d192834fd5dda11152ab142fdbf2e9e3f51ffa4c63e6954176c793,True,True,False
ALWAYS_ON,84,40084,/data/dxl/results/q3_e3_pcr/formal256/generation/C0/40084/generated_crystals.extxyz,/data/dxl/results/q3_e3_pcr/formal256/refined/ALWAYS_ON/84/refined_structure.extxyz,0.7117452213975326,True,5,0,0,0.009388602642033896,2.4118122581103383,e98a29a25ccf13fec62ea92c9adf79eec0ede85bb2a5a86a4516d0ab94ea7fd0,49de8647b56497e75b8a552f3d8cad0981516b81b4d0b71b2ff5818deb42604d,True,True,False
ALWAYS_ON,85,40085,/data/dxl/results/q3_e3_pcr/formal256/generation/C0/40085/generated_crystals.extxyz,/data/dxl/results/q3_e3_pcr/formal256/refined/ALWAYS_ON/85/refined_structure.extxyz,0.9171233948743909,True,5,0,0,0.016767895184604798,1.8274218786378618,de8100a03c5d9481ab24b003ea1004a1d8a12e7887704efae3ce2d5bbbbf62b1,539c85d961e4d71d65962a9f59814ca1cec05058fb67ade282e8b1c24794fe1d,True,True,False
ALWAYS_ON,86,40086,/data/dxl/results/q3_e3_pcr/formal256/generation/C0/40086/generated_crystals.extxyz,/data/dxl/results/q3_e3_pcr/formal256/refined/ALWAYS_ON/86/refined_structure.extxyz,0.5014700082657262,True,5,0,0,0.01820057260155573,1.8732295781459938,189fe3177a5acedee7b69cc9b38502bb4926330eb05b650edbf34fb5d88974f0,17bfaf0e552e039a2503abc11d0e894605d542486e1b02d47cf7699ef43933de,True,True,False
ALWAYS_ON,87,40087,/data/dxl/results/q3_e3_pcr/formal256/generation/C0/40087/generated_crystals.extxyz,/data/dxl/results/q3_e3_pcr/formal256/refined/ALWAYS_ON/87/refined_structure.extxyz,0.8589432410521107,True,5,0,0,0.012833084056862242,1.924495243264128,7adf6f13ae6be1c242bad418988dbe092134cf3748c1b32e158ab3b6b1494c90,bfb9af72d13da1ae8242a080f5240d037efc56c86913b594be9cf2cb75e18e0d,True,True,False
ALWAYS_ON,88,40088,/data/dxl/results/q3_e3_pcr/formal256/generation/C0/40088/generated_crystals.extxyz,/data/dxl/results/q3_e3_pcr/formal256/refined/ALWAYS_ON/88/refined_structure.extxyz,0.9796105824009252,True,5,0,0,0.00732346344619053,2.7724075355472686,07452f81278f21aaacc3b215be8c2715cb9cf7a1bb3c5cccaebac0aea2d58c5a,f49a14451ed1aeceb1bf94eff550adeee2fa3e7ca2ad5a2f098c78ad1e31b820,True,True,False
ALWAYS_ON,89,40089,/data/dxl/results/q3_e3_pcr/formal256/generation/C0/40089/generated_crystals.extxyz,/data/dxl/results/q3_e3_pcr/formal256/refined/ALWAYS_ON/89/refined_structure.extxyz,0.5828952964073519,True,5,0,0,0.003377598797755389,2.1296728469533335,5a0e08d45bd5f76ce571d05c93a329af13dadfcc6cd27ddc8fd91a54584a562e,51f2c6c4ce34c077d00ef5d25951a8cef87729ce70d0af7a155a43c2a4b79f65,True,True,False
ALWAYS_ON,90,40090,/data/dxl/results/q3_e3_pcr/formal256/generation/C0/40090/generated_crystals.extxyz,/data/dxl/results/q3_e3_pcr/formal256/refined/ALWAYS_ON/90/refined_structure.extxyz,0.3330570616089777,True,5,0,0,0.00837696938749331,1.7811460606109228,5bc901fa362ca584379f530361c1ce2b3d4bd4ebb12e11fcc81bd03486060c41,2be4e26f1a1ea57fc14416e850eef46fbc5b7751515ac7cd0ec5d7b706df112b,True,True,False
ALWAYS_ON,91,40091,/data/dxl/results/q3_e3_pcr/formal256/generation/C0/40091/generated_crystals.extxyz,/data/dxl/results/q3_e3_pcr/formal256/refined/ALWAYS_ON/91/refined_structure.extxyz,0.8301092025798695,True,5,0,0,0.004621629351159606,2.4842245589560386,d017d4782ddbb873f9f3f4b0367e9d0cf46a1a6c5bd57a6a6a780d3760172b72,83a7c3edee5af7592eb15ce37c8a20bbe3476aad4a63f6a24b504daa5b9d062a,True,True,False
ALWAYS_ON,92,40092,/data/dxl/results/q3_e3_pcr/formal256/generation/C0/40092/generated_crystals.extxyz,/data/dxl/results/q3_e3_pcr/formal256/refined/ALWAYS_ON/92/refined_structure.extxyz,0.9666466883204086,True,5,0,0,0.0010238610760257203,3.1022892643497175,9bd763e651171fcd49b48bd4718b2fddebf636633676bdcc850e34da1d59f243,c71831641fcd6ce663c286a556392432aa6732adc48c2f1f1d1afbc6d20d8b2b,True,True,False
ALWAYS_ON,93,40093,/data/dxl/results/q3_e3_pcr/formal256/generation/C0/40093/generated_crystals.extxyz,/data/dxl/results/q3_e3_pcr/formal256/refined/ALWAYS_ON/93/refined_structure.extxyz,0.7409852287777428,True,5,0,0,0.007682983922487421,2.3798361752842223,a299bbb1ea32f42a4c07160305baf73a4e346a4968690023a60b857ca55a5523,230fecc01b928f2855625b3894cb47032d6e11309bc600836c748f1274c3725d,True,True,False
ALWAYS_ON,94,40094,/data/dxl/results/q3_e3_pcr/formal256/generation/C0/40094/generated_crystals.extxyz,/data/dxl/results/q3_e3_pcr/formal256/refined/ALWAYS_ON/94/refined_structure.extxyz,0.30404142072975,True,5,0,0,0.004613085132544321,2.4349447055966746,9dfeb440f7ed9be6a73ddf2213035741380ec636fc2fd491160a79974faa3cfe,b3dcf20ad97df63a65b46dd2f1276bc1e323a705f0c5bdbef3b3b1111ef395fb,True,True,False
ALWAYS_ON,95,40095,/data/dxl/results/q3_e3_pcr/formal256/generation/C0/40095/generated_crystals.extxyz,/data/dxl/results/q3_e3_pcr/formal256/refined/ALWAYS_ON/95/refined_structure.extxyz,0.7658258082558651,True,5,0,0,0.010806670342843626,1.974453826381508,5040404f50d9150aec5e7f6fd5f2275901c57dc76937d8480b6e8ad57232bcff,0ca19f9509df42fa9a8cd512af21bee1f3bd80516234de4701c93396de0f36d6,True,True,False
ALWAYS_ON,96,40096,/data/dxl/results/q3_e3_pcr/formal256/generation/C0/40096/generated_crystals.extxyz,/data/dxl/results/q3_e3_pcr/formal256/refined/ALWAYS_ON/96/refined_structure.extxyz,0.997561737396616,True,5,0,0,0.029477183076984957,1.6317958711994058,dfec33e5c336a7b2d8ecf91d0762835c5e2f933122ae3b484bca4f22c96cb100,8bf7faee89d511faab8c1b6718d53a96e13a986d31e73c6c0d63144b2b823bfc,True,True,False
ALWAYS_ON,97,40097,/data/dxl/results/q3_e3_pcr/formal256/generation/C0/40097/generated_crystals.extxyz,/data/dxl/results/q3_e3_pcr/formal256/refined/ALWAYS_ON/97/refined_structure.extxyz,0.9578447873475143,True,5,0,0,0.0008273085583990123,2.099262463421461,27b11975fc92222c672e810c8a9acec0ffe315f658c11adb391975858be7b2bf,a305771bb333be49c939128cdaf4358264cba7df9a9265f6e2d12dc49b3faf0d,True,True,False
ALWAYS_ON,98,40098,/data/dxl/results/q3_e3_pcr/formal256/generation/C0/40098/generated_crystals.extxyz,/data/dxl/results/q3_e3_pcr/formal256/refined/ALWAYS_ON/98/refined_structure.extxyz,0.2235900583849086,True,5,0,0,0.0005723425787934674,3.9491732951905734,cc705ed858217be41f16ddc12b82058cad3fb243bf2c156da1e2bec30abc50a9,9253e7847e3602fe249fcd97825c19d24fd0a2630460e8f06a29903d4a85a421,True,True,False
ALWAYS_ON,99,40099,/data/dxl/results/q3_e3_pcr/formal256/generation/C0/40099/generated_crystals.extxyz,/data/dxl/results/q3_e3_pcr/formal256/refined/ALWAYS_ON/99/refined_structure.extxyz,0.9619855571652722,True,5,0,0,0.02499631872864667,1.986672284343318,1c0d69a6474cbeb48bb0361da076e65d7b23b8aad57f0fa4a0fa442c92935747,1cb0342460226f088914210e2a2476c12b1a2c6b56ba94d6e8f761ef859bd937,True,True,False
ALWAYS_ON,100,40100,/data/dxl/results/q3_e3_pcr/formal256/generation/C0/40100/generated_crystals.extxyz,/data/dxl/results/q3_e3_pcr/formal256/refined/ALWAYS_ON/100/refined_structure.extxyz,0.7045057205598121,True,5,0,0,0.0018750185380683254,2.082632462840377,c588ada03221c8c2bd51ae1037ca368cab9b0207b7f5a5f21cea9c550acd3fbd,d43f9fb95ee349b88bafdb63265c187d6b31ced34e9fac2d060d5610fb728a43,True,True,False
ALWAYS_ON,101,40101,/data/dxl/results/q3_e3_pcr/formal256/generation/C0/40101/generated_crystals.extxyz,/data/dxl/results/q3_e3_pcr/formal256/refined/ALWAYS_ON/101/refined_structure.extxyz,0.02865332489268025,True,5,0,0,0.007822543158295588,2.4239197375479953,3bb8660524a709638685399647362c9725dc6c38ccfe713ffaa876da43670007,1a6f2fc1059296241d2b8978a589f6136ecfdf196d914c7e96a538981eee7af9,True,True,False
ALWAYS_ON,102,40102,/data/dxl/results/q3_e3_pcr/formal256/generation/C0/40102/generated_crystals.extxyz,/data/dxl/results/q3_e3_pcr/formal256/refined/ALWAYS_ON/102/refined_structure.extxyz,0.3565730696403326,True,5,0,0,0.0005354916307465957,2.471666069968633,ff1df01851e7599b8f8ddc75708c8f150288f74d006223cae964a0dd7302731c,c6461b158cb03bc2071c3e329a8b6cf207435dbdbe2b8f68ce065e46fe557c1b,True,True,False
ALWAYS_ON,103,40103,/data/dxl/results/q3_e3_pcr/formal256/generation/C0/40103/generated_crystals.extxyz,/data/dxl/results/q3_e3_pcr/formal256/refined/ALWAYS_ON/103/refined_structure.extxyz,0.025971783764536953,True,5,0,2,0.00012966230292561204,2.5681471096857194,d6f43bf38d5ae3d1b1893c44e2dda7eecf9b04e6aede98a5842e6923a1698108,1eff255194720b6b51dec1a7d744786b25c594bb443fb75ea6844e7a577f01a3,True,True,False
ALWAYS_ON,104,40104,/data/dxl/results/q3_e3_pcr/formal256/generation/C0/40104/generated_crystals.extxyz,/data/dxl/results/q3_e3_pcr/formal256/refined/ALWAYS_ON/104/refined_structure.extxyz,0.34785926189033206,True,5,0,0,0.014320161434306164,2.374102454042755,d8e598dfa23b65b06350a991b24ea38b29730d3ca26e6399e1c59801b854e585,7db7d6e24572e709a2352227a0030d325db413612fec9c2e5de5dc6f828c51b2,True,True,False
ALWAYS_ON,105,40105,/data/dxl/results/q3_e3_pcr/formal256/generation/C0/40105/generated_crystals.extxyz,/data/dxl/results/q3_e3_pcr/formal256/refined/ALWAYS_ON/105/refined_structure.extxyz,0.3719911814963322,True,5,0,0,0.004290267681601858,2.145692072148348,20ddf41ebf334d3154f442bb03419a2d18c9f060c5db9a8645863437cd0afeec,34662153a901dbf1b90d5f3eee001f30de6c79330675a1829fc9d0c20319d4b3,True,True,False
ALWAYS_ON,106,40106,/data/dxl/results/q3_e3_pcr/formal256/generation/C0/40106/generated_crystals.extxyz,/data/dxl/results/q3_e3_pcr/formal256/refined/ALWAYS_ON/106/refined_structure.extxyz,0.9040767321933243,True,5,0,0,0.026539991862670236,1.2095594242526022,8b14ba9931ccdffd84ac9469bd6f0d6fde22d19673f4f5ede739308cdd22e7b5,6166ac1f634d98d7c2a6998927ac4668ce3e291aef82ba7a73ab52f0dc07cac7,True,True,False
ALWAYS_ON,107,40107,/data/dxl/results/q3_e3_pcr/formal256/generation/C0/40107/generated_crystals.extxyz,/data/dxl/results/q3_e3_pcr/formal256/refined/ALWAYS_ON/107/refined_structure.extxyz,0.06903759278737806,True,5,0,0,0.00942358212372621,2.4614865877921357,598e93aad0c26fb217ddd95dcb0c78399adcdec6bc3ab135211755ccfe938d35,6f95ef0319484bf7c6f69817a37f095fbd26548b260a28e9a03e91e6d97b2d0c,True,True,False
ALWAYS_ON,108,40108,/data/dxl/results/q3_e3_pcr/formal256/generation/C0/40108/generated_crystals.extxyz,/data/dxl/results/q3_e3_pcr/formal256/refined/ALWAYS_ON/108/refined_structure.extxyz,0.41242937875940067,True,5,0,0,0.009812310802848789,2.442056123836277,b7a35c461b4ead5efb843ea0f527ef4cc8ff754de426fbf67a857031f740e32f,e179aea54d497d03666df07c70846cec410e53da3d9d27b44aac6c067bc5a7b5,True,True,False
ALWAYS_ON,109,40109,/data/dxl/results/q3_e3_pcr/formal256/generation/C0/40109/generated_crystals.extxyz,/data/dxl/results/q3_e3_pcr/formal256/refined/ALWAYS_ON/109/refined_structure.extxyz,0.8407655602040454,True,5,0,0,0.006514758914366686,2.042460687243738,f0f07bd35d2e0ff994bc5dd17d548f89892a15d59be1684f0a3e334300a6d761,0a4637497358650ab990ba4a11962e727bf83263ddd2b9a765d1ea9e9a6b14bb,True,True,False
ALWAYS_ON,110,40110,/data/dxl/results/q3_e3_pcr/formal256/generation/C0/40110/generated_crystals.extxyz,/data/dxl/results/q3_e3_pcr/formal256/refined/ALWAYS_ON/110/refined_structure.extxyz,0.12929380082180342,True,5,0,0,0.028722827975732407,2.4004955195108475,7f54b1cd9ae05f648c8d007b90ae33e9580a58f38c90fdaebc822d22549b50ad,531364b80f9476eac6875a5722d99962e6267be1fa386a6c79f5d7292dd38f6e,True,True,False
ALWAYS_ON,111,40111,/data/dxl/results/q3_e3_pcr/formal256/generation/C0/40111/generated_crystals.extxyz,/data/dxl/results/q3_e3_pcr/formal256/refined/ALWAYS_ON/111/refined_structure.extxyz,0.06127519062097158,True,5,0,0,0.01321465477037465,2.6703541499110064,b73fa8d673baecbd3289b01f0cab0b082419bdb1e1e08d08f644b7672cd09ec4,d78c97133206f3174dcb5b025c8f28e1b81970bc8b944a1a64e45050c0339724,True,True,False
ALWAYS_ON,112,40112,/data/dxl/results/q3_e3_pcr/formal256/generation/C0/40112/generated_crystals.extxyz,/data/dxl/results/q3_e3_pcr/formal256/refined/ALWAYS_ON/112/refined_structure.extxyz,0.6396411039879165,True,5,0,0,0.01067169429618844,2.0302462617750487,650f6d7588c3fa909b4d83398fa292f22a8586648a77ad09de9dbbc8a317c97c,6aace255dfd99875dd2c73b667a10d8af36c4c9513ac5b83e2774184e1766821,True,True,False
ALWAYS_ON,113,40113,/data/dxl/results/q3_e3_pcr/formal256/generation/C0/40113/generated_crystals.extxyz,/data/dxl/results/q3_e3_pcr/formal256/refined/ALWAYS_ON/113/refined_structure.extxyz,0.7848400040537505,True,5,0,0,0.016891653798402646,1.6518116239947493,c491f50926f820ee8e1a17c0598adb912026008115bb7598a9b39265f2bd47a1,4942ae9bc7ed4fafc895c970832a938fbb0f77afae5d3a9450b1c3921ba25c9b,True,True,False
ALWAYS_ON,114,40114,/data/dxl/results/q3_e3_pcr/formal256/generation/C0/40114/generated_crystals.extxyz,/data/dxl/results/q3_e3_pcr/formal256/refined/ALWAYS_ON/114/refined_structure.extxyz,0.9962546618239013,True,5,0,0,0.017040641857398113,1.2437339975532458,a4b9dcc69f3ff7eabb7643e841dd2037dc0e6cc226aa2a3ae8ef6b01697819ea,47fbf1aeaa05e336dabccbd505e2fdb7fd3425a2185716600f9a283a4911bd05,True,True,False
ALWAYS_ON,115,40115,/data/dxl/results/q3_e3_pcr/formal256/generation/C0/40115/generated_crystals.extxyz,/data/dxl/results/q3_e3_pcr/formal256/refined/ALWAYS_ON/115/refined_structure.extxyz,0.9260868080655239,True,5,0,0,0.00529340976165604,2.0426321254287942,6f66e297c2649070f0ba3f9abc7074bd7bd73a371f9b946c381683091e19e1ad,8f70bda6b3da6b2e584197073fac81010de615aa0267e40598b680d3627f2dc6,True,True,False
ALWAYS_ON,116,40116,/data/dxl/results/q3_e3_pcr/formal256/generation/C0/40116/generated_crystals.extxyz,/data/dxl/results/q3_e3_pcr/formal256/refined/ALWAYS_ON/116/refined_structure.extxyz,0.03717664516778335,True,5,0,0,0.0185435681982654,1.8053262653551043,55b2fb5db2b16aecae2a1ce8dbb7f12c906e0033665cef7301b4e40111dd2c5d,e47d4eebb49ca5bc3b7266abe75246099867a60342514b02b16b989bc5f40416,True,True,False
ALWAYS_ON,117,40117,/data/dxl/results/q3_e3_pcr/formal256/generation/C0/40117/generated_crystals.extxyz,/data/dxl/results/q3_e3_pcr/formal256/refined/ALWAYS_ON/117/refined_structure.extxyz,0.3775799228499649,True,5,0,0,0.017677378013305215,2.2795014772095,b8845b8721486954366f85915b5b105f02e19c63b6ce738788cab46b40b944a3,a53579d7b4847990ad3bec766f31cb6234771947c2788157de2f985406a433c3,True,True,False
ALWAYS_ON,118,40118,/data/dxl/results/q3_e3_pcr/formal256/generation/C0/40118/generated_crystals.extxyz,/data/dxl/results/q3_e3_pcr/formal256/refined/ALWAYS_ON/118/refined_structure.extxyz,0.8236270538330851,True,5,0,0,0.010184315992710611,2.6645693538490476,4276dcdd06f5f67fcc9b1ca74409e86b4372cff8388ef1b7bb5e936063bd9da6,9b8805fee139afcdb7054e3c06f5c8ee70287ef20f6c53d661ea143c8f942178,True,True,False
ALWAYS_ON,119,40119,/data/dxl/results/q3_e3_pcr/formal256/generation/C0/40119/generated_crystals.extxyz,/data/dxl/results/q3_e3_pcr/formal256/refined/ALWAYS_ON/119/refined_structure.extxyz,0.277978150496986,True,5,0,0,0.010144175788352475,2.4875717985011896,10b35b9c71e35ff8b0a7f6a0efeb8faf1b9bc243b574597fd99b89f12070d92d,d64e5001e2b4f04e1db5b132fc3a0c63fc8cb8b3bcf2525042acc459346ef22f,True,True,False
ALWAYS_ON,120,40120,/data/dxl/results/q3_e3_pcr/formal256/generation/C0/40120/generated_crystals.extxyz,/data/dxl/results/q3_e3_pcr/formal256/refined/ALWAYS_ON/120/refined_structure.extxyz,0.0057323982386908905,True,5,0,0,0.004664786547613904,2.4703264063430797,6de167fceb63e7f799a6f35f2fdce7033f2f3416227d19752ca5897b829f8c3d,714f226290354d642a15806236324c990947991240f476593d58111f1e79978c,True,True,False
ALWAYS_ON,121,40121,/data/dxl/results/q3_e3_pcr/formal256/generation/C0/40121/generated_crystals.extxyz,/data/dxl/results/q3_e3_pcr/formal256/refined/ALWAYS_ON/121/refined_structure.extxyz,0.7653445718788334,True,5,0,0,0.006857015034816494,1.8928464102737026,9570b7ec8d532f8c318cb9152b25209564fc8205e6ec5d16d134c47d22e87b73,076c0df94386682b3741f8c2197155ec6fa1ea6017e6a3fc936e949ebe6d1f72,True,True,False
ALWAYS_ON,122,40122,/data/dxl/results/q3_e3_pcr/formal256/generation/C0/40122/generated_crystals.extxyz,/data/dxl/results/q3_e3_pcr/formal256/refined/ALWAYS_ON/122/refined_structure.extxyz,0.9200645678658516,True,5,0,0,0.008597502741623079,1.9159909510812625,38c6891ef2613e628d40e6e34c59164f0dc330314eabd8c29cbef228b7ea2ba2,e45b904177e08dcb9f20bb3ebe87c3695615ed40de763861f0abbfa2486d6efe,True,True,False
ALWAYS_ON,123,40123,/data/dxl/results/q3_e3_pcr/formal256/generation/C0/40123/generated_crystals.extxyz,/data/dxl/results/q3_e3_pcr/formal256/refined/ALWAYS_ON/123/refined_structure.extxyz,0.19465873398986766,True,5,0,0,0.00770348973181718,2.7210232600925286,874bf6d841d98bc5ba0afd4f838c0b6c733b2518042341e30edcc16d717a7320,927fb0c3eea57edfb976ab496d31a2153b803c8d5ccac70594632a2c9169dac4,True,True,False
ALWAYS_ON,124,40124,/data/dxl/results/q3_e3_pcr/formal256/generation/C0/40124/generated_crystals.extxyz,/data/dxl/results/q3_e3_pcr/formal256/refined/ALWAYS_ON/124/refined_structure.extxyz,0.02235762247535385,True,5,0,0,0.020694086786232333,2.4099873284445064,c3edcc21628435183a16fd6d7b9e6348f6faede6b143ee41983c0f52d51caf21,c79215a313b88cf529974a41fe525b9bd67e25d1be35c7e8598dd5f65e9f5326,True,True,False
ALWAYS_ON,125,40125,/data/dxl/results/q3_e3_pcr/formal256/generation/C0/40125/generated_crystals.extxyz,/data/dxl/results/q3_e3_pcr/formal256/refined/ALWAYS_ON/125/refined_structure.extxyz,0.9148603324422406,True,5,0,0,0.008907549110759866,1.9734505686884347,9b07975874f780d3a517ccdeb8b2723f29573cbc4909f64f413ca7c16a5e01f2,4947a9e98297f151e10b76690e5824e60fcb0c563888f3894b4a46034834af65,True,True,False
ALWAYS_ON,126,40126,/data/dxl/results/q3_e3_pcr/formal256/generation/C0/40126/generated_crystals.extxyz,/data/dxl/results/q3_e3_pcr/formal256/refined/ALWAYS_ON/126/refined_structure.extxyz,0.8623510054673762,True,5,0,0,0.0002921026774958227,3.4513431238085137,c9597dc8ca7f4aa3808683e698c6e1e9e8b4e83d37157fba0a2f10279081157d,2d3a4407666f44ecc738f3afbd70713048ff73aa3fbcf67951a557a2b12de1f2,True,True,False
ALWAYS_ON,127,40127,/data/dxl/results/q3_e3_pcr/formal256/generation/C0/40127/generated_crystals.extxyz,/data/dxl/results/q3_e3_pcr/formal256/refined/ALWAYS_ON/127/refined_structure.extxyz,0.2591498934337882,True,5,0,0,0.005848589665628659,2.658241995549432,25ceb961fe75691b306c52740efe3417b2b3a8fe59223f10e96b80d0f6914f60,0a23911e69755a20f53268486bfb768c84ec9c86b5da80f61cfcddd46bfd55f6,True,True,False
ALWAYS_ON,128,40128,/data/dxl/results/q3_e3_pcr/formal256/generation/C0/40128/generated_crystals.extxyz,/data/dxl/results/q3_e3_pcr/formal256/refined/ALWAYS_ON/128/refined_structure.extxyz,0.6991333815947186,True,5,0,0,0.008860023728551254,2.445709235880515,180fadca44127c1dd501f45cf046cca1e8f11915222c82965099e0767d38c893,c426648ae72614e31ac256d11330d3637a8c9ae76d09f17094b71fc2de5d8981,True,True,False
ALWAYS_ON,129,40129,/data/dxl/results/q3_e3_pcr/formal256/generation/C0/40129/generated_crystals.extxyz,/data/dxl/results/q3_e3_pcr/formal256/refined/ALWAYS_ON/129/refined_structure.extxyz,0.8077207664624666,True,5,0,0,0.02622191552660907,2.132485693140686,af225ee5a180dd4c712e8ceb8b155b5c8e685b2a6e04a45a91352ea864c09ba5,d0957deeaef3d9d11faa7e29f84d19d87ea42bde5f6a76eff3d1b7041b28f595,True,True,False
ALWAYS_ON,130,40130,/data/dxl/results/q3_e3_pcr/formal256/generation/C0/40130/generated_crystals.extxyz,/data/dxl/results/q3_e3_pcr/formal256/refined/ALWAYS_ON/130/refined_structure.extxyz,0.47337992400526874,True,5,0,0,0.013562128816918383,1.964409321956986,0979ca2da0cca2068339d8e58173e95631381a6f4fb787f5a8dff3b1a45873fb,017debb7c7185a47fb12f9b1daa768779ed49d0de596bda9b87fa2457dd9ff90,True,True,False
ALWAYS_ON,131,40131,/data/dxl/results/q3_e3_pcr/formal256/generation/C0/40131/generated_crystals.extxyz,/data/dxl/results/q3_e3_pcr/formal256/refined/ALWAYS_ON/131/refined_structure.extxyz,0.9189006170623515,True,5,0,0,0.0023472976723245727,3.538657441524544,ec5a5f052816356d1db50bdf2ad75aec32266ee7de39660ba75a4da860ea3d50,fab3d9adccbd27e4b97bcd0f3f4cf8ee83420dbda14fe65bedccee17d42a2774,True,True,False
ALWAYS_ON,132,40132,/data/dxl/results/q3_e3_pcr/formal256/generation/C0/40132/generated_crystals.extxyz,/data/dxl/results/q3_e3_pcr/formal256/refined/ALWAYS_ON/132/refined_structure.extxyz,0.9401344163381153,True,5,0,0,0.010112643793830705,1.8213051303314458,0b0076bcc1bedc4c5ce89bf60e4a8c822b4e40ed50833b1a68e59cf607a0edb2,faa93fccab34a531a9a22f92d0f60e74f325bfd6846ac1881011896228479633,True,True,False
ALWAYS_ON,133,40133,/data/dxl/results/q3_e3_pcr/formal256/generation/C0/40133/generated_crystals.extxyz,/data/dxl/results/q3_e3_pcr/formal256/refined/ALWAYS_ON/133/refined_structure.extxyz,0.8962897514924723,True,5,0,0,0.013267530741720648,2.288771322743471,c8efa75fb0077f63840d8f2f46340154041ff971a245ddd7eb233538641acdda,b140bbec1d2ef1e93d8b7c014ef931eacd67d77fcca777f78e26db3ba19c8e60,True,True,False
ALWAYS_ON,134,40134,/data/dxl/results/q3_e3_pcr/formal256/generation/C0/40134/generated_crystals.extxyz,/data/dxl/results/q3_e3_pcr/formal256/refined/ALWAYS_ON/134/refined_structure.extxyz,0.2500983004282822,True,5,0,0,0.019386430821192596,2.0673010701215255,f911cee7afb1d739b60212611cbbfb140a45026ea039573359887066161b5466,675c6948029dce85895483ce6af4373d2a3cf193517fb56511628e56c0eb269f,True,True,False
ALWAYS_ON,135,40135,/data/dxl/results/q3_e3_pcr/formal256/generation/C0/40135/generated_crystals.extxyz,/data/dxl/results/q3_e3_pcr/formal256/refined/ALWAYS_ON/135/refined_structure.extxyz,0.9636586562364667,True,5,0,0,0.008303482102473772,3.2391743931907317,d5bf2544321fee71badb2c0bbc64ff677ec647e75abbe8c3daa5fee23e8e0b0f,6dc45f654453f3601fd52cb099ff6f635edc48b07a810a33e8e9ecc9fe6fa3f2,True,True,False
ALWAYS_ON,136,40136,/data/dxl/results/q3_e3_pcr/formal256/generation/C0/40136/generated_crystals.extxyz,/data/dxl/results/q3_e3_pcr/formal256/refined/ALWAYS_ON/136/refined_structure.extxyz,0.14000168560397214,True,5,0,0,0.02613279276146067,3.0828122801990876,0a5f617cd69c602e723fb15c679f30ff62ead580878b73ebecdac1751207c38f,515f187c963c8fdc14e3f79d007b4049720c27117b5e309c709aa2bcfcd5d8b6,True,True,False
ALWAYS_ON,137,40137,/data/dxl/results/q3_e3_pcr/formal256/generation/C0/40137/generated_crystals.extxyz,/data/dxl/results/q3_e3_pcr/formal256/refined/ALWAYS_ON/137/refined_structure.extxyz,0.026116094183026677,True,5,0,0,0.00027822927487991387,3.1872974893783583,ac843ebeaeec77cc4f636e1ff9f514dedddd1c049c184929aca5c17b95de0f4f,2c0747d419126e4772116557e92a3c2118c5f4c1bce93c22d1a03900427d3a87,True,True,False
ALWAYS_ON,138,40138,/data/dxl/results/q3_e3_pcr/formal256/generation/C0/40138/generated_crystals.extxyz,/data/dxl/results/q3_e3_pcr/formal256/refined/ALWAYS_ON/138/refined_structure.extxyz,0.6607550001667667,True,5,0,0,0.013680152773408075,2.4166975560472146,584db8ef40633a809136b9dab9033d79a3c34ddfdf2333847d3c04c1ed1cd93f,5c5bb9b076cf908752c24a20f2587ec2414d8285524da58143d94edad0197611,True,True,False
ALWAYS_ON,139,40139,/data/dxl/results/q3_e3_pcr/formal256/generation/C0/40139/generated_crystals.extxyz,/data/dxl/results/q3_e3_pcr/formal256/refined/ALWAYS_ON/139/refined_structure.extxyz,0.9548717513745849,True,5,0,0,0.012774697818743306,1.7050220027196954,7a8e4befb8b05c3fe4e5268a3143e2daaad8073bb46c3a1807539060b60ef8d4,73c6637aaf93f427352b59896512e4700b9d4793c4f8cb0bdcb13667926d2068,True,True,False
ALWAYS_ON,140,40140,/data/dxl/results/q3_e3_pcr/formal256/generation/C0/40140/generated_crystals.extxyz,/data/dxl/results/q3_e3_pcr/formal256/refined/ALWAYS_ON/140/refined_structure.extxyz,0.8549617742936402,True,5,0,0,0.007988604268193407,2.4935438319606478,e920902e3e546abf06fbb03221b41de4e31f5baa26e7b4365660f03914e71031,99d67911e50d12e3524f73cd0421509f752e90066e16312a9ca4eb3472330318,True,True,False
ALWAYS_ON,141,40141,/data/dxl/results/q3_e3_pcr/formal256/generation/C0/40141/generated_crystals.extxyz,/data/dxl/results/q3_e3_pcr/formal256/refined/ALWAYS_ON/141/refined_structure.extxyz,0.7712408392428879,True,5,0,0,0.006247823684147631,2.4168509697978178,a1925522ee5f520c53ccffec905d5c49b8474df1f096cba9d2002f081226beee,aa73596e7b9c703e05eac6686d942ba81918dc6e0d7450e8e02b5740e3881c60,True,True,False
ALWAYS_ON,142,40142,/data/dxl/results/q3_e3_pcr/formal256/generation/C0/40142/generated_crystals.extxyz,/data/dxl/results/q3_e3_pcr/formal256/refined/ALWAYS_ON/142/refined_structure.extxyz,0.01507690026806221,True,5,0,0,0.00012314103702685611,3.3250671688498605,ce21897f1b007901d98780f1629ff0f014626267dc8d6e9d24473b151e1256bc,4d1a22a248ef77f0e6be13c3cfda0e5f828d2e0ffe70954e45997acc33be4867,True,True,False
ALWAYS_ON,143,40143,/data/dxl/results/q3_e3_pcr/formal256/generation/C0/40143/generated_crystals.extxyz,/data/dxl/results/q3_e3_pcr/formal256/refined/ALWAYS_ON/143/refined_structure.extxyz,0.844122072681232,True,5,0,0,0.013899709635345111,2.2928459632463114,4aced93e0f28628064989765de4c5a1c822865486438f13c70e06e510e281667,e389ba5bcd792dc0c4f4d33dfea517132f5c5e96c9834606766a690928f1ad53,True,True,False
ALWAYS_ON,144,40144,/data/dxl/results/q3_e3_pcr/formal256/generation/C0/40144/generated_crystals.extxyz,/data/dxl/results/q3_e3_pcr/formal256/refined/ALWAYS_ON/144/refined_structure.extxyz,0.24194370392743922,True,5,0,0,0.02114591899094703,2.2734463254089463,403419f90fb9b40520c397d6018a5c46b8f6ba65a35ef35ee9eedf394cf4430f,2fe22697f33788bee401ff6927adf34f4a448cceba7813efc63f02139f6052b9,True,True,False
ALWAYS_ON,145,40145,/data/dxl/results/q3_e3_pcr/formal256/generation/C0/40145/generated_crystals.extxyz,/data/dxl/results/q3_e3_pcr/formal256/refined/ALWAYS_ON/145/refined_structure.extxyz,0.7648529870888291,True,5,0,0,0.022072613414532406,2.462147968913262,6367765c7f81cd8fd190eaf834af5dc26bb4412c163d36f132abd3dd1143b698,f57c734f3965a6e641257ad8dabef1b2690ba37494f49cfebc4e7447c0830c7b,True,True,False
ALWAYS_ON,146,40146,/data/dxl/results/q3_e3_pcr/formal256/generation/C0/40146/generated_crystals.extxyz,/data/dxl/results/q3_e3_pcr/formal256/refined/ALWAYS_ON/146/refined_structure.extxyz,0.9366896219092544,True,5,0,0,0.0006522991986811271,3.2542211207202962,f8ece7deb488fd8cc1925077be367bcd7fc7d8fae1f91ca525b8207eaebf86c7,c2182f715812a918f8fca46155a3447b00e44000385592eaa089dd36cd1667c6,True,True,False
ALWAYS_ON,147,40147,/data/dxl/results/q3_e3_pcr/formal256/generation/C0/40147/generated_crystals.extxyz,/data/dxl/results/q3_e3_pcr/formal256/refined/ALWAYS_ON/147/refined_structure.extxyz,0.2730201907838384,True,5,0,0,0.004033827545756012,2.4446643230652505,f38a3f3b8ba4de7fabae5220023dd0d8e50f408044b7f88a6e5d4116c7116ba7,5e6d1ec286a6af55a93c8b2cb6f5baf0943e782b7cb98c025e5ce943d001d78a,True,True,False
ALWAYS_ON,148,40148,/data/dxl/results/q3_e3_pcr/formal256/generation/C0/40148/generated_crystals.extxyz,/data/dxl/results/q3_e3_pcr/formal256/refined/ALWAYS_ON/148/refined_structure.extxyz,0.951207805013289,True,5,0,0,0.015528135704821542,1.9807014486354666,244a71209075b4d5c8e6f9d71d437b6595ecaeb499ea84790087e53450b99723,11b56330f5a50e5d5f2ecc8282c9e007f29d0d7e84ee1d3c8d629c7433cff407,True,True,False
ALWAYS_ON,149,40149,/data/dxl/results/q3_e3_pcr/formal256/generation/C0/40149/generated_crystals.extxyz,/data/dxl/results/q3_e3_pcr/formal256/refined/ALWAYS_ON/149/refined_structure.extxyz,0.6750364885397,True,5,0,0,0.002836590587130702,3.287505636574318,24a69856a506b9243bfe1fd6265707474c07c22923c5168f7961fb29287c42c6,b7d769b0b6b3c4ea6bb2ca7eee30bcf6536dd910a0aaab8266f994c4a0e7e485,True,True,False
ALWAYS_ON,150,40150,/data/dxl/results/q3_e3_pcr/formal256/generation/C0/40150/generated_crystals.extxyz,/data/dxl/results/q3_e3_pcr/formal256/refined/ALWAYS_ON/150/refined_structure.extxyz,0.6340508263038225,True,5,0,0,0.0005338055092449095,3.3047176509207254,9a70f56f68e23f8492bcfbec85fd1ded85f5005d6c25accaa2ca59f2ad9570cb,18f5a08b29cf8deb277b60d07ff8e0b55c5017515363c1a705d55655398d080b,True,True,False
ALWAYS_ON,151,40151,/data/dxl/results/q3_e3_pcr/formal256/generation/C0/40151/generated_crystals.extxyz,/data/dxl/results/q3_e3_pcr/formal256/refined/ALWAYS_ON/151/refined_structure.extxyz,0.9838794422223097,True,5,0,0,0.006244810940245551,2.483307895267818,46d149d7f74a46cdb07498b6d11b93b39a55f37b323dd28aabb46ad41f69de4c,e3963c5baff23b0bb490cbe38b1dfe3c5e8913677b5d97fe46461f2fc4904b3e,True,True,False
ALWAYS_ON,152,40152,/data/dxl/results/q3_e3_pcr/formal256/generation/C0/40152/generated_crystals.extxyz,/data/dxl/results/q3_e3_pcr/formal256/refined/ALWAYS_ON/152/refined_structure.extxyz,0.05448703475240711,True,5,0,0,0.008355570820440339,2.518395631239969,52860c3ce4aff6a650e100484b02933ed6af32b7d29122cdbe996b564c6e81c9,afa3e8ed4a61c9ffbc5945f4620c6f42fa722ba318471db93bb494cb4d865060,True,True,False
ALWAYS_ON,153,40153,/data/dxl/results/q3_e3_pcr/formal256/generation/C0/40153/generated_crystals.extxyz,/data/dxl/results/q3_e3_pcr/formal256/refined/ALWAYS_ON/153/refined_structure.extxyz,0.016022476006068657,True,5,0,0,0.003293350290525045,3.2619124181323826,eb17a3f000b2fff08129f7fc7c0040ae9633d5dc96c44e5d82e5e2cdbbc887d2,94b57bf2c97305796acb90cd6b9fff437d98f9a57ed4dfbec5255fdfc7257ab8,True,True,False
ALWAYS_ON,154,40154,/data/dxl/results/q3_e3_pcr/formal256/generation/C0/40154/generated_crystals.extxyz,/data/dxl/results/q3_e3_pcr/formal256/refined/ALWAYS_ON/154/refined_structure.extxyz,0.78924745492039,True,5,0,0,0.008394111969696355,1.879201298070512,f467a227930035f1c7d6a73dfd2b1ac0d52ea3277140ed257bacc0a3ff3b772c,c531bbb127e5e1a64eb72777f91a728fda7f09a881ec0613b1a081bdbf36216f,True,True,False
ALWAYS_ON,155,40155,/data/dxl/results/q3_e3_pcr/formal256/generation/C0/40155/generated_crystals.extxyz,/data/dxl/results/q3_e3_pcr/formal256/refined/ALWAYS_ON/155/refined_structure.extxyz,0.3372139837178285,True,5,0,0,0.009343077220878647,2.252441128102199,5a79e2147ddebb0e03edfbe39ea5b0dcbb39e3a8ab0259a1e11a9b9540ad7d54,bbb7e756d8f29cc9c908e96a197e5cd5583922951a08b69b87bccde6df7af867,True,True,False
ALWAYS_ON,156,40156,/data/dxl/results/q3_e3_pcr/formal256/generation/C0/40156/generated_crystals.extxyz,/data/dxl/results/q3_e3_pcr/formal256/refined/ALWAYS_ON/156/refined_structure.extxyz,0.9960673538392257,True,5,0,0,0.038178034749763556,1.0241005082306214,e26d4df2c62441bc9ad38d70c6fe783eb5b41c8d9583bb1c7581abcfdf8cbdcd,6ff08573f462422724d0061a5866083393b1474de4532701e2d79c14e188e6d4,True,True,False
ALWAYS_ON,157,40157,/data/dxl/results/q3_e3_pcr/formal256/generation/C0/40157/generated_crystals.extxyz,/data/dxl/results/q3_e3_pcr/formal256/refined/ALWAYS_ON/157/refined_structure.extxyz,0.9213664177973802,True,5,0,0,0.022709881849346903,1.8729166940145299,c5335eaad0ea0cfebc12032f6a3ab79e14e2fe66751b65bb22b926849bc9f855,3c9cb9efdd0a1219ca02d886a766ba9698404705012ba416596f863d4edee15b,True,True,False
ALWAYS_ON,158,40158,/data/dxl/results/q3_e3_pcr/formal256/generation/C0/40158/generated_crystals.extxyz,/data/dxl/results/q3_e3_pcr/formal256/refined/ALWAYS_ON/158/refined_structure.extxyz,0.9866351953856273,True,5,0,0,0.058979683738330374,0.9834140484128938,01ad255dee49cba9d4c12259e11f97530b2b7857e10cbe4445432ce3f7481406,5a012f4b21401e819698e4b1729c9db0bed867e5c3b3774027c4ecb5573d1017,True,True,False
ALWAYS_ON,159,40159,/data/dxl/results/q3_e3_pcr/formal256/generation/C0/40159/generated_crystals.extxyz,/data/dxl/results/q3_e3_pcr/formal256/refined/ALWAYS_ON/159/refined_structure.extxyz,0.7103783574629142,True,5,0,0,0.012862171937185245,1.907240767969935,4db173daa0ae912b4c0f2f982ab7dc32610abe5a78c24c6c8f906b7650297dc6,349ca7cf5f2766e2d70be4a648e586f539572ff99ce56e29ddfc0215e9bd674d,True,True,False
ALWAYS_ON,160,40160,/data/dxl/results/q3_e3_pcr/formal256/generation/C0/40160/generated_crystals.extxyz,/data/dxl/results/q3_e3_pcr/formal256/refined/ALWAYS_ON/160/refined_structure.extxyz,0.3822404687206022,True,5,0,0,0.016969349050287155,1.8358872611769756,8d40e8667d0922be78a5f706f4a869169c7aaa29b2f2cb79a7daac3388a4a596,0cdc5ecebf73a8d73adfdf77a582b2006a46f4ee2e0d33d95ed554b9495fd6fd,True,True,False
ALWAYS_ON,161,40161,/data/dxl/results/q3_e3_pcr/formal256/generation/C0/40161/generated_crystals.extxyz,/data/dxl/results/q3_e3_pcr/formal256/refined/ALWAYS_ON/161/refined_structure.extxyz,0.9867358343080173,True,5,0,0,0.06568597338344714,1.7955813504891833,947f7413ce8a6910bc7263a199bb52f97dd81191280e1d764f7a46d67c288b13,aea4b6f13f063839d13848decbce959faffdda9738c0245d36a03830a0e4db14,True,True,False
ALWAYS_ON,162,40162,/data/dxl/results/q3_e3_pcr/formal256/generation/C0/40162/generated_crystals.extxyz,/data/dxl/results/q3_e3_pcr/formal256/refined/ALWAYS_ON/162/refined_structure.extxyz,0.2880475867679365,True,5,0,0,0.009875043191404418,2.9156609034559877,93b2b157d3bb0a180b44a93b19de125d2301ed3d339fd5c74153a1b4d2a3965c,e6cc35f2ebf02bb776e69166ec75036cdd3f23d053b3c1062210b3d8452161e5,True,True,False
ALWAYS_ON,163,40163,/data/dxl/results/q3_e3_pcr/formal256/generation/C0/40163/generated_crystals.extxyz,/data/dxl/results/q3_e3_pcr/formal256/refined/ALWAYS_ON/163/refined_structure.extxyz,0.8159409166603242,True,5,0,0,0.002319434024304357,2.3349903460843953,34c9c4e3bbc8750a756c53d83b470f693736979a0bd8b6ad8d9d2107ee65d170,f5765984e804240216c52f10ba37d301bb7505b3938844e57bc5f8a3578e8c34,True,True,False
ALWAYS_ON,164,40164,/data/dxl/results/q3_e3_pcr/formal256/generation/C0/40164/generated_crystals.extxyz,/data/dxl/results/q3_e3_pcr/formal256/refined/ALWAYS_ON/164/refined_structure.extxyz,0.6018094370314682,True,5,0,0,0.009015323396134997,1.8329391764021044,a94f8ac325d16d8f62b230bbeba9a204e78bd88be8c4ad9e642577cd0ca5a1cb,0b707bbc7c36091bc0fe3e3a31e5aaa9cf990d3d785e7cc82276de2346c77f5b,True,True,False
ALWAYS_ON,165,40165,/data/dxl/results/q3_e3_pcr/formal256/generation/C0/40165/generated_crystals.extxyz,/data/dxl/results/q3_e3_pcr/formal256/refined/ALWAYS_ON/165/refined_structure.extxyz,0.9004542544936315,True,5,0,0,0.030096479790104432,1.4618975782881756,8ab85bac743c201069d80822136dfd51c7c33fda4d06807571a7883220aaa5d8,9235098935ddf8388aa6ae56ecb4c9f8041deb7620a6c8715f262ef57c986ef4,True,True,False
ALWAYS_ON,166,40166,/data/dxl/results/q3_e3_pcr/formal256/generation/C0/40166/generated_crystals.extxyz,/data/dxl/results/q3_e3_pcr/formal256/refined/ALWAYS_ON/166/refined_structure.extxyz,0.5178231905800865,True,5,0,0,0.010641290789208738,1.9059199378198957,1a49dc7434d3cd8bc18acb72aa0a934ceb5902bfa045c47875646f4c08862d6d,6569bdb9f44b014a7634bf571c341a50f50e97ce95c8b3b17510ac721ca20c60,True,True,False
ALWAYS_ON,167,40167,/data/dxl/results/q3_e3_pcr/formal256/generation/C0/40167/generated_crystals.extxyz,/data/dxl/results/q3_e3_pcr/formal256/refined/ALWAYS_ON/167/refined_structure.extxyz,0.2699620499444351,True,5,0,0,0.01210602365216976,2.4582597829711665,98c3f1e37586c095b843faf3c801d394855548a34c580db6728768429a20238b,0521b43cb9719511294b9c546092a6e38bcf479cf6b3e9c7737613262ace8329,True,True,False
ALWAYS_ON,168,40168,/data/dxl/results/q3_e3_pcr/formal256/generation/C0/40168/generated_crystals.extxyz,/data/dxl/results/q3_e3_pcr/formal256/refined/ALWAYS_ON/168/refined_structure.extxyz,0.9407142328519328,True,5,0,0,0.006290930432486619,3.091744874899592,379afc232e24a067af9bb4aa61413aaa9f3657d0aaf7d4cd9c056178964d0f6e,be7ed403552358913bd4db331b217b222b2a974153dcb73ce53bf1f6226d5f4a,True,True,False
ALWAYS_ON,169,40169,/data/dxl/results/q3_e3_pcr/formal256/generation/C0/40169/generated_crystals.extxyz,/data/dxl/results/q3_e3_pcr/formal256/refined/ALWAYS_ON/169/refined_structure.extxyz,0.8579379709998011,True,5,0,0,0.013698440069241475,2.026353148881361,77e79a05442bd8740760d1b12b8d59d0af6f2cae643b2c822f67fd28070ca8fa,204c0a11e7adb49c7ca8c6ceb2ddb3bf9bed54c6d7d55baa49abf1b0d3ee1101,True,True,False
ALWAYS_ON,170,40170,/data/dxl/results/q3_e3_pcr/formal256/generation/C0/40170/generated_crystals.extxyz,/data/dxl/results/q3_e3_pcr/formal256/refined/ALWAYS_ON/170/refined_structure.extxyz,0.9072253615184388,True,5,0,0,0.015042213237545404,2.2845842920222452,fae73cfef5cf56589209fed70474f7c193b3a1ce0e71b1eb8468ddbd116e2663,be846e18cbd652c98839f95edd8dd0b238184dfe919d2aeb3f23cbeaa32236b6,True,True,False
ALWAYS_ON,171,40171,/data/dxl/results/q3_e3_pcr/formal256/generation/C0/40171/generated_crystals.extxyz,/data/dxl/results/q3_e3_pcr/formal256/refined/ALWAYS_ON/171/refined_structure.extxyz,0.8658343737582155,True,5,0,0,0.013516559427761289,1.8452941766989182,15a325b50ba9a140c1716ba757d80fd56e2073f4ab76db8f76d705673a061b73,656f77ba7ae33059fbadbf42c73f2198e341e0d1799ed05f9264b37332352faf,True,True,False
ALWAYS_ON,172,40172,/data/dxl/results/q3_e3_pcr/formal256/generation/C0/40172/generated_crystals.extxyz,/data/dxl/results/q3_e3_pcr/formal256/refined/ALWAYS_ON/172/refined_structure.extxyz,0.6722276763610179,True,5,0,0,0.0069699211528965405,1.7037526545140123,ea236c7c00b0a2badb23c617fc39d625e3b6b1abc57e8c9055db652ba5df23da,a56d05a0f65501156a0c59c6fc37b56b8f8a3cd0d3ffb8a080ecebea838ba77f,True,True,False
ALWAYS_ON,173,40173,/data/dxl/results/q3_e3_pcr/formal256/generation/C0/40173/generated_crystals.extxyz,/data/dxl/results/q3_e3_pcr/formal256/refined/ALWAYS_ON/173/refined_structure.extxyz,0.3889776741123672,True,5,0,0,0.007917815281762282,2.5715663036595906,9c37d0291243d89bc2ac030c6d7c5d2b7f2bec6560ca28af4605f25f6e41b617,0a5e2cbee2f3f82e04bdaecf207d5bb64bbfd60487bf87eb6848788894ef01f1,True,True,False
ALWAYS_ON,174,40174,/data/dxl/results/q3_e3_pcr/formal256/generation/C0/40174/generated_crystals.extxyz,/data/dxl/results/q3_e3_pcr/formal256/refined/ALWAYS_ON/174/refined_structure.extxyz,0.6360535150891873,True,5,0,0,0.05955864114899286,1.1628563207815188,7f6b97fd8fc72590c33f4660e48857684b3b8af92677230876832f0a93306277,bacb67c298919d4365f283271961803dc4222770e6e2263ba291f11c26374782,True,True,False
ALWAYS_ON,175,40175,/data/dxl/results/q3_e3_pcr/formal256/generation/C0/40175/generated_crystals.extxyz,/data/dxl/results/q3_e3_pcr/formal256/refined/ALWAYS_ON/175/refined_structure.extxyz,0.9751412959633405,True,5,0,0,0.05530471333849513,1.4702704394865895,bf936475afe2f956b260ba467d31f4dd6531466cb59db6f44472f445260b4120,9ae4d8804b5cfc7add416879ddf4815ceeb1708970fb73d2efb93920d7511647,True,True,False
ALWAYS_ON,176,40176,/data/dxl/results/q3_e3_pcr/formal256/generation/C0/40176/generated_crystals.extxyz,/data/dxl/results/q3_e3_pcr/formal256/refined/ALWAYS_ON/176/refined_structure.extxyz,0.9222643780923176,True,5,0,0,0.0003648528208739677,3.2455480712298272,0cfd0941491c2b1afdeafd314afb2bb7c505d9d7df429193b241cd1dc657c990,d7d33f7a4aa74db30633ea69e1e27c241fa8ea176da713adb5a5a247e53a6813,True,True,False
ALWAYS_ON,177,40177,/data/dxl/results/q3_e3_pcr/formal256/generation/C0/40177/generated_crystals.extxyz,/data/dxl/results/q3_e3_pcr/formal256/refined/ALWAYS_ON/177/refined_structure.extxyz,0.9791462808035515,True,5,0,0,0.01303874580831171,2.4555254539318505,2586dc77ecd8c9072eefdf1069251b6d72162f23c9badfb87a0c51b18ab849b3,a9d0b2d03f5863cf8d4124422dc0a87b4bbd7c5e6cecd5f372ad0882e1de915b,True,True,False
ALWAYS_ON,178,40178,/data/dxl/results/q3_e3_pcr/formal256/generation/C0/40178/generated_crystals.extxyz,/data/dxl/results/q3_e3_pcr/formal256/refined/ALWAYS_ON/178/refined_structure.extxyz,0.9655697021633265,True,5,0,0,0.011450636516674774,2.3094352571751933,a5cb13ecc3eb1501728f30f4922b21f03d3884c1607e779548d548a9314bd568,2f63d7d9132937057a632564a8839526ddc0fabf2cf2e54fb2c6d74135251d7d,True,True,False
ALWAYS_ON,179,40179,/data/dxl/results/q3_e3_pcr/formal256/generation/C0/40179/generated_crystals.extxyz,/data/dxl/results/q3_e3_pcr/formal256/refined/ALWAYS_ON/179/refined_structure.extxyz,0.6295436975315427,True,5,0,0,0.015813368615807306,1.4943825130728137,37b8cf0598fb0bc81df2154ffbe0b2dd92b9b309f72e86d87a31ee42e14aa5fc,965f29e7aa3b4a07e907f86743faf1a17bf29fafa3ebb6468fcd88da6ec0d926,True,True,False
ALWAYS_ON,180,40180,/data/dxl/results/q3_e3_pcr/formal256/generation/C0/40180/generated_crystals.extxyz,/data/dxl/results/q3_e3_pcr/formal256/refined/ALWAYS_ON/180/refined_structure.extxyz,0.05109736410127396,True,5,0,0,0.004509317221986117,2.3862616121327074,5dcbe57b774f7d3b2c9b84495fc717eefdf8f511d6f4d84f45ea023c99116a9d,753b2f393ce33cccb087b414813eb36c06e2b8dc1eae0c915b2ead5a5ad7097d,True,True,False
ALWAYS_ON,181,40181,/data/dxl/results/q3_e3_pcr/formal256/generation/C0/40181/generated_crystals.extxyz,/data/dxl/results/q3_e3_pcr/formal256/refined/ALWAYS_ON/181/refined_structure.extxyz,0.06458993041615205,True,5,0,0,0.0032931108534483616,2.472020863636477,9ed3dfbb7ae0e53b56bd055e27ac7662259a3fbd0e066fb899396ae889c02aba,1d144e8be48613ba8ec1cef0adf1712886f5b23db97b5ffbbf3edaa5abc5b179,True,True,False
ALWAYS_ON,182,40182,/data/dxl/results/q3_e3_pcr/formal256/generation/C0/40182/generated_crystals.extxyz,/data/dxl/results/q3_e3_pcr/formal256/refined/ALWAYS_ON/182/refined_structure.extxyz,0.7045312814014101,True,5,0,0,0.005964225851775761,2.8031358978205163,8aeb4cc8e18cbec1937ea4274a7d11447edd7480c8c9bf5ad786534b113ecf69,b10e5a46336a9f662daf3bad9c14912fedac4b533482c0d0b43546aae91c7f74,True,True,False
ALWAYS_ON,183,40183,/data/dxl/results/q3_e3_pcr/formal256/generation/C0/40183/generated_crystals.extxyz,/data/dxl/results/q3_e3_pcr/formal256/refined/ALWAYS_ON/183/refined_structure.extxyz,0.11444028173824783,True,5,0,0,0.06297626959273664,2.1358349589662597,9af29273ee3aeecaadb061efbab5a055daae04bf7f2ea78b7a17e7200d786a46,fd931a80ef352d3b81bf8baa8682863bab81953ea207a11cadf2ad5c7d2fd5b2,True,True,False
ALWAYS_ON,184,40184,/data/dxl/results/q3_e3_pcr/formal256/generation/C0/40184/generated_crystals.extxyz,/data/dxl/results/q3_e3_pcr/formal256/refined/ALWAYS_ON/184/refined_structure.extxyz,0.44526732476932573,True,5,0,0,0.014123760666397808,1.9063029672761167,5898d5e6e53492e6e1eabaae2a8491ad82192b1551b75335d9f61bfcf5f0d4f4,80b62bbcbe710fd7e99984ee2855522c20a144b44cd7e4ac32dcf341e1fb8ee9,True,True,False
ALWAYS_ON,185,40185,/data/dxl/results/q3_e3_pcr/formal256/generation/C0/40185/generated_crystals.extxyz,/data/dxl/results/q3_e3_pcr/formal256/refined/ALWAYS_ON/185/refined_structure.extxyz,0.789686451939909,True,5,0,0,0.008899850705607431,1.853489032142516,fdbd21960f3c3f46472f2b67a3fd4f64caaf41016bf2333436b8ff84a608f377,ed21ab7f32801ab307b16302921e8e0e9b5990306cb81d5be59328430f92f456,True,True,False
ALWAYS_ON,186,40186,/data/dxl/results/q3_e3_pcr/formal256/generation/C0/40186/generated_crystals.extxyz,/data/dxl/results/q3_e3_pcr/formal256/refined/ALWAYS_ON/186/refined_structure.extxyz,0.8314796902368402,True,5,0,0,0.00441198483621622,2.0021978382918757,0f2076c4bd623f288ab57946db256dbc97033afdea6c2d677fcf06c8b6d57551,40e949a142baaa1b5f9e1724916def16e9c0644b1dcbc674c78b1788349c0833,True,True,False
ALWAYS_ON,187,40187,/data/dxl/results/q3_e3_pcr/formal256/generation/C0/40187/generated_crystals.extxyz,/data/dxl/results/q3_e3_pcr/formal256/refined/ALWAYS_ON/187/refined_structure.extxyz,0.7941595314386232,True,5,0,0,0.01064016135777564,2.3211083862586137,b5559adeac210ef198cc148a391f1342175f13d2c0a53c3d1a5e09de2d0f0284,1d643a62a63d30c704f299de1742b9c7ae6210a3b83c550460403e82b6382244,True,True,False
ALWAYS_ON,188,40188,/data/dxl/results/q3_e3_pcr/formal256/generation/C0/40188/generated_crystals.extxyz,/data/dxl/results/q3_e3_pcr/formal256/refined/ALWAYS_ON/188/refined_structure.extxyz,0.8483293988459899,True,5,0,0,0.002441440051362896,1.8520323204000808,9999922c017fb61ce8cd5f27e2e6271531d337e13d6ac9c2e2b16f28a9e24bf4,a82dac3787a79083b2b0f398bda6e7f1a44c2bab133a7ebcb1c5f98031243784,True,True,False
ALWAYS_ON,189,40189,/data/dxl/results/q3_e3_pcr/formal256/generation/C0/40189/generated_crystals.extxyz,/data/dxl/results/q3_e3_pcr/formal256/refined/ALWAYS_ON/189/refined_structure.extxyz,0.39535337953199723,True,5,0,0,0.004370571835000616,2.8133428886418255,3234a32e8c2553dcd4d66cc4c0a5cbc26173945e0877b66718f7c8a549dfda11,51666f7075e794c295fcda5088e29c29281e16f1a85d8e95362c25cc1b0d396e,True,True,False
ALWAYS_ON,190,40190,/data/dxl/results/q3_e3_pcr/formal256/generation/C0/40190/generated_crystals.extxyz,/data/dxl/results/q3_e3_pcr/formal256/refined/ALWAYS_ON/190/refined_structure.extxyz,0.46227667061876787,True,5,0,0,0.026369196221464504,1.816378944184996,a2ea96c56a4e24b6491ba1e3f4238e83b5ddb8b8f3aa947c3dbde722c2426312,62cebc8d5e11f8287346429928663b959bb62ceb11b36b4215aafa665fc9db3d,True,True,False
ALWAYS_ON,191,40191,/data/dxl/results/q3_e3_pcr/formal256/generation/C0/40191/generated_crystals.extxyz,/data/dxl/results/q3_e3_pcr/formal256/refined/ALWAYS_ON/191/refined_structure.extxyz,0.7023286930770842,True,5,0,0,0.012772779594046832,1.9476368388393823,ca39045d32b1e39af52b6f4354d47648eacda8e307b80a59469241634da66b49,4370c5ac1d415fdd5209b4491e13c91e2d7fa7718fc92cc911e3f571d483a827,True,True,False
ALWAYS_ON,192,40192,/data/dxl/results/q3_e3_pcr/formal256/generation/C0/40192/generated_crystals.extxyz,/data/dxl/results/q3_e3_pcr/formal256/refined/ALWAYS_ON/192/refined_structure.extxyz,0.9823778946514616,True,5,0,0,0.007109214260669056,3.0633744469149327,bf9d705ee7c2051b8740290c8da0fbc38663523a7b931c87cc5e5ad797cbb233,0991dca22f6106356a3d2921e50232f56df0a2cfcbfb656790a0a64a9a68aa9c,True,True,False
ALWAYS_ON,193,40193,/data/dxl/results/q3_e3_pcr/formal256/generation/C0/40193/generated_crystals.extxyz,/data/dxl/results/q3_e3_pcr/formal256/refined/ALWAYS_ON/193/refined_structure.extxyz,0.9321595827419744,True,5,0,0,0.00012750963924344018,3.10581268088554,a6a88a6eed89e9b9311cc816595f0a5c02a6b92fa81095c8e1a5ccafc2e78e21,5aae5055add89a7e1acac733564ee287e4f657151f8e55638be464f5608d5ba4,True,True,False
ALWAYS_ON,194,40194,/data/dxl/results/q3_e3_pcr/formal256/generation/C0/40194/generated_crystals.extxyz,/data/dxl/results/q3_e3_pcr/formal256/refined/ALWAYS_ON/194/refined_structure.extxyz,0.26367302187949265,True,5,0,0,0.01366803922096706,2.4076031626586705,c7939d9f4c61f89f8b9250b54fe06c4c98028614faad4b4047c3319cb6be2d4b,520fc89a9f963efcb77382e30dbd07518f45f2cd31a17f37c45af97d61b9d189,True,True,False
ALWAYS_ON,195,40195,/data/dxl/results/q3_e3_pcr/formal256/generation/C0/40195/generated_crystals.extxyz,/data/dxl/results/q3_e3_pcr/formal256/refined/ALWAYS_ON/195/refined_structure.extxyz,0.6726234590655628,True,5,0,0,0.01068874786330908,2.5100709063382385,bcacf516882c6e18d73c60b7b7bf8d803eb21aafcff0245f8250909b8216fd0d,973176ef19a58309aaf6ec211bd438a850e32e7a5dab1d264eb4904893dfa070,True,True,False
ALWAYS_ON,196,40196,/data/dxl/results/q3_e3_pcr/formal256/generation/C0/40196/generated_crystals.extxyz,/data/dxl/results/q3_e3_pcr/formal256/refined/ALWAYS_ON/196/refined_structure.extxyz,0.25991179606624626,True,5,0,0,0.017334205515067647,2.1998536481783537,cf26cadbf4b041ec3ed721c1af6749ad53734fea5210dfb3839f95c9d1e73ff9,4415415a6768b201110ef2738cf7b7392ad4504532b2d8da64e20c822c3fccdd,True,True,False
ALWAYS_ON,197,40197,/data/dxl/results/q3_e3_pcr/formal256/generation/C0/40197/generated_crystals.extxyz,/data/dxl/results/q3_e3_pcr/formal256/refined/ALWAYS_ON/197/refined_structure.extxyz,0.9965414850995647,True,5,0,0,0.0067621179363347465,1.693127813348706,cb757e5952123d15c3499923f09a92b287a53eecceaba4de182326e6455e3337,c9f9dba59d2506df3b38c3966d38d4637571c5f84bb148c8f3b732d73d847b38,True,True,False
ALWAYS_ON,198,40198,/data/dxl/results/q3_e3_pcr/formal256/generation/C0/40198/generated_crystals.extxyz,/data/dxl/results/q3_e3_pcr/formal256/refined/ALWAYS_ON/198/refined_structure.extxyz,0.8269780106248525,True,5,0,0,0.01770093768916771,1.8282328520720736,ae16eefa1f97d39f9a828aca4d6440f0b3cc425fe78a75c2e5de2950f0fbdb62,1ff1a817b69d69cf57213a9ccbe19b34239b8a70d15a85ba11151c063bc78835,True,True,False
ALWAYS_ON,199,40199,/data/dxl/results/q3_e3_pcr/formal256/generation/C0/40199/generated_crystals.extxyz,/data/dxl/results/q3_e3_pcr/formal256/refined/ALWAYS_ON/199/refined_structure.extxyz,0.7457017362561487,True,5,0,0,0.003911775903206399,2.8114249790587564,ed9c4ec9261f2e20e35c30680ef1828e9ce40b01b60eaa9517311464abf6cbc6,02cfc5715452d9db88122802a631d853705089eff93b60b96e08c5537e917884,True,True,False
ALWAYS_ON,200,40200,/data/dxl/results/q3_e3_pcr/formal256/generation/C0/40200/generated_crystals.extxyz,/data/dxl/results/q3_e3_pcr/formal256/refined/ALWAYS_ON/200/refined_structure.extxyz,0.395123813541137,True,5,0,0,0.018663420894136796,2.9024283082012294,623a4b5fe34f3d5e5e10558fa215249500e50c211f6e98d7ce7cea0d4ef4d6b9,1439c94c8f5683d52bf39701b6c5b30cbe3302d41357ae42d020167254fbc41f,True,True,False
ALWAYS_ON,201,40201,/data/dxl/results/q3_e3_pcr/formal256/generation/C0/40201/generated_crystals.extxyz,/data/dxl/results/q3_e3_pcr/formal256/refined/ALWAYS_ON/201/refined_structure.extxyz,0.9469903861580505,True,5,0,0,0.011346160539050734,1.908351272345727,885b4b50c556c8b105f7f6f44112f8aca587cb5ac747aca4f65a3c0216976fad,8a8fe9664afc3a1f4e363883805c1c077ea8ef594d7f0d26417ffc065999c88a,True,True,False
ALWAYS_ON,202,40202,/data/dxl/results/q3_e3_pcr/formal256/generation/C0/40202/generated_crystals.extxyz,/data/dxl/results/q3_e3_pcr/formal256/refined/ALWAYS_ON/202/refined_structure.extxyz,0.9261135348674685,True,5,0,0,0.00733462670219843,2.455030573992878,ae88b0bd50d668a5d768260e4537a6a552cbb6beef1f5adbb2b45fdcb5ce8f85,fe221cc362d372f7f6af8bcd648620877fd817827c00c6e8d1e98752198f9baf,True,True,False
ALWAYS_ON,203,40203,/data/dxl/results/q3_e3_pcr/formal256/generation/C0/40203/generated_crystals.extxyz,/data/dxl/results/q3_e3_pcr/formal256/refined/ALWAYS_ON/203/refined_structure.extxyz,0.2961561313763161,True,5,0,0,0.014897066606201211,1.8982390101054816,d8d05a523e00035be89e86cfa215f2b48d8b7538cfc5d4d95571c79fedc0d972,abfbe1ec4d0a29cbeee33f1fd02090b1a077266ef5b4a01c18f4821d35a7d4cd,True,True,False
ALWAYS_ON,204,40204,/data/dxl/results/q3_e3_pcr/formal256/generation/C0/40204/generated_crystals.extxyz,/data/dxl/results/q3_e3_pcr/formal256/refined/ALWAYS_ON/204/refined_structure.extxyz,0.019367942581713295,True,5,0,0,0.01543670182825655,2.452963547742975,820974937119ac20c4299c7c832eb856e9a925cff95ea4111bb823f4c553b0f4,a5198d816ccc20eb2d34cfddd61dd2bcaed32554550c31bce02c4c055e2ce1ea,True,True,False
ALWAYS_ON,205,40205,/data/dxl/results/q3_e3_pcr/formal256/generation/C0/40205/generated_crystals.extxyz,/data/dxl/results/q3_e3_pcr/formal256/refined/ALWAYS_ON/205/refined_structure.extxyz,0.6476780169029698,True,5,0,0,0.009974348317303533,1.9070266631507655,515b94b63ab4307a6c28cf458705da7ea000940239e4b8f9038017eec287de59,07c7b914ecb188d1cb81f9c8d3ad4c5af1dddcbde3f8a390cf492e485fd3e87d,True,True,False
ALWAYS_ON,206,40206,/data/dxl/results/q3_e3_pcr/formal256/generation/C0/40206/generated_crystals.extxyz,/data/dxl/results/q3_e3_pcr/formal256/refined/ALWAYS_ON/206/refined_structure.extxyz,0.726294657251733,True,5,0,0,0.009222829693722127,2.782005626421644,d24f0025bb626a1602c1b00b8020dc707dba46748ec29118cf082ea4aa09f73d,8a7a58f7078c444ba89c23b89a42d792c4f87a70616d9558750fe2f0e3574c97,True,True,False
ALWAYS_ON,207,40207,/data/dxl/results/q3_e3_pcr/formal256/generation/C0/40207/generated_crystals.extxyz,/data/dxl/results/q3_e3_pcr/formal256/refined/ALWAYS_ON/207/refined_structure.extxyz,0.9698872845976467,True,5,0,0,0.017725054476649654,1.7562937060794124,bd97d12a37a907d9ae504879c64179ff1c4696331b06287baa57fe744df76313,177ed08236d37bd4bee5412bf4e61b7ca210899135e24cb52eaa18fcbbf2cb40,True,True,False
ALWAYS_ON,208,40208,/data/dxl/results/q3_e3_pcr/formal256/generation/C0/40208/generated_crystals.extxyz,/data/dxl/results/q3_e3_pcr/formal256/refined/ALWAYS_ON/208/refined_structure.extxyz,0.6720194249105862,True,5,0,0,0.028992522613291844,1.8470733437655225,00ec49fa705b9a9c31a1bf9e4be6a977618d27f6c4884dd23ca8e40ae30d26bd,3b2bcc00f24bdc173e00d9c66ccf90610f1c49afe48cbc7fef553f9d6bbb37eb,True,True,False
ALWAYS_ON,209,40209,/data/dxl/results/q3_e3_pcr/formal256/generation/C0/40209/generated_crystals.extxyz,/data/dxl/results/q3_e3_pcr/formal256/refined/ALWAYS_ON/209/refined_structure.extxyz,0.9899984265522285,True,5,0,0,0.0097359730704233,2.8707306715562027,ee38f945310161cf2e15beaf37c330ccd8566ecf5e020120d47bb8420d0cd4ae,7b607d7806fcaea456cb8d18ab4a2ab60a2bf1e653ea7e2e137cf49897c8a5d4,True,True,False
ALWAYS_ON,210,40210,/data/dxl/results/q3_e3_pcr/formal256/generation/C0/40210/generated_crystals.extxyz,/data/dxl/results/q3_e3_pcr/formal256/refined/ALWAYS_ON/210/refined_structure.extxyz,0.48567533061017976,True,5,0,0,0.004666341488553502,2.0802713714771706,55854be4fb9ed3b5e8f0a61c0798dbd13815880e09aae771b5134c7c61dfa03f,1344c887b788f6814768d9d471064dfd6eac7f54cdcc8d16dd0ccbb9849d7b49,True,True,False
ALWAYS_ON,211,40211,/data/dxl/results/q3_e3_pcr/formal256/generation/C0/40211/generated_crystals.extxyz,/data/dxl/results/q3_e3_pcr/formal256/refined/ALWAYS_ON/211/refined_structure.extxyz,0.15305304464305322,True,5,0,0,0.0006958225496487328,2.459521739343939,0253d10083077e64c1f6364097617210a6359a38111fa24361a177ebcb03bfe1,3747a7c48dda01528c7107d16bf53f130d4d9f1afb4f920595fb041070a43cb3,True,True,False
ALWAYS_ON,212,40212,/data/dxl/results/q3_e3_pcr/formal256/generation/C0/40212/generated_crystals.extxyz,/data/dxl/results/q3_e3_pcr/formal256/refined/ALWAYS_ON/212/refined_structure.extxyz,0.34330664178536596,True,5,0,0,0.0005025970263542456,2.5740064917855,8582d681f489fb961f0645942e13d84e79e7c7cb6a5454b3edc7fe2656b24c72,0759d77417a1995d78a25bd6ae972a88d2615217288abf3648bdfd0a4c01aa9a,True,True,False
ALWAYS_ON,213,40213,/data/dxl/results/q3_e3_pcr/formal256/generation/C0/40213/generated_crystals.extxyz,/data/dxl/results/q3_e3_pcr/formal256/refined/ALWAYS_ON/213/refined_structure.extxyz,0.9835639512050511,True,5,0,0,0.005383085125641293,1.7619651304304258,1404b8ce2f6028b681ea0060c1ceeabc329b093526d3a3151006626e84433561,9e300719477bf0b36c09438574a06bc805e99038bd5e147b2b2b3899fbfe285c,True,True,False
ALWAYS_ON,214,40214,/data/dxl/results/q3_e3_pcr/formal256/generation/C0/40214/generated_crystals.extxyz,/data/dxl/results/q3_e3_pcr/formal256/refined/ALWAYS_ON/214/refined_structure.extxyz,0.4525741024314242,True,5,0,0,0.008730964216820786,1.9130276575434704,b9b33f210cba8f49979f073cf46cfebe30760b1cbb177be7b718cd01f197aef7,419cdb5d7f9069138d07546f6e91eada3e777aee9f69edfee03a461aa4828ec8,True,True,False
ALWAYS_ON,215,40215,/data/dxl/results/q3_e3_pcr/formal256/generation/C0/40215/generated_crystals.extxyz,/data/dxl/results/q3_e3_pcr/formal256/refined/ALWAYS_ON/215/refined_structure.extxyz,0.7154853545324756,True,5,0,0,0.015420287012663306,2.3476936037376817,ccbf37ac488600b729cb918d4c6e9bb0a01fb75773a0b80d76eaaa14bea1da0c,1c8f1bc5cc2084ce535ae0965e35397205c501aeddab83d8ffb3343fac219c5d,True,True,False
ALWAYS_ON,216,40216,/data/dxl/results/q3_e3_pcr/formal256/generation/C0/40216/generated_crystals.extxyz,/data/dxl/results/q3_e3_pcr/formal256/refined/ALWAYS_ON/216/refined_structure.extxyz,0.9547469233548218,True,5,0,0,0.01053286662763709,2.2947300519151077,dced94c862c44957fd5233222a4d7827c260a51d9e6719cf52e242d6bf0f7efb,2ea9266c0e8a2b4a3ec785539ca6e843c5e568c47f0f4012d15736ab963b4a57,True,True,False
ALWAYS_ON,217,40217,/data/dxl/results/q3_e3_pcr/formal256/generation/C0/40217/generated_crystals.extxyz,/data/dxl/results/q3_e3_pcr/formal256/refined/ALWAYS_ON/217/refined_structure.extxyz,0.7912710215625198,True,5,0,0,0.021256589209405242,2.237299366359579,185e013153dc5bd9943acf11234131c2ed6450a9d7c1609fa18b5554e190b549,afe161342a96b1160e58da41c6fd785ba086e26c4584473a52c0e301011656af,True,True,False
ALWAYS_ON,218,40218,/data/dxl/results/q3_e3_pcr/formal256/generation/C0/40218/generated_crystals.extxyz,/data/dxl/results/q3_e3_pcr/formal256/refined/ALWAYS_ON/218/refined_structure.extxyz,0.14542648687048101,True,5,0,0,0.0066479178195044735,2.4025114611787903,b6111d69d36b43e8298ce6d9b2c0f74089fb2e5e025239c9ffdfb503314566d3,19185b56a374d34d57a2585054c45d459b4881d5a703438d2bbe01ec755421b1,True,True,False
ALWAYS_ON,219,40219,/data/dxl/results/q3_e3_pcr/formal256/generation/C0/40219/generated_crystals.extxyz,/data/dxl/results/q3_e3_pcr/formal256/refined/ALWAYS_ON/219/refined_structure.extxyz,0.31266942619383326,True,5,0,0,0.0029754562108859368,2.995902931700223,dcac57ea687d2dfbb4c39a5962253305e7e392f819d2e42a16b9d24e32d60b32,60422fe5907bb57dfc5a53ef2bdd701007045165202e165cf3b09f7a919c4ed2,True,True,False
ALWAYS_ON,220,40220,/data/dxl/results/q3_e3_pcr/formal256/generation/C0/40220/generated_crystals.extxyz,/data/dxl/results/q3_e3_pcr/formal256/refined/ALWAYS_ON/220/refined_structure.extxyz,0.9489362462849237,True,5,0,0,0.007243370849391197,2.591635068729978,a1cebe6321d42d241e46d80a4dfd385623de522fd5356d4bf0496aa5454a4b74,e4f26f19062fc9588fa64c63be6b8fc6e8031ca2c744855ea0801b1a7eeca005,True,True,False
ALWAYS_ON,221,40221,/data/dxl/results/q3_e3_pcr/formal256/generation/C0/40221/generated_crystals.extxyz,/data/dxl/results/q3_e3_pcr/formal256/refined/ALWAYS_ON/221/refined_structure.extxyz,0.9898507688859782,True,5,0,0,0.016184179097581384,1.9123157361472936,7865b383c3d884155b445812e0f5f9e32787bb9108d135f3f18f014a747c71b3,5557b34a889da222bf490cbb83dda005f074a737ec66f65b6dd3cab19f1be8d0,True,True,False
ALWAYS_ON,222,40222,/data/dxl/results/q3_e3_pcr/formal256/generation/C0/40222/generated_crystals.extxyz,/data/dxl/results/q3_e3_pcr/formal256/refined/ALWAYS_ON/222/refined_structure.extxyz,0.8852909949405975,True,5,0,0,0.0007921766061934776,3.8247813224266274,6a936982734a76ffe82bc684dec820c54253aa8e18e765c1f4fb4697e6858d01,18d64dfc6acba20e89648cc5a68d815c428c4cc0285222be27f87ecf6ec7585d,True,True,False
ALWAYS_ON,223,40223,/data/dxl/results/q3_e3_pcr/formal256/generation/C0/40223/generated_crystals.extxyz,/data/dxl/results/q3_e3_pcr/formal256/refined/ALWAYS_ON/223/refined_structure.extxyz,0.717670327696942,True,5,0,0,0.010197257964948327,2.3481637852241004,26066c75174a03a0d00909639143f27ed52cb52c641bcfd8a8529c87f548c8b1,765b2468420cd5fedda58aaed4c4f03068fd7e2f91bcb8dba14f8ee908022640,True,True,False
ALWAYS_ON,224,40224,/data/dxl/results/q3_e3_pcr/formal256/generation/C0/40224/generated_crystals.extxyz,/data/dxl/results/q3_e3_pcr/formal256/refined/ALWAYS_ON/224/refined_structure.extxyz,0.9908672894761044,True,5,0,0,0.025022805845851228,1.7691172568642108,1db3d5d8c420bda59bb7722d1dae2bddc5d04d92a7fda0b9cce5bb5a02ae6f0e,19f63d20791f5acf179a17fc53c00c995226d6a5b28c2e6e9e6cd2dd78dd7d88,True,True,False
ALWAYS_ON,225,40225,/data/dxl/results/q3_e3_pcr/formal256/generation/C0/40225/generated_crystals.extxyz,/data/dxl/results/q3_e3_pcr/formal256/refined/ALWAYS_ON/225/refined_structure.extxyz,0.4725838858775794,True,5,0,0,0.00573529019101935,1.784367503712207,81757c02f38406f2509a5df6d5fc1825a778ad30fb0376564a55ccfb8eac5a55,164f64f7615c62fcb061fe24c414468fe1c3db47f1c69038af2658ab55aefd42,True,True,False
ALWAYS_ON,226,40226,/data/dxl/results/q3_e3_pcr/formal256/generation/C0/40226/generated_crystals.extxyz,/data/dxl/results/q3_e3_pcr/formal256/refined/ALWAYS_ON/226/refined_structure.extxyz,0.010848410977935275,True,5,0,0,0.005215437032512398,2.46579184807673,53b3583f732397b5aec58aa67deeee64a8e6ed1c05bf90a2191488d4d3dde7d4,e2666ff62a6e3e5bd9eed8f3fd5e4f6647dd54dd94da2c9f59cdbc4a145343ff,True,True,False
ALWAYS_ON,227,40227,/data/dxl/results/q3_e3_pcr/formal256/generation/C0/40227/generated_crystals.extxyz,/data/dxl/results/q3_e3_pcr/formal256/refined/ALWAYS_ON/227/refined_structure.extxyz,0.7476699627917642,True,5,0,0,0.006078191438996954,2.5005466223071213,307ccc8ea301275991686ea324439e2f543e63da1615f5261491a0e4ed050827,c5f7f7824f8c09ff350ea9f9484d3f9c9e60ba5c55b617049ae3ece7b2f036f4,True,True,False
ALWAYS_ON,228,40228,/data/dxl/results/q3_e3_pcr/formal256/generation/C0/40228/generated_crystals.extxyz,/data/dxl/results/q3_e3_pcr/formal256/refined/ALWAYS_ON/228/refined_structure.extxyz,0.1259757789704584,True,5,0,0,0.005417195376843354,2.5571703271712387,423144b4ecc965d41d272b3a2b09570b76eb22607f75744d0c7a8345ad045e76,4ff9dba72e8928374d91ed7a7314b938d51dd7334879b684bef16b2ea2178410,True,True,False
ALWAYS_ON,229,40229,/data/dxl/results/q3_e3_pcr/formal256/generation/C0/40229/generated_crystals.extxyz,/data/dxl/results/q3_e3_pcr/formal256/refined/ALWAYS_ON/229/refined_structure.extxyz,0.5251018514365431,True,5,0,0,0.013334259920982059,3.080239798930043,71ade509a6b9d81f1b4cebfe6405e76f4da0d20c7bf33d6a38bf3555b4adb322,b3aa330fc2d215de1bd62a9aa1d552f68c3ed87b150e90ed0659a10923afce10,True,True,False
ALWAYS_ON,230,40230,/data/dxl/results/q3_e3_pcr/formal256/generation/C0/40230/generated_crystals.extxyz,/data/dxl/results/q3_e3_pcr/formal256/refined/ALWAYS_ON/230/refined_structure.extxyz,0.9434626156598028,True,5,0,0,0.006709246123537732,2.5316076227772273,30ffbda383bb5a3587f6237b20d150889e40168fc408c8b925d52dbbaeb1ce84,5dc52bd9247b8ee7f77c6bfa74e953c98ab15bf83dcadc42f40127968f7cf0be,True,True,False
ALWAYS_ON,231,40231,/data/dxl/results/q3_e3_pcr/formal256/generation/C0/40231/generated_crystals.extxyz,/data/dxl/results/q3_e3_pcr/formal256/refined/ALWAYS_ON/231/refined_structure.extxyz,0.6213256817228404,True,5,0,0,0.019966475917725365,1.9551643429983767,44937d753a7bc2503757c42c72ffa95f534ac2a51a5323a00c722b9e1554ea3b,13b3439c681d13325030ddc8776a49c5295d5f239d0d0f812806038ac972dd87,True,True,False
ALWAYS_ON,232,40232,/data/dxl/results/q3_e3_pcr/formal256/generation/C0/40232/generated_crystals.extxyz,/data/dxl/results/q3_e3_pcr/formal256/refined/ALWAYS_ON/232/refined_structure.extxyz,0.48371907667605063,True,5,0,0,0.000306842887811115,3.14321300590496,59b6f9d129883f79d3254d7229c064b53e52580b0740d7b9c65db0bb38b8211c,479e9954b587fc2a3f2da57d4610299bd45d03ffcdbe40b46c88d4409019aa96,True,True,False
ALWAYS_ON,233,40233,/data/dxl/results/q3_e3_pcr/formal256/generation/C0/40233/generated_crystals.extxyz,/data/dxl/results/q3_e3_pcr/formal256/refined/ALWAYS_ON/233/refined_structure.extxyz,0.32996853348527705,True,5,0,0,0.04082181583435173,1.939443796263513,c0c21f39d133d9744f1e92d29ea4d9f09ea3d3924c57a6c1b0ff43af863ebd2d,841c9f012bee3c00738b794b0cb2a3582cdace59a707cca18fee892cd7b537c1,True,True,False
ALWAYS_ON,234,40234,/data/dxl/results/q3_e3_pcr/formal256/generation/C0/40234/generated_crystals.extxyz,/data/dxl/results/q3_e3_pcr/formal256/refined/ALWAYS_ON/234/refined_structure.extxyz,0.6644150368552947,True,5,0,0,0.012535921793916795,1.8695517981806553,45c1032f794b1ff12c4ebe4235e0069527fe4fed680a14ac1e2f20f4cb1e1266,2629b17fae4f26f9fe0fa9ee51ceabf01f419523888a5081819b0b2754c6765c,True,True,False
ALWAYS_ON,235,40235,/data/dxl/results/q3_e3_pcr/formal256/generation/C0/40235/generated_crystals.extxyz,/data/dxl/results/q3_e3_pcr/formal256/refined/ALWAYS_ON/235/refined_structure.extxyz,0.6357216651860693,True,5,0,0,0.010254696665532543,2.805969492367836,91b36e550a2b63cec5421025334e33c29be2aeb990ffc5f5643f89e833418a6c,5a9cce2f95a7578999a79d7142792309db08378a0008f1d59e01647995aa9069,True,True,False
ALWAYS_ON,236,40236,/data/dxl/results/q3_e3_pcr/formal256/generation/C0/40236/generated_crystals.extxyz,/data/dxl/results/q3_e3_pcr/formal256/refined/ALWAYS_ON/236/refined_structure.extxyz,0.9797341579008352,True,5,0,0,0.006618690043218941,2.8720788219309874,53202108d8486aca7979afb61e342fa646203a8fccfb2d89447049ccb0bf7836,3ee60c3722b226e9d658aff49adcce659efe5d362ae554b513c9b0f96d548784,True,True,False
ALWAYS_ON,237,40237,/data/dxl/results/q3_e3_pcr/formal256/generation/C0/40237/generated_crystals.extxyz,/data/dxl/results/q3_e3_pcr/formal256/refined/ALWAYS_ON/237/refined_structure.extxyz,0.14475852489552415,True,5,0,0,0.0007147939645095306,2.4634304607375,3e6b2876cffec9696852a2574dc871bdd1aecac0a34187935763c0910e9a6b01,796f004519d86c1347abaf352e09749cbb75a04f1499e1d4552e5a2cb2bb72be,True,True,False
ALWAYS_ON,238,40238,/data/dxl/results/q3_e3_pcr/formal256/generation/C0/40238/generated_crystals.extxyz,/data/dxl/results/q3_e3_pcr/formal256/refined/ALWAYS_ON/238/refined_structure.extxyz,0.5788971956555734,True,5,0,0,0.007210314802731944,1.8995511807019563,a12d86d6ed06b72b33c97aa7192b2ab02a10d17634d1083f1ac9d38fe03a6d40,38274e0c991fb9d4857bfc93856f01a304c5c3e2b004758b7714b7772f1feb20,True,True,False
ALWAYS_ON,239,40239,/data/dxl/results/q3_e3_pcr/formal256/generation/C0/40239/generated_crystals.extxyz,/data/dxl/results/q3_e3_pcr/formal256/refined/ALWAYS_ON/239/refined_structure.extxyz,0.9494111007263522,True,5,0,0,0.00027841890273456,2.5465566292013855,2fe58a73e04d987db47163c8aa2eddee40097109f197fbe07fb86286cb1f29d6,035040a0e6c3bda62f50ba2c852495eb33ba604184295d40a4cb65f86e21bbbb,True,True,False
ALWAYS_ON,240,40240,/data/dxl/results/q3_e3_pcr/formal256/generation/C0/40240/generated_crystals.extxyz,/data/dxl/results/q3_e3_pcr/formal256/refined/ALWAYS_ON/240/refined_structure.extxyz,0.8991303243890163,True,5,0,0,0.01721936189892463,2.472749087873049,5b3e530585bf5a21a55cf7fe368a9994312d630988067fef56f684c7c7de198d,b57fb5b537996ccd250fb531cc611f984993fe506f69f09f0c7b9e0587cbe6f2,True,True,False
ALWAYS_ON,241,40241,/data/dxl/results/q3_e3_pcr/formal256/generation/C0/40241/generated_crystals.extxyz,/data/dxl/results/q3_e3_pcr/formal256/refined/ALWAYS_ON/241/refined_structure.extxyz,0.7338964201574887,True,5,0,0,0.004128504658178819,2.0798225764834557,d8642d2b773fb160246287610943144fe8618d40461b3344517ab3f83aae2f1d,031c218143a89166367e01ad0fbc2429b3363bf5e8646b2f265db1dd6f98371a,True,True,False
ALWAYS_ON,242,40242,/data/dxl/results/q3_e3_pcr/formal256/generation/C0/40242/generated_crystals.extxyz,/data/dxl/results/q3_e3_pcr/formal256/refined/ALWAYS_ON/242/refined_structure.extxyz,0.9327555227178339,True,5,0,0,0.011622736839428134,1.8697792144098844,0638e7b267f2743d65747191c6d5ea846e82b6d3f01bcee8b26549098640ca10,24de7837cfcd43cc0cc9c767c306ce0c953c96a0e1dd87ef04172a034083c08f,True,True,False
ALWAYS_ON,243,40243,/data/dxl/results/q3_e3_pcr/formal256/generation/C0/40243/generated_crystals.extxyz,/data/dxl/results/q3_e3_pcr/formal256/refined/ALWAYS_ON/243/refined_structure.extxyz,0.8568354154761293,True,5,0,0,0.018458890958441308,2.3501282921555955,5fbaeb33fdf42ae7be75fda1dbdf283f52ee3a7347fd767e6886f11a95615526,1c193c98a42dc5d9ecee14667a601b1c51baad7b5a0cc15c5df739bf20d5d1a9,True,True,False
ALWAYS_ON,244,40244,/data/dxl/results/q3_e3_pcr/formal256/generation/C0/40244/generated_crystals.extxyz,/data/dxl/results/q3_e3_pcr/formal256/refined/ALWAYS_ON/244/refined_structure.extxyz,0.4214912807737663,True,5,0,0,0.009166920936432869,2.3766804933003463,1b85a8c39c563b9267653b39f6b2a30c85aaca921a7674028b2ebfcac00e7384,f42d663611761236f9fae861fd5b8956944587b66e201caaf0d85a0b6e6af8ba,True,True,False
ALWAYS_ON,245,40245,/data/dxl/results/q3_e3_pcr/formal256/generation/C0/40245/generated_crystals.extxyz,/data/dxl/results/q3_e3_pcr/formal256/refined/ALWAYS_ON/245/refined_structure.extxyz,0.6898016524469641,True,5,0,0,0.01020310066827711,2.4723013185569864,8cd1a483a75ffa51379bab384d0d75817a4c352cbb01728e926f2668ee0cc503,bd04bbaa0cddd46761c7f748bd949dac42040607d7a40c36be10f9fe38cafcfc,True,True,False
ALWAYS_ON,246,40246,/data/dxl/results/q3_e3_pcr/formal256/generation/C0/40246/generated_crystals.extxyz,/data/dxl/results/q3_e3_pcr/formal256/refined/ALWAYS_ON/246/refined_structure.extxyz,0.7789284456326504,True,5,0,0,0.002793371418966832,3.233777550253696,ffc6e732267e0a36d2711bcbc465b93fc5eaa9d64233ccf8c9d92274450faf94,366172937e2a794913d75c0350c1ef7267730c9106179dcabf25adc481cf1727,True,True,False
ALWAYS_ON,247,40247,/data/dxl/results/q3_e3_pcr/formal256/generation/C0/40247/generated_crystals.extxyz,/data/dxl/results/q3_e3_pcr/formal256/refined/ALWAYS_ON/247/refined_structure.extxyz,0.23795370125685336,True,5,0,0,0.00790404307430967,2.420663028876126,e8c6e246c0a90bd170503f90686e6172d4feb0858554883e633928936904cec2,d750e4cae16d27b4a6b09af5e3ac938c6059d13a09a57ecbc6f300c85d263bd6,True,True,False
ALWAYS_ON,248,40248,/data/dxl/results/q3_e3_pcr/formal256/generation/C0/40248/generated_crystals.extxyz,/data/dxl/results/q3_e3_pcr/formal256/refined/ALWAYS_ON/248/refined_structure.extxyz,0.8991212722130671,True,5,0,0,0.007347859714299154,2.5615171502915453,02206bd7a0db956b11705b3a27d16f9167c3d18d10c8173af1f2368f0c63c2df,213927d3004ba5673acb8aef32e5c114ce7f082172d54ab2923625175f5ad63d,True,True,False
ALWAYS_ON,249,40249,/data/dxl/results/q3_e3_pcr/formal256/generation/C0/40249/generated_crystals.extxyz,/data/dxl/results/q3_e3_pcr/formal256/refined/ALWAYS_ON/249/refined_structure.extxyz,0.33847044136393717,True,5,0,0,0.0035998620509401667,2.477727918774955,08b36120985f11dce6558ec6f981c96110c431242d162c41f5e60ad6562e283b,148cdba508ed293d5b3a6ff773c41cf5fe331b563cc2be2b561d3f9653b3faf6,True,True,False
ALWAYS_ON,250,40250,/data/dxl/results/q3_e3_pcr/formal256/generation/C0/40250/generated_crystals.extxyz,/data/dxl/results/q3_e3_pcr/formal256/refined/ALWAYS_ON/250/refined_structure.extxyz,0.7303154670755452,True,5,0,0,0.0008183332960352316,2.525138586165313,05a1619ba70ab7985b5bc717ad1b1536833bb6eb423c77358ab3299ca964a13e,de4fefeb8d092a1c781dc024faedab2b4b8ebb87ddb56147cb647ce03edb35fb,True,True,False
ALWAYS_ON,251,40251,/data/dxl/results/q3_e3_pcr/formal256/generation/C0/40251/generated_crystals.extxyz,/data/dxl/results/q3_e3_pcr/formal256/refined/ALWAYS_ON/251/refined_structure.extxyz,0.33284244564399273,True,5,0,0,0.00966532905167724,1.9990771196740345,01fb5443c11df3073e5a7ee9ac8d82102026733f1e299ddd1c619f87ecab3c23,49d9a5207beaec9461f8b7223ba55f4e05fc16266c4df5aa8f5a7563d5a304ee,True,True,False
ALWAYS_ON,252,40252,/data/dxl/results/q3_e3_pcr/formal256/generation/C0/40252/generated_crystals.extxyz,/data/dxl/results/q3_e3_pcr/formal256/refined/ALWAYS_ON/252/refined_structure.extxyz,0.6570353242392459,True,5,0,0,0.015604393741808442,2.032489723892167,dc5de35e131fbaea6671454820e455fd5e31f1719c75cac58e3dcaab8d20a764,200a479fccf9952beaf02dd06b2043bbbf67b9eb2155dd68104758990d51e406,True,True,False
ALWAYS_ON,253,40253,/data/dxl/results/q3_e3_pcr/formal256/generation/C0/40253/generated_crystals.extxyz,/data/dxl/results/q3_e3_pcr/formal256/refined/ALWAYS_ON/253/refined_structure.extxyz,0.7480167798093937,True,5,0,0,0.004958435315238016,2.4867667015856667,68363c8f07df24fac7ff917a319393a858a42d3eacfebc5d39a6bdebce4e9fd3,0d00e2296a7884e9fb221763097df8a4abb832995edd3a8077c322d46af4c1d5,True,True,False
ALWAYS_ON,254,40254,/data/dxl/results/q3_e3_pcr/formal256/generation/C0/40254/generated_crystals.extxyz,/data/dxl/results/q3_e3_pcr/formal256/refined/ALWAYS_ON/254/refined_structure.extxyz,0.39077430791175866,True,5,0,0,0.00021098433567439358,1.8712303957029435,330ba6a79e64f0f5b4b615a385d2a93a7cfc98045fbe3df2a2892f662095886c,c1caff5cee6760369461a0e5d2268f333942efcdb7dcd67db6cf18a9232076f8,True,True,False
ALWAYS_ON,255,40255,/data/dxl/results/q3_e3_pcr/formal256/generation/C0/40255/generated_crystals.extxyz,/data/dxl/results/q3_e3_pcr/formal256/refined/ALWAYS_ON/255/refined_structure.extxyz,0.08465362659917698,True,5,0,0,0.000561922158578156,3.4268079895135486,23711150fbb967364a1095e55801a034fd5cee9e9f66522d64e17496d2d01e00,85aae4dcbc86418c106fb383d62c5de7b2c9be8196e17d941e333eb61e10c1b7,True,True,False
Q3_E3_PCR,0,40000,/data/dxl/results/q3_e3_pcr/formal256/generation/C0/40000/generated_crystals.extxyz,/data/dxl/results/q3_e3_pcr/formal256/refined/Q3_E3_PCR/00/refined_structure.extxyz,0.308567377288957,False,0,0,0,0.0,3.0963663578861755,2830b2e216236792653f5ec35f20c07c685a0308072dcdcf4f3c72edba6f2794,2830b2e216236792653f5ec35f20c07c685a0308072dcdcf4f3c72edba6f2794,True,True,True
Q3_E3_PCR,1,40001,/data/dxl/results/q3_e3_pcr/formal256/generation/C0/40001/generated_crystals.extxyz,/data/dxl/results/q3_e3_pcr/formal256/refined/Q3_E3_PCR/01/refined_structure.extxyz,0.5028613563253412,True,5,0,0,0.012912146379615224,2.0410851197960214,5a92f8893f7803a12ef6e0d22cf7de6bd68dd89894d3d2e06f9c4cf1bbcd5d38,bcb9211a7bd809807742e27422a0ac372b645a64f8c372b891e1b7f892fbd5e2,True,True,False
Q3_E3_PCR,2,40002,/data/dxl/results/q3_e3_pcr/formal256/generation/C0/40002/generated_crystals.extxyz,/data/dxl/results/q3_e3_pcr/formal256/refined/Q3_E3_PCR/02/refined_structure.extxyz,0.9782834653693858,True,5,0,0,0.0011639484714962697,3.5789705245059253,f32204ab4b07b78b201ba7d705d5fd168b2d230b0f2415ce318f517ab91b2763,8bb616be26e1c99a78ba56764bf051851b670c2f2209715cfcbc54981ba26be0,True,True,False
Q3_E3_PCR,3,40003,/data/dxl/results/q3_e3_pcr/formal256/generation/C0/40003/generated_crystals.extxyz,/data/dxl/results/q3_e3_pcr/formal256/refined/Q3_E3_PCR/03/refined_structure.extxyz,0.9080629442526431,True,5,0,0,0.011711474702264739,2.345013589523855,5a802559b3fcbd531bde4d3e025b04f2e4b80e00a7000694e29779e5a95999f8,6b9d6370d270218dd9060d503386a523dc250377b72fd1c33a8f114fef7c89ad,True,True,False
Q3_E3_PCR,4,40004,/data/dxl/results/q3_e3_pcr/formal256/generation/C0/40004/generated_crystals.extxyz,/data/dxl/results/q3_e3_pcr/formal256/refined/Q3_E3_PCR/04/refined_structure.extxyz,0.9717844964643441,True,5,0,0,0.004462500426857024,3.1050930952038516,8063e6a09ef6ce1a915449575e3a9e512a851c2aa51e2b1b2372030aad921931,9315dd570f42bae31ec05d4621f5c9a8a805488f6834e922fa52cd09de776fed,True,True,False
Q3_E3_PCR,5,40005,/data/dxl/results/q3_e3_pcr/formal256/generation/C0/40005/generated_crystals.extxyz,/data/dxl/results/q3_e3_pcr/formal256/refined/Q3_E3_PCR/05/refined_structure.extxyz,0.8925125992589624,True,5,0,0,0.007214462084299175,2.562041558179553,66d679a1923d3ea8f42d2e3c4560c97ba31a8a0ca19ee4c9ebe02f0430cbe366,bb4eef9af3d0590e1cda9f5a1789fea0559f8eaec7794ebefe38873c56ebb887,True,True,False
Q3_E3_PCR,6,40006,/data/dxl/results/q3_e3_pcr/formal256/generation/C0/40006/generated_crystals.extxyz,/data/dxl/results/q3_e3_pcr/formal256/refined/Q3_E3_PCR/06/refined_structure.extxyz,0.931873499548729,True,5,0,0,0.003420884043825164,1.6871367230169976,851732bd338147f7f1a1ad1e1ced5502b327f8a64be4b5c910bd1479cfeacd0d,909edb945b160de547c308010c3d201a621e97369f55124d9a2e0830a6872fbb,True,True,False
Q3_E3_PCR,7,40007,/data/dxl/results/q3_e3_pcr/formal256/generation/C0/40007/generated_crystals.extxyz,/data/dxl/results/q3_e3_pcr/formal256/refined/Q3_E3_PCR/07/refined_structure.extxyz,0.0057831934526070584,False,0,0,0,0.0,2.576885653528756,7e90160f34d7a6b322d7a8b30ae25889bab15e44b244c51ed6b464973f7e4251,7e90160f34d7a6b322d7a8b30ae25889bab15e44b244c51ed6b464973f7e4251,True,True,True
Q3_E3_PCR,8,40008,/data/dxl/results/q3_e3_pcr/formal256/generation/C0/40008/generated_crystals.extxyz,/data/dxl/results/q3_e3_pcr/formal256/refined/Q3_E3_PCR/08/refined_structure.extxyz,0.8379986904206073,True,5,0,0,0.0016269580863685217,2.4738425194380715,a7853ae9349ea568a57934aa58e6b20502dff524d614c13a3bb25703d93d4927,64f0a801236560728ac442597cd94dbbfef64d91c21dd731a2dc47cd3a4c7bb8,True,True,False
Q3_E3_PCR,9,40009,/data/dxl/results/q3_e3_pcr/formal256/generation/C0/40009/generated_crystals.extxyz,/data/dxl/results/q3_e3_pcr/formal256/refined/Q3_E3_PCR/09/refined_structure.extxyz,0.11197584772746746,False,0,0,0,0.0,2.6108729546810756,1187292069bc2036a221987131d7e39394e9b4e58361613d4e2cc2609d30555c,1187292069bc2036a221987131d7e39394e9b4e58361613d4e2cc2609d30555c,True,True,True
Q3_E3_PCR,10,40010,/data/dxl/results/q3_e3_pcr/formal256/generation/C0/40010/generated_crystals.extxyz,/data/dxl/results/q3_e3_pcr/formal256/refined/Q3_E3_PCR/10/refined_structure.extxyz,0.06814817617145388,False,0,0,0,0.0,2.448437099137922,847d21d53213d1f5fd32a18f91dcbc44a9cd986d1b996b4d1e39f022f3676a4d,847d21d53213d1f5fd32a18f91dcbc44a9cd986d1b996b4d1e39f022f3676a4d,True,True,True
Q3_E3_PCR,11,40011,/data/dxl/results/q3_e3_pcr/formal256/generation/C0/40011/generated_crystals.extxyz,/data/dxl/results/q3_e3_pcr/formal256/refined/Q3_E3_PCR/11/refined_structure.extxyz,0.9077273681253339,True,5,0,0,0.01101429150675158,2.5065724314450177,a1dc329e20f70545cd888544c8a57b776882616b467d6478b6aad9ec89dcfeec,26bc602221fbc0ce956ed14d4bb6bfd0d2a01f6d8c71047e451f473bbde269e9,True,True,False
Q3_E3_PCR,12,40012,/data/dxl/results/q3_e3_pcr/formal256/generation/C0/40012/generated_crystals.extxyz,/data/dxl/results/q3_e3_pcr/formal256/refined/Q3_E3_PCR/12/refined_structure.extxyz,0.6413429823777773,True,5,0,0,0.009024602473267113,2.224208851956135,6c669b1d98107b66e0d3873a3be8e49da2e9b5815dcebc612e5d9d78c0a36aab,ef1469eb6f6efff1a32c28ae972bced1eed2ca460e33865ac343d7850b027dfd,True,True,False
Q3_E3_PCR,13,40013,/data/dxl/results/q3_e3_pcr/formal256/generation/C0/40013/generated_crystals.extxyz,/data/dxl/results/q3_e3_pcr/formal256/refined/Q3_E3_PCR/13/refined_structure.extxyz,0.5021117883958977,True,5,0,0,0.008218936516400014,2.3889686649336186,dbb5f428aa22aaeea92be288a3d664e66f61ed308fa41377682e38bbec944c6c,ed6680fbd84b66299543448a86e1f7bcc33f7f2528a533936d02c46d8afa6308,True,True,False
Q3_E3_PCR,14,40014,/data/dxl/results/q3_e3_pcr/formal256/generation/C0/40014/generated_crystals.extxyz,/data/dxl/results/q3_e3_pcr/formal256/refined/Q3_E3_PCR/14/refined_structure.extxyz,0.5948117938598857,True,5,0,0,0.0002965850711014588,1.8529306592059769,2b691ddb8908b97e189e322b253d8fd20c46b068c1b141857edcaace41664dad,5dff8a1d1ca3177cb31bb57191de241eb75dbcc3217754ee73671177f6e4ce00,True,True,False
Q3_E3_PCR,15,40015,/data/dxl/results/q3_e3_pcr/formal256/generation/C0/40015/generated_crystals.extxyz,/data/dxl/results/q3_e3_pcr/formal256/refined/Q3_E3_PCR/15/refined_structure.extxyz,0.8686738037918926,True,5,0,0,0.00654899605255605,2.1003491193028965,60fdb566f312a4df1543a2f54f58726d06a238874aa8e34594f1c9f67d250b61,d483a2daf4e48a94c339af95c8ff94695ecd3069e4bb835a738af1709d202242,True,True,False
Q3_E3_PCR,16,40016,/data/dxl/results/q3_e3_pcr/formal256/generation/C0/40016/generated_crystals.extxyz,/data/dxl/results/q3_e3_pcr/formal256/refined/Q3_E3_PCR/16/refined_structure.extxyz,0.1857618964330877,False,0,0,0,0.0,2.205767819318,d4cd6500667563a240c19cf2aec0e2b9f8a013e3d45b8543c18a562441967d9d,d4cd6500667563a240c19cf2aec0e2b9f8a013e3d45b8543c18a562441967d9d,True,True,True
Q3_E3_PCR,17,40017,/data/dxl/results/q3_e3_pcr/formal256/generation/C0/40017/generated_crystals.extxyz,/data/dxl/results/q3_e3_pcr/formal256/refined/Q3_E3_PCR/17/refined_structure.extxyz,0.9827588717146994,True,5,0,0,0.019725538970557913,1.791877466053799,9a3ed2c837ecd12e9e26a3f51142ea088f35b0153d5fe96ba53e66f40d8510d8,20859fdc8174e0c5a46659455012cad02a38862065d6b00411dc5add78423785,True,True,False
Q3_E3_PCR,18,40018,/data/dxl/results/q3_e3_pcr/formal256/generation/C0/40018/generated_crystals.extxyz,/data/dxl/results/q3_e3_pcr/formal256/refined/Q3_E3_PCR/18/refined_structure.extxyz,0.2596042569999757,False,0,0,0,0.0,2.61248828364987,8a7b9551b029cf42d9250697a2c730103f63ec08b5e9d1c550dd088e719d26ce,8a7b9551b029cf42d9250697a2c730103f63ec08b5e9d1c550dd088e719d26ce,True,True,True
Q3_E3_PCR,19,40019,/data/dxl/results/q3_e3_pcr/formal256/generation/C0/40019/generated_crystals.extxyz,/data/dxl/results/q3_e3_pcr/formal256/refined/Q3_E3_PCR/19/refined_structure.extxyz,0.38621079777729,False,0,0,0,0.0,2.4741991325370107,aa589d909ae3158a790cf23e53a4df84fd7298819694e38996e6efd895d3173e,aa589d909ae3158a790cf23e53a4df84fd7298819694e38996e6efd895d3173e,True,True,True
Q3_E3_PCR,20,40020,/data/dxl/results/q3_e3_pcr/formal256/generation/C0/40020/generated_crystals.extxyz,/data/dxl/results/q3_e3_pcr/formal256/refined/Q3_E3_PCR/20/refined_structure.extxyz,0.9563256887099301,True,5,0,0,0.022463146594766458,2.129309409783492,0d3cd12128fa140b5a5a01c94b8c169afc666a617087fecbdd53129811c002ce,09fb68bb180ae60b698c106d0c6f501a5c667c404ce1960460c8c44c0db453e7,True,True,False
Q3_E3_PCR,21,40021,/data/dxl/results/q3_e3_pcr/formal256/generation/C0/40021/generated_crystals.extxyz,/data/dxl/results/q3_e3_pcr/formal256/refined/Q3_E3_PCR/21/refined_structure.extxyz,0.12313706016169298,False,0,0,0,0.0,2.7328935091926088,d307cfb0bd805c67ebc8cab261a2adc501ded5ad790d96aa1c368d63902e35b7,d307cfb0bd805c67ebc8cab261a2adc501ded5ad790d96aa1c368d63902e35b7,True,True,True
Q3_E3_PCR,22,40022,/data/dxl/results/q3_e3_pcr/formal256/generation/C0/40022/generated_crystals.extxyz,/data/dxl/results/q3_e3_pcr/formal256/refined/Q3_E3_PCR/22/refined_structure.extxyz,0.9625970411304215,True,5,0,0,0.012471955371528731,1.7001331479642305,98346fe7668bd672f05ba493ba78a5bfd866e4357793998cc738ef42025bb9e7,c6362db6412937a513421efa639cfe5e1c6cc6f5aebb50c7486dcb145ff623a0,True,True,False
Q3_E3_PCR,23,40023,/data/dxl/results/q3_e3_pcr/formal256/generation/C0/40023/generated_crystals.extxyz,/data/dxl/results/q3_e3_pcr/formal256/refined/Q3_E3_PCR/23/refined_structure.extxyz,0.9885244987353776,True,5,0,0,0.006541095793106733,3.0671908329897044,718ea2006b55a2bc98e3c71ef729fcb4ff4769efd46c72585beefb5f01a6c71c,9f26479fa573b9fb842a991c6c775cb17e88b6ea3d90f13e6970c7b12a4f1b1d,True,True,False
Q3_E3_PCR,24,40024,/data/dxl/results/q3_e3_pcr/formal256/generation/C0/40024/generated_crystals.extxyz,/data/dxl/results/q3_e3_pcr/formal256/refined/Q3_E3_PCR/24/refined_structure.extxyz,0.4276309680226393,False,0,0,0,0.0,2.421871363126184,d7b89ddbc26641847b92c75293dcacc9c8114efcd5bdfac0462d9d3972046e18,d7b89ddbc26641847b92c75293dcacc9c8114efcd5bdfac0462d9d3972046e18,True,True,True
Q3_E3_PCR,25,40025,/data/dxl/results/q3_e3_pcr/formal256/generation/C0/40025/generated_crystals.extxyz,/data/dxl/results/q3_e3_pcr/formal256/refined/Q3_E3_PCR/25/refined_structure.extxyz,0.8873457971283903,True,5,0,0,0.003359281209812362,2.388348331923465,ab87991965949715475ccdd53cf9cc22e8aa7ed0e04a11b17bdcaeccaf9a4da5,7071d2fc3027fbf26a85f0907387e3ac3e387497166b62d6e9f8c526e0aab7a6,True,True,False
Q3_E3_PCR,26,40026,/data/dxl/results/q3_e3_pcr/formal256/generation/C0/40026/generated_crystals.extxyz,/data/dxl/results/q3_e3_pcr/formal256/refined/Q3_E3_PCR/26/refined_structure.extxyz,0.9718163884915998,True,5,0,0,0.017304226148181192,1.6898826359412933,479914c6a697dae044736ffeb7129ac0e2ebd3badfd6cafde1f6c128f8bddf70,9d936842ab9d8751d7576f9f46623bb33b64645c6db38747a14b951e31ea41cc,True,True,False
Q3_E3_PCR,27,40027,/data/dxl/results/q3_e3_pcr/formal256/generation/C0/40027/generated_crystals.extxyz,/data/dxl/results/q3_e3_pcr/formal256/refined/Q3_E3_PCR/27/refined_structure.extxyz,0.9207508142659679,True,5,0,0,0.009953079462809496,2.0925145621127306,46d5a80e8561bdb0bbd714d0970c7ad77f16493827777347d0a9c5a32925e52d,c077ec59e06bf6c1cfa6b4b368579db8bfacb02e67f626a94ef38db9df986089,True,True,False
Q3_E3_PCR,28,40028,/data/dxl/results/q3_e3_pcr/formal256/generation/C0/40028/generated_crystals.extxyz,/data/dxl/results/q3_e3_pcr/formal256/refined/Q3_E3_PCR/28/refined_structure.extxyz,0.9451817652595487,True,5,0,0,0.006649657225947799,2.4284047618467692,d6bad6dfc5b966461b4d4d2aaae1a9c84afa21efdd56efffee5f4ec9abfdfb9e,97a209c4288e8789d1ff32ba566568cb7e55776a5d767e430d29ba6c66c18e1e,True,True,False
Q3_E3_PCR,29,40029,/data/dxl/results/q3_e3_pcr/formal256/generation/C0/40029/generated_crystals.extxyz,/data/dxl/results/q3_e3_pcr/formal256/refined/Q3_E3_PCR/29/refined_structure.extxyz,0.7261103562884283,True,5,0,0,0.0010809868390502142,2.896353036409695,ed418fa6ee0f8206e9ad08147f1de85fcb273d41590473cc1c654fde9cbfdfd8,8e534f754d1ae0c84050830f11d3be1d8a50230365cee8f715ca482ed2385a9a,True,True,False
Q3_E3_PCR,30,40030,/data/dxl/results/q3_e3_pcr/formal256/generation/C0/40030/generated_crystals.extxyz,/data/dxl/results/q3_e3_pcr/formal256/refined/Q3_E3_PCR/30/refined_structure.extxyz,0.9870929621313249,True,5,0,0,0.004596439087576451,2.4326799218764146,6d8afcaf9fe98863b41faaea6a0e826c8e5910994ddfc5ca704969b035d7bd7d,50741dbcac50c62844aa055a315dcf30bd9e6415ab9394a088a6d2b35cbb5800,True,True,False
Q3_E3_PCR,31,40031,/data/dxl/results/q3_e3_pcr/formal256/generation/C0/40031/generated_crystals.extxyz,/data/dxl/results/q3_e3_pcr/formal256/refined/Q3_E3_PCR/31/refined_structure.extxyz,0.2295618624698231,False,0,0,0,0.0,2.6464826667436014,3fa880851568b05e58b2208f9bd6051a25104c1e7c1a97658da5116a1f3fb340,3fa880851568b05e58b2208f9bd6051a25104c1e7c1a97658da5116a1f3fb340,True,True,True
Q3_E3_PCR,32,40032,/data/dxl/results/q3_e3_pcr/formal256/generation/C0/40032/generated_crystals.extxyz,/data/dxl/results/q3_e3_pcr/formal256/refined/Q3_E3_PCR/32/refined_structure.extxyz,0.11073523480261789,False,0,0,0,0.0,2.7221257839593465,3e9226424a7acf469a207bb48d6e8a105195c33b1164bc41a8d4e6a0a1441235,3e9226424a7acf469a207bb48d6e8a105195c33b1164bc41a8d4e6a0a1441235,True,True,True
Q3_E3_PCR,33,40033,/data/dxl/results/q3_e3_pcr/formal256/generation/C0/40033/generated_crystals.extxyz,/data/dxl/results/q3_e3_pcr/formal256/refined/Q3_E3_PCR/33/refined_structure.extxyz,0.9889462627219072,True,5,0,0,0.01328276674197563,2.6085624474139752,018a13e5586b5069975325764580aafd1a402594218117cbe35680ce02678afe,156188e6e770d2998075d37d16438c757db90cb2ed6939a5989b36090b32208d,True,True,False
Q3_E3_PCR,34,40034,/data/dxl/results/q3_e3_pcr/formal256/generation/C0/40034/generated_crystals.extxyz,/data/dxl/results/q3_e3_pcr/formal256/refined/Q3_E3_PCR/34/refined_structure.extxyz,0.7239388429811711,True,5,0,0,0.007005894402787468,2.416290610747296,c8c774f37beb9bc3da290fd43ba56e47441ef9da616e8a57dd0acdd279aa6ded,dad373f4faada2329170560df64d2613a996d003da69d4f7c91d22a764fc5ab9,True,True,False
Q3_E3_PCR,35,40035,/data/dxl/results/q3_e3_pcr/formal256/generation/C0/40035/generated_crystals.extxyz,/data/dxl/results/q3_e3_pcr/formal256/refined/Q3_E3_PCR/35/refined_structure.extxyz,0.9891490377399818,True,5,0,0,0.007817717586782912,2.5430565349878043,038e39fb84d56418492ee08ef45539a5ae8984184853a70d8e699ae6d09b39e5,a3feafbbcde9f41f6b8f15215625da7fa8c909c311d31cc74ce44d99b9db148a,True,True,False
Q3_E3_PCR,36,40036,/data/dxl/results/q3_e3_pcr/formal256/generation/C0/40036/generated_crystals.extxyz,/data/dxl/results/q3_e3_pcr/formal256/refined/Q3_E3_PCR/36/refined_structure.extxyz,0.7448965895266937,True,5,0,0,0.01567002811804404,1.9334197882579933,df52626d764981e33087abcddd88f3a61b35183f8b28dee4dd23fb80f0af4fc6,450b34319d99df55ca204722f3659664ef41649dd7bb9147084450b148f9b164,True,True,False
Q3_E3_PCR,37,40037,/data/dxl/results/q3_e3_pcr/formal256/generation/C0/40037/generated_crystals.extxyz,/data/dxl/results/q3_e3_pcr/formal256/refined/Q3_E3_PCR/37/refined_structure.extxyz,0.4373438327415417,False,0,0,0,0.0,2.060415320983609,76a24d90d50d0b6e3cce53d47cac924d2794d52b5ec126cd3cba4b7105051ea7,76a24d90d50d0b6e3cce53d47cac924d2794d52b5ec126cd3cba4b7105051ea7,True,True,True
Q3_E3_PCR,38,40038,/data/dxl/results/q3_e3_pcr/formal256/generation/C0/40038/generated_crystals.extxyz,/data/dxl/results/q3_e3_pcr/formal256/refined/Q3_E3_PCR/38/refined_structure.extxyz,0.02180246755074408,False,0,0,0,0.0,2.5835290246969222,27f7f3da693ce88e4240db9911f36d8c861f675cb51bbb8d9e943b6266f1352f,27f7f3da693ce88e4240db9911f36d8c861f675cb51bbb8d9e943b6266f1352f,True,True,True
Q3_E3_PCR,39,40039,/data/dxl/results/q3_e3_pcr/formal256/generation/C0/40039/generated_crystals.extxyz,/data/dxl/results/q3_e3_pcr/formal256/refined/Q3_E3_PCR/39/refined_structure.extxyz,0.984687135153402,True,5,0,0,0.026759749370063035,1.7258831710652665,961d97875828fc673610dd1ad049326734cbd8de20a2ef69a1cb078e90b9bc03,8d886013690df7d0acc6230d9d3c34cd411d1fd5e9f0908b6a0915d0b0a55691,True,True,False
Q3_E3_PCR,40,40040,/data/dxl/results/q3_e3_pcr/formal256/generation/C0/40040/generated_crystals.extxyz,/data/dxl/results/q3_e3_pcr/formal256/refined/Q3_E3_PCR/40/refined_structure.extxyz,0.06150700752914184,False,0,0,0,0.0,2.0915812120234762,37beab1487b8ae36278059c2461bfdb1f4910d60d54957df6a8f1b426df15acf,37beab1487b8ae36278059c2461bfdb1f4910d60d54957df6a8f1b426df15acf,True,True,True
Q3_E3_PCR,41,40041,/data/dxl/results/q3_e3_pcr/formal256/generation/C0/40041/generated_crystals.extxyz,/data/dxl/results/q3_e3_pcr/formal256/refined/Q3_E3_PCR/41/refined_structure.extxyz,0.9605456088605212,True,5,0,0,0.005244585255622963,1.9544038437386535,e0a7891c80076bf616f6da22f5a6595f6986de62bf4651f8e25837e4e2b05b5b,a9cdfd5116012857e1f606e3498e3a2cc8518fdfa53418fe3464ec269009ef71,True,True,False
Q3_E3_PCR,42,40042,/data/dxl/results/q3_e3_pcr/formal256/generation/C0/40042/generated_crystals.extxyz,/data/dxl/results/q3_e3_pcr/formal256/refined/Q3_E3_PCR/42/refined_structure.extxyz,0.7477808025932574,True,5,0,0,0.01369471865837776,2.5927658596400156,e1c9c02f76c6eae4088a08e7e1acb800511c533c3b169b86aa33e0a46b9cbdfa,9e90e6bad397044fc433734544634abd6166b439b1296c87267ab9110a8a2097,True,True,False
Q3_E3_PCR,43,40043,/data/dxl/results/q3_e3_pcr/formal256/generation/C0/40043/generated_crystals.extxyz,/data/dxl/results/q3_e3_pcr/formal256/refined/Q3_E3_PCR/43/refined_structure.extxyz,0.43613583957891644,False,0,0,0,0.0,2.50151417459647,62a809195c135df2e1d36a7a62380bb0c0bddbb5cc0aa25f7112ac1b5edfcb03,62a809195c135df2e1d36a7a62380bb0c0bddbb5cc0aa25f7112ac1b5edfcb03,True,True,True
Q3_E3_PCR,44,40044,/data/dxl/results/q3_e3_pcr/formal256/generation/C0/40044/generated_crystals.extxyz,/data/dxl/results/q3_e3_pcr/formal256/refined/Q3_E3_PCR/44/refined_structure.extxyz,0.8935844459084668,True,5,0,0,0.016457074032962163,1.9482149786657676,2776a224b42a199952820fbdcdddf3a0836df9cb0e0901f72a1c054403139b1d,ba05de201890c4fb449ee62a4f97421d7f7d54945ddaaf99e4d5d81b19c94895,True,True,False
Q3_E3_PCR,45,40045,/data/dxl/results/q3_e3_pcr/formal256/generation/C0/40045/generated_crystals.extxyz,/data/dxl/results/q3_e3_pcr/formal256/refined/Q3_E3_PCR/45/refined_structure.extxyz,0.18004322645889223,False,0,0,0,0.0,2.4005995397377435,3a2e5508323b3b14fbe37a6eda2294e92203ad5fdabb7009bc1adcf26505d3c3,3a2e5508323b3b14fbe37a6eda2294e92203ad5fdabb7009bc1adcf26505d3c3,True,True,True
Q3_E3_PCR,46,40046,/data/dxl/results/q3_e3_pcr/formal256/generation/C0/40046/generated_crystals.extxyz,/data/dxl/results/q3_e3_pcr/formal256/refined/Q3_E3_PCR/46/refined_structure.extxyz,0.09482210495382705,False,0,0,0,0.0,2.4614131019560856,739a52e1919ad083d169c33ce4dd1d9230fe3a183f29f6c5c72a870f64fa3307,739a52e1919ad083d169c33ce4dd1d9230fe3a183f29f6c5c72a870f64fa3307,True,True,True
Q3_E3_PCR,47,40047,/data/dxl/results/q3_e3_pcr/formal256/generation/C0/40047/generated_crystals.extxyz,/data/dxl/results/q3_e3_pcr/formal256/refined/Q3_E3_PCR/47/refined_structure.extxyz,0.9100079525728777,True,5,0,0,0.027586091178998785,1.7687806918164115,d243b8bb3d17b4b60096b45b554c00f2a02b347a91b10b60077570e304d6c1d0,7513054309bc510568636567720560d7998af348c0d5300d6ab4ce1756e29593,True,True,False
Q3_E3_PCR,48,40048,/data/dxl/results/q3_e3_pcr/formal256/generation/C0/40048/generated_crystals.extxyz,/data/dxl/results/q3_e3_pcr/formal256/refined/Q3_E3_PCR/48/refined_structure.extxyz,0.5782830142038112,True,5,0,0,0.0016878422002368,2.1667222819845424,f9ae9325ba9298f7e366145350f5413dc069afa7b0126f34a50b855eaacf952f,6aa27dab07ee9e8a4d879e56bd98bc1b59031a1b0440d8068ec8ce31c16e7cfb,True,True,False
Q3_E3_PCR,49,40049,/data/dxl/results/q3_e3_pcr/formal256/generation/C0/40049/generated_crystals.extxyz,/data/dxl/results/q3_e3_pcr/formal256/refined/Q3_E3_PCR/49/refined_structure.extxyz,0.9716134177156177,True,5,0,0,0.007229107173143934,1.9343261813694104,1f68cd813b908b6792fe0b46f68f29359999b24c75ffbd12c331dce49aeea2f3,5f4cd43d523e7036337ec5fb2a33e2143f7f87d547680aca0d6dca90a0e0d4d7,True,True,False
Q3_E3_PCR,50,40050,/data/dxl/results/q3_e3_pcr/formal256/generation/C0/40050/generated_crystals.extxyz,/data/dxl/results/q3_e3_pcr/formal256/refined/Q3_E3_PCR/50/refined_structure.extxyz,0.5951572302457512,True,5,0,0,0.009860419976395463,2.9710649461930596,b13f40ca9a8ddca797caf8e5ed25e4565256548d51f175beaab2c0c90557d488,06cf60dc2278a075a24c3f6eaecc7d26b676c4e7727a71a7f947b83360197391,True,True,False
Q3_E3_PCR,51,40051,/data/dxl/results/q3_e3_pcr/formal256/generation/C0/40051/generated_crystals.extxyz,/data/dxl/results/q3_e3_pcr/formal256/refined/Q3_E3_PCR/51/refined_structure.extxyz,0.9907698156328317,True,5,0,0,0.0010104410831414832,3.4712831605147185,18e8fdc6d2a82c48b7ec7a8534cf5223ac6e42a93f57479b14fd07f2b9d96622,8351b407b3059a57ffd82ca9a211eaff0beced183b9f052142e0c6626ff4cfa3,True,True,False
Q3_E3_PCR,52,40052,/data/dxl/results/q3_e3_pcr/formal256/generation/C0/40052/generated_crystals.extxyz,/data/dxl/results/q3_e3_pcr/formal256/refined/Q3_E3_PCR/52/refined_structure.extxyz,0.8608314755616938,True,5,0,0,0.01212254440701677,2.2733343138467257,cedb4c5cbfe0eca578059793a714dc8bc70f0128c475c7f1e59f5f61bf362db9,64df8639a3654acb42f11a1662bf0b42bbc19b79f166ce454900753e5962d149,True,True,False
Q3_E3_PCR,53,40053,/data/dxl/results/q3_e3_pcr/formal256/generation/C0/40053/generated_crystals.extxyz,/data/dxl/results/q3_e3_pcr/formal256/refined/Q3_E3_PCR/53/refined_structure.extxyz,0.4080979356808897,False,0,0,0,0.0,2.3627770577468223,e079d8a722849a854c09ffb006c1d9dab222feebf1dc6fbb3081de93fd48e3df,e079d8a722849a854c09ffb006c1d9dab222feebf1dc6fbb3081de93fd48e3df,True,True,True
Q3_E3_PCR,54,40054,/data/dxl/results/q3_e3_pcr/formal256/generation/C0/40054/generated_crystals.extxyz,/data/dxl/results/q3_e3_pcr/formal256/refined/Q3_E3_PCR/54/refined_structure.extxyz,0.07816666306972762,False,0,0,0,0.0,3.3819901028233836,07498f97295fa4fd974062b6dd2fa54bfea7308e54c3262b1f1c554270ba8b35,07498f97295fa4fd974062b6dd2fa54bfea7308e54c3262b1f1c554270ba8b35,True,True,True
Q3_E3_PCR,55,40055,/data/dxl/results/q3_e3_pcr/formal256/generation/C0/40055/generated_crystals.extxyz,/data/dxl/results/q3_e3_pcr/formal256/refined/Q3_E3_PCR/55/refined_structure.extxyz,0.7227649876034862,True,5,0,0,0.007077521228777278,2.487036417254125,c49a69436e55961bba2cf8e5d7860985538f9572a9108504b380d3c6e028628a,3f67c417c469be23d55cf0390be244669971e790c05ff7df18e418d3da53fc06,True,True,False
Q3_E3_PCR,56,40056,/data/dxl/results/q3_e3_pcr/formal256/generation/C0/40056/generated_crystals.extxyz,/data/dxl/results/q3_e3_pcr/formal256/refined/Q3_E3_PCR/56/refined_structure.extxyz,0.4865050944627531,False,0,0,0,0.0,2.5162710034816533,7c74eb0bea70af53a4d7c876f7c34fc3739b6f18e97b31c4d3a30c7f7b0d81f0,7c74eb0bea70af53a4d7c876f7c34fc3739b6f18e97b31c4d3a30c7f7b0d81f0,True,True,True
Q3_E3_PCR,57,40057,/data/dxl/results/q3_e3_pcr/formal256/generation/C0/40057/generated_crystals.extxyz,/data/dxl/results/q3_e3_pcr/formal256/refined/Q3_E3_PCR/57/refined_structure.extxyz,0.7959619887263636,True,5,0,0,0.006083969470864938,2.3986004582687563,674b82614baf316f3fb366eb89c8d87f83c1d7e4fb44e7d646f7c8b34fd39593,907b6433bbda5f52b36c8184e7fb2c59423bf75a9ce39e72ae23c1bf89972f00,True,True,False
Q3_E3_PCR,58,40058,/data/dxl/results/q3_e3_pcr/formal256/generation/C0/40058/generated_crystals.extxyz,/data/dxl/results/q3_e3_pcr/formal256/refined/Q3_E3_PCR/58/refined_structure.extxyz,0.6599709949321109,True,5,0,0,0.006340545966279224,1.9259208891202293,d4832d59294c885610132a95ebfb4f5de84fa0ab6d473ee07bcc897bc6b4535e,569725c331b875de5d82a746fb703cc25a1c1c9a70f043a7710ed2d01d4a7b20,True,True,False
Q3_E3_PCR,59,40059,/data/dxl/results/q3_e3_pcr/formal256/generation/C0/40059/generated_crystals.extxyz,/data/dxl/results/q3_e3_pcr/formal256/refined/Q3_E3_PCR/59/refined_structure.extxyz,0.9425079708623224,True,5,0,0,0.010995033271585963,2.3667847311741657,5bd7b06a9c531f2b47d403353defb2f5995222c2f3eaa04b06b11c81fb4382f5,a41ad833b441dd7ea955636609ffb89ef0328a114cf21569e1929e8a94202c00,True,True,False
Q3_E3_PCR,60,40060,/data/dxl/results/q3_e3_pcr/formal256/generation/C0/40060/generated_crystals.extxyz,/data/dxl/results/q3_e3_pcr/formal256/refined/Q3_E3_PCR/60/refined_structure.extxyz,0.06271535734177014,False,0,0,0,0.0,2.1256171849319236,489e50a8774e41afea0c71444861e9c7be731ea38a7838d1e7196ed34293978d,489e50a8774e41afea0c71444861e9c7be731ea38a7838d1e7196ed34293978d,True,True,True
Q3_E3_PCR,61,40061,/data/dxl/results/q3_e3_pcr/formal256/generation/C0/40061/generated_crystals.extxyz,/data/dxl/results/q3_e3_pcr/formal256/refined/Q3_E3_PCR/61/refined_structure.extxyz,0.7036253665669745,True,5,0,0,0.00045635732951286037,2.444846849940844,bcd6cc83803ee114d2a25b94b40b47335234c412ac42c4be458fe79318c14bc4,3f88bd86bb3de9756c80b98110f702baf0a7c94ba38cd536eef78c7f1a357199,True,True,False
Q3_E3_PCR,62,40062,/data/dxl/results/q3_e3_pcr/formal256/generation/C0/40062/generated_crystals.extxyz,/data/dxl/results/q3_e3_pcr/formal256/refined/Q3_E3_PCR/62/refined_structure.extxyz,0.9360814132194215,True,5,0,0,0.0091198658470723,1.9409261696548405,1064e8feada31cc5a2a1c8b5b19332da2862dc7c74a3d52e47122fd141e5a0b9,cbb3e44ea040588bb97194fd77e3912d33ee79d4adda84191f40fb0e86ecf283,True,True,False
Q3_E3_PCR,63,40063,/data/dxl/results/q3_e3_pcr/formal256/generation/C0/40063/generated_crystals.extxyz,/data/dxl/results/q3_e3_pcr/formal256/refined/Q3_E3_PCR/63/refined_structure.extxyz,0.927254078476787,True,5,0,0,0.01609734215106965,2.4017500868828425,3db10a1e0ae5ba516e07756e00c874b896c22e15a3f3dcd46b9179d2a5f64c1e,d0b39e3f5c10680c848b5ce8b2a4a238941d0f35d4492a4b310f02fedf5d9808,True,True,False
Q3_E3_PCR,64,40064,/data/dxl/results/q3_e3_pcr/formal256/generation/C0/40064/generated_crystals.extxyz,/data/dxl/results/q3_e3_pcr/formal256/refined/Q3_E3_PCR/64/refined_structure.extxyz,0.9378929788137922,True,5,0,0,0.018533508870362682,1.0091998548052152,7a92db9f506b143a5a771a6c4efe91526056b1d25a20866a0b2a5de68ef08ca0,c503874f0e9ef977bbbea002bb3bffacac9463979c9a10f202a7cee542b14806,True,True,False
Q3_E3_PCR,65,40065,/data/dxl/results/q3_e3_pcr/formal256/generation/C0/40065/generated_crystals.extxyz,/data/dxl/results/q3_e3_pcr/formal256/refined/Q3_E3_PCR/65/refined_structure.extxyz,0.9801372736651244,True,5,0,0,0.0011258474291835263,2.391044781128804,67bf29fcb0d85a078bd32783b27d69b9f99b4221591dddbaaef4f2d406618335,9c25ff2aec80095e00910ef8a3b689d122647c61c9ba502c5b5ecacdd8a7eacb,True,True,False
Q3_E3_PCR,66,40066,/data/dxl/results/q3_e3_pcr/formal256/generation/C0/40066/generated_crystals.extxyz,/data/dxl/results/q3_e3_pcr/formal256/refined/Q3_E3_PCR/66/refined_structure.extxyz,0.5720756881405114,True,5,0,0,0.0024845876336525605,2.3231112290462566,7efd84fad421476952c887c153b9638dc9943be20f0a643382a63898826af130,76aa3496008622fd29321a9c2ad4d61543283eb322bfb900ab83a52e6f75b74e,True,True,False
Q3_E3_PCR,67,40067,/data/dxl/results/q3_e3_pcr/formal256/generation/C0/40067/generated_crystals.extxyz,/data/dxl/results/q3_e3_pcr/formal256/refined/Q3_E3_PCR/67/refined_structure.extxyz,0.7167291417887519,True,5,0,0,0.011104103162511834,2.4767233641756516,a7bf9f7da9f41d4e5b5d8df706f85e4b82b907e1d0f19bc9026fe5bcb0a58ffc,017420678f0d6601b8e0ba24eb6db49fa0f1320730040b8180c1c35dd1540a61,True,True,False
Q3_E3_PCR,68,40068,/data/dxl/results/q3_e3_pcr/formal256/generation/C0/40068/generated_crystals.extxyz,/data/dxl/results/q3_e3_pcr/formal256/refined/Q3_E3_PCR/68/refined_structure.extxyz,0.09552100955955971,False,0,0,0,0.0,2.3609602589652514,5d1a64c943ec7131ac72a1ecc877da2f8c9234f759181e0470cd3e994bb4debf,5d1a64c943ec7131ac72a1ecc877da2f8c9234f759181e0470cd3e994bb4debf,True,True,True
Q3_E3_PCR,69,40069,/data/dxl/results/q3_e3_pcr/formal256/generation/C0/40069/generated_crystals.extxyz,/data/dxl/results/q3_e3_pcr/formal256/refined/Q3_E3_PCR/69/refined_structure.extxyz,0.9565095433719806,True,5,0,0,0.004788200905946761,2.502093124788061,0a7839e310574c3b570b7ce685a526641003c6c14290649637e8d37f1bf795e2,c8ae37cc6f3e8a69bd22854dce23159c36873cbc4618279e1f3627ec557dc9b1,True,True,False
Q3_E3_PCR,70,40070,/data/dxl/results/q3_e3_pcr/formal256/generation/C0/40070/generated_crystals.extxyz,/data/dxl/results/q3_e3_pcr/formal256/refined/Q3_E3_PCR/70/refined_structure.extxyz,0.2727300296249887,False,0,0,0,0.0,1.9099774433169296,c257648aa4bd45f9ce65a27f5cd4238877088bae4dce210e80cb38e954d1b92c,c257648aa4bd45f9ce65a27f5cd4238877088bae4dce210e80cb38e954d1b92c,True,True,True
Q3_E3_PCR,71,40071,/data/dxl/results/q3_e3_pcr/formal256/generation/C0/40071/generated_crystals.extxyz,/data/dxl/results/q3_e3_pcr/formal256/refined/Q3_E3_PCR/71/refined_structure.extxyz,0.9375905021865039,True,5,0,0,0.007749147579353098,1.7988708685051475,e0721a4370b5d4e272756e91cdecc579af3445a56bf409f35b9e06824bf27218,5e3cf0a12de647d0f14fcfd2c3f451d25a4519e509888181a14557a91985b03b,True,True,False
Q3_E3_PCR,72,40072,/data/dxl/results/q3_e3_pcr/formal256/generation/C0/40072/generated_crystals.extxyz,/data/dxl/results/q3_e3_pcr/formal256/refined/Q3_E3_PCR/72/refined_structure.extxyz,0.9933877099248964,True,5,0,0,0.018692037154933224,1.7624814620016434,b45c1a53b32883bc0807e48d03e0ffbbdc0ae364930d740b7499138d41972f7a,94b37474c45bfbcd9a8a0a9d6145140b97c569c0b460e617999176afa54caa5a,True,True,False
Q3_E3_PCR,73,40073,/data/dxl/results/q3_e3_pcr/formal256/generation/C0/40073/generated_crystals.extxyz,/data/dxl/results/q3_e3_pcr/formal256/refined/Q3_E3_PCR/73/refined_structure.extxyz,0.7367401324030598,True,5,0,0,0.015555902924179535,1.928160087230774,50cdc2d90ae248d3e8b3860a874c7f77a02f1ece8a21b218960721fd81d39416,19a462e87694d7a218a3db4029cac0098ddc05336e6cc3c8805b8001a0835d23,True,True,False
Q3_E3_PCR,74,40074,/data/dxl/results/q3_e3_pcr/formal256/generation/C0/40074/generated_crystals.extxyz,/data/dxl/results/q3_e3_pcr/formal256/refined/Q3_E3_PCR/74/refined_structure.extxyz,0.13677190548904944,False,0,0,0,0.0,2.4023844457755317,9eb71285a5d65743986dc6623bf7391190542e3303fd991d24ef6a029f03d10d,9eb71285a5d65743986dc6623bf7391190542e3303fd991d24ef6a029f03d10d,True,True,True
Q3_E3_PCR,75,40075,/data/dxl/results/q3_e3_pcr/formal256/generation/C0/40075/generated_crystals.extxyz,/data/dxl/results/q3_e3_pcr/formal256/refined/Q3_E3_PCR/75/refined_structure.extxyz,0.511744655716974,True,5,0,0,0.01033695839625728,2.351320148140675,25a545cf546b67d8ec90f7fdb64c50be95751432e9f2556ec2c7ec60ae82c0d8,a6a4a444e15644974d8b3f97d1c2cd12f970b84a1443e401b1189831fa5facf4,True,True,False
Q3_E3_PCR,76,40076,/data/dxl/results/q3_e3_pcr/formal256/generation/C0/40076/generated_crystals.extxyz,/data/dxl/results/q3_e3_pcr/formal256/refined/Q3_E3_PCR/76/refined_structure.extxyz,0.9469933592628165,True,5,0,0,0.0024804169017525342,3.8588547025602447,edf210b11369fb3d0ac97af5425d69071be130f175f00dde4be234ad2fa935df,4ad10171f8397118724c3b4241bb8a78a714a3f4c42caec5492a0de30c1d024a,True,True,False
Q3_E3_PCR,77,40077,/data/dxl/results/q3_e3_pcr/formal256/generation/C0/40077/generated_crystals.extxyz,/data/dxl/results/q3_e3_pcr/formal256/refined/Q3_E3_PCR/77/refined_structure.extxyz,0.5768930635689404,True,5,0,0,0.008624200036462644,2.135745242708072,252b34fe3f95d7b85bbf3d5f6de9f80c11a8674a1391a78c29beab8540da5022,5e9037a21c90dfd4ee0fc0e1aa2dcdec1a0f629740c5f6b3ef544285ceadbecf,True,True,False
Q3_E3_PCR,78,40078,/data/dxl/results/q3_e3_pcr/formal256/generation/C0/40078/generated_crystals.extxyz,/data/dxl/results/q3_e3_pcr/formal256/refined/Q3_E3_PCR/78/refined_structure.extxyz,0.9926546712806117,True,5,0,0,0.008254165233995457,1.842990692248545,590d0434547f13cf30b77de61dd1ddc551b6d3a1120d9bec78099dc4a3e7ee38,67d37752dd5e15caad1a78f6fc671b13c9ace9306d60ddf5becbc437990a0d38,True,True,False
Q3_E3_PCR,79,40079,/data/dxl/results/q3_e3_pcr/formal256/generation/C0/40079/generated_crystals.extxyz,/data/dxl/results/q3_e3_pcr/formal256/refined/Q3_E3_PCR/79/refined_structure.extxyz,0.9211150779525275,True,5,0,0,0.0062573357373086535,2.53731202109271,497e672543827d35f6b2de7a38a23a3efb30fda69e64968334b4384e3995fafd,f3f13b8db96371c7c7897eb4f87f8182acaf0d16fc4c96f6089ccb5624e899b8,True,True,False
Q3_E3_PCR,80,40080,/data/dxl/results/q3_e3_pcr/formal256/generation/C0/40080/generated_crystals.extxyz,/data/dxl/results/q3_e3_pcr/formal256/refined/Q3_E3_PCR/80/refined_structure.extxyz,0.6744604626096432,True,5,0,0,0.005643580759748245,2.2903370311637854,abab16bd272fce564c648362772b56743b8f2e4877eb08cf3b5e4b3818fef161,2f6135b1102769bc55ce7b02b55c014d7db4adc442df27efa408f992d0d3540b,True,True,False
Q3_E3_PCR,81,40081,/data/dxl/results/q3_e3_pcr/formal256/generation/C0/40081/generated_crystals.extxyz,/data/dxl/results/q3_e3_pcr/formal256/refined/Q3_E3_PCR/81/refined_structure.extxyz,0.6056915171321161,True,5,0,0,0.012229780042931302,2.4487453767599434,861cfb127d7962f5f367fb84e4d76c921c0b8e492f3ce655ed81766601935644,cc69278f2b78dcd4c58b411eb839b8d287a8e87f6edadac4abe94b4df63e3808,True,True,False
Q3_E3_PCR,82,40082,/data/dxl/results/q3_e3_pcr/formal256/generation/C0/40082/generated_crystals.extxyz,/data/dxl/results/q3_e3_pcr/formal256/refined/Q3_E3_PCR/82/refined_structure.extxyz,0.7651372213707809,True,5,0,0,0.017941399408688708,1.6338225387110321,110f8b3fe50e276d98f08246efca9203de2cc62704839b8e320d7dd1d29c47ac,da977f6eed3e993a48c7ea3ff3e7de38e48b3e8d8dc21b79dd598550bb3c5d87,True,True,False
Q3_E3_PCR,83,40083,/data/dxl/results/q3_e3_pcr/formal256/generation/C0/40083/generated_crystals.extxyz,/data/dxl/results/q3_e3_pcr/formal256/refined/Q3_E3_PCR/83/refined_structure.extxyz,0.9911691499476782,True,5,0,0,0.002954774305916266,3.6358293946911013,ac275fca1ab8f37bd7cd1c4035d6a233ebd73d30ff25a0e09888940e69ad6df9,bd504c1b4d9cfa5a1c08188d9bfa6e64fd4f15e8b2a9d30c8f55d5e969b518c3,True,True,False
Q3_E3_PCR,84,40084,/data/dxl/results/q3_e3_pcr/formal256/generation/C0/40084/generated_crystals.extxyz,/data/dxl/results/q3_e3_pcr/formal256/refined/Q3_E3_PCR/84/refined_structure.extxyz,0.7117452213975326,True,5,0,0,0.009388658116605327,2.411812114614524,e98a29a25ccf13fec62ea92c9adf79eec0ede85bb2a5a86a4516d0ab94ea7fd0,220a6f191cddf5058d2cfed74b6e9c909331b34349f806de5c36568892b9befb,True,True,False
Q3_E3_PCR,85,40085,/data/dxl/results/q3_e3_pcr/formal256/generation/C0/40085/generated_crystals.extxyz,/data/dxl/results/q3_e3_pcr/formal256/refined/Q3_E3_PCR/85/refined_structure.extxyz,0.9171233948743909,True,5,0,0,0.016766992046577733,1.8274217334453329,de8100a03c5d9481ab24b003ea1004a1d8a12e7887704efae3ce2d5bbbbf62b1,093d50d4fda8f5b5534923fa224e63359728c5914f638601c414c65f5a6429ff,True,True,False
Q3_E3_PCR,86,40086,/data/dxl/results/q3_e3_pcr/formal256/generation/C0/40086/generated_crystals.extxyz,/data/dxl/results/q3_e3_pcr/formal256/refined/Q3_E3_PCR/86/refined_structure.extxyz,0.5014700082657262,True,5,0,0,0.01820052987057397,1.8732295734198559,189fe3177a5acedee7b69cc9b38502bb4926330eb05b650edbf34fb5d88974f0,438867861779750546ef1c9968fdc079acb0a8315c64939d8fc3909c6a8ea74f,True,True,False
Q3_E3_PCR,87,40087,/data/dxl/results/q3_e3_pcr/formal256/generation/C0/40087/generated_crystals.extxyz,/data/dxl/results/q3_e3_pcr/formal256/refined/Q3_E3_PCR/87/refined_structure.extxyz,0.8589432410521107,True,5,0,0,0.012833106299372784,1.92449527877669,7adf6f13ae6be1c242bad418988dbe092134cf3748c1b32e158ab3b6b1494c90,89fcb8a022c32d42d15caea78c5da5fa7dfd54bd559e785ef92bf0ac6bad143b,True,True,False
Q3_E3_PCR,88,40088,/data/dxl/results/q3_e3_pcr/formal256/generation/C0/40088/generated_crystals.extxyz,/data/dxl/results/q3_e3_pcr/formal256/refined/Q3_E3_PCR/88/refined_structure.extxyz,0.9796105824009252,True,5,0,0,0.007323416831377651,2.7724079095822534,07452f81278f21aaacc3b215be8c2715cb9cf7a1bb3c5cccaebac0aea2d58c5a,9ca5c4f2dca3e422d374f93ebe3fc07e078abf12d0ab67c49a9b9ca0da4d88d3,True,True,False
Q3_E3_PCR,89,40089,/data/dxl/results/q3_e3_pcr/formal256/generation/C0/40089/generated_crystals.extxyz,/data/dxl/results/q3_e3_pcr/formal256/refined/Q3_E3_PCR/89/refined_structure.extxyz,0.5828952964073519,True,5,0,0,0.0033775800563716953,2.1296730183903025,5a0e08d45bd5f76ce571d05c93a329af13dadfcc6cd27ddc8fd91a54584a562e,ee3d9ee0dad847b26d325e771005f06dd57daea670d9710af713ff32692015b5,True,True,False
Q3_E3_PCR,90,40090,/data/dxl/results/q3_e3_pcr/formal256/generation/C0/40090/generated_crystals.extxyz,/data/dxl/results/q3_e3_pcr/formal256/refined/Q3_E3_PCR/90/refined_structure.extxyz,0.3330570616089777,False,0,0,0,0.0,1.7779107215330554,5bc901fa362ca584379f530361c1ce2b3d4bd4ebb12e11fcc81bd03486060c41,5bc901fa362ca584379f530361c1ce2b3d4bd4ebb12e11fcc81bd03486060c41,True,True,True
Q3_E3_PCR,91,40091,/data/dxl/results/q3_e3_pcr/formal256/generation/C0/40091/generated_crystals.extxyz,/data/dxl/results/q3_e3_pcr/formal256/refined/Q3_E3_PCR/91/refined_structure.extxyz,0.8301092025798695,True,5,0,0,0.004622204571912001,2.4842242885270918,d017d4782ddbb873f9f3f4b0367e9d0cf46a1a6c5bd57a6a6a780d3760172b72,c6eee599d7effeef35664e19ed38436a4f869a1df7702245dda82faad9bb8b6c,True,True,False
Q3_E3_PCR,92,40092,/data/dxl/results/q3_e3_pcr/formal256/generation/C0/40092/generated_crystals.extxyz,/data/dxl/results/q3_e3_pcr/formal256/refined/Q3_E3_PCR/92/refined_structure.extxyz,0.9666466883204086,True,5,0,0,0.0010238729183350568,3.102289254329705,9bd763e651171fcd49b48bd4718b2fddebf636633676bdcc850e34da1d59f243,b690b5c19ebd573a9b02a087f72f2e1132d16831562ad98cf51c18178f7e6002,True,True,False
Q3_E3_PCR,93,40093,/data/dxl/results/q3_e3_pcr/formal256/generation/C0/40093/generated_crystals.extxyz,/data/dxl/results/q3_e3_pcr/formal256/refined/Q3_E3_PCR/93/refined_structure.extxyz,0.7409852287777428,True,5,0,0,0.007683022952985287,2.379836127876967,a299bbb1ea32f42a4c07160305baf73a4e346a4968690023a60b857ca55a5523,2a295ec908c25a4cefb694f2c8062fe3802d8e1a021bf563c0c4f6fb9041034e,True,True,False
Q3_E3_PCR,94,40094,/data/dxl/results/q3_e3_pcr/formal256/generation/C0/40094/generated_crystals.extxyz,/data/dxl/results/q3_e3_pcr/formal256/refined/Q3_E3_PCR/94/refined_structure.extxyz,0.30404142072975,False,0,0,0,0.0,2.434792299357252,9dfeb440f7ed9be6a73ddf2213035741380ec636fc2fd491160a79974faa3cfe,9dfeb440f7ed9be6a73ddf2213035741380ec636fc2fd491160a79974faa3cfe,True,True,True
Q3_E3_PCR,95,40095,/data/dxl/results/q3_e3_pcr/formal256/generation/C0/40095/generated_crystals.extxyz,/data/dxl/results/q3_e3_pcr/formal256/refined/Q3_E3_PCR/95/refined_structure.extxyz,0.7658258082558651,True,5,0,0,0.010806659701378576,1.9744540001686446,5040404f50d9150aec5e7f6fd5f2275901c57dc76937d8480b6e8ad57232bcff,90477559b3df92f0d3260dfa36c70231618797411c73c6581f1f16f74820bee3,True,True,False
Q3_E3_PCR,96,40096,/data/dxl/results/q3_e3_pcr/formal256/generation/C0/40096/generated_crystals.extxyz,/data/dxl/results/q3_e3_pcr/formal256/refined/Q3_E3_PCR/96/refined_structure.extxyz,0.997561737396616,True,5,0,0,0.029477201811596694,1.631795985149882,dfec33e5c336a7b2d8ecf91d0762835c5e2f933122ae3b484bca4f22c96cb100,505ceb398df2f3cf570d2dda83970c8dbcf426cb0799db59264336ec2d3d190c,True,True,False
Q3_E3_PCR,97,40097,/data/dxl/results/q3_e3_pcr/formal256/generation/C0/40097/generated_crystals.extxyz,/data/dxl/results/q3_e3_pcr/formal256/refined/Q3_E3_PCR/97/refined_structure.extxyz,0.9578447873475143,True,5,0,0,0.0008274179730332053,2.0992627781058935,27b11975fc92222c672e810c8a9acec0ffe315f658c11adb391975858be7b2bf,6fe3005f94b6c0539770c42d1eeace3ee1827c5ef3c04e1418b4709e9a45b556,True,True,False
Q3_E3_PCR,98,40098,/data/dxl/results/q3_e3_pcr/formal256/generation/C0/40098/generated_crystals.extxyz,/data/dxl/results/q3_e3_pcr/formal256/refined/Q3_E3_PCR/98/refined_structure.extxyz,0.2235900583849086,False,0,0,0,0.0,3.9488386757060683,cc705ed858217be41f16ddc12b82058cad3fb243bf2c156da1e2bec30abc50a9,cc705ed858217be41f16ddc12b82058cad3fb243bf2c156da1e2bec30abc50a9,True,True,True
Q3_E3_PCR,99,40099,/data/dxl/results/q3_e3_pcr/formal256/generation/C0/40099/generated_crystals.extxyz,/data/dxl/results/q3_e3_pcr/formal256/refined/Q3_E3_PCR/99/refined_structure.extxyz,0.9619855571652722,True,5,0,0,0.024996331678958466,1.986672313561845,1c0d69a6474cbeb48bb0361da076e65d7b23b8aad57f0fa4a0fa442c92935747,f3e8ddfd77710c771663d39d3ec324645396edb9fff2839015e5ce0deee9c50a,True,True,False
Q3_E3_PCR,100,40100,/data/dxl/results/q3_e3_pcr/formal256/generation/C0/40100/generated_crystals.extxyz,/data/dxl/results/q3_e3_pcr/formal256/refined/Q3_E3_PCR/100/refined_structure.extxyz,0.7045057205598121,True,5,0,0,0.0018750819695688007,2.08263237086293,c588ada03221c8c2bd51ae1037ca368cab9b0207b7f5a5f21cea9c550acd3fbd,f7e28a6e750d2f8a10b3905cbe250d5aade2aa6d534cb058ef6657565d14d3dc,True,True,False
Q3_E3_PCR,101,40101,/data/dxl/results/q3_e3_pcr/formal256/generation/C0/40101/generated_crystals.extxyz,/data/dxl/results/q3_e3_pcr/formal256/refined/Q3_E3_PCR/101/refined_structure.extxyz,0.02865332489268025,False,0,0,0,0.0,2.4177868546635493,3bb8660524a709638685399647362c9725dc6c38ccfe713ffaa876da43670007,3bb8660524a709638685399647362c9725dc6c38ccfe713ffaa876da43670007,True,True,True
Q3_E3_PCR,102,40102,/data/dxl/results/q3_e3_pcr/formal256/generation/C0/40102/generated_crystals.extxyz,/data/dxl/results/q3_e3_pcr/formal256/refined/Q3_E3_PCR/102/refined_structure.extxyz,0.3565730696403326,False,0,0,0,0.0,2.471138425590181,ff1df01851e7599b8f8ddc75708c8f150288f74d006223cae964a0dd7302731c,ff1df01851e7599b8f8ddc75708c8f150288f74d006223cae964a0dd7302731c,True,True,True
Q3_E3_PCR,103,40103,/data/dxl/results/q3_e3_pcr/formal256/generation/C0/40103/generated_crystals.extxyz,/data/dxl/results/q3_e3_pcr/formal256/refined/Q3_E3_PCR/103/refined_structure.extxyz,0.025971783764536953,False,0,0,0,0.0,2.5680828825632736,d6f43bf38d5ae3d1b1893c44e2dda7eecf9b04e6aede98a5842e6923a1698108,d6f43bf38d5ae3d1b1893c44e2dda7eecf9b04e6aede98a5842e6923a1698108,True,True,True
Q3_E3_PCR,104,40104,/data/dxl/results/q3_e3_pcr/formal256/generation/C0/40104/generated_crystals.extxyz,/data/dxl/results/q3_e3_pcr/formal256/refined/Q3_E3_PCR/104/refined_structure.extxyz,0.34785926189033206,False,0,0,0,0.0,2.37990462218073,d8e598dfa23b65b06350a991b24ea38b29730d3ca26e6399e1c59801b854e585,d8e598dfa23b65b06350a991b24ea38b29730d3ca26e6399e1c59801b854e585,True,True,True
Q3_E3_PCR,105,40105,/data/dxl/results/q3_e3_pcr/formal256/generation/C0/40105/generated_crystals.extxyz,/data/dxl/results/q3_e3_pcr/formal256/refined/Q3_E3_PCR/105/refined_structure.extxyz,0.3719911814963322,False,0,0,0,0.0,2.1461745206584673,20ddf41ebf334d3154f442bb03419a2d18c9f060c5db9a8645863437cd0afeec,20ddf41ebf334d3154f442bb03419a2d18c9f060c5db9a8645863437cd0afeec,True,True,True
Q3_E3_PCR,106,40106,/data/dxl/results/q3_e3_pcr/formal256/generation/C0/40106/generated_crystals.extxyz,/data/dxl/results/q3_e3_pcr/formal256/refined/Q3_E3_PCR/106/refined_structure.extxyz,0.9040767321933243,True,5,0,0,0.026539962643440027,1.2095593488372884,8b14ba9931ccdffd84ac9469bd6f0d6fde22d19673f4f5ede739308cdd22e7b5,10af01a98e8bf6bd46ecb52f7dcfd1780d9e80bbfae852ec88275821e8c3073b,True,True,False
Q3_E3_PCR,107,40107,/data/dxl/results/q3_e3_pcr/formal256/generation/C0/40107/generated_crystals.extxyz,/data/dxl/results/q3_e3_pcr/formal256/refined/Q3_E3_PCR/107/refined_structure.extxyz,0.06903759278737806,False,0,0,0,0.0,2.4607637385604724,598e93aad0c26fb217ddd95dcb0c78399adcdec6bc3ab135211755ccfe938d35,598e93aad0c26fb217ddd95dcb0c78399adcdec6bc3ab135211755ccfe938d35,True,True,True
Q3_E3_PCR,108,40108,/data/dxl/results/q3_e3_pcr/formal256/generation/C0/40108/generated_crystals.extxyz,/data/dxl/results/q3_e3_pcr/formal256/refined/Q3_E3_PCR/108/refined_structure.extxyz,0.41242937875940067,False,0,0,0,0.0,2.4441808219355843,b7a35c461b4ead5efb843ea0f527ef4cc8ff754de426fbf67a857031f740e32f,b7a35c461b4ead5efb843ea0f527ef4cc8ff754de426fbf67a857031f740e32f,True,True,True
Q3_E3_PCR,109,40109,/data/dxl/results/q3_e3_pcr/formal256/generation/C0/40109/generated_crystals.extxyz,/data/dxl/results/q3_e3_pcr/formal256/refined/Q3_E3_PCR/109/refined_structure.extxyz,0.8407655602040454,True,5,0,0,0.006515026279771638,2.0424601286543727,f0f07bd35d2e0ff994bc5dd17d548f89892a15d59be1684f0a3e334300a6d761,a6258655b4ea2f3f2d5c28c420f4c1aea7dd191d7b1f8faddd27924f47dbfc49,True,True,False
Q3_E3_PCR,110,40110,/data/dxl/results/q3_e3_pcr/formal256/generation/C0/40110/generated_crystals.extxyz,/data/dxl/results/q3_e3_pcr/formal256/refined/Q3_E3_PCR/110/refined_structure.extxyz,0.12929380082180342,False,0,0,0,0.0,2.3715743146690644,7f54b1cd9ae05f648c8d007b90ae33e9580a58f38c90fdaebc822d22549b50ad,7f54b1cd9ae05f648c8d007b90ae33e9580a58f38c90fdaebc822d22549b50ad,True,True,True
Q3_E3_PCR,111,40111,/data/dxl/results/q3_e3_pcr/formal256/generation/C0/40111/generated_crystals.extxyz,/data/dxl/results/q3_e3_pcr/formal256/refined/Q3_E3_PCR/111/refined_structure.extxyz,0.06127519062097158,False,0,0,0,0.0,2.671412292142687,b73fa8d673baecbd3289b01f0cab0b082419bdb1e1e08d08f644b7672cd09ec4,b73fa8d673baecbd3289b01f0cab0b082419bdb1e1e08d08f644b7672cd09ec4,True,True,True
Q3_E3_PCR,112,40112,/data/dxl/results/q3_e3_pcr/formal256/generation/C0/40112/generated_crystals.extxyz,/data/dxl/results/q3_e3_pcr/formal256/refined/Q3_E3_PCR/112/refined_structure.extxyz,0.6396411039879165,True,5,0,0,0.010671320567919373,2.0302465038799147,650f6d7588c3fa909b4d83398fa292f22a8586648a77ad09de9dbbc8a317c97c,677ba32a0dceac7f5354c55d5c063a0bdd1ebabd3602e9fb55e459117dc164bc,True,True,False
Q3_E3_PCR,113,40113,/data/dxl/results/q3_e3_pcr/formal256/generation/C0/40113/generated_crystals.extxyz,/data/dxl/results/q3_e3_pcr/formal256/refined/Q3_E3_PCR/113/refined_structure.extxyz,0.7848400040537505,True,5,0,0,0.01689161452885157,1.651811629301706,c491f50926f820ee8e1a17c0598adb912026008115bb7598a9b39265f2bd47a1,23a4988ffc67bb03a44abe6e3238058c85ef8281b9aa6931371cfe42e63f7383,True,True,False
Q3_E3_PCR,114,40114,/data/dxl/results/q3_e3_pcr/formal256/generation/C0/40114/generated_crystals.extxyz,/data/dxl/results/q3_e3_pcr/formal256/refined/Q3_E3_PCR/114/refined_structure.extxyz,0.9962546618239013,True,5,0,0,0.017040616263639324,1.2437346649163565,a4b9dcc69f3ff7eabb7643e841dd2037dc0e6cc226aa2a3ae8ef6b01697819ea,ad234b6252189a10101f639cea27ac5bd6f52af2fd433f075331abde30f828df,True,True,False
Q3_E3_PCR,115,40115,/data/dxl/results/q3_e3_pcr/formal256/generation/C0/40115/generated_crystals.extxyz,/data/dxl/results/q3_e3_pcr/formal256/refined/Q3_E3_PCR/115/refined_structure.extxyz,0.9260868080655239,True,5,0,0,0.005293166262653869,2.04263098919184,6f66e297c2649070f0ba3f9abc7074bd7bd73a371f9b946c381683091e19e1ad,7716f16749fc246933f681e0ef7c6645e4b77d6bf9c7649a08155e21aa4f91e8,True,True,False
Q3_E3_PCR,116,40116,/data/dxl/results/q3_e3_pcr/formal256/generation/C0/40116/generated_crystals.extxyz,/data/dxl/results/q3_e3_pcr/formal256/refined/Q3_E3_PCR/116/refined_structure.extxyz,0.03717664516778335,False,0,0,0,0.0,1.7859928034344652,55b2fb5db2b16aecae2a1ce8dbb7f12c906e0033665cef7301b4e40111dd2c5d,55b2fb5db2b16aecae2a1ce8dbb7f12c906e0033665cef7301b4e40111dd2c5d,True,True,True
Q3_E3_PCR,117,40117,/data/dxl/results/q3_e3_pcr/formal256/generation/C0/40117/generated_crystals.extxyz,/data/dxl/results/q3_e3_pcr/formal256/refined/Q3_E3_PCR/117/refined_structure.extxyz,0.3775799228499649,False,0,0,0,0.0,2.2777168037444437,b8845b8721486954366f85915b5b105f02e19c63b6ce738788cab46b40b944a3,b8845b8721486954366f85915b5b105f02e19c63b6ce738788cab46b40b944a3,True,True,True
Q3_E3_PCR,118,40118,/data/dxl/results/q3_e3_pcr/formal256/generation/C0/40118/generated_crystals.extxyz,/data/dxl/results/q3_e3_pcr/formal256/refined/Q3_E3_PCR/118/refined_structure.extxyz,0.8236270538330851,True,5,0,0,0.010184059631015365,2.6645691292826816,4276dcdd06f5f67fcc9b1ca74409e86b4372cff8388ef1b7bb5e936063bd9da6,b278a6187ad5d5a70788ee432aac330bbc89b27df43714fb3032cff573438be7,True,True,False
Q3_E3_PCR,119,40119,/data/dxl/results/q3_e3_pcr/formal256/generation/C0/40119/generated_crystals.extxyz,/data/dxl/results/q3_e3_pcr/formal256/refined/Q3_E3_PCR/119/refined_structure.extxyz,0.277978150496986,False,0,0,0,0.0,2.497619765357693,10b35b9c71e35ff8b0a7f6a0efeb8faf1b9bc243b574597fd99b89f12070d92d,10b35b9c71e35ff8b0a7f6a0efeb8faf1b9bc243b574597fd99b89f12070d92d,True,True,True
Q3_E3_PCR,120,40120,/data/dxl/results/q3_e3_pcr/formal256/generation/C0/40120/generated_crystals.extxyz,/data/dxl/results/q3_e3_pcr/formal256/refined/Q3_E3_PCR/120/refined_structure.extxyz,0.0057323982386908905,False,0,0,0,0.0,2.478546474969493,6de167fceb63e7f799a6f35f2fdce7033f2f3416227d19752ca5897b829f8c3d,6de167fceb63e7f799a6f35f2fdce7033f2f3416227d19752ca5897b829f8c3d,True,True,True
Q3_E3_PCR,121,40121,/data/dxl/results/q3_e3_pcr/formal256/generation/C0/40121/generated_crystals.extxyz,/data/dxl/results/q3_e3_pcr/formal256/refined/Q3_E3_PCR/121/refined_structure.extxyz,0.7653445718788334,True,5,0,0,0.006856920386937812,1.892846206076911,9570b7ec8d532f8c318cb9152b25209564fc8205e6ec5d16d134c47d22e87b73,15fa5414b324ec56fa0a36846c1f62c3671f34dadaac10ee77adce9e68be6a98,True,True,False
Q3_E3_PCR,122,40122,/data/dxl/results/q3_e3_pcr/formal256/generation/C0/40122/generated_crystals.extxyz,/data/dxl/results/q3_e3_pcr/formal256/refined/Q3_E3_PCR/122/refined_structure.extxyz,0.9200645678658516,True,5,0,0,0.008597430934227792,1.9159909693299872,38c6891ef2613e628d40e6e34c59164f0dc330314eabd8c29cbef228b7ea2ba2,7e187fa1ae6197f2b4f368773a45311cae8707e9e0752a92f15d243c76e2d944,True,True,False
Q3_E3_PCR,123,40123,/data/dxl/results/q3_e3_pcr/formal256/generation/C0/40123/generated_crystals.extxyz,/data/dxl/results/q3_e3_pcr/formal256/refined/Q3_E3_PCR/123/refined_structure.extxyz,0.19465873398986766,False,0,0,0,0.0,2.7303923017169853,874bf6d841d98bc5ba0afd4f838c0b6c733b2518042341e30edcc16d717a7320,874bf6d841d98bc5ba0afd4f838c0b6c733b2518042341e30edcc16d717a7320,True,True,True
Q3_E3_PCR,124,40124,/data/dxl/results/q3_e3_pcr/formal256/generation/C0/40124/generated_crystals.extxyz,/data/dxl/results/q3_e3_pcr/formal256/refined/Q3_E3_PCR/124/refined_structure.extxyz,0.02235762247535385,False,0,0,0,0.0,2.4038967139210095,c3edcc21628435183a16fd6d7b9e6348f6faede6b143ee41983c0f52d51caf21,c3edcc21628435183a16fd6d7b9e6348f6faede6b143ee41983c0f52d51caf21,True,True,True
Q3_E3_PCR,125,40125,/data/dxl/results/q3_e3_pcr/formal256/generation/C0/40125/generated_crystals.extxyz,/data/dxl/results/q3_e3_pcr/formal256/refined/Q3_E3_PCR/125/refined_structure.extxyz,0.9148603324422406,True,5,0,0,0.00890743363294955,1.973451163858692,9b07975874f780d3a517ccdeb8b2723f29573cbc4909f64f413ca7c16a5e01f2,73e53864c125c51c86a7b0f069e9f9d5e7d0a246bdf0c98b926fd710cd5249bc,True,True,False
Q3_E3_PCR,126,40126,/data/dxl/results/q3_e3_pcr/formal256/generation/C0/40126/generated_crystals.extxyz,/data/dxl/results/q3_e3_pcr/formal256/refined/Q3_E3_PCR/126/refined_structure.extxyz,0.8623510054673762,True,5,0,0,0.0002921045295782679,3.4513431099892578,c9597dc8ca7f4aa3808683e698c6e1e9e8b4e83d37157fba0a2f10279081157d,9bb28c139cf555316dc6cafcd7789ed76d575f79184455263722239869264e36,True,True,False
Q3_E3_PCR,127,40127,/data/dxl/results/q3_e3_pcr/formal256/generation/C0/40127/generated_crystals.extxyz,/data/dxl/results/q3_e3_pcr/formal256/refined/Q3_E3_PCR/127/refined_structure.extxyz,0.2591498934337882,False,0,0,0,0.0,2.6575050684547743,25ceb961fe75691b306c52740efe3417b2b3a8fe59223f10e96b80d0f6914f60,25ceb961fe75691b306c52740efe3417b2b3a8fe59223f10e96b80d0f6914f60,True,True,True
Q3_E3_PCR,128,40128,/data/dxl/results/q3_e3_pcr/formal256/generation/C0/40128/generated_crystals.extxyz,/data/dxl/results/q3_e3_pcr/formal256/refined/Q3_E3_PCR/128/refined_structure.extxyz,0.6991333815947186,True,5,0,0,0.008860013754057797,2.4457092222194423,180fadca44127c1dd501f45cf046cca1e8f11915222c82965099e0767d38c893,892c68b836bdd00f2a1070bcf688546f70c0fac3be7945fd8d9b7aaf77bfa312,True,True,False
Q3_E3_PCR,129,40129,/data/dxl/results/q3_e3_pcr/formal256/generation/C0/40129/generated_crystals.extxyz,/data/dxl/results/q3_e3_pcr/formal256/refined/Q3_E3_PCR/129/refined_structure.extxyz,0.8077207664624666,True,5,0,0,0.026221912814720402,2.1324856826364558,af225ee5a180dd4c712e8ceb8b155b5c8e685b2a6e04a45a91352ea864c09ba5,371d08832be66c92b81fcbc146eec5bdca0672e9b848ae3be533fe7b4bdcb964,True,True,False
Q3_E3_PCR,130,40130,/data/dxl/results/q3_e3_pcr/formal256/generation/C0/40130/generated_crystals.extxyz,/data/dxl/results/q3_e3_pcr/formal256/refined/Q3_E3_PCR/130/refined_structure.extxyz,0.47337992400526874,False,0,0,0,0.0,1.971270054342718,0979ca2da0cca2068339d8e58173e95631381a6f4fb787f5a8dff3b1a45873fb,0979ca2da0cca2068339d8e58173e95631381a6f4fb787f5a8dff3b1a45873fb,True,True,True
Q3_E3_PCR,131,40131,/data/dxl/results/q3_e3_pcr/formal256/generation/C0/40131/generated_crystals.extxyz,/data/dxl/results/q3_e3_pcr/formal256/refined/Q3_E3_PCR/131/refined_structure.extxyz,0.9189006170623515,True,5,0,0,0.0023473123580385695,3.538657414196442,ec5a5f052816356d1db50bdf2ad75aec32266ee7de39660ba75a4da860ea3d50,080c7863fab9d4b9e1fadb47f93e9a9193f237b4174752c1d808c9eb0b2b9e14,True,True,False
Q3_E3_PCR,132,40132,/data/dxl/results/q3_e3_pcr/formal256/generation/C0/40132/generated_crystals.extxyz,/data/dxl/results/q3_e3_pcr/formal256/refined/Q3_E3_PCR/132/refined_structure.extxyz,0.9401344163381153,True,5,0,0,0.010112662994889162,1.8213051263102997,0b0076bcc1bedc4c5ce89bf60e4a8c822b4e40ed50833b1a68e59cf607a0edb2,5d90e55aa837e2669f8c4d9e23be44682fd382bff5797d9039efc8dfb2dbd358,True,True,False
Q3_E3_PCR,133,40133,/data/dxl/results/q3_e3_pcr/formal256/generation/C0/40133/generated_crystals.extxyz,/data/dxl/results/q3_e3_pcr/formal256/refined/Q3_E3_PCR/133/refined_structure.extxyz,0.8962897514924723,True,5,0,0,0.0132675307831598,2.288771344706444,c8efa75fb0077f63840d8f2f46340154041ff971a245ddd7eb233538641acdda,bce11949ceed615d25a51eb41044708a5bf4da9a362a49a0b9a11f6e7be10cbd,True,True,False
Q3_E3_PCR,134,40134,/data/dxl/results/q3_e3_pcr/formal256/generation/C0/40134/generated_crystals.extxyz,/data/dxl/results/q3_e3_pcr/formal256/refined/Q3_E3_PCR/134/refined_structure.extxyz,0.2500983004282822,False,0,0,0,0.0,2.046507213296669,f911cee7afb1d739b60212611cbbfb140a45026ea039573359887066161b5466,f911cee7afb1d739b60212611cbbfb140a45026ea039573359887066161b5466,True,True,True
Q3_E3_PCR,135,40135,/data/dxl/results/q3_e3_pcr/formal256/generation/C0/40135/generated_crystals.extxyz,/data/dxl/results/q3_e3_pcr/formal256/refined/Q3_E3_PCR/135/refined_structure.extxyz,0.9636586562364667,True,5,0,0,0.008303451534398446,3.2391743836049343,d5bf2544321fee71badb2c0bbc64ff677ec647e75abbe8c3daa5fee23e8e0b0f,35e6f6a2914b1f583bec3750727f62a1ffbde019482764f0d034aa2b1d3f6b31,True,True,False
Q3_E3_PCR,136,40136,/data/dxl/results/q3_e3_pcr/formal256/generation/C0/40136/generated_crystals.extxyz,/data/dxl/results/q3_e3_pcr/formal256/refined/Q3_E3_PCR/136/refined_structure.extxyz,0.14000168560397214,False,0,0,0,0.0,3.1000697809377766,0a5f617cd69c602e723fb15c679f30ff62ead580878b73ebecdac1751207c38f,0a5f617cd69c602e723fb15c679f30ff62ead580878b73ebecdac1751207c38f,True,True,True
Q3_E3_PCR,137,40137,/data/dxl/results/q3_e3_pcr/formal256/generation/C0/40137/generated_crystals.extxyz,/data/dxl/results/q3_e3_pcr/formal256/refined/Q3_E3_PCR/137/refined_structure.extxyz,0.026116094183026677,False,0,0,0,0.0,3.187104678931684,ac843ebeaeec77cc4f636e1ff9f514dedddd1c049c184929aca5c17b95de0f4f,ac843ebeaeec77cc4f636e1ff9f514dedddd1c049c184929aca5c17b95de0f4f,True,True,True
Q3_E3_PCR,138,40138,/data/dxl/results/q3_e3_pcr/formal256/generation/C0/40138/generated_crystals.extxyz,/data/dxl/results/q3_e3_pcr/formal256/refined/Q3_E3_PCR/138/refined_structure.extxyz,0.6607550001667667,True,5,0,0,0.013680130872137423,2.416697575167679,584db8ef40633a809136b9dab9033d79a3c34ddfdf2333847d3c04c1ed1cd93f,09853ffc4af48a094fa541697dd7f74a86b820a84bb3787b2672b6bae911808b,True,True,False
Q3_E3_PCR,139,40139,/data/dxl/results/q3_e3_pcr/formal256/generation/C0/40139/generated_crystals.extxyz,/data/dxl/results/q3_e3_pcr/formal256/refined/Q3_E3_PCR/139/refined_structure.extxyz,0.9548717513745849,True,5,0,0,0.012774708514886246,1.7050217273918213,7a8e4befb8b05c3fe4e5268a3143e2daaad8073bb46c3a1807539060b60ef8d4,954f33e6a8ae1e60e4fc0a1cfc7d64b856caf5b4c97945b322b93ab804f0fdd2,True,True,False
Q3_E3_PCR,140,40140,/data/dxl/results/q3_e3_pcr/formal256/generation/C0/40140/generated_crystals.extxyz,/data/dxl/results/q3_e3_pcr/formal256/refined/Q3_E3_PCR/140/refined_structure.extxyz,0.8549617742936402,True,5,0,0,0.007988604268193407,2.4935438219509742,e920902e3e546abf06fbb03221b41de4e31f5baa26e7b4365660f03914e71031,903d33af0c74f821839f657f511b5c48a029c8fc57a0582be9a8c17930c64a67,True,True,False
Q3_E3_PCR,141,40141,/data/dxl/results/q3_e3_pcr/formal256/generation/C0/40141/generated_crystals.extxyz,/data/dxl/results/q3_e3_pcr/formal256/refined/Q3_E3_PCR/141/refined_structure.extxyz,0.7712408392428879,True,5,0,0,0.006247827588026391,2.416850996183339,a1925522ee5f520c53ccffec905d5c49b8474df1f096cba9d2002f081226beee,d2f765c5b2e898404c23367985e8a10f59724fbc32406ef6829781a6831ad80e,True,True,False
Q3_E3_PCR,142,40142,/data/dxl/results/q3_e3_pcr/formal256/generation/C0/40142/generated_crystals.extxyz,/data/dxl/results/q3_e3_pcr/formal256/refined/Q3_E3_PCR/142/refined_structure.extxyz,0.01507690026806221,False,0,0,0,0.0,3.324931636189774,ce21897f1b007901d98780f1629ff0f014626267dc8d6e9d24473b151e1256bc,ce21897f1b007901d98780f1629ff0f014626267dc8d6e9d24473b151e1256bc,True,True,True
Q3_E3_PCR,143,40143,/data/dxl/results/q3_e3_pcr/formal256/generation/C0/40143/generated_crystals.extxyz,/data/dxl/results/q3_e3_pcr/formal256/refined/Q3_E3_PCR/143/refined_structure.extxyz,0.844122072681232,True,5,0,0,0.013899852535613494,2.2928461727649236,4aced93e0f28628064989765de4c5a1c822865486438f13c70e06e510e281667,af994c71bdbaff51043f3e1d524c42c0e3bfc842eb5d7c0855466c4367f7f0a1,True,True,False
Q3_E3_PCR,144,40144,/data/dxl/results/q3_e3_pcr/formal256/generation/C0/40144/generated_crystals.extxyz,/data/dxl/results/q3_e3_pcr/formal256/refined/Q3_E3_PCR/144/refined_structure.extxyz,0.24194370392743922,False,0,0,0,0.0,2.261971921229892,403419f90fb9b40520c397d6018a5c46b8f6ba65a35ef35ee9eedf394cf4430f,403419f90fb9b40520c397d6018a5c46b8f6ba65a35ef35ee9eedf394cf4430f,True,True,True
Q3_E3_PCR,145,40145,/data/dxl/results/q3_e3_pcr/formal256/generation/C0/40145/generated_crystals.extxyz,/data/dxl/results/q3_e3_pcr/formal256/refined/Q3_E3_PCR/145/refined_structure.extxyz,0.7648529870888291,True,5,0,0,0.022074337762716868,2.4621488189039207,6367765c7f81cd8fd190eaf834af5dc26bb4412c163d36f132abd3dd1143b698,595648515af56523cd8b3c23b80fcb9daa47131252d741efc076f25378a31806,True,True,False
Q3_E3_PCR,146,40146,/data/dxl/results/q3_e3_pcr/formal256/generation/C0/40146/generated_crystals.extxyz,/data/dxl/results/q3_e3_pcr/formal256/refined/Q3_E3_PCR/146/refined_structure.extxyz,0.9366896219092544,True,5,0,0,0.0006523091790705809,3.2542211343807312,f8ece7deb488fd8cc1925077be367bcd7fc7d8fae1f91ca525b8207eaebf86c7,5154a71f76db23ced50e4428fcc740526be5695df1373b5cf8c74d5a7e35828f,True,True,False
Q3_E3_PCR,147,40147,/data/dxl/results/q3_e3_pcr/formal256/generation/C0/40147/generated_crystals.extxyz,/data/dxl/results/q3_e3_pcr/formal256/refined/Q3_E3_PCR/147/refined_structure.extxyz,0.2730201907838384,False,0,0,0,0.0,2.4472558276102667,f38a3f3b8ba4de7fabae5220023dd0d8e50f408044b7f88a6e5d4116c7116ba7,f38a3f3b8ba4de7fabae5220023dd0d8e50f408044b7f88a6e5d4116c7116ba7,True,True,True
Q3_E3_PCR,148,40148,/data/dxl/results/q3_e3_pcr/formal256/generation/C0/40148/generated_crystals.extxyz,/data/dxl/results/q3_e3_pcr/formal256/refined/Q3_E3_PCR/148/refined_structure.extxyz,0.951207805013289,True,5,0,0,0.015528173062052467,1.980701331753951,244a71209075b4d5c8e6f9d71d437b6595ecaeb499ea84790087e53450b99723,8a9dd1935414aa28703060a5483c5af28e74c9abf92869a00cfe51bd38d1fbea,True,True,False
Q3_E3_PCR,149,40149,/data/dxl/results/q3_e3_pcr/formal256/generation/C0/40149/generated_crystals.extxyz,/data/dxl/results/q3_e3_pcr/formal256/refined/Q3_E3_PCR/149/refined_structure.extxyz,0.6750364885397,True,5,0,0,0.0028365807108734794,3.2875056309730506,24a69856a506b9243bfe1fd6265707474c07c22923c5168f7961fb29287c42c6,4ea4d3d5ae3d522df27f674d6491e4a71e1f26adb50fec91df8b1f9b9fca070f,True,True,False
Q3_E3_PCR,150,40150,/data/dxl/results/q3_e3_pcr/formal256/generation/C0/40150/generated_crystals.extxyz,/data/dxl/results/q3_e3_pcr/formal256/refined/Q3_E3_PCR/150/refined_structure.extxyz,0.6340508263038225,True,5,0,0,0.000533792064759202,3.304717643363037,9a70f56f68e23f8492bcfbec85fd1ded85f5005d6c25accaa2ca59f2ad9570cb,fd6f513078ea2932de0599da2a014ed5a160285191c6a29da1cbe1811cd55e5e,True,True,False
Q3_E3_PCR,151,40151,/data/dxl/results/q3_e3_pcr/formal256/generation/C0/40151/generated_crystals.extxyz,/data/dxl/results/q3_e3_pcr/formal256/refined/Q3_E3_PCR/151/refined_structure.extxyz,0.9838794422223097,True,5,0,0,0.006244816287915826,2.4833078765236616,46d149d7f74a46cdb07498b6d11b93b39a55f37b323dd28aabb46ad41f69de4c,6b55cba0e289239fb9e287f783c4cf16bdb4de8121e736182f91d494bf4be437,True,True,False
Q3_E3_PCR,152,40152,/data/dxl/results/q3_e3_pcr/formal256/generation/C0/40152/generated_crystals.extxyz,/data/dxl/results/q3_e3_pcr/formal256/refined/Q3_E3_PCR/152/refined_structure.extxyz,0.05448703475240711,False,0,0,0,0.0,2.521407354264553,52860c3ce4aff6a650e100484b02933ed6af32b7d29122cdbe996b564c6e81c9,52860c3ce4aff6a650e100484b02933ed6af32b7d29122cdbe996b564c6e81c9,True,True,True
Q3_E3_PCR,153,40153,/data/dxl/results/q3_e3_pcr/formal256/generation/C0/40153/generated_crystals.extxyz,/data/dxl/results/q3_e3_pcr/formal256/refined/Q3_E3_PCR/153/refined_structure.extxyz,0.016022476006068657,False,0,0,0,0.0,3.2599140624912666,eb17a3f000b2fff08129f7fc7c0040ae9633d5dc96c44e5d82e5e2cdbbc887d2,eb17a3f000b2fff08129f7fc7c0040ae9633d5dc96c44e5d82e5e2cdbbc887d2,True,True,True
Q3_E3_PCR,154,40154,/data/dxl/results/q3_e3_pcr/formal256/generation/C0/40154/generated_crystals.extxyz,/data/dxl/results/q3_e3_pcr/formal256/refined/Q3_E3_PCR/154/refined_structure.extxyz,0.78924745492039,True,5,0,0,0.008394093058848195,1.8792012446161417,f467a227930035f1c7d6a73dfd2b1ac0d52ea3277140ed257bacc0a3ff3b772c,960d192724a6282022b491b5ee52dc7be6153e0662c83b6f21010cd26c7deae4,True,True,False
Q3_E3_PCR,155,40155,/data/dxl/results/q3_e3_pcr/formal256/generation/C0/40155/generated_crystals.extxyz,/data/dxl/results/q3_e3_pcr/formal256/refined/Q3_E3_PCR/155/refined_structure.extxyz,0.3372139837178285,False,0,0,0,0.0,2.2567544313836705,5a79e2147ddebb0e03edfbe39ea5b0dcbb39e3a8ab0259a1e11a9b9540ad7d54,5a79e2147ddebb0e03edfbe39ea5b0dcbb39e3a8ab0259a1e11a9b9540ad7d54,True,True,True
Q3_E3_PCR,156,40156,/data/dxl/results/q3_e3_pcr/formal256/generation/C0/40156/generated_crystals.extxyz,/data/dxl/results/q3_e3_pcr/formal256/refined/Q3_E3_PCR/156/refined_structure.extxyz,0.9960673538392257,True,5,0,0,0.038177991052555225,1.024100810806872,e26d4df2c62441bc9ad38d70c6fe783eb5b41c8d9583bb1c7581abcfdf8cbdcd,4a4206e0fb9d5c66e83df0ad479eeb11a77dd5ae30fd1abafdb9380540ae6b9b,True,True,False
Q3_E3_PCR,157,40157,/data/dxl/results/q3_e3_pcr/formal256/generation/C0/40157/generated_crystals.extxyz,/data/dxl/results/q3_e3_pcr/formal256/refined/Q3_E3_PCR/157/refined_structure.extxyz,0.9213664177973802,True,5,0,0,0.022709900989773362,1.872917687782283,c5335eaad0ea0cfebc12032f6a3ab79e14e2fe66751b65bb22b926849bc9f855,01b38d3cde49bf6c12daa8e3661fbd6cad834e7d0966bc486f984b71b03678e3,True,True,False
Q3_E3_PCR,158,40158,/data/dxl/results/q3_e3_pcr/formal256/generation/C0/40158/generated_crystals.extxyz,/data/dxl/results/q3_e3_pcr/formal256/refined/Q3_E3_PCR/158/refined_structure.extxyz,0.9866351953856273,True,5,0,0,0.05897956313591883,0.9834140708729785,01ad255dee49cba9d4c12259e11f97530b2b7857e10cbe4445432ce3f7481406,1460d02fd20452241e386f7acdc518b1a070318c332d3b12b9a3f69cb5b8e328,True,True,False
Q3_E3_PCR,159,40159,/data/dxl/results/q3_e3_pcr/formal256/generation/C0/40159/generated_crystals.extxyz,/data/dxl/results/q3_e3_pcr/formal256/refined/Q3_E3_PCR/159/refined_structure.extxyz,0.7103783574629142,True,5,0,0,0.012861926368721879,1.9072405176070053,4db173daa0ae912b4c0f2f982ab7dc32610abe5a78c24c6c8f906b7650297dc6,e9e354cd797dadcf1054727c99755c90c620202c46cb17b072dd115b4c66e4fb,True,True,False
Q3_E3_PCR,160,40160,/data/dxl/results/q3_e3_pcr/formal256/generation/C0/40160/generated_crystals.extxyz,/data/dxl/results/q3_e3_pcr/formal256/refined/Q3_E3_PCR/160/refined_structure.extxyz,0.3822404687206022,False,0,0,0,0.0,1.8690548261457713,8d40e8667d0922be78a5f706f4a869169c7aaa29b2f2cb79a7daac3388a4a596,8d40e8667d0922be78a5f706f4a869169c7aaa29b2f2cb79a7daac3388a4a596,True,True,True
Q3_E3_PCR,161,40161,/data/dxl/results/q3_e3_pcr/formal256/generation/C0/40161/generated_crystals.extxyz,/data/dxl/results/q3_e3_pcr/formal256/refined/Q3_E3_PCR/161/refined_structure.extxyz,0.9867358343080173,True,5,0,0,0.0656860392400019,1.7955810545640192,947f7413ce8a6910bc7263a199bb52f97dd81191280e1d764f7a46d67c288b13,4705150f5c7d8356c9e180fb303770142328a307de50f887b1b757666e5c3d42,True,True,False
Q3_E3_PCR,162,40162,/data/dxl/results/q3_e3_pcr/formal256/generation/C0/40162/generated_crystals.extxyz,/data/dxl/results/q3_e3_pcr/formal256/refined/Q3_E3_PCR/162/refined_structure.extxyz,0.2880475867679365,False,0,0,0,0.0,2.8963202809726276,93b2b157d3bb0a180b44a93b19de125d2301ed3d339fd5c74153a1b4d2a3965c,93b2b157d3bb0a180b44a93b19de125d2301ed3d339fd5c74153a1b4d2a3965c,True,True,True
Q3_E3_PCR,163,40163,/data/dxl/results/q3_e3_pcr/formal256/generation/C0/40163/generated_crystals.extxyz,/data/dxl/results/q3_e3_pcr/formal256/refined/Q3_E3_PCR/163/refined_structure.extxyz,0.8159409166603242,True,5,0,0,0.0023193609656110502,2.3349905320532223,34c9c4e3bbc8750a756c53d83b470f693736979a0bd8b6ad8d9d2107ee65d170,031e79df875fb4c1f64de76335a26fdb856ea049e006917ce253739af521b74f,True,True,False
Q3_E3_PCR,164,40164,/data/dxl/results/q3_e3_pcr/formal256/generation/C0/40164/generated_crystals.extxyz,/data/dxl/results/q3_e3_pcr/formal256/refined/Q3_E3_PCR/164/refined_structure.extxyz,0.6018094370314682,True,5,0,0,0.009015202699795619,1.8329391160834057,a94f8ac325d16d8f62b230bbeba9a204e78bd88be8c4ad9e642577cd0ca5a1cb,c39f107557ab14f8baf095f9f528c921955036ddd11d77f91199f20f2e2aede2,True,True,False
Q3_E3_PCR,165,40165,/data/dxl/results/q3_e3_pcr/formal256/generation/C0/40165/generated_crystals.extxyz,/data/dxl/results/q3_e3_pcr/formal256/refined/Q3_E3_PCR/165/refined_structure.extxyz,0.9004542544936315,True,5,0,0,0.030096510736768896,1.4618976160536872,8ab85bac743c201069d80822136dfd51c7c33fda4d06807571a7883220aaa5d8,52dde1a7408556ba8330c3d18300b4975ed8ae7d9271ee8be9c227979130921f,True,True,False
Q3_E3_PCR,166,40166,/data/dxl/results/q3_e3_pcr/formal256/generation/C0/40166/generated_crystals.extxyz,/data/dxl/results/q3_e3_pcr/formal256/refined/Q3_E3_PCR/166/refined_structure.extxyz,0.5178231905800865,True,5,0,0,0.010641355764163665,1.9059199316387838,1a49dc7434d3cd8bc18acb72aa0a934ceb5902bfa045c47875646f4c08862d6d,29409b033b68ca6672db53cefd4af3e7aa333a87bf42fa81e1199e080a597df9,True,True,False
Q3_E3_PCR,167,40167,/data/dxl/results/q3_e3_pcr/formal256/generation/C0/40167/generated_crystals.extxyz,/data/dxl/results/q3_e3_pcr/formal256/refined/Q3_E3_PCR/167/refined_structure.extxyz,0.2699620499444351,False,0,0,0,0.0,2.458034643939538,98c3f1e37586c095b843faf3c801d394855548a34c580db6728768429a20238b,98c3f1e37586c095b843faf3c801d394855548a34c580db6728768429a20238b,True,True,True
Q3_E3_PCR,168,40168,/data/dxl/results/q3_e3_pcr/formal256/generation/C0/40168/generated_crystals.extxyz,/data/dxl/results/q3_e3_pcr/formal256/refined/Q3_E3_PCR/168/refined_structure.extxyz,0.9407142328519328,True,5,0,0,0.0062909404307537,3.0917448575939703,379afc232e24a067af9bb4aa61413aaa9f3657d0aaf7d4cd9c056178964d0f6e,3ad91e984dba930f4098e516c4b54d2691492916e17f6b23e9351d34f1314412,True,True,False
Q3_E3_PCR,169,40169,/data/dxl/results/q3_e3_pcr/formal256/generation/C0/40169/generated_crystals.extxyz,/data/dxl/results/q3_e3_pcr/formal256/refined/Q3_E3_PCR/169/refined_structure.extxyz,0.8579379709998011,True,5,0,0,0.013698429963072481,2.0263531065473384,77e79a05442bd8740760d1b12b8d59d0af6f2cae643b2c822f67fd28070ca8fa,e647e33875b216be8556dcefb491743614be9358f07c90643841c65220d94b22,True,True,False
Q3_E3_PCR,170,40170,/data/dxl/results/q3_e3_pcr/formal256/generation/C0/40170/generated_crystals.extxyz,/data/dxl/results/q3_e3_pcr/formal256/refined/Q3_E3_PCR/170/refined_structure.extxyz,0.9072253615184388,True,5,0,0,0.015042241961160397,2.284584442964225,fae73cfef5cf56589209fed70474f7c193b3a1ce0e71b1eb8468ddbd116e2663,fa0e26d7cb97d96deb628e6fe13cacbe7d54027b04669a8f80f2016cca2ce71d,True,True,False
Q3_E3_PCR,171,40171,/data/dxl/results/q3_e3_pcr/formal256/generation/C0/40171/generated_crystals.extxyz,/data/dxl/results/q3_e3_pcr/formal256/refined/Q3_E3_PCR/171/refined_structure.extxyz,0.8658343737582155,True,5,0,0,0.013516536264513724,1.8452939731937665,15a325b50ba9a140c1716ba757d80fd56e2073f4ab76db8f76d705673a061b73,85866e11984b85529308554b25da00de4bdda40bf3a6faeec5c58434a4c57f13,True,True,False
Q3_E3_PCR,172,40172,/data/dxl/results/q3_e3_pcr/formal256/generation/C0/40172/generated_crystals.extxyz,/data/dxl/results/q3_e3_pcr/formal256/refined/Q3_E3_PCR/172/refined_structure.extxyz,0.6722276763610179,True,5,0,0,0.006969963794116737,1.7037519869755846,ea236c7c00b0a2badb23c617fc39d625e3b6b1abc57e8c9055db652ba5df23da,f8222ebb152bb6b872fa009033ba1e06fd88d6ce2dbf5555d6cad9ad4fb7e37e,True,True,False
Q3_E3_PCR,173,40173,/data/dxl/results/q3_e3_pcr/formal256/generation/C0/40173/generated_crystals.extxyz,/data/dxl/results/q3_e3_pcr/formal256/refined/Q3_E3_PCR/173/refined_structure.extxyz,0.3889776741123672,False,0,0,0,0.0,2.5647443735328292,9c37d0291243d89bc2ac030c6d7c5d2b7f2bec6560ca28af4605f25f6e41b617,9c37d0291243d89bc2ac030c6d7c5d2b7f2bec6560ca28af4605f25f6e41b617,True,True,True
Q3_E3_PCR,174,40174,/data/dxl/results/q3_e3_pcr/formal256/generation/C0/40174/generated_crystals.extxyz,/data/dxl/results/q3_e3_pcr/formal256/refined/Q3_E3_PCR/174/refined_structure.extxyz,0.6360535150891873,True,5,0,0,0.059558291160514844,1.1628570306537256,7f6b97fd8fc72590c33f4660e48857684b3b8af92677230876832f0a93306277,f274a382021a863951020e09bc204303cc41064f5c9ddfe0321dceec39f8b078,True,True,False
Q3_E3_PCR,175,40175,/data/dxl/results/q3_e3_pcr/formal256/generation/C0/40175/generated_crystals.extxyz,/data/dxl/results/q3_e3_pcr/formal256/refined/Q3_E3_PCR/175/refined_structure.extxyz,0.9751412959633405,True,5,0,0,0.05530501491217932,1.470270256810995,bf936475afe2f956b260ba467d31f4dd6531466cb59db6f44472f445260b4120,b8744b37a89722d24d5cb2fdd107cd231d41d373d3fb304e183c60aafb16ec1f,True,True,False
Q3_E3_PCR,176,40176,/data/dxl/results/q3_e3_pcr/formal256/generation/C0/40176/generated_crystals.extxyz,/data/dxl/results/q3_e3_pcr/formal256/refined/Q3_E3_PCR/176/refined_structure.extxyz,0.9222643780923176,True,5,0,0,0.0003648528208739677,3.245548079315845,0cfd0941491c2b1afdeafd314afb2bb7c505d9d7df429193b241cd1dc657c990,7c4c58daccc9a512720da71c5206de83ffc4d918337f80672fb3e0039018e266,True,True,False
Q3_E3_PCR,177,40177,/data/dxl/results/q3_e3_pcr/formal256/generation/C0/40177/generated_crystals.extxyz,/data/dxl/results/q3_e3_pcr/formal256/refined/Q3_E3_PCR/177/refined_structure.extxyz,0.9791462808035515,True,5,0,0,0.013038732560799697,2.455523041563212,2586dc77ecd8c9072eefdf1069251b6d72162f23c9badfb87a0c51b18ab849b3,a97879c5ee376e6bdb1903e9a1fb0706667e991351014ce62307a5dca21a6f1f,True,True,False
Q3_E3_PCR,178,40178,/data/dxl/results/q3_e3_pcr/formal256/generation/C0/40178/generated_crystals.extxyz,/data/dxl/results/q3_e3_pcr/formal256/refined/Q3_E3_PCR/178/refined_structure.extxyz,0.9655697021633265,True,5,0,0,0.011450841558584429,2.309434968669047,a5cb13ecc3eb1501728f30f4922b21f03d3884c1607e779548d548a9314bd568,5dfd449839459a600c1c9602720b1cf3bf3922e65411ee1cebb8f6d5b53704a8,True,True,False
Q3_E3_PCR,179,40179,/data/dxl/results/q3_e3_pcr/formal256/generation/C0/40179/generated_crystals.extxyz,/data/dxl/results/q3_e3_pcr/formal256/refined/Q3_E3_PCR/179/refined_structure.extxyz,0.6295436975315427,True,5,0,0,0.015813485572965403,1.4943839692139536,37b8cf0598fb0bc81df2154ffbe0b2dd92b9b309f72e86d87a31ee42e14aa5fc,871458e4b15f6f8f53bcc48fc11f50b56d78b99c50f12e57c680527b4b32d430,True,True,False
Q3_E3_PCR,180,40180,/data/dxl/results/q3_e3_pcr/formal256/generation/C0/40180/generated_crystals.extxyz,/data/dxl/results/q3_e3_pcr/formal256/refined/Q3_E3_PCR/180/refined_structure.extxyz,0.05109736410127396,False,0,0,0,0.0,2.3829765321315395,5dcbe57b774f7d3b2c9b84495fc717eefdf8f511d6f4d84f45ea023c99116a9d,5dcbe57b774f7d3b2c9b84495fc717eefdf8f511d6f4d84f45ea023c99116a9d,True,True,True
Q3_E3_PCR,181,40181,/data/dxl/results/q3_e3_pcr/formal256/generation/C0/40181/generated_crystals.extxyz,/data/dxl/results/q3_e3_pcr/formal256/refined/Q3_E3_PCR/181/refined_structure.extxyz,0.06458993041615205,False,0,0,0,0.0,2.473622471322171,9ed3dfbb7ae0e53b56bd055e27ac7662259a3fbd0e066fb899396ae889c02aba,9ed3dfbb7ae0e53b56bd055e27ac7662259a3fbd0e066fb899396ae889c02aba,True,True,True
Q3_E3_PCR,182,40182,/data/dxl/results/q3_e3_pcr/formal256/generation/C0/40182/generated_crystals.extxyz,/data/dxl/results/q3_e3_pcr/formal256/refined/Q3_E3_PCR/182/refined_structure.extxyz,0.7045312814014101,True,5,0,0,0.005964201154731542,2.8031359266628604,8aeb4cc8e18cbec1937ea4274a7d11447edd7480c8c9bf5ad786534b113ecf69,612f7f35f87bcf0c1c3988e6fc6a0941a06a6b2a1966a15ede7ce7e4a947d9e2,True,True,False
Q3_E3_PCR,183,40183,/data/dxl/results/q3_e3_pcr/formal256/generation/C0/40183/generated_crystals.extxyz,/data/dxl/results/q3_e3_pcr/formal256/refined/Q3_E3_PCR/183/refined_structure.extxyz,0.11444028173824783,False,0,0,0,0.0,2.0928535242952067,9af29273ee3aeecaadb061efbab5a055daae04bf7f2ea78b7a17e7200d786a46,9af29273ee3aeecaadb061efbab5a055daae04bf7f2ea78b7a17e7200d786a46,True,True,True
Q3_E3_PCR,184,40184,/data/dxl/results/q3_e3_pcr/formal256/generation/C0/40184/generated_crystals.extxyz,/data/dxl/results/q3_e3_pcr/formal256/refined/Q3_E3_PCR/184/refined_structure.extxyz,0.44526732476932573,False,0,0,0,0.0,1.9033545122126438,5898d5e6e53492e6e1eabaae2a8491ad82192b1551b75335d9f61bfcf5f0d4f4,5898d5e6e53492e6e1eabaae2a8491ad82192b1551b75335d9f61bfcf5f0d4f4,True,True,True
Q3_E3_PCR,185,40185,/data/dxl/results/q3_e3_pcr/formal256/generation/C0/40185/generated_crystals.extxyz,/data/dxl/results/q3_e3_pcr/formal256/refined/Q3_E3_PCR/185/refined_structure.extxyz,0.789686451939909,True,5,0,0,0.008899838535350257,1.8534891217858689,fdbd21960f3c3f46472f2b67a3fd4f64caaf41016bf2333436b8ff84a608f377,5e8aa42ba45d1edbd9aa8b107a9e6a8b4a656815c02ab83eed8768a2d8d0abf4,True,True,False
Q3_E3_PCR,186,40186,/data/dxl/results/q3_e3_pcr/formal256/generation/C0/40186/generated_crystals.extxyz,/data/dxl/results/q3_e3_pcr/formal256/refined/Q3_E3_PCR/186/refined_structure.extxyz,0.8314796902368402,True,5,0,0,0.0044117810128451816,2.002194386381161,0f2076c4bd623f288ab57946db256dbc97033afdea6c2d677fcf06c8b6d57551,e2e5e97226e69de6c2b33b5bf2a3d3c49f61a8b8a8ebd5ae4ae70504b2590072,True,True,False
Q3_E3_PCR,187,40187,/data/dxl/results/q3_e3_pcr/formal256/generation/C0/40187/generated_crystals.extxyz,/data/dxl/results/q3_e3_pcr/formal256/refined/Q3_E3_PCR/187/refined_structure.extxyz,0.7941595314386232,True,5,0,0,0.010640148908572707,2.3211083341590655,b5559adeac210ef198cc148a391f1342175f13d2c0a53c3d1a5e09de2d0f0284,989e2506e2c1cc661b7e4d864265f5b20f92396b0c97935ea74d0d5d428965d5,True,True,False
Q3_E3_PCR,188,40188,/data/dxl/results/q3_e3_pcr/formal256/generation/C0/40188/generated_crystals.extxyz,/data/dxl/results/q3_e3_pcr/formal256/refined/Q3_E3_PCR/188/refined_structure.extxyz,0.8483293988459899,True,5,0,0,0.002441416155820182,1.852032271760029,9999922c017fb61ce8cd5f27e2e6271531d337e13d6ac9c2e2b16f28a9e24bf4,2dd7e1987e146ce0c03d38e7f60440292b9823e556406e11b7fcc58d82664bc9,True,True,False
Q3_E3_PCR,189,40189,/data/dxl/results/q3_e3_pcr/formal256/generation/C0/40189/generated_crystals.extxyz,/data/dxl/results/q3_e3_pcr/formal256/refined/Q3_E3_PCR/189/refined_structure.extxyz,0.39535337953199723,False,0,0,0,0.0,2.809987806828901,3234a32e8c2553dcd4d66cc4c0a5cbc26173945e0877b66718f7c8a549dfda11,3234a32e8c2553dcd4d66cc4c0a5cbc26173945e0877b66718f7c8a549dfda11,True,True,True
Q3_E3_PCR,190,40190,/data/dxl/results/q3_e3_pcr/formal256/generation/C0/40190/generated_crystals.extxyz,/data/dxl/results/q3_e3_pcr/formal256/refined/Q3_E3_PCR/190/refined_structure.extxyz,0.46227667061876787,False,0,0,0,0.0,1.8413306264762097,a2ea96c56a4e24b6491ba1e3f4238e83b5ddb8b8f3aa947c3dbde722c2426312,a2ea96c56a4e24b6491ba1e3f4238e83b5ddb8b8f3aa947c3dbde722c2426312,True,True,True
Q3_E3_PCR,191,40191,/data/dxl/results/q3_e3_pcr/formal256/generation/C0/40191/generated_crystals.extxyz,/data/dxl/results/q3_e3_pcr/formal256/refined/Q3_E3_PCR/191/refined_structure.extxyz,0.7023286930770842,True,5,0,0,0.012772861126877607,1.947636806877713,ca39045d32b1e39af52b6f4354d47648eacda8e307b80a59469241634da66b49,6a1d52c4535cf062a37ad01bde76b91bb4c30ebd86704c40c1f415ed4ecd32ef,True,True,False
Q3_E3_PCR,192,40192,/data/dxl/results/q3_e3_pcr/formal256/generation/C0/40192/generated_crystals.extxyz,/data/dxl/results/q3_e3_pcr/formal256/refined/Q3_E3_PCR/192/refined_structure.extxyz,0.9823778946514616,True,5,0,0,0.007109217907766323,3.0633744521644943,bf9d705ee7c2051b8740290c8da0fbc38663523a7b931c87cc5e5ad797cbb233,25569abc92ad33d6a557c574699f2cadaffbd47ee635acf6d816aa1d50958517,True,True,False
Q3_E3_PCR,193,40193,/data/dxl/results/q3_e3_pcr/formal256/generation/C0/40193/generated_crystals.extxyz,/data/dxl/results/q3_e3_pcr/formal256/refined/Q3_E3_PCR/193/refined_structure.extxyz,0.9321595827419744,True,5,0,0,0.00012750963924344018,3.1058126925083807,a6a88a6eed89e9b9311cc816595f0a5c02a6b92fa81095c8e1a5ccafc2e78e21,efc4f3353673211a75de228f2cedc853b0d0fb0eb5a2cc58653b5d8b87091a1f,True,True,False
Q3_E3_PCR,194,40194,/data/dxl/results/q3_e3_pcr/formal256/generation/C0/40194/generated_crystals.extxyz,/data/dxl/results/q3_e3_pcr/formal256/refined/Q3_E3_PCR/194/refined_structure.extxyz,0.26367302187949265,False,0,0,0,0.0,2.410285775526237,c7939d9f4c61f89f8b9250b54fe06c4c98028614faad4b4047c3319cb6be2d4b,c7939d9f4c61f89f8b9250b54fe06c4c98028614faad4b4047c3319cb6be2d4b,True,True,True
Q3_E3_PCR,195,40195,/data/dxl/results/q3_e3_pcr/formal256/generation/C0/40195/generated_crystals.extxyz,/data/dxl/results/q3_e3_pcr/formal256/refined/Q3_E3_PCR/195/refined_structure.extxyz,0.6726234590655628,True,5,0,0,0.010688737699513213,2.5100708927329465,bcacf516882c6e18d73c60b7b7bf8d803eb21aafcff0245f8250909b8216fd0d,232667ef1e82c61103fde774e43d05f5b197cfb8c28f14f9d2ffee24c509fbc3,True,True,False
Q3_E3_PCR,196,40196,/data/dxl/results/q3_e3_pcr/formal256/generation/C0/40196/generated_crystals.extxyz,/data/dxl/results/q3_e3_pcr/formal256/refined/Q3_E3_PCR/196/refined_structure.extxyz,0.25991179606624626,False,0,0,0,0.0,2.216414036848739,cf26cadbf4b041ec3ed721c1af6749ad53734fea5210dfb3839f95c9d1e73ff9,cf26cadbf4b041ec3ed721c1af6749ad53734fea5210dfb3839f95c9d1e73ff9,True,True,True
Q3_E3_PCR,197,40197,/data/dxl/results/q3_e3_pcr/formal256/generation/C0/40197/generated_crystals.extxyz,/data/dxl/results/q3_e3_pcr/formal256/refined/Q3_E3_PCR/197/refined_structure.extxyz,0.9965414850995647,True,5,0,0,0.006762111867464247,1.6931278032926507,cb757e5952123d15c3499923f09a92b287a53eecceaba4de182326e6455e3337,f05d3feb755a0fb6218d542a007e1cb1aa5c5a0795fbd88a96a5d7406ba13a2d,True,True,False
Q3_E3_PCR,198,40198,/data/dxl/results/q3_e3_pcr/formal256/generation/C0/40198/generated_crystals.extxyz,/data/dxl/results/q3_e3_pcr/formal256/refined/Q3_E3_PCR/198/refined_structure.extxyz,0.8269780106248525,True,5,0,0,0.017701017173351218,1.8282330225855268,ae16eefa1f97d39f9a828aca4d6440f0b3cc425fe78a75c2e5de2950f0fbdb62,338028524f94094fcb9d53c9a2c976743f4bc28d5603eaaef076961354333c5f,True,True,False
Q3_E3_PCR,199,40199,/data/dxl/results/q3_e3_pcr/formal256/generation/C0/40199/generated_crystals.extxyz,/data/dxl/results/q3_e3_pcr/formal256/refined/Q3_E3_PCR/199/refined_structure.extxyz,0.7457017362561487,True,5,0,0,0.003911789965668058,2.8114249790587564,ed9c4ec9261f2e20e35c30680ef1828e9ce40b01b60eaa9517311464abf6cbc6,bbf8762299e7b62a09e11338d419607b33cff1e0a9e27fd2d5dc817b3bdb1c93,True,True,False
Q3_E3_PCR,200,40200,/data/dxl/results/q3_e3_pcr/formal256/generation/C0/40200/generated_crystals.extxyz,/data/dxl/results/q3_e3_pcr/formal256/refined/Q3_E3_PCR/200/refined_structure.extxyz,0.395123813541137,False,0,0,0,0.0,2.891553226600253,623a4b5fe34f3d5e5e10558fa215249500e50c211f6e98d7ce7cea0d4ef4d6b9,623a4b5fe34f3d5e5e10558fa215249500e50c211f6e98d7ce7cea0d4ef4d6b9,True,True,True
Q3_E3_PCR,201,40201,/data/dxl/results/q3_e3_pcr/formal256/generation/C0/40201/generated_crystals.extxyz,/data/dxl/results/q3_e3_pcr/formal256/refined/Q3_E3_PCR/201/refined_structure.extxyz,0.9469903861580505,True,5,0,0,0.011346422703751127,1.9083511630931669,885b4b50c556c8b105f7f6f44112f8aca587cb5ac747aca4f65a3c0216976fad,3f2858b3dbb709a89708ecdfac5c400c4b11e26897e9e91d0d149a935f17e5a4,True,True,False
Q3_E3_PCR,202,40202,/data/dxl/results/q3_e3_pcr/formal256/generation/C0/40202/generated_crystals.extxyz,/data/dxl/results/q3_e3_pcr/formal256/refined/Q3_E3_PCR/202/refined_structure.extxyz,0.9261135348674685,True,5,0,0,0.00733460924636765,2.4550307433025935,ae88b0bd50d668a5d768260e4537a6a552cbb6beef1f5adbb2b45fdcb5ce8f85,dc4cff7167c5aa740f81381cb7856ad1258ad26b500ae2a023a73aa4cfde79e5,True,True,False
Q3_E3_PCR,203,40203,/data/dxl/results/q3_e3_pcr/formal256/generation/C0/40203/generated_crystals.extxyz,/data/dxl/results/q3_e3_pcr/formal256/refined/Q3_E3_PCR/203/refined_structure.extxyz,0.2961561313763161,False,0,0,0,0.0,1.9172614049492482,d8d05a523e00035be89e86cfa215f2b48d8b7538cfc5d4d95571c79fedc0d972,d8d05a523e00035be89e86cfa215f2b48d8b7538cfc5d4d95571c79fedc0d972,True,True,True
Q3_E3_PCR,204,40204,/data/dxl/results/q3_e3_pcr/formal256/generation/C0/40204/generated_crystals.extxyz,/data/dxl/results/q3_e3_pcr/formal256/refined/Q3_E3_PCR/204/refined_structure.extxyz,0.019367942581713295,False,0,0,0,0.0,2.454810419181159,820974937119ac20c4299c7c832eb856e9a925cff95ea4111bb823f4c553b0f4,820974937119ac20c4299c7c832eb856e9a925cff95ea4111bb823f4c553b0f4,True,True,True
Q3_E3_PCR,205,40205,/data/dxl/results/q3_e3_pcr/formal256/generation/C0/40205/generated_crystals.extxyz,/data/dxl/results/q3_e3_pcr/formal256/refined/Q3_E3_PCR/205/refined_structure.extxyz,0.6476780169029698,True,5,0,0,0.009974394327727409,1.9070271712269762,515b94b63ab4307a6c28cf458705da7ea000940239e4b8f9038017eec287de59,18b21c22ffc2aee661b1bf11c7c62a97c257a9caa97e469f7e058de0fdb41681,True,True,False
Q3_E3_PCR,206,40206,/data/dxl/results/q3_e3_pcr/formal256/generation/C0/40206/generated_crystals.extxyz,/data/dxl/results/q3_e3_pcr/formal256/refined/Q3_E3_PCR/206/refined_structure.extxyz,0.726294657251733,True,5,0,0,0.009222829693722127,2.782005617879772,d24f0025bb626a1602c1b00b8020dc707dba46748ec29118cf082ea4aa09f73d,8226d57b88daab88f017494d57924055a4ca76b0b33d86568edb90425057f703,True,True,False
Q3_E3_PCR,207,40207,/data/dxl/results/q3_e3_pcr/formal256/generation/C0/40207/generated_crystals.extxyz,/data/dxl/results/q3_e3_pcr/formal256/refined/Q3_E3_PCR/207/refined_structure.extxyz,0.9698872845976467,True,5,0,0,0.017726097771368108,1.7562947227079408,bd97d12a37a907d9ae504879c64179ff1c4696331b06287baa57fe744df76313,1f998dbf5192d8789102d9cf44b220e37f79dcacf2fe2e52a587aff61627ac10,True,True,False
Q3_E3_PCR,208,40208,/data/dxl/results/q3_e3_pcr/formal256/generation/C0/40208/generated_crystals.extxyz,/data/dxl/results/q3_e3_pcr/formal256/refined/Q3_E3_PCR/208/refined_structure.extxyz,0.6720194249105862,True,5,0,0,0.028993298461835976,1.8470735805278415,00ec49fa705b9a9c31a1bf9e4be6a977618d27f6c4884dd23ca8e40ae30d26bd,df42f3ebd22febc4e5c59de635db0995695bf1ea5773d6daf28e50b7af723233,True,True,False
Q3_E3_PCR,209,40209,/data/dxl/results/q3_e3_pcr/formal256/generation/C0/40209/generated_crystals.extxyz,/data/dxl/results/q3_e3_pcr/formal256/refined/Q3_E3_PCR/209/refined_structure.extxyz,0.9899984265522285,True,5,0,0,0.009735932854765914,2.870730597026049,ee38f945310161cf2e15beaf37c330ccd8566ecf5e020120d47bb8420d0cd4ae,43c4af81a73b9373575aac69dc9ded40e31e6532aa9f2d2dee874893647a05ce,True,True,False
Q3_E3_PCR,210,40210,/data/dxl/results/q3_e3_pcr/formal256/generation/C0/40210/generated_crystals.extxyz,/data/dxl/results/q3_e3_pcr/formal256/refined/Q3_E3_PCR/210/refined_structure.extxyz,0.48567533061017976,False,0,0,0,0.0,2.076610631889275,55854be4fb9ed3b5e8f0a61c0798dbd13815880e09aae771b5134c7c61dfa03f,55854be4fb9ed3b5e8f0a61c0798dbd13815880e09aae771b5134c7c61dfa03f,True,True,True
Q3_E3_PCR,211,40211,/data/dxl/results/q3_e3_pcr/formal256/generation/C0/40211/generated_crystals.extxyz,/data/dxl/results/q3_e3_pcr/formal256/refined/Q3_E3_PCR/211/refined_structure.extxyz,0.15305304464305322,False,0,0,0,0.0,2.458743485582136,0253d10083077e64c1f6364097617210a6359a38111fa24361a177ebcb03bfe1,0253d10083077e64c1f6364097617210a6359a38111fa24361a177ebcb03bfe1,True,True,True
Q3_E3_PCR,212,40212,/data/dxl/results/q3_e3_pcr/formal256/generation/C0/40212/generated_crystals.extxyz,/data/dxl/results/q3_e3_pcr/formal256/refined/Q3_E3_PCR/212/refined_structure.extxyz,0.34330664178536596,False,0,0,0,0.0,2.5738545143274947,8582d681f489fb961f0645942e13d84e79e7c7cb6a5454b3edc7fe2656b24c72,8582d681f489fb961f0645942e13d84e79e7c7cb6a5454b3edc7fe2656b24c72,True,True,True
Q3_E3_PCR,213,40213,/data/dxl/results/q3_e3_pcr/formal256/generation/C0/40213/generated_crystals.extxyz,/data/dxl/results/q3_e3_pcr/formal256/refined/Q3_E3_PCR/213/refined_structure.extxyz,0.9835639512050511,True,5,0,0,0.005383187265496169,1.7619652414033729,1404b8ce2f6028b681ea0060c1ceeabc329b093526d3a3151006626e84433561,7e886e105b72a6ac85c59998ff0cbb0545c7e86172a4fa91a2374dca427f6d75,True,True,False
Q3_E3_PCR,214,40214,/data/dxl/results/q3_e3_pcr/formal256/generation/C0/40214/generated_crystals.extxyz,/data/dxl/results/q3_e3_pcr/formal256/refined/Q3_E3_PCR/214/refined_structure.extxyz,0.4525741024314242,False,0,0,0,0.0,1.903343830564336,b9b33f210cba8f49979f073cf46cfebe30760b1cbb177be7b718cd01f197aef7,b9b33f210cba8f49979f073cf46cfebe30760b1cbb177be7b718cd01f197aef7,True,True,True
Q3_E3_PCR,215,40215,/data/dxl/results/q3_e3_pcr/formal256/generation/C0/40215/generated_crystals.extxyz,/data/dxl/results/q3_e3_pcr/formal256/refined/Q3_E3_PCR/215/refined_structure.extxyz,0.7154853545324756,True,5,0,0,0.015420300526883732,2.3476935946008206,ccbf37ac488600b729cb918d4c6e9bb0a01fb75773a0b80d76eaaa14bea1da0c,04a9a866828dfd85f6ff267a8493f9f3ed65a7b0d534e09c048586797c3c9f13,True,True,False
Q3_E3_PCR,216,40216,/data/dxl/results/q3_e3_pcr/formal256/generation/C0/40216/generated_crystals.extxyz,/data/dxl/results/q3_e3_pcr/formal256/refined/Q3_E3_PCR/216/refined_structure.extxyz,0.9547469233548218,True,5,0,0,0.010532866334487932,2.2947301013038937,dced94c862c44957fd5233222a4d7827c260a51d9e6719cf52e242d6bf0f7efb,207b5e7fd218ca488ed0a20efc4866f70a2182e725ac372fa57ab951d71a61bc,True,True,False
Q3_E3_PCR,217,40217,/data/dxl/results/q3_e3_pcr/formal256/generation/C0/40217/generated_crystals.extxyz,/data/dxl/results/q3_e3_pcr/formal256/refined/Q3_E3_PCR/217/refined_structure.extxyz,0.7912710215625198,True,5,0,0,0.021257216318248638,2.2372998652888616,185e013153dc5bd9943acf11234131c2ed6450a9d7c1609fa18b5554e190b549,0ccd9b72fd43c3b0e5a6b14019dd9137e21b1310c1c529230e5a40dcc40c64f3,True,True,False
Q3_E3_PCR,218,40218,/data/dxl/results/q3_e3_pcr/formal256/generation/C0/40218/generated_crystals.extxyz,/data/dxl/results/q3_e3_pcr/formal256/refined/Q3_E3_PCR/218/refined_structure.extxyz,0.14542648687048101,False,0,0,0,0.0,2.395108743209169,b6111d69d36b43e8298ce6d9b2c0f74089fb2e5e025239c9ffdfb503314566d3,b6111d69d36b43e8298ce6d9b2c0f74089fb2e5e025239c9ffdfb503314566d3,True,True,True
Q3_E3_PCR,219,40219,/data/dxl/results/q3_e3_pcr/formal256/generation/C0/40219/generated_crystals.extxyz,/data/dxl/results/q3_e3_pcr/formal256/refined/Q3_E3_PCR/219/refined_structure.extxyz,0.31266942619383326,False,0,0,0,0.0,2.9974473596096907,dcac57ea687d2dfbb4c39a5962253305e7e392f819d2e42a16b9d24e32d60b32,dcac57ea687d2dfbb4c39a5962253305e7e392f819d2e42a16b9d24e32d60b32,True,True,True
Q3_E3_PCR,220,40220,/data/dxl/results/q3_e3_pcr/formal256/generation/C0/40220/generated_crystals.extxyz,/data/dxl/results/q3_e3_pcr/formal256/refined/Q3_E3_PCR/220/refined_structure.extxyz,0.9489362462849237,True,5,0,0,0.007243370849391197,2.5916350014125022,a1cebe6321d42d241e46d80a4dfd385623de522fd5356d4bf0496aa5454a4b74,243e713a09d93aaeb5a1a47436bea874f17bbb307436880278bff61a5c5b375f,True,True,False
Q3_E3_PCR,221,40221,/data/dxl/results/q3_e3_pcr/formal256/generation/C0/40221/generated_crystals.extxyz,/data/dxl/results/q3_e3_pcr/formal256/refined/Q3_E3_PCR/221/refined_structure.extxyz,0.9898507688859782,True,5,0,0,0.016183821436944183,1.912315539777909,7865b383c3d884155b445812e0f5f9e32787bb9108d135f3f18f014a747c71b3,61f406419c0655040570af5b5ae94d99c80b0e6c1f12c3102d38f03611f35ca5,True,True,False
Q3_E3_PCR,222,40222,/data/dxl/results/q3_e3_pcr/formal256/generation/C0/40222/generated_crystals.extxyz,/data/dxl/results/q3_e3_pcr/formal256/refined/Q3_E3_PCR/222/refined_structure.extxyz,0.8852909949405975,True,5,0,0,0.0007921652616095051,3.8247813563521764,6a936982734a76ffe82bc684dec820c54253aa8e18e765c1f4fb4697e6858d01,fe6576b1804651e06fc1be4ff0f05bf93677787c1c2033c30b9faac874b63751,True,True,False
Q3_E3_PCR,223,40223,/data/dxl/results/q3_e3_pcr/formal256/generation/C0/40223/generated_crystals.extxyz,/data/dxl/results/q3_e3_pcr/formal256/refined/Q3_E3_PCR/223/refined_structure.extxyz,0.717670327696942,True,5,0,0,0.010197296484800023,2.3481639844522957,26066c75174a03a0d00909639143f27ed52cb52c641bcfd8a8529c87f548c8b1,88f8c1d14146e8b0d6d5cb5790740506db2ea2a1d09a3ef10770004f33d4999b,True,True,False
Q3_E3_PCR,224,40224,/data/dxl/results/q3_e3_pcr/formal256/generation/C0/40224/generated_crystals.extxyz,/data/dxl/results/q3_e3_pcr/formal256/refined/Q3_E3_PCR/224/refined_structure.extxyz,0.9908672894761044,True,5,0,0,0.025023044523889586,1.769117184051594,1db3d5d8c420bda59bb7722d1dae2bddc5d04d92a7fda0b9cce5bb5a02ae6f0e,69a2c74a18ae814e44544b7ce2d6ea5d3e6c937b31e5ce44e6408d01095228c9,True,True,False
Q3_E3_PCR,225,40225,/data/dxl/results/q3_e3_pcr/formal256/generation/C0/40225/generated_crystals.extxyz,/data/dxl/results/q3_e3_pcr/formal256/refined/Q3_E3_PCR/225/refined_structure.extxyz,0.4725838858775794,False,0,0,0,0.0,1.787598773621844,81757c02f38406f2509a5df6d5fc1825a778ad30fb0376564a55ccfb8eac5a55,81757c02f38406f2509a5df6d5fc1825a778ad30fb0376564a55ccfb8eac5a55,True,True,True
Q3_E3_PCR,226,40226,/data/dxl/results/q3_e3_pcr/formal256/generation/C0/40226/generated_crystals.extxyz,/data/dxl/results/q3_e3_pcr/formal256/refined/Q3_E3_PCR/226/refined_structure.extxyz,0.010848410977935275,False,0,0,0,0.0,2.463176866719027,53b3583f732397b5aec58aa67deeee64a8e6ed1c05bf90a2191488d4d3dde7d4,53b3583f732397b5aec58aa67deeee64a8e6ed1c05bf90a2191488d4d3dde7d4,True,True,True
Q3_E3_PCR,227,40227,/data/dxl/results/q3_e3_pcr/formal256/generation/C0/40227/generated_crystals.extxyz,/data/dxl/results/q3_e3_pcr/formal256/refined/Q3_E3_PCR/227/refined_structure.extxyz,0.7476699627917642,True,5,0,0,0.006077940558232053,2.5005465665888202,307ccc8ea301275991686ea324439e2f543e63da1615f5261491a0e4ed050827,064738ac2b7ff2038bc287b3f1448842d6e43fb1926247308135b72e1628fc54,True,True,False
Q3_E3_PCR,228,40228,/data/dxl/results/q3_e3_pcr/formal256/generation/C0/40228/generated_crystals.extxyz,/data/dxl/results/q3_e3_pcr/formal256/refined/Q3_E3_PCR/228/refined_structure.extxyz,0.1259757789704584,False,0,0,0,0.0,2.564646493172028,423144b4ecc965d41d272b3a2b09570b76eb22607f75744d0c7a8345ad045e76,423144b4ecc965d41d272b3a2b09570b76eb22607f75744d0c7a8345ad045e76,True,True,True
Q3_E3_PCR,229,40229,/data/dxl/results/q3_e3_pcr/formal256/generation/C0/40229/generated_crystals.extxyz,/data/dxl/results/q3_e3_pcr/formal256/refined/Q3_E3_PCR/229/refined_structure.extxyz,0.5251018514365431,True,5,0,0,0.01333429982261492,3.0802398055082363,71ade509a6b9d81f1b4cebfe6405e76f4da0d20c7bf33d6a38bf3555b4adb322,4fdd959800d490b365016d8548e07f7ef4e3c0bc81305f2e520ed0f648948751,True,True,False
Q3_E3_PCR,230,40230,/data/dxl/results/q3_e3_pcr/formal256/generation/C0/40230/generated_crystals.extxyz,/data/dxl/results/q3_e3_pcr/formal256/refined/Q3_E3_PCR/230/refined_structure.extxyz,0.9434626156598028,True,5,0,0,0.006709253548562837,2.5316076538886474,30ffbda383bb5a3587f6237b20d150889e40168fc408c8b925d52dbbaeb1ce84,9c817f92e5296a1bc4180da2438cb28e0f585d13aba06e0652b76f14b088fe07,True,True,False
Q3_E3_PCR,231,40231,/data/dxl/results/q3_e3_pcr/formal256/generation/C0/40231/generated_crystals.extxyz,/data/dxl/results/q3_e3_pcr/formal256/refined/Q3_E3_PCR/231/refined_structure.extxyz,0.6213256817228404,True,5,0,0,0.019966733516361915,1.9551643764048787,44937d753a7bc2503757c42c72ffa95f534ac2a51a5323a00c722b9e1554ea3b,f3e3fe686159a753285da3d579adec345f7edfe7faa03baf815d5fc143d29919,True,True,False
Q3_E3_PCR,232,40232,/data/dxl/results/q3_e3_pcr/formal256/generation/C0/40232/generated_crystals.extxyz,/data/dxl/results/q3_e3_pcr/formal256/refined/Q3_E3_PCR/232/refined_structure.extxyz,0.48371907667605063,False,0,0,0,0.0,3.143102760617103,59b6f9d129883f79d3254d7229c064b53e52580b0740d7b9c65db0bb38b8211c,59b6f9d129883f79d3254d7229c064b53e52580b0740d7b9c65db0bb38b8211c,True,True,True
Q3_E3_PCR,233,40233,/data/dxl/results/q3_e3_pcr/formal256/generation/C0/40233/generated_crystals.extxyz,/data/dxl/results/q3_e3_pcr/formal256/refined/Q3_E3_PCR/233/refined_structure.extxyz,0.32996853348527705,False,0,0,0,0.0,1.9489125632249782,c0c21f39d133d9744f1e92d29ea4d9f09ea3d3924c57a6c1b0ff43af863ebd2d,c0c21f39d133d9744f1e92d29ea4d9f09ea3d3924c57a6c1b0ff43af863ebd2d,True,True,True
Q3_E3_PCR,234,40234,/data/dxl/results/q3_e3_pcr/formal256/generation/C0/40234/generated_crystals.extxyz,/data/dxl/results/q3_e3_pcr/formal256/refined/Q3_E3_PCR/234/refined_structure.extxyz,0.6644150368552947,True,5,0,0,0.012535801964613364,1.8695520572427553,45c1032f794b1ff12c4ebe4235e0069527fe4fed680a14ac1e2f20f4cb1e1266,11f44f88250b9156d3364128fba586957d6a370e7558ac40f7ac2db6c427c19a,True,True,False
Q3_E3_PCR,235,40235,/data/dxl/results/q3_e3_pcr/formal256/generation/C0/40235/generated_crystals.extxyz,/data/dxl/results/q3_e3_pcr/formal256/refined/Q3_E3_PCR/235/refined_structure.extxyz,0.6357216651860693,True,5,0,0,0.010254709206217525,2.805969523391945,91b36e550a2b63cec5421025334e33c29be2aeb990ffc5f5643f89e833418a6c,549e27634ea9843aacd9caf032b260b3882ea686be21e930a38422faf860ddbd,True,True,False
Q3_E3_PCR,236,40236,/data/dxl/results/q3_e3_pcr/formal256/generation/C0/40236/generated_crystals.extxyz,/data/dxl/results/q3_e3_pcr/formal256/refined/Q3_E3_PCR/236/refined_structure.extxyz,0.9797341579008352,True,5,0,0,0.006618750070980652,2.872078763807702,53202108d8486aca7979afb61e342fa646203a8fccfb2d89447049ccb0bf7836,03e19dfbef146130142aa908248e010636b97ad1fb3e1570c2a7500473bf1a1a,True,True,False
Q3_E3_PCR,237,40237,/data/dxl/results/q3_e3_pcr/formal256/generation/C0/40237/generated_crystals.extxyz,/data/dxl/results/q3_e3_pcr/formal256/refined/Q3_E3_PCR/237/refined_structure.extxyz,0.14475852489552415,False,0,0,0,0.0,2.462782618143907,3e6b2876cffec9696852a2574dc871bdd1aecac0a34187935763c0910e9a6b01,3e6b2876cffec9696852a2574dc871bdd1aecac0a34187935763c0910e9a6b01,True,True,True
Q3_E3_PCR,238,40238,/data/dxl/results/q3_e3_pcr/formal256/generation/C0/40238/generated_crystals.extxyz,/data/dxl/results/q3_e3_pcr/formal256/refined/Q3_E3_PCR/238/refined_structure.extxyz,0.5788971956555734,True,5,0,0,0.007210528533235061,1.8995494876879861,a12d86d6ed06b72b33c97aa7192b2ab02a10d17634d1083f1ac9d38fe03a6d40,b1d349c5253f6085e58e0f2ba8c7cda038f888c7b0d0073678a10f6839324c63,True,True,False
Q3_E3_PCR,239,40239,/data/dxl/results/q3_e3_pcr/formal256/generation/C0/40239/generated_crystals.extxyz,/data/dxl/results/q3_e3_pcr/formal256/refined/Q3_E3_PCR/239/refined_structure.extxyz,0.9494111007263522,True,5,0,0,0.0002784122646360546,2.5465567693424442,2fe58a73e04d987db47163c8aa2eddee40097109f197fbe07fb86286cb1f29d6,7403d90890db3011c4eaff06bca1e82a807e840c4c7b7f524d79dc2da82e2308,True,True,False
Q3_E3_PCR,240,40240,/data/dxl/results/q3_e3_pcr/formal256/generation/C0/40240/generated_crystals.extxyz,/data/dxl/results/q3_e3_pcr/formal256/refined/Q3_E3_PCR/240/refined_structure.extxyz,0.8991303243890163,True,5,0,0,0.0172193116938258,2.472749094997053,5b3e530585bf5a21a55cf7fe368a9994312d630988067fef56f684c7c7de198d,ee469f9bf4fa8bed36ca0b5ad943f15567f8f1f0af52acea0895e22a2969251c,True,True,False
Q3_E3_PCR,241,40241,/data/dxl/results/q3_e3_pcr/formal256/generation/C0/40241/generated_crystals.extxyz,/data/dxl/results/q3_e3_pcr/formal256/refined/Q3_E3_PCR/241/refined_structure.extxyz,0.7338964201574887,True,5,0,0,0.004127249256563304,2.0798227434342005,d8642d2b773fb160246287610943144fe8618d40461b3344517ab3f83aae2f1d,066bd37848d794775dd89fc02dc9335677593dd435702bcf738bcc56b7403677,True,True,False
Q3_E3_PCR,242,40242,/data/dxl/results/q3_e3_pcr/formal256/generation/C0/40242/generated_crystals.extxyz,/data/dxl/results/q3_e3_pcr/formal256/refined/Q3_E3_PCR/242/refined_structure.extxyz,0.9327555227178339,True,5,0,0,0.011622823687456407,1.869779234277919,0638e7b267f2743d65747191c6d5ea846e82b6d3f01bcee8b26549098640ca10,321eacd78e40c449a879e3d3411f8b1438563897f923211dd7ed70769ed9e10b,True,True,False
Q3_E3_PCR,243,40243,/data/dxl/results/q3_e3_pcr/formal256/generation/C0/40243/generated_crystals.extxyz,/data/dxl/results/q3_e3_pcr/formal256/refined/Q3_E3_PCR/243/refined_structure.extxyz,0.8568354154761293,True,5,0,0,0.018459036683224735,2.350128596150814,5fbaeb33fdf42ae7be75fda1dbdf283f52ee3a7347fd767e6886f11a95615526,438d9e36911121872626cffefb3a1750455b8cefcf7c482da739715189fc5eea,True,True,False
Q3_E3_PCR,244,40244,/data/dxl/results/q3_e3_pcr/formal256/generation/C0/40244/generated_crystals.extxyz,/data/dxl/results/q3_e3_pcr/formal256/refined/Q3_E3_PCR/244/refined_structure.extxyz,0.4214912807737663,False,0,0,0,0.0,2.3670524343130124,1b85a8c39c563b9267653b39f6b2a30c85aaca921a7674028b2ebfcac00e7384,1b85a8c39c563b9267653b39f6b2a30c85aaca921a7674028b2ebfcac00e7384,True,True,True
Q3_E3_PCR,245,40245,/data/dxl/results/q3_e3_pcr/formal256/generation/C0/40245/generated_crystals.extxyz,/data/dxl/results/q3_e3_pcr/formal256/refined/Q3_E3_PCR/245/refined_structure.extxyz,0.6898016524469641,True,5,0,0,0.010203092221777932,2.4723013063487147,8cd1a483a75ffa51379bab384d0d75817a4c352cbb01728e926f2668ee0cc503,57df7ffcf381d8f9bbf552b0b7cb377f383703faa4cf0602398d3171d438a712,True,True,False
Q3_E3_PCR,246,40246,/data/dxl/results/q3_e3_pcr/formal256/generation/C0/40246/generated_crystals.extxyz,/data/dxl/results/q3_e3_pcr/formal256/refined/Q3_E3_PCR/246/refined_structure.extxyz,0.7789284456326504,True,5,0,0,0.002793383721385121,3.2337775543329887,ffc6e732267e0a36d2711bcbc465b93fc5eaa9d64233ccf8c9d92274450faf94,83bb2d14b7b3529a2d39fe0fe3509c82b640df515f6c4b289db2e17b93939222,True,True,False
Q3_E3_PCR,247,40247,/data/dxl/results/q3_e3_pcr/formal256/generation/C0/40247/generated_crystals.extxyz,/data/dxl/results/q3_e3_pcr/formal256/refined/Q3_E3_PCR/247/refined_structure.extxyz,0.23795370125685336,False,0,0,0,0.0,2.4188539101900033,e8c6e246c0a90bd170503f90686e6172d4feb0858554883e633928936904cec2,e8c6e246c0a90bd170503f90686e6172d4feb0858554883e633928936904cec2,True,True,True
Q3_E3_PCR,248,40248,/data/dxl/results/q3_e3_pcr/formal256/generation/C0/40248/generated_crystals.extxyz,/data/dxl/results/q3_e3_pcr/formal256/refined/Q3_E3_PCR/248/refined_structure.extxyz,0.8991212722130671,True,5,0,0,0.007347809021912943,2.5615170306034525,02206bd7a0db956b11705b3a27d16f9167c3d18d10c8173af1f2368f0c63c2df,a33b7f16cf0e6f8a6b91a8de0cda367660da5649734e79a7c3c3b9ca3a7b1dde,True,True,False
Q3_E3_PCR,249,40249,/data/dxl/results/q3_e3_pcr/formal256/generation/C0/40249/generated_crystals.extxyz,/data/dxl/results/q3_e3_pcr/formal256/refined/Q3_E3_PCR/249/refined_structure.extxyz,0.33847044136393717,False,0,0,0,0.0,2.478002378504663,08b36120985f11dce6558ec6f981c96110c431242d162c41f5e60ad6562e283b,08b36120985f11dce6558ec6f981c96110c431242d162c41f5e60ad6562e283b,True,True,True
Q3_E3_PCR,250,40250,/data/dxl/results/q3_e3_pcr/formal256/generation/C0/40250/generated_crystals.extxyz,/data/dxl/results/q3_e3_pcr/formal256/refined/Q3_E3_PCR/250/refined_structure.extxyz,0.7303154670755452,True,5,0,0,0.0008184367169183347,2.5251383739742956,05a1619ba70ab7985b5bc717ad1b1536833bb6eb423c77358ab3299ca964a13e,c3eccf6c3211c290c767ed07d349ffb10aa8a0160794768d9092e95bd1c395e4,True,True,False
Q3_E3_PCR,251,40251,/data/dxl/results/q3_e3_pcr/formal256/generation/C0/40251/generated_crystals.extxyz,/data/dxl/results/q3_e3_pcr/formal256/refined/Q3_E3_PCR/251/refined_structure.extxyz,0.33284244564399273,False,0,0,0,0.0,1.9969844400614005,01fb5443c11df3073e5a7ee9ac8d82102026733f1e299ddd1c619f87ecab3c23,01fb5443c11df3073e5a7ee9ac8d82102026733f1e299ddd1c619f87ecab3c23,True,True,True
Q3_E3_PCR,252,40252,/data/dxl/results/q3_e3_pcr/formal256/generation/C0/40252/generated_crystals.extxyz,/data/dxl/results/q3_e3_pcr/formal256/refined/Q3_E3_PCR/252/refined_structure.extxyz,0.6570353242392459,True,5,0,0,0.015604306296775216,2.032489954334647,dc5de35e131fbaea6671454820e455fd5e31f1719c75cac58e3dcaab8d20a764,44056968b2b89f88647e22dba995d76090d48e9bae5366c656784b8a1724b404,True,True,False
Q3_E3_PCR,253,40253,/data/dxl/results/q3_e3_pcr/formal256/generation/C0/40253/generated_crystals.extxyz,/data/dxl/results/q3_e3_pcr/formal256/refined/Q3_E3_PCR/253/refined_structure.extxyz,0.7480167798093937,True,5,0,0,0.004958445342414056,2.486766699486003,68363c8f07df24fac7ff917a319393a858a42d3eacfebc5d39a6bdebce4e9fd3,0f2d7c637b9a2e656c2790eadc3c3762de1ed1ffcd0b5774c97bfa8b215ec9c6,True,True,False
Q3_E3_PCR,254,40254,/data/dxl/results/q3_e3_pcr/formal256/generation/C0/40254/generated_crystals.extxyz,/data/dxl/results/q3_e3_pcr/formal256/refined/Q3_E3_PCR/254/refined_structure.extxyz,0.39077430791175866,False,0,0,0,0.0,1.87095168544319,330ba6a79e64f0f5b4b615a385d2a93a7cfc98045fbe3df2a2892f662095886c,330ba6a79e64f0f5b4b615a385d2a93a7cfc98045fbe3df2a2892f662095886c,True,True,True
Q3_E3_PCR,255,40255,/data/dxl/results/q3_e3_pcr/formal256/generation/C0/40255/generated_crystals.extxyz,/data/dxl/results/q3_e3_pcr/formal256/refined/Q3_E3_PCR/255/refined_structure.extxyz,0.08465362659917698,False,0,0,0,0.0,3.4261493254811763,23711150fbb967364a1095e55801a034fd5cee9e9f66522d64e17496d2d01e00,23711150fbb967364a1095e55801a034fd5cee9e9f66522d64e17496d2d01e00,True,True,True
