method,seed,success,formula,num_atoms,elapsed_seconds,sampling_steps,corrector_steps_per_time,guidance_scale,target_dft_mag_density,base_checkpoint_sha256,finetuned_checkpoint_sha256,dft_verified
C0,83000,True,Eu2AuI,4,114.13337592221797,1000,1,2.0,0.1,01dd3e86805165412e0810e2a77a4756f8e1020f3ff2707c74af0a3f88a1bb8e,,False
FT0,83000,True,MnAs,4,123.51422801800072,1000,1,2.0,0.1,01dd3e86805165412e0810e2a77a4756f8e1020f3ff2707c74af0a3f88a1bb8e,1cd254568463ae4d7774193fa0a0e97925cdad3b6c505c1e5f5dd4e7968f6960,False
TCL,83000,True,Eu2IrI,4,114.97746215388179,1000,1,2.0,0.1,01dd3e86805165412e0810e2a77a4756f8e1020f3ff2707c74af0a3f88a1bb8e,8dd9879f11edea7f25f587ae72f928a6f3ab2e5c81fc9400c13642364ad90443,False
C0,83001,True,FeRh,2,114.39197361003608,1000,1,2.0,0.1,01dd3e86805165412e0810e2a77a4756f8e1020f3ff2707c74af0a3f88a1bb8e,,False
FT0,83001,True,EuLu,2,118.8090649950318,1000,1,2.0,0.1,01dd3e86805165412e0810e2a77a4756f8e1020f3ff2707c74af0a3f88a1bb8e,1cd254568463ae4d7774193fa0a0e97925cdad3b6c505c1e5f5dd4e7968f6960,False
TCL,83001,True,Eu,2,115.41440350702032,1000,1,2.0,0.1,01dd3e86805165412e0810e2a77a4756f8e1020f3ff2707c74af0a3f88a1bb8e,8dd9879f11edea7f25f587ae72f928a6f3ab2e5c81fc9400c13642364ad90443,False
C0,83002,True,MnFeO2,8,112.31500371498987,1000,1,2.0,0.1,01dd3e86805165412e0810e2a77a4756f8e1020f3ff2707c74af0a3f88a1bb8e,,False
FT0,83002,True,Mn3C,8,112.17639662302099,1000,1,2.0,0.1,01dd3e86805165412e0810e2a77a4756f8e1020f3ff2707c74af0a3f88a1bb8e,1cd254568463ae4d7774193fa0a0e97925cdad3b6c505c1e5f5dd4e7968f6960,False
TCL,83002,True,Eu3Pt,8,115.06540746288374,1000,1,2.0,0.1,01dd3e86805165412e0810e2a77a4756f8e1020f3ff2707c74af0a3f88a1bb8e,8dd9879f11edea7f25f587ae72f928a6f3ab2e5c81fc9400c13642364ad90443,False
C0,83003,True,Fe3Ni5B4,12,117.6502605190035,1000,1,2.0,0.1,01dd3e86805165412e0810e2a77a4756f8e1020f3ff2707c74af0a3f88a1bb8e,,False
FT0,83003,True,Mn3C,12,113.9155555870384,1000,1,2.0,0.1,01dd3e86805165412e0810e2a77a4756f8e1020f3ff2707c74af0a3f88a1bb8e,1cd254568463ae4d7774193fa0a0e97925cdad3b6c505c1e5f5dd4e7968f6960,False
TCL,83003,True,Ti3Mn8Sn,12,112.86000022897497,1000,1,2.0,0.1,01dd3e86805165412e0810e2a77a4756f8e1020f3ff2707c74af0a3f88a1bb8e,8dd9879f11edea7f25f587ae72f928a6f3ab2e5c81fc9400c13642364ad90443,False
C0,83004,True,Eu5Mg3Sn4,12,115.46366917993873,1000,1,2.0,0.1,01dd3e86805165412e0810e2a77a4756f8e1020f3ff2707c74af0a3f88a1bb8e,,False
FT0,83004,True,Mn2C,12,117.38060294906609,1000,1,2.0,0.1,01dd3e86805165412e0810e2a77a4756f8e1020f3ff2707c74af0a3f88a1bb8e,1cd254568463ae4d7774193fa0a0e97925cdad3b6c505c1e5f5dd4e7968f6960,False
TCL,83004,True,Eu6SnPt5,12,116.15597876883112,1000,1,2.0,0.1,01dd3e86805165412e0810e2a77a4756f8e1020f3ff2707c74af0a3f88a1bb8e,8dd9879f11edea7f25f587ae72f928a6f3ab2e5c81fc9400c13642364ad90443,False
C0,83005,True,Eu3P2,15,120.85223857406527,1000,1,2.0,0.1,01dd3e86805165412e0810e2a77a4756f8e1020f3ff2707c74af0a3f88a1bb8e,,False
FT0,83005,True,Mn,15,116.0025523158256,1000,1,2.0,0.1,01dd3e86805165412e0810e2a77a4756f8e1020f3ff2707c74af0a3f88a1bb8e,1cd254568463ae4d7774193fa0a0e97925cdad3b6c505c1e5f5dd4e7968f6960,False
TCL,83005,True,Mn4Mo,15,112.97653621505015,1000,1,2.0,0.1,01dd3e86805165412e0810e2a77a4756f8e1020f3ff2707c74af0a3f88a1bb8e,8dd9879f11edea7f25f587ae72f928a6f3ab2e5c81fc9400c13642364ad90443,False
C0,83006,True,EuMnO3,10,117.45049092103727,1000,1,2.0,0.1,01dd3e86805165412e0810e2a77a4756f8e1020f3ff2707c74af0a3f88a1bb8e,,False
FT0,83006,True,Mn7As3,10,112.8869316498749,1000,1,2.0,0.1,01dd3e86805165412e0810e2a77a4756f8e1020f3ff2707c74af0a3f88a1bb8e,1cd254568463ae4d7774193fa0a0e97925cdad3b6c505c1e5f5dd4e7968f6960,False
TCL,83006,True,Gd2Si3H2Pt3,10,114.97851621103473,1000,1,2.0,0.1,01dd3e86805165412e0810e2a77a4756f8e1020f3ff2707c74af0a3f88a1bb8e,8dd9879f11edea7f25f587ae72f928a6f3ab2e5c81fc9400c13642364ad90443,False
C0,83007,True,Eu5Si2,7,114.70985253201798,1000,1,2.0,0.1,01dd3e86805165412e0810e2a77a4756f8e1020f3ff2707c74af0a3f88a1bb8e,,False
FT0,83007,True,Eu2Fe2As3,7,114.81524064508267,1000,1,2.0,0.1,01dd3e86805165412e0810e2a77a4756f8e1020f3ff2707c74af0a3f88a1bb8e,1cd254568463ae4d7774193fa0a0e97925cdad3b6c505c1e5f5dd4e7968f6960,False
TCL,83007,True,Eu5Pt2,7,111.44992161286063,1000,1,2.0,0.1,01dd3e86805165412e0810e2a77a4756f8e1020f3ff2707c74af0a3f88a1bb8e,8dd9879f11edea7f25f587ae72f928a6f3ab2e5c81fc9400c13642364ad90443,False
C0,83008,True,Cd(Fe2O3)2,11,122.07652233005501,1000,1,2.0,0.1,01dd3e86805165412e0810e2a77a4756f8e1020f3ff2707c74af0a3f88a1bb8e,,False
FT0,83008,True,Mg2Mn5B4,11,112.8606839440763,1000,1,2.0,0.1,01dd3e86805165412e0810e2a77a4756f8e1020f3ff2707c74af0a3f88a1bb8e,1cd254568463ae4d7774193fa0a0e97925cdad3b6c505c1e5f5dd4e7968f6960,False
TCL,83008,True,Gd4Fe4O3,11,122.96006595599465,1000,1,2.0,0.1,01dd3e86805165412e0810e2a77a4756f8e1020f3ff2707c74af0a3f88a1bb8e,8dd9879f11edea7f25f587ae72f928a6f3ab2e5c81fc9400c13642364ad90443,False
C0,83009,True,Eu(AlGe)2,5,114.98677702900022,1000,1,2.0,0.1,01dd3e86805165412e0810e2a77a4756f8e1020f3ff2707c74af0a3f88a1bb8e,,False
FT0,83009,True,Eu(AlPt)2,5,115.39546381379478,1000,1,2.0,0.1,01dd3e86805165412e0810e2a77a4756f8e1020f3ff2707c74af0a3f88a1bb8e,1cd254568463ae4d7774193fa0a0e97925cdad3b6c505c1e5f5dd4e7968f6960,False
TCL,83009,True,Gd2Al2Pt,5,122.12543776701204,1000,1,2.0,0.1,01dd3e86805165412e0810e2a77a4756f8e1020f3ff2707c74af0a3f88a1bb8e,8dd9879f11edea7f25f587ae72f928a6f3ab2e5c81fc9400c13642364ad90443,False
C0,83010,True,Fe3Co,8,122.8748231891077,1000,1,2.0,0.1,01dd3e86805165412e0810e2a77a4756f8e1020f3ff2707c74af0a3f88a1bb8e,,False
FT0,83010,True,MgMn3C4,8,115.44941148301587,1000,1,2.0,0.1,01dd3e86805165412e0810e2a77a4756f8e1020f3ff2707c74af0a3f88a1bb8e,1cd254568463ae4d7774193fa0a0e97925cdad3b6c505c1e5f5dd4e7968f6960,False
TCL,83010,True,Fe5Pt3,8,112.73764209914953,1000,1,2.0,0.1,01dd3e86805165412e0810e2a77a4756f8e1020f3ff2707c74af0a3f88a1bb8e,8dd9879f11edea7f25f587ae72f928a6f3ab2e5c81fc9400c13642364ad90443,False
C0,83011,True,Eu2Mg,12,112.31347123393789,1000,1,2.0,0.1,01dd3e86805165412e0810e2a77a4756f8e1020f3ff2707c74af0a3f88a1bb8e,,False
FT0,83011,True,Mn2C,12,113.93129301303998,1000,1,2.0,0.1,01dd3e86805165412e0810e2a77a4756f8e1020f3ff2707c74af0a3f88a1bb8e,1cd254568463ae4d7774193fa0a0e97925cdad3b6c505c1e5f5dd4e7968f6960,False
TCL,83011,True,Eu5Mg3Pt4,12,123.014505547937,1000,1,2.0,0.1,01dd3e86805165412e0810e2a77a4756f8e1020f3ff2707c74af0a3f88a1bb8e,8dd9879f11edea7f25f587ae72f928a6f3ab2e5c81fc9400c13642364ad90443,False
C0,83012,True,SrEu3P,5,114.92704040301032,1000,1,2.0,0.1,01dd3e86805165412e0810e2a77a4756f8e1020f3ff2707c74af0a3f88a1bb8e,,False
FT0,83012,True,LiEu2PO,5,115.34649552986957,1000,1,2.0,0.1,01dd3e86805165412e0810e2a77a4756f8e1020f3ff2707c74af0a3f88a1bb8e,1cd254568463ae4d7774193fa0a0e97925cdad3b6c505c1e5f5dd4e7968f6960,False
TCL,83012,True,Sr(LiEu)2,5,114.73286559409462,1000,1,2.0,0.1,01dd3e86805165412e0810e2a77a4756f8e1020f3ff2707c74af0a3f88a1bb8e,8dd9879f11edea7f25f587ae72f928a6f3ab2e5c81fc9400c13642364ad90443,False
C0,83013,True,EuPd2,6,114.84452148387209,1000,1,2.0,0.1,01dd3e86805165412e0810e2a77a4756f8e1020f3ff2707c74af0a3f88a1bb8e,,False
FT0,83013,True,Mn2P,6,115.79829023312777,1000,1,2.0,0.1,01dd3e86805165412e0810e2a77a4756f8e1020f3ff2707c74af0a3f88a1bb8e,1cd254568463ae4d7774193fa0a0e97925cdad3b6c505c1e5f5dd4e7968f6960,False
TCL,83013,True,BaEu4Cd,6,115.04616223601624,1000,1,2.0,0.1,01dd3e86805165412e0810e2a77a4756f8e1020f3ff2707c74af0a3f88a1bb8e,8dd9879f11edea7f25f587ae72f928a6f3ab2e5c81fc9400c13642364ad90443,False
C0,83014,True,Eu2MnO6,9,120.59208266902715,1000,1,2.0,0.1,01dd3e86805165412e0810e2a77a4756f8e1020f3ff2707c74af0a3f88a1bb8e,,False
FT0,83014,True,Mn7H2,9,113.47411571908742,1000,1,2.0,0.1,01dd3e86805165412e0810e2a77a4756f8e1020f3ff2707c74af0a3f88a1bb8e,1cd254568463ae4d7774193fa0a0e97925cdad3b6c505c1e5f5dd4e7968f6960,False
TCL,83014,True,Eu5(SnO)2,9,118.54306923388503,1000,1,2.0,0.1,01dd3e86805165412e0810e2a77a4756f8e1020f3ff2707c74af0a3f88a1bb8e,8dd9879f11edea7f25f587ae72f928a6f3ab2e5c81fc9400c13642364ad90443,False
C0,83015,True,LiCrFeO4,14,114.7844611229375,1000,1,2.0,0.1,01dd3e86805165412e0810e2a77a4756f8e1020f3ff2707c74af0a3f88a1bb8e,,False
FT0,83015,True,Mn9C5,14,116.7728519111406,1000,1,2.0,0.1,01dd3e86805165412e0810e2a77a4756f8e1020f3ff2707c74af0a3f88a1bb8e,1cd254568463ae4d7774193fa0a0e97925cdad3b6c505c1e5f5dd4e7968f6960,False
TCL,83015,True,Mn9C5,14,121.29221819504164,1000,1,2.0,0.1,01dd3e86805165412e0810e2a77a4756f8e1020f3ff2707c74af0a3f88a1bb8e,8dd9879f11edea7f25f587ae72f928a6f3ab2e5c81fc9400c13642364ad90443,False
C0,83016,True,MnNi6BPd,9,117.91956417192705,1000,1,2.0,0.1,01dd3e86805165412e0810e2a77a4756f8e1020f3ff2707c74af0a3f88a1bb8e,,False
FT0,83016,True,Mn8Al,9,115.8045005898457,1000,1,2.0,0.1,01dd3e86805165412e0810e2a77a4756f8e1020f3ff2707c74af0a3f88a1bb8e,1cd254568463ae4d7774193fa0a0e97925cdad3b6c505c1e5f5dd4e7968f6960,False
TCL,83016,True,Eu3NiSn3Pd2,9,117.23060385207646,1000,1,2.0,0.1,01dd3e86805165412e0810e2a77a4756f8e1020f3ff2707c74af0a3f88a1bb8e,8dd9879f11edea7f25f587ae72f928a6f3ab2e5c81fc9400c13642364ad90443,False
C0,83017,True,SrEu2O3,12,112.35873918584548,1000,1,2.0,0.1,01dd3e86805165412e0810e2a77a4756f8e1020f3ff2707c74af0a3f88a1bb8e,,False
FT0,83017,True,MnC,12,113.36856439104304,1000,1,2.0,0.1,01dd3e86805165412e0810e2a77a4756f8e1020f3ff2707c74af0a3f88a1bb8e,1cd254568463ae4d7774193fa0a0e97925cdad3b6c505c1e5f5dd4e7968f6960,False
TCL,83017,True,Eu2Ge,12,122.00348043302074,1000,1,2.0,0.1,01dd3e86805165412e0810e2a77a4756f8e1020f3ff2707c74af0a3f88a1bb8e,8dd9879f11edea7f25f587ae72f928a6f3ab2e5c81fc9400c13642364ad90443,False
C0,83018,True,Eu2CO3F2,8,121.4517222570721,1000,1,2.0,0.1,01dd3e86805165412e0810e2a77a4756f8e1020f3ff2707c74af0a3f88a1bb8e,,False
FT0,83018,True,Mn3C,8,111.84551208699122,1000,1,2.0,0.1,01dd3e86805165412e0810e2a77a4756f8e1020f3ff2707c74af0a3f88a1bb8e,1cd254568463ae4d7774193fa0a0e97925cdad3b6c505c1e5f5dd4e7968f6960,False
TCL,83018,True,Eu2InPd,8,112.50992306298576,1000,1,2.0,0.1,01dd3e86805165412e0810e2a77a4756f8e1020f3ff2707c74af0a3f88a1bb8e,8dd9879f11edea7f25f587ae72f928a6f3ab2e5c81fc9400c13642364ad90443,False
C0,83019,True,EuMg,4,113.53802418103442,1000,1,2.0,0.1,01dd3e86805165412e0810e2a77a4756f8e1020f3ff2707c74af0a3f88a1bb8e,,False
FT0,83019,True,MnPt,4,122.39436680800281,1000,1,2.0,0.1,01dd3e86805165412e0810e2a77a4756f8e1020f3ff2707c74af0a3f88a1bb8e,1cd254568463ae4d7774193fa0a0e97925cdad3b6c505c1e5f5dd4e7968f6960,False
TCL,83019,True,Eu3Mg,4,114.5123671379406,1000,1,2.0,0.1,01dd3e86805165412e0810e2a77a4756f8e1020f3ff2707c74af0a3f88a1bb8e,8dd9879f11edea7f25f587ae72f928a6f3ab2e5c81fc9400c13642364ad90443,False
C0,83020,True,Mn3Fe2,5,112.79046031995676,1000,1,2.0,0.1,01dd3e86805165412e0810e2a77a4756f8e1020f3ff2707c74af0a3f88a1bb8e,,False
FT0,83020,True,EuFeCoGe2,5,115.41997487191111,1000,1,2.0,0.1,01dd3e86805165412e0810e2a77a4756f8e1020f3ff2707c74af0a3f88a1bb8e,1cd254568463ae4d7774193fa0a0e97925cdad3b6c505c1e5f5dd4e7968f6960,False
TCL,83020,True,Fe3GeN,5,114.00840766495094,1000,1,2.0,0.1,01dd3e86805165412e0810e2a77a4756f8e1020f3ff2707c74af0a3f88a1bb8e,8dd9879f11edea7f25f587ae72f928a6f3ab2e5c81fc9400c13642364ad90443,False
C0,83021,True,Fe3Co3Si2,16,115.75158911407925,1000,1,2.0,0.1,01dd3e86805165412e0810e2a77a4756f8e1020f3ff2707c74af0a3f88a1bb8e,,False
FT0,83021,True,Mn10(CN)3,16,117.31493561412208,1000,1,2.0,0.1,01dd3e86805165412e0810e2a77a4756f8e1020f3ff2707c74af0a3f88a1bb8e,1cd254568463ae4d7774193fa0a0e97925cdad3b6c505c1e5f5dd4e7968f6960,False
TCL,83021,True,Mg11Mn3Cu2,16,122.59037134493701,1000,1,2.0,0.1,01dd3e86805165412e0810e2a77a4756f8e1020f3ff2707c74af0a3f88a1bb8e,8dd9879f11edea7f25f587ae72f928a6f3ab2e5c81fc9400c13642364ad90443,False
C0,83022,True,Eu2Al,3,115.2839760100469,1000,1,2.0,0.1,01dd3e86805165412e0810e2a77a4756f8e1020f3ff2707c74af0a3f88a1bb8e,,False
FT0,83022,True,EuPPd,3,113.67345039406791,1000,1,2.0,0.1,01dd3e86805165412e0810e2a77a4756f8e1020f3ff2707c74af0a3f88a1bb8e,1cd254568463ae4d7774193fa0a0e97925cdad3b6c505c1e5f5dd4e7968f6960,False
TCL,83022,True,Eu2Al,3,114.22614578111097,1000,1,2.0,0.1,01dd3e86805165412e0810e2a77a4756f8e1020f3ff2707c74af0a3f88a1bb8e,8dd9879f11edea7f25f587ae72f928a6f3ab2e5c81fc9400c13642364ad90443,False
C0,83023,True,Mn3Pd5Pt4,12,115.85770491301082,1000,1,2.0,0.1,01dd3e86805165412e0810e2a77a4756f8e1020f3ff2707c74af0a3f88a1bb8e,,False
FT0,83023,True,Mn2C,12,113.74976856587455,1000,1,2.0,0.1,01dd3e86805165412e0810e2a77a4756f8e1020f3ff2707c74af0a3f88a1bb8e,1cd254568463ae4d7774193fa0a0e97925cdad3b6c505c1e5f5dd4e7968f6960,False
TCL,83023,True,Mn9Al2C,12,115.44312187796459,1000,1,2.0,0.1,01dd3e86805165412e0810e2a77a4756f8e1020f3ff2707c74af0a3f88a1bb8e,8dd9879f11edea7f25f587ae72f928a6f3ab2e5c81fc9400c13642364ad90443,False
C0,83024,True,Fe2Co4BH,8,115.26082161301747,1000,1,2.0,0.1,01dd3e86805165412e0810e2a77a4756f8e1020f3ff2707c74af0a3f88a1bb8e,,False
FT0,83024,True,Mn5C3,8,112.09665190102533,1000,1,2.0,0.1,01dd3e86805165412e0810e2a77a4756f8e1020f3ff2707c74af0a3f88a1bb8e,1cd254568463ae4d7774193fa0a0e97925cdad3b6c505c1e5f5dd4e7968f6960,False
TCL,83024,True,Eu3Sn,8,113.12341045611538,1000,1,2.0,0.1,01dd3e86805165412e0810e2a77a4756f8e1020f3ff2707c74af0a3f88a1bb8e,8dd9879f11edea7f25f587ae72f928a6f3ab2e5c81fc9400c13642364ad90443,False
C0,83025,True,Mn2Ni,6,115.3134959419258,1000,1,2.0,0.1,01dd3e86805165412e0810e2a77a4756f8e1020f3ff2707c74af0a3f88a1bb8e,,False
FT0,83025,True,Mn2C,6,111.90287793893367,1000,1,2.0,0.1,01dd3e86805165412e0810e2a77a4756f8e1020f3ff2707c74af0a3f88a1bb8e,1cd254568463ae4d7774193fa0a0e97925cdad3b6c505c1e5f5dd4e7968f6960,False
TCL,83025,True,Mn2C,6,120.24505479703657,1000,1,2.0,0.1,01dd3e86805165412e0810e2a77a4756f8e1020f3ff2707c74af0a3f88a1bb8e,8dd9879f11edea7f25f587ae72f928a6f3ab2e5c81fc9400c13642364ad90443,False
C0,83026,True,CaFe5,6,115.05698391515762,1000,1,2.0,0.1,01dd3e86805165412e0810e2a77a4756f8e1020f3ff2707c74af0a3f88a1bb8e,,False
FT0,83026,True,MnC,6,114.71370333991945,1000,1,2.0,0.1,01dd3e86805165412e0810e2a77a4756f8e1020f3ff2707c74af0a3f88a1bb8e,1cd254568463ae4d7774193fa0a0e97925cdad3b6c505c1e5f5dd4e7968f6960,False
TCL,83026,True,Fe5Ge,6,113.27686174516566,1000,1,2.0,0.1,01dd3e86805165412e0810e2a77a4756f8e1020f3ff2707c74af0a3f88a1bb8e,8dd9879f11edea7f25f587ae72f928a6f3ab2e5c81fc9400c13642364ad90443,False
C0,83027,True,Fe3Ni,4,115.43178821587935,1000,1,2.0,0.1,01dd3e86805165412e0810e2a77a4756f8e1020f3ff2707c74af0a3f88a1bb8e,,False
FT0,83027,True,Eu2PSe,4,120.81916536507197,1000,1,2.0,0.1,01dd3e86805165412e0810e2a77a4756f8e1020f3ff2707c74af0a3f88a1bb8e,1cd254568463ae4d7774193fa0a0e97925cdad3b6c505c1e5f5dd4e7968f6960,False
TCL,83027,True,Eu3Ni,4,118.78966475185007,1000,1,2.0,0.1,01dd3e86805165412e0810e2a77a4756f8e1020f3ff2707c74af0a3f88a1bb8e,8dd9879f11edea7f25f587ae72f928a6f3ab2e5c81fc9400c13642364ad90443,False
C0,83028,True,EuTiO3,10,118.40135990316048,1000,1,2.0,0.1,01dd3e86805165412e0810e2a77a4756f8e1020f3ff2707c74af0a3f88a1bb8e,,False
FT0,83028,True,Mn4H,10,114.26008159783669,1000,1,2.0,0.1,01dd3e86805165412e0810e2a77a4756f8e1020f3ff2707c74af0a3f88a1bb8e,1cd254568463ae4d7774193fa0a0e97925cdad3b6c505c1e5f5dd4e7968f6960,False
TCL,83028,True,Eu2HgPt2,10,120.88595632603392,1000,1,2.0,0.1,01dd3e86805165412e0810e2a77a4756f8e1020f3ff2707c74af0a3f88a1bb8e,8dd9879f11edea7f25f587ae72f928a6f3ab2e5c81fc9400c13642364ad90443,False
C0,83029,True,Mn3(Fe2Si)4,15,122.48858625697903,1000,1,2.0,0.1,01dd3e86805165412e0810e2a77a4756f8e1020f3ff2707c74af0a3f88a1bb8e,,False
FT0,83029,True,Mn11C4,15,113.25209550699219,1000,1,2.0,0.1,01dd3e86805165412e0810e2a77a4756f8e1020f3ff2707c74af0a3f88a1bb8e,1cd254568463ae4d7774193fa0a0e97925cdad3b6c505c1e5f5dd4e7968f6960,False
TCL,83029,True,Mn11(GaPt)2,15,121.84987843898125,1000,1,2.0,0.1,01dd3e86805165412e0810e2a77a4756f8e1020f3ff2707c74af0a3f88a1bb8e,8dd9879f11edea7f25f587ae72f928a6f3ab2e5c81fc9400c13642364ad90443,False
C0,83030,True,FeCu,4,115.36160716391169,1000,1,2.0,0.1,01dd3e86805165412e0810e2a77a4756f8e1020f3ff2707c74af0a3f88a1bb8e,,False
FT0,83030,True,MnPt,4,116.18258785502985,1000,1,2.0,0.1,01dd3e86805165412e0810e2a77a4756f8e1020f3ff2707c74af0a3f88a1bb8e,1cd254568463ae4d7774193fa0a0e97925cdad3b6c505c1e5f5dd4e7968f6960,False
TCL,83030,True,LaTbEu2,4,114.4000848098658,1000,1,2.0,0.1,01dd3e86805165412e0810e2a77a4756f8e1020f3ff2707c74af0a3f88a1bb8e,8dd9879f11edea7f25f587ae72f928a6f3ab2e5c81fc9400c13642364ad90443,False
C0,83031,True,EuFe3Co2,6,113.00903261802159,1000,1,2.0,0.1,01dd3e86805165412e0810e2a77a4756f8e1020f3ff2707c74af0a3f88a1bb8e,,False
FT0,83031,True,Mn2As,6,112.40107660694048,1000,1,2.0,0.1,01dd3e86805165412e0810e2a77a4756f8e1020f3ff2707c74af0a3f88a1bb8e,1cd254568463ae4d7774193fa0a0e97925cdad3b6c505c1e5f5dd4e7968f6960,False
TCL,83031,True,Co2Pt,6,123.9234397879336,1000,1,2.0,0.1,01dd3e86805165412e0810e2a77a4756f8e1020f3ff2707c74af0a3f88a1bb8e,8dd9879f11edea7f25f587ae72f928a6f3ab2e5c81fc9400c13642364ad90443,False
C0,83032,True,YMnCo4,6,153.97930983291008,1000,1,2.0,0.1,01dd3e86805165412e0810e2a77a4756f8e1020f3ff2707c74af0a3f88a1bb8e,,False
FT0,83032,True,Mn,6,112.24362814496271,1000,1,2.0,0.1,01dd3e86805165412e0810e2a77a4756f8e1020f3ff2707c74af0a3f88a1bb8e,1cd254568463ae4d7774193fa0a0e97925cdad3b6c505c1e5f5dd4e7968f6960,False
TCL,83032,True,GdNiGe,6,122.8138605619315,1000,1,2.0,0.1,01dd3e86805165412e0810e2a77a4756f8e1020f3ff2707c74af0a3f88a1bb8e,8dd9879f11edea7f25f587ae72f928a6f3ab2e5c81fc9400c13642364ad90443,False
C0,83033,True,Fe6SiGe,8,124.06032208004035,1000,1,2.0,0.1,01dd3e86805165412e0810e2a77a4756f8e1020f3ff2707c74af0a3f88a1bb8e,,False
FT0,83033,True,Mn5Si3,8,126.82247705105692,1000,1,2.0,0.1,01dd3e86805165412e0810e2a77a4756f8e1020f3ff2707c74af0a3f88a1bb8e,1cd254568463ae4d7774193fa0a0e97925cdad3b6c505c1e5f5dd4e7968f6960,False
TCL,83033,True,Mn5Fe3,8,115.37212162395008,1000,1,2.0,0.1,01dd3e86805165412e0810e2a77a4756f8e1020f3ff2707c74af0a3f88a1bb8e,8dd9879f11edea7f25f587ae72f928a6f3ab2e5c81fc9400c13642364ad90443,False
C0,83034,True,Fe5Rh7,12,113.29881456680596,1000,1,2.0,0.1,01dd3e86805165412e0810e2a77a4756f8e1020f3ff2707c74af0a3f88a1bb8e,,False
FT0,83034,True,Mn2C,12,117.00843225093558,1000,1,2.0,0.1,01dd3e86805165412e0810e2a77a4756f8e1020f3ff2707c74af0a3f88a1bb8e,1cd254568463ae4d7774193fa0a0e97925cdad3b6c505c1e5f5dd4e7968f6960,False
TCL,83034,True,VFe7(SiGe)2,12,114.3474367710296,1000,1,2.0,0.1,01dd3e86805165412e0810e2a77a4756f8e1020f3ff2707c74af0a3f88a1bb8e,8dd9879f11edea7f25f587ae72f928a6f3ab2e5c81fc9400c13642364ad90443,False
C0,83035,True,EuClO2,8,122.17243063496426,1000,1,2.0,0.1,01dd3e86805165412e0810e2a77a4756f8e1020f3ff2707c74af0a3f88a1bb8e,,False
FT0,83035,True,Mn4FeC3,8,115.01813162188046,1000,1,2.0,0.1,01dd3e86805165412e0810e2a77a4756f8e1020f3ff2707c74af0a3f88a1bb8e,1cd254568463ae4d7774193fa0a0e97925cdad3b6c505c1e5f5dd4e7968f6960,False
TCL,83035,True,Eu3Sn,8,114.7888194040861,1000,1,2.0,0.1,01dd3e86805165412e0810e2a77a4756f8e1020f3ff2707c74af0a3f88a1bb8e,8dd9879f11edea7f25f587ae72f928a6f3ab2e5c81fc9400c13642364ad90443,False
C0,83036,True,Eu2(FeN)3,8,115.23910293006338,1000,1,2.0,0.1,01dd3e86805165412e0810e2a77a4756f8e1020f3ff2707c74af0a3f88a1bb8e,,False
FT0,83036,True,Mn5FeCo2,8,115.04575765598565,1000,1,2.0,0.1,01dd3e86805165412e0810e2a77a4756f8e1020f3ff2707c74af0a3f88a1bb8e,1cd254568463ae4d7774193fa0a0e97925cdad3b6c505c1e5f5dd4e7968f6960,False
TCL,83036,True,Eu3Co5,8,115.35005876095966,1000,1,2.0,0.1,01dd3e86805165412e0810e2a77a4756f8e1020f3ff2707c74af0a3f88a1bb8e,8dd9879f11edea7f25f587ae72f928a6f3ab2e5c81fc9400c13642364ad90443,False
C0,83037,True,SrEu5Sn3,9,112.83043547696434,1000,1,2.0,0.1,01dd3e86805165412e0810e2a77a4756f8e1020f3ff2707c74af0a3f88a1bb8e,,False
FT0,83037,True,Mn7N2,9,112.60509803006425,1000,1,2.0,0.1,01dd3e86805165412e0810e2a77a4756f8e1020f3ff2707c74af0a3f88a1bb8e,1cd254568463ae4d7774193fa0a0e97925cdad3b6c505c1e5f5dd4e7968f6960,False
TCL,83037,True,Mn6Fe2H,9,117.20840714196675,1000,1,2.0,0.1,01dd3e86805165412e0810e2a77a4756f8e1020f3ff2707c74af0a3f88a1bb8e,8dd9879f11edea7f25f587ae72f928a6f3ab2e5c81fc9400c13642364ad90443,False
C0,83038,True,CaEu3O,5,115.75034489110112,1000,1,2.0,0.1,01dd3e86805165412e0810e2a77a4756f8e1020f3ff2707c74af0a3f88a1bb8e,,False
FT0,83038,True,Eu(MnAs)2,5,112.87754657608457,1000,1,2.0,0.1,01dd3e86805165412e0810e2a77a4756f8e1020f3ff2707c74af0a3f88a1bb8e,1cd254568463ae4d7774193fa0a0e97925cdad3b6c505c1e5f5dd4e7968f6960,False
TCL,83038,True,Eu3Al2,5,112.41359808901325,1000,1,2.0,0.1,01dd3e86805165412e0810e2a77a4756f8e1020f3ff2707c74af0a3f88a1bb8e,8dd9879f11edea7f25f587ae72f928a6f3ab2e5c81fc9400c13642364ad90443,False
C0,83039,True,Eu2GaAs,16,115.69468305306509,1000,1,2.0,0.1,01dd3e86805165412e0810e2a77a4756f8e1020f3ff2707c74af0a3f88a1bb8e,,False
FT0,83039,True,Mn4FeC3,16,121.90942756086588,1000,1,2.0,0.1,01dd3e86805165412e0810e2a77a4756f8e1020f3ff2707c74af0a3f88a1bb8e,1cd254568463ae4d7774193fa0a0e97925cdad3b6c505c1e5f5dd4e7968f6960,False
TCL,83039,True,Gd9Ga5As2,16,116.96202592784539,1000,1,2.0,0.1,01dd3e86805165412e0810e2a77a4756f8e1020f3ff2707c74af0a3f88a1bb8e,8dd9879f11edea7f25f587ae72f928a6f3ab2e5c81fc9400c13642364ad90443,False
C0,83040,True,Gd2HgAu,4,115.71742782997899,1000,1,2.0,0.1,01dd3e86805165412e0810e2a77a4756f8e1020f3ff2707c74af0a3f88a1bb8e,,False
FT0,83040,True,MnPtAu2,4,122.94046320603229,1000,1,2.0,0.1,01dd3e86805165412e0810e2a77a4756f8e1020f3ff2707c74af0a3f88a1bb8e,1cd254568463ae4d7774193fa0a0e97925cdad3b6c505c1e5f5dd4e7968f6960,False
TCL,83040,True,MnFe3,4,115.10280656302348,1000,1,2.0,0.1,01dd3e86805165412e0810e2a77a4756f8e1020f3ff2707c74af0a3f88a1bb8e,8dd9879f11edea7f25f587ae72f928a6f3ab2e5c81fc9400c13642364ad90443,False
C0,83041,True,Ti(FeO2)3,10,113.70036584814079,1000,1,2.0,0.1,01dd3e86805165412e0810e2a77a4756f8e1020f3ff2707c74af0a3f88a1bb8e,,False
FT0,83041,True,Mn3AsC,10,115.64346402999945,1000,1,2.0,0.1,01dd3e86805165412e0810e2a77a4756f8e1020f3ff2707c74af0a3f88a1bb8e,1cd254568463ae4d7774193fa0a0e97925cdad3b6c505c1e5f5dd4e7968f6960,False
TCL,83041,True,Mn4AgSn4Pd,10,112.82199532678351,1000,1,2.0,0.1,01dd3e86805165412e0810e2a77a4756f8e1020f3ff2707c74af0a3f88a1bb8e,8dd9879f11edea7f25f587ae72f928a6f3ab2e5c81fc9400c13642364ad90443,False
C0,83042,True,Eu5H2Pb3,10,114.18456551292911,1000,1,2.0,0.1,01dd3e86805165412e0810e2a77a4756f8e1020f3ff2707c74af0a3f88a1bb8e,,False
FT0,83042,True,Mn7C3,10,114.5598555880133,1000,1,2.0,0.1,01dd3e86805165412e0810e2a77a4756f8e1020f3ff2707c74af0a3f88a1bb8e,1cd254568463ae4d7774193fa0a0e97925cdad3b6c505c1e5f5dd4e7968f6960,False
TCL,83042,True,Eu5Pd3Pb2,10,112.9902140700724,1000,1,2.0,0.1,01dd3e86805165412e0810e2a77a4756f8e1020f3ff2707c74af0a3f88a1bb8e,8dd9879f11edea7f25f587ae72f928a6f3ab2e5c81fc9400c13642364ad90443,False
C0,83043,True,Eu12IrAu2,15,115.48232480301522,1000,1,2.0,0.1,01dd3e86805165412e0810e2a77a4756f8e1020f3ff2707c74af0a3f88a1bb8e,,False
FT0,83043,True,Mn11C4,15,117.62495304481126,1000,1,2.0,0.1,01dd3e86805165412e0810e2a77a4756f8e1020f3ff2707c74af0a3f88a1bb8e,1cd254568463ae4d7774193fa0a0e97925cdad3b6c505c1e5f5dd4e7968f6960,False
TCL,83043,True,Eu7C8,15,114.8222818991635,1000,1,2.0,0.1,01dd3e86805165412e0810e2a77a4756f8e1020f3ff2707c74af0a3f88a1bb8e,8dd9879f11edea7f25f587ae72f928a6f3ab2e5c81fc9400c13642364ad90443,False
C0,83044,True,BaCa2Fe3O8,14,120.19758160994388,1000,1,2.0,0.1,01dd3e86805165412e0810e2a77a4756f8e1020f3ff2707c74af0a3f88a1bb8e,,False
FT0,83044,True,Mn5C2,14,121.64124390599318,1000,1,2.0,0.1,01dd3e86805165412e0810e2a77a4756f8e1020f3ff2707c74af0a3f88a1bb8e,1cd254568463ae4d7774193fa0a0e97925cdad3b6c505c1e5f5dd4e7968f6960,False
TCL,83044,True,Fe6Re,14,114.22168845683336,1000,1,2.0,0.1,01dd3e86805165412e0810e2a77a4756f8e1020f3ff2707c74af0a3f88a1bb8e,8dd9879f11edea7f25f587ae72f928a6f3ab2e5c81fc9400c13642364ad90443,False
C0,83045,True,ErNbFe4,6,112.22971761203371,1000,1,2.0,0.1,01dd3e86805165412e0810e2a77a4756f8e1020f3ff2707c74af0a3f88a1bb8e,,False
FT0,83045,True,Mn5As,6,112.72486456413753,1000,1,2.0,0.1,01dd3e86805165412e0810e2a77a4756f8e1020f3ff2707c74af0a3f88a1bb8e,1cd254568463ae4d7774193fa0a0e97925cdad3b6c505c1e5f5dd4e7968f6960,False
TCL,83045,True,Eu2Ge,6,114.97811568481848,1000,1,2.0,0.1,01dd3e86805165412e0810e2a77a4756f8e1020f3ff2707c74af0a3f88a1bb8e,8dd9879f11edea7f25f587ae72f928a6f3ab2e5c81fc9400c13642364ad90443,False
C0,83046,True,EuPt2Au,4,116.9321856838651,1000,1,2.0,0.1,01dd3e86805165412e0810e2a77a4756f8e1020f3ff2707c74af0a3f88a1bb8e,,False
FT0,83046,True,EuPt3,4,114.92831960995682,1000,1,2.0,0.1,01dd3e86805165412e0810e2a77a4756f8e1020f3ff2707c74af0a3f88a1bb8e,1cd254568463ae4d7774193fa0a0e97925cdad3b6c505c1e5f5dd4e7968f6960,False
TCL,83046,True,Fe2IrPt,4,114.79228977113962,1000,1,2.0,0.1,01dd3e86805165412e0810e2a77a4756f8e1020f3ff2707c74af0a3f88a1bb8e,8dd9879f11edea7f25f587ae72f928a6f3ab2e5c81fc9400c13642364ad90443,False
C0,83047,True,MnFeO4,12,122.38190644606948,1000,1,2.0,0.1,01dd3e86805165412e0810e2a77a4756f8e1020f3ff2707c74af0a3f88a1bb8e,,False
FT0,83047,True,Mn8C3N,12,115.7376068579033,1000,1,2.0,0.1,01dd3e86805165412e0810e2a77a4756f8e1020f3ff2707c74af0a3f88a1bb8e,1cd254568463ae4d7774193fa0a0e97925cdad3b6c505c1e5f5dd4e7968f6960,False
TCL,83047,True,EuMgPd,12,114.86829638294876,1000,1,2.0,0.1,01dd3e86805165412e0810e2a77a4756f8e1020f3ff2707c74af0a3f88a1bb8e,8dd9879f11edea7f25f587ae72f928a6f3ab2e5c81fc9400c13642364ad90443,False
C0,83048,True,TbLuFe4,6,114.37347671296448,1000,1,2.0,0.1,01dd3e86805165412e0810e2a77a4756f8e1020f3ff2707c74af0a3f88a1bb8e,,False
FT0,83048,True,EuMn5,6,115.64770732517354,1000,1,2.0,0.1,01dd3e86805165412e0810e2a77a4756f8e1020f3ff2707c74af0a3f88a1bb8e,1cd254568463ae4d7774193fa0a0e97925cdad3b6c505c1e5f5dd4e7968f6960,False
TCL,83048,True,EuFe3Ge2,6,117.12446528603323,1000,1,2.0,0.1,01dd3e86805165412e0810e2a77a4756f8e1020f3ff2707c74af0a3f88a1bb8e,8dd9879f11edea7f25f587ae72f928a6f3ab2e5c81fc9400c13642364ad90443,False
C0,83049,True,Eu4Ni3B4C,12,113.98198057105765,1000,1,2.0,0.1,01dd3e86805165412e0810e2a77a4756f8e1020f3ff2707c74af0a3f88a1bb8e,,False
FT0,83049,True,TaMn9C2,12,115.08929349808022,1000,1,2.0,0.1,01dd3e86805165412e0810e2a77a4756f8e1020f3ff2707c74af0a3f88a1bb8e,1cd254568463ae4d7774193fa0a0e97925cdad3b6c505c1e5f5dd4e7968f6960,False
TCL,83049,True,Mn8ZnInIrC,12,112.49786022491753,1000,1,2.0,0.1,01dd3e86805165412e0810e2a77a4756f8e1020f3ff2707c74af0a3f88a1bb8e,8dd9879f11edea7f25f587ae72f928a6f3ab2e5c81fc9400c13642364ad90443,False
C0,83050,True,MnPIr,3,116.19100669003092,1000,1,2.0,0.1,01dd3e86805165412e0810e2a77a4756f8e1020f3ff2707c74af0a3f88a1bb8e,,False
FT0,83050,True,EuSbAu,3,114.84809415205382,1000,1,2.0,0.1,01dd3e86805165412e0810e2a77a4756f8e1020f3ff2707c74af0a3f88a1bb8e,1cd254568463ae4d7774193fa0a0e97925cdad3b6c505c1e5f5dd4e7968f6960,False
TCL,83050,True,IrPt2,3,115.26248458190821,1000,1,2.0,0.1,01dd3e86805165412e0810e2a77a4756f8e1020f3ff2707c74af0a3f88a1bb8e,8dd9879f11edea7f25f587ae72f928a6f3ab2e5c81fc9400c13642364ad90443,False
C0,83051,True,Gd3GaFe5O11,20,113.86367438500747,1000,1,2.0,0.1,01dd3e86805165412e0810e2a77a4756f8e1020f3ff2707c74af0a3f88a1bb8e,,False
FT0,83051,True,Mn7C3,20,112.80593652511016,1000,1,2.0,0.1,01dd3e86805165412e0810e2a77a4756f8e1020f3ff2707c74af0a3f88a1bb8e,1cd254568463ae4d7774193fa0a0e97925cdad3b6c505c1e5f5dd4e7968f6960,False
TCL,83051,True,Mn9Fe,20,117.33101524901576,1000,1,2.0,0.1,01dd3e86805165412e0810e2a77a4756f8e1020f3ff2707c74af0a3f88a1bb8e,8dd9879f11edea7f25f587ae72f928a6f3ab2e5c81fc9400c13642364ad90443,False
C0,83052,True,Eu2Ga,3,112.88332446990535,1000,1,2.0,0.1,01dd3e86805165412e0810e2a77a4756f8e1020f3ff2707c74af0a3f88a1bb8e,,False
FT0,83052,True,EuAsPt,3,114.81599016999826,1000,1,2.0,0.1,01dd3e86805165412e0810e2a77a4756f8e1020f3ff2707c74af0a3f88a1bb8e,1cd254568463ae4d7774193fa0a0e97925cdad3b6c505c1e5f5dd4e7968f6960,False
TCL,83052,True,EuZnGa,3,115.2123010950163,1000,1,2.0,0.1,01dd3e86805165412e0810e2a77a4756f8e1020f3ff2707c74af0a3f88a1bb8e,8dd9879f11edea7f25f587ae72f928a6f3ab2e5c81fc9400c13642364ad90443,False
C0,83053,True,Eu2GaN,8,112.61890932219103,1000,1,2.0,0.1,01dd3e86805165412e0810e2a77a4756f8e1020f3ff2707c74af0a3f88a1bb8e,,False
FT0,83053,True,Mn5As3,8,114.81609568512067,1000,1,2.0,0.1,01dd3e86805165412e0810e2a77a4756f8e1020f3ff2707c74af0a3f88a1bb8e,1cd254568463ae4d7774193fa0a0e97925cdad3b6c505c1e5f5dd4e7968f6960,False
TCL,83053,True,Eu3Pd,8,117.12494471413083,1000,1,2.0,0.1,01dd3e86805165412e0810e2a77a4756f8e1020f3ff2707c74af0a3f88a1bb8e,8dd9879f11edea7f25f587ae72f928a6f3ab2e5c81fc9400c13642364ad90443,False
C0,83054,True,EuNiP,3,121.36585879698396,1000,1,2.0,0.1,01dd3e86805165412e0810e2a77a4756f8e1020f3ff2707c74af0a3f88a1bb8e,,False
FT0,83054,True,Eu2Ga,3,120.7220383498352,1000,1,2.0,0.1,01dd3e86805165412e0810e2a77a4756f8e1020f3ff2707c74af0a3f88a1bb8e,1cd254568463ae4d7774193fa0a0e97925cdad3b6c505c1e5f5dd4e7968f6960,False
TCL,83054,True,Eu2Ni,3,113.2766630561091,1000,1,2.0,0.1,01dd3e86805165412e0810e2a77a4756f8e1020f3ff2707c74af0a3f88a1bb8e,8dd9879f11edea7f25f587ae72f928a6f3ab2e5c81fc9400c13642364ad90443,False
C0,83055,True,MnCo3,4,115.78934638178907,1000,1,2.0,0.1,01dd3e86805165412e0810e2a77a4756f8e1020f3ff2707c74af0a3f88a1bb8e,,False
FT0,83055,True,KEu2Pt,4,114.84025982394814,1000,1,2.0,0.1,01dd3e86805165412e0810e2a77a4756f8e1020f3ff2707c74af0a3f88a1bb8e,1cd254568463ae4d7774193fa0a0e97925cdad3b6c505c1e5f5dd4e7968f6960,False
TCL,83055,True,LiTb2Si,4,120.85452078399248,1000,1,2.0,0.1,01dd3e86805165412e0810e2a77a4756f8e1020f3ff2707c74af0a3f88a1bb8e,8dd9879f11edea7f25f587ae72f928a6f3ab2e5c81fc9400c13642364ad90443,False
C0,83056,True,EuHI,3,115.07555119111203,1000,1,2.0,0.1,01dd3e86805165412e0810e2a77a4756f8e1020f3ff2707c74af0a3f88a1bb8e,,False
FT0,83056,True,HoMn2,3,120.25134143303148,1000,1,2.0,0.1,01dd3e86805165412e0810e2a77a4756f8e1020f3ff2707c74af0a3f88a1bb8e,1cd254568463ae4d7774193fa0a0e97925cdad3b6c505c1e5f5dd4e7968f6960,False
TCL,83056,True,Eu2Ho,3,121.38782707811333,1000,1,2.0,0.1,01dd3e86805165412e0810e2a77a4756f8e1020f3ff2707c74af0a3f88a1bb8e,8dd9879f11edea7f25f587ae72f928a6f3ab2e5c81fc9400c13642364ad90443,False
C0,83057,True,LiGdMn6O12,20,124.52792520308867,1000,1,2.0,0.1,01dd3e86805165412e0810e2a77a4756f8e1020f3ff2707c74af0a3f88a1bb8e,,False
FT0,83057,True,Mn4C,20,118.41402170108631,1000,1,2.0,0.1,01dd3e86805165412e0810e2a77a4756f8e1020f3ff2707c74af0a3f88a1bb8e,1cd254568463ae4d7774193fa0a0e97925cdad3b6c505c1e5f5dd4e7968f6960,False
TCL,83057,True,Fe8CoRh,20,114.26381262904033,1000,1,2.0,0.1,01dd3e86805165412e0810e2a77a4756f8e1020f3ff2707c74af0a3f88a1bb8e,8dd9879f11edea7f25f587ae72f928a6f3ab2e5c81fc9400c13642364ad90443,False
C0,83058,True,Eu4N3F,8,113.31825174810365,1000,1,2.0,0.1,01dd3e86805165412e0810e2a77a4756f8e1020f3ff2707c74af0a3f88a1bb8e,,False
FT0,83058,True,Mn3C,8,122.8200229939539,1000,1,2.0,0.1,01dd3e86805165412e0810e2a77a4756f8e1020f3ff2707c74af0a3f88a1bb8e,1cd254568463ae4d7774193fa0a0e97925cdad3b6c505c1e5f5dd4e7968f6960,False
TCL,83058,True,Eu2ZnSi,8,112.32324704900384,1000,1,2.0,0.1,01dd3e86805165412e0810e2a77a4756f8e1020f3ff2707c74af0a3f88a1bb8e,8dd9879f11edea7f25f587ae72f928a6f3ab2e5c81fc9400c13642364ad90443,False
C0,83059,True,FePt,4,115.39346979185939,1000,1,2.0,0.1,01dd3e86805165412e0810e2a77a4756f8e1020f3ff2707c74af0a3f88a1bb8e,,False
FT0,83059,True,EuPtAu2,4,112.206858466845,1000,1,2.0,0.1,01dd3e86805165412e0810e2a77a4756f8e1020f3ff2707c74af0a3f88a1bb8e,1cd254568463ae4d7774193fa0a0e97925cdad3b6c505c1e5f5dd4e7968f6960,False
TCL,83059,True,Fe2HPt,4,112.27995178988203,1000,1,2.0,0.1,01dd3e86805165412e0810e2a77a4756f8e1020f3ff2707c74af0a3f88a1bb8e,8dd9879f11edea7f25f587ae72f928a6f3ab2e5c81fc9400c13642364ad90443,False
C0,83060,True,Co5W,6,122.63815359189175,1000,1,2.0,0.1,01dd3e86805165412e0810e2a77a4756f8e1020f3ff2707c74af0a3f88a1bb8e,,False
FT0,83060,True,Mn5As,6,119.79772395896725,1000,1,2.0,0.1,01dd3e86805165412e0810e2a77a4756f8e1020f3ff2707c74af0a3f88a1bb8e,1cd254568463ae4d7774193fa0a0e97925cdad3b6c505c1e5f5dd4e7968f6960,False
TCL,83060,True,Eu2Pd,6,113.25224266503938,1000,1,2.0,0.1,01dd3e86805165412e0810e2a77a4756f8e1020f3ff2707c74af0a3f88a1bb8e,8dd9879f11edea7f25f587ae72f928a6f3ab2e5c81fc9400c13642364ad90443,False
C0,83061,True,Fe7O7F2,16,124.07695098617114,1000,1,2.0,0.1,01dd3e86805165412e0810e2a77a4756f8e1020f3ff2707c74af0a3f88a1bb8e,,False
FT0,83061,True,Mn10(AsC)3,16,122.58696715114638,1000,1,2.0,0.1,01dd3e86805165412e0810e2a77a4756f8e1020f3ff2707c74af0a3f88a1bb8e,1cd254568463ae4d7774193fa0a0e97925cdad3b6c505c1e5f5dd4e7968f6960,False
TCL,83061,True,Mn9C6S,16,114.54449777095579,1000,1,2.0,0.1,01dd3e86805165412e0810e2a77a4756f8e1020f3ff2707c74af0a3f88a1bb8e,8dd9879f11edea7f25f587ae72f928a6f3ab2e5c81fc9400c13642364ad90443,False
C0,83062,True,Mn5Fe4,9,115.53432573704049,1000,1,2.0,0.1,01dd3e86805165412e0810e2a77a4756f8e1020f3ff2707c74af0a3f88a1bb8e,,False
FT0,83062,True,Mn2C,9,116.30386681901291,1000,1,2.0,0.1,01dd3e86805165412e0810e2a77a4756f8e1020f3ff2707c74af0a3f88a1bb8e,1cd254568463ae4d7774193fa0a0e97925cdad3b6c505c1e5f5dd4e7968f6960,False
TCL,83062,True,Mn2C,9,112.74824698199518,1000,1,2.0,0.1,01dd3e86805165412e0810e2a77a4756f8e1020f3ff2707c74af0a3f88a1bb8e,8dd9879f11edea7f25f587ae72f928a6f3ab2e5c81fc9400c13642364ad90443,False
C0,83063,True,EuAlSn,9,112.67040524398908,1000,1,2.0,0.1,01dd3e86805165412e0810e2a77a4756f8e1020f3ff2707c74af0a3f88a1bb8e,,False
FT0,83063,True,Mn2C,9,118.30430956697091,1000,1,2.0,0.1,01dd3e86805165412e0810e2a77a4756f8e1020f3ff2707c74af0a3f88a1bb8e,1cd254568463ae4d7774193fa0a0e97925cdad3b6c505c1e5f5dd4e7968f6960,False
TCL,83063,True,Eu2Pt,9,117.9000926760491,1000,1,2.0,0.1,01dd3e86805165412e0810e2a77a4756f8e1020f3ff2707c74af0a3f88a1bb8e,8dd9879f11edea7f25f587ae72f928a6f3ab2e5c81fc9400c13642364ad90443,False
C0,83064,True,Eu3Ni2,10,112.48833454609849,1000,1,2.0,0.1,01dd3e86805165412e0810e2a77a4756f8e1020f3ff2707c74af0a3f88a1bb8e,,False
FT0,83064,True,Mn,10,113.11550506204367,1000,1,2.0,0.1,01dd3e86805165412e0810e2a77a4756f8e1020f3ff2707c74af0a3f88a1bb8e,1cd254568463ae4d7774193fa0a0e97925cdad3b6c505c1e5f5dd4e7968f6960,False
TCL,83064,True,CaGd4Hg3TeP,10,121.16772207105532,1000,1,2.0,0.1,01dd3e86805165412e0810e2a77a4756f8e1020f3ff2707c74af0a3f88a1bb8e,8dd9879f11edea7f25f587ae72f928a6f3ab2e5c81fc9400c13642364ad90443,False
C0,83065,True,Fe2Co5Rh,8,122.62497384101152,1000,1,2.0,0.1,01dd3e86805165412e0810e2a77a4756f8e1020f3ff2707c74af0a3f88a1bb8e,,False
FT0,83065,True,Mn3C,8,115.30792284500785,1000,1,2.0,0.1,01dd3e86805165412e0810e2a77a4756f8e1020f3ff2707c74af0a3f88a1bb8e,1cd254568463ae4d7774193fa0a0e97925cdad3b6c505c1e5f5dd4e7968f6960,False
TCL,83065,True,Mn7Fe,8,122.88671842007898,1000,1,2.0,0.1,01dd3e86805165412e0810e2a77a4756f8e1020f3ff2707c74af0a3f88a1bb8e,8dd9879f11edea7f25f587ae72f928a6f3ab2e5c81fc9400c13642364ad90443,False
C0,83066,True,CaEu3Sb2,12,114.38463497115299,1000,1,2.0,0.1,01dd3e86805165412e0810e2a77a4756f8e1020f3ff2707c74af0a3f88a1bb8e,,False
FT0,83066,True,Mn2As,12,118.12619254598394,1000,1,2.0,0.1,01dd3e86805165412e0810e2a77a4756f8e1020f3ff2707c74af0a3f88a1bb8e,1cd254568463ae4d7774193fa0a0e97925cdad3b6c505c1e5f5dd4e7968f6960,False
TCL,83066,True,Eu8Ge3Pd,12,122.76886071520858,1000,1,2.0,0.1,01dd3e86805165412e0810e2a77a4756f8e1020f3ff2707c74af0a3f88a1bb8e,8dd9879f11edea7f25f587ae72f928a6f3ab2e5c81fc9400c13642364ad90443,False
C0,83067,True,LiEu3O,10,116.37987163406797,1000,1,2.0,0.1,01dd3e86805165412e0810e2a77a4756f8e1020f3ff2707c74af0a3f88a1bb8e,,False
FT0,83067,True,Mn,10,116.25903693912551,1000,1,2.0,0.1,01dd3e86805165412e0810e2a77a4756f8e1020f3ff2707c74af0a3f88a1bb8e,1cd254568463ae4d7774193fa0a0e97925cdad3b6c505c1e5f5dd4e7968f6960,False
TCL,83067,True,Eu3MgO,10,117.91855639312416,1000,1,2.0,0.1,01dd3e86805165412e0810e2a77a4756f8e1020f3ff2707c74af0a3f88a1bb8e,8dd9879f11edea7f25f587ae72f928a6f3ab2e5c81fc9400c13642364ad90443,False
C0,83068,True,V2Co17,19,117.98714719293639,1000,1,2.0,0.1,01dd3e86805165412e0810e2a77a4756f8e1020f3ff2707c74af0a3f88a1bb8e,,False
FT0,83068,True,Mn12CoC6,19,116.18785380292684,1000,1,2.0,0.1,01dd3e86805165412e0810e2a77a4756f8e1020f3ff2707c74af0a3f88a1bb8e,1cd254568463ae4d7774193fa0a0e97925cdad3b6c505c1e5f5dd4e7968f6960,False
TCL,83068,True,Gd3Dy2Co11Sn3,19,122.97174590686336,1000,1,2.0,0.1,01dd3e86805165412e0810e2a77a4756f8e1020f3ff2707c74af0a3f88a1bb8e,8dd9879f11edea7f25f587ae72f928a6f3ab2e5c81fc9400c13642364ad90443,False
C0,83069,True,Eu3Mn5Ge7,15,114.33985353587195,1000,1,2.0,0.1,01dd3e86805165412e0810e2a77a4756f8e1020f3ff2707c74af0a3f88a1bb8e,,False
FT0,83069,True,Mn2C,15,113.12155114696361,1000,1,2.0,0.1,01dd3e86805165412e0810e2a77a4756f8e1020f3ff2707c74af0a3f88a1bb8e,1cd254568463ae4d7774193fa0a0e97925cdad3b6c505c1e5f5dd4e7968f6960,False
TCL,83069,True,Eu4Mn6Ge5,15,114.74685993790627,1000,1,2.0,0.1,01dd3e86805165412e0810e2a77a4756f8e1020f3ff2707c74af0a3f88a1bb8e,8dd9879f11edea7f25f587ae72f928a6f3ab2e5c81fc9400c13642364ad90443,False
C0,83070,True,LiEu2NiO4,8,114.46389017393813,1000,1,2.0,0.1,01dd3e86805165412e0810e2a77a4756f8e1020f3ff2707c74af0a3f88a1bb8e,,False
FT0,83070,True,Mn5O3,8,115.6041959731374,1000,1,2.0,0.1,01dd3e86805165412e0810e2a77a4756f8e1020f3ff2707c74af0a3f88a1bb8e,1cd254568463ae4d7774193fa0a0e97925cdad3b6c505c1e5f5dd4e7968f6960,False
TCL,83070,True,Eu3BrO4,8,118.08137814700603,1000,1,2.0,0.1,01dd3e86805165412e0810e2a77a4756f8e1020f3ff2707c74af0a3f88a1bb8e,8dd9879f11edea7f25f587ae72f928a6f3ab2e5c81fc9400c13642364ad90443,False
C0,83071,True,KEu2Dy,4,114.84387174900621,1000,1,2.0,0.1,01dd3e86805165412e0810e2a77a4756f8e1020f3ff2707c74af0a3f88a1bb8e,,False
FT0,83071,True,Eu3Au,4,112.08980612596497,1000,1,2.0,0.1,01dd3e86805165412e0810e2a77a4756f8e1020f3ff2707c74af0a3f88a1bb8e,1cd254568463ae4d7774193fa0a0e97925cdad3b6c505c1e5f5dd4e7968f6960,False
TCL,83071,True,EuDy,4,115.59780355589464,1000,1,2.0,0.1,01dd3e86805165412e0810e2a77a4756f8e1020f3ff2707c74af0a3f88a1bb8e,8dd9879f11edea7f25f587ae72f928a6f3ab2e5c81fc9400c13642364ad90443,False
C0,83072,True,Sr(EuIn)2,5,113.94880293100141,1000,1,2.0,0.1,01dd3e86805165412e0810e2a77a4756f8e1020f3ff2707c74af0a3f88a1bb8e,,False
FT0,83072,True,Eu(MnP)2,5,114.83253803499974,1000,1,2.0,0.1,01dd3e86805165412e0810e2a77a4756f8e1020f3ff2707c74af0a3f88a1bb8e,1cd254568463ae4d7774193fa0a0e97925cdad3b6c505c1e5f5dd4e7968f6960,False
TCL,83072,True,EuMn3C,5,111.88509970810264,1000,1,2.0,0.1,01dd3e86805165412e0810e2a77a4756f8e1020f3ff2707c74af0a3f88a1bb8e,8dd9879f11edea7f25f587ae72f928a6f3ab2e5c81fc9400c13642364ad90443,False
C0,83073,True,Nb3AlFe8,12,119.6717958250083,1000,1,2.0,0.1,01dd3e86805165412e0810e2a77a4756f8e1020f3ff2707c74af0a3f88a1bb8e,,False
FT0,83073,True,Mn2C,12,122.65959683712572,1000,1,2.0,0.1,01dd3e86805165412e0810e2a77a4756f8e1020f3ff2707c74af0a3f88a1bb8e,1cd254568463ae4d7774193fa0a0e97925cdad3b6c505c1e5f5dd4e7968f6960,False
TCL,83073,True,Fe8P3H,12,122.74614449799992,1000,1,2.0,0.1,01dd3e86805165412e0810e2a77a4756f8e1020f3ff2707c74af0a3f88a1bb8e,8dd9879f11edea7f25f587ae72f928a6f3ab2e5c81fc9400c13642364ad90443,False
C0,83074,True,Nd2Ti2Fe9,13,120.76471613906324,1000,1,2.0,0.1,01dd3e86805165412e0810e2a77a4756f8e1020f3ff2707c74af0a3f88a1bb8e,,False
FT0,83074,True,Mn8C5,13,115.58474134397693,1000,1,2.0,0.1,01dd3e86805165412e0810e2a77a4756f8e1020f3ff2707c74af0a3f88a1bb8e,1cd254568463ae4d7774193fa0a0e97925cdad3b6c505c1e5f5dd4e7968f6960,False
TCL,83074,True,Li3(Eu3P2)2,13,123.59607197600417,1000,1,2.0,0.1,01dd3e86805165412e0810e2a77a4756f8e1020f3ff2707c74af0a3f88a1bb8e,8dd9879f11edea7f25f587ae72f928a6f3ab2e5c81fc9400c13642364ad90443,False
C0,83075,True,EuNiPt,12,112.25577386794612,1000,1,2.0,0.1,01dd3e86805165412e0810e2a77a4756f8e1020f3ff2707c74af0a3f88a1bb8e,,False
FT0,83075,True,Mn2C,12,113.33542733779177,1000,1,2.0,0.1,01dd3e86805165412e0810e2a77a4756f8e1020f3ff2707c74af0a3f88a1bb8e,1cd254568463ae4d7774193fa0a0e97925cdad3b6c505c1e5f5dd4e7968f6960,False
TCL,83075,True,Mn8FeHC2,12,114.17124989884906,1000,1,2.0,0.1,01dd3e86805165412e0810e2a77a4756f8e1020f3ff2707c74af0a3f88a1bb8e,8dd9879f11edea7f25f587ae72f928a6f3ab2e5c81fc9400c13642364ad90443,False
C0,83076,True,Eu2Mg,12,112.0986714370083,1000,1,2.0,0.1,01dd3e86805165412e0810e2a77a4756f8e1020f3ff2707c74af0a3f88a1bb8e,,False
FT0,83076,True,Mn3FeC2,12,113.9396998169832,1000,1,2.0,0.1,01dd3e86805165412e0810e2a77a4756f8e1020f3ff2707c74af0a3f88a1bb8e,1cd254568463ae4d7774193fa0a0e97925cdad3b6c505c1e5f5dd4e7968f6960,False
TCL,83076,True,Mn3Fe,12,114.87448121304624,1000,1,2.0,0.1,01dd3e86805165412e0810e2a77a4756f8e1020f3ff2707c74af0a3f88a1bb8e,8dd9879f11edea7f25f587ae72f928a6f3ab2e5c81fc9400c13642364ad90443,False
C0,83077,True,Mn2GaFe3HO7,14,116.00644164485857,1000,1,2.0,0.1,01dd3e86805165412e0810e2a77a4756f8e1020f3ff2707c74af0a3f88a1bb8e,,False
FT0,83077,True,Mn11C3,14,124.45101547893137,1000,1,2.0,0.1,01dd3e86805165412e0810e2a77a4756f8e1020f3ff2707c74af0a3f88a1bb8e,1cd254568463ae4d7774193fa0a0e97925cdad3b6c505c1e5f5dd4e7968f6960,False
TCL,83077,True,EuMn3(FeO4)2,14,116.94911472010426,1000,1,2.0,0.1,01dd3e86805165412e0810e2a77a4756f8e1020f3ff2707c74af0a3f88a1bb8e,8dd9879f11edea7f25f587ae72f928a6f3ab2e5c81fc9400c13642364ad90443,False
C0,83078,True,EuPtAu,6,116.3481969148852,1000,1,2.0,0.1,01dd3e86805165412e0810e2a77a4756f8e1020f3ff2707c74af0a3f88a1bb8e,,False
FT0,83078,True,Mn5As,6,115.33080563903786,1000,1,2.0,0.1,01dd3e86805165412e0810e2a77a4756f8e1020f3ff2707c74af0a3f88a1bb8e,1cd254568463ae4d7774193fa0a0e97925cdad3b6c505c1e5f5dd4e7968f6960,False
TCL,83078,True,Eu3Zn2Au,6,120.35796271497384,1000,1,2.0,0.1,01dd3e86805165412e0810e2a77a4756f8e1020f3ff2707c74af0a3f88a1bb8e,8dd9879f11edea7f25f587ae72f928a6f3ab2e5c81fc9400c13642364ad90443,False
C0,83079,True,SrEuTl2,4,116.39076574682258,1000,1,2.0,0.1,01dd3e86805165412e0810e2a77a4756f8e1020f3ff2707c74af0a3f88a1bb8e,,False
FT0,83079,True,Eu2HgGe,4,117.10628892085515,1000,1,2.0,0.1,01dd3e86805165412e0810e2a77a4756f8e1020f3ff2707c74af0a3f88a1bb8e,1cd254568463ae4d7774193fa0a0e97925cdad3b6c505c1e5f5dd4e7968f6960,False
TCL,83079,True,Eu2HgGe,4,111.93560543493368,1000,1,2.0,0.1,01dd3e86805165412e0810e2a77a4756f8e1020f3ff2707c74af0a3f88a1bb8e,8dd9879f11edea7f25f587ae72f928a6f3ab2e5c81fc9400c13642364ad90443,False
C0,83080,True,LiEuAs,12,115.49420119286515,1000,1,2.0,0.1,01dd3e86805165412e0810e2a77a4756f8e1020f3ff2707c74af0a3f88a1bb8e,,False
FT0,83080,True,Mn2C,12,114.47896196483634,1000,1,2.0,0.1,01dd3e86805165412e0810e2a77a4756f8e1020f3ff2707c74af0a3f88a1bb8e,1cd254568463ae4d7774193fa0a0e97925cdad3b6c505c1e5f5dd4e7968f6960,False
TCL,83080,True,Eu5Ge3Ir4,12,113.02287639118731,1000,1,2.0,0.1,01dd3e86805165412e0810e2a77a4756f8e1020f3ff2707c74af0a3f88a1bb8e,8dd9879f11edea7f25f587ae72f928a6f3ab2e5c81fc9400c13642364ad90443,False
C0,83081,True,ZrCdCo17,19,115.46846753801219,1000,1,2.0,0.1,01dd3e86805165412e0810e2a77a4756f8e1020f3ff2707c74af0a3f88a1bb8e,,False
FT0,83081,True,Mn13C6,19,123.1920657090377,1000,1,2.0,0.1,01dd3e86805165412e0810e2a77a4756f8e1020f3ff2707c74af0a3f88a1bb8e,1cd254568463ae4d7774193fa0a0e97925cdad3b6c505c1e5f5dd4e7968f6960,False
TCL,83081,True,Mn13C6,19,115.00299411593005,1000,1,2.0,0.1,01dd3e86805165412e0810e2a77a4756f8e1020f3ff2707c74af0a3f88a1bb8e,8dd9879f11edea7f25f587ae72f928a6f3ab2e5c81fc9400c13642364ad90443,False
C0,83082,True,AlFe6Re,8,113.658082597889,1000,1,2.0,0.1,01dd3e86805165412e0810e2a77a4756f8e1020f3ff2707c74af0a3f88a1bb8e,,False
FT0,83082,True,Mn3C,8,111.93796146893874,1000,1,2.0,0.1,01dd3e86805165412e0810e2a77a4756f8e1020f3ff2707c74af0a3f88a1bb8e,1cd254568463ae4d7774193fa0a0e97925cdad3b6c505c1e5f5dd4e7968f6960,False
TCL,83082,True,Mn5FeSiGe,8,112.44018026790582,1000,1,2.0,0.1,01dd3e86805165412e0810e2a77a4756f8e1020f3ff2707c74af0a3f88a1bb8e,8dd9879f11edea7f25f587ae72f928a6f3ab2e5c81fc9400c13642364ad90443,False
C0,83083,True,Eu2Si2O7,11,112.5721977041103,1000,1,2.0,0.1,01dd3e86805165412e0810e2a77a4756f8e1020f3ff2707c74af0a3f88a1bb8e,,False
FT0,83083,True,Mn7C4,11,112.61936040013097,1000,1,2.0,0.1,01dd3e86805165412e0810e2a77a4756f8e1020f3ff2707c74af0a3f88a1bb8e,1cd254568463ae4d7774193fa0a0e97925cdad3b6c505c1e5f5dd4e7968f6960,False
TCL,83083,True,EuMn7As3,11,116.35263790702447,1000,1,2.0,0.1,01dd3e86805165412e0810e2a77a4756f8e1020f3ff2707c74af0a3f88a1bb8e,8dd9879f11edea7f25f587ae72f928a6f3ab2e5c81fc9400c13642364ad90443,False
C0,83084,True,Al2Fe8C3,13,116.21363145415671,1000,1,2.0,0.1,01dd3e86805165412e0810e2a77a4756f8e1020f3ff2707c74af0a3f88a1bb8e,,False
FT0,83084,True,Mn6FeC6,13,116.91555103287101,1000,1,2.0,0.1,01dd3e86805165412e0810e2a77a4756f8e1020f3ff2707c74af0a3f88a1bb8e,1cd254568463ae4d7774193fa0a0e97925cdad3b6c505c1e5f5dd4e7968f6960,False
TCL,83084,True,Gd4Si2Pt7,13,124.16919969092123,1000,1,2.0,0.1,01dd3e86805165412e0810e2a77a4756f8e1020f3ff2707c74af0a3f88a1bb8e,8dd9879f11edea7f25f587ae72f928a6f3ab2e5c81fc9400c13642364ad90443,False
C0,83085,True,Eu7AsN4,12,120.66526605701074,1000,1,2.0,0.1,01dd3e86805165412e0810e2a77a4756f8e1020f3ff2707c74af0a3f88a1bb8e,,False
FT0,83085,True,Mn3FeC2,12,113.80197840696201,1000,1,2.0,0.1,01dd3e86805165412e0810e2a77a4756f8e1020f3ff2707c74af0a3f88a1bb8e,1cd254568463ae4d7774193fa0a0e97925cdad3b6c505c1e5f5dd4e7968f6960,False
TCL,83085,True,Eu2Ir,12,115.03555481205694,1000,1,2.0,0.1,01dd3e86805165412e0810e2a77a4756f8e1020f3ff2707c74af0a3f88a1bb8e,8dd9879f11edea7f25f587ae72f928a6f3ab2e5c81fc9400c13642364ad90443,False
C0,83086,True,MnBeFe10(BW)4,20,113.57890592189506,1000,1,2.0,0.1,01dd3e86805165412e0810e2a77a4756f8e1020f3ff2707c74af0a3f88a1bb8e,,False
FT0,83086,True,Mn10Fe3IrC6,20,113.84825205500238,1000,1,2.0,0.1,01dd3e86805165412e0810e2a77a4756f8e1020f3ff2707c74af0a3f88a1bb8e,1cd254568463ae4d7774193fa0a0e97925cdad3b6c505c1e5f5dd4e7968f6960,False
TCL,83086,True,Mn5Cu2H6Pd7,20,120.83878559106961,1000,1,2.0,0.1,01dd3e86805165412e0810e2a77a4756f8e1020f3ff2707c74af0a3f88a1bb8e,8dd9879f11edea7f25f587ae72f928a6f3ab2e5c81fc9400c13642364ad90443,False
C0,83087,True,Mn3OF5,18,113.18509472208098,1000,1,2.0,0.1,01dd3e86805165412e0810e2a77a4756f8e1020f3ff2707c74af0a3f88a1bb8e,,False
FT0,83087,True,Mn13C5,18,120.85820912802592,1000,1,2.0,0.1,01dd3e86805165412e0810e2a77a4756f8e1020f3ff2707c74af0a3f88a1bb8e,1cd254568463ae4d7774193fa0a0e97925cdad3b6c505c1e5f5dd4e7968f6960,False
TCL,83087,True,Mn2C,18,118.91706127184443,1000,1,2.0,0.1,01dd3e86805165412e0810e2a77a4756f8e1020f3ff2707c74af0a3f88a1bb8e,8dd9879f11edea7f25f587ae72f928a6f3ab2e5c81fc9400c13642364ad90443,False
C0,83088,True,FeRh,12,124.53354000300169,1000,1,2.0,0.1,01dd3e86805165412e0810e2a77a4756f8e1020f3ff2707c74af0a3f88a1bb8e,,False
FT0,83088,True,Mn2C,12,115.57533241598867,1000,1,2.0,0.1,01dd3e86805165412e0810e2a77a4756f8e1020f3ff2707c74af0a3f88a1bb8e,1cd254568463ae4d7774193fa0a0e97925cdad3b6c505c1e5f5dd4e7968f6960,False
TCL,83088,True,Ca4RhN,12,114.4369043270126,1000,1,2.0,0.1,01dd3e86805165412e0810e2a77a4756f8e1020f3ff2707c74af0a3f88a1bb8e,8dd9879f11edea7f25f587ae72f928a6f3ab2e5c81fc9400c13642364ad90443,False
C0,83089,True,Co7Ni8,15,114.79372559022158,1000,1,2.0,0.1,01dd3e86805165412e0810e2a77a4756f8e1020f3ff2707c74af0a3f88a1bb8e,,False
FT0,83089,True,Mn2C,15,113.63374360790476,1000,1,2.0,0.1,01dd3e86805165412e0810e2a77a4756f8e1020f3ff2707c74af0a3f88a1bb8e,1cd254568463ae4d7774193fa0a0e97925cdad3b6c505c1e5f5dd4e7968f6960,False
TCL,83089,True,Mn,15,120.03475317405537,1000,1,2.0,0.1,01dd3e86805165412e0810e2a77a4756f8e1020f3ff2707c74af0a3f88a1bb8e,8dd9879f11edea7f25f587ae72f928a6f3ab2e5c81fc9400c13642364ad90443,False
C0,83090,True,Gd3Pb,4,119.78602499212138,1000,1,2.0,0.1,01dd3e86805165412e0810e2a77a4756f8e1020f3ff2707c74af0a3f88a1bb8e,,False
FT0,83090,True,LiGd2Pb,4,115.73770029190928,1000,1,2.0,0.1,01dd3e86805165412e0810e2a77a4756f8e1020f3ff2707c74af0a3f88a1bb8e,1cd254568463ae4d7774193fa0a0e97925cdad3b6c505c1e5f5dd4e7968f6960,False
TCL,83090,True,Fe2HN,4,115.15572192589752,1000,1,2.0,0.1,01dd3e86805165412e0810e2a77a4756f8e1020f3ff2707c74af0a3f88a1bb8e,8dd9879f11edea7f25f587ae72f928a6f3ab2e5c81fc9400c13642364ad90443,False
C0,83091,True,Eu2Ni8GeP,12,114.04288333794102,1000,1,2.0,0.1,01dd3e86805165412e0810e2a77a4756f8e1020f3ff2707c74af0a3f88a1bb8e,,False
FT0,83091,True,Mn2C,12,113.3516497251112,1000,1,2.0,0.1,01dd3e86805165412e0810e2a77a4756f8e1020f3ff2707c74af0a3f88a1bb8e,1cd254568463ae4d7774193fa0a0e97925cdad3b6c505c1e5f5dd4e7968f6960,False
TCL,83091,True,Eu5Ga3Ir4,12,112.1728332939092,1000,1,2.0,0.1,01dd3e86805165412e0810e2a77a4756f8e1020f3ff2707c74af0a3f88a1bb8e,8dd9879f11edea7f25f587ae72f928a6f3ab2e5c81fc9400c13642364ad90443,False
C0,83092,True,AlFe4Re,6,112.12359634484164,1000,1,2.0,0.1,01dd3e86805165412e0810e2a77a4756f8e1020f3ff2707c74af0a3f88a1bb8e,,False
FT0,83092,True,Mn5Fe,6,120.18247108208016,1000,1,2.0,0.1,01dd3e86805165412e0810e2a77a4756f8e1020f3ff2707c74af0a3f88a1bb8e,1cd254568463ae4d7774193fa0a0e97925cdad3b6c505c1e5f5dd4e7968f6960,False
TCL,83092,True,EuInNi,6,111.72420355118811,1000,1,2.0,0.1,01dd3e86805165412e0810e2a77a4756f8e1020f3ff2707c74af0a3f88a1bb8e,8dd9879f11edea7f25f587ae72f928a6f3ab2e5c81fc9400c13642364ad90443,False
C0,83093,True,Li3Fe4O3F8,18,116.84694596193731,1000,1,2.0,0.1,01dd3e86805165412e0810e2a77a4756f8e1020f3ff2707c74af0a3f88a1bb8e,,False
FT0,83093,True,Mn2C,18,112.74509579013102,1000,1,2.0,0.1,01dd3e86805165412e0810e2a77a4756f8e1020f3ff2707c74af0a3f88a1bb8e,1cd254568463ae4d7774193fa0a0e97925cdad3b6c505c1e5f5dd4e7968f6960,False
TCL,83093,True,Mn12TlC5,18,115.06395268812776,1000,1,2.0,0.1,01dd3e86805165412e0810e2a77a4756f8e1020f3ff2707c74af0a3f88a1bb8e,8dd9879f11edea7f25f587ae72f928a6f3ab2e5c81fc9400c13642364ad90443,False
C0,83094,True,TbGd2Fe3Ni2O11,19,122.54771865298972,1000,1,2.0,0.1,01dd3e86805165412e0810e2a77a4756f8e1020f3ff2707c74af0a3f88a1bb8e,,False
FT0,83094,True,Mn12Au2C5,19,115.61845547612756,1000,1,2.0,0.1,01dd3e86805165412e0810e2a77a4756f8e1020f3ff2707c74af0a3f88a1bb8e,1cd254568463ae4d7774193fa0a0e97925cdad3b6c505c1e5f5dd4e7968f6960,False
TCL,83094,True,Mn15C4,19,125.08950573508628,1000,1,2.0,0.1,01dd3e86805165412e0810e2a77a4756f8e1020f3ff2707c74af0a3f88a1bb8e,8dd9879f11edea7f25f587ae72f928a6f3ab2e5c81fc9400c13642364ad90443,False
C0,83095,True,Eu2SiBr,4,116.66432669805363,1000,1,2.0,0.1,01dd3e86805165412e0810e2a77a4756f8e1020f3ff2707c74af0a3f88a1bb8e,,False
FT0,83095,True,Eu2MgSi,4,115.55387307493947,1000,1,2.0,0.1,01dd3e86805165412e0810e2a77a4756f8e1020f3ff2707c74af0a3f88a1bb8e,1cd254568463ae4d7774193fa0a0e97925cdad3b6c505c1e5f5dd4e7968f6960,False
TCL,83095,True,Eu2MgSi,4,113.46872829110362,1000,1,2.0,0.1,01dd3e86805165412e0810e2a77a4756f8e1020f3ff2707c74af0a3f88a1bb8e,8dd9879f11edea7f25f587ae72f928a6f3ab2e5c81fc9400c13642364ad90443,False
C0,83096,True,Y(FeCo)2,10,112.99221827997826,1000,1,2.0,0.1,01dd3e86805165412e0810e2a77a4756f8e1020f3ff2707c74af0a3f88a1bb8e,,False
FT0,83096,True,Mn9Co,10,116.77280274615623,1000,1,2.0,0.1,01dd3e86805165412e0810e2a77a4756f8e1020f3ff2707c74af0a3f88a1bb8e,1cd254568463ae4d7774193fa0a0e97925cdad3b6c505c1e5f5dd4e7968f6960,False
TCL,83096,True,TbYFe8,10,119.86370181501843,1000,1,2.0,0.1,01dd3e86805165412e0810e2a77a4756f8e1020f3ff2707c74af0a3f88a1bb8e,8dd9879f11edea7f25f587ae72f928a6f3ab2e5c81fc9400c13642364ad90443,False
C0,83097,True,Eu(MnN)2,10,114.42579140211456,1000,1,2.0,0.1,01dd3e86805165412e0810e2a77a4756f8e1020f3ff2707c74af0a3f88a1bb8e,,False
FT0,83097,True,Mn7As3,10,120.8639300710056,1000,1,2.0,0.1,01dd3e86805165412e0810e2a77a4756f8e1020f3ff2707c74af0a3f88a1bb8e,1cd254568463ae4d7774193fa0a0e97925cdad3b6c505c1e5f5dd4e7968f6960,False
TCL,83097,True,Mn7Ga2C,10,116.12411883007735,1000,1,2.0,0.1,01dd3e86805165412e0810e2a77a4756f8e1020f3ff2707c74af0a3f88a1bb8e,8dd9879f11edea7f25f587ae72f928a6f3ab2e5c81fc9400c13642364ad90443,False
C0,83098,True,Eu3O2,10,114.3809678859543,1000,1,2.0,0.1,01dd3e86805165412e0810e2a77a4756f8e1020f3ff2707c74af0a3f88a1bb8e,,False
FT0,83098,True,Mn,10,112.21581312990747,1000,1,2.0,0.1,01dd3e86805165412e0810e2a77a4756f8e1020f3ff2707c74af0a3f88a1bb8e,1cd254568463ae4d7774193fa0a0e97925cdad3b6c505c1e5f5dd4e7968f6960,False
TCL,83098,True,Eu2Ge2Pt,10,116.03522693202831,1000,1,2.0,0.1,01dd3e86805165412e0810e2a77a4756f8e1020f3ff2707c74af0a3f88a1bb8e,8dd9879f11edea7f25f587ae72f928a6f3ab2e5c81fc9400c13642364ad90443,False
C0,83099,True,GdCrReO7,10,123.97314279689454,1000,1,2.0,0.1,01dd3e86805165412e0810e2a77a4756f8e1020f3ff2707c74af0a3f88a1bb8e,,False
FT0,83099,True,Mn7AsPH,10,112.28379052504897,1000,1,2.0,0.1,01dd3e86805165412e0810e2a77a4756f8e1020f3ff2707c74af0a3f88a1bb8e,1cd254568463ae4d7774193fa0a0e97925cdad3b6c505c1e5f5dd4e7968f6960,False
TCL,83099,True,Eu4(GdAu)3,10,122.47974665393122,1000,1,2.0,0.1,01dd3e86805165412e0810e2a77a4756f8e1020f3ff2707c74af0a3f88a1bb8e,8dd9879f11edea7f25f587ae72f928a6f3ab2e5c81fc9400c13642364ad90443,False
C0,83100,True,Fe3H7,10,114.77525029494427,1000,1,2.0,0.1,01dd3e86805165412e0810e2a77a4756f8e1020f3ff2707c74af0a3f88a1bb8e,,False
FT0,83100,True,Mn7PtN2,10,116.74435258214362,1000,1,2.0,0.1,01dd3e86805165412e0810e2a77a4756f8e1020f3ff2707c74af0a3f88a1bb8e,1cd254568463ae4d7774193fa0a0e97925cdad3b6c505c1e5f5dd4e7968f6960,False
TCL,83100,True,Eu2SnPt2,10,120.61909736809321,1000,1,2.0,0.1,01dd3e86805165412e0810e2a77a4756f8e1020f3ff2707c74af0a3f88a1bb8e,8dd9879f11edea7f25f587ae72f928a6f3ab2e5c81fc9400c13642364ad90443,False
C0,83101,True,CaGdFe2O5,9,114.49483637488447,1000,1,2.0,0.1,01dd3e86805165412e0810e2a77a4756f8e1020f3ff2707c74af0a3f88a1bb8e,,False
FT0,83101,True,Mn2C,9,114.98855735803954,1000,1,2.0,0.1,01dd3e86805165412e0810e2a77a4756f8e1020f3ff2707c74af0a3f88a1bb8e,1cd254568463ae4d7774193fa0a0e97925cdad3b6c505c1e5f5dd4e7968f6960,False
TCL,83101,True,GdGePt,9,123.25215925392695,1000,1,2.0,0.1,01dd3e86805165412e0810e2a77a4756f8e1020f3ff2707c74af0a3f88a1bb8e,8dd9879f11edea7f25f587ae72f928a6f3ab2e5c81fc9400c13642364ad90443,False
C0,83102,True,ZnFe2CoH,5,114.34127856208943,1000,1,2.0,0.1,01dd3e86805165412e0810e2a77a4756f8e1020f3ff2707c74af0a3f88a1bb8e,,False
FT0,83102,True,EuFeAs3,5,114.24174634111114,1000,1,2.0,0.1,01dd3e86805165412e0810e2a77a4756f8e1020f3ff2707c74af0a3f88a1bb8e,1cd254568463ae4d7774193fa0a0e97925cdad3b6c505c1e5f5dd4e7968f6960,False
TCL,83102,True,Eu2Fe3,5,115.41285871900618,1000,1,2.0,0.1,01dd3e86805165412e0810e2a77a4756f8e1020f3ff2707c74af0a3f88a1bb8e,8dd9879f11edea7f25f587ae72f928a6f3ab2e5c81fc9400c13642364ad90443,False
C0,83103,True,HfFe4Rh,6,112.4670289400965,1000,1,2.0,0.1,01dd3e86805165412e0810e2a77a4756f8e1020f3ff2707c74af0a3f88a1bb8e,,False
FT0,83103,True,Mn,6,114.44818844203837,1000,1,2.0,0.1,01dd3e86805165412e0810e2a77a4756f8e1020f3ff2707c74af0a3f88a1bb8e,1cd254568463ae4d7774193fa0a0e97925cdad3b6c505c1e5f5dd4e7968f6960,False
TCL,83103,True,TaFe5,6,113.46252128086053,1000,1,2.0,0.1,01dd3e86805165412e0810e2a77a4756f8e1020f3ff2707c74af0a3f88a1bb8e,8dd9879f11edea7f25f587ae72f928a6f3ab2e5c81fc9400c13642364ad90443,False
C0,83104,True,LiFeF3,10,112.96941734990105,1000,1,2.0,0.1,01dd3e86805165412e0810e2a77a4756f8e1020f3ff2707c74af0a3f88a1bb8e,,False
FT0,83104,True,Mn4P,10,112.79435074399225,1000,1,2.0,0.1,01dd3e86805165412e0810e2a77a4756f8e1020f3ff2707c74af0a3f88a1bb8e,1cd254568463ae4d7774193fa0a0e97925cdad3b6c505c1e5f5dd4e7968f6960,False
TCL,83104,True,Mn3AlC,10,121.56527885398827,1000,1,2.0,0.1,01dd3e86805165412e0810e2a77a4756f8e1020f3ff2707c74af0a3f88a1bb8e,8dd9879f11edea7f25f587ae72f928a6f3ab2e5c81fc9400c13642364ad90443,False
C0,83105,True,SrEuO3,10,117.00869368598796,1000,1,2.0,0.1,01dd3e86805165412e0810e2a77a4756f8e1020f3ff2707c74af0a3f88a1bb8e,,False
FT0,83105,True,TiMn9,10,114.40938328113407,1000,1,2.0,0.1,01dd3e86805165412e0810e2a77a4756f8e1020f3ff2707c74af0a3f88a1bb8e,1cd254568463ae4d7774193fa0a0e97925cdad3b6c505c1e5f5dd4e7968f6960,False
TCL,83105,True,Cs2Eu5Sb3,10,115.56224234309047,1000,1,2.0,0.1,01dd3e86805165412e0810e2a77a4756f8e1020f3ff2707c74af0a3f88a1bb8e,8dd9879f11edea7f25f587ae72f928a6f3ab2e5c81fc9400c13642364ad90443,False
C0,83106,True,MnAlFe4,6,120.69526367797516,1000,1,2.0,0.1,01dd3e86805165412e0810e2a77a4756f8e1020f3ff2707c74af0a3f88a1bb8e,,False
FT0,83106,True,Mn2C,6,116.4794405689463,1000,1,2.0,0.1,01dd3e86805165412e0810e2a77a4756f8e1020f3ff2707c74af0a3f88a1bb8e,1cd254568463ae4d7774193fa0a0e97925cdad3b6c505c1e5f5dd4e7968f6960,False
TCL,83106,True,Eu2I,6,121.64554965915158,1000,1,2.0,0.1,01dd3e86805165412e0810e2a77a4756f8e1020f3ff2707c74af0a3f88a1bb8e,8dd9879f11edea7f25f587ae72f928a6f3ab2e5c81fc9400c13642364ad90443,False
C0,83107,True,NdEu2Cd,4,120.51646970119327,1000,1,2.0,0.1,01dd3e86805165412e0810e2a77a4756f8e1020f3ff2707c74af0a3f88a1bb8e,,False
FT0,83107,True,EuAs2Pt,4,112.26366873504594,1000,1,2.0,0.1,01dd3e86805165412e0810e2a77a4756f8e1020f3ff2707c74af0a3f88a1bb8e,1cd254568463ae4d7774193fa0a0e97925cdad3b6c505c1e5f5dd4e7968f6960,False
TCL,83107,True,Eu3Cd,4,123.32246088190004,1000,1,2.0,0.1,01dd3e86805165412e0810e2a77a4756f8e1020f3ff2707c74af0a3f88a1bb8e,8dd9879f11edea7f25f587ae72f928a6f3ab2e5c81fc9400c13642364ad90443,False
C0,83108,True,Eu5AgSb2O,9,120.00398980407044,1000,1,2.0,0.1,01dd3e86805165412e0810e2a77a4756f8e1020f3ff2707c74af0a3f88a1bb8e,,False
FT0,83108,True,Mn8Os,9,114.72849102993496,1000,1,2.0,0.1,01dd3e86805165412e0810e2a77a4756f8e1020f3ff2707c74af0a3f88a1bb8e,1cd254568463ae4d7774193fa0a0e97925cdad3b6c505c1e5f5dd4e7968f6960,False
TCL,83108,True,Eu4Si3Ag2,9,123.5839708331041,1000,1,2.0,0.1,01dd3e86805165412e0810e2a77a4756f8e1020f3ff2707c74af0a3f88a1bb8e,8dd9879f11edea7f25f587ae72f928a6f3ab2e5c81fc9400c13642364ad90443,False
C0,83109,True,Nd2Eu4WO11,18,115.21718546305783,1000,1,2.0,0.1,01dd3e86805165412e0810e2a77a4756f8e1020f3ff2707c74af0a3f88a1bb8e,,False
FT0,83109,True,Mn5C,18,113.34479417605326,1000,1,2.0,0.1,01dd3e86805165412e0810e2a77a4756f8e1020f3ff2707c74af0a3f88a1bb8e,1cd254568463ae4d7774193fa0a0e97925cdad3b6c505c1e5f5dd4e7968f6960,False
TCL,83109,True,SrNdEuMn8O7,18,115.5639416188933,1000,1,2.0,0.1,01dd3e86805165412e0810e2a77a4756f8e1020f3ff2707c74af0a3f88a1bb8e,8dd9879f11edea7f25f587ae72f928a6f3ab2e5c81fc9400c13642364ad90443,False
C0,83110,True,Fe6Co2H,18,114.48553946893662,1000,1,2.0,0.1,01dd3e86805165412e0810e2a77a4756f8e1020f3ff2707c74af0a3f88a1bb8e,,False
FT0,83110,True,Mn6PC2,18,118.21539081283845,1000,1,2.0,0.1,01dd3e86805165412e0810e2a77a4756f8e1020f3ff2707c74af0a3f88a1bb8e,1cd254568463ae4d7774193fa0a0e97925cdad3b6c505c1e5f5dd4e7968f6960,False
TCL,83110,True,Mn8Fe,18,116.29726318106987,1000,1,2.0,0.1,01dd3e86805165412e0810e2a77a4756f8e1020f3ff2707c74af0a3f88a1bb8e,8dd9879f11edea7f25f587ae72f928a6f3ab2e5c81fc9400c13642364ad90443,False
C0,83111,True,Eu2NCl,4,117.14155326993205,1000,1,2.0,0.1,01dd3e86805165412e0810e2a77a4756f8e1020f3ff2707c74af0a3f88a1bb8e,,False
FT0,83111,True,LiEu2As,4,120.92510141991079,1000,1,2.0,0.1,01dd3e86805165412e0810e2a77a4756f8e1020f3ff2707c74af0a3f88a1bb8e,1cd254568463ae4d7774193fa0a0e97925cdad3b6c505c1e5f5dd4e7968f6960,False
TCL,83111,True,Eu3Cu,4,113.8760326479096,1000,1,2.0,0.1,01dd3e86805165412e0810e2a77a4756f8e1020f3ff2707c74af0a3f88a1bb8e,8dd9879f11edea7f25f587ae72f928a6f3ab2e5c81fc9400c13642364ad90443,False
C0,83112,True,Fe5(CoNi)2,9,122.02834784681909,1000,1,2.0,0.1,01dd3e86805165412e0810e2a77a4756f8e1020f3ff2707c74af0a3f88a1bb8e,,False
FT0,83112,True,Mn2As,9,116.15805435087532,1000,1,2.0,0.1,01dd3e86805165412e0810e2a77a4756f8e1020f3ff2707c74af0a3f88a1bb8e,1cd254568463ae4d7774193fa0a0e97925cdad3b6c505c1e5f5dd4e7968f6960,False
TCL,83112,True,Fe2Ge,9,116.1472955478821,1000,1,2.0,0.1,01dd3e86805165412e0810e2a77a4756f8e1020f3ff2707c74af0a3f88a1bb8e,8dd9879f11edea7f25f587ae72f928a6f3ab2e5c81fc9400c13642364ad90443,False
C0,83113,True,BaCeGdMn2FeO9,15,114.49644449586049,1000,1,2.0,0.1,01dd3e86805165412e0810e2a77a4756f8e1020f3ff2707c74af0a3f88a1bb8e,,False
FT0,83113,True,Mn11C4,15,114.18588515394367,1000,1,2.0,0.1,01dd3e86805165412e0810e2a77a4756f8e1020f3ff2707c74af0a3f88a1bb8e,1cd254568463ae4d7774193fa0a0e97925cdad3b6c505c1e5f5dd4e7968f6960,False
TCL,83113,True,Mn13Al2,15,121.42598162894137,1000,1,2.0,0.1,01dd3e86805165412e0810e2a77a4756f8e1020f3ff2707c74af0a3f88a1bb8e,8dd9879f11edea7f25f587ae72f928a6f3ab2e5c81fc9400c13642364ad90443,False
C0,83114,True,ZnFe5,6,114.93175112293102,1000,1,2.0,0.1,01dd3e86805165412e0810e2a77a4756f8e1020f3ff2707c74af0a3f88a1bb8e,,False
FT0,83114,True,Mn2C,6,112.71507891314104,1000,1,2.0,0.1,01dd3e86805165412e0810e2a77a4756f8e1020f3ff2707c74af0a3f88a1bb8e,1cd254568463ae4d7774193fa0a0e97925cdad3b6c505c1e5f5dd4e7968f6960,False
TCL,83114,True,Fe2P,6,112.06175206112675,1000,1,2.0,0.1,01dd3e86805165412e0810e2a77a4756f8e1020f3ff2707c74af0a3f88a1bb8e,8dd9879f11edea7f25f587ae72f928a6f3ab2e5c81fc9400c13642364ad90443,False
C0,83115,True,BaEuGd2O6,10,122.93788693612441,1000,1,2.0,0.1,01dd3e86805165412e0810e2a77a4756f8e1020f3ff2707c74af0a3f88a1bb8e,,False
FT0,83115,True,Mn3As2,10,116.0726299630478,1000,1,2.0,0.1,01dd3e86805165412e0810e2a77a4756f8e1020f3ff2707c74af0a3f88a1bb8e,1cd254568463ae4d7774193fa0a0e97925cdad3b6c505c1e5f5dd4e7968f6960,False
TCL,83115,True,Mn2CuNi2O5,10,115.00523673510179,1000,1,2.0,0.1,01dd3e86805165412e0810e2a77a4756f8e1020f3ff2707c74af0a3f88a1bb8e,8dd9879f11edea7f25f587ae72f928a6f3ab2e5c81fc9400c13642364ad90443,False
C0,83116,True,KEuBr3,5,115.1588576331269,1000,1,2.0,0.1,01dd3e86805165412e0810e2a77a4756f8e1020f3ff2707c74af0a3f88a1bb8e,,False
FT0,83116,True,Eu2GePd2,5,116.20029231579974,1000,1,2.0,0.1,01dd3e86805165412e0810e2a77a4756f8e1020f3ff2707c74af0a3f88a1bb8e,1cd254568463ae4d7774193fa0a0e97925cdad3b6c505c1e5f5dd4e7968f6960,False
TCL,83116,True,Eu2PBr2,5,111.9333739709109,1000,1,2.0,0.1,01dd3e86805165412e0810e2a77a4756f8e1020f3ff2707c74af0a3f88a1bb8e,8dd9879f11edea7f25f587ae72f928a6f3ab2e5c81fc9400c13642364ad90443,False
C0,83117,True,Li(MnH2)3,20,123.02096022712067,1000,1,2.0,0.1,01dd3e86805165412e0810e2a77a4756f8e1020f3ff2707c74af0a3f88a1bb8e,,False
FT0,83117,True,Mn13C7,20,121.15248992294073,1000,1,2.0,0.1,01dd3e86805165412e0810e2a77a4756f8e1020f3ff2707c74af0a3f88a1bb8e,1cd254568463ae4d7774193fa0a0e97925cdad3b6c505c1e5f5dd4e7968f6960,False
TCL,83117,True,Mn7GeB2,20,124.22170827817172,1000,1,2.0,0.1,01dd3e86805165412e0810e2a77a4756f8e1020f3ff2707c74af0a3f88a1bb8e,8dd9879f11edea7f25f587ae72f928a6f3ab2e5c81fc9400c13642364ad90443,False
C0,83118,True,Eu3Zn2O6,11,114.20270221796818,1000,1,2.0,0.1,01dd3e86805165412e0810e2a77a4756f8e1020f3ff2707c74af0a3f88a1bb8e,,False
FT0,83118,True,Mn8C3,11,116.0466244420968,1000,1,2.0,0.1,01dd3e86805165412e0810e2a77a4756f8e1020f3ff2707c74af0a3f88a1bb8e,1cd254568463ae4d7774193fa0a0e97925cdad3b6c505c1e5f5dd4e7968f6960,False
TCL,83118,True,Mn7(AlC)2,11,118.00588907697238,1000,1,2.0,0.1,01dd3e86805165412e0810e2a77a4756f8e1020f3ff2707c74af0a3f88a1bb8e,8dd9879f11edea7f25f587ae72f928a6f3ab2e5c81fc9400c13642364ad90443,False
C0,83119,True,Eu3AsN,5,117.20012261695229,1000,1,2.0,0.1,01dd3e86805165412e0810e2a77a4756f8e1020f3ff2707c74af0a3f88a1bb8e,,False
FT0,83119,True,Eu2FeAs2,5,112.63632682291791,1000,1,2.0,0.1,01dd3e86805165412e0810e2a77a4756f8e1020f3ff2707c74af0a3f88a1bb8e,1cd254568463ae4d7774193fa0a0e97925cdad3b6c505c1e5f5dd4e7968f6960,False
TCL,83119,True,Eu4Co,5,116.9335540921893,1000,1,2.0,0.1,01dd3e86805165412e0810e2a77a4756f8e1020f3ff2707c74af0a3f88a1bb8e,8dd9879f11edea7f25f587ae72f928a6f3ab2e5c81fc9400c13642364ad90443,False
C0,83120,True,GdCuPb,3,115.84979212284088,1000,1,2.0,0.1,01dd3e86805165412e0810e2a77a4756f8e1020f3ff2707c74af0a3f88a1bb8e,,False
FT0,83120,True,GdInCu,3,121.6883251320105,1000,1,2.0,0.1,01dd3e86805165412e0810e2a77a4756f8e1020f3ff2707c74af0a3f88a1bb8e,1cd254568463ae4d7774193fa0a0e97925cdad3b6c505c1e5f5dd4e7968f6960,False
TCL,83120,True,Gd,3,116.00837910687551,1000,1,2.0,0.1,01dd3e86805165412e0810e2a77a4756f8e1020f3ff2707c74af0a3f88a1bb8e,8dd9879f11edea7f25f587ae72f928a6f3ab2e5c81fc9400c13642364ad90443,False
C0,83121,True,Eu3Mg2(NiSb2)2,11,122.54291110904887,1000,1,2.0,0.1,01dd3e86805165412e0810e2a77a4756f8e1020f3ff2707c74af0a3f88a1bb8e,,False
FT0,83121,True,Mn7C4,11,115.59460427891463,1000,1,2.0,0.1,01dd3e86805165412e0810e2a77a4756f8e1020f3ff2707c74af0a3f88a1bb8e,1cd254568463ae4d7774193fa0a0e97925cdad3b6c505c1e5f5dd4e7968f6960,False
TCL,83121,True,Eu4Tl3Pt4,11,114.08111989102326,1000,1,2.0,0.1,01dd3e86805165412e0810e2a77a4756f8e1020f3ff2707c74af0a3f88a1bb8e,8dd9879f11edea7f25f587ae72f928a6f3ab2e5c81fc9400c13642364ad90443,False
C0,83122,True,Eu3FeO6,10,114.95313585898839,1000,1,2.0,0.1,01dd3e86805165412e0810e2a77a4756f8e1020f3ff2707c74af0a3f88a1bb8e,,False
FT0,83122,True,Mn3CN,10,123.25100538809784,1000,1,2.0,0.1,01dd3e86805165412e0810e2a77a4756f8e1020f3ff2707c74af0a3f88a1bb8e,1cd254568463ae4d7774193fa0a0e97925cdad3b6c505c1e5f5dd4e7968f6960,False
TCL,83122,True,Eu2Al3,10,116.06428031995893,1000,1,2.0,0.1,01dd3e86805165412e0810e2a77a4756f8e1020f3ff2707c74af0a3f88a1bb8e,8dd9879f11edea7f25f587ae72f928a6f3ab2e5c81fc9400c13642364ad90443,False
C0,83123,True,Eu3H2N,6,112.40476711490192,1000,1,2.0,0.1,01dd3e86805165412e0810e2a77a4756f8e1020f3ff2707c74af0a3f88a1bb8e,,False
FT0,83123,True,MnPt2,6,112.5027838719543,1000,1,2.0,0.1,01dd3e86805165412e0810e2a77a4756f8e1020f3ff2707c74af0a3f88a1bb8e,1cd254568463ae4d7774193fa0a0e97925cdad3b6c505c1e5f5dd4e7968f6960,False
TCL,83123,True,CaEu5,6,123.05479324515909,1000,1,2.0,0.1,01dd3e86805165412e0810e2a77a4756f8e1020f3ff2707c74af0a3f88a1bb8e,8dd9879f11edea7f25f587ae72f928a6f3ab2e5c81fc9400c13642364ad90443,False
C0,83124,True,EuF2,12,112.23375232797116,1000,1,2.0,0.1,01dd3e86805165412e0810e2a77a4756f8e1020f3ff2707c74af0a3f88a1bb8e,,False
FT0,83124,True,Mn2C,12,120.2716394381132,1000,1,2.0,0.1,01dd3e86805165412e0810e2a77a4756f8e1020f3ff2707c74af0a3f88a1bb8e,1cd254568463ae4d7774193fa0a0e97925cdad3b6c505c1e5f5dd4e7968f6960,False
TCL,83124,True,Eu2As,12,120.9325953151565,1000,1,2.0,0.1,01dd3e86805165412e0810e2a77a4756f8e1020f3ff2707c74af0a3f88a1bb8e,8dd9879f11edea7f25f587ae72f928a6f3ab2e5c81fc9400c13642364ad90443,False
C0,83125,True,EuFeH3,5,124.2564367481973,1000,1,2.0,0.1,01dd3e86805165412e0810e2a77a4756f8e1020f3ff2707c74af0a3f88a1bb8e,,False
FT0,83125,True,EuMnPt3,5,119.77404536586255,1000,1,2.0,0.1,01dd3e86805165412e0810e2a77a4756f8e1020f3ff2707c74af0a3f88a1bb8e,1cd254568463ae4d7774193fa0a0e97925cdad3b6c505c1e5f5dd4e7968f6960,False
TCL,83125,True,Eu2Ga3,5,113.3024595240131,1000,1,2.0,0.1,01dd3e86805165412e0810e2a77a4756f8e1020f3ff2707c74af0a3f88a1bb8e,8dd9879f11edea7f25f587ae72f928a6f3ab2e5c81fc9400c13642364ad90443,False
C0,83126,True,Fe3Sn,4,122.5823427469004,1000,1,2.0,0.1,01dd3e86805165412e0810e2a77a4756f8e1020f3ff2707c74af0a3f88a1bb8e,,False
FT0,83126,True,FePt,4,124.84349724184722,1000,1,2.0,0.1,01dd3e86805165412e0810e2a77a4756f8e1020f3ff2707c74af0a3f88a1bb8e,1cd254568463ae4d7774193fa0a0e97925cdad3b6c505c1e5f5dd4e7968f6960,False
TCL,83126,True,Eu3Y,4,113.92809474701062,1000,1,2.0,0.1,01dd3e86805165412e0810e2a77a4756f8e1020f3ff2707c74af0a3f88a1bb8e,8dd9879f11edea7f25f587ae72f928a6f3ab2e5c81fc9400c13642364ad90443,False
C0,83127,True,Mn7O6F5,18,113.44448577100411,1000,1,2.0,0.1,01dd3e86805165412e0810e2a77a4756f8e1020f3ff2707c74af0a3f88a1bb8e,,False
FT0,83127,True,Mn13FeC4,18,121.52866430208087,1000,1,2.0,0.1,01dd3e86805165412e0810e2a77a4756f8e1020f3ff2707c74af0a3f88a1bb8e,1cd254568463ae4d7774193fa0a0e97925cdad3b6c505c1e5f5dd4e7968f6960,False
TCL,83127,True,Mn12FeC5,18,116.15763703198172,1000,1,2.0,0.1,01dd3e86805165412e0810e2a77a4756f8e1020f3ff2707c74af0a3f88a1bb8e,8dd9879f11edea7f25f587ae72f928a6f3ab2e5c81fc9400c13642364ad90443,False
C0,83128,True,Ca3EuO4,8,116.62446603900753,1000,1,2.0,0.1,01dd3e86805165412e0810e2a77a4756f8e1020f3ff2707c74af0a3f88a1bb8e,,False
FT0,83128,True,Mn4AsP3,8,113.56216903915629,1000,1,2.0,0.1,01dd3e86805165412e0810e2a77a4756f8e1020f3ff2707c74af0a3f88a1bb8e,1cd254568463ae4d7774193fa0a0e97925cdad3b6c505c1e5f5dd4e7968f6960,False
TCL,83128,True,Ca3EuO4,8,114.74414556403644,1000,1,2.0,0.1,01dd3e86805165412e0810e2a77a4756f8e1020f3ff2707c74af0a3f88a1bb8e,8dd9879f11edea7f25f587ae72f928a6f3ab2e5c81fc9400c13642364ad90443,False
C0,83129,True,ZnFe4O4F9,18,114.81374805304222,1000,1,2.0,0.1,01dd3e86805165412e0810e2a77a4756f8e1020f3ff2707c74af0a3f88a1bb8e,,False
FT0,83129,True,Mn11PtWC5,18,118.36285642115399,1000,1,2.0,0.1,01dd3e86805165412e0810e2a77a4756f8e1020f3ff2707c74af0a3f88a1bb8e,1cd254568463ae4d7774193fa0a0e97925cdad3b6c505c1e5f5dd4e7968f6960,False
TCL,83129,True,Mn9Fe5C4,18,113.93312593409792,1000,1,2.0,0.1,01dd3e86805165412e0810e2a77a4756f8e1020f3ff2707c74af0a3f88a1bb8e,8dd9879f11edea7f25f587ae72f928a6f3ab2e5c81fc9400c13642364ad90443,False
C0,83130,True,Mn9N4,13,115.47537158802152,1000,1,2.0,0.1,01dd3e86805165412e0810e2a77a4756f8e1020f3ff2707c74af0a3f88a1bb8e,,False
FT0,83130,True,Mn9C4,13,116.9553881760221,1000,1,2.0,0.1,01dd3e86805165412e0810e2a77a4756f8e1020f3ff2707c74af0a3f88a1bb8e,1cd254568463ae4d7774193fa0a0e97925cdad3b6c505c1e5f5dd4e7968f6960,False
TCL,83130,True,Mn,13,125.37091928883456,1000,1,2.0,0.1,01dd3e86805165412e0810e2a77a4756f8e1020f3ff2707c74af0a3f88a1bb8e,8dd9879f11edea7f25f587ae72f928a6f3ab2e5c81fc9400c13642364ad90443,False
C0,83131,True,Fe5Pt,6,112.62138463091105,1000,1,2.0,0.1,01dd3e86805165412e0810e2a77a4756f8e1020f3ff2707c74af0a3f88a1bb8e,,False
FT0,83131,True,Mn5As,6,114.06288057402708,1000,1,2.0,0.1,01dd3e86805165412e0810e2a77a4756f8e1020f3ff2707c74af0a3f88a1bb8e,1cd254568463ae4d7774193fa0a0e97925cdad3b6c505c1e5f5dd4e7968f6960,False
TCL,83131,True,MnFe,6,115.65406836406328,1000,1,2.0,0.1,01dd3e86805165412e0810e2a77a4756f8e1020f3ff2707c74af0a3f88a1bb8e,8dd9879f11edea7f25f587ae72f928a6f3ab2e5c81fc9400c13642364ad90443,False
C0,83132,True,Fe2NiRh,4,121.06848631985486,1000,1,2.0,0.1,01dd3e86805165412e0810e2a77a4756f8e1020f3ff2707c74af0a3f88a1bb8e,,False
FT0,83132,True,MnPtAu2,4,112.1968351751566,1000,1,2.0,0.1,01dd3e86805165412e0810e2a77a4756f8e1020f3ff2707c74af0a3f88a1bb8e,1cd254568463ae4d7774193fa0a0e97925cdad3b6c505c1e5f5dd4e7968f6960,False
TCL,83132,True,Eu,4,115.85235559404828,1000,1,2.0,0.1,01dd3e86805165412e0810e2a77a4756f8e1020f3ff2707c74af0a3f88a1bb8e,8dd9879f11edea7f25f587ae72f928a6f3ab2e5c81fc9400c13642364ad90443,False
C0,83133,True,Co4NiRu,6,112.68394760601223,1000,1,2.0,0.1,01dd3e86805165412e0810e2a77a4756f8e1020f3ff2707c74af0a3f88a1bb8e,,False
FT0,83133,True,Mn2C,6,119.11233531706966,1000,1,2.0,0.1,01dd3e86805165412e0810e2a77a4756f8e1020f3ff2707c74af0a3f88a1bb8e,1cd254568463ae4d7774193fa0a0e97925cdad3b6c505c1e5f5dd4e7968f6960,False
TCL,83133,True,LiEu2,6,122.6172367008403,1000,1,2.0,0.1,01dd3e86805165412e0810e2a77a4756f8e1020f3ff2707c74af0a3f88a1bb8e,8dd9879f11edea7f25f587ae72f928a6f3ab2e5c81fc9400c13642364ad90443,False
C0,83134,True,Li4Mn3O7,14,115.4010497070849,1000,1,2.0,0.1,01dd3e86805165412e0810e2a77a4756f8e1020f3ff2707c74af0a3f88a1bb8e,,False
FT0,83134,True,Mn11As3,14,118.39287503389642,1000,1,2.0,0.1,01dd3e86805165412e0810e2a77a4756f8e1020f3ff2707c74af0a3f88a1bb8e,1cd254568463ae4d7774193fa0a0e97925cdad3b6c505c1e5f5dd4e7968f6960,False
TCL,83134,True,Mn11FeH2,14,117.7973793190904,1000,1,2.0,0.1,01dd3e86805165412e0810e2a77a4756f8e1020f3ff2707c74af0a3f88a1bb8e,8dd9879f11edea7f25f587ae72f928a6f3ab2e5c81fc9400c13642364ad90443,False
C0,83135,True,NbV(FeCo)2,12,114.73393920995295,1000,1,2.0,0.1,01dd3e86805165412e0810e2a77a4756f8e1020f3ff2707c74af0a3f88a1bb8e,,False
FT0,83135,True,Mn2C,12,115.72398147895001,1000,1,2.0,0.1,01dd3e86805165412e0810e2a77a4756f8e1020f3ff2707c74af0a3f88a1bb8e,1cd254568463ae4d7774193fa0a0e97925cdad3b6c505c1e5f5dd4e7968f6960,False
TCL,83135,True,MnO,12,115.08063046191819,1000,1,2.0,0.1,01dd3e86805165412e0810e2a77a4756f8e1020f3ff2707c74af0a3f88a1bb8e,8dd9879f11edea7f25f587ae72f928a6f3ab2e5c81fc9400c13642364ad90443,False
C0,83136,True,EuAlGeH,8,112.8821795899421,1000,1,2.0,0.1,01dd3e86805165412e0810e2a77a4756f8e1020f3ff2707c74af0a3f88a1bb8e,,False
FT0,83136,True,Mn3C,8,114.31800704682246,1000,1,2.0,0.1,01dd3e86805165412e0810e2a77a4756f8e1020f3ff2707c74af0a3f88a1bb8e,1cd254568463ae4d7774193fa0a0e97925cdad3b6c505c1e5f5dd4e7968f6960,False
TCL,83136,True,Eu3Ge2Pt3,8,115.22267163381912,1000,1,2.0,0.1,01dd3e86805165412e0810e2a77a4756f8e1020f3ff2707c74af0a3f88a1bb8e,8dd9879f11edea7f25f587ae72f928a6f3ab2e5c81fc9400c13642364ad90443,False
C0,83137,True,Mn3Al(Fe2Si)4,16,123.00164378504269,1000,1,2.0,0.1,01dd3e86805165412e0810e2a77a4756f8e1020f3ff2707c74af0a3f88a1bb8e,,False
FT0,83137,True,Mn3C,16,112.69564399705268,1000,1,2.0,0.1,01dd3e86805165412e0810e2a77a4756f8e1020f3ff2707c74af0a3f88a1bb8e,1cd254568463ae4d7774193fa0a0e97925cdad3b6c505c1e5f5dd4e7968f6960,False
TCL,83137,True,Mn7Co9,16,116.44336831010878,1000,1,2.0,0.1,01dd3e86805165412e0810e2a77a4756f8e1020f3ff2707c74af0a3f88a1bb8e,8dd9879f11edea7f25f587ae72f928a6f3ab2e5c81fc9400c13642364ad90443,False
C0,83138,True,Li3GdV2CrNi2O11,20,114.12625988293439,1000,1,2.0,0.1,01dd3e86805165412e0810e2a77a4756f8e1020f3ff2707c74af0a3f88a1bb8e,,False
FT0,83138,True,Mn13C7,20,122.0646802589763,1000,1,2.0,0.1,01dd3e86805165412e0810e2a77a4756f8e1020f3ff2707c74af0a3f88a1bb8e,1cd254568463ae4d7774193fa0a0e97925cdad3b6c505c1e5f5dd4e7968f6960,False
TCL,83138,True,Mn15Fe4C,20,115.87782867904752,1000,1,2.0,0.1,01dd3e86805165412e0810e2a77a4756f8e1020f3ff2707c74af0a3f88a1bb8e,8dd9879f11edea7f25f587ae72f928a6f3ab2e5c81fc9400c13642364ad90443,False
C0,83139,True,Eu3Au,4,113.11600928404368,1000,1,2.0,0.1,01dd3e86805165412e0810e2a77a4756f8e1020f3ff2707c74af0a3f88a1bb8e,,False
FT0,83139,True,Eu2PAu,4,119.99820680893026,1000,1,2.0,0.1,01dd3e86805165412e0810e2a77a4756f8e1020f3ff2707c74af0a3f88a1bb8e,1cd254568463ae4d7774193fa0a0e97925cdad3b6c505c1e5f5dd4e7968f6960,False
TCL,83139,True,SrEu2Au,4,111.97724888497032,1000,1,2.0,0.1,01dd3e86805165412e0810e2a77a4756f8e1020f3ff2707c74af0a3f88a1bb8e,8dd9879f11edea7f25f587ae72f928a6f3ab2e5c81fc9400c13642364ad90443,False
C0,83140,True,EuNiC2,8,115.88558244286105,1000,1,2.0,0.1,01dd3e86805165412e0810e2a77a4756f8e1020f3ff2707c74af0a3f88a1bb8e,,False
FT0,83140,True,MnAs,8,113.45512369298376,1000,1,2.0,0.1,01dd3e86805165412e0810e2a77a4756f8e1020f3ff2707c74af0a3f88a1bb8e,1cd254568463ae4d7774193fa0a0e97925cdad3b6c505c1e5f5dd4e7968f6960,False
TCL,83140,True,Fe3Ru,8,113.1020376868546,1000,1,2.0,0.1,01dd3e86805165412e0810e2a77a4756f8e1020f3ff2707c74af0a3f88a1bb8e,8dd9879f11edea7f25f587ae72f928a6f3ab2e5c81fc9400c13642364ad90443,False
C0,83141,True,Li2Eu13,15,113.60673572402447,1000,1,2.0,0.1,01dd3e86805165412e0810e2a77a4756f8e1020f3ff2707c74af0a3f88a1bb8e,,False
FT0,83141,True,Mn3C2,15,117.3032711490523,1000,1,2.0,0.1,01dd3e86805165412e0810e2a77a4756f8e1020f3ff2707c74af0a3f88a1bb8e,1cd254568463ae4d7774193fa0a0e97925cdad3b6c505c1e5f5dd4e7968f6960,False
TCL,83141,True,Eu14Ni,15,123.66885112412274,1000,1,2.0,0.1,01dd3e86805165412e0810e2a77a4756f8e1020f3ff2707c74af0a3f88a1bb8e,8dd9879f11edea7f25f587ae72f928a6f3ab2e5c81fc9400c13642364ad90443,False
C0,83142,True,MnCrNiRh,4,121.02414374798536,1000,1,2.0,0.1,01dd3e86805165412e0810e2a77a4756f8e1020f3ff2707c74af0a3f88a1bb8e,,False
FT0,83142,True,MnMoC2,4,114.98232855601236,1000,1,2.0,0.1,01dd3e86805165412e0810e2a77a4756f8e1020f3ff2707c74af0a3f88a1bb8e,1cd254568463ae4d7774193fa0a0e97925cdad3b6c505c1e5f5dd4e7968f6960,False
TCL,83142,True,Mn2CrNi,4,115.8813799098134,1000,1,2.0,0.1,01dd3e86805165412e0810e2a77a4756f8e1020f3ff2707c74af0a3f88a1bb8e,8dd9879f11edea7f25f587ae72f928a6f3ab2e5c81fc9400c13642364ad90443,False
C0,83143,True,CaEu3Rh,5,116.03903221897781,1000,1,2.0,0.1,01dd3e86805165412e0810e2a77a4756f8e1020f3ff2707c74af0a3f88a1bb8e,,False
FT0,83143,True,Mn3AuC,5,116.26429528393783,1000,1,2.0,0.1,01dd3e86805165412e0810e2a77a4756f8e1020f3ff2707c74af0a3f88a1bb8e,1cd254568463ae4d7774193fa0a0e97925cdad3b6c505c1e5f5dd4e7968f6960,False
TCL,83143,True,Eu2PtRh2,5,113.83869751007296,1000,1,2.0,0.1,01dd3e86805165412e0810e2a77a4756f8e1020f3ff2707c74af0a3f88a1bb8e,8dd9879f11edea7f25f587ae72f928a6f3ab2e5c81fc9400c13642364ad90443,False
C0,83144,True,Fe3Si,8,112.30070404196158,1000,1,2.0,0.1,01dd3e86805165412e0810e2a77a4756f8e1020f3ff2707c74af0a3f88a1bb8e,,False
FT0,83144,True,Mn7As,8,112.4779819229152,1000,1,2.0,0.1,01dd3e86805165412e0810e2a77a4756f8e1020f3ff2707c74af0a3f88a1bb8e,1cd254568463ae4d7774193fa0a0e97925cdad3b6c505c1e5f5dd4e7968f6960,False
TCL,83144,True,Mn3Ge,8,115.77247695089318,1000,1,2.0,0.1,01dd3e86805165412e0810e2a77a4756f8e1020f3ff2707c74af0a3f88a1bb8e,8dd9879f11edea7f25f587ae72f928a6f3ab2e5c81fc9400c13642364ad90443,False
C0,83145,True,Eu3N2,10,121.54928772291169,1000,1,2.0,0.1,01dd3e86805165412e0810e2a77a4756f8e1020f3ff2707c74af0a3f88a1bb8e,,False
FT0,83145,True,Mn3C2,10,116.13557694898918,1000,1,2.0,0.1,01dd3e86805165412e0810e2a77a4756f8e1020f3ff2707c74af0a3f88a1bb8e,1cd254568463ae4d7774193fa0a0e97925cdad3b6c505c1e5f5dd4e7968f6960,False
TCL,83145,True,Eu2GdGe2,10,113.91579843289219,1000,1,2.0,0.1,01dd3e86805165412e0810e2a77a4756f8e1020f3ff2707c74af0a3f88a1bb8e,8dd9879f11edea7f25f587ae72f928a6f3ab2e5c81fc9400c13642364ad90443,False
C0,83146,True,AlFe5,6,122.92899290286005,1000,1,2.0,0.1,01dd3e86805165412e0810e2a77a4756f8e1020f3ff2707c74af0a3f88a1bb8e,,False
FT0,83146,True,Mn5Fe,6,113.30971095501445,1000,1,2.0,0.1,01dd3e86805165412e0810e2a77a4756f8e1020f3ff2707c74af0a3f88a1bb8e,1cd254568463ae4d7774193fa0a0e97925cdad3b6c505c1e5f5dd4e7968f6960,False
TCL,83146,True,Eu2As,6,115.62705252598971,1000,1,2.0,0.1,01dd3e86805165412e0810e2a77a4756f8e1020f3ff2707c74af0a3f88a1bb8e,8dd9879f11edea7f25f587ae72f928a6f3ab2e5c81fc9400c13642364ad90443,False
C0,83147,True,GdNiGe,6,121.18280778615735,1000,1,2.0,0.1,01dd3e86805165412e0810e2a77a4756f8e1020f3ff2707c74af0a3f88a1bb8e,,False
FT0,83147,True,Mn5Ni,6,112.93713743193075,1000,1,2.0,0.1,01dd3e86805165412e0810e2a77a4756f8e1020f3ff2707c74af0a3f88a1bb8e,1cd254568463ae4d7774193fa0a0e97925cdad3b6c505c1e5f5dd4e7968f6960,False
TCL,83147,True,Gd2NiGe3,6,113.07005344494246,1000,1,2.0,0.1,01dd3e86805165412e0810e2a77a4756f8e1020f3ff2707c74af0a3f88a1bb8e,8dd9879f11edea7f25f587ae72f928a6f3ab2e5c81fc9400c13642364ad90443,False
C0,83148,True,Eu7O10F3,20,112.28896785411052,1000,1,2.0,0.1,01dd3e86805165412e0810e2a77a4756f8e1020f3ff2707c74af0a3f88a1bb8e,,False
FT0,83148,True,Mn7C3,20,119.04554994497448,1000,1,2.0,0.1,01dd3e86805165412e0810e2a77a4756f8e1020f3ff2707c74af0a3f88a1bb8e,1cd254568463ae4d7774193fa0a0e97925cdad3b6c505c1e5f5dd4e7968f6960,False
TCL,83148,True,Eu2MnInO6,20,123.20743519696407,1000,1,2.0,0.1,01dd3e86805165412e0810e2a77a4756f8e1020f3ff2707c74af0a3f88a1bb8e,8dd9879f11edea7f25f587ae72f928a6f3ab2e5c81fc9400c13642364ad90443,False
C0,83149,True,GdNi10Pb,12,112.9489846569486,1000,1,2.0,0.1,01dd3e86805165412e0810e2a77a4756f8e1020f3ff2707c74af0a3f88a1bb8e,,False
FT0,83149,True,Mn7C5,12,113.08986516203731,1000,1,2.0,0.1,01dd3e86805165412e0810e2a77a4756f8e1020f3ff2707c74af0a3f88a1bb8e,1cd254568463ae4d7774193fa0a0e97925cdad3b6c505c1e5f5dd4e7968f6960,False
TCL,83149,True,Mn5Re,12,116.14541056798771,1000,1,2.0,0.1,01dd3e86805165412e0810e2a77a4756f8e1020f3ff2707c74af0a3f88a1bb8e,8dd9879f11edea7f25f587ae72f928a6f3ab2e5c81fc9400c13642364ad90443,False
C0,83150,True,SmFe3,12,115.69180245487951,1000,1,2.0,0.1,01dd3e86805165412e0810e2a77a4756f8e1020f3ff2707c74af0a3f88a1bb8e,,False
FT0,83150,True,Mn2C,12,113.53709481609985,1000,1,2.0,0.1,01dd3e86805165412e0810e2a77a4756f8e1020f3ff2707c74af0a3f88a1bb8e,1cd254568463ae4d7774193fa0a0e97925cdad3b6c505c1e5f5dd4e7968f6960,False
TCL,83150,True,Mn7GeN4,12,119.152555631008,1000,1,2.0,0.1,01dd3e86805165412e0810e2a77a4756f8e1020f3ff2707c74af0a3f88a1bb8e,8dd9879f11edea7f25f587ae72f928a6f3ab2e5c81fc9400c13642364ad90443,False
C0,83151,True,Fe3Ge,4,115.34163450100459,1000,1,2.0,0.1,01dd3e86805165412e0810e2a77a4756f8e1020f3ff2707c74af0a3f88a1bb8e,,False
FT0,83151,True,Eu2NiPt,4,114.37276221998036,1000,1,2.0,0.1,01dd3e86805165412e0810e2a77a4756f8e1020f3ff2707c74af0a3f88a1bb8e,1cd254568463ae4d7774193fa0a0e97925cdad3b6c505c1e5f5dd4e7968f6960,False
TCL,83151,True,Eu3Ni,4,121.25850066379644,1000,1,2.0,0.1,01dd3e86805165412e0810e2a77a4756f8e1020f3ff2707c74af0a3f88a1bb8e,8dd9879f11edea7f25f587ae72f928a6f3ab2e5c81fc9400c13642364ad90443,False
C0,83152,True,EuCuNi,12,116.12435137294233,1000,1,2.0,0.1,01dd3e86805165412e0810e2a77a4756f8e1020f3ff2707c74af0a3f88a1bb8e,,False
FT0,83152,True,Mn2C,12,116.42124609299935,1000,1,2.0,0.1,01dd3e86805165412e0810e2a77a4756f8e1020f3ff2707c74af0a3f88a1bb8e,1cd254568463ae4d7774193fa0a0e97925cdad3b6c505c1e5f5dd4e7968f6960,False
TCL,83152,True,EuAlCu,12,112.88925651088357,1000,1,2.0,0.1,01dd3e86805165412e0810e2a77a4756f8e1020f3ff2707c74af0a3f88a1bb8e,8dd9879f11edea7f25f587ae72f928a6f3ab2e5c81fc9400c13642364ad90443,False
C0,83153,True,Fe3Ni5H4,12,126.7281224699691,1000,1,2.0,0.1,01dd3e86805165412e0810e2a77a4756f8e1020f3ff2707c74af0a3f88a1bb8e,,False
FT0,83153,True,Mn2C,12,119.69903774186969,1000,1,2.0,0.1,01dd3e86805165412e0810e2a77a4756f8e1020f3ff2707c74af0a3f88a1bb8e,1cd254568463ae4d7774193fa0a0e97925cdad3b6c505c1e5f5dd4e7968f6960,False
TCL,83153,True,EuGaPt,12,113.40260029397905,1000,1,2.0,0.1,01dd3e86805165412e0810e2a77a4756f8e1020f3ff2707c74af0a3f88a1bb8e,8dd9879f11edea7f25f587ae72f928a6f3ab2e5c81fc9400c13642364ad90443,False
C0,83154,True,Eu3NO7,11,113.79909034306183,1000,1,2.0,0.1,01dd3e86805165412e0810e2a77a4756f8e1020f3ff2707c74af0a3f88a1bb8e,,False
FT0,83154,True,Mn7C4,11,113.53094426495954,1000,1,2.0,0.1,01dd3e86805165412e0810e2a77a4756f8e1020f3ff2707c74af0a3f88a1bb8e,1cd254568463ae4d7774193fa0a0e97925cdad3b6c505c1e5f5dd4e7968f6960,False
TCL,83154,True,Eu6Mg2Pt3,11,117.62589237606153,1000,1,2.0,0.1,01dd3e86805165412e0810e2a77a4756f8e1020f3ff2707c74af0a3f88a1bb8e,8dd9879f11edea7f25f587ae72f928a6f3ab2e5c81fc9400c13642364ad90443,False
C0,83155,True,Eu5Co3P4,12,112.66137512098067,1000,1,2.0,0.1,01dd3e86805165412e0810e2a77a4756f8e1020f3ff2707c74af0a3f88a1bb8e,,False
FT0,83155,True,Mn7FeC4,12,113.23944461205974,1000,1,2.0,0.1,01dd3e86805165412e0810e2a77a4756f8e1020f3ff2707c74af0a3f88a1bb8e,1cd254568463ae4d7774193fa0a0e97925cdad3b6c505c1e5f5dd4e7968f6960,False
TCL,83155,True,EuTlPt,12,115.53533294610679,1000,1,2.0,0.1,01dd3e86805165412e0810e2a77a4756f8e1020f3ff2707c74af0a3f88a1bb8e,8dd9879f11edea7f25f587ae72f928a6f3ab2e5c81fc9400c13642364ad90443,False
C0,83156,True,Eu2LuO2,10,114.0988768930547,1000,1,2.0,0.1,01dd3e86805165412e0810e2a77a4756f8e1020f3ff2707c74af0a3f88a1bb8e,,False
FT0,83156,True,Mn6As3H,10,116.28434870787896,1000,1,2.0,0.1,01dd3e86805165412e0810e2a77a4756f8e1020f3ff2707c74af0a3f88a1bb8e,1cd254568463ae4d7774193fa0a0e97925cdad3b6c505c1e5f5dd4e7968f6960,False
TCL,83156,True,Mn3AsN,10,115.8629191510845,1000,1,2.0,0.1,01dd3e86805165412e0810e2a77a4756f8e1020f3ff2707c74af0a3f88a1bb8e,8dd9879f11edea7f25f587ae72f928a6f3ab2e5c81fc9400c13642364ad90443,False
C0,83157,True,Eu4O7F,12,115.79431382706389,1000,1,2.0,0.1,01dd3e86805165412e0810e2a77a4756f8e1020f3ff2707c74af0a3f88a1bb8e,,False
FT0,83157,True,MnC,12,112.61740644508973,1000,1,2.0,0.1,01dd3e86805165412e0810e2a77a4756f8e1020f3ff2707c74af0a3f88a1bb8e,1cd254568463ae4d7774193fa0a0e97925cdad3b6c505c1e5f5dd4e7968f6960,False
TCL,83157,True,EuGaIr,12,114.87144520692527,1000,1,2.0,0.1,01dd3e86805165412e0810e2a77a4756f8e1020f3ff2707c74af0a3f88a1bb8e,8dd9879f11edea7f25f587ae72f928a6f3ab2e5c81fc9400c13642364ad90443,False
C0,83158,True,Eu2ZnCd,4,115.79810935095884,1000,1,2.0,0.1,01dd3e86805165412e0810e2a77a4756f8e1020f3ff2707c74af0a3f88a1bb8e,,False
FT0,83158,True,EuCu2Sn,4,116.3950401369948,1000,1,2.0,0.1,01dd3e86805165412e0810e2a77a4756f8e1020f3ff2707c74af0a3f88a1bb8e,1cd254568463ae4d7774193fa0a0e97925cdad3b6c505c1e5f5dd4e7968f6960,False
TCL,83158,True,Eu2CuPt,4,115.11328628403135,1000,1,2.0,0.1,01dd3e86805165412e0810e2a77a4756f8e1020f3ff2707c74af0a3f88a1bb8e,8dd9879f11edea7f25f587ae72f928a6f3ab2e5c81fc9400c13642364ad90443,False
C0,83159,True,MnCuO3,10,115.87207844806835,1000,1,2.0,0.1,01dd3e86805165412e0810e2a77a4756f8e1020f3ff2707c74af0a3f88a1bb8e,,False
FT0,83159,True,Mn3C2,10,113.12330576009117,1000,1,2.0,0.1,01dd3e86805165412e0810e2a77a4756f8e1020f3ff2707c74af0a3f88a1bb8e,1cd254568463ae4d7774193fa0a0e97925cdad3b6c505c1e5f5dd4e7968f6960,False
TCL,83159,True,LaMnRh3,10,120.59039285802282,1000,1,2.0,0.1,01dd3e86805165412e0810e2a77a4756f8e1020f3ff2707c74af0a3f88a1bb8e,8dd9879f11edea7f25f587ae72f928a6f3ab2e5c81fc9400c13642364ad90443,False
C0,83160,True,EuGa,4,116.98456412903033,1000,1,2.0,0.1,01dd3e86805165412e0810e2a77a4756f8e1020f3ff2707c74af0a3f88a1bb8e,,False
FT0,83160,True,Mn2CoPt,4,113.45906938798726,1000,1,2.0,0.1,01dd3e86805165412e0810e2a77a4756f8e1020f3ff2707c74af0a3f88a1bb8e,1cd254568463ae4d7774193fa0a0e97925cdad3b6c505c1e5f5dd4e7968f6960,False
TCL,83160,True,Eu2GePt,4,116.23597634513862,1000,1,2.0,0.1,01dd3e86805165412e0810e2a77a4756f8e1020f3ff2707c74af0a3f88a1bb8e,8dd9879f11edea7f25f587ae72f928a6f3ab2e5c81fc9400c13642364ad90443,False
C0,83161,True,GaFe5,6,114.35422868281603,1000,1,2.0,0.1,01dd3e86805165412e0810e2a77a4756f8e1020f3ff2707c74af0a3f88a1bb8e,,False
FT0,83161,True,Mn2Ga,6,113.53422105801292,1000,1,2.0,0.1,01dd3e86805165412e0810e2a77a4756f8e1020f3ff2707c74af0a3f88a1bb8e,1cd254568463ae4d7774193fa0a0e97925cdad3b6c505c1e5f5dd4e7968f6960,False
TCL,83161,True,Mn5Os,6,121.88105759886093,1000,1,2.0,0.1,01dd3e86805165412e0810e2a77a4756f8e1020f3ff2707c74af0a3f88a1bb8e,8dd9879f11edea7f25f587ae72f928a6f3ab2e5c81fc9400c13642364ad90443,False
C0,83162,True,Mn3HC,5,112.94693056005053,1000,1,2.0,0.1,01dd3e86805165412e0810e2a77a4756f8e1020f3ff2707c74af0a3f88a1bb8e,,False
FT0,83162,True,Mn3Au2,5,115.34014155808836,1000,1,2.0,0.1,01dd3e86805165412e0810e2a77a4756f8e1020f3ff2707c74af0a3f88a1bb8e,1cd254568463ae4d7774193fa0a0e97925cdad3b6c505c1e5f5dd4e7968f6960,False
TCL,83162,True,Mn2Au3,5,114.05517178610899,1000,1,2.0,0.1,01dd3e86805165412e0810e2a77a4756f8e1020f3ff2707c74af0a3f88a1bb8e,8dd9879f11edea7f25f587ae72f928a6f3ab2e5c81fc9400c13642364ad90443,False
C0,83163,True,Mn2GaFe2O9,14,117.4460138399154,1000,1,2.0,0.1,01dd3e86805165412e0810e2a77a4756f8e1020f3ff2707c74af0a3f88a1bb8e,,False
FT0,83163,True,Mn10ReC3,14,115.21660409821197,1000,1,2.0,0.1,01dd3e86805165412e0810e2a77a4756f8e1020f3ff2707c74af0a3f88a1bb8e,1cd254568463ae4d7774193fa0a0e97925cdad3b6c505c1e5f5dd4e7968f6960,False
TCL,83163,True,Gd5Ga4Rh5,14,122.62870695302263,1000,1,2.0,0.1,01dd3e86805165412e0810e2a77a4756f8e1020f3ff2707c74af0a3f88a1bb8e,8dd9879f11edea7f25f587ae72f928a6f3ab2e5c81fc9400c13642364ad90443,False
C0,83164,True,Eu4Si2H,14,117.811345129041,1000,1,2.0,0.1,01dd3e86805165412e0810e2a77a4756f8e1020f3ff2707c74af0a3f88a1bb8e,,False
FT0,83164,True,Mn9C5,14,115.21316171484068,1000,1,2.0,0.1,01dd3e86805165412e0810e2a77a4756f8e1020f3ff2707c74af0a3f88a1bb8e,1cd254568463ae4d7774193fa0a0e97925cdad3b6c505c1e5f5dd4e7968f6960,False
TCL,83164,True,Eu5Ir2,14,116.40951362997293,1000,1,2.0,0.1,01dd3e86805165412e0810e2a77a4756f8e1020f3ff2707c74af0a3f88a1bb8e,8dd9879f11edea7f25f587ae72f928a6f3ab2e5c81fc9400c13642364ad90443,False
C0,83165,True,Eu6S5O4,15,115.55168432812206,1000,1,2.0,0.1,01dd3e86805165412e0810e2a77a4756f8e1020f3ff2707c74af0a3f88a1bb8e,,False
FT0,83165,True,Mn11C4,15,120.69932496291585,1000,1,2.0,0.1,01dd3e86805165412e0810e2a77a4756f8e1020f3ff2707c74af0a3f88a1bb8e,1cd254568463ae4d7774193fa0a0e97925cdad3b6c505c1e5f5dd4e7968f6960,False
TCL,83165,True,Mn11C4,15,116.28244537487626,1000,1,2.0,0.1,01dd3e86805165412e0810e2a77a4756f8e1020f3ff2707c74af0a3f88a1bb8e,8dd9879f11edea7f25f587ae72f928a6f3ab2e5c81fc9400c13642364ad90443,False
C0,83166,True,Gd3(OF3)2,11,114.70735903596506,1000,1,2.0,0.1,01dd3e86805165412e0810e2a77a4756f8e1020f3ff2707c74af0a3f88a1bb8e,,False
FT0,83166,True,Mn6C5,11,113.21830079611391,1000,1,2.0,0.1,01dd3e86805165412e0810e2a77a4756f8e1020f3ff2707c74af0a3f88a1bb8e,1cd254568463ae4d7774193fa0a0e97925cdad3b6c505c1e5f5dd4e7968f6960,False
TCL,83166,True,Mn8C3,11,116.46241630800068,1000,1,2.0,0.1,01dd3e86805165412e0810e2a77a4756f8e1020f3ff2707c74af0a3f88a1bb8e,8dd9879f11edea7f25f587ae72f928a6f3ab2e5c81fc9400c13642364ad90443,False
C0,83167,True,Eu(FeO2)3,10,121.09577803104185,1000,1,2.0,0.1,01dd3e86805165412e0810e2a77a4756f8e1020f3ff2707c74af0a3f88a1bb8e,,False
FT0,83167,True,Mn4As,10,116.16024088603444,1000,1,2.0,0.1,01dd3e86805165412e0810e2a77a4756f8e1020f3ff2707c74af0a3f88a1bb8e,1cd254568463ae4d7774193fa0a0e97925cdad3b6c505c1e5f5dd4e7968f6960,False
TCL,83167,True,Fe2Co3,10,114.00068570999429,1000,1,2.0,0.1,01dd3e86805165412e0810e2a77a4756f8e1020f3ff2707c74af0a3f88a1bb8e,8dd9879f11edea7f25f587ae72f928a6f3ab2e5c81fc9400c13642364ad90443,False
C0,83168,True,Eu2GaPb,4,112.58973809913732,1000,1,2.0,0.1,01dd3e86805165412e0810e2a77a4756f8e1020f3ff2707c74af0a3f88a1bb8e,,False
FT0,83168,True,Mn2GaC,4,114.53473520907573,1000,1,2.0,0.1,01dd3e86805165412e0810e2a77a4756f8e1020f3ff2707c74af0a3f88a1bb8e,1cd254568463ae4d7774193fa0a0e97925cdad3b6c505c1e5f5dd4e7968f6960,False
TCL,83168,True,Eu2GaPd,4,117.31553264590912,1000,1,2.0,0.1,01dd3e86805165412e0810e2a77a4756f8e1020f3ff2707c74af0a3f88a1bb8e,8dd9879f11edea7f25f587ae72f928a6f3ab2e5c81fc9400c13642364ad90443,False
C0,83169,True,Eu5CdPt3,9,114.53565359208733,1000,1,2.0,0.1,01dd3e86805165412e0810e2a77a4756f8e1020f3ff2707c74af0a3f88a1bb8e,,False
FT0,83169,True,Mn2As,9,114.62275625695474,1000,1,2.0,0.1,01dd3e86805165412e0810e2a77a4756f8e1020f3ff2707c74af0a3f88a1bb8e,1cd254568463ae4d7774193fa0a0e97925cdad3b6c505c1e5f5dd4e7968f6960,False
TCL,83169,True,EuSnPt,9,130.60670688305981,1000,1,2.0,0.1,01dd3e86805165412e0810e2a77a4756f8e1020f3ff2707c74af0a3f88a1bb8e,8dd9879f11edea7f25f587ae72f928a6f3ab2e5c81fc9400c13642364ad90443,False
C0,83170,True,NdEu3,4,112.72223832411692,1000,1,2.0,0.1,01dd3e86805165412e0810e2a77a4756f8e1020f3ff2707c74af0a3f88a1bb8e,,False
FT0,83170,True,Eu2HgGe,4,115.18874926678836,1000,1,2.0,0.1,01dd3e86805165412e0810e2a77a4756f8e1020f3ff2707c74af0a3f88a1bb8e,1cd254568463ae4d7774193fa0a0e97925cdad3b6c505c1e5f5dd4e7968f6960,False
TCL,83170,True,Eu2ZnPt,4,123.53422050108202,1000,1,2.0,0.1,01dd3e86805165412e0810e2a77a4756f8e1020f3ff2707c74af0a3f88a1bb8e,8dd9879f11edea7f25f587ae72f928a6f3ab2e5c81fc9400c13642364ad90443,False
C0,83171,True,Li2MnNi3(OF)3,12,114.73745678015985,1000,1,2.0,0.1,01dd3e86805165412e0810e2a77a4756f8e1020f3ff2707c74af0a3f88a1bb8e,,False
FT0,83171,True,Mn2As,12,116.13935628696345,1000,1,2.0,0.1,01dd3e86805165412e0810e2a77a4756f8e1020f3ff2707c74af0a3f88a1bb8e,1cd254568463ae4d7774193fa0a0e97925cdad3b6c505c1e5f5dd4e7968f6960,False
TCL,83171,True,Mn11Co,12,123.32767373812385,1000,1,2.0,0.1,01dd3e86805165412e0810e2a77a4756f8e1020f3ff2707c74af0a3f88a1bb8e,8dd9879f11edea7f25f587ae72f928a6f3ab2e5c81fc9400c13642364ad90443,False
C0,83172,True,Fe5HRh2,8,112.55756441806443,1000,1,2.0,0.1,01dd3e86805165412e0810e2a77a4756f8e1020f3ff2707c74af0a3f88a1bb8e,,False
FT0,83172,True,Mn3C,8,112.61068069702014,1000,1,2.0,0.1,01dd3e86805165412e0810e2a77a4756f8e1020f3ff2707c74af0a3f88a1bb8e,1cd254568463ae4d7774193fa0a0e97925cdad3b6c505c1e5f5dd4e7968f6960,False
TCL,83172,True,Eu3Rh,8,115.00393759296276,1000,1,2.0,0.1,01dd3e86805165412e0810e2a77a4756f8e1020f3ff2707c74af0a3f88a1bb8e,8dd9879f11edea7f25f587ae72f928a6f3ab2e5c81fc9400c13642364ad90443,False
C0,83173,True,NO3,8,114.85922758816741,1000,1,2.0,0.1,01dd3e86805165412e0810e2a77a4756f8e1020f3ff2707c74af0a3f88a1bb8e,,False
FT0,83173,True,Mn5C3,8,117.53429372818209,1000,1,2.0,0.1,01dd3e86805165412e0810e2a77a4756f8e1020f3ff2707c74af0a3f88a1bb8e,1cd254568463ae4d7774193fa0a0e97925cdad3b6c505c1e5f5dd4e7968f6960,False
TCL,83173,True,EuPt,8,115.3813145419117,1000,1,2.0,0.1,01dd3e86805165412e0810e2a77a4756f8e1020f3ff2707c74af0a3f88a1bb8e,8dd9879f11edea7f25f587ae72f928a6f3ab2e5c81fc9400c13642364ad90443,False
C0,83174,True,Mn3Zn3Co2,16,114.60622292687185,1000,1,2.0,0.1,01dd3e86805165412e0810e2a77a4756f8e1020f3ff2707c74af0a3f88a1bb8e,,False
FT0,83174,True,Mn3C,16,120.89741272898391,1000,1,2.0,0.1,01dd3e86805165412e0810e2a77a4756f8e1020f3ff2707c74af0a3f88a1bb8e,1cd254568463ae4d7774193fa0a0e97925cdad3b6c505c1e5f5dd4e7968f6960,False
TCL,83174,True,Mn7Co,16,117.00964519102126,1000,1,2.0,0.1,01dd3e86805165412e0810e2a77a4756f8e1020f3ff2707c74af0a3f88a1bb8e,8dd9879f11edea7f25f587ae72f928a6f3ab2e5c81fc9400c13642364ad90443,False
C0,83175,True,Eu5(MgGe2)2,11,112.48175723198801,1000,1,2.0,0.1,01dd3e86805165412e0810e2a77a4756f8e1020f3ff2707c74af0a3f88a1bb8e,,False
FT0,83175,True,Mn7As4,11,114.79068418801762,1000,1,2.0,0.1,01dd3e86805165412e0810e2a77a4756f8e1020f3ff2707c74af0a3f88a1bb8e,1cd254568463ae4d7774193fa0a0e97925cdad3b6c505c1e5f5dd4e7968f6960,False
TCL,83175,True,Eu3(SiPt)4,11,125.3203393551521,1000,1,2.0,0.1,01dd3e86805165412e0810e2a77a4756f8e1020f3ff2707c74af0a3f88a1bb8e,8dd9879f11edea7f25f587ae72f928a6f3ab2e5c81fc9400c13642364ad90443,False
C0,83176,True,Eu2Nb2O7,11,114.8904455031734,1000,1,2.0,0.1,01dd3e86805165412e0810e2a77a4756f8e1020f3ff2707c74af0a3f88a1bb8e,,False
FT0,83176,True,Mn8C3,11,115.53356994199567,1000,1,2.0,0.1,01dd3e86805165412e0810e2a77a4756f8e1020f3ff2707c74af0a3f88a1bb8e,1cd254568463ae4d7774193fa0a0e97925cdad3b6c505c1e5f5dd4e7968f6960,False
TCL,83176,True,Gd3Si5Pt3,11,117.26024958398193,1000,1,2.0,0.1,01dd3e86805165412e0810e2a77a4756f8e1020f3ff2707c74af0a3f88a1bb8e,8dd9879f11edea7f25f587ae72f928a6f3ab2e5c81fc9400c13642364ad90443,False
C0,83177,True,Fe2NiHIr,5,119.11731717106886,1000,1,2.0,0.1,01dd3e86805165412e0810e2a77a4756f8e1020f3ff2707c74af0a3f88a1bb8e,,False
FT0,83177,True,Eu(FeAs)2,5,298.4173702551052,1000,1,2.0,0.1,01dd3e86805165412e0810e2a77a4756f8e1020f3ff2707c74af0a3f88a1bb8e,1cd254568463ae4d7774193fa0a0e97925cdad3b6c505c1e5f5dd4e7968f6960,False
TCL,83177,True,Eu(FeAs)2,5,127.01353600108996,1000,1,2.0,0.1,01dd3e86805165412e0810e2a77a4756f8e1020f3ff2707c74af0a3f88a1bb8e,8dd9879f11edea7f25f587ae72f928a6f3ab2e5c81fc9400c13642364ad90443,False
C0,83178,True,Fe5Pt,6,115.12923157797195,1000,1,2.0,0.1,01dd3e86805165412e0810e2a77a4756f8e1020f3ff2707c74af0a3f88a1bb8e,,False
FT0,83178,True,Mn2C,6,121.34875795780681,1000,1,2.0,0.1,01dd3e86805165412e0810e2a77a4756f8e1020f3ff2707c74af0a3f88a1bb8e,1cd254568463ae4d7774193fa0a0e97925cdad3b6c505c1e5f5dd4e7968f6960,False
TCL,83178,True,Eu2Rh,6,127.46824374515563,1000,1,2.0,0.1,01dd3e86805165412e0810e2a77a4756f8e1020f3ff2707c74af0a3f88a1bb8e,8dd9879f11edea7f25f587ae72f928a6f3ab2e5c81fc9400c13642364ad90443,False
C0,83179,True,Eu(MnP)2,5,121.55052742501721,1000,1,2.0,0.1,01dd3e86805165412e0810e2a77a4756f8e1020f3ff2707c74af0a3f88a1bb8e,,False
FT0,83179,True,Eu(MnAs)2,5,112.07715483894572,1000,1,2.0,0.1,01dd3e86805165412e0810e2a77a4756f8e1020f3ff2707c74af0a3f88a1bb8e,1cd254568463ae4d7774193fa0a0e97925cdad3b6c505c1e5f5dd4e7968f6960,False
TCL,83179,True,InFe3H,5,116.64986844919622,1000,1,2.0,0.1,01dd3e86805165412e0810e2a77a4756f8e1020f3ff2707c74af0a3f88a1bb8e,8dd9879f11edea7f25f587ae72f928a6f3ab2e5c81fc9400c13642364ad90443,False
C0,83180,True,MnCo3GeN,12,113.92019218299538,1000,1,2.0,0.1,01dd3e86805165412e0810e2a77a4756f8e1020f3ff2707c74af0a3f88a1bb8e,,False
FT0,83180,True,Mn9Pt2C,12,115.06286156806163,1000,1,2.0,0.1,01dd3e86805165412e0810e2a77a4756f8e1020f3ff2707c74af0a3f88a1bb8e,1cd254568463ae4d7774193fa0a0e97925cdad3b6c505c1e5f5dd4e7968f6960,False
TCL,83180,True,Mn4GeN,12,116.5442368700169,1000,1,2.0,0.1,01dd3e86805165412e0810e2a77a4756f8e1020f3ff2707c74af0a3f88a1bb8e,8dd9879f11edea7f25f587ae72f928a6f3ab2e5c81fc9400c13642364ad90443,False
C0,83181,True,Fe6CoO7,14,114.85910860798322,1000,1,2.0,0.1,01dd3e86805165412e0810e2a77a4756f8e1020f3ff2707c74af0a3f88a1bb8e,,False
FT0,83181,True,Mn5As2,14,122.83841808512807,1000,1,2.0,0.1,01dd3e86805165412e0810e2a77a4756f8e1020f3ff2707c74af0a3f88a1bb8e,1cd254568463ae4d7774193fa0a0e97925cdad3b6c505c1e5f5dd4e7968f6960,False
TCL,83181,True,Mn2Co3P2,14,113.10199617501348,1000,1,2.0,0.1,01dd3e86805165412e0810e2a77a4756f8e1020f3ff2707c74af0a3f88a1bb8e,8dd9879f11edea7f25f587ae72f928a6f3ab2e5c81fc9400c13642364ad90443,False
C0,83182,True,LiEuMnO3,12,115.63527033990249,1000,1,2.0,0.1,01dd3e86805165412e0810e2a77a4756f8e1020f3ff2707c74af0a3f88a1bb8e,,False
FT0,83182,True,Mn2C,12,113.39300721278414,1000,1,2.0,0.1,01dd3e86805165412e0810e2a77a4756f8e1020f3ff2707c74af0a3f88a1bb8e,1cd254568463ae4d7774193fa0a0e97925cdad3b6c505c1e5f5dd4e7968f6960,False
TCL,83182,True,Mn5Fe3C4,12,113.61311550904065,1000,1,2.0,0.1,01dd3e86805165412e0810e2a77a4756f8e1020f3ff2707c74af0a3f88a1bb8e,8dd9879f11edea7f25f587ae72f928a6f3ab2e5c81fc9400c13642364ad90443,False
C0,83183,True,Mn2AlGa2Fe11,16,116.79398899292573,1000,1,2.0,0.1,01dd3e86805165412e0810e2a77a4756f8e1020f3ff2707c74af0a3f88a1bb8e,,False
FT0,83183,True,Mn3C,16,116.08706637914293,1000,1,2.0,0.1,01dd3e86805165412e0810e2a77a4756f8e1020f3ff2707c74af0a3f88a1bb8e,1cd254568463ae4d7774193fa0a0e97925cdad3b6c505c1e5f5dd4e7968f6960,False
TCL,83183,True,Mn9Fe7,16,124.41003654198721,1000,1,2.0,0.1,01dd3e86805165412e0810e2a77a4756f8e1020f3ff2707c74af0a3f88a1bb8e,8dd9879f11edea7f25f587ae72f928a6f3ab2e5c81fc9400c13642364ad90443,False
C0,83184,True,AlFe3H,10,114.20220781094395,1000,1,2.0,0.1,01dd3e86805165412e0810e2a77a4756f8e1020f3ff2707c74af0a3f88a1bb8e,,False
FT0,83184,True,Mn3FeC,10,123.90398811688647,1000,1,2.0,0.1,01dd3e86805165412e0810e2a77a4756f8e1020f3ff2707c74af0a3f88a1bb8e,1cd254568463ae4d7774193fa0a0e97925cdad3b6c505c1e5f5dd4e7968f6960,False
TCL,83184,True,Fe4P,10,115.31204876792617,1000,1,2.0,0.1,01dd3e86805165412e0810e2a77a4756f8e1020f3ff2707c74af0a3f88a1bb8e,8dd9879f11edea7f25f587ae72f928a6f3ab2e5c81fc9400c13642364ad90443,False
C0,83185,True,Fe,2,304.3971250921022,1000,1,2.0,0.1,01dd3e86805165412e0810e2a77a4756f8e1020f3ff2707c74af0a3f88a1bb8e,,False
FT0,83185,True,GdAu,2,121.28824966796674,1000,1,2.0,0.1,01dd3e86805165412e0810e2a77a4756f8e1020f3ff2707c74af0a3f88a1bb8e,1cd254568463ae4d7774193fa0a0e97925cdad3b6c505c1e5f5dd4e7968f6960,False
TCL,83185,True,GdH,2,112.09931136691011,1000,1,2.0,0.1,01dd3e86805165412e0810e2a77a4756f8e1020f3ff2707c74af0a3f88a1bb8e,8dd9879f11edea7f25f587ae72f928a6f3ab2e5c81fc9400c13642364ad90443,False
C0,83186,True,LiZnFe5Ni2O9,18,114.11776912701316,1000,1,2.0,0.1,01dd3e86805165412e0810e2a77a4756f8e1020f3ff2707c74af0a3f88a1bb8e,,False
FT0,83186,True,Mn12PtC5,18,113.2968382560648,1000,1,2.0,0.1,01dd3e86805165412e0810e2a77a4756f8e1020f3ff2707c74af0a3f88a1bb8e,1cd254568463ae4d7774193fa0a0e97925cdad3b6c505c1e5f5dd4e7968f6960,False
TCL,83186,True,Mn7FeC,18,121.02329382300377,1000,1,2.0,0.1,01dd3e86805165412e0810e2a77a4756f8e1020f3ff2707c74af0a3f88a1bb8e,8dd9879f11edea7f25f587ae72f928a6f3ab2e5c81fc9400c13642364ad90443,False
C0,83187,True,Eu8As7,15,115.5825862151105,1000,1,2.0,0.1,01dd3e86805165412e0810e2a77a4756f8e1020f3ff2707c74af0a3f88a1bb8e,,False
FT0,83187,True,Mn14V,15,116.06645914982073,1000,1,2.0,0.1,01dd3e86805165412e0810e2a77a4756f8e1020f3ff2707c74af0a3f88a1bb8e,1cd254568463ae4d7774193fa0a0e97925cdad3b6c505c1e5f5dd4e7968f6960,False
TCL,83187,True,Mn11Fe4,15,118.62457122886553,1000,1,2.0,0.1,01dd3e86805165412e0810e2a77a4756f8e1020f3ff2707c74af0a3f88a1bb8e,8dd9879f11edea7f25f587ae72f928a6f3ab2e5c81fc9400c13642364ad90443,False
C0,83188,True,EuZnSbH,4,112.15018481505103,1000,1,2.0,0.1,01dd3e86805165412e0810e2a77a4756f8e1020f3ff2707c74af0a3f88a1bb8e,,False
FT0,83188,True,EuZnHg2,4,115.64866394689307,1000,1,2.0,0.1,01dd3e86805165412e0810e2a77a4756f8e1020f3ff2707c74af0a3f88a1bb8e,1cd254568463ae4d7774193fa0a0e97925cdad3b6c505c1e5f5dd4e7968f6960,False
TCL,83188,True,EuZn2N,4,114.69903461704962,1000,1,2.0,0.1,01dd3e86805165412e0810e2a77a4756f8e1020f3ff2707c74af0a3f88a1bb8e,8dd9879f11edea7f25f587ae72f928a6f3ab2e5c81fc9400c13642364ad90443,False
C0,83189,True,TmFe3,12,123.13916791509837,1000,1,2.0,0.1,01dd3e86805165412e0810e2a77a4756f8e1020f3ff2707c74af0a3f88a1bb8e,,False
FT0,83189,True,Mn2C,12,121.90239132987335,1000,1,2.0,0.1,01dd3e86805165412e0810e2a77a4756f8e1020f3ff2707c74af0a3f88a1bb8e,1cd254568463ae4d7774193fa0a0e97925cdad3b6c505c1e5f5dd4e7968f6960,False
TCL,83189,True,Fe2P,12,115.07006728393026,1000,1,2.0,0.1,01dd3e86805165412e0810e2a77a4756f8e1020f3ff2707c74af0a3f88a1bb8e,8dd9879f11edea7f25f587ae72f928a6f3ab2e5c81fc9400c13642364ad90443,False
C0,83190,True,Eu2SnAu2,5,115.55641986988485,1000,1,2.0,0.1,01dd3e86805165412e0810e2a77a4756f8e1020f3ff2707c74af0a3f88a1bb8e,,False
FT0,83190,True,Eu2SnAsP,5,114.50370816094801,1000,1,2.0,0.1,01dd3e86805165412e0810e2a77a4756f8e1020f3ff2707c74af0a3f88a1bb8e,1cd254568463ae4d7774193fa0a0e97925cdad3b6c505c1e5f5dd4e7968f6960,False
TCL,83190,True,Li2Eu2Sn,5,114.78666877304204,1000,1,2.0,0.1,01dd3e86805165412e0810e2a77a4756f8e1020f3ff2707c74af0a3f88a1bb8e,8dd9879f11edea7f25f587ae72f928a6f3ab2e5c81fc9400c13642364ad90443,False
C0,83191,True,Eu6ZnIn2,9,114.04046393814497,1000,1,2.0,0.1,01dd3e86805165412e0810e2a77a4756f8e1020f3ff2707c74af0a3f88a1bb8e,,False
FT0,83191,True,Mn4C5,9,120.5579922220204,1000,1,2.0,0.1,01dd3e86805165412e0810e2a77a4756f8e1020f3ff2707c74af0a3f88a1bb8e,1cd254568463ae4d7774193fa0a0e97925cdad3b6c505c1e5f5dd4e7968f6960,False
TCL,83191,True,EuInPt,9,112.71306361886673,1000,1,2.0,0.1,01dd3e86805165412e0810e2a77a4756f8e1020f3ff2707c74af0a3f88a1bb8e,8dd9879f11edea7f25f587ae72f928a6f3ab2e5c81fc9400c13642364ad90443,False
C0,83192,True,Eu3Ga,4,116.49479208397679,1000,1,2.0,0.1,01dd3e86805165412e0810e2a77a4756f8e1020f3ff2707c74af0a3f88a1bb8e,,False
FT0,83192,True,EuSnHPt,4,112.14797262218781,1000,1,2.0,0.1,01dd3e86805165412e0810e2a77a4756f8e1020f3ff2707c74af0a3f88a1bb8e,1cd254568463ae4d7774193fa0a0e97925cdad3b6c505c1e5f5dd4e7968f6960,False
TCL,83192,True,Eu3Ga,4,112.81342407199554,1000,1,2.0,0.1,01dd3e86805165412e0810e2a77a4756f8e1020f3ff2707c74af0a3f88a1bb8e,8dd9879f11edea7f25f587ae72f928a6f3ab2e5c81fc9400c13642364ad90443,False
C0,83193,True,ZnFe3H2,6,112.44618838606402,1000,1,2.0,0.1,01dd3e86805165412e0810e2a77a4756f8e1020f3ff2707c74af0a3f88a1bb8e,,False
FT0,83193,True,Mn2Pt,6,112.20756609505042,1000,1,2.0,0.1,01dd3e86805165412e0810e2a77a4756f8e1020f3ff2707c74af0a3f88a1bb8e,1cd254568463ae4d7774193fa0a0e97925cdad3b6c505c1e5f5dd4e7968f6960,False
TCL,83193,True,MnFe2,6,114.35975756798871,1000,1,2.0,0.1,01dd3e86805165412e0810e2a77a4756f8e1020f3ff2707c74af0a3f88a1bb8e,8dd9879f11edea7f25f587ae72f928a6f3ab2e5c81fc9400c13642364ad90443,False
C0,83194,True,LiEu6As5,12,120.88399490504526,1000,1,2.0,0.1,01dd3e86805165412e0810e2a77a4756f8e1020f3ff2707c74af0a3f88a1bb8e,,False
FT0,83194,True,Mn5Fe2C5,12,115.82357311202213,1000,1,2.0,0.1,01dd3e86805165412e0810e2a77a4756f8e1020f3ff2707c74af0a3f88a1bb8e,1cd254568463ae4d7774193fa0a0e97925cdad3b6c505c1e5f5dd4e7968f6960,False
TCL,83194,True,Eu5Si3Pt4,12,114.64422197802924,1000,1,2.0,0.1,01dd3e86805165412e0810e2a77a4756f8e1020f3ff2707c74af0a3f88a1bb8e,8dd9879f11edea7f25f587ae72f928a6f3ab2e5c81fc9400c13642364ad90443,False
C0,83195,True,FeCoIrRh,4,113.09763482795097,1000,1,2.0,0.1,01dd3e86805165412e0810e2a77a4756f8e1020f3ff2707c74af0a3f88a1bb8e,,False
FT0,83195,True,EuH2Rh,4,112.11772256181575,1000,1,2.0,0.1,01dd3e86805165412e0810e2a77a4756f8e1020f3ff2707c74af0a3f88a1bb8e,1cd254568463ae4d7774193fa0a0e97925cdad3b6c505c1e5f5dd4e7968f6960,False
TCL,83195,True,MnHO2,4,113.55038847099058,1000,1,2.0,0.1,01dd3e86805165412e0810e2a77a4756f8e1020f3ff2707c74af0a3f88a1bb8e,8dd9879f11edea7f25f587ae72f928a6f3ab2e5c81fc9400c13642364ad90443,False
C0,83196,True,GdCo11B6,18,116.52484524110332,1000,1,2.0,0.1,01dd3e86805165412e0810e2a77a4756f8e1020f3ff2707c74af0a3f88a1bb8e,,False
FT0,83196,True,Mn11C7,18,117.88648194400594,1000,1,2.0,0.1,01dd3e86805165412e0810e2a77a4756f8e1020f3ff2707c74af0a3f88a1bb8e,1cd254568463ae4d7774193fa0a0e97925cdad3b6c505c1e5f5dd4e7968f6960,False
TCL,83196,True,Mn2C,18,123.38153565302491,1000,1,2.0,0.1,01dd3e86805165412e0810e2a77a4756f8e1020f3ff2707c74af0a3f88a1bb8e,8dd9879f11edea7f25f587ae72f928a6f3ab2e5c81fc9400c13642364ad90443,False
C0,83197,True,FeOF,12,122.52951979101636,1000,1,2.0,0.1,01dd3e86805165412e0810e2a77a4756f8e1020f3ff2707c74af0a3f88a1bb8e,,False
FT0,83197,True,Mn2C,12,115.73445074399933,1000,1,2.0,0.1,01dd3e86805165412e0810e2a77a4756f8e1020f3ff2707c74af0a3f88a1bb8e,1cd254568463ae4d7774193fa0a0e97925cdad3b6c505c1e5f5dd4e7968f6960,False
TCL,83197,True,Li2Fe4O5F,12,114.66098198504187,1000,1,2.0,0.1,01dd3e86805165412e0810e2a77a4756f8e1020f3ff2707c74af0a3f88a1bb8e,8dd9879f11edea7f25f587ae72f928a6f3ab2e5c81fc9400c13642364ad90443,False
C0,83198,True,BaEu4Fe4O11,20,114.4586177689489,1000,1,2.0,0.1,01dd3e86805165412e0810e2a77a4756f8e1020f3ff2707c74af0a3f88a1bb8e,,False
FT0,83198,True,Mn13C7,20,113.70439083501697,1000,1,2.0,0.1,01dd3e86805165412e0810e2a77a4756f8e1020f3ff2707c74af0a3f88a1bb8e,1cd254568463ae4d7774193fa0a0e97925cdad3b6c505c1e5f5dd4e7968f6960,False
TCL,83198,True,Mn6Pt2CO,20,115.39515212504193,1000,1,2.0,0.1,01dd3e86805165412e0810e2a77a4756f8e1020f3ff2707c74af0a3f88a1bb8e,8dd9879f11edea7f25f587ae72f928a6f3ab2e5c81fc9400c13642364ad90443,False
C0,83199,True,SrEu3O4,8,116.645974871004,1000,1,2.0,0.1,01dd3e86805165412e0810e2a77a4756f8e1020f3ff2707c74af0a3f88a1bb8e,,False
FT0,83199,True,MnAs,8,119.3794384021312,1000,1,2.0,0.1,01dd3e86805165412e0810e2a77a4756f8e1020f3ff2707c74af0a3f88a1bb8e,1cd254568463ae4d7774193fa0a0e97925cdad3b6c505c1e5f5dd4e7968f6960,False
TCL,83199,True,EuPt,8,113.91034245095216,1000,1,2.0,0.1,01dd3e86805165412e0810e2a77a4756f8e1020f3ff2707c74af0a3f88a1bb8e,8dd9879f11edea7f25f587ae72f928a6f3ab2e5c81fc9400c13642364ad90443,False
C0,83200,True,GdYRh2,4,112.32713310210966,1000,1,2.0,0.1,01dd3e86805165412e0810e2a77a4756f8e1020f3ff2707c74af0a3f88a1bb8e,,False
FT0,83200,True,MnZnRh2,4,112.9018236049451,1000,1,2.0,0.1,01dd3e86805165412e0810e2a77a4756f8e1020f3ff2707c74af0a3f88a1bb8e,1cd254568463ae4d7774193fa0a0e97925cdad3b6c505c1e5f5dd4e7968f6960,False
TCL,83200,True,Eu2ZnRh,4,115.66032176790759,1000,1,2.0,0.1,01dd3e86805165412e0810e2a77a4756f8e1020f3ff2707c74af0a3f88a1bb8e,8dd9879f11edea7f25f587ae72f928a6f3ab2e5c81fc9400c13642364ad90443,False
C0,83201,True,NaEu4,5,115.87217670399696,1000,1,2.0,0.1,01dd3e86805165412e0810e2a77a4756f8e1020f3ff2707c74af0a3f88a1bb8e,,False
FT0,83201,True,ErMn3Fe,5,112.22083547292277,1000,1,2.0,0.1,01dd3e86805165412e0810e2a77a4756f8e1020f3ff2707c74af0a3f88a1bb8e,1cd254568463ae4d7774193fa0a0e97925cdad3b6c505c1e5f5dd4e7968f6960,False
TCL,83201,True,Eu4Mg,5,112.68021568888798,1000,1,2.0,0.1,01dd3e86805165412e0810e2a77a4756f8e1020f3ff2707c74af0a3f88a1bb8e,8dd9879f11edea7f25f587ae72f928a6f3ab2e5c81fc9400c13642364ad90443,False
C0,83202,True,Fe2Co5Ni2Ir2Rh,12,116.05846649501473,1000,1,2.0,0.1,01dd3e86805165412e0810e2a77a4756f8e1020f3ff2707c74af0a3f88a1bb8e,,False
FT0,83202,True,Mn2C,12,113.26389398914762,1000,1,2.0,0.1,01dd3e86805165412e0810e2a77a4756f8e1020f3ff2707c74af0a3f88a1bb8e,1cd254568463ae4d7774193fa0a0e97925cdad3b6c505c1e5f5dd4e7968f6960,False
TCL,83202,True,Mn4CoNi3(CSe)2,12,122.23869812907651,1000,1,2.0,0.1,01dd3e86805165412e0810e2a77a4756f8e1020f3ff2707c74af0a3f88a1bb8e,8dd9879f11edea7f25f587ae72f928a6f3ab2e5c81fc9400c13642364ad90443,False
C0,83203,True,Fe3Ni10B3,16,123.75822021393105,1000,1,2.0,0.1,01dd3e86805165412e0810e2a77a4756f8e1020f3ff2707c74af0a3f88a1bb8e,,False
FT0,83203,True,Mn3C,16,124.44782037800178,1000,1,2.0,0.1,01dd3e86805165412e0810e2a77a4756f8e1020f3ff2707c74af0a3f88a1bb8e,1cd254568463ae4d7774193fa0a0e97925cdad3b6c505c1e5f5dd4e7968f6960,False
TCL,83203,True,Gd2BPd5,16,112.67434420599602,1000,1,2.0,0.1,01dd3e86805165412e0810e2a77a4756f8e1020f3ff2707c74af0a3f88a1bb8e,8dd9879f11edea7f25f587ae72f928a6f3ab2e5c81fc9400c13642364ad90443,False
C0,83204,True,Fe3Pt,8,123.43981144600548,1000,1,2.0,0.1,01dd3e86805165412e0810e2a77a4756f8e1020f3ff2707c74af0a3f88a1bb8e,,False
FT0,83204,True,Mn5C3,8,118.42179243499413,1000,1,2.0,0.1,01dd3e86805165412e0810e2a77a4756f8e1020f3ff2707c74af0a3f88a1bb8e,1cd254568463ae4d7774193fa0a0e97925cdad3b6c505c1e5f5dd4e7968f6960,False
TCL,83204,True,Eu3Ge,8,114.60159252514131,1000,1,2.0,0.1,01dd3e86805165412e0810e2a77a4756f8e1020f3ff2707c74af0a3f88a1bb8e,8dd9879f11edea7f25f587ae72f928a6f3ab2e5c81fc9400c13642364ad90443,False
C0,83205,True,Eu3CdSb2,12,113.1177737689577,1000,1,2.0,0.1,01dd3e86805165412e0810e2a77a4756f8e1020f3ff2707c74af0a3f88a1bb8e,,False
FT0,83205,True,Mn2Sb,12,121.32809705403633,1000,1,2.0,0.1,01dd3e86805165412e0810e2a77a4756f8e1020f3ff2707c74af0a3f88a1bb8e,1cd254568463ae4d7774193fa0a0e97925cdad3b6c505c1e5f5dd4e7968f6960,False
TCL,83205,True,GdCdSi,12,114.60320090595633,1000,1,2.0,0.1,01dd3e86805165412e0810e2a77a4756f8e1020f3ff2707c74af0a3f88a1bb8e,8dd9879f11edea7f25f587ae72f928a6f3ab2e5c81fc9400c13642364ad90443,False
C0,83206,True,Eu3Ga,4,115.88769113412127,1000,1,2.0,0.1,01dd3e86805165412e0810e2a77a4756f8e1020f3ff2707c74af0a3f88a1bb8e,,False
FT0,83206,True,Eu2HgAs,4,115.31513200188056,1000,1,2.0,0.1,01dd3e86805165412e0810e2a77a4756f8e1020f3ff2707c74af0a3f88a1bb8e,1cd254568463ae4d7774193fa0a0e97925cdad3b6c505c1e5f5dd4e7968f6960,False
TCL,83206,True,Eu3Lu,4,114.93371159094386,1000,1,2.0,0.1,01dd3e86805165412e0810e2a77a4756f8e1020f3ff2707c74af0a3f88a1bb8e,8dd9879f11edea7f25f587ae72f928a6f3ab2e5c81fc9400c13642364ad90443,False
C0,83207,True,FeRh2,6,113.73099323897623,1000,1,2.0,0.1,01dd3e86805165412e0810e2a77a4756f8e1020f3ff2707c74af0a3f88a1bb8e,,False
FT0,83207,True,Mn2As,6,119.88321184995584,1000,1,2.0,0.1,01dd3e86805165412e0810e2a77a4756f8e1020f3ff2707c74af0a3f88a1bb8e,1cd254568463ae4d7774193fa0a0e97925cdad3b6c505c1e5f5dd4e7968f6960,False
TCL,83207,True,EuAlZn,6,111.73129374999553,1000,1,2.0,0.1,01dd3e86805165412e0810e2a77a4756f8e1020f3ff2707c74af0a3f88a1bb8e,8dd9879f11edea7f25f587ae72f928a6f3ab2e5c81fc9400c13642364ad90443,False
C0,83208,True,FeCoNi2,4,115.3330254710745,1000,1,2.0,0.1,01dd3e86805165412e0810e2a77a4756f8e1020f3ff2707c74af0a3f88a1bb8e,,False
FT0,83208,True,Eu3Rh,4,117.8545918460004,1000,1,2.0,0.1,01dd3e86805165412e0810e2a77a4756f8e1020f3ff2707c74af0a3f88a1bb8e,1cd254568463ae4d7774193fa0a0e97925cdad3b6c505c1e5f5dd4e7968f6960,False
TCL,83208,True,CaEuZnGa,4,122.58943099994212,1000,1,2.0,0.1,01dd3e86805165412e0810e2a77a4756f8e1020f3ff2707c74af0a3f88a1bb8e,8dd9879f11edea7f25f587ae72f928a6f3ab2e5c81fc9400c13642364ad90443,False
C0,83209,True,Fe3Ni2H2Au,16,114.64888003910892,1000,1,2.0,0.1,01dd3e86805165412e0810e2a77a4756f8e1020f3ff2707c74af0a3f88a1bb8e,,False
FT0,83209,True,Mn7As,16,113.3430695750285,1000,1,2.0,0.1,01dd3e86805165412e0810e2a77a4756f8e1020f3ff2707c74af0a3f88a1bb8e,1cd254568463ae4d7774193fa0a0e97925cdad3b6c505c1e5f5dd4e7968f6960,False
TCL,83209,True,Mn3Fe,16,116.17442193580791,1000,1,2.0,0.1,01dd3e86805165412e0810e2a77a4756f8e1020f3ff2707c74af0a3f88a1bb8e,8dd9879f11edea7f25f587ae72f928a6f3ab2e5c81fc9400c13642364ad90443,False
C0,83210,True,Eu5AlCO3,10,123.96667688596062,1000,1,2.0,0.1,01dd3e86805165412e0810e2a77a4756f8e1020f3ff2707c74af0a3f88a1bb8e,,False
FT0,83210,True,Mn3AlC,10,113.20630680699833,1000,1,2.0,0.1,01dd3e86805165412e0810e2a77a4756f8e1020f3ff2707c74af0a3f88a1bb8e,1cd254568463ae4d7774193fa0a0e97925cdad3b6c505c1e5f5dd4e7968f6960,False
TCL,83210,True,Eu2AlPt2,10,113.04377055400982,1000,1,2.0,0.1,01dd3e86805165412e0810e2a77a4756f8e1020f3ff2707c74af0a3f88a1bb8e,8dd9879f11edea7f25f587ae72f928a6f3ab2e5c81fc9400c13642364ad90443,False
C0,83211,True,EuCo3,12,112.70893829897977,1000,1,2.0,0.1,01dd3e86805165412e0810e2a77a4756f8e1020f3ff2707c74af0a3f88a1bb8e,,False
FT0,83211,True,Mn2C,12,115.29998634685762,1000,1,2.0,0.1,01dd3e86805165412e0810e2a77a4756f8e1020f3ff2707c74af0a3f88a1bb8e,1cd254568463ae4d7774193fa0a0e97925cdad3b6c505c1e5f5dd4e7968f6960,False
TCL,83211,True,ZrCo11,12,119.9218482838478,1000,1,2.0,0.1,01dd3e86805165412e0810e2a77a4756f8e1020f3ff2707c74af0a3f88a1bb8e,8dd9879f11edea7f25f587ae72f928a6f3ab2e5c81fc9400c13642364ad90443,False
C0,83212,True,Eu2Co6B,9,114.412905076053,1000,1,2.0,0.1,01dd3e86805165412e0810e2a77a4756f8e1020f3ff2707c74af0a3f88a1bb8e,,False
FT0,83212,True,Mn2C,9,113.25809856294654,1000,1,2.0,0.1,01dd3e86805165412e0810e2a77a4756f8e1020f3ff2707c74af0a3f88a1bb8e,1cd254568463ae4d7774193fa0a0e97925cdad3b6c505c1e5f5dd4e7968f6960,False
TCL,83212,True,Eu2Ge,9,114.73727192101069,1000,1,2.0,0.1,01dd3e86805165412e0810e2a77a4756f8e1020f3ff2707c74af0a3f88a1bb8e,8dd9879f11edea7f25f587ae72f928a6f3ab2e5c81fc9400c13642364ad90443,False
C0,83213,True,Gd2Ti2MnSb2O3,10,115.33371639903635,1000,1,2.0,0.1,01dd3e86805165412e0810e2a77a4756f8e1020f3ff2707c74af0a3f88a1bb8e,,False
FT0,83213,True,Mn4As,10,115.4408442559652,1000,1,2.0,0.1,01dd3e86805165412e0810e2a77a4756f8e1020f3ff2707c74af0a3f88a1bb8e,1cd254568463ae4d7774193fa0a0e97925cdad3b6c505c1e5f5dd4e7968f6960,False
TCL,83213,True,Eu3Pt6Pb,10,114.06427058507688,1000,1,2.0,0.1,01dd3e86805165412e0810e2a77a4756f8e1020f3ff2707c74af0a3f88a1bb8e,8dd9879f11edea7f25f587ae72f928a6f3ab2e5c81fc9400c13642364ad90443,False
C0,83214,True,Fe3O8F3,14,115.50215650186874,1000,1,2.0,0.1,01dd3e86805165412e0810e2a77a4756f8e1020f3ff2707c74af0a3f88a1bb8e,,False
FT0,83214,True,Mn6Sb,14,117.05122176883742,1000,1,2.0,0.1,01dd3e86805165412e0810e2a77a4756f8e1020f3ff2707c74af0a3f88a1bb8e,1cd254568463ae4d7774193fa0a0e97925cdad3b6c505c1e5f5dd4e7968f6960,False
TCL,83214,True,Mn5C2,14,115.99852758692577,1000,1,2.0,0.1,01dd3e86805165412e0810e2a77a4756f8e1020f3ff2707c74af0a3f88a1bb8e,8dd9879f11edea7f25f587ae72f928a6f3ab2e5c81fc9400c13642364ad90443,False
C0,83215,True,Mn7Cr2(FeC2)3,18,114.8248170139268,1000,1,2.0,0.1,01dd3e86805165412e0810e2a77a4756f8e1020f3ff2707c74af0a3f88a1bb8e,,False
FT0,83215,True,Mn11FeC6,18,113.31314138509333,1000,1,2.0,0.1,01dd3e86805165412e0810e2a77a4756f8e1020f3ff2707c74af0a3f88a1bb8e,1cd254568463ae4d7774193fa0a0e97925cdad3b6c505c1e5f5dd4e7968f6960,False
TCL,83215,True,Mn11Fe2C5,18,115.98825431102887,1000,1,2.0,0.1,01dd3e86805165412e0810e2a77a4756f8e1020f3ff2707c74af0a3f88a1bb8e,8dd9879f11edea7f25f587ae72f928a6f3ab2e5c81fc9400c13642364ad90443,False
C0,83216,True,Eu2MnGe4Pd3,10,121.38701449008659,1000,1,2.0,0.1,01dd3e86805165412e0810e2a77a4756f8e1020f3ff2707c74af0a3f88a1bb8e,,False
FT0,83216,True,Mn4C,10,112.81875656312332,1000,1,2.0,0.1,01dd3e86805165412e0810e2a77a4756f8e1020f3ff2707c74af0a3f88a1bb8e,1cd254568463ae4d7774193fa0a0e97925cdad3b6c505c1e5f5dd4e7968f6960,False
TCL,83216,True,Eu2Al2Au,10,119.11077873688191,1000,1,2.0,0.1,01dd3e86805165412e0810e2a77a4756f8e1020f3ff2707c74af0a3f88a1bb8e,8dd9879f11edea7f25f587ae72f928a6f3ab2e5c81fc9400c13642364ad90443,False
C0,83217,True,Fe3H,4,119.20994924404658,1000,1,2.0,0.1,01dd3e86805165412e0810e2a77a4756f8e1020f3ff2707c74af0a3f88a1bb8e,,False
FT0,83217,True,EuMnAs2,4,122.87020730995573,1000,1,2.0,0.1,01dd3e86805165412e0810e2a77a4756f8e1020f3ff2707c74af0a3f88a1bb8e,1cd254568463ae4d7774193fa0a0e97925cdad3b6c505c1e5f5dd4e7968f6960,False
TCL,83217,True,LiAlGa2,4,112.46760303899646,1000,1,2.0,0.1,01dd3e86805165412e0810e2a77a4756f8e1020f3ff2707c74af0a3f88a1bb8e,8dd9879f11edea7f25f587ae72f928a6f3ab2e5c81fc9400c13642364ad90443,False
C0,83218,True,Eu2C3,5,114.0553292259574,1000,1,2.0,0.1,01dd3e86805165412e0810e2a77a4756f8e1020f3ff2707c74af0a3f88a1bb8e,,False
FT0,83218,True,Eu(MnC)2,5,113.33626795304008,1000,1,2.0,0.1,01dd3e86805165412e0810e2a77a4756f8e1020f3ff2707c74af0a3f88a1bb8e,1cd254568463ae4d7774193fa0a0e97925cdad3b6c505c1e5f5dd4e7968f6960,False
TCL,83218,True,Eu2MnC2,5,112.57462253491394,1000,1,2.0,0.1,01dd3e86805165412e0810e2a77a4756f8e1020f3ff2707c74af0a3f88a1bb8e,8dd9879f11edea7f25f587ae72f928a6f3ab2e5c81fc9400c13642364ad90443,False
C0,83219,True,NdEu3CuO7,12,117.6214008841198,1000,1,2.0,0.1,01dd3e86805165412e0810e2a77a4756f8e1020f3ff2707c74af0a3f88a1bb8e,,False
FT0,83219,True,Mn8C3N,12,115.08135515102185,1000,1,2.0,0.1,01dd3e86805165412e0810e2a77a4756f8e1020f3ff2707c74af0a3f88a1bb8e,1cd254568463ae4d7774193fa0a0e97925cdad3b6c505c1e5f5dd4e7968f6960,False
TCL,83219,True,Eu4Sn3Pd3Pt2,12,113.76293407496996,1000,1,2.0,0.1,01dd3e86805165412e0810e2a77a4756f8e1020f3ff2707c74af0a3f88a1bb8e,8dd9879f11edea7f25f587ae72f928a6f3ab2e5c81fc9400c13642364ad90443,False
C0,83220,True,Eu3AlO,5,114.1238066831138,1000,1,2.0,0.1,01dd3e86805165412e0810e2a77a4756f8e1020f3ff2707c74af0a3f88a1bb8e,,False
FT0,83220,True,Mn3ZnC,5,113.16582000697963,1000,1,2.0,0.1,01dd3e86805165412e0810e2a77a4756f8e1020f3ff2707c74af0a3f88a1bb8e,1cd254568463ae4d7774193fa0a0e97925cdad3b6c505c1e5f5dd4e7968f6960,False
TCL,83220,True,GaFe3H,5,115.62401263113134,1000,1,2.0,0.1,01dd3e86805165412e0810e2a77a4756f8e1020f3ff2707c74af0a3f88a1bb8e,8dd9879f11edea7f25f587ae72f928a6f3ab2e5c81fc9400c13642364ad90443,False
C0,83221,True,FeNi2Pd,4,115.91735006216913,1000,1,2.0,0.1,01dd3e86805165412e0810e2a77a4756f8e1020f3ff2707c74af0a3f88a1bb8e,,False
FT0,83221,True,MnPt,4,115.29651148593985,1000,1,2.0,0.1,01dd3e86805165412e0810e2a77a4756f8e1020f3ff2707c74af0a3f88a1bb8e,1cd254568463ae4d7774193fa0a0e97925cdad3b6c505c1e5f5dd4e7968f6960,False
TCL,83221,True,FeNi2Ge,4,122.09046227298677,1000,1,2.0,0.1,01dd3e86805165412e0810e2a77a4756f8e1020f3ff2707c74af0a3f88a1bb8e,8dd9879f11edea7f25f587ae72f928a6f3ab2e5c81fc9400c13642364ad90443,False
C0,83222,True,Eu3Ge,8,115.88410019897856,1000,1,2.0,0.1,01dd3e86805165412e0810e2a77a4756f8e1020f3ff2707c74af0a3f88a1bb8e,,False
FT0,83222,True,MnC,8,118.15356910787523,1000,1,2.0,0.1,01dd3e86805165412e0810e2a77a4756f8e1020f3ff2707c74af0a3f88a1bb8e,1cd254568463ae4d7774193fa0a0e97925cdad3b6c505c1e5f5dd4e7968f6960,False
TCL,83222,True,SrEu7,8,119.88346141693182,1000,1,2.0,0.1,01dd3e86805165412e0810e2a77a4756f8e1020f3ff2707c74af0a3f88a1bb8e,8dd9879f11edea7f25f587ae72f928a6f3ab2e5c81fc9400c13642364ad90443,False
C0,83223,True,Li3Mn2Fe3O8,16,121.9585170650389,1000,1,2.0,0.1,01dd3e86805165412e0810e2a77a4756f8e1020f3ff2707c74af0a3f88a1bb8e,,False
FT0,83223,True,Mn6ReOs,16,120.15988408005796,1000,1,2.0,0.1,01dd3e86805165412e0810e2a77a4756f8e1020f3ff2707c74af0a3f88a1bb8e,1cd254568463ae4d7774193fa0a0e97925cdad3b6c505c1e5f5dd4e7968f6960,False
TCL,83223,True,Mn11Fe5,16,113.82881066692062,1000,1,2.0,0.1,01dd3e86805165412e0810e2a77a4756f8e1020f3ff2707c74af0a3f88a1bb8e,8dd9879f11edea7f25f587ae72f928a6f3ab2e5c81fc9400c13642364ad90443,False
C0,83224,True,Mg3Fe4O9,16,113.73014859994873,1000,1,2.0,0.1,01dd3e86805165412e0810e2a77a4756f8e1020f3ff2707c74af0a3f88a1bb8e,,False
FT0,83224,True,Mn5C2N,16,113.45280106901191,1000,1,2.0,0.1,01dd3e86805165412e0810e2a77a4756f8e1020f3ff2707c74af0a3f88a1bb8e,1cd254568463ae4d7774193fa0a0e97925cdad3b6c505c1e5f5dd4e7968f6960,False
TCL,83224,True,PrEu11Pt4,16,115.84814197593369,1000,1,2.0,0.1,01dd3e86805165412e0810e2a77a4756f8e1020f3ff2707c74af0a3f88a1bb8e,8dd9879f11edea7f25f587ae72f928a6f3ab2e5c81fc9400c13642364ad90443,False
C0,83225,True,FePt,4,112.29470972390845,1000,1,2.0,0.1,01dd3e86805165412e0810e2a77a4756f8e1020f3ff2707c74af0a3f88a1bb8e,,False
FT0,83225,True,Eu2BePt,4,122.40950154000893,1000,1,2.0,0.1,01dd3e86805165412e0810e2a77a4756f8e1020f3ff2707c74af0a3f88a1bb8e,1cd254568463ae4d7774193fa0a0e97925cdad3b6c505c1e5f5dd4e7968f6960,False
TCL,83225,True,PrEu2In,4,119.53065154887736,1000,1,2.0,0.1,01dd3e86805165412e0810e2a77a4756f8e1020f3ff2707c74af0a3f88a1bb8e,8dd9879f11edea7f25f587ae72f928a6f3ab2e5c81fc9400c13642364ad90443,False
C0,83226,True,GdAlO3,10,115.45476293307729,1000,1,2.0,0.1,01dd3e86805165412e0810e2a77a4756f8e1020f3ff2707c74af0a3f88a1bb8e,,False
FT0,83226,True,Mn3C2,10,114.3183129010722,1000,1,2.0,0.1,01dd3e86805165412e0810e2a77a4756f8e1020f3ff2707c74af0a3f88a1bb8e,1cd254568463ae4d7774193fa0a0e97925cdad3b6c505c1e5f5dd4e7968f6960,False
TCL,83226,True,Gd2InHg2,10,115.42722854902968,1000,1,2.0,0.1,01dd3e86805165412e0810e2a77a4756f8e1020f3ff2707c74af0a3f88a1bb8e,8dd9879f11edea7f25f587ae72f928a6f3ab2e5c81fc9400c13642364ad90443,False
C0,83227,True,Eu5O6,11,123.14857231406495,1000,1,2.0,0.1,01dd3e86805165412e0810e2a77a4756f8e1020f3ff2707c74af0a3f88a1bb8e,,False
FT0,83227,True,Mn7As4,11,115.91870731697418,1000,1,2.0,0.1,01dd3e86805165412e0810e2a77a4756f8e1020f3ff2707c74af0a3f88a1bb8e,1cd254568463ae4d7774193fa0a0e97925cdad3b6c505c1e5f5dd4e7968f6960,False
TCL,83227,True,Ca2Eu6OF2,11,113.74840274010785,1000,1,2.0,0.1,01dd3e86805165412e0810e2a77a4756f8e1020f3ff2707c74af0a3f88a1bb8e,8dd9879f11edea7f25f587ae72f928a6f3ab2e5c81fc9400c13642364ad90443,False
C0,83228,True,MnO2,3,121.15588752785698,1000,1,2.0,0.1,01dd3e86805165412e0810e2a77a4756f8e1020f3ff2707c74af0a3f88a1bb8e,,False
FT0,83228,True,EuAu2,3,115.98746887501329,1000,1,2.0,0.1,01dd3e86805165412e0810e2a77a4756f8e1020f3ff2707c74af0a3f88a1bb8e,1cd254568463ae4d7774193fa0a0e97925cdad3b6c505c1e5f5dd4e7968f6960,False
TCL,83228,True,Eu2Y,3,120.83545400807634,1000,1,2.0,0.1,01dd3e86805165412e0810e2a77a4756f8e1020f3ff2707c74af0a3f88a1bb8e,8dd9879f11edea7f25f587ae72f928a6f3ab2e5c81fc9400c13642364ad90443,False
C0,83229,True,EuSi,8,111.8521388231311,1000,1,2.0,0.1,01dd3e86805165412e0810e2a77a4756f8e1020f3ff2707c74af0a3f88a1bb8e,,False
FT0,83229,True,ScMn3C4,8,119.6716790299397,1000,1,2.0,0.1,01dd3e86805165412e0810e2a77a4756f8e1020f3ff2707c74af0a3f88a1bb8e,1cd254568463ae4d7774193fa0a0e97925cdad3b6c505c1e5f5dd4e7968f6960,False
TCL,83229,True,EuPt,8,115.62017589411698,1000,1,2.0,0.1,01dd3e86805165412e0810e2a77a4756f8e1020f3ff2707c74af0a3f88a1bb8e,8dd9879f11edea7f25f587ae72f928a6f3ab2e5c81fc9400c13642364ad90443,False
C0,83230,True,CaEu3Rh,5,123.59420464909635,1000,1,2.0,0.1,01dd3e86805165412e0810e2a77a4756f8e1020f3ff2707c74af0a3f88a1bb8e,,False
FT0,83230,True,Mn3PH,5,115.55909864790738,1000,1,2.0,0.1,01dd3e86805165412e0810e2a77a4756f8e1020f3ff2707c74af0a3f88a1bb8e,1cd254568463ae4d7774193fa0a0e97925cdad3b6c505c1e5f5dd4e7968f6960,False
TCL,83230,True,Y2Co3,5,115.70092839794233,1000,1,2.0,0.1,01dd3e86805165412e0810e2a77a4756f8e1020f3ff2707c74af0a3f88a1bb8e,8dd9879f11edea7f25f587ae72f928a6f3ab2e5c81fc9400c13642364ad90443,False
C0,83231,True,EuFe2WO6,10,113.5943152399268,1000,1,2.0,0.1,01dd3e86805165412e0810e2a77a4756f8e1020f3ff2707c74af0a3f88a1bb8e,,False
FT0,83231,True,Mn7C3,10,116.43122340389527,1000,1,2.0,0.1,01dd3e86805165412e0810e2a77a4756f8e1020f3ff2707c74af0a3f88a1bb8e,1cd254568463ae4d7774193fa0a0e97925cdad3b6c505c1e5f5dd4e7968f6960,False
TCL,83231,True,Mn4C,10,117.4568826679606,1000,1,2.0,0.1,01dd3e86805165412e0810e2a77a4756f8e1020f3ff2707c74af0a3f88a1bb8e,8dd9879f11edea7f25f587ae72f928a6f3ab2e5c81fc9400c13642364ad90443,False
C0,83232,True,Eu3H,4,113.48868209891953,1000,1,2.0,0.1,01dd3e86805165412e0810e2a77a4756f8e1020f3ff2707c74af0a3f88a1bb8e,,False
FT0,83232,True,Mn3Sb,4,112.76515918108635,1000,1,2.0,0.1,01dd3e86805165412e0810e2a77a4756f8e1020f3ff2707c74af0a3f88a1bb8e,1cd254568463ae4d7774193fa0a0e97925cdad3b6c505c1e5f5dd4e7968f6960,False
TCL,83232,True,EuH,4,120.43151660892181,1000,1,2.0,0.1,01dd3e86805165412e0810e2a77a4756f8e1020f3ff2707c74af0a3f88a1bb8e,8dd9879f11edea7f25f587ae72f928a6f3ab2e5c81fc9400c13642364ad90443,False
C0,83233,True,Eu2O3,10,123.20015436597168,1000,1,2.0,0.1,01dd3e86805165412e0810e2a77a4756f8e1020f3ff2707c74af0a3f88a1bb8e,,False
FT0,83233,True,Mn9H,10,121.87932345992886,1000,1,2.0,0.1,01dd3e86805165412e0810e2a77a4756f8e1020f3ff2707c74af0a3f88a1bb8e,1cd254568463ae4d7774193fa0a0e97925cdad3b6c505c1e5f5dd4e7968f6960,False
TCL,83233,True,Fe7As2H,10,113.87340856599621,1000,1,2.0,0.1,01dd3e86805165412e0810e2a77a4756f8e1020f3ff2707c74af0a3f88a1bb8e,8dd9879f11edea7f25f587ae72f928a6f3ab2e5c81fc9400c13642364ad90443,False
C0,83234,True,Na3Eu2O5,10,116.34830879699439,1000,1,2.0,0.1,01dd3e86805165412e0810e2a77a4756f8e1020f3ff2707c74af0a3f88a1bb8e,,False
FT0,83234,True,Eu4Mn4BrCl,10,117.9078314830549,1000,1,2.0,0.1,01dd3e86805165412e0810e2a77a4756f8e1020f3ff2707c74af0a3f88a1bb8e,1cd254568463ae4d7774193fa0a0e97925cdad3b6c505c1e5f5dd4e7968f6960,False
TCL,83234,True,EuP,10,115.81295758695342,1000,1,2.0,0.1,01dd3e86805165412e0810e2a77a4756f8e1020f3ff2707c74af0a3f88a1bb8e,8dd9879f11edea7f25f587ae72f928a6f3ab2e5c81fc9400c13642364ad90443,False
C0,83235,True,Mn2ZnFeO4,8,122.52844637795351,1000,1,2.0,0.1,01dd3e86805165412e0810e2a77a4756f8e1020f3ff2707c74af0a3f88a1bb8e,,False
FT0,83235,True,Mn7C,8,112.30797451687977,1000,1,2.0,0.1,01dd3e86805165412e0810e2a77a4756f8e1020f3ff2707c74af0a3f88a1bb8e,1cd254568463ae4d7774193fa0a0e97925cdad3b6c505c1e5f5dd4e7968f6960,False
TCL,83235,True,Mn7Ni,8,112.80921027902514,1000,1,2.0,0.1,01dd3e86805165412e0810e2a77a4756f8e1020f3ff2707c74af0a3f88a1bb8e,8dd9879f11edea7f25f587ae72f928a6f3ab2e5c81fc9400c13642364ad90443,False
C0,83236,True,LiEuAl2,4,115.21088093309663,1000,1,2.0,0.1,01dd3e86805165412e0810e2a77a4756f8e1020f3ff2707c74af0a3f88a1bb8e,,False
FT0,83236,True,Eu3Pt,4,118.26180286007002,1000,1,2.0,0.1,01dd3e86805165412e0810e2a77a4756f8e1020f3ff2707c74af0a3f88a1bb8e,1cd254568463ae4d7774193fa0a0e97925cdad3b6c505c1e5f5dd4e7968f6960,False
TCL,83236,True,CaEu3,4,112.85916157485917,1000,1,2.0,0.1,01dd3e86805165412e0810e2a77a4756f8e1020f3ff2707c74af0a3f88a1bb8e,8dd9879f11edea7f25f587ae72f928a6f3ab2e5c81fc9400c13642364ad90443,False
C0,83237,True,CaEu4O4,9,121.5107748277951,1000,1,2.0,0.1,01dd3e86805165412e0810e2a77a4756f8e1020f3ff2707c74af0a3f88a1bb8e,,False
FT0,83237,True,Mn7As2,9,114.34859059588052,1000,1,2.0,0.1,01dd3e86805165412e0810e2a77a4756f8e1020f3ff2707c74af0a3f88a1bb8e,1cd254568463ae4d7774193fa0a0e97925cdad3b6c505c1e5f5dd4e7968f6960,False
TCL,83237,True,Eu5As3I,9,118.53902931907214,1000,1,2.0,0.1,01dd3e86805165412e0810e2a77a4756f8e1020f3ff2707c74af0a3f88a1bb8e,8dd9879f11edea7f25f587ae72f928a6f3ab2e5c81fc9400c13642364ad90443,False
C0,83238,True,DyMn3TlO8,13,119.59163497993723,1000,1,2.0,0.1,01dd3e86805165412e0810e2a77a4756f8e1020f3ff2707c74af0a3f88a1bb8e,,False
FT0,83238,True,Li(Mn2C)4,13,116.24228711193427,1000,1,2.0,0.1,01dd3e86805165412e0810e2a77a4756f8e1020f3ff2707c74af0a3f88a1bb8e,1cd254568463ae4d7774193fa0a0e97925cdad3b6c505c1e5f5dd4e7968f6960,False
TCL,83238,True,Mn11Fe2,13,115.83897547307424,1000,1,2.0,0.1,01dd3e86805165412e0810e2a77a4756f8e1020f3ff2707c74af0a3f88a1bb8e,8dd9879f11edea7f25f587ae72f928a6f3ab2e5c81fc9400c13642364ad90443,False
C0,83239,True,Fe5Co2Ni,8,115.65475801913999,1000,1,2.0,0.1,01dd3e86805165412e0810e2a77a4756f8e1020f3ff2707c74af0a3f88a1bb8e,,False
FT0,83239,True,Mn5GaC2,8,115.07382143102586,1000,1,2.0,0.1,01dd3e86805165412e0810e2a77a4756f8e1020f3ff2707c74af0a3f88a1bb8e,1cd254568463ae4d7774193fa0a0e97925cdad3b6c505c1e5f5dd4e7968f6960,False
TCL,83239,True,Mn3Fe3Ge2,8,115.80814406718127,1000,1,2.0,0.1,01dd3e86805165412e0810e2a77a4756f8e1020f3ff2707c74af0a3f88a1bb8e,8dd9879f11edea7f25f587ae72f928a6f3ab2e5c81fc9400c13642364ad90443,False
C0,83240,True,Mn3Fe2Co,6,112.46213028603233,1000,1,2.0,0.1,01dd3e86805165412e0810e2a77a4756f8e1020f3ff2707c74af0a3f88a1bb8e,,False
FT0,83240,True,Mn5Au,6,112.26624418096617,1000,1,2.0,0.1,01dd3e86805165412e0810e2a77a4756f8e1020f3ff2707c74af0a3f88a1bb8e,1cd254568463ae4d7774193fa0a0e97925cdad3b6c505c1e5f5dd4e7968f6960,False
TCL,83240,True,Eu5Au,6,115.93253092002124,1000,1,2.0,0.1,01dd3e86805165412e0810e2a77a4756f8e1020f3ff2707c74af0a3f88a1bb8e,8dd9879f11edea7f25f587ae72f928a6f3ab2e5c81fc9400c13642364ad90443,False
C0,83241,True,Eu(CoN)2,10,118.15669879713096,1000,1,2.0,0.1,01dd3e86805165412e0810e2a77a4756f8e1020f3ff2707c74af0a3f88a1bb8e,,False
FT0,83241,True,Mn3AsC,10,115.03538511390798,1000,1,2.0,0.1,01dd3e86805165412e0810e2a77a4756f8e1020f3ff2707c74af0a3f88a1bb8e,1cd254568463ae4d7774193fa0a0e97925cdad3b6c505c1e5f5dd4e7968f6960,False
TCL,83241,True,Fe4C,10,113.15705571998842,1000,1,2.0,0.1,01dd3e86805165412e0810e2a77a4756f8e1020f3ff2707c74af0a3f88a1bb8e,8dd9879f11edea7f25f587ae72f928a6f3ab2e5c81fc9400c13642364ad90443,False
C0,83242,True,SrEuCl4,6,114.86251965607516,1000,1,2.0,0.1,01dd3e86805165412e0810e2a77a4756f8e1020f3ff2707c74af0a3f88a1bb8e,,False
FT0,83242,True,Mn5Fe,6,113.12242775410414,1000,1,2.0,0.1,01dd3e86805165412e0810e2a77a4756f8e1020f3ff2707c74af0a3f88a1bb8e,1cd254568463ae4d7774193fa0a0e97925cdad3b6c505c1e5f5dd4e7968f6960,False
TCL,83242,True,EuCl2,6,115.22830105083995,1000,1,2.0,0.1,01dd3e86805165412e0810e2a77a4756f8e1020f3ff2707c74af0a3f88a1bb8e,8dd9879f11edea7f25f587ae72f928a6f3ab2e5c81fc9400c13642364ad90443,False
C0,83243,True,Mn2O3,20,113.32708626706153,1000,1,2.0,0.1,01dd3e86805165412e0810e2a77a4756f8e1020f3ff2707c74af0a3f88a1bb8e,,False
FT0,83243,True,Mn3C2,20,118.94312472408637,1000,1,2.0,0.1,01dd3e86805165412e0810e2a77a4756f8e1020f3ff2707c74af0a3f88a1bb8e,1cd254568463ae4d7774193fa0a0e97925cdad3b6c505c1e5f5dd4e7968f6960,False
TCL,83243,True,Mn3Ni,20,119.72651832387783,1000,1,2.0,0.1,01dd3e86805165412e0810e2a77a4756f8e1020f3ff2707c74af0a3f88a1bb8e,8dd9879f11edea7f25f587ae72f928a6f3ab2e5c81fc9400c13642364ad90443,False
C0,83244,True,EuMnFe,6,119.24910145485774,1000,1,2.0,0.1,01dd3e86805165412e0810e2a77a4756f8e1020f3ff2707c74af0a3f88a1bb8e,,False
FT0,83244,True,MnAu2,6,113.60617352300324,1000,1,2.0,0.1,01dd3e86805165412e0810e2a77a4756f8e1020f3ff2707c74af0a3f88a1bb8e,1cd254568463ae4d7774193fa0a0e97925cdad3b6c505c1e5f5dd4e7968f6960,False
TCL,83244,True,CaEuC,6,115.35578260803595,1000,1,2.0,0.1,01dd3e86805165412e0810e2a77a4756f8e1020f3ff2707c74af0a3f88a1bb8e,8dd9879f11edea7f25f587ae72f928a6f3ab2e5c81fc9400c13642364ad90443,False
C0,83245,True,Li5(FeO2)3,14,113.08098140708171,1000,1,2.0,0.1,01dd3e86805165412e0810e2a77a4756f8e1020f3ff2707c74af0a3f88a1bb8e,,False
FT0,83245,True,Mn5C2,14,113.05343669489957,1000,1,2.0,0.1,01dd3e86805165412e0810e2a77a4756f8e1020f3ff2707c74af0a3f88a1bb8e,1cd254568463ae4d7774193fa0a0e97925cdad3b6c505c1e5f5dd4e7968f6960,False
TCL,83245,True,Mn5C2,14,115.41223753290251,1000,1,2.0,0.1,01dd3e86805165412e0810e2a77a4756f8e1020f3ff2707c74af0a3f88a1bb8e,8dd9879f11edea7f25f587ae72f928a6f3ab2e5c81fc9400c13642364ad90443,False
C0,83246,True,Eu4Ge2Cl3,9,116.08801933005452,1000,1,2.0,0.1,01dd3e86805165412e0810e2a77a4756f8e1020f3ff2707c74af0a3f88a1bb8e,,False
FT0,83246,True,Mn5As3C,9,114.82683604001068,1000,1,2.0,0.1,01dd3e86805165412e0810e2a77a4756f8e1020f3ff2707c74af0a3f88a1bb8e,1cd254568463ae4d7774193fa0a0e97925cdad3b6c505c1e5f5dd4e7968f6960,False
TCL,83246,True,Mn6Fe2H,9,117.17025921912864,1000,1,2.0,0.1,01dd3e86805165412e0810e2a77a4756f8e1020f3ff2707c74af0a3f88a1bb8e,8dd9879f11edea7f25f587ae72f928a6f3ab2e5c81fc9400c13642364ad90443,False
C0,83247,True,Eu3SiO6,10,113.22155834292062,1000,1,2.0,0.1,01dd3e86805165412e0810e2a77a4756f8e1020f3ff2707c74af0a3f88a1bb8e,,False
FT0,83247,True,Mn4C,10,120.62775766802952,1000,1,2.0,0.1,01dd3e86805165412e0810e2a77a4756f8e1020f3ff2707c74af0a3f88a1bb8e,1cd254568463ae4d7774193fa0a0e97925cdad3b6c505c1e5f5dd4e7968f6960,False
TCL,83247,True,Eu2CdCu2,10,115.64830053597689,1000,1,2.0,0.1,01dd3e86805165412e0810e2a77a4756f8e1020f3ff2707c74af0a3f88a1bb8e,8dd9879f11edea7f25f587ae72f928a6f3ab2e5c81fc9400c13642364ad90443,False
C0,83248,True,Mn2O3,10,123.0000980028417,1000,1,2.0,0.1,01dd3e86805165412e0810e2a77a4756f8e1020f3ff2707c74af0a3f88a1bb8e,,False
FT0,83248,True,Mn7As3,10,116.8688903900329,1000,1,2.0,0.1,01dd3e86805165412e0810e2a77a4756f8e1020f3ff2707c74af0a3f88a1bb8e,1cd254568463ae4d7774193fa0a0e97925cdad3b6c505c1e5f5dd4e7968f6960,False
TCL,83248,True,Mn5IrPt4,10,122.24162828293629,1000,1,2.0,0.1,01dd3e86805165412e0810e2a77a4756f8e1020f3ff2707c74af0a3f88a1bb8e,8dd9879f11edea7f25f587ae72f928a6f3ab2e5c81fc9400c13642364ad90443,False
C0,83249,True,Fe5CoF12,18,114.69149178196676,1000,1,2.0,0.1,01dd3e86805165412e0810e2a77a4756f8e1020f3ff2707c74af0a3f88a1bb8e,,False
FT0,83249,True,Mn2C,18,115.6494675858412,1000,1,2.0,0.1,01dd3e86805165412e0810e2a77a4756f8e1020f3ff2707c74af0a3f88a1bb8e,1cd254568463ae4d7774193fa0a0e97925cdad3b6c505c1e5f5dd4e7968f6960,False
TCL,83249,True,Mn2C,18,123.93599280319177,1000,1,2.0,0.1,01dd3e86805165412e0810e2a77a4756f8e1020f3ff2707c74af0a3f88a1bb8e,8dd9879f11edea7f25f587ae72f928a6f3ab2e5c81fc9400c13642364ad90443,False
C0,83250,True,EuZn2,9,113.42322808201425,1000,1,2.0,0.1,01dd3e86805165412e0810e2a77a4756f8e1020f3ff2707c74af0a3f88a1bb8e,,False
FT0,83250,True,Mn2C,9,116.84279632894322,1000,1,2.0,0.1,01dd3e86805165412e0810e2a77a4756f8e1020f3ff2707c74af0a3f88a1bb8e,1cd254568463ae4d7774193fa0a0e97925cdad3b6c505c1e5f5dd4e7968f6960,False
TCL,83250,True,Eu3(ZnGe2)2,9,115.42726506805047,1000,1,2.0,0.1,01dd3e86805165412e0810e2a77a4756f8e1020f3ff2707c74af0a3f88a1bb8e,8dd9879f11edea7f25f587ae72f928a6f3ab2e5c81fc9400c13642364ad90443,False
C0,83251,True,Li2Mn4Fe2O7,15,114.61111091100611,1000,1,2.0,0.1,01dd3e86805165412e0810e2a77a4756f8e1020f3ff2707c74af0a3f88a1bb8e,,False
FT0,83251,True,Mn4C,15,116.88715010904707,1000,1,2.0,0.1,01dd3e86805165412e0810e2a77a4756f8e1020f3ff2707c74af0a3f88a1bb8e,1cd254568463ae4d7774193fa0a0e97925cdad3b6c505c1e5f5dd4e7968f6960,False
TCL,83251,True,Mn11Fe4,15,122.64067789702676,1000,1,2.0,0.1,01dd3e86805165412e0810e2a77a4756f8e1020f3ff2707c74af0a3f88a1bb8e,8dd9879f11edea7f25f587ae72f928a6f3ab2e5c81fc9400c13642364ad90443,False
C0,83252,True,HoFe9Ni2,12,117.33387193409726,1000,1,2.0,0.1,01dd3e86805165412e0810e2a77a4756f8e1020f3ff2707c74af0a3f88a1bb8e,,False
FT0,83252,True,Mn2C,12,118.80728180590086,1000,1,2.0,0.1,01dd3e86805165412e0810e2a77a4756f8e1020f3ff2707c74af0a3f88a1bb8e,1cd254568463ae4d7774193fa0a0e97925cdad3b6c505c1e5f5dd4e7968f6960,False
TCL,83252,True,Fe5Ge,12,115.18126971204765,1000,1,2.0,0.1,01dd3e86805165412e0810e2a77a4756f8e1020f3ff2707c74af0a3f88a1bb8e,8dd9879f11edea7f25f587ae72f928a6f3ab2e5c81fc9400c13642364ad90443,False
C0,83253,True,Fe4Co2NiH,16,114.71324602980167,1000,1,2.0,0.1,01dd3e86805165412e0810e2a77a4756f8e1020f3ff2707c74af0a3f88a1bb8e,,False
FT0,83253,True,Mn9FeC6,16,113.40693764295429,1000,1,2.0,0.1,01dd3e86805165412e0810e2a77a4756f8e1020f3ff2707c74af0a3f88a1bb8e,1cd254568463ae4d7774193fa0a0e97925cdad3b6c505c1e5f5dd4e7968f6960,False
TCL,83253,True,Eu3Fe2N3,16,116.61634003208019,1000,1,2.0,0.1,01dd3e86805165412e0810e2a77a4756f8e1020f3ff2707c74af0a3f88a1bb8e,8dd9879f11edea7f25f587ae72f928a6f3ab2e5c81fc9400c13642364ad90443,False
C0,83254,True,Eu2Fe6HO11,20,120.20267486711964,1000,1,2.0,0.1,01dd3e86805165412e0810e2a77a4756f8e1020f3ff2707c74af0a3f88a1bb8e,,False
FT0,83254,True,Mn3C2,20,124.1580685810186,1000,1,2.0,0.1,01dd3e86805165412e0810e2a77a4756f8e1020f3ff2707c74af0a3f88a1bb8e,1cd254568463ae4d7774193fa0a0e97925cdad3b6c505c1e5f5dd4e7968f6960,False
TCL,83254,True,Mn17Fe3,20,113.24982094019651,1000,1,2.0,0.1,01dd3e86805165412e0810e2a77a4756f8e1020f3ff2707c74af0a3f88a1bb8e,8dd9879f11edea7f25f587ae72f928a6f3ab2e5c81fc9400c13642364ad90443,False
C0,83255,True,Eu2Si,9,117.4854147050064,1000,1,2.0,0.1,01dd3e86805165412e0810e2a77a4756f8e1020f3ff2707c74af0a3f88a1bb8e,,False
FT0,83255,True,Mn2As,9,115.2920239600353,1000,1,2.0,0.1,01dd3e86805165412e0810e2a77a4756f8e1020f3ff2707c74af0a3f88a1bb8e,1cd254568463ae4d7774193fa0a0e97925cdad3b6c505c1e5f5dd4e7968f6960,False
TCL,83255,True,EuPRh,9,120.3561911280267,1000,1,2.0,0.1,01dd3e86805165412e0810e2a77a4756f8e1020f3ff2707c74af0a3f88a1bb8e,8dd9879f11edea7f25f587ae72f928a6f3ab2e5c81fc9400c13642364ad90443,False
