comparison,source_method,seed,field,sampling_progress,forward_diffusion_t,stage,rms_diff,relative_l2_diff,cosine_to_c0,c0_rms,candidate_rms
TCL_vs_C0,C0,85000,atomic_numbers,0.05,0.95,early_0_30,5.017026255127971,0.4299843560102014,0.9041070757705563,11.667927414105598,11.10816144648402
TCL_vs_C0,C0,85000,pos,0.05,0.95,early_0_30,0.00432059757354044,0.8098741413522749,0.67444926465596,0.0053349000207935865,0.005373751212816879
TCL_vs_C0,C0,85000,cell,0.05,0.95,early_0_30,0.023527365194728672,0.035745865548513577,0.9993726684003109,0.6581842356788872,0.6609618156350374
TCL_vs_C0,C0,85001,atomic_numbers,0.05,0.95,early_0_30,2.3064148269988802,0.2036988888107771,0.9793036132252634,11.32266769084532,10.827956228964878
TCL_vs_C0,C0,85001,pos,0.05,0.95,early_0_30,0.00801626370838826,0.44971452343558,0.8950633601374125,0.01782522754023656,0.014918148277442617
TCL_vs_C0,C0,85001,cell,0.05,0.95,early_0_30,0.07521154595168349,0.06771347678941146,0.9983322411316723,1.1107323020141318,1.0695722052886718
TCL_vs_C0,C0,85002,atomic_numbers,0.05,0.95,early_0_30,4.112675370476075,0.23042514640805167,0.9766146684021756,17.84820552177532,15.951251669209826
TCL_vs_C0,C0,85002,pos,0.05,0.95,early_0_30,0.004301299798119773,0.7613959102517659,0.6752951979888814,0.005649228923094016,0.004882994959478817
TCL_vs_C0,C0,85002,cell,0.05,0.95,early_0_30,0.054125207302114856,0.06046521344854201,0.9983345318030503,0.895146220697249,0.8774465755541064
TCL_vs_C0,C0,85003,atomic_numbers,0.05,0.95,early_0_30,3.5485994487502883,0.21095896160185706,0.9801794979336048,16.82127851694473,15.268412976700306
TCL_vs_C0,C0,85003,pos,0.05,0.95,early_0_30,0.00522376585841259,0.6003429390178909,0.8422717376646872,0.008701303070138909,0.009628267625796438
TCL_vs_C0,C0,85003,cell,0.05,0.95,early_0_30,0.03959241175961379,0.0493913454541526,0.9991343976045012,0.801606261088096,0.7795672308406257
TCL_vs_C0,C0,85004,atomic_numbers,0.05,0.95,early_0_30,2.2153248188889023,0.20039635101933453,0.9801756231652357,11.05471635396776,11.167748014550442
TCL_vs_C0,C0,85004,pos,0.05,0.95,early_0_30,0.005818386066432668,0.3577832650216622,0.9488980019638228,0.01626232033541421,0.012689922809202479
TCL_vs_C0,C0,85004,cell,0.05,0.95,early_0_30,0.05399023252455474,0.04348886277927975,0.9994284728381528,1.2414726225096502,1.2067967613843926
TCL_vs_C0,C0,85005,atomic_numbers,0.05,0.95,early_0_30,3.915532868600099,0.2983782115351578,0.9577101970311196,13.122717132912147,11.531283099784659
TCL_vs_C0,C0,85005,pos,0.05,0.95,early_0_30,0.003271004953561272,0.48670351560099967,0.8790409469896112,0.006720734181511127,0.005249535637688169
TCL_vs_C0,C0,85005,cell,0.05,0.95,early_0_30,0.03174721728993795,0.05141699476164555,0.9992286937947222,0.6174459910990316,0.5964756606623551
TCL_vs_C0,C0,85006,atomic_numbers,0.05,0.95,early_0_30,1.9355949076044596,0.16989655788644686,0.9854708544937968,11.392784713732368,11.27511435814597
TCL_vs_C0,C0,85006,pos,0.05,0.95,early_0_30,0.008963235942563267,0.5384078086392797,0.8747560177343986,0.016647670778059648,0.010655549362428846
TCL_vs_C0,C0,85006,cell,0.05,0.95,early_0_30,0.04011144700784098,0.04599356441812908,0.9990177467640435,0.8721099900670108,0.8605059923615767
TCL_vs_C0,C0,85007,atomic_numbers,0.05,0.95,early_0_30,2.8379501260823567,0.25416384286419147,0.9720049792517153,11.165829466934726,11.93540248202191
TCL_vs_C0,C0,85007,pos,0.05,0.95,early_0_30,0.01686467461682271,0.6832116575172843,0.8008006621922109,0.02468440699344486,0.011652917392331335
TCL_vs_C0,C0,85007,cell,0.05,0.95,early_0_30,0.1468113644541514,0.09742012713573933,0.9960664904790884,1.5069921254526113,1.4400519313745332
TCL_vs_C0,C0,85008,atomic_numbers,0.05,0.95,early_0_30,2.816827627316101,0.22878660116936486,0.9748992044226237,12.312030568743296,11.354790194462286
TCL_vs_C0,C0,85008,pos,0.05,0.95,early_0_30,0.0045906856793605,0.5658849636446228,0.8328284423698894,0.008112400884084034,0.007710230546417542
TCL_vs_C0,C0,85008,cell,0.05,0.95,early_0_30,0.04144601917453324,0.027716570247125774,0.9996171531007808,1.4953516544432919,1.497218484966278
TCL_vs_C0,C0,85009,atomic_numbers,0.05,0.95,early_0_30,1.9355302090120634,0.17757095326458022,0.9850487546433951,10.90003839833043,11.206213343688757
TCL_vs_C0,C0,85009,pos,0.05,0.95,early_0_30,0.006913271951963819,0.4049376309332294,0.9322898856483649,0.017072436404666366,0.012808576849925112
TCL_vs_C0,C0,85009,cell,0.05,0.95,early_0_30,0.05405870082309909,0.039470003999743555,0.9992926684199989,1.369614779452526,1.385065305506821
TCL_vs_C0,C0,85010,atomic_numbers,0.05,0.95,early_0_30,1.7059751146766593,0.15164762833401246,0.9884560323258826,11.249599703063952,11.192927163856616
TCL_vs_C0,C0,85010,pos,0.05,0.95,early_0_30,0.006833713291324238,0.2506937969099086,0.9719410555652493,0.02725920375995605,0.02413098119723698
TCL_vs_C0,C0,85010,cell,0.05,0.95,early_0_30,0.15790000904631507,0.20649330127036103,0.9784860855315161,0.7646737597534802,0.7416223409897177
TCL_vs_C0,C0,85011,atomic_numbers,0.05,0.95,early_0_30,2.1865294113579,0.19716759043996565,0.9804306424081699,11.0896999171051,10.751553205726529
TCL_vs_C0,C0,85011,pos,0.05,0.95,early_0_30,0.008460633585200439,0.5274379100579171,0.9300864149554128,0.016041003924559368,0.008848227895252702
TCL_vs_C0,C0,85011,cell,0.05,0.95,early_0_30,0.02319740439759318,0.024482268818064652,0.9997075202883943,0.9475185723177986,0.9436324527449317
TCL_vs_C0,C0,85012,atomic_numbers,0.05,0.95,early_0_30,2.864293361195473,0.23644720588369522,0.9721781173872068,12.113881195975628,12.167055063742072
TCL_vs_C0,C0,85012,pos,0.05,0.95,early_0_30,0.0058735201962233086,0.5866753758111919,0.8180191682390615,0.010011533530109445,0.009346093068165544
TCL_vs_C0,C0,85012,cell,0.05,0.95,early_0_30,0.039915851271918164,0.02922442935243618,0.9996073611916213,1.3658385178559778,1.3539613495804697
TCL_vs_C0,C0,85013,atomic_numbers,0.05,0.95,early_0_30,2.0361094606670465,0.18067793172578198,0.9838180750584613,11.269275894508713,10.824432724299722
TCL_vs_C0,C0,85013,pos,0.05,0.95,early_0_30,0.008126922412871863,0.5197758109096536,0.919299295942849,0.015635437898983855,0.00906500511713033
TCL_vs_C0,C0,85013,cell,0.05,0.95,early_0_30,0.051361760891346545,0.04685712460790092,0.9989919975651804,1.0961355678808784,1.080299914691328
TCL_vs_C0,C0,85014,atomic_numbers,0.05,0.95,early_0_30,2.6554974995706813,0.21692658596102488,0.9763664635256815,12.241457116961188,11.72358514391457
TCL_vs_C0,C0,85014,pos,0.05,0.95,early_0_30,0.004655442027299672,0.4924905696839868,0.8891428230104708,0.009452855168956633,0.006684572682470471
TCL_vs_C0,C0,85014,cell,0.05,0.95,early_0_30,0.021408140491955753,0.03114710078997768,0.9996467924316859,0.6873236978397788,0.698245476928203
TCL_vs_C0,C0,85015,atomic_numbers,0.05,0.95,early_0_30,2.2509499400140074,0.19614974651836592,0.9806538966497597,11.475670909435744,11.397354058315159
TCL_vs_C0,C0,85015,pos,0.05,0.95,early_0_30,0.006563799733032371,0.3941770105071109,0.9272933517943875,0.01665190906133264,0.013384948251429203
TCL_vs_C0,C0,85015,cell,0.05,0.95,early_0_30,0.05422467402339431,0.08741869392824382,0.9963219577149124,0.6202869384882794,0.6072712800235897
TCL_vs_C0,C0,85016,atomic_numbers,0.05,0.95,early_0_30,1.7858641654417515,0.16421889954389907,0.9867739414706165,10.874900333651022,11.01686481165509
TCL_vs_C0,C0,85016,pos,0.05,0.95,early_0_30,0.005770268123764376,0.3696161206316356,0.9341408296123458,0.015611516385983343,0.013083091702946964
TCL_vs_C0,C0,85016,cell,0.05,0.95,early_0_30,0.0498551167392468,0.1114006921426225,0.9942563445159152,0.44752968568111756,0.4587950119750199
TCL_vs_C0,C0,85017,atomic_numbers,0.05,0.95,early_0_30,3.411749197885789,0.28665996155147333,0.9585508888662949,11.901729070989113,11.033227115106808
TCL_vs_C0,C0,85017,pos,0.05,0.95,early_0_30,0.0027124741985367316,0.619310107476644,0.8075763369090236,0.004379831954606081,0.004364878008164775
TCL_vs_C0,C0,85017,cell,0.05,0.95,early_0_30,0.032700196490307365,0.04835095698210557,0.9988360702546778,0.676309188718013,0.677796491809987
TCL_vs_C0,C0,85018,atomic_numbers,0.05,0.95,early_0_30,1.9224622049744804,0.18045340037676735,0.9850388906269567,10.653510551536215,11.064363322344965
TCL_vs_C0,C0,85018,pos,0.05,0.95,early_0_30,0.006456287522103912,0.32001669685001566,0.9580389391282105,0.020174845830403104,0.016457406969784896
TCL_vs_C0,C0,85018,cell,0.05,0.95,early_0_30,0.0937646749487744,0.07656639528289433,0.9972580883548846,1.2246191635682546,1.1971980613952582
TCL_vs_C0,C0,85019,atomic_numbers,0.05,0.95,early_0_30,3.560301440682353,0.22487121646055971,0.9807118995326122,15.832624098010315,13.766836321486998
TCL_vs_C0,C0,85019,pos,0.05,0.95,early_0_30,0.0051265294538471754,0.7121879955323676,0.7311285745140311,0.007198281192615505,0.006733869724285999
TCL_vs_C0,C0,85019,cell,0.05,0.95,early_0_30,0.055716050187725484,0.049363613634043284,0.9995516618516298,1.1286866192733769,1.083883539161627
TCL_vs_C0,C0,85020,atomic_numbers,0.05,0.95,early_0_30,0.7809691962371788,0.07580786358291858,0.9980586236891591,10.30195495989615,10.727191192142909
TCL_vs_C0,C0,85020,pos,0.05,0.95,early_0_30,0.010098125839223598,0.33521036175922897,0.9818950136817916,0.03012474252355231,0.02124812440534797
TCL_vs_C0,C0,85020,cell,0.05,0.95,early_0_30,0.13199947687216693,0.3543065511292242,0.9365851523668031,0.37255725713077065,0.36837922631051945
TCL_vs_C0,C0,85021,atomic_numbers,0.05,0.95,early_0_30,3.1100402905327007,0.2756053006468932,0.9614589123956645,11.284399404630095,11.064044914333168
TCL_vs_C0,C0,85021,pos,0.05,0.95,early_0_30,0.004475801762057258,0.5311652226871773,0.8504928878589311,0.008426383300122837,0.007790054341729194
TCL_vs_C0,C0,85021,cell,0.05,0.95,early_0_30,0.03659811105704003,0.066609337663715,0.9985906439883228,0.5494441521368948,0.5707850234881029
TCL_vs_C0,C0,85022,atomic_numbers,0.05,0.95,early_0_30,2.655497994380503,0.2399549803964419,0.9710614768087491,11.066650877565525,11.003274444620326
TCL_vs_C0,C0,85022,pos,0.05,0.95,early_0_30,0.00436053329635545,0.6486037764605385,0.7996032744617168,0.006722953912095744,0.0070231935804108536
TCL_vs_C0,C0,85022,cell,0.05,0.95,early_0_30,0.06320296309582632,0.05829145858680876,0.9983087789398113,1.084257704783682,1.077784141087682
TCL_vs_C0,C0,85023,atomic_numbers,0.05,0.95,early_0_30,2.0817066224721232,0.17061167560738857,0.9858947812439216,12.201431203703455,11.62522899906816
TCL_vs_C0,C0,85023,pos,0.05,0.95,early_0_30,0.005555973540312577,0.5922035340761056,0.8063786937902018,0.00938186488363402,0.007275920461672157
TCL_vs_C0,C0,85023,cell,0.05,0.95,early_0_30,0.020301854117125154,0.01458203823495154,0.99990896343398,1.3922507807217135,1.3998219348129706
TCL_vs_C0,C0,85024,atomic_numbers,0.05,0.95,early_0_30,2.0007279762317793,0.19438976665754412,0.9959109182461445,10.29235237344801,12.021805050259376
TCL_vs_C0,C0,85024,pos,0.05,0.95,early_0_30,0.017522671752272855,0.9056880006697434,0.5007537012247615,0.01934735995101524,0.014844434218213137
TCL_vs_C0,C0,85024,cell,0.05,0.95,early_0_30,0.19057266914447796,0.09698728167580381,0.995737747709916,1.964924326691606,1.8975952073246263
TCL_vs_C0,C0,85025,atomic_numbers,0.05,0.95,early_0_30,2.118081561793771,0.19449535100038076,0.9822039581342155,10.890139794599122,11.24659303993403
TCL_vs_C0,C0,85025,pos,0.05,0.95,early_0_30,0.006088212878499389,0.42926459563246433,0.9085767426497654,0.014182890786809977,0.011483658610922695
TCL_vs_C0,C0,85025,cell,0.05,0.95,early_0_30,0.044574081811584884,0.03249666230434156,0.9996416665662601,1.3716510758592515,1.3964327585338634
TCL_vs_C0,C0,85026,atomic_numbers,0.05,0.95,early_0_30,2.1222414728265995,0.1716723809634959,0.9855638488615611,12.362160185090394,12.534989475744355
TCL_vs_C0,C0,85026,pos,0.05,0.95,early_0_30,0.004475612424390053,0.44945600821679155,0.8957427095133907,0.00995784313162697,0.008261716022864067
TCL_vs_C0,C0,85026,cell,0.05,0.95,early_0_30,0.02094115879848367,0.03384954748907628,0.9998418671978502,0.618654024998168,0.6363746264479976
TCL_vs_C0,C0,85027,atomic_numbers,0.05,0.95,early_0_30,3.372341635005895,0.20822633319649353,0.9787938059067608,16.195557897202047,15.247099744247786
TCL_vs_C0,C0,85027,pos,0.05,0.95,early_0_30,0.00473301443284188,0.7504336877685802,0.695976391582545,0.00630703886297473,0.005764627207891837
TCL_vs_C0,C0,85027,cell,0.05,0.95,early_0_30,0.024416332954966535,0.02641130776770686,0.9996947565674525,0.9244651256845531,0.9155520041082709
TCL_vs_C0,C0,85028,atomic_numbers,0.05,0.95,early_0_30,2.906201173409873,0.25493108706992396,0.9669659710213437,11.399948146036587,11.06454126167284
TCL_vs_C0,C0,85028,pos,0.05,0.95,early_0_30,0.0041285752128495685,0.5770805697655865,0.8292581491637072,0.007154244015747436,0.0069618093723858455
TCL_vs_C0,C0,85028,cell,0.05,0.95,early_0_30,0.05617567755602251,0.06321167243477815,0.9982009499189555,0.8886915247177586,0.8692999756885212
TCL_vs_C0,C0,85029,atomic_numbers,0.05,0.95,early_0_30,2.9283466953529014,0.1967856727007988,0.9811753250764383,14.880893792533781,15.163417007137285
TCL_vs_C0,C0,85029,pos,0.05,0.95,early_0_30,0.0066378736811502975,0.37532273670990557,0.9542718786561785,0.017685775552363732,0.012863420117312818
TCL_vs_C0,C0,85029,cell,0.05,0.95,early_0_30,0.040046958222914326,0.048879355288212516,0.999136789356888,0.8193020956757961,0.7974906354334256
TCL_vs_C0,C0,85030,atomic_numbers,0.05,0.95,early_0_30,3.0629612362181184,0.2406261142021586,0.9788692395042393,12.729130611504685,10.845715454598304
TCL_vs_C0,C0,85030,pos,0.05,0.95,early_0_30,0.00866285234357065,0.2866208199937963,0.9841646448804171,0.030224086107067,0.022937905456596085
TCL_vs_C0,C0,85030,cell,0.05,0.95,early_0_30,0.13259247580300262,0.1478448156424254,0.9922935593096538,0.8968354772999834,0.8175933144190672
TCL_vs_C0,C0,85031,atomic_numbers,0.05,0.95,early_0_30,1.9116519777094738,0.17897817362230817,0.9842651710439388,10.680922366229805,10.817053141869803
TCL_vs_C0,C0,85031,pos,0.05,0.95,early_0_30,0.006802122087850503,0.4985211972440567,0.9076757837265216,0.013644599518444243,0.008713518963089794
TCL_vs_C0,C0,85031,cell,0.05,0.95,early_0_30,0.03594902021974982,0.045333843063622106,0.9990039252825468,0.7929841767285977,0.7858504290072453
TCL_vs_C0,TCL,85000,atomic_numbers,0.05,0.95,early_0_30,3.534813931323601,0.26343775515784956,0.9667663698258064,13.418023279182485,12.119582879013258
TCL_vs_C0,TCL,85000,pos,0.05,0.95,early_0_30,0.005121830524845405,0.8177212949439359,0.6755996214092468,0.006263540593248907,0.0064470535388552325
TCL_vs_C0,TCL,85000,cell,0.05,0.95,early_0_30,0.08428115301715185,0.05521383511648574,0.9987059994516829,1.5264498986412045,1.4916563208241493
TCL_vs_C0,TCL,85001,atomic_numbers,0.05,0.95,early_0_30,4.598265774982505,0.31380908212579756,0.9578022108287746,14.653067858434973,12.189314139697341
TCL_vs_C0,TCL,85001,pos,0.05,0.95,early_0_30,0.005185160585411127,0.2909445984227479,0.95798418180384,0.017821814233777225,0.01620312683162723
TCL_vs_C0,TCL,85001,cell,0.05,0.95,early_0_30,0.0774280923922223,0.08573370235079175,0.9963448030365701,0.9031231624106719,0.8932327193381214
TCL_vs_C0,TCL,85002,atomic_numbers,0.05,0.95,early_0_30,4.636509560827557,0.33447854974573255,0.9445838472766558,13.861904042433187,12.204562732943176
TCL_vs_C0,TCL,85002,pos,0.05,0.95,early_0_30,0.0022017263546818587,0.4944660679066839,0.8837333017329441,0.004452734975329735,0.0046458133478722045
TCL_vs_C0,TCL,85002,cell,0.05,0.95,early_0_30,0.022922850066009474,0.03620851608939015,0.9994325314888853,0.6330789698594235,0.6411289899540102
TCL_vs_C0,TCL,85003,atomic_numbers,0.05,0.95,early_0_30,2.5057258372952305,0.22429724657388492,0.976084297872079,11.171451614185678,11.521223007547523
TCL_vs_C0,TCL,85003,pos,0.05,0.95,early_0_30,0.004448448886974512,0.4997273597154962,0.8684086591892826,0.008901751726195447,0.008283488335793765
TCL_vs_C0,TCL,85003,cell,0.05,0.95,early_0_30,0.04528456433405519,0.04900678144111112,0.9987984832537766,0.9240468972334223,0.9226839548024194
TCL_vs_C0,TCL,85004,atomic_numbers,0.05,0.95,early_0_30,1.8105153087244394,0.1637447839421986,0.9865729117441876,11.056934243252263,11.038579774533638
TCL_vs_C0,TCL,85004,pos,0.05,0.95,early_0_30,0.008131352515406374,0.49165782711725226,0.9199088291888274,0.016538641443141676,0.01030901265998443
TCL_vs_C0,TCL,85004,cell,0.05,0.95,early_0_30,0.041626777277286635,0.051843738255903146,0.9987424613444822,0.8029277725270292,0.8125178404505851
TCL_vs_C0,TCL,85005,atomic_numbers,0.05,0.95,early_0_30,3.826346059763396,0.2917282934432574,0.9596439560507939,13.116129445660501,11.568989218114597
TCL_vs_C0,TCL,85005,pos,0.05,0.95,early_0_30,0.005562940209901394,0.9156287860709746,0.6371398330270057,0.00607554097744387,0.0068740522260947335
TCL_vs_C0,TCL,85005,cell,0.05,0.95,early_0_30,0.027184689943018956,0.03529469454516865,0.9996720174413655,0.7702202921243347,0.7886740063908647
TCL_vs_C0,TCL,85006,atomic_numbers,0.05,0.95,early_0_30,2.7152225664356275,0.23402899090809398,0.9730688248735101,11.602077827622336,10.820846538501797
TCL_vs_C0,TCL,85006,pos,0.05,0.95,early_0_30,0.009747206675438679,0.6818902476659963,0.7316309527396586,0.014294392255647947,0.01022854631756477
TCL_vs_C0,TCL,85006,cell,0.05,0.95,early_0_30,0.029661092488092178,0.031927238505884525,0.9995460236582562,0.9290215463709875,0.9187854386252121
TCL_vs_C0,TCL,85007,atomic_numbers,0.05,0.95,early_0_30,1.2775072293284535,0.12104112381429973,0.9949323483857039,10.554323927861034,11.212087870483149
TCL_vs_C0,TCL,85007,pos,0.05,0.95,early_0_30,0.0169950163529423,0.5675421270013542,0.9584986773540212,0.02994494248865115,0.014007066710979288
TCL_vs_C0,TCL,85007,cell,0.05,0.95,early_0_30,0.058921264609478476,0.05043706581536145,0.998999200887178,1.1682135678783483,1.1942740978320776
TCL_vs_C0,TCL,85008,atomic_numbers,0.05,0.95,early_0_30,3.0112247630172133,0.2631202769551703,0.9647879828462999,11.444290032920028,11.120710801219367
TCL_vs_C0,TCL,85008,pos,0.05,0.95,early_0_30,0.003517701680982214,0.49754657767240607,0.8775483395432622,0.0070700952209108246,0.007143467777341088
TCL_vs_C0,TCL,85008,cell,0.05,0.95,early_0_30,0.04468751603673076,0.08491549640530928,0.9980278382320238,0.5262586680696447,0.4951263161214303
TCL_vs_C0,TCL,85009,atomic_numbers,0.05,0.95,early_0_30,2.4090859549360246,0.2108728973519767,0.9787386638195926,11.424350806518865,11.740751473864314
TCL_vs_C0,TCL,85009,pos,0.05,0.95,early_0_30,0.008319207737669148,0.558364365434614,0.8358382611024923,0.014899245461686526,0.010934194233329302
TCL_vs_C0,TCL,85009,cell,0.05,0.95,early_0_30,0.035500563364498444,0.03641379352462739,0.9993906701628117,0.9749207629380525,0.9844431779361379
TCL_vs_C0,TCL,85010,atomic_numbers,0.05,0.95,early_0_30,1.3135541180844437,0.11760149878836977,0.9930889426020593,11.169535521381873,11.175748393007746
TCL_vs_C0,TCL,85010,pos,0.05,0.95,early_0_30,0.005235148317288485,0.18971215614212023,0.9819547100707857,0.027595218059546203,0.0266826323469317
TCL_vs_C0,TCL,85010,cell,0.05,0.95,early_0_30,0.16561355419573462,0.18367242131343958,0.9860519070415094,0.9016789402101513,0.8190613313439348
TCL_vs_C0,TCL,85011,atomic_numbers,0.05,0.95,early_0_30,4.012278298606645,0.2945164092814059,0.9620187543422272,13.623275892831408,11.599874070400109
TCL_vs_C0,TCL,85011,pos,0.05,0.95,early_0_30,0.008392453726056862,0.5553080775835095,0.8598439272989055,0.015113149015547628,0.009694234878568202
TCL_vs_C0,TCL,85011,cell,0.05,0.95,early_0_30,0.05689026132801013,0.0492662949649656,0.9992921766882286,1.1547501464939895,1.117197533354314
TCL_vs_C0,TCL,85012,atomic_numbers,0.05,0.95,early_0_30,3.1509551016142616,0.22937343826943304,0.9746952146469028,13.737227489754058,12.683386040582883
TCL_vs_C0,TCL,85012,pos,0.05,0.95,early_0_30,0.004910663690311273,0.4571002411363973,0.9107334020263265,0.010743078319326343,0.007679534529832449
TCL_vs_C0,TCL,85012,cell,0.05,0.95,early_0_30,0.037847543937596956,0.03974419565998653,0.9995410461197187,0.9522785229165154,0.927341730652562
TCL_vs_C0,TCL,85013,atomic_numbers,0.05,0.95,early_0_30,4.5557438688595795,0.3087628739402146,0.9605659152142687,14.754830497340505,12.192243188206985
TCL_vs_C0,TCL,85013,pos,0.05,0.95,early_0_30,0.007053037733377063,0.46121066158813506,0.9408726153516724,0.015292442956740414,0.009602010237365382
TCL_vs_C0,TCL,85013,cell,0.05,0.95,early_0_30,0.03292027859741084,0.046872825888944925,0.9992977443959061,0.7023318516235474,0.7216170253700452
TCL_vs_C0,TCL,85014,atomic_numbers,0.05,0.95,early_0_30,2.5244603211704684,0.22496914218796177,0.9752701657673556,11.221362612750152,11.4150252915719
TCL_vs_C0,TCL,85014,pos,0.05,0.95,early_0_30,0.005091821785039748,0.5741588015548611,0.8197531783460094,0.008868316171851322,0.006909204589064764
TCL_vs_C0,TCL,85014,cell,0.05,0.95,early_0_30,0.03111636955929493,0.03486953028070361,0.9995726707969043,0.8923656071304856,0.9089488063870775
TCL_vs_C0,TCL,85015,atomic_numbers,0.05,0.95,early_0_30,2.0970664592740538,0.18962449070946213,0.9824254477899874,11.059048604049385,11.234335724098989
TCL_vs_C0,TCL,85015,pos,0.05,0.95,early_0_30,0.01179013500406811,1.292427344021591,0.23239358815217206,0.009122474124836489,0.009884163709535302
TCL_vs_C0,TCL,85015,cell,0.05,0.95,early_0_30,0.19924838796416677,0.11643082134328153,0.995959483813337,1.7113027776099605,1.5775735412436385
TCL_vs_C0,TCL,85016,atomic_numbers,0.05,0.95,early_0_30,3.0693897188355526,0.2559368300583636,0.9666940860392272,11.992762894404883,11.606007696155249
TCL_vs_C0,TCL,85016,pos,0.05,0.95,early_0_30,0.005980133238247042,0.35953569628576043,0.9462309968402034,0.01663293325259701,0.013128815245742982
TCL_vs_C0,TCL,85016,cell,0.05,0.95,early_0_30,0.03386233743884392,0.05425788143463816,0.9987025414518452,0.6240998826988156,0.6116028958929924
TCL_vs_C0,TCL,85017,atomic_numbers,0.05,0.95,early_0_30,2.7465215976074644,0.21724993492644837,0.9763889746687463,12.642220576670466,12.05186629481146
TCL_vs_C0,TCL,85017,pos,0.05,0.95,early_0_30,0.0036082262907897083,0.7726202380292404,0.7044860166428141,0.0046701162009338305,0.004716081803807297
TCL_vs_C0,TCL,85017,cell,0.05,0.95,early_0_30,0.02731136112853887,0.034488962815048055,0.9995026572183997,0.7918869951236257,0.8025526832601747
TCL_vs_C0,TCL,85018,atomic_numbers,0.05,0.95,early_0_30,2.315239662717197,0.20657157181898544,0.9784338822178182,11.207929737524557,10.990454703210514
TCL_vs_C0,TCL,85018,pos,0.05,0.95,early_0_30,0.009284065381545518,0.4384772915522509,0.902763533932971,0.02117342348261424,0.02091674196295918
TCL_vs_C0,TCL,85018,cell,0.05,0.95,early_0_30,0.07798607269829809,0.08543044684849214,0.9963690718186986,0.912860409551686,0.9159806400591776
TCL_vs_C0,TCL,85019,atomic_numbers,0.05,0.95,early_0_30,2.763130579221029,0.22287548866481116,0.9763622427511324,12.397642270014629,11.430459817345238
TCL_vs_C0,TCL,85019,pos,0.05,0.95,early_0_30,0.005048135110795771,0.9161776238724264,0.6336328982101628,0.005509996074187794,0.006195550397015033
TCL_vs_C0,TCL,85019,cell,0.05,0.95,early_0_30,0.024511648115849053,0.01763683415065496,0.9998844804213048,1.3897986399638957,1.3772048599233195
TCL_vs_C0,TCL,85020,atomic_numbers,0.05,0.95,early_0_30,0.945236952500947,0.08869264404063434,0.9963174958488931,10.657444737670565,10.860039920025557
TCL_vs_C0,TCL,85020,pos,0.05,0.95,early_0_30,0.00817147489536241,0.278554289193806,0.9706709475659733,0.02933530450747091,0.02434764954740647
TCL_vs_C0,TCL,85020,cell,0.05,0.95,early_0_30,0.13400457191610296,0.17495862834004583,0.9846066950052703,0.7659214820526288,0.7481559806514895
TCL_vs_C0,TCL,85021,atomic_numbers,0.05,0.95,early_0_30,2.955390660937452,0.21892966801949876,0.9782137806286247,13.499269823376482,14.143579815450662
TCL_vs_C0,TCL,85021,pos,0.05,0.95,early_0_30,0.0037279683172961923,0.48848076478615443,0.8862209196458308,0.0076317607284459,0.007945757339029608
TCL_vs_C0,TCL,85021,cell,0.05,0.95,early_0_30,0.01797283356961396,0.03484806208148601,0.9993981405908244,0.5157484375339919,0.5171509702925423
TCL_vs_C0,TCL,85022,atomic_numbers,0.05,0.95,early_0_30,2.9695294168528767,0.22923368271102454,0.9750423370072253,12.954158314493032,11.89171160730658
TCL_vs_C0,TCL,85022,pos,0.05,0.95,early_0_30,0.005361602452222202,0.5915160162186427,0.813374507737235,0.009064171223117631,0.008343291034021098
TCL_vs_C0,TCL,85022,cell,0.05,0.95,early_0_30,0.06747916654875026,0.07255630844893843,0.9976045080711494,0.9300248040628857,0.9481551869017389
TCL_vs_C0,TCL,85023,atomic_numbers,0.05,0.95,early_0_30,2.207354335213381,0.19685147220116156,0.9806644735018355,11.213298587666623,11.23522721664518
TCL_vs_C0,TCL,85023,pos,0.05,0.95,early_0_30,0.006094392136919011,0.4619831734650148,0.9232907712396391,0.013191805431373636,0.008793550895519768
TCL_vs_C0,TCL,85023,cell,0.05,0.95,early_0_30,0.032468188241685264,0.03767019324005678,0.9993606299386246,0.8619066017203242,0.8715796453311881
TCL_vs_C0,TCL,85024,atomic_numbers,0.05,0.95,early_0_30,3.564777223545223,0.27789245708040816,0.9617790328850441,12.827902063256632,11.730056644945707
TCL_vs_C0,TCL,85024,pos,0.05,0.95,early_0_30,0.014353705863225444,0.49077215110967903,0.9542544671219944,0.029247189007710502,0.016526921660756023
TCL_vs_C0,TCL,85024,cell,0.05,0.95,early_0_30,0.07296460514686573,0.09466976848119245,0.9955197326757126,0.7707276178811109,0.7636674800874279
TCL_vs_C0,TCL,85025,atomic_numbers,0.05,0.95,early_0_30,3.264178508521121,0.2544834712121058,0.967308698752976,12.826681799701275,12.678837170491239
TCL_vs_C0,TCL,85025,pos,0.05,0.95,early_0_30,0.005364179168867785,0.4235820348337377,0.9279427266422733,0.01266384956806137,0.009202794022494477
TCL_vs_C0,TCL,85025,cell,0.05,0.95,early_0_30,0.02515000271391608,0.022682650016324753,0.9997789599616228,1.1087770915574489,1.0990929734126444
TCL_vs_C0,TCL,85026,atomic_numbers,0.05,0.95,early_0_30,2.1291136968383118,0.18299479159505638,0.983606540470335,11.634832217245627,11.806260109894279
TCL_vs_C0,TCL,85026,pos,0.05,0.95,early_0_30,0.005342421491801142,0.5606640023471224,0.8281352527256342,0.0095287399751652,0.008008610176927177
TCL_vs_C0,TCL,85026,cell,0.05,0.95,early_0_30,0.0477192389911458,0.03580094261369042,0.9995872220405944,1.3329045412591394,1.3608274462194438
TCL_vs_C0,TCL,85027,atomic_numbers,0.05,0.95,early_0_30,4.745567196816284,0.30291626788143733,0.9663836302975486,15.666267216370558,17.64894680572952
TCL_vs_C0,TCL,85027,pos,0.05,0.95,early_0_30,0.003501726620470406,0.5258095295515354,0.852896176247255,0.006659686490385674,0.006096320740659666
TCL_vs_C0,TCL,85027,cell,0.05,0.95,early_0_30,0.02412230119149897,0.024209487056788454,0.9997498334125706,0.9963986901050415,0.9869184118313716
TCL_vs_C0,TCL,85028,atomic_numbers,0.05,0.95,early_0_30,2.7181505147853806,0.2044034993331051,0.9794570197895798,13.29796468090676,13.469192440826012
TCL_vs_C0,TCL,85028,pos,0.05,0.95,early_0_30,0.003337799740504724,0.4481271337589797,0.9188521025466234,0.007448332156338302,0.00842582488521173
TCL_vs_C0,TCL,85028,cell,0.05,0.95,early_0_30,0.02278585389413756,0.019762085630090524,0.9998047653442261,1.153008559959022,1.1531638293174804
TCL_vs_C0,TCL,85029,atomic_numbers,0.05,0.95,early_0_30,2.372858630065168,0.21668452507565533,0.9791115803811047,10.95075261713629,11.542341431312503
TCL_vs_C0,TCL,85029,pos,0.05,0.95,early_0_30,0.007681551730462487,0.5344681243532399,0.8576991966561411,0.01437232901355518,0.010229361412437219
TCL_vs_C0,TCL,85029,cell,0.05,0.95,early_0_30,0.028905346142118014,0.03780973785532254,0.9993011880828246,0.7644947513977265,0.7683148314761935
TCL_vs_C0,TCL,85030,atomic_numbers,0.05,0.95,early_0_30,0.8997424316528312,0.08607267085100169,0.9974381088152132,10.453288166349031,10.926879443628776
TCL_vs_C0,TCL,85030,pos,0.05,0.95,early_0_30,0.010238422194103706,0.3343461978522846,0.9720560809292486,0.03062221810767257,0.02247608380177863
TCL_vs_C0,TCL,85030,cell,0.05,0.95,early_0_30,0.11050349933222739,0.15682782759989336,0.9899882258604409,0.7046166552414996,0.7457223921288836
TCL_vs_C0,TCL,85031,atomic_numbers,0.05,0.95,early_0_30,2.0305814390156893,0.18333964181235196,0.983188571056649,11.075517650972545,11.072383799787938
TCL_vs_C0,TCL,85031,pos,0.05,0.95,early_0_30,0.0053296885442716945,0.4136905326683125,0.9291442613851187,0.012883274146727733,0.009579230580858319
TCL_vs_C0,TCL,85031,cell,0.05,0.95,early_0_30,0.04472090487130762,0.05505807380521265,0.9993673685417737,0.8122497170809787,0.777596930440141
TCL_vs_C0,C0,85000,atomic_numbers,0.15,0.85,early_0_30,6.626571378338252,0.44209849731633644,0.9219182754548294,14.988902741274682,10.625365699942197
TCL_vs_C0,C0,85000,pos,0.15,0.85,early_0_30,0.004700151731154978,4.279187726845425,0.0732422379852745,0.001098374745671624,0.00465116629599494
TCL_vs_C0,C0,85000,cell,0.15,0.85,early_0_30,0.02308489111473543,0.031185501351498304,0.9995203137794668,0.7402443479917413,0.7425983097585611
TCL_vs_C0,C0,85001,atomic_numbers,0.15,0.85,early_0_30,2.287918295323457,0.21417406804565164,0.9770910413204267,10.682517805263814,10.181092976670895
TCL_vs_C0,C0,85001,pos,0.15,0.85,early_0_30,0.004918697991167045,3.2742434054898775,-0.031828318244741576,0.001502239565610771,0.004636111130621323
TCL_vs_C0,C0,85001,cell,0.15,0.85,early_0_30,0.04033254691683461,0.04673468482995161,0.9989206612279461,0.8630109962993918,0.8665320324601634
TCL_vs_C0,C0,85002,atomic_numbers,0.15,0.85,early_0_30,5.907959397783304,0.44530652745996596,0.8970880272003712,13.267174481996442,11.16734033976282
TCL_vs_C0,C0,85002,pos,0.15,0.85,early_0_30,0.005651335360572173,4.866493652304403,0.1561073097724079,0.0011612745776204043,0.005714988935908852
TCL_vs_C0,C0,85002,cell,0.15,0.85,early_0_30,0.04462903222515587,0.04454212993915115,0.9990443263194254,1.0019510132569645,1.009587346820237
TCL_vs_C0,C0,85003,atomic_numbers,0.15,0.85,early_0_30,3.1429202091584783,0.2342715868941812,0.9732670146473291,13.41571229710461,13.676501199404736
TCL_vs_C0,C0,85003,pos,0.15,0.85,early_0_30,0.004047604526558046,4.4122452142227795,-0.04349644201034656,0.000917357111864653,0.0039025784748082477
TCL_vs_C0,C0,85003,cell,0.15,0.85,early_0_30,0.044000336969568024,0.04284502304816424,0.9990817538423639,1.026964950400541,1.0262442543709598
TCL_vs_C0,C0,85004,atomic_numbers,0.15,0.85,early_0_30,1.62432535886452,0.1606076340426238,0.9877462639910602,10.113624850693201,10.373146167899382
TCL_vs_C0,C0,85004,pos,0.15,0.85,early_0_30,0.005054380553403912,4.998557804993396,0.40811373111173865,0.0010111677709027894,0.005382037633160396
TCL_vs_C0,C0,85004,cell,0.15,0.85,early_0_30,0.0490533151164689,0.08014312617433562,0.9970413257605153,0.6120713959892585,0.6241414936048398
TCL_vs_C0,C0,85005,atomic_numbers,0.15,0.85,early_0_30,4.449113478317872,0.242633870790362,0.9790147728663862,18.33673700965661,15.537250567457875
TCL_vs_C0,C0,85005,pos,0.15,0.85,early_0_30,0.005517975494752777,2.6794371767746665,0.44653901034347265,0.0020593785674777273,0.006120810467041251
TCL_vs_C0,C0,85005,cell,0.15,0.85,early_0_30,0.032839671949262184,0.025049375820477955,0.9996912967959038,1.310997614655757,1.3064141083639027
TCL_vs_C0,C0,85006,atomic_numbers,0.15,0.85,early_0_30,2.2392822437256235,0.18566947896405975,0.9832419791151876,12.060583442252693,11.434127042269395
TCL_vs_C0,C0,85006,pos,0.15,0.85,early_0_30,0.0035081631387139066,3.347434881576847,-0.19215145887725857,0.0010480153499091661,0.00315263863096336
TCL_vs_C0,C0,85006,cell,0.15,0.85,early_0_30,0.03929079558666337,0.05233856830420416,0.9989661498105019,0.7507044395692286,0.7693988559812194
TCL_vs_C0,C0,85007,atomic_numbers,0.15,0.85,early_0_30,0.7796756099272782,0.08168090510283713,0.9975049764008761,9.545384064312932,9.913736838691387
TCL_vs_C0,C0,85007,pos,0.15,0.85,early_0_30,0.004017741000346168,0.704431603533029,0.7592008991816822,0.005703521790043861,0.005867002529335027
TCL_vs_C0,C0,85007,cell,0.15,0.85,early_0_30,0.11956425200273939,0.10835279807768568,0.9949638495809165,1.1034717526816007,1.0525057242537235
TCL_vs_C0,C0,85008,atomic_numbers,0.15,0.85,early_0_30,3.6963704190972937,0.2890838888794949,0.963427020197254,12.786497488409438,10.932178289801898
TCL_vs_C0,C0,85008,pos,0.15,0.85,early_0_30,0.004571485251827572,3.709124547667362,0.040703422000578755,0.001232497100886661,0.0044526598952376135
TCL_vs_C0,C0,85008,cell,0.15,0.85,early_0_30,0.017034389607015553,0.024043435769737623,0.9997779429051188,0.7084840024592476,0.7001247124360459
TCL_vs_C0,C0,85009,atomic_numbers,0.15,0.85,early_0_30,1.4536751120947389,0.15163968324455057,0.9923909049414701,9.5863766066458,10.36193840135907
TCL_vs_C0,C0,85009,pos,0.15,0.85,early_0_30,0.007320447853491836,4.461580128141296,0.19498955321360661,0.001640774712823896,0.007461304443411477
TCL_vs_C0,C0,85009,cell,0.15,0.85,early_0_30,0.07338972082476787,0.0821864212213833,0.9967425587183091,0.8929664990166685,0.9041862434047065
TCL_vs_C0,C0,85010,atomic_numbers,0.15,0.85,early_0_30,2.0234740431458307,0.1874658602145311,0.9823116019096939,10.793826891094831,10.50664126833924
TCL_vs_C0,C0,85010,pos,0.15,0.85,early_0_30,0.0053402254957977385,0.5786876989659585,0.8361923139453968,0.009228164872590247,0.009420536573407912
TCL_vs_C0,C0,85010,cell,0.15,0.85,early_0_30,0.12678763167099188,0.3811590677186154,0.9396120105100911,0.3326370599809286,0.3683624346402284
TCL_vs_C0,C0,85011,atomic_numbers,0.15,0.85,early_0_30,3.2912649866600607,0.25052498296314146,0.9684930861359314,13.137472150409398,12.365780895270582
TCL_vs_C0,C0,85011,pos,0.15,0.85,early_0_30,0.004109441500135857,2.238458227869804,0.1749676702247932,0.0018358356876940908,0.00401179366997876
TCL_vs_C0,C0,85011,cell,0.15,0.85,early_0_30,0.059930046021998806,0.09540608051639596,0.9959801939413104,0.6281575104817303,0.6462649696177222
TCL_vs_C0,C0,85012,atomic_numbers,0.15,0.85,early_0_30,2.684574770779389,0.17162197701357956,0.9854284420335528,15.64237178416242,15.056601113218159
TCL_vs_C0,C0,85012,pos,0.15,0.85,early_0_30,0.0032751882411266443,1.981703853399934,0.22192131607695595,0.001652713262633833,0.003218073550560217
TCL_vs_C0,C0,85012,cell,0.15,0.85,early_0_30,0.048286892719847235,0.0499804723210305,0.9987664783574823,0.9661151741363067,0.9594135517496764
TCL_vs_C0,C0,85013,atomic_numbers,0.15,0.85,early_0_30,1.888403188559956,0.16101422175050756,0.987009386822797,11.728176356285132,11.451087658531145
TCL_vs_C0,C0,85013,pos,0.15,0.85,early_0_30,0.0039904230278731525,3.2428701698932083,0.0019658128150742767,0.001230521981706274,0.0037983770163974276
TCL_vs_C0,C0,85013,cell,0.15,0.85,early_0_30,0.03389760429214804,0.03053942712315971,0.9995408031657208,1.1099620223865183,1.113675120868228
TCL_vs_C0,C0,85014,atomic_numbers,0.15,0.85,early_0_30,2.1382357172059523,0.18231175048874393,0.984081699247818,11.728458047677886,11.064718936690719
TCL_vs_C0,C0,85014,pos,0.15,0.85,early_0_30,0.002666880540730334,2.338204496528878,0.3859246606556375,0.001140567706840605,0.002890705713720177
TCL_vs_C0,C0,85014,cell,0.15,0.85,early_0_30,0.019920745747018798,0.03233275823859962,0.9994787426640782,0.6161164970836585,0.6168913181352379
TCL_vs_C0,C0,85015,atomic_numbers,0.15,0.85,early_0_30,2.1488395273001335,0.1995511993630998,0.9800974087589118,10.768361874839659,10.772514452237195
TCL_vs_C0,C0,85015,pos,0.15,0.85,early_0_30,0.004974083325968466,3.028157616306358,0.2969194897902018,0.001642610443783861,0.005208020677068663
TCL_vs_C0,C0,85015,cell,0.15,0.85,early_0_30,0.0652241627198974,0.07338562282559559,0.9973405474493084,0.888786661590455,0.8940488078702359
TCL_vs_C0,C0,85016,atomic_numbers,0.15,0.85,early_0_30,4.470004479939165,0.30728904148579983,0.9558195375599376,14.546579527619533,12.601393480377919
TCL_vs_C0,C0,85016,pos,0.15,0.85,early_0_30,0.003983781228216418,1.297764933182493,0.3622131267755301,0.0030697248217726454,0.0038838275350870565
TCL_vs_C0,C0,85016,cell,0.15,0.85,early_0_30,0.029069139373102702,0.02657318616361524,0.9996509693043699,1.0939275100140224,1.096677206117715
TCL_vs_C0,C0,85017,atomic_numbers,0.15,0.85,early_0_30,3.172258736506111,0.29644194346605474,0.9552739852011918,10.70111300518229,10.001571263749202
TCL_vs_C0,C0,85017,pos,0.15,0.85,early_0_30,0.005628923683310477,5.482197927785831,-0.056096853496826936,0.0010267640383396204,0.005477187671740817
TCL_vs_C0,C0,85017,cell,0.15,0.85,early_0_30,0.0571541421139652,0.06724156151856385,0.9985670776161388,0.8499823743412959,0.8141581674379317
TCL_vs_C0,C0,85018,atomic_numbers,0.15,0.85,early_0_30,1.7528418171671303,0.17774362522783108,0.9851735011086437,9.861629720449015,10.173703474357541
TCL_vs_C0,C0,85018,pos,0.15,0.85,early_0_30,0.0026617671616478464,1.0258633641819077,0.6686272817501036,0.002594660511900157,0.00356856832380165
TCL_vs_C0,C0,85018,cell,0.15,0.85,early_0_30,0.09782672607173794,0.10999858084662567,0.9939806326088617,0.8893453471744392,0.8752246305966651
TCL_vs_C0,C0,85019,atomic_numbers,0.15,0.85,early_0_30,2.7547478827000083,0.2536796664382766,0.9674107301680178,10.859159196230937,10.338129882392051
TCL_vs_C0,C0,85019,pos,0.15,0.85,early_0_30,0.004257744604579714,4.752096664891391,-0.16605615734794646,0.0008959718004130763,0.004016282545955627
TCL_vs_C0,C0,85019,cell,0.15,0.85,early_0_30,0.021769816601166142,0.02678811162202146,0.9996411386067778,0.8126670856212959,0.8122987007118645
TCL_vs_C0,C0,85020,atomic_numbers,0.15,0.85,early_0_30,3.1573774753199224,0.2685166293133989,0.9663264583679346,11.758591947893075,10.460362563422585
TCL_vs_C0,C0,85020,pos,0.15,0.85,early_0_30,0.007999985902298487,1.0190788044870656,0.3562973419358301,0.007850213219109321,0.005990314406530481
TCL_vs_C0,C0,85020,cell,0.15,0.85,early_0_30,0.06673892518422862,0.0924836970600807,0.9959341094008668,0.7216290795649383,0.7337973250492241
TCL_vs_C0,C0,85021,atomic_numbers,0.15,0.85,early_0_30,3.062839448631662,0.18388686633690893,0.9835360716744983,16.656107690801974,15.81518723502788
TCL_vs_C0,C0,85021,pos,0.15,0.85,early_0_30,0.005035712313913695,2.021922703817364,0.39341693036723224,0.002490556292981099,0.005464867572582076
TCL_vs_C0,C0,85021,cell,0.15,0.85,early_0_30,0.06048673148207053,0.045014184951040086,0.9997278703094633,1.343726017651086,1.291629663927298
TCL_vs_C0,C0,85022,atomic_numbers,0.15,0.85,early_0_30,3.935525156959035,0.261144330809742,0.9697664286091657,15.070306694983481,13.213601894434072
TCL_vs_C0,C0,85022,pos,0.15,0.85,early_0_30,0.005370150255721871,4.341420409927122,-0.00017730971088499812,0.0012369569745980945,0.005225529546264652
TCL_vs_C0,C0,85022,cell,0.15,0.85,early_0_30,0.04656260447461033,0.05480108898298992,0.9985398798353191,0.8496656788893959,0.8562609439656279
TCL_vs_C0,C0,85023,atomic_numbers,0.15,0.85,early_0_30,2.4477479252322576,0.20869954278054056,0.9783538237852474,11.7285734919228,11.791952890413098
TCL_vs_C0,C0,85023,pos,0.15,0.85,early_0_30,0.00413367071722074,1.9515778878093695,0.39462580087141347,0.002118117213277484,0.004482709077694205
TCL_vs_C0,C0,85023,cell,0.15,0.85,early_0_30,0.051084226861690854,0.045817179592438466,0.9993048170015941,1.1149579113359835,1.084487833164051
TCL_vs_C0,C0,85024,atomic_numbers,0.15,0.85,early_0_30,3.601563474180682,0.27298306823719903,0.9738954066460358,13.19335846518961,10.84842652634668
TCL_vs_C0,C0,85024,pos,0.15,0.85,early_0_30,0.007312250396023311,1.7411113142020764,0.25401516381159783,0.004199760426790633,0.007147023757692492
TCL_vs_C0,C0,85024,cell,0.15,0.85,early_0_30,0.12475601287335893,0.14215098104023846,0.9898578523947738,0.8776303333287896,0.8731584293741012
TCL_vs_C0,C0,85025,atomic_numbers,0.15,0.85,early_0_30,2.2334612564953966,0.20716636753241646,0.9783074512193062,10.781003128540707,10.566935637163072
TCL_vs_C0,C0,85025,pos,0.15,0.85,early_0_30,0.004968169308344831,4.1261630137895,0.3362979637797617,0.0012040652033720855,0.005241958607784682
TCL_vs_C0,C0,85025,cell,0.15,0.85,early_0_30,0.05112332380277421,0.05826199756598977,0.9984485871391499,0.877472897232368,0.8911581628987172
TCL_vs_C0,C0,85026,atomic_numbers,0.15,0.85,early_0_30,3.658068599551318,0.22568574697163607,0.9826991414926336,16.208682420742583,13.837925187140096
TCL_vs_C0,C0,85026,pos,0.15,0.85,early_0_30,0.004371388673633735,3.6101918320137356,0.20446119162583037,0.0012108466466712407,0.004455204783407014
TCL_vs_C0,C0,85026,cell,0.15,0.85,early_0_30,0.0361813986644322,0.03241956605429002,0.9994743550887611,1.1160358717893568,1.1155847442504494
TCL_vs_C0,C0,85027,atomic_numbers,0.15,0.85,early_0_30,3.8050718913550403,0.21275501466451655,0.977864237415233,17.88475772171612,16.800089750424984
TCL_vs_C0,C0,85027,pos,0.15,0.85,early_0_30,0.0047412920200872,2.0481113401157964,-0.07532647382525015,0.0023149581408104187,0.003967026280961925
TCL_vs_C0,C0,85027,cell,0.15,0.85,early_0_30,0.03260207591827648,0.037104777972074905,0.9993121605858181,0.8786489961700574,0.8769476015360573
TCL_vs_C0,C0,85028,atomic_numbers,0.15,0.85,early_0_30,2.4025360217576104,0.2055619373051111,0.9800973526595106,11.687650219950877,12.078604943600963
TCL_vs_C0,C0,85028,pos,0.15,0.85,early_0_30,0.00241200376669779,2.0726520762957925,0.37070988425755075,0.0011637282466666963,0.002587700881716186
TCL_vs_C0,C0,85028,cell,0.15,0.85,early_0_30,0.03764225442724713,0.05109101924515379,0.9986972931937992,0.736768515942607,0.7339194205202989
TCL_vs_C0,C0,85029,atomic_numbers,0.15,0.85,early_0_30,3.8993332681635295,0.251133910888537,0.9702918565156421,15.526908549973587,14.020067915546852
TCL_vs_C0,C0,85029,pos,0.15,0.85,early_0_30,0.004601798134679055,1.5111045261819709,0.19396939764171423,0.0030453208596404498,0.004090912232723393
TCL_vs_C0,C0,85029,cell,0.15,0.85,early_0_30,0.02522618533449729,0.02059291289711745,0.9998005164990973,1.2249935431926384,1.2308913751294306
TCL_vs_C0,C0,85030,atomic_numbers,0.15,0.85,early_0_30,3.502057448068683,0.26973069447169506,0.9650610192144842,12.983533279102506,11.698811873474648
TCL_vs_C0,C0,85030,pos,0.15,0.85,early_0_30,0.012387696297469655,1.0762032018052032,0.24842669596639652,0.011510555141158068,0.00825758874548748
TCL_vs_C0,C0,85030,cell,0.15,0.85,early_0_30,0.12301006772653901,0.06876893312265336,0.9994944867059341,1.7887447447693199,1.6787652801397799
TCL_vs_C0,C0,85031,atomic_numbers,0.15,0.85,early_0_30,2.7542542502376346,0.21182589535992397,0.9774504659724544,13.002443566013227,12.491818403333825
TCL_vs_C0,C0,85031,pos,0.15,0.85,early_0_30,0.004854150131387379,1.8182432521718956,0.8098180441109661,0.002669692366843152,0.006756484508439776
TCL_vs_C0,C0,85031,cell,0.15,0.85,early_0_30,0.03581611459917115,0.032761027715951775,0.9994634678800338,1.0932536948995595,1.0918874899705455
TCL_vs_C0,TCL,85000,atomic_numbers,0.15,0.85,early_0_30,3.596336718029157,0.23304480599141003,0.9774734687555985,15.431953965803965,16.609223132431364
TCL_vs_C0,TCL,85000,pos,0.15,0.85,early_0_30,0.0041183704059693715,2.656218934494624,0.10897865557302854,0.0015504634623625026,0.00398807567595776
TCL_vs_C0,TCL,85000,cell,0.15,0.85,early_0_30,0.013878730057249414,0.018900228239665653,0.9998264196961587,0.7343154739328656,0.7365203328842193
TCL_vs_C0,TCL,85001,atomic_numbers,0.15,0.85,early_0_30,2.2506042539527114,0.21627824690308803,0.9763317714277855,10.406059260139934,10.158836526447473
TCL_vs_C0,TCL,85001,pos,0.15,0.85,early_0_30,0.0036726412319911606,2.75449993387338,0.22742366251769802,0.0013333241314791716,0.003738704458394155
TCL_vs_C0,TCL,85001,cell,0.15,0.85,early_0_30,0.084109636389838,0.0860838767066749,0.9968337656358787,0.9770660849352314,0.9417442373753478
TCL_vs_C0,TCL,85002,atomic_numbers,0.15,0.85,early_0_30,4.38350189941281,0.3002635516958846,0.9538759984571674,14.598847827699531,13.835947220684828
TCL_vs_C0,TCL,85002,pos,0.15,0.85,early_0_30,0.005105261307381175,2.312679347919584,0.0801941540512269,0.0022075093600735065,0.004783756473606161
TCL_vs_C0,TCL,85002,cell,0.15,0.85,early_0_30,0.06104901330357687,0.05188721313992292,0.9992443972996785,1.1765714442775632,1.1352376468804266
TCL_vs_C0,TCL,85003,atomic_numbers,0.15,0.85,early_0_30,2.747105516283523,0.25294687366641344,0.9684780724968552,10.860405097974873,10.995415484605697
TCL_vs_C0,TCL,85003,pos,0.15,0.85,early_0_30,0.003537618250526773,3.9603484082349785,0.10548302439999346,0.0008932593514173657,0.003518505918050861
TCL_vs_C0,TCL,85003,cell,0.15,0.85,early_0_30,0.05793498660948209,0.05514964701814463,0.9985377653796277,1.0505051209198324,1.0604360322611732
TCL_vs_C0,TCL,85004,atomic_numbers,0.15,0.85,early_0_30,1.7518252632033753,0.17381485931406554,0.9854134055296697,10.0786852753366,10.288175795069662
TCL_vs_C0,TCL,85004,pos,0.15,0.85,early_0_30,0.0034014812123719837,3.587680598921627,0.38697508812913983,0.0009481003446612247,0.003654107261148371
TCL_vs_C0,TCL,85004,cell,0.15,0.85,early_0_30,0.04406276162815259,0.07488908151984121,0.9974393584581789,0.5883736418436184,0.5737944256495738
TCL_vs_C0,TCL,85005,atomic_numbers,0.15,0.85,early_0_30,2.0260010401922828,0.17107468348755217,0.9881094301939896,11.842787014945433,12.59032013397064
TCL_vs_C0,TCL,85005,pos,0.15,0.85,early_0_30,0.0045483969736023165,2.6981114254027436,0.07696332163428576,0.0016857706211756557,0.004356197943437162
TCL_vs_C0,TCL,85005,cell,0.15,0.85,early_0_30,0.02677999614660177,0.024560760471694316,0.9996985976783672,1.0903569609526165,1.0892442110607552
TCL_vs_C0,TCL,85006,atomic_numbers,0.15,0.85,early_0_30,3.0238386381990443,0.2143140713048523,0.9797497798084033,14.109379845142168,12.745410453046437
TCL_vs_C0,TCL,85006,pos,0.15,0.85,early_0_30,0.0032096301793054353,2.186748487044186,0.09434151553999974,0.0014677637589880638,0.002996192119699831
TCL_vs_C0,TCL,85006,cell,0.15,0.85,early_0_30,0.03435987674466014,0.028841074395112406,0.9995940757937427,1.1913521762033588,1.1962129486174127
TCL_vs_C0,TCL,85007,atomic_numbers,0.15,0.85,early_0_30,2.9420643933365644,0.279901421373764,0.9602961410617182,10.511073430412859,10.33192617798275
TCL_vs_C0,TCL,85007,pos,0.15,0.85,early_0_30,0.006771722427485013,0.9981551946329791,0.44998406342325514,0.006784238026206907,0.006077682585088722
TCL_vs_C0,TCL,85007,cell,0.15,0.85,early_0_30,0.10578759330018851,0.12576155913468207,0.992428331395799,0.8411759048478177,0.8575335406417285
TCL_vs_C0,TCL,85008,atomic_numbers,0.15,0.85,early_0_30,2.89807091905874,0.27651212087024457,0.9612574146543317,10.480809701715323,10.303124731669863
TCL_vs_C0,TCL,85008,pos,0.15,0.85,early_0_30,0.005110268629880833,3.9604687246360735,-0.5157262272824474,0.001290319147855514,0.004323811802734543
TCL_vs_C0,TCL,85008,cell,0.15,0.85,early_0_30,0.056229761124920175,0.0483262094418617,0.9988743149132733,1.1635458641250715,1.1729835837284028
TCL_vs_C0,TCL,85009,atomic_numbers,0.15,0.85,early_0_30,3.054357948463517,0.24197836226787872,0.9704900882125949,12.622442435915957,11.996078094030379
TCL_vs_C0,TCL,85009,pos,0.15,0.85,early_0_30,0.0032708309463788596,1.9842655880250621,0.23715305324808916,0.001648383646885856,0.0032429332864447745
TCL_vs_C0,TCL,85009,cell,0.15,0.85,early_0_30,0.05465850560846926,0.0589754828089281,0.9982614091288988,0.9268004771670083,0.9270307867197222
TCL_vs_C0,TCL,85010,atomic_numbers,0.15,0.85,early_0_30,4.8971804298444805,0.32470268028966254,0.9609289998415752,15.08204498181468,11.932539032528165
TCL_vs_C0,TCL,85010,pos,0.15,0.85,early_0_30,0.006643254722657564,0.9226438094562821,0.39742460680409963,0.0072002376806413115,0.0035528463409032337
TCL_vs_C0,TCL,85010,cell,0.15,0.85,early_0_30,0.1123203413447931,0.17785009563833762,0.9840767796721013,0.6315450151525315,0.6253698232586373
TCL_vs_C0,TCL,85011,atomic_numbers,0.15,0.85,early_0_30,2.492483670333736,0.20210928504076056,0.9825374505992326,12.332356080677156,11.143760404311296
TCL_vs_C0,TCL,85011,pos,0.15,0.85,early_0_30,0.005128772075200842,2.27540731218642,0.13380213134527627,0.0022540017550847407,0.00491837870703455
TCL_vs_C0,TCL,85011,cell,0.15,0.85,early_0_30,0.04578619142954473,0.06876984876976161,0.9983049271818449,0.6657887467927238,0.6402699560528601
TCL_vs_C0,TCL,85012,atomic_numbers,0.15,0.85,early_0_30,3.4563478243136734,0.28508184359435834,0.9585577188083754,12.124054554774434,11.745578808596003
TCL_vs_C0,TCL,85012,pos,0.15,0.85,early_0_30,0.0034938564756974806,2.4605718274749253,-0.046665272900800456,0.0014199367954573904,0.003126731088051299
TCL_vs_C0,TCL,85012,cell,0.15,0.85,early_0_30,0.03631006618984241,0.03189952200463531,0.9996609331965304,1.138263644971426,1.1588526835631607
TCL_vs_C0,TCL,85013,atomic_numbers,0.15,0.85,early_0_30,2.1705469504686485,0.19872349009055096,0.9807029427909401,10.922447816710593,10.322541996009106
TCL_vs_C0,TCL,85013,pos,0.15,0.85,early_0_30,0.005269045020991828,4.067736245490701,0.14015218932085782,0.0012953261231803909,0.0052921125697921855
TCL_vs_C0,TCL,85013,cell,0.15,0.85,early_0_30,0.04608717388282848,0.03911047596862125,0.9997183279989496,1.1783843776231389,1.2146841954836625
TCL_vs_C0,TCL,85014,atomic_numbers,0.15,0.85,early_0_30,3.206498828385332,0.26178868832389346,0.9671886157974565,12.248423905994546,11.073124484603772
TCL_vs_C0,TCL,85014,pos,0.15,0.85,early_0_30,0.0033881957196818,2.101552812951301,0.17907250850486314,0.0016122343910661046,0.0032826878439941544
TCL_vs_C0,TCL,85014,cell,0.15,0.85,early_0_30,0.03277582732916816,0.045159906971427126,0.9991068738946344,0.7257726936839256,0.713558424000248
TCL_vs_C0,TCL,85015,atomic_numbers,0.15,0.85,early_0_30,2.7794541993983772,0.21475085462280658,0.9784436373826693,12.942692145650712,13.426093077664486
TCL_vs_C0,TCL,85015,pos,0.15,0.85,early_0_30,0.004628395613535578,2.26283811361252,0.22696542526742708,0.002045394049928985,0.00464202286966741
TCL_vs_C0,TCL,85015,cell,0.15,0.85,early_0_30,0.04557895638738502,0.043559090079043246,0.9993711259822601,1.0463707185957394,1.0192405013220067
TCL_vs_C0,TCL,85016,atomic_numbers,0.15,0.85,early_0_30,3.230501570345873,0.2579617708522632,0.9687908835180392,12.523179538087476,13.02668056282362
TCL_vs_C0,TCL,85016,pos,0.15,0.85,early_0_30,0.007956540737141589,2.383868551084766,0.21844870205173095,0.003337659173162467,0.00798845778254844
TCL_vs_C0,TCL,85016,cell,0.15,0.85,early_0_30,0.044156186165341414,0.03662193005507546,0.9993323726372781,1.2057307219727424,1.2079657061396067
TCL_vs_C0,TCL,85017,atomic_numbers,0.15,0.85,early_0_30,2.8898217873794683,0.19928784267366367,0.9799508111955936,14.500742988680882,14.273614459524493
TCL_vs_C0,TCL,85017,pos,0.15,0.85,early_0_30,0.00461981577486462,2.705262015732586,0.14169929407274226,0.0017077147233790482,0.004541396290362258
TCL_vs_C0,TCL,85017,cell,0.15,0.85,early_0_30,0.032989414060300926,0.03535368087776994,0.9994432497065421,0.933125299579325,0.9435154546777135
TCL_vs_C0,TCL,85018,atomic_numbers,0.15,0.85,early_0_30,2.3312303564800985,0.2255166399753796,0.9766022204382232,10.337287557736785,10.79726209511655
TCL_vs_C0,TCL,85018,pos,0.15,0.85,early_0_30,0.004449700320100327,1.505893491459958,0.0814425456687387,0.0029548572627047876,0.0035763016257952343
TCL_vs_C0,TCL,85018,cell,0.15,0.85,early_0_30,0.10523773981552519,0.13535119137705648,0.9911302375492115,0.7775161691954205,0.7506587663701075
TCL_vs_C0,TCL,85019,atomic_numbers,0.15,0.85,early_0_30,3.774080027198482,0.24513457161416227,0.9787601436184746,15.395951710715122,17.13810351013667
TCL_vs_C0,TCL,85019,pos,0.15,0.85,early_0_30,0.005925886959989568,3.018642173610142,-0.018536530937138578,0.001963096855863015,0.0055550071668053515
TCL_vs_C0,TCL,85019,cell,0.15,0.85,early_0_30,0.02248813399378698,0.03404558515353692,0.9997276981046398,0.6605301066899342,0.6767251591400979
TCL_vs_C0,TCL,85020,atomic_numbers,0.15,0.85,early_0_30,0.8363670635371244,0.08520453141399321,0.9965644822162045,9.815992760682763,9.978731728543448
TCL_vs_C0,TCL,85020,pos,0.15,0.85,early_0_30,0.005645083001352701,0.8819889832203918,0.47470547483474085,0.00640040080856895,0.0034031761149860393
TCL_vs_C0,TCL,85020,cell,0.15,0.85,early_0_30,0.13879291846466552,0.11379139684760319,0.9947968017365415,1.2197136366165362,1.151543758789111
TCL_vs_C0,TCL,85021,atomic_numbers,0.15,0.85,early_0_30,3.5824798224885224,0.2687678712339163,0.9633367220748105,13.329271114293972,12.62822272794009
TCL_vs_C0,TCL,85021,pos,0.15,0.85,early_0_30,0.003796403707055942,1.87653341464504,0.4259013238454739,0.002023094114619888,0.004187625856272732
TCL_vs_C0,TCL,85021,cell,0.15,0.85,early_0_30,0.04263816379783583,0.03523481119143168,0.9997442007371345,1.210114723367795,1.2424997542532852
TCL_vs_C0,TCL,85022,atomic_numbers,0.15,0.85,early_0_30,3.3537581509859455,0.20414165926544883,0.9814844406130475,16.42858279419096,14.964405000566735
TCL_vs_C0,TCL,85022,pos,0.15,0.85,early_0_30,0.0033047951760471895,2.0822323339265583,0.3280182035558791,0.0015871404560389233,0.0034657242189911953
TCL_vs_C0,TCL,85022,cell,0.15,0.85,early_0_30,0.03578931194620124,0.03184608617514444,0.9995041033094327,1.1238213622035114,1.1286096898998623
TCL_vs_C0,TCL,85023,atomic_numbers,0.15,0.85,early_0_30,2.2353673330206068,0.2154490919455173,0.9766239676977566,10.37538526078302,10.28416185130468
TCL_vs_C0,TCL,85023,pos,0.15,0.85,early_0_30,0.003630330084803907,2.2809337572286683,0.23101056031141665,0.0015915982098554026,0.003651164581067435
TCL_vs_C0,TCL,85023,cell,0.15,0.85,early_0_30,0.05062476886451749,0.056446271383144626,0.9990886979764818,0.89686648248009,0.8629208076118383
TCL_vs_C0,TCL,85024,atomic_numbers,0.15,0.85,early_0_30,3.2284721887698624,0.2497439072885496,0.9728290608783834,12.92713093112515,11.365395463551467
TCL_vs_C0,TCL,85024,pos,0.15,0.85,early_0_30,0.00541718363858072,0.7777388920985173,0.6364828876791953,0.006965298628648904,0.0037371728328192163
TCL_vs_C0,TCL,85024,cell,0.15,0.85,early_0_30,0.09901781782393207,0.12201130505705886,0.9926228387193295,0.8115462561245957,0.816652877380774
TCL_vs_C0,TCL,85025,atomic_numbers,0.15,0.85,early_0_30,3.4632935032738605,0.2525024805207413,0.9688897009762505,13.715879131687878,12.602728148907136
TCL_vs_C0,TCL,85025,pos,0.15,0.85,early_0_30,0.0024997785752404683,1.5454662746655465,0.2592899068298258,0.0016174915080443563,0.0023709396023242264
TCL_vs_C0,TCL,85025,cell,0.15,0.85,early_0_30,0.052115634770067226,0.07948048239871615,0.9975449979374998,0.655703553843919,0.629444491727593
TCL_vs_C0,TCL,85026,atomic_numbers,0.15,0.85,early_0_30,3.881606612283185,0.2405745361811461,0.9706453957336948,16.134735927997138,15.574832732243646
TCL_vs_C0,TCL,85026,pos,0.15,0.85,early_0_30,0.00377922005481216,2.650191315767201,0.33437382508003105,0.001426017824572834,0.004009008985721281
TCL_vs_C0,TCL,85026,cell,0.15,0.85,early_0_30,0.03879196016269148,0.04554933547651091,0.9991656953550031,0.8516471153063451,0.8681143010281817
TCL_vs_C0,TCL,85027,atomic_numbers,0.15,0.85,early_0_30,4.615578125365121,0.26688816506194035,0.974899871859858,17.29405320124975,19.40513863896954
TCL_vs_C0,TCL,85027,pos,0.15,0.85,early_0_30,0.0054838478792440465,2.380512837725262,0.29633713194320416,0.002303641380268391,0.005705785086397272
TCL_vs_C0,TCL,85027,cell,0.15,0.85,early_0_30,0.04898261622485663,0.04562476169049324,0.998981986922288,1.0735971961265731,1.0798353706560773
TCL_vs_C0,TCL,85028,atomic_numbers,0.15,0.85,early_0_30,3.2129554195610766,0.26750483723460616,0.9742273232089645,12.010831104124149,13.428407080581673
TCL_vs_C0,TCL,85028,pos,0.15,0.85,early_0_30,0.00646913090066291,3.084755857152407,0.39743519742469874,0.002097128978834221,0.007009748582535724
TCL_vs_C0,TCL,85028,cell,0.15,0.85,early_0_30,0.1610663711907704,0.10152985048048578,0.9982204288872027,1.5863942518237792,1.4532130198377846
TCL_vs_C0,TCL,85029,atomic_numbers,0.15,0.85,early_0_30,2.839762202486053,0.25152185968040125,0.9696614583049474,11.290319680740373,11.61636065628004
TCL_vs_C0,TCL,85029,pos,0.15,0.85,early_0_30,0.004076312301218067,1.9313440361617078,0.3114025197503002,0.0021106091016902416,0.004205999115409442
TCL_vs_C0,TCL,85029,cell,0.15,0.85,early_0_30,0.04422221819477501,0.04515486741829673,0.9989800175067715,0.9793455439724353,0.978536099487346
TCL_vs_C0,TCL,85030,atomic_numbers,0.15,0.85,early_0_30,2.27328874489228,0.18903849199105255,0.9847614222513286,12.025533641052734,10.951205780894496
TCL_vs_C0,TCL,85030,pos,0.15,0.85,early_0_30,0.005547951244697454,0.746288959298888,0.6680228765499386,0.007434052421075017,0.004545466997969131
TCL_vs_C0,TCL,85030,cell,0.15,0.85,early_0_30,0.12363743249841529,0.10588818943272565,0.9962938086563463,1.1676225003069518,1.0911887124228787
TCL_vs_C0,TCL,85031,atomic_numbers,0.15,0.85,early_0_30,2.677414098632069,0.23887971284634274,0.9710647279777066,11.208210470155292,10.945515626226817
TCL_vs_C0,TCL,85031,pos,0.15,0.85,early_0_30,0.002940913860130741,2.6054780782491975,0.16485208771187013,0.001128742507826796,0.002908122361836971
TCL_vs_C0,TCL,85031,cell,0.15,0.85,early_0_30,0.03362659491743168,0.04167889504910032,0.9991863088907963,0.8068014969642902,0.8146225767317714
TCL_vs_C0,C0,85000,atomic_numbers,0.25,0.75,early_0_30,3.92555991670722,0.2203879268766718,0.9852584944637242,17.812046114957766,15.074611770441837
TCL_vs_C0,C0,85000,pos,0.25,0.75,early_0_30,0.004475635567690106,1.5125893133332173,0.41476880212171874,0.002958923171172863,0.004802500011471998
TCL_vs_C0,C0,85000,cell,0.25,0.75,early_0_30,0.11042538579905926,0.1089848787565423,0.9941085309062296,1.0132174945639467,0.9957190480023012
TCL_vs_C0,C0,85001,atomic_numbers,0.25,0.75,early_0_30,4.912594994735434,0.3969047428241553,0.9329372917353398,12.377264528965103,9.479602105522128
TCL_vs_C0,C0,85001,pos,0.25,0.75,early_0_30,0.004397373821686085,5.2376482735660685,0.39356934058072374,0.0008395702788748201,0.004659540078084066
TCL_vs_C0,C0,85001,cell,0.25,0.75,early_0_30,0.07967452178470116,0.1498362932621937,0.9907678054005176,0.5317438121969642,0.49290389845565336
TCL_vs_C0,C0,85002,atomic_numbers,0.25,0.75,early_0_30,4.835264643760865,0.2510429276402293,0.9860689382615524,19.260708474091327,15.37083520730191
TCL_vs_C0,C0,85002,pos,0.25,0.75,early_0_30,0.009008963103939184,1.2563959700265224,0.10522890415307316,0.00717048073924418,0.0062604437138889645
TCL_vs_C0,C0,85002,cell,0.25,0.75,early_0_30,0.04472611925181727,0.03353665071645788,0.9996574170580418,1.3336489570757355,1.30522807595117
TCL_vs_C0,C0,85003,atomic_numbers,0.25,0.75,early_0_30,2.768777469006057,0.2712517368701279,0.9628788074844857,10.207409179951956,10.101076450308609
TCL_vs_C0,C0,85003,pos,0.25,0.75,early_0_30,0.005054503397411064,4.225811617989449,-0.09100165389852334,0.001196102395074556,0.004803300033530947
TCL_vs_C0,C0,85003,cell,0.25,0.75,early_0_30,0.07241550376141682,0.061908262490619995,0.9984569865055567,1.1697227615197379,1.19993039672613
TCL_vs_C0,C0,85004,atomic_numbers,0.25,0.75,early_0_30,2.933888522711775,0.2703951020590738,0.9631100511816749,10.85037598821151,10.736046398505858
TCL_vs_C0,C0,85004,pos,0.25,0.75,early_0_30,0.0026130076620521467,2.699837427148302,0.4930297048684782,0.0009678388912521045,0.0029507923927437605
TCL_vs_C0,C0,85004,cell,0.25,0.75,early_0_30,0.056764413383945854,0.04862035250185968,0.9989609502032472,1.167503122931383,1.1465140731698575
TCL_vs_C0,C0,85005,atomic_numbers,0.25,0.75,early_0_30,3.7032071250085927,0.2052962004800598,0.9840107867257837,18.038361724908206,15.908283347867743
TCL_vs_C0,C0,85005,pos,0.25,0.75,early_0_30,0.004870695790118699,1.452796971783365,0.1412464947178244,0.00335263349574561,0.0040383441576244145
TCL_vs_C0,C0,85005,cell,0.25,0.75,early_0_30,0.02482027168358929,0.0355841474367174,0.9995425160723226,0.6975092413757977,0.7102667752769594
TCL_vs_C0,C0,85006,atomic_numbers,0.25,0.75,early_0_30,1.9760719477230733,0.1720944472412213,0.9852391213483285,11.482485224832692,11.516017827756604
TCL_vs_C0,C0,85006,pos,0.25,0.75,early_0_30,0.0044479751419152,4.115318495650411,0.2712744417821614,0.0010808337548154257,0.0046178122676371796
TCL_vs_C0,C0,85006,cell,0.25,0.75,early_0_30,0.037978162006587345,0.06824532484804686,0.9977213051080385,0.5564947062842541,0.5609351599796906
TCL_vs_C0,C0,85007,atomic_numbers,0.25,0.75,early_0_30,0.7463461102817471,0.08133243795251982,0.9967437642276371,9.176487623762716,9.244196072372635
TCL_vs_C0,C0,85007,pos,0.25,0.75,early_0_30,0.00326675028656083,2.4637307420438614,0.14496403909577116,0.0013259364064478892,0.0031839510460623293
TCL_vs_C0,C0,85007,cell,0.25,0.75,early_0_30,0.138406732032538,0.11961635473850513,0.9933453437717255,1.1570886969019476,1.112019105376334
TCL_vs_C0,C0,85008,atomic_numbers,0.25,0.75,early_0_30,4.424909653640731,0.28078536687635797,0.9717611247519956,15.759046501840004,12.91574698053211
TCL_vs_C0,C0,85008,pos,0.25,0.75,early_0_30,0.004528592299026037,1.5814440999452664,0.39836564595398477,0.0028635803814897865,0.004829840126177809
TCL_vs_C0,C0,85008,cell,0.25,0.75,early_0_30,0.023431519315007525,0.02228012482598364,0.9998398406164811,1.0516780986649186,1.037553183056892
TCL_vs_C0,C0,85009,atomic_numbers,0.25,0.75,early_0_30,3.4131902295978556,0.2510093273010473,0.9724496231944674,13.59786214439854,11.957542115341393
TCL_vs_C0,C0,85009,pos,0.25,0.75,early_0_30,0.006200634383059739,3.565309640150261,0.5750690841621111,0.0017391573268229269,0.007035321588866805
TCL_vs_C0,C0,85009,cell,0.25,0.75,early_0_30,0.022771261369711155,0.017529250771623137,0.9998569710701943,1.2990436195124744,1.2928713230305717
TCL_vs_C0,C0,85010,atomic_numbers,0.25,0.75,early_0_30,1.1436824816170845,0.11717625287252516,0.9931179996875042,9.760360598501858,9.72923122620282
TCL_vs_C0,C0,85010,pos,0.25,0.75,early_0_30,0.004295298107536987,8.15359437025329,0.1414867699569887,0.0005267981104391822,0.004338057572852807
TCL_vs_C0,C0,85010,cell,0.25,0.75,early_0_30,0.13264083924413786,0.2558840765366495,0.9684625330312963,0.5183630065591054,0.47180593224355083
TCL_vs_C0,C0,85011,atomic_numbers,0.25,0.75,early_0_30,2.035229290155389,0.202803764900703,0.979227581823388,10.035461083041914,9.78682827220556
TCL_vs_C0,C0,85011,pos,0.25,0.75,early_0_30,0.0052160307090445696,4.553220821277316,0.10611509559599921,0.0011455694581448646,0.005211692303806626
TCL_vs_C0,C0,85011,cell,0.25,0.75,early_0_30,0.05948559823891021,0.06733144643280764,0.997821909571169,0.8834742366373034,0.8934715139864834
TCL_vs_C0,C0,85012,atomic_numbers,0.25,0.75,early_0_30,2.6076635428484964,0.1837090088494627,0.9829969868606117,14.194532751441184,13.872791089005549
TCL_vs_C0,C0,85012,pos,0.25,0.75,early_0_30,0.004161830227714655,2.2817725593633726,-0.19942900008068132,0.0018239461293529746,0.0033947577732508613
TCL_vs_C0,C0,85012,cell,0.25,0.75,early_0_30,0.04066140017299261,0.043041498014196114,0.9992948240528506,0.9447022536153714,0.9241587661913889
TCL_vs_C0,C0,85013,atomic_numbers,0.25,0.75,early_0_30,3.6299634621414687,0.24889965542943324,0.9765445208905175,14.584043741959372,12.420991449709373
TCL_vs_C0,C0,85013,pos,0.25,0.75,early_0_30,0.0061925913639868605,3.718418712396943,0.4381451351768242,0.0016653830143822162,0.006738599447100062
TCL_vs_C0,C0,85013,cell,0.25,0.75,early_0_30,0.06272142772859518,0.04680376511127418,0.9990049395060803,1.340093635191044,1.3197392519069409
TCL_vs_C0,C0,85014,atomic_numbers,0.25,0.75,early_0_30,2.7845463056461957,0.22984334169540285,0.9769751702496475,12.114974856815223,10.80032716080669
TCL_vs_C0,C0,85014,pos,0.25,0.75,early_0_30,0.0050530976754335905,3.771908925122026,0.25115384288157916,0.0013396658762830857,0.005220343711055246
TCL_vs_C0,C0,85014,cell,0.25,0.75,early_0_30,0.030526239760753936,0.04535499765978235,0.9990047307367187,0.6730512917173508,0.6668506033169092
TCL_vs_C0,C0,85015,atomic_numbers,0.25,0.75,early_0_30,1.6215578467993732,0.17177775679193183,0.9866016931967136,9.439859252344919,9.820899661699615
TCL_vs_C0,C0,85015,pos,0.25,0.75,early_0_30,0.004679954662810676,3.7466711101840597,0.08833463781754367,0.0012490967381924183,0.004621869021101498
TCL_vs_C0,C0,85015,cell,0.25,0.75,early_0_30,0.04746782764778335,0.053544087512286606,0.998579690924428,0.8865185654138013,0.8899812125471721
TCL_vs_C0,C0,85016,atomic_numbers,0.25,0.75,early_0_30,2.0533574525800073,0.2118504854634024,0.9773022165827183,9.692484055858955,9.477339450554648
TCL_vs_C0,C0,85016,pos,0.25,0.75,early_0_30,0.0037626185652314325,3.386145041387615,0.4433430776335189,0.001111180566467862,0.004121031197467767
TCL_vs_C0,C0,85016,cell,0.25,0.75,early_0_30,0.06733507972510291,0.07616410310439928,0.9973843949519953,0.8840789424488554,0.8605375634820704
TCL_vs_C0,C0,85017,atomic_numbers,0.25,0.75,early_0_30,1.7774387692178395,0.16974940060227622,0.9855454258952896,10.470957558091106,10.43171963576246
TCL_vs_C0,C0,85017,pos,0.25,0.75,early_0_30,0.0067056854473133845,1.2000251172540963,0.05155156387292434,0.0055879542443722915,0.004006127452486448
TCL_vs_C0,C0,85017,cell,0.25,0.75,early_0_30,0.05226277635297737,0.05018609196267772,0.9987653614006744,1.0413796792913073,1.0475229357245794
TCL_vs_C0,C0,85018,atomic_numbers,0.25,0.75,early_0_30,2.9982748710041407,0.23066533997448238,0.9730847137261474,12.998376224775807,12.77873818094772
TCL_vs_C0,C0,85018,pos,0.25,0.75,early_0_30,0.008036094755013958,4.612055240622316,0.21893654127960482,0.0017424107769207094,0.008235670447115071
TCL_vs_C0,C0,85018,cell,0.25,0.75,early_0_30,0.09467019155087623,0.1365273748629458,0.9910224664481998,0.6934154534642721,0.6680081968554945
TCL_vs_C0,C0,85019,atomic_numbers,0.25,0.75,early_0_30,3.789601870309368,0.2738627464693134,0.9766323012385788,13.837595361784611,15.863027402264732
TCL_vs_C0,C0,85019,pos,0.25,0.75,early_0_30,0.004991423289705284,1.7298858453445094,0.13944902566213851,0.0028854061689320507,0.004495121281568127
TCL_vs_C0,C0,85019,cell,0.25,0.75,early_0_30,0.06190010732388243,0.09047439614664349,0.9964864413048309,0.6841726495035455,0.6583580235629463
TCL_vs_C0,C0,85020,atomic_numbers,0.25,0.75,early_0_30,1.1712394559144836,0.11913699758949242,0.9932725307907797,9.83103049105028,9.48963340505932
TCL_vs_C0,C0,85020,pos,0.25,0.75,early_0_30,0.005592580846760289,4.646933685256008,0.6134996285758153,0.0012034991729072166,0.006249580778019653
TCL_vs_C0,C0,85020,cell,0.25,0.75,early_0_30,0.11166697767731006,0.1384213315518292,0.9904373124853205,0.8067179850491358,0.789929002052745
TCL_vs_C0,C0,85021,atomic_numbers,0.25,0.75,early_0_30,3.4467146308678993,0.31209460517489046,0.9754103137597817,11.043813554343373,13.212615665741907
TCL_vs_C0,C0,85021,pos,0.25,0.75,early_0_30,0.04053215526440405,4.375708523302362,0.06146158823275675,0.009262992507054445,0.040032930628522756
TCL_vs_C0,C0,85021,cell,0.25,0.75,early_0_30,0.23254744383996231,0.12581265278941037,0.9967770555341312,1.8483629323769868,1.6632639931387352
TCL_vs_C0,C0,85022,atomic_numbers,0.25,0.75,early_0_30,3.3866147564527505,0.2384381599684491,0.9746877491547687,14.203325327208015,12.66664672282806
TCL_vs_C0,C0,85022,pos,0.25,0.75,early_0_30,0.0031953969112880356,1.6549481849295669,0.48227867982150535,0.0019308138710240215,0.0036422113368486213
TCL_vs_C0,C0,85022,cell,0.25,0.75,early_0_30,0.05867277136417117,0.05100404819036828,0.9988786671124235,1.1503551864193218,1.1272386625210606
TCL_vs_C0,C0,85023,atomic_numbers,0.25,0.75,early_0_30,2.239468691571688,0.21577128967854933,0.976464460827551,10.378900246219004,10.068909278368789
TCL_vs_C0,C0,85023,pos,0.25,0.75,early_0_30,0.006124372941631573,4.175163428309176,0.37927818403742686,0.0014668582552017065,0.0065284318243608525
TCL_vs_C0,C0,85023,cell,0.25,0.75,early_0_30,0.02668857771850515,0.02231549659353679,0.9997555447702914,1.1959661129044707,1.1992876067564073
TCL_vs_C0,C0,85024,atomic_numbers,0.25,0.75,early_0_30,3.4359938819055014,0.2964117992669618,0.9629221969521248,11.59196054409052,9.738697714201527
TCL_vs_C0,C0,85024,pos,0.25,0.75,early_0_30,0.00470213443288889,4.701076319646295,-0.07911149954749201,0.0010002250789331313,0.0045160724811459975
TCL_vs_C0,C0,85024,cell,0.25,0.75,early_0_30,0.0883476928141927,0.163318729958629,0.990436916803343,0.5409526074356104,0.5830572475257773
TCL_vs_C0,C0,85025,atomic_numbers,0.25,0.75,early_0_30,4.0836167003773785,0.26211548061394585,0.9690330117209185,15.57945639384762,13.72729925954961
TCL_vs_C0,C0,85025,pos,0.25,0.75,early_0_30,0.005623235443653436,3.0439320825770393,0.10516422239031051,0.0018473590379495983,0.005508952419965192
TCL_vs_C0,C0,85025,cell,0.25,0.75,early_0_30,0.027173363924604187,0.031749571179202955,0.9995508015040235,0.8558655413400877,0.8465112226182887
TCL_vs_C0,C0,85026,atomic_numbers,0.25,0.75,early_0_30,3.5073211149154644,0.2521424996413009,0.9764241244762684,13.910075135706974,11.769552949307574
TCL_vs_C0,C0,85026,pos,0.25,0.75,early_0_30,0.013604900132231937,6.596783751612547,0.35288251704822,0.0020623535111191564,0.014195123568361572
TCL_vs_C0,C0,85026,cell,0.25,0.75,early_0_30,0.08447066079744414,0.07621037942508563,0.9970918165931373,1.108387878851572,1.1047924727134817
TCL_vs_C0,C0,85027,atomic_numbers,0.25,0.75,early_0_30,4.113327136297023,0.25132644670924376,0.9814650390037492,16.36647153594495,13.401939123090848
TCL_vs_C0,C0,85027,pos,0.25,0.75,early_0_30,0.005960419491560954,0.6602551695960627,0.7720450729065863,0.009027448426049398,0.008584236004928266
TCL_vs_C0,C0,85027,cell,0.25,0.75,early_0_30,0.04673802488961401,0.047999317891627945,0.9989600516630435,0.9737226890419222,0.9581003545671564
TCL_vs_C0,C0,85028,atomic_numbers,0.25,0.75,early_0_30,2.110839280041786,0.19538772989230638,0.9823932884990109,10.80333591677039,11.231179219609638
TCL_vs_C0,C0,85028,pos,0.25,0.75,early_0_30,0.004197279678980961,2.0870697464877908,0.8306534412597865,0.002011087404263475,0.005715675521681187
TCL_vs_C0,C0,85028,cell,0.25,0.75,early_0_30,0.062148022930319784,0.08103812190356449,0.9981429216790686,0.7668986085866605,0.7244867950661601
TCL_vs_C0,C0,85029,atomic_numbers,0.25,0.75,early_0_30,1.9915013463702909,0.20229540976806226,0.9795476714481602,9.844520687115967,9.848989835627998
TCL_vs_C0,C0,85029,pos,0.25,0.75,early_0_30,0.004305427911157751,3.6436587327709624,0.3558850797250981,0.0011816221624804915,0.00458192975984778
TCL_vs_C0,C0,85029,cell,0.25,0.75,early_0_30,0.06922596720134187,0.08209722657474465,0.9968499747409517,0.843219315555267,0.8584470926871056
TCL_vs_C0,C0,85030,atomic_numbers,0.25,0.75,early_0_30,3.553880908272567,0.29499326178714125,0.9573611139962449,12.047329104204918,12.252591130960568
TCL_vs_C0,C0,85030,pos,0.25,0.75,early_0_30,0.005058224974731028,2.539280669949514,0.0006694951572503772,0.001991991288947037,0.004650808048099954
TCL_vs_C0,C0,85030,cell,0.25,0.75,early_0_30,0.0522786008746099,0.060140986582166434,0.9982365321830436,0.8692674305098951,0.8761224835002644
TCL_vs_C0,C0,85031,atomic_numbers,0.25,0.75,early_0_30,2.7744732278534943,0.23202687430023414,0.9733995407642622,11.957551194106204,11.201244642520638
TCL_vs_C0,C0,85031,pos,0.25,0.75,early_0_30,0.005197728400236001,2.461385011433477,0.41597341893802914,0.002111708804633093,0.005708391841682365
TCL_vs_C0,C0,85031,cell,0.25,0.75,early_0_30,0.019335984340432048,0.012649593325910475,0.9999396855829533,1.5285854526900617,1.5188999960307366
TCL_vs_C0,TCL,85000,atomic_numbers,0.25,0.75,early_0_30,4.756917069115588,0.3470163884265891,0.9675189606444294,13.708047307748139,16.52154519189131
TCL_vs_C0,TCL,85000,pos,0.25,0.75,early_0_30,0.005371466444406034,2.75223950550282,0.1840034681951532,0.001951671151317441,0.00537634402740001
TCL_vs_C0,TCL,85000,cell,0.25,0.75,early_0_30,0.08345418286754094,0.059921390456721964,0.9985914595908845,1.3927277426550282,1.3519822199353495
TCL_vs_C0,TCL,85001,atomic_numbers,0.25,0.75,early_0_30,3.463384909755275,0.29013688257966097,0.9577706445124784,11.93707218110871,11.895916940582113
TCL_vs_C0,TCL,85001,pos,0.25,0.75,early_0_30,0.006480224171644668,2.375854603503356,-0.19159794586480436,0.0027275339838090866,0.005378847534496532
TCL_vs_C0,TCL,85001,cell,0.25,0.75,early_0_30,0.07543291183633843,0.05988025346185179,0.998325593049958,1.259729334385581,1.2381192581891545
TCL_vs_C0,TCL,85002,atomic_numbers,0.25,0.75,early_0_30,3.8423396406181243,0.28325226342133514,0.9688425691119007,13.56508009576848,15.0067136909478
TCL_vs_C0,TCL,85002,pos,0.25,0.75,early_0_30,0.005262004394099424,1.525025432754804,0.37757879203237554,0.003450437140968951,0.00548377978929345
TCL_vs_C0,TCL,85002,cell,0.25,0.75,early_0_30,0.030000529077667697,0.0270072124896842,0.9997177247020637,1.110833970337621,1.0962550083140847
TCL_vs_C0,TCL,85003,atomic_numbers,0.25,0.75,early_0_30,4.098436297667765,0.23113069748524603,0.9843145387068951,17.732115821306614,14.806217018683508
TCL_vs_C0,TCL,85003,pos,0.25,0.75,early_0_30,0.005651751594371286,1.1777411528602721,0.3276450340688413,0.004798806240781681,0.004946604645820942
TCL_vs_C0,TCL,85003,cell,0.25,0.75,early_0_30,0.036727493466272805,0.03129134294682261,0.9995803318779528,1.1737269802925536,1.1871215352364242
TCL_vs_C0,TCL,85004,atomic_numbers,0.25,0.75,early_0_30,2.929403446656987,0.22612639820623745,0.974613883797351,12.954716786251732,12.215084157042906
TCL_vs_C0,TCL,85004,pos,0.25,0.75,early_0_30,0.006503231897014467,2.4303289143543516,0.0731615638723215,0.0026758649245392924,0.00612620873357758
TCL_vs_C0,TCL,85004,cell,0.25,0.75,early_0_30,0.04679449556667901,0.042212092206899296,0.999275265232592,1.1085566509548832,1.127979963575209
TCL_vs_C0,TCL,85005,atomic_numbers,0.25,0.75,early_0_30,1.9533953899941836,0.15134368040119922,0.9891200174923018,12.907016565316106,13.225345037634034
TCL_vs_C0,TCL,85005,pos,0.25,0.75,early_0_30,0.004412482952865597,2.5068279831858034,0.43562315207488234,0.0017601857735998268,0.004884993290284044
TCL_vs_C0,TCL,85005,cell,0.25,0.75,early_0_30,0.022264100389578354,0.03886225884489799,0.9996304193382071,0.5728977432432826,0.5885961813393005
TCL_vs_C0,TCL,85006,atomic_numbers,0.25,0.75,early_0_30,2.879988557742829,0.24793526574718278,0.9716573997865748,11.615889127606096,12.155141595300915
TCL_vs_C0,TCL,85006,pos,0.25,0.75,early_0_30,0.00445533395320008,3.2455377170016653,0.4999424527502206,0.0013727567946170923,0.004980079351645989
TCL_vs_C0,TCL,85006,cell,0.25,0.75,early_0_30,0.03157871827137204,0.04413319922010299,0.9991186726636465,0.7155320445699235,0.7246563445140707
TCL_vs_C0,TCL,85007,atomic_numbers,0.25,0.75,early_0_30,3.594185993143511,0.2456870598410464,0.970183257847121,14.629122085098262,13.604539344754885
TCL_vs_C0,TCL,85007,pos,0.25,0.75,early_0_30,0.005435227694050599,2.0664615991944824,0.1464019837304184,0.0026302098699386815,0.005157066836829664
TCL_vs_C0,TCL,85007,cell,0.25,0.75,early_0_30,0.05426304443071481,0.07019765248548356,0.9976468198449551,0.7730036904287657,0.7595410833141468
TCL_vs_C0,TCL,85008,atomic_numbers,0.25,0.75,early_0_30,2.942993350588436,0.20077677193032675,0.9817337980302303,14.658036994487137,13.450281224359472
TCL_vs_C0,TCL,85008,pos,0.25,0.75,early_0_30,0.005284382291420658,1.8039681002848145,-0.09968810094982232,0.0029293102747140307,0.004115829223490221
TCL_vs_C0,TCL,85008,cell,0.25,0.75,early_0_30,0.04895772451789166,0.04976672307360743,0.9990760687853136,0.9837441867627246,1.0075215299705014
TCL_vs_C0,TCL,85009,atomic_numbers,0.25,0.75,early_0_30,3.2075089343312806,0.2519711500866294,0.9691021917478096,12.729667397352898,11.681232035458281
TCL_vs_C0,TCL,85009,pos,0.25,0.75,early_0_30,0.004405172410547124,1.8246134326668313,0.5254456281039234,0.0024143044941352765,0.00516550600733599
TCL_vs_C0,TCL,85009,cell,0.25,0.75,early_0_30,0.044023221255334435,0.039805584010321485,0.9994723739752964,1.1059559192478954,1.0799231226249606
TCL_vs_C0,TCL,85010,atomic_numbers,0.25,0.75,early_0_30,1.3253251990660075,0.13358875302267453,0.9910929723973173,9.920933978933503,9.937201995841097
TCL_vs_C0,TCL,85010,pos,0.25,0.75,early_0_30,0.0028692747058372044,2.9138193449512486,0.4255676180884746,0.000984712628395708,0.0031464582174900984
TCL_vs_C0,TCL,85010,cell,0.25,0.75,early_0_30,0.11600524117457896,0.1619024676875002,0.9868705691148746,0.7165131133052843,0.7151462845899771
TCL_vs_C0,TCL,85011,atomic_numbers,0.25,0.75,early_0_30,4.323789928229286,0.34793831516698354,0.9603278998212055,12.42688643288452,9.348294519614972
TCL_vs_C0,TCL,85011,pos,0.25,0.75,early_0_30,0.002834571505453958,1.81672064498424,0.4362033974213563,0.0015602682301650993,0.003143025474430452
TCL_vs_C0,TCL,85011,cell,0.25,0.75,early_0_30,0.05507295581179879,0.03799204874796239,0.9992783174282381,1.4495916284260002,1.4496219457806117
TCL_vs_C0,TCL,85012,atomic_numbers,0.25,0.75,early_0_30,3.4809257137151444,0.2323070895990434,0.9801014682305709,14.984156186206542,12.877593175167437
TCL_vs_C0,TCL,85012,pos,0.25,0.75,early_0_30,0.003384532743473287,2.62600502289798,0.3386212467500691,0.0012888523494666505,0.0035962421338008414
TCL_vs_C0,TCL,85012,cell,0.25,0.75,early_0_30,0.04856453786838,0.04988903840716762,0.999086144486785,0.9734510709952403,0.9475144421095982
TCL_vs_C0,TCL,85013,atomic_numbers,0.25,0.75,early_0_30,2.1921521089936298,0.17682877460550844,0.9842428667476526,12.397032744722424,12.182341062228472
TCL_vs_C0,TCL,85013,pos,0.25,0.75,early_0_30,0.007680219700352788,2.4589689340718244,0.5099508977394897,0.003123349625908066,0.008787706653448623
TCL_vs_C0,TCL,85013,cell,0.25,0.75,early_0_30,0.02889256003545812,0.027570840508871895,0.9996829383971964,1.0479390363946617,1.059375861596112
TCL_vs_C0,TCL,85014,atomic_numbers,0.25,0.75,early_0_30,2.8153235570258706,0.24446007430482591,0.9712162148354332,11.516496364618389,10.5519500793206
TCL_vs_C0,TCL,85014,pos,0.25,0.75,early_0_30,0.005088982743872354,3.389990454973826,0.5931642597623573,0.0015011790774825784,0.005833835344692256
TCL_vs_C0,TCL,85014,cell,0.25,0.75,early_0_30,0.02451641298354904,0.08759644468089219,0.9962903671547994,0.279879087249039,0.2834195168090776
TCL_vs_C0,TCL,85015,atomic_numbers,0.25,0.75,early_0_30,1.452052791628934,0.1568704350532499,0.9876233898865754,9.256382766682789,9.168477294916727
TCL_vs_C0,TCL,85015,pos,0.25,0.75,early_0_30,0.0053250129667429735,3.4343665006819157,-0.13063360700718915,0.0015505080676991398,0.004895756522166626
TCL_vs_C0,TCL,85015,cell,0.25,0.75,early_0_30,0.06499827435184628,0.04615985397325846,0.9989391310916252,1.408112651082072,1.4021394040396773
TCL_vs_C0,TCL,85016,atomic_numbers,0.25,0.75,early_0_30,2.5070659962204083,0.22193517499816898,0.9753298166654654,11.296388669534212,11.276160823885776
TCL_vs_C0,TCL,85016,pos,0.25,0.75,early_0_30,0.005108153623521927,3.7601489943561335,0.40373907376385376,0.0013584976635737326,0.005503127546854672
TCL_vs_C0,TCL,85016,cell,0.25,0.75,early_0_30,0.038527304382690974,0.03241401069258228,0.9994967649589618,1.188600347796753,1.1800775932425416
TCL_vs_C0,TCL,85017,atomic_numbers,0.25,0.75,early_0_30,2.942568558006293,0.22241753703056935,0.9775512221810203,13.229930504993687,13.875510672649062
TCL_vs_C0,TCL,85017,pos,0.25,0.75,early_0_30,0.01102026053595793,2.542419064296375,-0.06396619315450716,0.004334557072324279,0.009858544335289612
TCL_vs_C0,TCL,85017,cell,0.25,0.75,early_0_30,0.024573789781262366,0.04375226757729507,0.9991822917912045,0.5616575126728919,0.5518080871968338
TCL_vs_C0,TCL,85018,atomic_numbers,0.25,0.75,early_0_30,2.237659145912593,0.22082706416681014,0.9761795294928559,10.13308379729348,10.308407459027306
TCL_vs_C0,TCL,85018,pos,0.25,0.75,early_0_30,0.0029588780422893143,3.225512034642688,0.42467950335340343,0.000917335917680769,0.0032295071765106767
TCL_vs_C0,TCL,85018,cell,0.25,0.75,early_0_30,0.10849219007719355,0.17989440919539773,0.9855789298954641,0.6030881702351933,0.5575688896541425
TCL_vs_C0,TCL,85019,atomic_numbers,0.25,0.75,early_0_30,4.491666585886594,0.33037170071738936,0.9707986186252479,13.595797025390226,16.287015271576355
TCL_vs_C0,TCL,85019,pos,0.25,0.75,early_0_30,0.005943755055477227,2.7079003556987953,0.019637801726797192,0.0021949681578823806,0.005566889005886346
TCL_vs_C0,TCL,85019,cell,0.25,0.75,early_0_30,0.01756108979231658,0.01990546781138762,0.9998194612014167,0.8822244198787502,0.8872980548400682
TCL_vs_C0,TCL,85020,atomic_numbers,0.25,0.75,early_0_30,0.927580148639587,0.0983376493875907,0.99520120091482,9.43260444413917,9.479626394188726
TCL_vs_C0,TCL,85020,pos,0.25,0.75,early_0_30,0.011894636851900488,15.822549683302526,0.3068607795835066,0.0007517522200895883,0.012103781823670171
TCL_vs_C0,TCL,85020,cell,0.25,0.75,early_0_30,0.16883111907178586,0.15645993067130973,0.9927013296114544,1.0790693716109685,0.9636344693518448
TCL_vs_C0,TCL,85021,atomic_numbers,0.25,0.75,early_0_30,2.8060591748155215,0.1923725654284829,0.982999715249156,14.58658706643236,13.501228506971286
TCL_vs_C0,TCL,85021,pos,0.25,0.75,early_0_30,0.0035921779736497964,1.8193653865136177,0.03172334748950574,0.001974412616771474,0.003064194664345428
TCL_vs_C0,TCL,85021,cell,0.25,0.75,early_0_30,0.04146746707038544,0.05337001005675986,0.9987339810390969,0.7769806868367483,0.7621431448379736
TCL_vs_C0,TCL,85022,atomic_numbers,0.25,0.75,early_0_30,2.5460091748908793,0.19489149243755843,0.9825825035544506,13.06372660523701,13.603628386041175
TCL_vs_C0,TCL,85022,pos,0.25,0.75,early_0_30,0.005784367454202479,2.564687577917877,0.11866832420409576,0.0022553887280486913,0.005600912499589372
TCL_vs_C0,TCL,85022,cell,0.25,0.75,early_0_30,0.03743180344998268,0.032104181251511286,0.999685407024763,1.1659479230052192,1.188946425728351
TCL_vs_C0,TCL,85023,atomic_numbers,0.25,0.75,early_0_30,3.7715586392280294,0.22299870268012123,0.9862398285859734,16.9129174022062,14.149044795958583
TCL_vs_C0,TCL,85023,pos,0.25,0.75,early_0_30,0.0057337615886929195,2.0290897956313643,-0.011403575755594328,0.0028257801113768955,0.004956967029455226
TCL_vs_C0,TCL,85023,cell,0.25,0.75,early_0_30,0.05610982630528122,0.0693721661746081,0.9983552833079357,0.8088233278467059,0.8390865675280975
TCL_vs_C0,TCL,85024,atomic_numbers,0.25,0.75,early_0_30,1.0002722160139679,0.10852056872239572,0.9942831865029544,9.217351399740119,9.3433336365759
TCL_vs_C0,TCL,85024,pos,0.25,0.75,early_0_30,0.0040991914521556734,3.648013266931727,0.6614578337248654,0.0011236777808112041,0.004754893864042734
TCL_vs_C0,TCL,85024,cell,0.25,0.75,early_0_30,0.1580651335725078,0.11484886505384229,0.9951160897184315,1.376288163565267,1.2887713021311138
TCL_vs_C0,TCL,85025,atomic_numbers,0.25,0.75,early_0_30,3.2719080475900024,0.2579572650184582,0.9670432263355822,12.683915094835106,11.740689384689286
TCL_vs_C0,TCL,85025,pos,0.25,0.75,early_0_30,0.0032799011995919888,2.0426105716039666,0.6215735059021245,0.001605739853297849,0.004027198383539571
TCL_vs_C0,TCL,85025,cell,0.25,0.75,early_0_30,0.05246508301868749,0.05247677362796704,0.9987276336242145,0.9997772231699603,0.9839929361339814
TCL_vs_C0,TCL,85026,atomic_numbers,0.25,0.75,early_0_30,3.1437610377347087,0.2201258959077209,0.9758374064976814,14.281650165560743,13.554937225943883
TCL_vs_C0,TCL,85026,pos,0.25,0.75,early_0_30,0.009105972687772985,3.2800610793406917,0.3459463165082388,0.0027761594883481035,0.0096858849078033
TCL_vs_C0,TCL,85026,cell,0.25,0.75,early_0_30,0.04410656840114867,0.04961578557542201,0.999180814948883,0.888962411652262,0.9137526289544284
TCL_vs_C0,TCL,85027,atomic_numbers,0.25,0.75,early_0_30,4.634216909339685,0.3061729839403027,0.9716291737099723,15.135943249138073,17.649488089282332
TCL_vs_C0,TCL,85027,pos,0.25,0.75,early_0_30,0.00670003535590088,2.1022259111285817,-0.23498700682903673,0.003187114819788307,0.005191917002066211
TCL_vs_C0,TCL,85027,cell,0.25,0.75,early_0_30,0.03245495783787611,0.05284524737831013,0.9986760473000222,0.6141509302726239,0.6059051350573007
TCL_vs_C0,TCL,85028,atomic_numbers,0.25,0.75,early_0_30,2.8402623074682216,0.2736857983756136,0.9628842422877729,10.377821298459082,10.462514181171708
TCL_vs_C0,TCL,85028,pos,0.25,0.75,early_0_30,0.00512165316973681,2.9703393848585895,0.2598751533718224,0.0017242653131977507,0.005291545818002732
TCL_vs_C0,TCL,85028,cell,0.25,0.75,early_0_30,0.05753715445635293,0.053476534261943265,0.9985693947011235,1.075932747894985,1.0735771141802408
TCL_vs_C0,TCL,85029,atomic_numbers,0.25,0.75,early_0_30,1.9707945780362421,0.2012036438912903,0.9797651700430079,9.79502428445608,9.798204841392312
TCL_vs_C0,TCL,85029,pos,0.25,0.75,early_0_30,0.0030844154609204187,2.5543786146768164,0.38472250240259587,0.0012075012855174028,0.0033405516632638746
TCL_vs_C0,TCL,85029,cell,0.25,0.75,early_0_30,0.08279632001313857,0.06867586974976973,0.9978507004295101,1.205610068206179,1.1782408381791303
TCL_vs_C0,TCL,85030,atomic_numbers,0.25,0.75,early_0_30,0.7220516938710312,0.07909574143810316,0.997209317396361,9.12883147363979,9.341854105576838
TCL_vs_C0,TCL,85030,pos,0.25,0.75,early_0_30,0.0035092945922889783,4.763426716549935,0.6176206804318837,0.0007367164021011114,0.0039161430005140085
TCL_vs_C0,TCL,85030,cell,0.25,0.75,early_0_30,0.09421581470776022,0.12679709749917156,0.9919644475278412,0.7430439384338098,0.7308135332309094
TCL_vs_C0,TCL,85031,atomic_numbers,0.25,0.75,early_0_30,3.4760548786286787,0.19871793221487655,0.9830031342987728,17.492406648384257,15.864749780270891
TCL_vs_C0,TCL,85031,pos,0.25,0.75,early_0_30,0.011257315626658144,2.0932533111269245,0.14433274578566874,0.0053779041298148735,0.010696278265904866
TCL_vs_C0,TCL,85031,cell,0.25,0.75,early_0_30,0.11919037452608282,0.08637322310835249,0.9975944233978811,1.3799458933767266,1.3055227189909961
TCL_vs_C0,C0,85000,atomic_numbers,0.35,0.65,mid_30_70,4.044488948961966,0.2876256702522082,0.9724433317577027,14.06164110948618,11.305500864250407
TCL_vs_C0,C0,85000,pos,0.35,0.65,mid_30_70,0.05398665103881413,0.6884950487432681,0.8620539019368169,0.07841254797308662,0.10413662554976344
TCL_vs_C0,C0,85000,cell,0.35,0.65,mid_30_70,0.08625533086205796,0.07784803814868191,0.9972360547364236,1.107996205341989,1.0791846881105882
TCL_vs_C0,C0,85001,atomic_numbers,0.35,0.65,mid_30_70,2.484941108501976,0.2653681491365599,0.9649964914096495,9.364127219439629,8.657307090179728
TCL_vs_C0,C0,85001,pos,0.35,0.65,mid_30_70,0.031529038770020654,1.3831508097483556,0.9381667116156688,0.02279508391117301,0.05191111672986733
TCL_vs_C0,C0,85001,cell,0.35,0.65,mid_30_70,0.12155126080440744,0.11548262919041184,0.9939211177855528,1.0525501684239402,1.0094568248284863
TCL_vs_C0,C0,85002,atomic_numbers,0.35,0.65,mid_30_70,2.184868681294861,0.14832940636177935,0.9901355983643904,14.729841741332853,13.867435458803735
TCL_vs_C0,C0,85002,pos,0.35,0.65,mid_30_70,0.03452676753327804,0.46713618415926467,0.9064209101676023,0.07391156734179799,0.08174309488399123
TCL_vs_C0,C0,85002,cell,0.35,0.65,mid_30_70,0.05132853769199046,0.056837397596688946,0.9990223160454146,0.903076844865617,0.8699340022871169
TCL_vs_C0,C0,85003,atomic_numbers,0.35,0.65,mid_30_70,2.1013883218204628,0.21921635594870756,0.9769694637252625,9.58591028815453,8.883441890189282
TCL_vs_C0,C0,85003,pos,0.35,0.65,mid_30_70,0.0511905593629852,1.202211752316028,0.9438945830109455,0.042580318537369134,0.08941259784036822
TCL_vs_C0,C0,85003,cell,0.35,0.65,mid_30_70,0.06825276471312913,0.05902549421772615,0.9988742275592631,1.1563268654958914,1.1144096859617867
TCL_vs_C0,C0,85004,atomic_numbers,0.35,0.65,mid_30_70,3.7818088886413186,0.24588806810809663,0.9746279440133341,15.38020497594365,13.424474298442174
TCL_vs_C0,C0,85004,pos,0.35,0.65,mid_30_70,0.06689253771334454,1.5955037787004704,0.8394200032425327,0.04192565295447195,0.09808532016278372
TCL_vs_C0,C0,85004,cell,0.35,0.65,mid_30_70,0.24770318063526284,0.15460092506853224,0.988267853322405,1.6022102100971243,1.5450000115783975
TCL_vs_C0,C0,85005,atomic_numbers,0.35,0.65,mid_30_70,2.9332620040527426,0.1808773627582938,0.9854856771222027,16.216855217932682,14.968912835318573
TCL_vs_C0,C0,85005,pos,0.35,0.65,mid_30_70,0.05311774055681649,0.5894817128117035,0.9450631755091475,0.09010922544731044,0.12936142119563615
TCL_vs_C0,C0,85005,cell,0.35,0.65,mid_30_70,0.07401834322660418,0.08029459729555329,0.9967760428572697,0.9218346653405947,0.9217340390245904
TCL_vs_C0,C0,85006,atomic_numbers,0.35,0.65,mid_30_70,2.6888686491085068,0.2050498202638439,0.9820045464229524,13.113245579287298,11.829982364477301
TCL_vs_C0,C0,85006,pos,0.35,0.65,mid_30_70,0.03502574383835472,0.9050864637541901,0.7516839110261736,0.03869878209543886,0.053076572914811
TCL_vs_C0,C0,85006,cell,0.35,0.65,mid_30_70,0.05098037123873272,0.044798137996748845,0.9995324479316581,1.138002013441553,1.1002103613719934
TCL_vs_C0,C0,85007,atomic_numbers,0.35,0.65,mid_30_70,0.7659609120690495,0.08894249304641157,0.9964169130181375,8.611866902239397,8.818021118669972
TCL_vs_C0,C0,85007,pos,0.35,0.65,mid_30_70,0.05794374908379603,6.91444223424571,0.9141571650019078,0.0083801045870068,0.06550482249460989
TCL_vs_C0,C0,85007,cell,0.35,0.65,mid_30_70,0.12562143133659998,0.17210701868846948,0.9852662250100367,0.7299030120554644,0.7051019914352894
TCL_vs_C0,C0,85008,atomic_numbers,0.35,0.65,mid_30_70,3.4056032974454493,0.22437844025928821,0.9792921339687961,15.177943538202639,13.395315436625555
TCL_vs_C0,C0,85008,pos,0.35,0.65,mid_30_70,0.0629504500561453,0.7946124383086292,0.8736337923323761,0.07922157648342175,0.11897825165211186
TCL_vs_C0,C0,85008,cell,0.35,0.65,mid_30_70,0.03202760852202603,0.028392887041599143,0.9996847149083501,1.1280152129334917,1.1426109925166925
TCL_vs_C0,C0,85009,atomic_numbers,0.35,0.65,mid_30_70,3.0047042246002658,0.23183817055160538,0.9788365433040871,12.960351686054397,11.274046630939463
TCL_vs_C0,C0,85009,pos,0.35,0.65,mid_30_70,0.03462020004862414,0.6481489830738468,0.9521729828095016,0.053413954125852106,0.0813909239848832
TCL_vs_C0,C0,85009,cell,0.35,0.65,mid_30_70,0.11096368871412711,0.1323281105818456,0.993842711852755,0.8385496341345816,0.7727200291252232
TCL_vs_C0,C0,85010,atomic_numbers,0.35,0.65,mid_30_70,2.403169528449904,0.23574784868284115,0.9730742632337539,10.193813185896603,10.423963949166634
TCL_vs_C0,C0,85010,pos,0.35,0.65,mid_30_70,0.049327018392699803,5.757608721675646,0.8333373836499123,0.008567275196558352,0.05623859576049341
TCL_vs_C0,C0,85010,cell,0.35,0.65,mid_30_70,0.10538263861980388,0.07928467706832225,0.9983366828217428,1.329167785207628,1.2546156374156585
TCL_vs_C0,C0,85011,atomic_numbers,0.35,0.65,mid_30_70,2.864617722740721,0.19012723413613133,0.9818886141840139,15.066845819098447,14.554020016899969
TCL_vs_C0,C0,85011,pos,0.35,0.65,mid_30_70,0.08658674951793484,1.237669060105043,0.8354343571796574,0.06995953305206327,0.13602838462209943
TCL_vs_C0,C0,85011,cell,0.35,0.65,mid_30_70,0.018379754819030474,0.012063626653444754,0.9999615287571256,1.5235679408051106,1.5108912701743022
TCL_vs_C0,C0,85012,atomic_numbers,0.35,0.65,mid_30_70,3.1180127682961,0.2386715527774269,0.9764490895147977,13.064031854704533,11.423002699523929
TCL_vs_C0,C0,85012,pos,0.35,0.65,mid_30_70,0.04205561795764299,0.7546467983870676,0.9452767454951849,0.05572887614116948,0.0906010592858502
TCL_vs_C0,C0,85012,cell,0.35,0.65,mid_30_70,0.05597299973852093,0.0583840302895473,0.9989341099350196,0.9587039377194551,0.9234085533485509
TCL_vs_C0,C0,85013,atomic_numbers,0.35,0.65,mid_30_70,2.742104814218176,0.22074767015041535,0.9777148266157815,12.421896966566996,11.297482828058897
TCL_vs_C0,C0,85013,pos,0.35,0.65,mid_30_70,0.043117446913313116,0.7096212739181218,0.8761344496453054,0.06076120953257687,0.08487600157601238
TCL_vs_C0,C0,85013,cell,0.35,0.65,mid_30_70,0.03177132637672532,0.10334377541733732,0.9952283663961264,0.30743338191799063,0.3164346857525985
TCL_vs_C0,C0,85014,atomic_numbers,0.35,0.65,mid_30_70,2.8770854561287442,0.23512234172285518,0.9818435105768287,12.236546450868714,10.31445382262164
TCL_vs_C0,C0,85014,pos,0.35,0.65,mid_30_70,0.02530780612189565,0.8030415154854229,0.8826134616489157,0.031514941175360744,0.04833370334171449
TCL_vs_C0,C0,85014,cell,0.35,0.65,mid_30_70,0.04535876077926969,0.04485535155929897,0.9990413411725387,1.011222946704703,1.020140990294632
TCL_vs_C0,C0,85015,atomic_numbers,0.35,0.65,mid_30_70,3.022032910854261,0.23601345811896712,0.9719531886033317,12.804494010383713,12.19077072912493
TCL_vs_C0,C0,85015,pos,0.35,0.65,mid_30_70,0.0434578207377285,0.9726994781664079,0.9026625623901666,0.04467754091906051,0.0793019020024818
TCL_vs_C0,C0,85015,cell,0.35,0.65,mid_30_70,0.030092221682394033,0.032823057536321365,0.9994810994927791,0.916801295829755,0.9105401696619386
TCL_vs_C0,C0,85016,atomic_numbers,0.35,0.65,mid_30_70,3.6465844525824123,0.20513383510165475,0.9819694743494125,17.776611307322046,16.040203063717176
TCL_vs_C0,C0,85016,pos,0.35,0.65,mid_30_70,0.04315535596592986,0.7596399705817374,0.964270368311729,0.05681027544256419,0.09522643811394162
TCL_vs_C0,C0,85016,cell,0.35,0.65,mid_30_70,0.06065722741444287,0.057043006792894986,0.9983737087584528,1.0633595742010933,1.063748160514028
TCL_vs_C0,C0,85017,atomic_numbers,0.35,0.65,mid_30_70,3.1788895763947855,0.23179864878668432,0.9794503025966793,13.714012540772819,11.865341012318979
TCL_vs_C0,C0,85017,pos,0.35,0.65,mid_30_70,0.04560554696075998,0.30113104962027226,0.9758374894235623,0.1514475077155571,0.17917059168937552
TCL_vs_C0,C0,85017,cell,0.35,0.65,mid_30_70,0.031485729832676536,0.04991780266436978,0.9993815525698676,0.630751518538903,0.65270886685494
TCL_vs_C0,C0,85018,atomic_numbers,0.35,0.65,mid_30_70,3.2938503093658493,0.22784129391172792,0.9754278871868363,14.45677494546699,13.262149376433054
TCL_vs_C0,C0,85018,pos,0.35,0.65,mid_30_70,0.05281340944100424,2.165497338988866,0.8006693785725448,0.02438858200844724,0.07027918056469991
TCL_vs_C0,C0,85018,cell,0.35,0.65,mid_30_70,0.09264058956510274,0.06950272812499188,0.9979756865554441,1.3329058018916944,1.2928362656593657
TCL_vs_C0,C0,85019,atomic_numbers,0.35,0.65,mid_30_70,2.671237829679354,0.18363084414777064,0.9880447181227009,14.546781844175175,12.921640678562763
TCL_vs_C0,C0,85019,pos,0.35,0.65,mid_30_70,0.046381396012206394,0.5343838454463234,0.932736245388292,0.08679415818318409,0.115188953725704
TCL_vs_C0,C0,85019,cell,0.35,0.65,mid_30_70,0.14788016285086217,0.10529816158916659,0.9947863262077957,1.4043945366096169,1.4338970251506389
TCL_vs_C0,C0,85020,atomic_numbers,0.35,0.65,mid_30_70,2.66050706600536,0.21998137966820924,0.9758020013733285,12.094237566916417,12.093188636233908
TCL_vs_C0,C0,85020,pos,0.35,0.65,mid_30_70,0.033524331972199985,2.9106995442142276,0.9298733665137401,0.011517620236289352,0.04396542142159078
TCL_vs_C0,C0,85020,cell,0.35,0.65,mid_30_70,0.10465753184891118,0.10533194074900243,0.9983618540678056,0.9935972992114679,0.9040982796103992
TCL_vs_C0,C0,85021,atomic_numbers,0.35,0.65,mid_30_70,2.5749551950666842,0.19657481566542231,0.9808236978044903,13.099110312530344,13.183619244024312
TCL_vs_C0,C0,85021,pos,0.35,0.65,mid_30_70,0.03389308081065025,0.6706102823684871,0.9261033204874372,0.050540651853630054,0.07482679486428123
TCL_vs_C0,C0,85021,cell,0.35,0.65,mid_30_70,0.030327033368133173,0.05093152885813486,0.9995210184518044,0.5954471434110366,0.571075476632833
TCL_vs_C0,C0,85022,atomic_numbers,0.35,0.65,mid_30_70,3.3631579043669246,0.23175515652239767,0.9760560957845381,14.511685327018371,13.003651056778114
TCL_vs_C0,C0,85022,pos,0.35,0.65,mid_30_70,0.036468163662558395,0.9156052829647788,0.7292451658871988,0.03982956885577651,0.05327720785052597
TCL_vs_C0,C0,85022,cell,0.35,0.65,mid_30_70,0.08199724592313451,0.08565720564431525,0.9964340357226162,0.957272015895797,0.967990568319324
TCL_vs_C0,C0,85023,atomic_numbers,0.35,0.65,mid_30_70,1.5525511688418039,0.15620589154634193,0.9890463664556081,9.93913323929402,9.322200288975113
TCL_vs_C0,C0,85023,pos,0.35,0.65,mid_30_70,0.027148750506253885,0.562198822294935,0.9457122781162266,0.04829030127710119,0.06782125737821444
TCL_vs_C0,C0,85023,cell,0.35,0.65,mid_30_70,0.0477583252200194,0.052186533816889105,0.9988252390653845,0.9151465277918762,0.8963428028262064
TCL_vs_C0,C0,85024,atomic_numbers,0.35,0.65,mid_30_70,0.7899054816171075,0.09161467776361196,0.9958516374505437,8.62204071333695,8.678223695573214
TCL_vs_C0,C0,85024,pos,0.35,0.65,mid_30_70,0.08058220491738674,7.809675750561902,0.948727486929592,0.010318252318169407,0.09030538214609005
TCL_vs_C0,C0,85024,cell,0.35,0.65,mid_30_70,0.11181538224830485,0.09840781521242972,0.9958148500250816,1.1362449415926232,1.0900312229680718
TCL_vs_C0,C0,85025,atomic_numbers,0.35,0.65,mid_30_70,2.929113600955408,0.2693028733962233,0.9688877589794936,10.876651867898289,9.38371339086665
TCL_vs_C0,C0,85025,pos,0.35,0.65,mid_30_70,0.03866573040217549,0.7784279543906749,0.840263644540399,0.04967155943473486,0.06948192071264316
TCL_vs_C0,C0,85025,cell,0.35,0.65,mid_30_70,0.0983608471832588,0.06591566163975698,0.9986490918518018,1.4922227090857654,1.429686540335005
TCL_vs_C0,C0,85026,atomic_numbers,0.35,0.65,mid_30_70,3.232093694021543,0.21163395317989522,0.9869134921598792,15.272094318789035,12.978946444579142
TCL_vs_C0,C0,85026,pos,0.35,0.65,mid_30_70,0.04240569449725136,0.508217910030415,0.9465984481047997,0.08343998442462118,0.11176387024377488
TCL_vs_C0,C0,85026,cell,0.35,0.65,mid_30_70,0.04359780920386031,0.03588278441242723,0.9993582508206322,1.2150063022634652,1.2168004658041676
TCL_vs_C0,C0,85027,atomic_numbers,0.35,0.65,mid_30_70,3.7264768307220613,0.23968047157017672,0.9731134732560264,15.547686494062056,14.098749552759438
TCL_vs_C0,C0,85027,pos,0.35,0.65,mid_30_70,0.04082992748675533,0.695395483049979,0.8828674538389719,0.05871468607716112,0.08194995341627544
TCL_vs_C0,C0,85027,cell,0.35,0.65,mid_30_70,0.09435041787505054,0.06454976085687954,0.999612918566349,1.461669518563289,1.3759665517719641
TCL_vs_C0,C0,85028,atomic_numbers,0.35,0.65,mid_30_70,2.4930741832940404,0.20359204538080117,0.9837924286707397,12.245440034903933,10.86623746350884
TCL_vs_C0,C0,85028,pos,0.35,0.65,mid_30_70,0.03390519962143637,0.5728602738865012,0.9030852164656291,0.059185810514334754,0.07588834149369683
TCL_vs_C0,C0,85028,cell,0.35,0.65,mid_30_70,0.033616353053227584,0.04112671293124489,0.9992225274233663,0.8173848736568606,0.8263189221882946
TCL_vs_C0,C0,85029,atomic_numbers,0.35,0.65,mid_30_70,3.8011001647039486,0.24821278301345667,0.9702663108282914,15.313877547144196,14.016095302812355
TCL_vs_C0,C0,85029,pos,0.35,0.65,mid_30_70,0.0351389176307929,0.7781872087638626,0.9586548524577715,0.04515483836673503,0.07599305459887654
TCL_vs_C0,C0,85029,cell,0.35,0.65,mid_30_70,0.02651330195106382,0.023078294516147357,0.9998521324269628,1.1488414766746768,1.1309893513308622
TCL_vs_C0,C0,85030,atomic_numbers,0.35,0.65,mid_30_70,2.888248531324477,0.26149912115010765,0.9758384208673475,11.044964581990099,9.191219031609803
TCL_vs_C0,C0,85030,pos,0.35,0.65,mid_30_70,0.032025171865943766,3.310064782375038,0.9432857157075818,0.009675089151265812,0.04099006706458819
TCL_vs_C0,C0,85030,cell,0.35,0.65,mid_30_70,0.14558133113849828,0.12985593745831153,0.9938822299605696,1.1210987652007454,1.0376726938253886
TCL_vs_C0,C0,85031,atomic_numbers,0.35,0.65,mid_30_70,3.3513573564018624,0.24636459714346262,0.9765762775263225,13.603242492062709,11.652399572637252
TCL_vs_C0,C0,85031,pos,0.35,0.65,mid_30_70,0.044781636924045964,0.49372661926373324,0.9078167320838091,0.09070128118841618,0.10597425510146345
TCL_vs_C0,C0,85031,cell,0.35,0.65,mid_30_70,0.04044044576998747,0.04607495636788578,0.9991937964998165,0.8777099091986212,0.89684600662099
TCL_vs_C0,TCL,85000,atomic_numbers,0.35,0.65,mid_30_70,3.747843233113788,0.284377170303109,0.9746984253443759,13.179128370674318,15.162632233564185
TCL_vs_C0,TCL,85000,pos,0.35,0.65,mid_30_70,0.03444019014003434,0.6291124414932366,0.9096639831024583,0.05474409321533756,0.07566616990448338
TCL_vs_C0,TCL,85000,cell,0.35,0.65,mid_30_70,0.030715612142827673,0.04148510312496608,0.9992265923707346,0.7404010073279236,0.7300394822693174
TCL_vs_C0,TCL,85001,atomic_numbers,0.35,0.65,mid_30_70,3.152707701984075,0.26043317327992593,0.9715583447410356,12.1056302554644,10.449048135028319
TCL_vs_C0,TCL,85001,pos,0.35,0.65,mid_30_70,0.06298221973864812,1.1374829583389547,0.7629109712329012,0.05536981391846072,0.09406260540217785
TCL_vs_C0,TCL,85001,cell,0.35,0.65,mid_30_70,0.06790926515581978,0.11067711655568818,0.9942052755776387,0.613579999815505,0.6261833571122402
TCL_vs_C0,TCL,85002,atomic_numbers,0.35,0.65,mid_30_70,2.9836410046124913,0.21619735392502115,0.9790768375656098,13.800543579489126,12.503998507701436
TCL_vs_C0,TCL,85002,pos,0.35,0.65,mid_30_70,0.04111178875804207,0.4431904888989451,0.9454699550351399,0.09276324692837948,0.11558500226527584
TCL_vs_C0,TCL,85002,cell,0.35,0.65,mid_30_70,0.03902888772072106,0.05436441148942648,0.9992898319918467,0.7179124477106115,0.7455357795104615
TCL_vs_C0,TCL,85003,atomic_numbers,0.35,0.65,mid_30_70,2.59064104944413,0.180676369259179,0.9849047706370195,14.338571557899057,13.379650096225978
TCL_vs_C0,TCL,85003,pos,0.35,0.65,mid_30_70,0.03970228509577723,1.0216110190426477,0.7835715367255642,0.038862428415251685,0.06196778235907148
TCL_vs_C0,TCL,85003,cell,0.35,0.65,mid_30_70,0.05641023205615595,0.0475339168987903,0.9992067074327979,1.186736455492721,1.216593465262223
TCL_vs_C0,TCL,85004,atomic_numbers,0.35,0.65,mid_30_70,4.281882638332109,0.2488115352994637,0.9828170279382772,17.209341332099168,14.042380523477778
TCL_vs_C0,TCL,85004,pos,0.35,0.65,mid_30_70,0.038780945374767804,0.5740979824789422,0.9019817384393599,0.06755109155289582,0.08648877303777776
TCL_vs_C0,TCL,85004,cell,0.35,0.65,mid_30_70,0.08685474669226023,0.06617416697010449,0.997816411816585,1.3125174168266993,1.304301873847806
TCL_vs_C0,TCL,85005,atomic_numbers,0.35,0.65,mid_30_70,4.508929762261236,0.2635674527211598,0.979913994403673,17.107308644180133,13.815508753357083
TCL_vs_C0,TCL,85005,pos,0.35,0.65,mid_30_70,0.04109399775495659,0.3844305143492896,0.9277048002984912,0.10689577497383311,0.10897829660838769
TCL_vs_C0,TCL,85005,cell,0.35,0.65,mid_30_70,0.035417231960584994,0.04961335457020987,0.9988220605632807,0.7138648911648301,0.72040805724382
TCL_vs_C0,TCL,85006,atomic_numbers,0.35,0.65,mid_30_70,2.458909010130308,0.20020247497416105,0.9797567819769065,12.282110950165153,12.00776868620736
TCL_vs_C0,TCL,85006,pos,0.35,0.65,mid_30_70,0.06817361129224205,0.8712035716862075,0.8143171084947705,0.07825221740114377,0.11456246018322097
TCL_vs_C0,TCL,85006,cell,0.35,0.65,mid_30_70,0.04013890297035121,0.02608602750774592,0.9996603023793983,1.5387127441475124,1.5398763136768265
TCL_vs_C0,TCL,85007,atomic_numbers,0.35,0.65,mid_30_70,0.93185951607752,0.10855087695264623,0.9946711813377689,8.584541573846801,8.830424480163902
TCL_vs_C0,TCL,85007,pos,0.35,0.65,mid_30_70,0.05493083178914205,5.289593357150869,0.9207350207837804,0.01038469842202188,0.06434273534813495
TCL_vs_C0,TCL,85007,cell,0.35,0.65,mid_30_70,0.17502179504458534,0.10428287998313247,0.996595357544649,1.6783367996059824,1.5654555586910854
TCL_vs_C0,TCL,85008,atomic_numbers,0.35,0.65,mid_30_70,3.6053766934087057,0.2337435703051699,0.974743345514697,15.424495692872384,13.970673867893813
TCL_vs_C0,TCL,85008,pos,0.35,0.65,mid_30_70,0.06625016240947937,0.9140079439917831,0.8797320009821278,0.0724831363282713,0.12034618941114976
TCL_vs_C0,TCL,85008,cell,0.35,0.65,mid_30_70,0.03459681909469171,0.0467179848541557,0.9989878163168968,0.7405460488652524,0.749141081571068
TCL_vs_C0,TCL,85009,atomic_numbers,0.35,0.65,mid_30_70,3.0480204369991615,0.24404114704419202,0.9699528733733374,12.48978081736033,11.875993675545628
TCL_vs_C0,TCL,85009,pos,0.35,0.65,mid_30_70,0.04266641030877253,0.8505377229557587,0.9261589279418144,0.05016404229608972,0.08470267198977038
TCL_vs_C0,TCL,85009,cell,0.35,0.65,mid_30_70,0.0668542366881406,0.07787698766137777,0.9971629633245824,0.8584594588947643,0.873167407590982
TCL_vs_C0,TCL,85010,atomic_numbers,0.35,0.65,mid_30_70,0.7747810590767071,0.08098850867224068,0.996717765895954,9.566555450628618,9.512835975914667
TCL_vs_C0,TCL,85010,pos,0.35,0.65,mid_30_70,0.07541807407668068,13.515866014887248,0.9335174597534692,0.005579966092709883,0.08060053052792199
TCL_vs_C0,TCL,85010,cell,0.35,0.65,mid_30_70,0.16780860354639582,0.1834585820622646,0.9953496039143807,0.9146947592206001,0.7676259407951613
TCL_vs_C0,TCL,85011,atomic_numbers,0.35,0.65,mid_30_70,4.552793231528881,0.2963871407154799,0.9679269765769206,15.36096748508865,12.452762815563213
TCL_vs_C0,TCL,85011,pos,0.35,0.65,mid_30_70,0.058405375681461806,1.133203402616372,0.83023297705484,0.05154006381079851,0.09364118129904724
TCL_vs_C0,TCL,85011,cell,0.35,0.65,mid_30_70,0.08309761182091273,0.0760794354856442,0.9971979779347668,1.0922480074999084,1.1043177101302666
TCL_vs_C0,TCL,85012,atomic_numbers,0.35,0.65,mid_30_70,2.2584661792021103,0.14516249282897362,0.99069785989624,15.558193684803776,14.627141558952593
TCL_vs_C0,TCL,85012,pos,0.35,0.65,mid_30_70,0.03925610593101741,0.7148035315009355,0.8926406907066377,0.05491873529022433,0.07948906067661426
TCL_vs_C0,TCL,85012,cell,0.35,0.65,mid_30_70,0.06092815723915325,0.05039839414669731,0.9995496999418598,1.2089305278617883,1.1594341505122485
TCL_vs_C0,TCL,85013,atomic_numbers,0.35,0.65,mid_30_70,2.1100779529336298,0.19502129913856536,0.9839471233637335,10.819730779428298,9.795110619838475
TCL_vs_C0,TCL,85013,pos,0.35,0.65,mid_30_70,0.04033221071561466,0.7847408092264567,0.8220182178991896,0.051395582135420434,0.06999848718007962
TCL_vs_C0,TCL,85013,cell,0.35,0.65,mid_30_70,0.0316584774131287,0.026371785968719433,0.99968112947616,1.2004677063085532,1.1909556949528457
TCL_vs_C0,TCL,85014,atomic_numbers,0.35,0.65,mid_30_70,3.6677276924378073,0.2635757476968383,0.9791418235169022,13.915269991594162,11.288629305354192
TCL_vs_C0,TCL,85014,pos,0.35,0.65,mid_30_70,0.05279417897863526,0.5616437479812327,0.9004577731590104,0.09399940650705751,0.11804442859712973
TCL_vs_C0,TCL,85014,cell,0.35,0.65,mid_30_70,0.03945176265437141,0.04897935558139394,0.9993184313293427,0.8054773727843446,0.8308580570573015
TCL_vs_C0,TCL,85015,atomic_numbers,0.35,0.65,mid_30_70,2.362137961081733,0.24415058063488188,0.9766196707770193,9.674922561884967,10.568484348009228
TCL_vs_C0,TCL,85015,pos,0.35,0.65,mid_30_70,0.05467250052958947,0.9578884562565735,0.9698369129714209,0.057076061594112444,0.10822717708945738
TCL_vs_C0,TCL,85015,cell,0.35,0.65,mid_30_70,0.04642744909723073,0.040901861109577796,0.999182028700375,1.135093803503211,1.1411337995470292
TCL_vs_C0,TCL,85016,atomic_numbers,0.35,0.65,mid_30_70,3.0331894312921497,0.23981616883007714,0.9747608619308432,12.647977182227983,11.221023341181025
TCL_vs_C0,TCL,85016,pos,0.35,0.65,mid_30_70,0.030492070958181905,0.8164212498781185,0.937165297288474,0.037348453341622345,0.06256934808683765
TCL_vs_C0,TCL,85016,cell,0.35,0.65,mid_30_70,0.10187579954384315,0.10616836726038083,0.994428659507057,0.9595682986627265,0.9420814572910658
TCL_vs_C0,TCL,85017,atomic_numbers,0.35,0.65,mid_30_70,2.6864778591450253,0.20351564960674576,0.9823882626442205,13.20035026464116,14.032550712038963
TCL_vs_C0,TCL,85017,pos,0.35,0.65,mid_30_70,0.047564231445709794,0.4193591712134292,0.9243688784102778,0.11342122626788192,0.1245926602520503
TCL_vs_C0,TCL,85017,cell,0.35,0.65,mid_30_70,0.035790317804891,0.04429236727528494,0.9993034557475433,0.8080470746223116,0.8267627279351017
TCL_vs_C0,TCL,85018,atomic_numbers,0.35,0.65,mid_30_70,2.4897611945709297,0.29225053446352955,0.9610556945029037,8.51926994467697,8.997425170875742
TCL_vs_C0,TCL,85018,pos,0.35,0.65,mid_30_70,0.041090440414248884,1.6058597874934346,0.9400835233839834,0.025587813291212933,0.06420833424648709
TCL_vs_C0,TCL,85018,cell,0.35,0.65,mid_30_70,0.06584060158320106,0.06601923213868635,0.9980594507537991,0.9972942648725446,0.9734819065469003
TCL_vs_C0,TCL,85019,atomic_numbers,0.35,0.65,mid_30_70,3.5383925573928163,0.25085247374739467,0.9797437663037116,14.105472051098578,15.950786448579477
TCL_vs_C0,TCL,85019,pos,0.35,0.65,mid_30_70,0.0372522586856951,0.4513699313218955,0.9391419127713927,0.08253154696547246,0.10167273393122991
TCL_vs_C0,TCL,85019,cell,0.35,0.65,mid_30_70,0.027646680662606324,0.06556638765604922,0.9978507836583427,0.4216593539915053,0.4217088650027743
TCL_vs_C0,TCL,85020,atomic_numbers,0.35,0.65,mid_30_70,3.4176199090914197,0.29266853844363566,0.9673447870558547,11.677442089490638,9.58741880608659
TCL_vs_C0,TCL,85020,pos,0.35,0.65,mid_30_70,0.03337050535402027,1.6506404946670779,0.9065172042152464,0.020216701008992793,0.0505873942118519
TCL_vs_C0,TCL,85020,cell,0.35,0.65,mid_30_70,0.07677096480243716,0.042788164656517545,0.9997668281039817,1.794210277975625,1.7275144220341485
TCL_vs_C0,TCL,85021,atomic_numbers,0.35,0.65,mid_30_70,2.811082981325257,0.22055430757433286,0.975453930827428,12.745536517702535,12.274221379616943
TCL_vs_C0,TCL,85021,pos,0.35,0.65,mid_30_70,0.03192405099070625,1.7040735858045009,0.6254858490184658,0.018733962697763878,0.04009900506375924
TCL_vs_C0,TCL,85021,cell,0.35,0.65,mid_30_70,0.020681068631846888,0.019599503052339273,0.9998148703099108,1.055183316465696,1.0589241598729513
TCL_vs_C0,TCL,85022,atomic_numbers,0.35,0.65,mid_30_70,3.8994733248986777,0.2867596221979831,0.9721132552214046,13.598404458094958,10.975029662767977
TCL_vs_C0,TCL,85022,pos,0.35,0.65,mid_30_70,0.02621011210361373,0.48754392273075425,0.9170892531776264,0.05375948890268138,0.0643886386934925
TCL_vs_C0,TCL,85022,cell,0.35,0.65,mid_30_70,0.05175574460522879,0.03414372146714138,0.9994716061109048,1.5158202557104545,1.5308656195653416
TCL_vs_C0,TCL,85023,atomic_numbers,0.35,0.65,mid_30_70,3.0390327194956033,0.24881399705321572,0.9733673488828429,12.214074591814953,10.707584968862196
TCL_vs_C0,TCL,85023,pos,0.35,0.65,mid_30_70,0.06055949939779762,0.8443771997114462,0.9105657647570324,0.0717209079289362,0.11811301186964017
TCL_vs_C0,TCL,85023,cell,0.35,0.65,mid_30_70,0.05849041120326495,0.03985832481889657,0.9995093838973692,1.4674578389590278,1.5029128609982008
TCL_vs_C0,TCL,85024,atomic_numbers,0.35,0.65,mid_30_70,0.7660032831983499,0.08773382294769785,0.9969332808430598,8.730991736847026,9.050517587807285
TCL_vs_C0,TCL,85024,pos,0.35,0.65,mid_30_70,0.06861363475029593,6.773457320776308,0.9629195577820409,0.010129780332391923,0.07831335066710181
TCL_vs_C0,TCL,85024,cell,0.35,0.65,mid_30_70,0.13664165964707406,0.1492601889705531,0.9954084228989846,0.9154595112701586,0.8064108825775769
TCL_vs_C0,TCL,85025,atomic_numbers,0.35,0.65,mid_30_70,1.9809342327442683,0.1821651827200383,0.9834208308312647,10.874384463405823,10.50553164660589
TCL_vs_C0,TCL,85025,pos,0.35,0.65,mid_30_70,0.046056000099308526,0.41079640530206485,0.912645597970105,0.11211393163346414,0.09773090255163183
TCL_vs_C0,TCL,85025,cell,0.35,0.65,mid_30_70,0.06400953739642662,0.07747685258758401,0.9972625303436815,0.8261762740563938,0.8048012518627048
TCL_vs_C0,TCL,85026,atomic_numbers,0.35,0.65,mid_30_70,2.9344489511384957,0.27476616233456147,0.973201755886337,10.679804697222666,11.999774226710624
TCL_vs_C0,TCL,85026,pos,0.35,0.65,mid_30_70,0.02783962546866427,0.6891583720359958,0.875175312773409,0.04039655701550437,0.055180141955794015
TCL_vs_C0,TCL,85026,cell,0.35,0.65,mid_30_70,0.06364056807366321,0.10122051625615733,0.9976583976680286,0.6287319056208815,0.6741744899723658
TCL_vs_C0,TCL,85027,atomic_numbers,0.35,0.65,mid_30_70,2.849626294484436,0.21902251209345283,0.9834500090645825,13.01065478268532,14.396473530515557
TCL_vs_C0,TCL,85027,pos,0.35,0.65,mid_30_70,0.04055159525309295,0.5725051611112149,0.9060950641203057,0.07083184223943685,0.09150076912277984
TCL_vs_C0,TCL,85027,cell,0.35,0.65,mid_30_70,0.028000129676746605,0.036011422931669396,0.9997088312003022,0.7775346653165031,0.7980928909457371
TCL_vs_C0,TCL,85028,atomic_numbers,0.35,0.65,mid_30_70,2.837360062391628,0.2098824475557309,0.9792124783696967,13.518805862211096,13.966761679136681
TCL_vs_C0,TCL,85028,pos,0.35,0.65,mid_30_70,0.05124314511664659,0.737275648107663,0.9062129177154215,0.0695033740069544,0.10496381349019564
TCL_vs_C0,TCL,85028,cell,0.35,0.65,mid_30_70,0.045468420386853885,0.051942883726759766,0.9996610690395966,0.8753541799110706,0.9144028508772198
TCL_vs_C0,TCL,85029,atomic_numbers,0.35,0.65,mid_30_70,2.646741784318472,0.2152808532512454,0.9783359425508764,12.294366843806442,11.302021980673272
TCL_vs_C0,TCL,85029,pos,0.35,0.65,mid_30_70,0.042630695199950205,0.6750683806500701,0.9013800530533048,0.06315018807264852,0.08962676024044318
TCL_vs_C0,TCL,85029,cell,0.35,0.65,mid_30_70,0.08426858216182227,0.0676464104224054,0.9983630680300034,1.2457214157502638,1.2886811271495748
TCL_vs_C0,TCL,85030,atomic_numbers,0.35,0.65,mid_30_70,0.8161526142908058,0.09171634203886268,0.9958087401439895,8.898660763694433,8.800400645101321
TCL_vs_C0,TCL,85030,pos,0.35,0.65,mid_30_70,0.0448308491282364,6.296344116235502,0.8942532680570668,0.007120139608100098,0.05108465420210427
TCL_vs_C0,TCL,85030,cell,0.35,0.65,mid_30_70,0.14742176041978086,0.13985192666267918,0.9929561034429133,1.0541274899655835,0.9683813990408007
TCL_vs_C0,TCL,85031,atomic_numbers,0.35,0.65,mid_30_70,3.518308984789042,0.22995651982286386,0.9777704733706957,15.299887941856163,13.515166237137803
TCL_vs_C0,TCL,85031,pos,0.35,0.65,mid_30_70,0.052594428672973766,0.7350125057996301,0.8698031477105341,0.07155582831309185,0.10122269670654133
TCL_vs_C0,TCL,85031,cell,0.35,0.65,mid_30_70,0.08438552259915345,0.07397174092323217,0.9974266093006379,1.1407805405949376,1.1170695209521848
TCL_vs_C0,C0,85000,atomic_numbers,0.45,0.55,mid_30_70,2.775313739854538,0.20420675865114832,0.9852877805191054,13.590704627928973,11.871729570609604
TCL_vs_C0,C0,85000,pos,0.45,0.55,mid_30_70,0.17196479142651144,0.45788475659047806,0.891935558741119,0.3755634773845789,0.3620801882552413
TCL_vs_C0,C0,85000,cell,0.45,0.55,mid_30_70,0.03564649584485143,0.03237183329951301,0.9995426861836437,1.1011577724078943,1.0879303640269185
TCL_vs_C0,C0,85001,atomic_numbers,0.45,0.55,mid_30_70,1.7024090767512587,0.16731437997551285,0.986348910160285,10.174911905362906,9.734472699631697
TCL_vs_C0,C0,85001,pos,0.45,0.55,mid_30_70,0.14507876738659142,0.4638507653348923,0.9037419308892346,0.31277035251164675,0.33853239116380957
TCL_vs_C0,C0,85001,cell,0.45,0.55,mid_30_70,0.09081346685632288,0.058092756836991354,0.9983158573558333,1.5632493928829383,1.565388909100018
TCL_vs_C0,C0,85002,atomic_numbers,0.45,0.55,mid_30_70,2.2513420647118116,0.15494794057415803,0.9883408624767333,14.529667553950611,14.777982559596746
TCL_vs_C0,C0,85002,pos,0.45,0.55,mid_30_70,0.11475157948375056,0.25915167291141306,0.9658662835641145,0.44279698523488437,0.4243318052220904
TCL_vs_C0,C0,85002,cell,0.45,0.55,mid_30_70,0.026738978896166683,0.03867699356041828,0.9992525356953006,0.6913406765806931,0.6916818342505439
TCL_vs_C0,C0,85003,atomic_numbers,0.45,0.55,mid_30_70,2.127383929560795,0.1396191617609118,0.9902309263206927,15.237048430385192,15.196794920756972
TCL_vs_C0,C0,85003,pos,0.45,0.55,mid_30_70,0.17927221570714455,0.6214482678618439,0.919027014704038,0.2884748819462461,0.4037068816556608
TCL_vs_C0,C0,85003,cell,0.45,0.55,mid_30_70,0.050769307824109725,0.05843657624365196,0.9983463815245606,0.868793332662518,0.8582310017409227
TCL_vs_C0,C0,85004,atomic_numbers,0.45,0.55,mid_30_70,2.3509512532763774,0.1680096435548304,0.9859502436313013,13.992954234851041,13.544047241199006
TCL_vs_C0,C0,85004,pos,0.45,0.55,mid_30_70,0.18366864334527902,0.5762673963475771,0.8777995300005123,0.3187212125991921,0.3818716935568628
TCL_vs_C0,C0,85004,cell,0.45,0.55,mid_30_70,0.054812732976288095,0.03665833274570959,0.9993304086400595,1.4952325670813074,1.4976077492497373
TCL_vs_C0,C0,85005,atomic_numbers,0.45,0.55,mid_30_70,3.1777860389581143,0.2061446960693167,0.9796587887470843,15.415317975921017,15.829213982726994
TCL_vs_C0,C0,85005,pos,0.45,0.55,mid_30_70,0.3197783916528015,0.6310941440900303,0.7784999832128272,0.5067047359691277,0.3610807368694784
TCL_vs_C0,C0,85005,cell,0.45,0.55,mid_30_70,0.05809550279213691,0.07362967904941528,0.9973264063904054,0.7890228986757789,0.7797994425540977
TCL_vs_C0,C0,85006,atomic_numbers,0.45,0.55,mid_30_70,2.584323509960593,0.16408471981906317,0.9878905344751703,15.749934014637908,14.718172604602756
TCL_vs_C0,C0,85006,pos,0.45,0.55,mid_30_70,0.24751630356606472,0.391920988696051,0.9258082689821096,0.6315464359017082,0.5192930295148913
TCL_vs_C0,C0,85006,cell,0.45,0.55,mid_30_70,0.1090838858898584,0.07484753755455663,0.9972106788800988,1.4574144915635574,1.4451966332287527
TCL_vs_C0,C0,85007,atomic_numbers,0.45,0.55,mid_30_70,2.602544872932388,0.2552620488111008,0.966975391497845,10.195580914021125,9.714644830423905
TCL_vs_C0,C0,85007,pos,0.45,0.55,mid_30_70,0.12023345376816923,0.29100167357187706,0.9947750365204296,0.4131710044563427,0.5236036478416439
TCL_vs_C0,C0,85007,cell,0.45,0.55,mid_30_70,0.052249110700814665,0.05969712516488708,0.9985486728131634,0.8752366308511416,0.8514267177970399
TCL_vs_C0,C0,85008,atomic_numbers,0.45,0.55,mid_30_70,2.015808068710238,0.20016068629239553,0.9803329644124229,10.070949026251522,10.209473270980286
TCL_vs_C0,C0,85008,pos,0.45,0.55,mid_30_70,0.1995245286153137,0.5057384446632684,0.8839966349318243,0.3945211812959195,0.42486979569322075
TCL_vs_C0,C0,85008,cell,0.45,0.55,mid_30_70,0.0913657797698565,0.09526447822168901,0.9955949094618697,0.9590750033526675,0.9386720837589336
TCL_vs_C0,C0,85009,atomic_numbers,0.45,0.55,mid_30_70,2.0008712090840692,0.17481940336451166,0.9878611194828429,11.445361158864623,10.388553907627559
TCL_vs_C0,C0,85009,pos,0.45,0.55,mid_30_70,0.2178441719687015,0.6307101619324642,0.8127013453195471,0.34539505642534435,0.3640848454127008
TCL_vs_C0,C0,85009,cell,0.45,0.55,mid_30_70,0.04677653316436972,0.03589973593061866,0.9993711138040311,1.302977081914252,1.309460625728457
TCL_vs_C0,C0,85010,atomic_numbers,0.45,0.55,mid_30_70,2.687542425284683,0.2068282688191184,0.9795374710181828,12.994076876575672,12.108871915158437
TCL_vs_C0,C0,85010,pos,0.45,0.55,mid_30_70,0.0907074565063224,0.4360194068794174,0.9050623421013383,0.20803536511256218,0.16827594533935267
TCL_vs_C0,C0,85010,cell,0.45,0.55,mid_30_70,0.14549173217228636,0.1323235290175856,0.9924285322547725,1.099515205288628,1.0370576095635533
TCL_vs_C0,C0,85011,atomic_numbers,0.45,0.55,mid_30_70,1.80104074699205,0.172161808952339,0.987331459991065,10.46132564447349,11.027679840065368
TCL_vs_C0,C0,85011,pos,0.45,0.55,mid_30_70,0.07589476475585591,0.17353792970815998,0.9851242727726081,0.43733819392388,0.4202524480280759
TCL_vs_C0,C0,85011,cell,0.45,0.55,mid_30_70,0.040552757305181604,0.0617134518047569,0.9988389406312416,0.6571137429401701,0.6310047716323847
TCL_vs_C0,C0,85012,atomic_numbers,0.45,0.55,mid_30_70,3.189481173436791,0.20522830680949028,0.9829757132334209,15.541136712673502,13.855594225586932
TCL_vs_C0,C0,85012,pos,0.45,0.55,mid_30_70,0.22049277244927362,0.3454051648280262,0.9387374709023701,0.6383598014785181,0.5845178044530978
TCL_vs_C0,C0,85012,cell,0.45,0.55,mid_30_70,0.054321501506457856,0.04344842035211368,0.9998122494487384,1.2502526229084236,1.2013976962199193
TCL_vs_C0,C0,85013,atomic_numbers,0.45,0.55,mid_30_70,2.0282348600952544,0.172461886200295,0.9850365624235108,11.760481720231727,11.510002504720406
TCL_vs_C0,C0,85013,pos,0.45,0.55,mid_30_70,0.1970218731186599,0.39203503903723846,0.9202746539933926,0.5025618975347387,0.4502165075895548
TCL_vs_C0,C0,85013,cell,0.45,0.55,mid_30_70,0.062599060844262,0.04613410986106305,0.9989444447654927,1.3568932191990832,1.3612750085253578
TCL_vs_C0,C0,85014,atomic_numbers,0.45,0.55,mid_30_70,2.5272170931664113,0.17433948990279874,0.9898941791932686,14.495953237992369,12.879371108143296
TCL_vs_C0,C0,85014,pos,0.45,0.55,mid_30_70,0.23890877339429958,0.4504731826412932,0.8949568616855121,0.5303507125407285,0.5076502717815663
TCL_vs_C0,C0,85014,cell,0.45,0.55,mid_30_70,0.126487397624206,0.09764633313721588,0.997237599601172,1.2953624940166641,1.209677855134241
TCL_vs_C0,C0,85015,atomic_numbers,0.45,0.55,mid_30_70,1.6678661106912138,0.1829695849871649,0.983183020894451,9.11553748568765,8.859627446574631
TCL_vs_C0,C0,85015,pos,0.45,0.55,mid_30_70,0.06982603271265048,0.13858671721329177,0.991062264323041,0.5038436158725427,0.5182643341270764
TCL_vs_C0,C0,85015,cell,0.45,0.55,mid_30_70,0.18667370306238398,0.34321550772220605,0.9409093737301355,0.5438964698922495,0.5420759627621248
TCL_vs_C0,C0,85016,atomic_numbers,0.45,0.55,mid_30_70,2.9351214321013415,0.26651861819635914,0.9851417036747997,11.012819486925576,8.604723530619346
TCL_vs_C0,C0,85016,pos,0.45,0.55,mid_30_70,0.1800277409275993,0.3723208722236874,0.9302875572209606,0.48352846793783855,0.41901944640324745
TCL_vs_C0,C0,85016,cell,0.45,0.55,mid_30_70,0.10748517242032735,0.20008520004652533,0.9831876488892386,0.537197016047834,0.5721108145892627
TCL_vs_C0,C0,85017,atomic_numbers,0.45,0.55,mid_30_70,1.584269220110556,0.1783878902231631,0.9856300396906105,8.881035692101273,9.262726854737469
TCL_vs_C0,C0,85017,pos,0.45,0.55,mid_30_70,0.13190714032308803,0.34085304532159577,0.9474899441728386,0.38699123312403816,0.4123254157697468
TCL_vs_C0,C0,85017,cell,0.45,0.55,mid_30_70,0.04651981978934275,0.049071494498903453,0.9988820166963915,0.9480008763617802,0.934461401236574
TCL_vs_C0,C0,85018,atomic_numbers,0.45,0.55,mid_30_70,1.5064082274050021,0.15833360845603459,0.98869237492746,9.514140693782617,8.923099210075124
TCL_vs_C0,C0,85018,pos,0.45,0.55,mid_30_70,0.09905099045391966,0.5352000836675233,0.8606266238806896,0.18507282318635077,0.18975516251525681
TCL_vs_C0,C0,85018,cell,0.45,0.55,mid_30_70,0.12552455426532572,0.1784693060932407,0.984226957233441,0.7033397339470006,0.6756913263898547
TCL_vs_C0,C0,85019,atomic_numbers,0.45,0.55,mid_30_70,2.3166565913767827,0.1846394960599467,0.9828114789316373,12.54691786325411,12.37122156170791
TCL_vs_C0,C0,85019,pos,0.45,0.55,mid_30_70,0.27296975720457095,0.6049828902362581,0.8479215854960086,0.4512024416061928,0.514112171640031
TCL_vs_C0,C0,85019,cell,0.45,0.55,mid_30_70,0.05706524670117954,0.0759445568960197,0.9976963909212203,0.7514066713077412,0.7240213293870473
TCL_vs_C0,C0,85020,atomic_numbers,0.45,0.55,mid_30_70,2.2110281950507154,0.21964940559365356,0.9855431290172607,10.066169717486362,11.327789816328655
TCL_vs_C0,C0,85020,pos,0.45,0.55,mid_30_70,0.055848672363807306,0.19095223556612348,0.9873513318553839,0.2924745667325161,0.31990056075304907
TCL_vs_C0,C0,85020,cell,0.45,0.55,mid_30_70,0.05416899601323231,0.060538714497986014,0.9991208613718212,0.8947827264325937,0.854917211280618
TCL_vs_C0,C0,85021,atomic_numbers,0.45,0.55,mid_30_70,2.3470308152958372,0.1759872733069277,0.9875428529776913,13.336366722396672,12.119076915417889
TCL_vs_C0,C0,85021,pos,0.45,0.55,mid_30_70,0.2248225442175873,0.5486902329643296,0.8360334668843541,0.4097440244251679,0.3410863754670557
TCL_vs_C0,C0,85021,cell,0.45,0.55,mid_30_70,0.023789822766774427,0.034140817889975646,0.9994657989945187,0.6968146704464142,0.7033221770560628
TCL_vs_C0,C0,85022,atomic_numbers,0.45,0.55,mid_30_70,4.447824337057763,0.2926011652095027,0.9766280904791456,15.200979578714653,11.82771122685529
TCL_vs_C0,C0,85022,pos,0.45,0.55,mid_30_70,0.4130050925907614,0.6097749474760648,0.8225446413140224,0.6773074136617805,0.4080999890504702
TCL_vs_C0,C0,85022,cell,0.45,0.55,mid_30_70,0.1416435532500984,0.11980492192057379,0.9929127193125193,1.1822849260233463,1.156018919120874
TCL_vs_C0,C0,85023,atomic_numbers,0.45,0.55,mid_30_70,3.003120670614251,0.22002962448509977,0.9849537202004929,13.648710611773186,11.584572963546671
TCL_vs_C0,C0,85023,pos,0.45,0.55,mid_30_70,0.3148063514380123,0.4915950352104879,0.8787533780110396,0.6403774019060638,0.4873073013875666
TCL_vs_C0,C0,85023,cell,0.45,0.55,mid_30_70,0.07997933789004547,0.09485461609248573,0.9963740067817412,0.8431781307518396,0.8047619432415727
TCL_vs_C0,C0,85024,atomic_numbers,0.45,0.55,mid_30_70,1.8322652497706677,0.202387575768516,0.9793192210058631,9.053249651383494,8.912947854460883
TCL_vs_C0,C0,85024,pos,0.45,0.55,mid_30_70,0.07670291443638577,0.28186353668664405,0.9933333125597005,0.2721278365340979,0.34030824869544224
TCL_vs_C0,C0,85024,cell,0.45,0.55,mid_30_70,0.06940391947401912,0.06252327584845593,0.9980618123472074,1.1100493141504697,1.11460801076782
TCL_vs_C0,C0,85025,atomic_numbers,0.45,0.55,mid_30_70,1.9729404218932858,0.19151679424380366,0.9817642620835166,10.301657510942377,9.874465987188914
TCL_vs_C0,C0,85025,pos,0.45,0.55,mid_30_70,0.12466015031433907,0.3728288408709597,0.9406224146917105,0.33436294794984855,0.3660617956664149
TCL_vs_C0,C0,85025,cell,0.45,0.55,mid_30_70,0.11354326989329777,0.23710844351446156,0.9715353035700574,0.4788664132341311,0.4604168862342188
TCL_vs_C0,C0,85026,atomic_numbers,0.45,0.55,mid_30_70,2.694510415357199,0.2023479310696857,0.9893167113465957,13.316224194203643,11.3053101180257
TCL_vs_C0,C0,85026,pos,0.45,0.55,mid_30_70,0.17161547098593524,0.42927641230748015,0.9043876254016675,0.3997784785412605,0.3428238386309574
TCL_vs_C0,C0,85026,cell,0.45,0.55,mid_30_70,0.0734349856068822,0.059643539062951785,0.9982415067387753,1.2312311905129238,1.2209495166118085
TCL_vs_C0,C0,85027,atomic_numbers,0.45,0.55,mid_30_70,2.6674056643390203,0.19043907216493466,0.9860098665728702,14.006609221603668,12.520639550789468
TCL_vs_C0,C0,85027,pos,0.45,0.55,mid_30_70,0.22099322766985097,0.636640251120674,0.8391829751876048,0.34712418399690864,0.40618720851023526
TCL_vs_C0,C0,85027,cell,0.45,0.55,mid_30_70,0.055660110265700655,0.05316541341849076,0.9987246727693659,1.0469233038323793,1.0281470961791215
TCL_vs_C0,C0,85028,atomic_numbers,0.45,0.55,mid_30_70,2.4871599383932455,0.17757257036411928,0.98886327316268,14.006442173434959,12.493739400703733
TCL_vs_C0,C0,85028,pos,0.45,0.55,mid_30_70,0.21624593832704103,0.4880381086618636,0.8748101280014503,0.4430923210483686,0.41373763162830673
TCL_vs_C0,C0,85028,cell,0.45,0.55,mid_30_70,0.12820846962830898,0.11396973830991236,0.993828524065517,1.1249343161574867,1.147417746879843
TCL_vs_C0,C0,85029,atomic_numbers,0.45,0.55,mid_30_70,3.3035524180107667,0.2215250568168199,0.9753290673013956,14.912770886873037,14.269824274695878
TCL_vs_C0,C0,85029,pos,0.45,0.55,mid_30_70,0.2541301297689405,0.4354959802208289,0.9006246792325795,0.5835418495483645,0.541865934315139
TCL_vs_C0,C0,85029,cell,0.45,0.55,mid_30_70,0.12305649642380288,0.18634575845619708,0.9827930183562178,0.6603665006559774,0.6652713854183565
TCL_vs_C0,C0,85030,atomic_numbers,0.45,0.55,mid_30_70,1.7145764971639228,0.18888788736638978,0.9821156462735212,9.077217819891873,8.777281679157703
TCL_vs_C0,C0,85030,pos,0.45,0.55,mid_30_70,0.16364114477032485,0.438866000837967,0.985346986132062,0.37287268655550854,0.5181861012738221
TCL_vs_C0,C0,85030,cell,0.45,0.55,mid_30_70,0.1393573425884452,0.12422818679975942,0.994712253378404,1.1217852097694394,1.0374479344602043
TCL_vs_C0,C0,85031,atomic_numbers,0.45,0.55,mid_30_70,2.1931419635535967,0.20095435564676892,0.9822896989767641,10.913632384304375,9.927647307928044
TCL_vs_C0,C0,85031,pos,0.45,0.55,mid_30_70,0.175023010054858,0.38519127404594494,0.9231558943200389,0.4543794780615451,0.4084344618050916
TCL_vs_C0,C0,85031,cell,0.45,0.55,mid_30_70,0.06591610189274712,0.07667591889339881,0.997868486728177,0.8596714958758971,0.8232303672090574
TCL_vs_C0,TCL,85000,atomic_numbers,0.45,0.55,mid_30_70,2.150555413010242,0.15202336089975374,0.9885390142170222,14.14621674117801,13.7308402824491
TCL_vs_C0,TCL,85000,pos,0.45,0.55,mid_30_70,0.2685748230006175,0.6376108002646783,0.7709412107346917,0.4212206300287409,0.3373580907470542
TCL_vs_C0,TCL,85000,cell,0.45,0.55,mid_30_70,0.03895953604377068,0.06540480588666098,0.997908037932302,0.5956677879494526,0.600325724079774
TCL_vs_C0,TCL,85001,atomic_numbers,0.45,0.55,mid_30_70,2.3490087744980785,0.22159114231549176,0.9795698176622593,10.600643825165466,9.397603392505248
TCL_vs_C0,TCL,85001,pos,0.45,0.55,mid_30_70,0.3141409530266112,0.9260341751503971,0.6213740850661958,0.3392325698731276,0.3782369286806788
TCL_vs_C0,TCL,85001,cell,0.45,0.55,mid_30_70,0.0903426580404618,0.08830189116711187,0.9969911633928532,1.023111247634411,1.0633021802814016
TCL_vs_C0,TCL,85002,atomic_numbers,0.45,0.55,mid_30_70,2.513520354722814,0.19009081670281694,0.9833742375504135,13.222734261026321,13.746127951253724
TCL_vs_C0,TCL,85002,pos,0.45,0.55,mid_30_70,0.2789689526602796,0.6319060538208899,0.788201186646734,0.4414721950730855,0.4112803483847191
TCL_vs_C0,TCL,85002,cell,0.45,0.55,mid_30_70,0.02421777122725113,0.03129865835984767,0.9996440494327908,0.7737638766752876,0.7861515347818158
TCL_vs_C0,TCL,85003,atomic_numbers,0.45,0.55,mid_30_70,3.624657333433194,0.2479433182692158,0.9745629506433137,14.618894990739607,12.696545837030415
TCL_vs_C0,TCL,85003,pos,0.45,0.55,mid_30_70,0.17389488065648656,0.5125140613803529,0.8731407279259347,0.33929777494911245,0.34995107833691275
TCL_vs_C0,TCL,85003,cell,0.45,0.55,mid_30_70,0.15722243807679806,0.2038997223400012,0.9802854997629679,0.7710772544095518,0.7946967989045122
TCL_vs_C0,TCL,85004,atomic_numbers,0.45,0.55,mid_30_70,1.5672775636898097,0.19119298423063463,0.9856398821534623,8.197359176104571,8.81470250024304
TCL_vs_C0,TCL,85004,pos,0.45,0.55,mid_30_70,0.10779856872498755,0.20700190583351796,0.9807777877109962,0.5207612378780945,0.4747662728322123
TCL_vs_C0,TCL,85004,cell,0.45,0.55,mid_30_70,0.09942501801660303,0.08151688961897088,0.9969565866556641,1.21968611022009,1.245028216630304
TCL_vs_C0,TCL,85005,atomic_numbers,0.45,0.55,mid_30_70,1.7068178554206144,0.12264721325734279,0.9924996104608437,13.916482976578592,13.674467394549044
TCL_vs_C0,TCL,85005,pos,0.45,0.55,mid_30_70,0.22088340482454036,0.4744109980690473,0.9102385316617171,0.4655950341024605,0.5315955632385428
TCL_vs_C0,TCL,85005,cell,0.45,0.55,mid_30_70,0.0834158179777009,0.09171522986050692,0.9960880749690915,0.9095089016793731,0.928287452077867
TCL_vs_C0,TCL,85006,atomic_numbers,0.45,0.55,mid_30_70,2.513524220787829,0.1909989973788564,0.985760611134556,13.15988175478285,11.780480939087239
TCL_vs_C0,TCL,85006,pos,0.45,0.55,mid_30_70,0.24334870824358873,0.43792796484219515,0.9016293691807538,0.5556820476885463,0.5391813908806355
TCL_vs_C0,TCL,85006,cell,0.45,0.55,mid_30_70,0.029295637507164882,0.027711975344329214,0.9996331061540122,1.0571472131870143,1.062950706907704
TCL_vs_C0,TCL,85007,atomic_numbers,0.45,0.55,mid_30_70,2.959035406480609,0.2522239835670482,0.9677700207164838,11.731776513211774,11.51780205962028
TCL_vs_C0,TCL,85007,pos,0.45,0.55,mid_30_70,0.10159032574025621,0.6057213784953001,0.9286322619083708,0.16771791346150167,0.23605279786896405
TCL_vs_C0,TCL,85007,cell,0.45,0.55,mid_30_70,0.05991187197870428,0.06305874793724996,0.9984188076230652,0.9500961236706263,0.9214450004241289
TCL_vs_C0,TCL,85008,atomic_numbers,0.45,0.55,mid_30_70,3.010272659162741,0.23235810458074727,0.9759720631966353,12.955315953339747,11.598591288940105
TCL_vs_C0,TCL,85008,pos,0.45,0.55,mid_30_70,0.4148624277290472,0.6930904035482982,0.7224834211213013,0.5985689970675484,0.46151361170784705
TCL_vs_C0,TCL,85008,cell,0.45,0.55,mid_30_70,0.03708935552606594,0.0453967147861465,0.9990281660386391,0.8170052767206918,0.8073311367251937
TCL_vs_C0,TCL,85009,atomic_numbers,0.45,0.55,mid_30_70,2.438119358278078,0.21146715607739877,0.9774663961464081,11.529541530249292,11.1243968837991
TCL_vs_C0,TCL,85009,pos,0.45,0.55,mid_30_70,0.23639041916768955,0.6163708175606769,0.8538645965854288,0.38351981053096945,0.45409230537568285
TCL_vs_C0,TCL,85009,cell,0.45,0.55,mid_30_70,0.04913385694402912,0.0847202549922554,0.9964248970505053,0.5799540729489145,0.574208277999289
TCL_vs_C0,TCL,85010,atomic_numbers,0.45,0.55,mid_30_70,3.1191638375245594,0.2606548306306927,0.9699079457981203,11.966645045393113,10.49278665627474
TCL_vs_C0,TCL,85010,pos,0.45,0.55,mid_30_70,0.04019473321236793,0.15289408824673492,0.9935093966612029,0.2628926577429412,0.288044543476116
TCL_vs_C0,TCL,85010,cell,0.45,0.55,mid_30_70,0.13981913529907433,0.17747650079739627,0.9869733304865727,0.7878177373954939,0.7185251824735428
TCL_vs_C0,TCL,85011,atomic_numbers,0.45,0.55,mid_30_70,3.245322057176887,0.22905139914578854,0.9835754397800901,14.168531907160622,11.937846536277796
TCL_vs_C0,TCL,85011,pos,0.45,0.55,mid_30_70,0.2095280894207026,0.7224831097859031,0.7151916345979574,0.2900110557363661,0.260479099901187
TCL_vs_C0,TCL,85011,cell,0.45,0.55,mid_30_70,0.1172353934756342,0.1541735988104514,0.9906158008453707,0.7604116034144677,0.699029222931163
TCL_vs_C0,TCL,85012,atomic_numbers,0.45,0.55,mid_30_70,1.6523411070502967,0.13142285054575867,0.9915494990697662,12.572707867685358,12.730900265143891
TCL_vs_C0,TCL,85012,pos,0.45,0.55,mid_30_70,0.17831630442849458,0.4634090007119957,0.8897734758538421,0.38479249249480263,0.37326896379712704
TCL_vs_C0,TCL,85012,cell,0.45,0.55,mid_30_70,0.09612219901137853,0.10411244280939136,0.9945949559254106,0.9232537093319255,0.9112003138899724
TCL_vs_C0,TCL,85013,atomic_numbers,0.45,0.55,mid_30_70,2.7268753299248503,0.1859925320060349,0.9826652561338073,14.661208708295732,14.18752009418057
TCL_vs_C0,TCL,85013,pos,0.45,0.55,mid_30_70,0.24012153047911014,0.5546486865800332,0.8326835676197907,0.43292544684402084,0.37416027163934984
TCL_vs_C0,TCL,85013,cell,0.45,0.55,mid_30_70,0.0747692905495141,0.1591086319082773,0.987424083940242,0.469926047711962,0.4555853695188752
TCL_vs_C0,TCL,85014,atomic_numbers,0.45,0.55,mid_30_70,2.972072897629648,0.23199626922227218,0.9746830067269284,12.81086505223991,11.693785980167334
TCL_vs_C0,TCL,85014,pos,0.45,0.55,mid_30_70,0.2674815091768796,0.774847456619029,0.683061964697741,0.3452053780288691,0.32512567001908177
TCL_vs_C0,TCL,85014,cell,0.45,0.55,mid_30_70,0.13115090048386968,0.17140103359799178,0.9861432449628598,0.7651698343399389,0.7215953109675155
TCL_vs_C0,TCL,85015,atomic_numbers,0.45,0.55,mid_30_70,2.1561809964762846,0.1589329907610443,0.9888193943850664,13.566604303810665,12.668944437965084
TCL_vs_C0,TCL,85015,pos,0.45,0.55,mid_30_70,0.20893638838468817,0.6222291579194906,0.7838724890400339,0.3357868812887135,0.27675095013026535
TCL_vs_C0,TCL,85015,cell,0.45,0.55,mid_30_70,0.09805671895961994,0.18419543425960505,0.9863088564642641,0.5323515175811514,0.5687454295122405
TCL_vs_C0,TCL,85016,atomic_numbers,0.45,0.55,mid_30_70,1.8419574334061835,0.20275067152455284,0.9807225786157158,9.084840112024608,8.418402640264166
TCL_vs_C0,TCL,85016,pos,0.45,0.55,mid_30_70,0.10098558317392704,0.2348672964621413,0.9720296122687792,0.4299686874038893,0.4170596476733551
TCL_vs_C0,TCL,85016,cell,0.45,0.55,mid_30_70,0.05443855147375306,0.05816405045622669,0.9991231911198419,0.9359484259907691,0.9729174743836929
TCL_vs_C0,TCL,85017,atomic_numbers,0.45,0.55,mid_30_70,2.3544906228003666,0.21439871478250602,0.9850229694631889,10.9818317949753,12.216713406539636
TCL_vs_C0,TCL,85017,pos,0.45,0.55,mid_30_70,0.1343042003913703,0.4339642382660654,0.9175516834454303,0.3094821843569235,0.3377713613088252
TCL_vs_C0,TCL,85017,cell,0.45,0.55,mid_30_70,0.045441469154648556,0.07034800424808656,0.9978748781092817,0.6459524991554334,0.6617080403653611
TCL_vs_C0,TCL,85018,atomic_numbers,0.45,0.55,mid_30_70,2.9500557042876907,0.3072588836843303,0.9638832386997667,9.601205566178194,10.725617759268921
TCL_vs_C0,TCL,85018,pos,0.45,0.55,mid_30_70,0.14355364830688044,0.3927045436200513,0.9213573014576306,0.36555127929910375,0.35720927421523235
TCL_vs_C0,TCL,85018,cell,0.45,0.55,mid_30_70,0.11003738874955511,0.09890485430359615,0.9952318620787407,1.112558018757975,1.0890184509442533
TCL_vs_C0,TCL,85019,atomic_numbers,0.45,0.55,mid_30_70,2.902701599572669,0.22979436725600974,0.9770769556500659,12.631735208456263,13.435010731541535
TCL_vs_C0,TCL,85019,pos,0.45,0.55,mid_30_70,0.13266310571847403,0.3547966214679466,0.9459239722738997,0.3739131031450907,0.40742873186296785
TCL_vs_C0,TCL,85019,cell,0.45,0.55,mid_30_70,0.05403469790116487,0.06213298536431587,0.9980862386021193,0.8696620254818466,0.8732623925184694
TCL_vs_C0,TCL,85020,atomic_numbers,0.45,0.55,mid_30_70,2.177382248041096,0.24240196610817205,0.9746840581914367,8.982527175829246,7.9140368802799745
TCL_vs_C0,TCL,85020,pos,0.45,0.55,mid_30_70,0.06570073883395022,0.21147623233106505,0.985525626695521,0.3106767039952557,0.34545675894525624
TCL_vs_C0,TCL,85020,cell,0.45,0.55,mid_30_70,0.09177307859033572,0.11653908114327098,0.9932630976247275,0.787487576613991,0.772443623028757
TCL_vs_C0,TCL,85021,atomic_numbers,0.45,0.55,mid_30_70,1.6266108330195053,0.13054640024238787,0.9914435604326011,12.460020575054907,12.33294790110572
TCL_vs_C0,TCL,85021,pos,0.45,0.55,mid_30_70,0.2662437959304641,0.6811794018509358,0.7962223820167257,0.3908570858235183,0.4335514606011728
TCL_vs_C0,TCL,85021,cell,0.45,0.55,mid_30_70,0.13187608054397498,0.13990414633187623,0.9904925454729809,0.9426173848424957,0.9576626974949344
TCL_vs_C0,TCL,85022,atomic_numbers,0.45,0.55,mid_30_70,1.8631137372231432,0.14215482968305115,0.9899609494871237,13.106228901101339,13.173712974365586
TCL_vs_C0,TCL,85022,pos,0.45,0.55,mid_30_70,0.17397723755582672,0.4048410863332049,0.9609152240427533,0.42974204800111265,0.5398865404086453
TCL_vs_C0,TCL,85022,cell,0.45,0.55,mid_30_70,0.06145126634903348,0.04592514231903916,0.9991336493461783,1.338074598052093,1.3109288605528384
TCL_vs_C0,TCL,85023,atomic_numbers,0.45,0.55,mid_30_70,2.6180463845094906,0.2009102098802999,0.9805612183476738,13.030927527621891,12.21484066161312
TCL_vs_C0,TCL,85023,pos,0.45,0.55,mid_30_70,0.2310484953400468,0.3717086282543046,0.9395438823116619,0.6215849667658908,0.6738893683456733
TCL_vs_C0,TCL,85023,cell,0.45,0.55,mid_30_70,0.08450267358781909,0.08845146145884097,0.9966097925014197,0.9553564428908914,0.9210907102311557
TCL_vs_C0,TCL,85024,atomic_numbers,0.45,0.55,mid_30_70,2.9072084898564556,0.26682583250901076,0.9641624551717446,10.895528602007747,10.195875132644533
TCL_vs_C0,TCL,85024,pos,0.45,0.55,mid_30_70,0.1167323450067249,0.3991349125200783,0.9178613311207134,0.29246337853457693,0.2561083642640106
TCL_vs_C0,TCL,85024,cell,0.45,0.55,mid_30_70,0.12129745617650534,0.16346046479293264,0.9882558743054324,0.742059900112004,0.6902736291188751
TCL_vs_C0,TCL,85025,atomic_numbers,0.45,0.55,mid_30_70,2.193020423132984,0.15766065180308983,0.9875421509909071,13.90975108914275,13.599908084359983
TCL_vs_C0,TCL,85025,pos,0.45,0.55,mid_30_70,0.07349616558141735,0.10441300582870247,0.9979680094324695,0.7038985708542234,0.7606931508496783
TCL_vs_C0,TCL,85025,cell,0.45,0.55,mid_30_70,0.11401019052171263,0.13712983191308478,0.9906354474404678,0.831403268939863,0.83423807204671
TCL_vs_C0,TCL,85026,atomic_numbers,0.45,0.55,mid_30_70,2.9047344018060692,0.21584304324845116,0.9766089878693945,13.45762345679359,12.889870463024021
TCL_vs_C0,TCL,85026,pos,0.45,0.55,mid_30_70,0.16249725908786317,0.5873233510840029,0.8568778739132986,0.2766742694427992,0.3149334033756414
TCL_vs_C0,TCL,85026,cell,0.45,0.55,mid_30_70,0.07372185630426703,0.06749359070381974,0.9978199407828529,1.0922793636477068,1.1053460269616195
TCL_vs_C0,TCL,85027,atomic_numbers,0.45,0.55,mid_30_70,3.965849634954069,0.29142230666939734,0.975139669204909,13.608600111223156,15.846028779382644
TCL_vs_C0,TCL,85027,pos,0.45,0.55,mid_30_70,0.20699658170437002,0.45759902067990493,0.8940867784824417,0.452353637900738,0.44684907222221676
TCL_vs_C0,TCL,85027,cell,0.45,0.55,mid_30_70,0.07775996906474499,0.09753130222518366,0.9954657622371943,0.7972821780356226,0.7764850105056654
TCL_vs_C0,TCL,85028,atomic_numbers,0.45,0.55,mid_30_70,2.6782800666542768,0.22127389073756934,0.9771775418902788,12.10391365075564,11.077807726548478
TCL_vs_C0,TCL,85028,pos,0.45,0.55,mid_30_70,0.19100806540758034,0.6321345870888887,0.8589242990526715,0.30216360456910324,0.3715177907655908
TCL_vs_C0,TCL,85028,cell,0.45,0.55,mid_30_70,0.08106698572409976,0.1132957482467739,0.9946291036249381,0.715534227705744,0.7446599872721502
TCL_vs_C0,TCL,85029,atomic_numbers,0.45,0.55,mid_30_70,2.719247068854708,0.2283090835089361,0.9761883022981749,11.9103761754108,10.778818100140972
TCL_vs_C0,TCL,85029,pos,0.45,0.55,mid_30_70,0.15005985025286334,0.48458901653660463,0.9049771666980212,0.3096641589719733,0.352071859117829
TCL_vs_C0,TCL,85029,cell,0.45,0.55,mid_30_70,0.09193360023368209,0.05955684584620359,0.9985160772269335,1.5436277547519308,1.504117631726886
TCL_vs_C0,TCL,85030,atomic_numbers,0.45,0.55,mid_30_70,2.7056196978090785,0.2895366228211777,0.9631561242193921,9.34465447391818,10.002514954677146
TCL_vs_C0,TCL,85030,pos,0.45,0.55,mid_30_70,0.09277798779927697,0.29552568471917684,0.9812580844448472,0.3139422141511633,0.37840021068463287
TCL_vs_C0,TCL,85030,cell,0.45,0.55,mid_30_70,0.09502845130216907,0.14193477334113921,0.9928940067754208,0.6695219858051901,0.7165560735891853
TCL_vs_C0,TCL,85031,atomic_numbers,0.45,0.55,mid_30_70,3.1559435503732978,0.22220357168303664,0.9862250049534147,14.202937992711968,11.899977278301963
TCL_vs_C0,TCL,85031,pos,0.45,0.55,mid_30_70,0.3801546465002537,0.6157589554810325,0.8143887100024879,0.6173757492544724,0.375676289988153
TCL_vs_C0,TCL,85031,cell,0.45,0.55,mid_30_70,0.09291470492417146,0.0783347095011031,0.9974516313172437,1.1861243312948397,1.2214647229733024
TCL_vs_C0,C0,85000,atomic_numbers,0.55,0.44999999999999996,mid_30_70,2.6261222668539514,0.2055747465462623,0.9836186738290629,12.774537295917177,11.302810958468555
TCL_vs_C0,C0,85000,pos,0.55,0.44999999999999996,mid_30_70,0.4201988414787259,0.5907889797398685,0.8121521261281007,0.7112503040658349,0.5115978350585795
TCL_vs_C0,C0,85000,cell,0.55,0.44999999999999996,mid_30_70,0.09329622195647932,0.10170598635034006,0.9956797407635266,0.9173129852465894,0.8752814241721872
TCL_vs_C0,C0,85001,atomic_numbers,0.55,0.44999999999999996,mid_30_70,1.8438272161440639,0.2080339363163025,0.9838582523285168,8.86310786015528,9.660332733369485
TCL_vs_C0,C0,85001,pos,0.55,0.44999999999999996,mid_30_70,0.3157888520819719,0.6045905466856561,0.8159571235173128,0.5223185407266374,0.3337586947867203
TCL_vs_C0,C0,85001,cell,0.55,0.44999999999999996,mid_30_70,0.18544794681253118,0.17580279318196848,0.9968710977598462,1.054863483429295,0.8859170786913212
TCL_vs_C0,C0,85002,atomic_numbers,0.55,0.44999999999999996,mid_30_70,2.658182982690207,0.1772358007048182,0.9844070933191099,14.998002503553684,14.439041461530218
TCL_vs_C0,C0,85002,pos,0.55,0.44999999999999996,mid_30_70,0.584094198993112,0.7306931766272342,0.7056122102635505,0.799369992325917,0.7065958036875092
TCL_vs_C0,C0,85002,cell,0.55,0.44999999999999996,mid_30_70,0.17637581678194988,0.13841377014153025,0.9910997493206737,1.2742649564534139,1.2146176932596087
TCL_vs_C0,C0,85003,atomic_numbers,0.55,0.44999999999999996,mid_30_70,1.7362450302577024,0.13260126954411883,0.9915811711395208,13.093728561022735,12.609390665574784
TCL_vs_C0,C0,85003,pos,0.55,0.44999999999999996,mid_30_70,0.32388909528391624,0.4110083783470959,0.9162786099606935,0.7880352624111046,0.7946890859754514
TCL_vs_C0,C0,85003,cell,0.55,0.44999999999999996,mid_30_70,0.08571002876287644,0.08481066874340862,0.9971043724252884,1.0106043264696898,0.9697301159219348
TCL_vs_C0,C0,85004,atomic_numbers,0.55,0.44999999999999996,mid_30_70,1.7317133532781641,0.10581851177007412,0.9944698320383133,16.36493770618214,16.486427087438223
TCL_vs_C0,C0,85004,pos,0.55,0.44999999999999996,mid_30_70,0.11018083278072575,0.15798182177333472,0.9903959314468913,0.6974272833668692,0.7440372164611119
TCL_vs_C0,C0,85004,cell,0.55,0.44999999999999996,mid_30_70,0.031179595025586277,0.03438170616250524,0.9994145565360872,0.9068658454067353,0.9032519116244478
TCL_vs_C0,C0,85005,atomic_numbers,0.55,0.44999999999999996,mid_30_70,2.489452080990285,0.19443414360058084,0.9816001910480949,12.803574695729775,12.09867943903401
TCL_vs_C0,C0,85005,pos,0.55,0.44999999999999996,mid_30_70,0.5293299887853091,0.6329745546593241,0.7821756717604751,0.8362579267822261,0.7474307681213631
TCL_vs_C0,C0,85005,cell,0.55,0.44999999999999996,mid_30_70,0.27010187407339525,0.3164950454785739,0.9516664765131716,0.8534158051825825,0.7469593400321262
TCL_vs_C0,C0,85006,atomic_numbers,0.55,0.44999999999999996,mid_30_70,1.8616059859681335,0.15244677463403894,0.989725414789994,12.211514415028267,11.440287272728124
TCL_vs_C0,C0,85006,pos,0.55,0.44999999999999996,mid_30_70,0.37199179414351635,0.5070519646480538,0.8959039930899705,0.7336364319221539,0.8365900138124297
TCL_vs_C0,C0,85006,cell,0.55,0.44999999999999996,mid_30_70,0.06062629278188087,0.07090785492327861,0.9981005812216447,0.8550010834128002,0.8233582091281958
TCL_vs_C0,C0,85007,atomic_numbers,0.55,0.44999999999999996,mid_30_70,0.9616236437934498,0.1086435318519358,0.9952180280829328,8.851181726161045,8.387857426321375
TCL_vs_C0,C0,85007,pos,0.55,0.44999999999999996,mid_30_70,0.0645005083948897,0.08359233809794836,0.9978508627593164,0.7716078992707677,0.8099991301478765
TCL_vs_C0,C0,85007,cell,0.55,0.44999999999999996,mid_30_70,0.11088849473918201,0.12551747888963305,0.992789401439647,0.883450621540015,0.8441971388649117
TCL_vs_C0,C0,85008,atomic_numbers,0.55,0.44999999999999996,mid_30_70,2.263295930102975,0.19091109348120555,0.9821322752091355,11.855235276444471,11.262774601265061
TCL_vs_C0,C0,85008,pos,0.55,0.44999999999999996,mid_30_70,0.3407178357421487,0.4773591020524472,0.8791039569608304,0.7137558166948166,0.6462886915419083
TCL_vs_C0,C0,85008,cell,0.55,0.44999999999999996,mid_30_70,0.21474078554597995,0.20915830280253797,0.9780336258281902,1.0266902277779155,1.0218302981228118
TCL_vs_C0,C0,85009,atomic_numbers,0.55,0.44999999999999996,mid_30_70,1.8914685053015816,0.1830369717698394,0.9833840064921902,10.333805717022113,9.920492048805897
TCL_vs_C0,C0,85009,pos,0.55,0.44999999999999996,mid_30_70,0.10168158797412878,0.134518026721756,0.9916023687891491,0.7558956256803573,0.7775298922671583
TCL_vs_C0,C0,85009,cell,0.55,0.44999999999999996,mid_30_70,0.09661254220480477,0.11148765082189609,0.9941128428550355,0.8665761767565213,0.838714041876283
TCL_vs_C0,C0,85010,atomic_numbers,0.55,0.44999999999999996,mid_30_70,1.5092249690289872,0.14613095308890156,0.9922458464481447,10.327893831711487,11.04151866164699
TCL_vs_C0,C0,85010,pos,0.55,0.44999999999999996,mid_30_70,0.07906518929782873,0.16115873617919257,0.9976291410168718,0.49060442624665457,0.5609350494864782
TCL_vs_C0,C0,85010,cell,0.55,0.44999999999999996,mid_30_70,0.05811071497733605,0.10090412727893587,0.995262297675104,0.5759002782581609,0.5887177720403687
TCL_vs_C0,C0,85011,atomic_numbers,0.55,0.44999999999999996,mid_30_70,1.5076113948233172,0.09718199011782716,0.9952666281107471,15.513279703321905,15.43961217464912
TCL_vs_C0,C0,85011,pos,0.55,0.44999999999999996,mid_30_70,0.058875365702664655,0.05599764981450364,0.9989443205357935,1.05138994042953,1.0839489945393195
TCL_vs_C0,C0,85011,cell,0.55,0.44999999999999996,mid_30_70,0.027064049518141422,0.030323143037297846,0.9996517599659928,0.8925212496888038,0.8788782435382333
TCL_vs_C0,C0,85012,atomic_numbers,0.55,0.44999999999999996,mid_30_70,1.8415399617223065,0.12795478007497715,0.9919513487680991,14.392115407046358,14.010938235583101
TCL_vs_C0,C0,85012,pos,0.55,0.44999999999999996,mid_30_70,0.25051880860529124,0.27194887617708546,0.9625393891519104,0.9211981756532814,0.905974652431726
TCL_vs_C0,C0,85012,cell,0.55,0.44999999999999996,mid_30_70,0.05646318640216606,0.05681229049178172,0.9984075609402036,0.9938551308776019,0.9989612103020814
TCL_vs_C0,C0,85013,atomic_numbers,0.55,0.44999999999999996,mid_30_70,2.28665654094471,0.1834021293316769,0.985361291915231,12.467993415765443,11.442323036849993
TCL_vs_C0,C0,85013,pos,0.55,0.44999999999999996,mid_30_70,0.5202286250451095,0.6192663942601611,0.7866423598206513,0.8400724306485706,0.7010993416161974
TCL_vs_C0,C0,85013,cell,0.55,0.44999999999999996,mid_30_70,0.09691881624659786,0.1522701970783609,0.9946942552103317,0.6364923544212776,0.7045695265624323
TCL_vs_C0,C0,85014,atomic_numbers,0.55,0.44999999999999996,mid_30_70,1.9135642060273852,0.15704029885161974,0.9911729453351356,12.185179345815081,11.051930284886096
TCL_vs_C0,C0,85014,pos,0.55,0.44999999999999996,mid_30_70,0.18049359148942165,0.21472958546156845,0.9770984745339473,0.8405622872202012,0.8455317579649432
TCL_vs_C0,C0,85014,cell,0.55,0.44999999999999996,mid_30_70,0.03958733785658496,0.09068895113395817,0.9984198774486122,0.4365177605605985,0.4047562297604901
TCL_vs_C0,C0,85015,atomic_numbers,0.55,0.44999999999999996,mid_30_70,1.849977686313806,0.13027174339513017,0.9925558166703329,14.200912938599414,14.751793476295068
TCL_vs_C0,C0,85015,pos,0.55,0.44999999999999996,mid_30_70,0.06591124297004138,0.062077561583154105,0.9980995120052946,1.0617563140226114,1.0677023048926584
TCL_vs_C0,C0,85015,cell,0.55,0.44999999999999996,mid_30_70,0.046853493434259534,0.10120753726312534,0.9958357223934393,0.46294470452775716,0.48136407924541635
TCL_vs_C0,C0,85016,atomic_numbers,0.55,0.44999999999999996,mid_30_70,5.045195883489703,0.38168285501320676,0.9798679184204064,13.218293190861639,17.252150099288645
TCL_vs_C0,C0,85016,pos,0.55,0.44999999999999996,mid_30_70,0.11024047212439017,0.14061094078276687,0.9901804097276862,0.7840106289787453,0.7881679195319916
TCL_vs_C0,C0,85016,cell,0.55,0.44999999999999996,mid_30_70,0.10664792988139793,0.14783574093409635,0.9899113591402644,0.7213947669727612,0.6836820057300955
TCL_vs_C0,C0,85017,atomic_numbers,0.55,0.44999999999999996,mid_30_70,1.7726717470953008,0.14469598129376546,0.9906788703735544,12.251008847967771,11.538952415804609
TCL_vs_C0,C0,85017,pos,0.55,0.44999999999999996,mid_30_70,0.28867581488320176,0.31813047189038035,0.9488431528544634,0.907413279739742,0.896257598968113
TCL_vs_C0,C0,85017,cell,0.55,0.44999999999999996,mid_30_70,0.07865799166947714,0.0588087280286619,0.9990384865340836,1.3375224104684122,1.3886625354853699
TCL_vs_C0,C0,85018,atomic_numbers,0.55,0.44999999999999996,mid_30_70,2.2462814016271024,0.1685276491912101,0.9869464170764126,13.328859759258195,12.493135957645968
TCL_vs_C0,C0,85018,pos,0.55,0.44999999999999996,mid_30_70,0.1813464817061702,0.31052232637947663,0.9568216556596387,0.5840046473326819,0.6225807332209145
TCL_vs_C0,C0,85018,cell,0.55,0.44999999999999996,mid_30_70,0.05707708585220445,0.045328413474103726,0.9990116491728497,1.2591900196289194,1.2691331907246142
TCL_vs_C0,C0,85019,atomic_numbers,0.55,0.44999999999999996,mid_30_70,1.9587085639708288,0.1641464208658906,0.9869326026143487,11.932691274280755,11.403207904694264
TCL_vs_C0,C0,85019,pos,0.55,0.44999999999999996,mid_30_70,0.5605111034390056,0.6671784260853009,0.8006980289642499,0.8401217448349304,0.9194056920493519
TCL_vs_C0,C0,85019,cell,0.55,0.44999999999999996,mid_30_70,0.13412108534857048,0.09452403841972845,0.9956157506066402,1.4189098095133605,1.4320151470837437
TCL_vs_C0,C0,85020,atomic_numbers,0.55,0.44999999999999996,mid_30_70,1.1773808859300445,0.14201050162645643,0.9898741021837714,8.290801542459304,8.241750705348005
TCL_vs_C0,C0,85020,pos,0.55,0.44999999999999996,mid_30_70,0.10645484076422661,0.21732161056864113,0.9775181881683566,0.4898493089834837,0.5046200479124409
TCL_vs_C0,C0,85020,cell,0.55,0.44999999999999996,mid_30_70,0.13379544742982194,0.14747318656044184,0.9898034679751421,0.907252705053511,0.8633447495659429
TCL_vs_C0,C0,85021,atomic_numbers,0.55,0.44999999999999996,mid_30_70,1.895114109324462,0.13022063695284278,0.992411189247588,14.55310121091442,15.066474852800955
TCL_vs_C0,C0,85021,pos,0.55,0.44999999999999996,mid_30_70,0.083374355174364,0.09109358961295598,0.9970808250109899,0.9152603989875696,0.9580597553318209
TCL_vs_C0,C0,85021,cell,0.55,0.44999999999999996,mid_30_70,0.02266298522866899,0.027528984058188974,0.999765912064624,0.8232408860699489,0.837060786928985
TCL_vs_C0,C0,85022,atomic_numbers,0.55,0.44999999999999996,mid_30_70,2.745114899445906,0.1992042783296371,0.9835777176532223,13.780401317000706,12.392327652334364
TCL_vs_C0,C0,85022,pos,0.55,0.44999999999999996,mid_30_70,0.2817585961255604,0.25210596585293765,0.9682470193521973,1.117619708729623,1.1185140097003796
TCL_vs_C0,C0,85022,cell,0.55,0.44999999999999996,mid_30_70,0.20833855236901738,0.17324437342338242,0.9851336926501191,1.2025703822419112,1.211636762161784
TCL_vs_C0,C0,85023,atomic_numbers,0.55,0.44999999999999996,mid_30_70,1.6628054849166138,0.1812849185696833,0.9837136983644561,9.172332139021567,9.239396774350073
TCL_vs_C0,C0,85023,pos,0.55,0.44999999999999996,mid_30_70,0.38174845956976905,0.5710689172513523,0.8446337456054773,0.6684805424311772,0.6975226083014238
TCL_vs_C0,C0,85023,cell,0.55,0.44999999999999996,mid_30_70,0.1319549951057699,0.1316816514003509,0.9913910550070497,1.0020757919004823,1.0074880999843359
TCL_vs_C0,C0,85024,atomic_numbers,0.55,0.44999999999999996,mid_30_70,6.961131219397948,0.3737824717150876,0.9784362757160529,18.623482228733316,12.420118940592303
TCL_vs_C0,C0,85024,pos,0.55,0.44999999999999996,mid_30_70,0.3153699629330229,0.4180289417341591,0.9175798122246023,0.7544213604558963,0.5947464345406523
TCL_vs_C0,C0,85024,cell,0.55,0.44999999999999996,mid_30_70,0.18108606319961454,0.2478032356884022,0.9769815289055938,0.7307655313561743,0.806088574147792
TCL_vs_C0,C0,85025,atomic_numbers,0.55,0.44999999999999996,mid_30_70,1.7708978386025893,0.11948938950048245,0.9933198095927558,14.820544702803424,14.261874732724275
TCL_vs_C0,C0,85025,pos,0.55,0.44999999999999996,mid_30_70,0.1507983730682156,0.16405628257553787,0.9886884592039504,0.9191868223564205,0.9698951650582527
TCL_vs_C0,C0,85025,cell,0.55,0.44999999999999996,mid_30_70,0.022620407387613464,0.030769029072825232,0.9995268709542593,0.7351680592219754,0.7342056233399644
TCL_vs_C0,C0,85026,atomic_numbers,0.55,0.44999999999999996,mid_30_70,1.3139124185537814,0.11006639940443212,0.9947105374522958,11.937452534682198,12.346355040068241
TCL_vs_C0,C0,85026,pos,0.55,0.44999999999999996,mid_30_70,0.03951712434546302,0.0515759782615768,0.9988468739677571,0.7661924344904298,0.779748325610669
TCL_vs_C0,C0,85026,cell,0.55,0.44999999999999996,mid_30_70,0.0231305000878075,0.030765865768101985,0.9995329753443943,0.7518234741760194,0.7541524014858854
TCL_vs_C0,C0,85027,atomic_numbers,0.55,0.44999999999999996,mid_30_70,2.0717354476006524,0.16204664871166838,0.9886162509506485,12.78480896749008,13.408614632791044
TCL_vs_C0,C0,85027,pos,0.55,0.44999999999999996,mid_30_70,0.3292253787687318,0.4624169102039594,0.8866986232379916,0.7119665641628884,0.6369887056243281
TCL_vs_C0,C0,85027,cell,0.55,0.44999999999999996,mid_30_70,0.03737726216264067,0.03939640397194772,0.9993821108945244,0.948748068205799,0.9312783901556522
TCL_vs_C0,C0,85028,atomic_numbers,0.55,0.44999999999999996,mid_30_70,2.13044824949053,0.18920726402455745,0.9829482764539552,11.259864997646266,11.569744617246204
TCL_vs_C0,C0,85028,pos,0.55,0.44999999999999996,mid_30_70,0.35711810894052665,0.47221194922497833,0.8965545656430304,0.7562665653138375,0.8018270495720217
TCL_vs_C0,C0,85028,cell,0.55,0.44999999999999996,mid_30_70,0.1349578438437219,0.10514492944219868,0.9954288688230233,1.283541151814765,1.3341218484492543
TCL_vs_C0,C0,85029,atomic_numbers,0.55,0.44999999999999996,mid_30_70,2.6044258541095937,0.2018098213870419,0.9898077271888908,12.905347401872397,14.619166288124632
TCL_vs_C0,C0,85029,pos,0.55,0.44999999999999996,mid_30_70,0.0948655623179536,0.1105704728935363,0.9940431586247764,0.8579646974043033,0.8688505667080708
TCL_vs_C0,C0,85029,cell,0.55,0.44999999999999996,mid_30_70,0.050365717621598693,0.09710771358439085,0.9959752375550354,0.5186582585721028,0.5359534922015301
TCL_vs_C0,C0,85030,atomic_numbers,0.55,0.44999999999999996,mid_30_70,2.067431436116298,0.16417897421021432,0.9871838441310493,12.592546920589019,12.916695494846671
TCL_vs_C0,C0,85030,pos,0.55,0.44999999999999996,mid_30_70,0.08842795185531177,0.12420591745540843,0.9955213899675519,0.7119463683125933,0.7661123887779291
TCL_vs_C0,C0,85030,cell,0.55,0.44999999999999996,mid_30_70,0.0746275883905434,0.07906294406014555,0.9970970634195702,0.9439009548363386,0.9210599236551728
TCL_vs_C0,C0,85031,atomic_numbers,0.55,0.44999999999999996,mid_30_70,1.1257934742389424,0.08932687807162602,0.9960388932692009,12.60307645965455,12.445644803819915
TCL_vs_C0,C0,85031,pos,0.55,0.44999999999999996,mid_30_70,0.02948518416138544,0.043843891770376744,0.999575884697688,0.6725038077323966,0.6942602649755856
TCL_vs_C0,C0,85031,cell,0.55,0.44999999999999996,mid_30_70,0.02132975686349981,0.03329342633635832,0.9995470272658892,0.6406597100583336,0.6312479912537313
TCL_vs_C0,TCL,85000,atomic_numbers,0.55,0.44999999999999996,mid_30_70,1.8317212264520109,0.15012583030325136,0.9917489699390548,12.201239605149686,13.053809634537982
TCL_vs_C0,TCL,85000,pos,0.55,0.44999999999999996,mid_30_70,0.253101883148073,0.30675067397011113,0.9541032912008099,0.8251062006557628,0.8420242535729406
TCL_vs_C0,TCL,85000,cell,0.55,0.44999999999999996,mid_30_70,0.02674824576565108,0.026577486700168115,0.9998269199213549,1.0064249515919006,0.9871490207355992
TCL_vs_C0,TCL,85001,atomic_numbers,0.55,0.44999999999999996,mid_30_70,2.2860339363638196,0.2055853100807089,0.9792507356101301,11.119636590116121,10.504146707078947
TCL_vs_C0,TCL,85001,pos,0.55,0.44999999999999996,mid_30_70,0.25074935585578956,0.1950771437918581,0.9812422482364481,1.2853856222302094,1.2996524644242764
TCL_vs_C0,TCL,85001,cell,0.55,0.44999999999999996,mid_30_70,0.09661094268390205,0.137724475646063,0.9944164138744752,0.7014798366862671,0.7596431785496965
TCL_vs_C0,TCL,85002,atomic_numbers,0.55,0.44999999999999996,mid_30_70,2.1814938503694563,0.18294393424449729,0.9864922793735098,11.924384699489288,12.73465689352503
TCL_vs_C0,TCL,85002,pos,0.55,0.44999999999999996,mid_30_70,0.37311894675125257,0.43908443577395034,0.9029771263844422,0.849765822588487,0.8440940789342561
TCL_vs_C0,TCL,85002,cell,0.55,0.44999999999999996,mid_30_70,0.0489364226212835,0.04607625891263783,0.999346667839668,1.0620745645619503,1.091734169054764
TCL_vs_C0,TCL,85003,atomic_numbers,0.55,0.44999999999999996,mid_30_70,3.158801997762143,0.24730892810353042,0.9720117829662666,12.772696974529687,11.428434346647027
TCL_vs_C0,TCL,85003,pos,0.55,0.44999999999999996,mid_30_70,0.4011926121224961,0.7423810812040078,0.8336456862168583,0.5404133029250076,0.7186011414970281
TCL_vs_C0,TCL,85003,cell,0.55,0.44999999999999996,mid_30_70,0.2954340686721019,0.41862517937118987,0.9082469295890785,0.7057245555937859,0.6498857136557472
TCL_vs_C0,TCL,85004,atomic_numbers,0.55,0.44999999999999996,mid_30_70,1.4778747086585695,0.11737670028721361,0.9942432559566202,12.590869440377014,13.121822331457148
TCL_vs_C0,TCL,85004,pos,0.55,0.44999999999999996,mid_30_70,0.21419328096610676,0.20525928210673478,0.9790969404385849,1.0435254316768308,1.0505220186119846
TCL_vs_C0,TCL,85004,cell,0.55,0.44999999999999996,mid_30_70,0.0843876643215484,0.178015694949382,0.9849220355474464,0.4740462033167564,0.48679157583804633
TCL_vs_C0,TCL,85005,atomic_numbers,0.55,0.44999999999999996,mid_30_70,2.5347580686246594,0.23590345928872147,0.9725882372527088,10.744895713980933,10.877233394514567
TCL_vs_C0,TCL,85005,pos,0.55,0.44999999999999996,mid_30_70,0.5607602948798928,0.7936441523329069,0.6705060937071552,0.7065638841180206,0.6729130044312518
TCL_vs_C0,TCL,85005,cell,0.55,0.44999999999999996,mid_30_70,0.3537357644020223,0.1759402092027191,0.9896585166754577,2.0105453210780624,1.784924839172699
TCL_vs_C0,TCL,85006,atomic_numbers,0.55,0.44999999999999996,mid_30_70,1.5066919714969218,0.11240946556663754,0.9942091227632824,13.403604081755367,13.768033744908374
TCL_vs_C0,TCL,85006,pos,0.55,0.44999999999999996,mid_30_70,0.03438529586499354,0.037861125836378524,0.9992840134671896,0.9081952822426305,0.9088308274179284
TCL_vs_C0,TCL,85006,cell,0.55,0.44999999999999996,mid_30_70,0.04707562045008237,0.03923158861617275,0.9992645090030954,1.1999417334498663,1.209003258429097
TCL_vs_C0,TCL,85007,atomic_numbers,0.55,0.44999999999999996,mid_30_70,1.2588998028782965,0.13801200787370146,0.9923914483407451,9.121668630677048,8.48348758530924
TCL_vs_C0,TCL,85007,pos,0.55,0.44999999999999996,mid_30_70,0.03695760240418548,0.042232414432756146,0.9992291449928435,0.8751003915021388,0.8880521444262452
TCL_vs_C0,TCL,85007,cell,0.55,0.44999999999999996,mid_30_70,0.11811612907543002,0.28036328182858117,0.964307883872022,0.421296712982723,0.4450859876406304
TCL_vs_C0,TCL,85008,atomic_numbers,0.55,0.44999999999999996,mid_30_70,1.583661574635537,0.1262308594826899,0.9929066365866722,12.545756094235465,12.988713253876812
TCL_vs_C0,TCL,85008,pos,0.55,0.44999999999999996,mid_30_70,0.09047702022745811,0.10609940471691802,0.9945649634791107,0.8527570957524058,0.830717930131657
TCL_vs_C0,TCL,85008,cell,0.55,0.44999999999999996,mid_30_70,0.029482344096704464,0.03755611132588011,0.9997790212789484,0.7850212137481879,0.7604166384211976
TCL_vs_C0,TCL,85009,atomic_numbers,0.55,0.44999999999999996,mid_30_70,2.175844166369824,0.1835897530759115,0.9851800936267406,11.851664539633353,12.451834187138106
TCL_vs_C0,TCL,85009,pos,0.55,0.44999999999999996,mid_30_70,0.3136207049144187,0.349809015846694,0.9418036199016043,0.8965483755623523,0.9311128358657453
TCL_vs_C0,TCL,85009,cell,0.55,0.44999999999999996,mid_30_70,0.10353169866867956,0.1241773895037474,0.9929710002600379,0.8337403377734495,0.8592027863296894
TCL_vs_C0,TCL,85010,atomic_numbers,0.55,0.44999999999999996,mid_30_70,1.8324987676856004,0.1817606094772224,0.9839065187825111,10.081935645771711,10.255420782004773
TCL_vs_C0,TCL,85010,pos,0.55,0.44999999999999996,mid_30_70,0.1283742250081683,0.27026587386156486,0.9671179223141809,0.4749923590942301,0.4159417645933732
TCL_vs_C0,TCL,85010,cell,0.55,0.44999999999999996,mid_30_70,0.11710101269541993,0.10602927484931032,0.9960582830867046,1.1044215181311468,1.035913663880263
TCL_vs_C0,TCL,85011,atomic_numbers,0.55,0.44999999999999996,mid_30_70,2.740531056332561,0.2853198975878867,0.9812547615741853,9.605117201783655,7.404145969106901
TCL_vs_C0,TCL,85011,pos,0.55,0.44999999999999996,mid_30_70,0.4461404426465425,0.6657527377105473,0.7675894849440211,0.6701293398819086,0.6350453447869444
TCL_vs_C0,TCL,85011,cell,0.55,0.44999999999999996,mid_30_70,0.1835811470717376,0.17726556003540828,0.9865708440795755,1.0356278288634735,0.950381254333404
TCL_vs_C0,TCL,85012,atomic_numbers,0.55,0.44999999999999996,mid_30_70,2.427643353867168,0.16151971182144928,0.9934946335384872,15.030012909822352,16.65382684703913
TCL_vs_C0,TCL,85012,pos,0.55,0.44999999999999996,mid_30_70,0.14428108960750344,0.16147116015473256,0.9876011756313462,0.8935409237739023,0.9162400135881278
TCL_vs_C0,TCL,85012,cell,0.55,0.44999999999999996,mid_30_70,0.057891812920053895,0.07914483508818555,0.9985473285811302,0.7314667199135496,0.7728082202800668
TCL_vs_C0,TCL,85013,atomic_numbers,0.55,0.44999999999999996,mid_30_70,2.6410615834025313,0.19344014839530918,0.9852961581062372,13.65312012687939,12.213944503127236
TCL_vs_C0,TCL,85013,pos,0.55,0.44999999999999996,mid_30_70,0.43992064296883937,0.4808150821376263,0.8773691759063271,0.9149476780408449,0.8310927614461127
TCL_vs_C0,TCL,85013,cell,0.55,0.44999999999999996,mid_30_70,0.10893885707257611,0.17023308799611866,0.9859038947204153,0.6399393816733203,0.6510111324421642
TCL_vs_C0,TCL,85014,atomic_numbers,0.55,0.44999999999999996,mid_30_70,2.700580689437838,0.21040579029251516,0.9778481149347624,12.835106323278344,12.276241487915412
TCL_vs_C0,TCL,85014,pos,0.55,0.44999999999999996,mid_30_70,0.20043709337926854,0.21345719226871593,0.9802464748002785,0.9390037002217441,0.9958514175218733
TCL_vs_C0,TCL,85014,cell,0.55,0.44999999999999996,mid_30_70,0.14082460212535555,0.16967303240942325,0.9903301239622174,0.8299763381698981,0.9030282236554092
TCL_vs_C0,TCL,85015,atomic_numbers,0.55,0.44999999999999996,mid_30_70,1.675987214570121,0.14263491820478877,0.9924007797055278,11.75018877329753,12.508542727315909
TCL_vs_C0,TCL,85015,pos,0.55,0.44999999999999996,mid_30_70,0.1391725632623081,0.16075456312907618,0.9877701560623828,0.8657456469870839,0.8890426786558357
TCL_vs_C0,TCL,85015,cell,0.55,0.44999999999999996,mid_30_70,0.14703982123615683,0.16038657331874562,0.9938455739552794,0.9167838566133338,1.0174761668514205
TCL_vs_C0,TCL,85016,atomic_numbers,0.55,0.44999999999999996,mid_30_70,1.1650903900331786,0.08228560485862725,0.9969262193211734,14.159103430483261,14.471763130108027
TCL_vs_C0,TCL,85016,pos,0.55,0.44999999999999996,mid_30_70,0.12563245978578078,0.1915876960604052,0.9814887647282927,0.6557438831884613,0.646951512393459
TCL_vs_C0,TCL,85016,cell,0.55,0.44999999999999996,mid_30_70,0.04630905706059939,0.04671106841480344,0.9990833531059202,0.9913936596218671,1.0090181401931577
TCL_vs_C0,TCL,85017,atomic_numbers,0.55,0.44999999999999996,mid_30_70,2.0763538467177645,0.1676853639726193,0.991466486497501,12.382439334757953,13.582764422157284
TCL_vs_C0,TCL,85017,pos,0.55,0.44999999999999996,mid_30_70,0.2464612146587548,0.2974173226595547,0.9551512478756049,0.8286713512678349,0.8145156531805757
TCL_vs_C0,TCL,85017,cell,0.55,0.44999999999999996,mid_30_70,0.10767931241030845,0.059004066228782084,0.998324955294804,1.8249473179152302,1.8430312017077013
TCL_vs_C0,TCL,85018,atomic_numbers,0.55,0.44999999999999996,mid_30_70,2.197854162670191,0.1943689168300541,0.9852177632416336,11.307642181243816,12.178905685169049
TCL_vs_C0,TCL,85018,pos,0.55,0.44999999999999996,mid_30_70,0.15358639569775853,0.2234962626566882,0.9755849476233118,0.6871989440542996,0.6988926310358646
TCL_vs_C0,TCL,85018,cell,0.55,0.44999999999999996,mid_30_70,0.12979882433153211,0.15788798020321582,0.9882394170685068,0.822094399867992,0.7801045028233278
TCL_vs_C0,TCL,85019,atomic_numbers,0.55,0.44999999999999996,mid_30_70,1.7341870707610336,0.14712648468335635,0.9902739668364071,11.787048908925737,12.236308266405288
TCL_vs_C0,TCL,85019,pos,0.55,0.44999999999999996,mid_30_70,0.31289424038372576,0.30898975266531453,0.9515356038429248,1.0126363016402051,0.9332704505757261
TCL_vs_C0,TCL,85019,cell,0.55,0.44999999999999996,mid_30_70,0.025313374462744297,0.03161363888792371,0.9995135204989078,0.8007105588978533,0.8044584509984545
TCL_vs_C0,TCL,85020,atomic_numbers,0.55,0.44999999999999996,mid_30_70,3.0866523002549444,0.2930501756711038,0.9748257084169782,10.532845759898663,8.26468695207857
TCL_vs_C0,TCL,85020,pos,0.55,0.44999999999999996,mid_30_70,0.1675802715045807,0.16585020432686323,0.9868082377985873,1.0104315046504724,0.9607155349344296
TCL_vs_C0,TCL,85020,cell,0.55,0.44999999999999996,mid_30_70,0.10741569999816052,0.12833855479614664,0.9917586144475198,0.8369714009073885,0.8363332241427007
TCL_vs_C0,TCL,85021,atomic_numbers,0.55,0.44999999999999996,mid_30_70,1.9044072487707429,0.16135267611423423,0.9886479629800518,11.802762090059561,12.362983900018357
TCL_vs_C0,TCL,85021,pos,0.55,0.44999999999999996,mid_30_70,0.12083037954772494,0.14486951041110793,0.9895734121496986,0.8340635597154624,0.838361208782815
TCL_vs_C0,TCL,85021,cell,0.55,0.44999999999999996,mid_30_70,0.08590156716931768,0.09960531733927878,0.9959183254966515,0.8624194918903481,0.8225698049002088
TCL_vs_C0,TCL,85022,atomic_numbers,0.55,0.44999999999999996,mid_30_70,1.2616085843749945,0.09938645853969383,0.9951117404301947,12.693968604094314,12.489969283690277
TCL_vs_C0,TCL,85022,pos,0.55,0.44999999999999996,mid_30_70,0.08309503375741074,0.07966237244395145,0.9969866350089079,1.0430901215737007,1.0588508567882156
TCL_vs_C0,TCL,85022,cell,0.55,0.44999999999999996,mid_30_70,0.03523409862359024,0.024517805331500303,0.9997843615159957,1.4370820775839068,1.4180408651888807
TCL_vs_C0,TCL,85023,atomic_numbers,0.55,0.44999999999999996,mid_30_70,2.2928573759044553,0.19504532523356985,0.9809657156067108,11.755510536634098,11.74736761408068
TCL_vs_C0,TCL,85023,pos,0.55,0.44999999999999996,mid_30_70,0.19813198952936598,0.3203887631483991,0.9583141902373785,0.6184111689260285,0.6822805907596676
TCL_vs_C0,TCL,85023,cell,0.55,0.44999999999999996,mid_30_70,0.09471446964453878,0.08313627873169753,0.9974239149823627,1.139267610836986,1.1842105686422348
TCL_vs_C0,TCL,85024,atomic_numbers,0.55,0.44999999999999996,mid_30_70,1.4629882354611758,0.174403211274305,0.9871754103559524,8.388539550227419,8.870058319581242
TCL_vs_C0,TCL,85024,pos,0.55,0.44999999999999996,mid_30_70,0.049201633703869256,0.10031391484174204,0.9978564891975341,0.4904766580139065,0.5267159132516807
TCL_vs_C0,TCL,85024,cell,0.55,0.44999999999999996,mid_30_70,0.045928025769360774,0.04772158068602027,0.998863936832678,0.9624162718234329,0.9637791553916426
TCL_vs_C0,TCL,85025,atomic_numbers,0.55,0.44999999999999996,mid_30_70,2.360106975189307,0.17050932338614783,0.9854187682254365,13.841512759067362,13.485816305451873
TCL_vs_C0,TCL,85025,pos,0.55,0.44999999999999996,mid_30_70,0.04447037493242431,0.05910100310138164,0.9993254875818322,0.7524470414848966,0.7867832379020404
TCL_vs_C0,TCL,85025,cell,0.55,0.44999999999999996,mid_30_70,0.08095360991195709,0.21607019279839132,0.9789860326868327,0.37466347793511945,0.39354658459787034
TCL_vs_C0,TCL,85026,atomic_numbers,0.55,0.44999999999999996,mid_30_70,1.4888500045449506,0.09491407530444547,0.9962392781687442,15.686293100041594,16.235108446912083
TCL_vs_C0,TCL,85026,pos,0.55,0.44999999999999996,mid_30_70,0.11241314200864021,0.1217480020274114,0.9926287982206861,0.9233263802007244,0.9058118764869184
TCL_vs_C0,TCL,85026,cell,0.55,0.44999999999999996,mid_30_70,0.027953382579562206,0.026673128584668533,0.9996726050805211,1.0479978938664716,1.0555512340599862
TCL_vs_C0,TCL,85027,atomic_numbers,0.55,0.44999999999999996,mid_30_70,1.8527849119685729,0.2109885530731942,0.984699040554109,8.781447547658294,9.691609121860683
TCL_vs_C0,TCL,85027,pos,0.55,0.44999999999999996,mid_30_70,0.42666832203168326,0.7096789387250471,0.8614429612693516,0.6012131666161628,0.8159380884296349
TCL_vs_C0,TCL,85027,cell,0.55,0.44999999999999996,mid_30_70,0.09353404777285261,0.1215573704917819,0.993760052595258,0.7694642241309106,0.7274789999018071
TCL_vs_C0,TCL,85028,atomic_numbers,0.55,0.44999999999999996,mid_30_70,2.0969496964704817,0.194895128945763,0.981030787624505,10.75937458167073,10.77194426457544
TCL_vs_C0,TCL,85028,pos,0.55,0.44999999999999996,mid_30_70,0.3459079546553204,0.3849724295167835,0.9244460398178341,0.8985265648490809,0.7830576806447445
TCL_vs_C0,TCL,85028,cell,0.55,0.44999999999999996,mid_30_70,0.05450815046011562,0.0487097574631761,0.9990670298373165,1.1190396606126198,1.0927844194341723
TCL_vs_C0,TCL,85029,atomic_numbers,0.55,0.44999999999999996,mid_30_70,2.097633234124661,0.16181348977654827,0.9878106777789565,12.963277888767662,13.378226624824967
TCL_vs_C0,TCL,85029,pos,0.55,0.44999999999999996,mid_30_70,0.09788992362491027,0.14598948296298422,0.9893763273015151,0.6705272300315657,0.6544466145751474
TCL_vs_C0,TCL,85029,cell,0.55,0.44999999999999996,mid_30_70,0.024840463276537078,0.0604986207063358,0.9982143421692055,0.41059553071654786,0.4059249950702428
TCL_vs_C0,TCL,85030,atomic_numbers,0.55,0.44999999999999996,mid_30_70,2.777764937218466,0.21609215448969005,0.9814374818344832,12.854538582292655,13.895927587098598
TCL_vs_C0,TCL,85030,pos,0.55,0.44999999999999996,mid_30_70,0.04642439862397189,0.05749010815945343,0.9988672758581228,0.8075197648821618,0.8326586554357595
TCL_vs_C0,TCL,85030,cell,0.55,0.44999999999999996,mid_30_70,0.05200861642368725,0.11196298707107898,0.9943625818945983,0.4645161564925909,0.4785984701049919
TCL_vs_C0,TCL,85031,atomic_numbers,0.55,0.44999999999999996,mid_30_70,2.0838439873574597,0.1265242551551681,0.9922614501526044,16.469917051097074,15.942013534581777
TCL_vs_C0,TCL,85031,pos,0.55,0.44999999999999996,mid_30_70,0.04544072231442477,0.045259558980369055,0.998978492750524,1.0040027640157583,1.0055283342364347
TCL_vs_C0,TCL,85031,cell,0.55,0.44999999999999996,mid_30_70,0.04918323681839898,0.058394126620803864,0.9982936199739094,0.8422634203912667,0.840691162208503
TCL_vs_C0,C0,85000,atomic_numbers,0.65,0.35,mid_30_70,1.9866381310747898,0.14145689051788793,0.9921415513677612,14.044124141294978,13.006962916072302
TCL_vs_C0,C0,85000,pos,0.65,0.35,mid_30_70,0.16854174393572233,0.1905372148764798,0.9818164147835793,0.8845607617650098,0.8539980238946642
TCL_vs_C0,C0,85000,cell,0.65,0.35,mid_30_70,0.028031823266086827,0.04138476346401991,0.9994917103087945,0.6773464656976429,0.6591277033807641
TCL_vs_C0,C0,85001,atomic_numbers,0.65,0.35,mid_30_70,1.8428195471135655,0.1439046690500153,0.9899935816766889,12.8058356916347,12.316433113247435
TCL_vs_C0,C0,85001,pos,0.65,0.35,mid_30_70,0.05920332833606442,0.07382085270049013,0.9973985201860932,0.8019865142477737,0.8126647639703548
TCL_vs_C0,C0,85001,cell,0.65,0.35,mid_30_70,0.03963593681876907,0.03072527136749349,0.9995566666967475,1.2900109601864358,1.2796509201959179
TCL_vs_C0,C0,85002,atomic_numbers,0.65,0.35,mid_30_70,3.0635993136232402,0.23186848826121503,0.987161140456718,13.21265919572432,15.263777082292451
TCL_vs_C0,C0,85002,pos,0.65,0.35,mid_30_70,0.31444689409229104,0.3710073299689431,0.9290034081239974,0.8475490069660166,0.8096999642477087
TCL_vs_C0,C0,85002,cell,0.65,0.35,mid_30_70,0.08433374672273967,0.06871025105617046,0.9985201870937315,1.2273823108839617,1.1740208873682219
TCL_vs_C0,C0,85003,atomic_numbers,0.65,0.35,mid_30_70,1.5126258566138435,0.11110582612627054,0.9939981691724808,13.61428027090822,13.268275518803545
TCL_vs_C0,C0,85003,pos,0.65,0.35,mid_30_70,0.1411286506200051,0.1681447181438823,0.9889724695357776,0.8393284795258368,0.8968992880337558
TCL_vs_C0,C0,85003,cell,0.65,0.35,mid_30_70,0.05012395830312599,0.060796807054356396,0.9992387757743804,0.8244505054074935,0.7853785580402507
TCL_vs_C0,C0,85004,atomic_numbers,0.65,0.35,mid_30_70,1.294699704180436,0.08979814816765301,0.9962914580215674,14.417888682550933,13.993911368894862
TCL_vs_C0,C0,85004,pos,0.65,0.35,mid_30_70,0.15816652675168574,0.14955650370704604,0.9887762195334786,1.0575703685979794,1.0385620177269597
TCL_vs_C0,C0,85004,cell,0.65,0.35,mid_30_70,0.047191515537375175,0.050174130889525374,0.9989034831489655,0.9405547181531176,0.9564954341797862
TCL_vs_C0,C0,85005,atomic_numbers,0.65,0.35,mid_30_70,1.4730172090803495,0.1313354404271464,0.991440765100662,11.215687131284662,10.959580393586615
TCL_vs_C0,C0,85005,pos,0.65,0.35,mid_30_70,0.30556718177408143,0.32087622630742096,0.9482234564503234,0.9522898760387675,0.9465114333480901
TCL_vs_C0,C0,85005,cell,0.65,0.35,mid_30_70,0.04308966338390573,0.10065022227026481,0.997199974407709,0.4281129481085681,0.398073715409096
TCL_vs_C0,C0,85006,atomic_numbers,0.65,0.35,mid_30_70,1.8232809017819316,0.1548289215105707,0.9879432935688943,11.776100253061887,11.610725863579507
TCL_vs_C0,C0,85006,pos,0.65,0.35,mid_30_70,0.18503277309017052,0.17606528078620212,0.9863543936328527,1.0509327691633745,0.9710121563756585
TCL_vs_C0,C0,85006,cell,0.65,0.35,mid_30_70,0.05313135582751809,0.05098127554730054,0.9988291818734866,1.0421739208588983,1.0241871894222487
TCL_vs_C0,C0,85007,atomic_numbers,0.65,0.35,mid_30_70,2.377683632093571,0.19240350409266993,0.9831865749973034,12.357797968941226,12.89916761513751
TCL_vs_C0,C0,85007,pos,0.65,0.35,mid_30_70,0.022357214179535016,0.02702744519357147,0.9998518016425287,0.8272041260064315,0.8098465230279128
TCL_vs_C0,C0,85007,cell,0.65,0.35,mid_30_70,0.12607099885412507,0.13062503119811125,0.9979741773786354,0.965136602822476,0.8530739237026568
TCL_vs_C0,C0,85008,atomic_numbers,0.65,0.35,mid_30_70,1.7167928111310709,0.1445513814102291,0.9911706426301937,11.876695984377378,11.088086900087538
TCL_vs_C0,C0,85008,pos,0.65,0.35,mid_30_70,0.24471200260849563,0.24981652546368938,0.97035617322007,0.9795669127744087,1.012477400109606
TCL_vs_C0,C0,85008,cell,0.65,0.35,mid_30_70,0.23167440082638316,0.36268440859103745,0.962579160806389,0.6387768410734715,0.7688418450841333
TCL_vs_C0,C0,85009,atomic_numbers,0.65,0.35,mid_30_70,1.5963433709861226,0.13070259178279497,0.9936615983377295,12.213555593748042,12.950570101124411
TCL_vs_C0,C0,85009,pos,0.65,0.35,mid_30_70,0.053485255861936275,0.05540997549006403,0.9984663425555772,0.9652640231094688,0.9615608890645857
TCL_vs_C0,C0,85009,cell,0.65,0.35,mid_30_70,0.07968360445470611,0.13735915665466292,0.9915765637930627,0.5801113401929227,0.5486938639513282
TCL_vs_C0,C0,85010,atomic_numbers,0.65,0.35,mid_30_70,2.2087615421085465,0.16712978816939036,0.9868457312756778,13.2158459979014,12.481789083211465
TCL_vs_C0,C0,85010,pos,0.65,0.35,mid_30_70,0.024000442666694,0.03715020072683048,0.9995141057313965,0.6460380347113572,0.6587828085648815
TCL_vs_C0,C0,85010,cell,0.65,0.35,mid_30_70,0.0512644409350727,0.04921719085179395,0.9993699623309609,1.0415962400097878,1.005423953845192
TCL_vs_C0,C0,85011,atomic_numbers,0.65,0.35,mid_30_70,2.5298358510119865,0.1609189351075605,0.9946232029086822,15.721181906411502,17.57299010475948
TCL_vs_C0,C0,85011,pos,0.65,0.35,mid_30_70,0.03671356814568148,0.04128072234005637,0.9992384166358698,0.8893635107265748,0.876704135320341
TCL_vs_C0,C0,85011,cell,0.65,0.35,mid_30_70,0.010380940519220675,0.013649093753818575,0.9999551401972568,0.7605589577195501,0.7530504301352297
TCL_vs_C0,C0,85012,atomic_numbers,0.65,0.35,mid_30_70,1.7075281426569682,0.12347688412737266,0.9926410892294969,13.828727172088074,13.393099138595556
TCL_vs_C0,C0,85012,pos,0.65,0.35,mid_30_70,0.17437850953643885,0.18884016221438948,0.9827111324521904,0.923418554038667,0.941779245026265
TCL_vs_C0,C0,85012,cell,0.65,0.35,mid_30_70,0.09019501895414327,0.06977949564937574,0.9989471852131098,1.2925719527603114,1.3591745528043537
TCL_vs_C0,C0,85013,atomic_numbers,0.65,0.35,mid_30_70,1.4058513028150639,0.11504891022103007,0.9933636901915314,12.219596866360277,12.104655918687959
TCL_vs_C0,C0,85013,pos,0.65,0.35,mid_30_70,0.20226086090450562,0.20434836848100174,0.9789036490258632,0.9897845645061257,0.9721277128250122
TCL_vs_C0,C0,85013,cell,0.65,0.35,mid_30_70,0.038396812934737415,0.061759445585461835,0.9986500680474533,0.6217156350862065,0.641647503174876
TCL_vs_C0,C0,85014,atomic_numbers,0.65,0.35,mid_30_70,1.9002969361257485,0.15910981203141483,0.9872755553130823,11.943304513178303,11.727066514671561
TCL_vs_C0,C0,85014,pos,0.65,0.35,mid_30_70,0.1149604521606029,0.12214135124838647,0.9925361027804183,0.941208288475698,0.9405962138362549
TCL_vs_C0,C0,85014,cell,0.65,0.35,mid_30_70,0.07309473980081797,0.16713401429236932,0.9902299284122185,0.43734209406920943,0.4733642940844772
TCL_vs_C0,C0,85015,atomic_numbers,0.65,0.35,mid_30_70,1.8664906437815652,0.1403951757519858,0.9912731681360665,13.294549715004473,13.820713485377663
TCL_vs_C0,C0,85015,pos,0.65,0.35,mid_30_70,0.03144308053284208,0.027433239820998576,0.9996489921894756,1.1461672313590245,1.1376045424664536
TCL_vs_C0,C0,85015,cell,0.65,0.35,mid_30_70,0.024378171655082926,0.03440048781517222,0.9994320799719215,0.7086577314270239,0.7033518895598849
TCL_vs_C0,C0,85016,atomic_numbers,0.65,0.35,mid_30_70,3.3688967408425188,0.22579368134601274,0.9904547102143276,14.92024365234528,17.446144204323453
TCL_vs_C0,C0,85016,pos,0.65,0.35,mid_30_70,0.0615797571665812,0.06417029993365635,0.9981794999772516,0.9596301907618722,0.9789107282566284
TCL_vs_C0,C0,85016,cell,0.65,0.35,mid_30_70,0.3112709778580537,0.33537059653930057,0.942443148782689,0.9281403351100793,0.8987890566831624
TCL_vs_C0,C0,85017,atomic_numbers,0.65,0.35,mid_30_70,1.4753491132827738,0.11858692420101676,0.99355819798829,12.441077489976108,11.926252581341856
TCL_vs_C0,C0,85017,pos,0.65,0.35,mid_30_70,0.2317095816451363,0.3052171321134223,0.9547816769488491,0.7591630916675748,0.7772422785177322
TCL_vs_C0,C0,85017,cell,0.65,0.35,mid_30_70,0.05594610570786457,0.049577500999727235,0.9987748830914079,1.1284575579590503,1.1304970467157835
TCL_vs_C0,C0,85018,atomic_numbers,0.65,0.35,mid_30_70,1.9332243868048344,0.16444241712365043,0.9914303548055367,11.756239178551908,12.829672743444354
TCL_vs_C0,C0,85018,pos,0.65,0.35,mid_30_70,0.13205250948626546,0.18577519620893043,0.9827181601344576,0.7108188400875312,0.7097151504003686
TCL_vs_C0,C0,85018,cell,0.65,0.35,mid_30_70,0.03477196520853318,0.03777910390787795,0.9995755893517169,0.9204020638849059,0.942151257409961
TCL_vs_C0,C0,85019,atomic_numbers,0.65,0.35,mid_30_70,2.1256750447667434,0.17866128978572457,0.9854501972629703,11.897793009980779,11.069552802920215
TCL_vs_C0,C0,85019,pos,0.65,0.35,mid_30_70,0.2840182394347723,0.3007674320342157,0.9540493161394141,0.9443118143272308,0.8764562438628728
TCL_vs_C0,C0,85019,cell,0.65,0.35,mid_30_70,0.11930692647781597,0.10156652910309623,0.9951734119130174,1.1746677525694726,1.1997618453565493
TCL_vs_C0,C0,85020,atomic_numbers,0.65,0.35,mid_30_70,1.3207469988087082,0.12740733156568818,0.992024502490889,10.36633435908484,10.091044141014086
TCL_vs_C0,C0,85020,pos,0.65,0.35,mid_30_70,0.14162866176961447,0.307612338792276,0.9515273373631888,0.46041281154607155,0.44060133920795724
TCL_vs_C0,C0,85020,cell,0.65,0.35,mid_30_70,0.051192634495450126,0.04321740730367516,0.9990803941073452,1.184537381794691,1.1770276867143965
TCL_vs_C0,C0,85021,atomic_numbers,0.65,0.35,mid_30_70,1.6770373972621127,0.11484542242710401,0.9941014068819998,14.602561963900492,15.068063831491555
TCL_vs_C0,C0,85021,pos,0.65,0.35,mid_30_70,0.06195874654490078,0.0789132362224153,0.9970486517942936,0.7851502423531503,0.7971673677630196
TCL_vs_C0,C0,85021,cell,0.65,0.35,mid_30_70,0.052002877082086486,0.06179745850751379,0.9992468382419097,0.8415051094012804,0.8003987766073478
TCL_vs_C0,C0,85022,atomic_numbers,0.65,0.35,mid_30_70,1.4763002091066573,0.12556056171587326,0.992090594617663,11.757674455513563,11.629010435317188
TCL_vs_C0,C0,85022,pos,0.65,0.35,mid_30_70,0.03879177423268002,0.04001353120842457,0.9992001884716794,0.9694664045174972,0.9700956774625568
TCL_vs_C0,C0,85022,cell,0.65,0.35,mid_30_70,0.03572164714291052,0.052325761650055765,0.9990423428425168,0.6826780158845991,0.6624325970182243
TCL_vs_C0,C0,85023,atomic_numbers,0.65,0.35,mid_30_70,1.220729918481665,0.09588887874245756,0.9957069534495042,12.730672571115914,12.35723995337536
TCL_vs_C0,C0,85023,pos,0.65,0.35,mid_30_70,0.11756630258716239,0.13301097451217522,0.9913319648438867,0.8838842284882358,0.8945722588094159
TCL_vs_C0,C0,85023,cell,0.65,0.35,mid_30_70,0.04748691602770128,0.03892955218017971,0.999333187735486,1.219816652601475,1.2025321187746223
TCL_vs_C0,C0,85024,atomic_numbers,0.65,0.35,mid_30_70,2.3816997166300387,0.1747071649075901,0.9848672827165001,13.632524561255508,13.726810842247918
TCL_vs_C0,C0,85024,pos,0.65,0.35,mid_30_70,0.021205919909251015,0.04020089207018202,0.9994041382008189,0.5274987398844305,0.5380558024160593
TCL_vs_C0,C0,85024,cell,0.65,0.35,mid_30_70,0.12579346546146078,0.23130087460948137,0.9731131985583347,0.543852095993347,0.5177006064577578
TCL_vs_C0,C0,85025,atomic_numbers,0.65,0.35,mid_30_70,1.8336531213036977,0.11089227585338583,0.9941561425852237,16.53544493692265,16.858284428541403
TCL_vs_C0,C0,85025,pos,0.65,0.35,mid_30_70,0.11661088320054236,0.13059609362606697,0.9931404029222198,0.8929124904335333,0.9387239739286629
TCL_vs_C0,C0,85025,cell,0.65,0.35,mid_30_70,0.04265596785254623,0.03798747837421426,0.9995008674654503,1.1228954823571788,1.098646635501044
TCL_vs_C0,C0,85026,atomic_numbers,0.65,0.35,mid_30_70,1.3427741506725017,0.12682228934810066,0.9938827385349344,10.587840336069531,11.18316148413053
TCL_vs_C0,C0,85026,pos,0.65,0.35,mid_30_70,0.06940738905908181,0.06948421214723821,0.9976698027269081,0.9988943806688976,0.9834248999861872
TCL_vs_C0,C0,85026,cell,0.65,0.35,mid_30_70,0.029316304884361682,0.031035833751688235,0.9996144727192956,0.9445953705937409,0.9311317037923166
TCL_vs_C0,C0,85027,atomic_numbers,0.65,0.35,mid_30_70,1.9474406679198981,0.16310991208473932,0.9870639647211021,11.939437910481853,12.143194716367377
TCL_vs_C0,C0,85027,pos,0.65,0.35,mid_30_70,0.4314634041001986,0.5081853347676304,0.8707256985838979,0.8490276570013316,0.8480504138476774
TCL_vs_C0,C0,85027,cell,0.65,0.35,mid_30_70,0.3991357498950123,0.6721251665968898,0.9032994439730091,0.5938413999819707,0.8436697823859025
TCL_vs_C0,C0,85028,atomic_numbers,0.65,0.35,mid_30_70,2.9449811081861257,0.2523461065537171,0.9678846434785155,11.670404383906062,11.551088590839315
TCL_vs_C0,C0,85028,pos,0.65,0.35,mid_30_70,0.18883603157364826,0.16139551250771056,0.9869476722004138,1.1700203347638103,1.1672532445514918
TCL_vs_C0,C0,85028,cell,0.65,0.35,mid_30_70,0.0547300092762627,0.044359041223660675,0.9990294591523416,1.2337960372116938,1.226118539627163
TCL_vs_C0,C0,85029,atomic_numbers,0.65,0.35,mid_30_70,2.7511163436656036,0.20666397673498524,0.9937057541280695,13.312026542455857,15.54013151148033
TCL_vs_C0,C0,85029,pos,0.65,0.35,mid_30_70,0.06413012274499806,0.05763063110738214,0.99838746382885,1.1127784220427075,1.1220458261781534
TCL_vs_C0,C0,85029,cell,0.65,0.35,mid_30_70,0.03801060498621517,0.053064330542078486,0.999081536840117,0.7163117785133245,0.6932327368114828
TCL_vs_C0,C0,85030,atomic_numbers,0.65,0.35,mid_30_70,1.4112521285582613,0.1105902730341076,0.9943656829401679,12.76108729854579,13.091378193627957
TCL_vs_C0,C0,85030,pos,0.65,0.35,mid_30_70,0.03768592310735271,0.03832147414721048,0.9993190988985913,0.9834152768388732,0.972563790742499
TCL_vs_C0,C0,85030,cell,0.65,0.35,mid_30_70,0.0066994413493475765,0.00889854506283566,0.9999773534351789,0.7528692951533693,0.7484693115589253
TCL_vs_C0,C0,85031,atomic_numbers,0.65,0.35,mid_30_70,1.323654297193391,0.11162204238721864,0.9938103627879901,11.858359414367396,11.91405739965989
TCL_vs_C0,C0,85031,pos,0.65,0.35,mid_30_70,0.07028787444857058,0.06810974479196646,0.9976919984443056,1.0319797066228478,1.024111771433022
TCL_vs_C0,C0,85031,cell,0.65,0.35,mid_30_70,0.01668168749008823,0.015055670862822218,0.9999295608482163,1.1080002772431232,1.0976590205916665
TCL_vs_C0,TCL,85000,atomic_numbers,0.65,0.35,mid_30_70,1.9332512371371544,0.18308356681910928,0.9856142993615175,10.559392471566007,11.150792908889915
TCL_vs_C0,TCL,85000,pos,0.65,0.35,mid_30_70,0.3145640485780459,0.3286785404732179,0.9467886880514496,0.9570568499091832,0.9698910080099761
TCL_vs_C0,TCL,85000,cell,0.65,0.35,mid_30_70,0.12095705678967891,0.1598419281317834,0.9876803979712987,0.7567292149401161,0.7720672844348386
TCL_vs_C0,TCL,85001,atomic_numbers,0.65,0.35,mid_30_70,1.660245511816854,0.1402303707565354,0.9901560567699732,11.839414692123523,11.824420838382144
TCL_vs_C0,TCL,85001,pos,0.65,0.35,mid_30_70,0.31172862853387084,0.49299537471755545,0.8754111359142952,0.6323155236749735,0.6148057492443018
TCL_vs_C0,TCL,85001,cell,0.65,0.35,mid_30_70,0.05979637718117855,0.06035125152194667,0.998552757698756,0.9908059182407122,1.0165042114867122
TCL_vs_C0,TCL,85002,atomic_numbers,0.65,0.35,mid_30_70,2.1919000366066186,0.1912022455966235,0.9840113200450419,11.463777686120059,12.077741175218781
TCL_vs_C0,TCL,85002,pos,0.65,0.35,mid_30_70,0.4627481689214564,0.5058136881905875,0.8680023451398319,0.9148589287427427,0.8822094846621751
TCL_vs_C0,TCL,85002,cell,0.65,0.35,mid_30_70,0.0644926273079504,0.040466749308540606,0.9994116959871893,1.5937190016480782,1.558551833030504
TCL_vs_C0,TCL,85003,atomic_numbers,0.65,0.35,mid_30_70,1.5678513671437952,0.1376457903786612,0.9908041628922956,11.390478145613196,11.573723741867354
TCL_vs_C0,TCL,85003,pos,0.65,0.35,mid_30_70,0.2805604798355814,0.2596983133956152,0.9665121321601312,1.0803323139345364,1.087217635056775
TCL_vs_C0,TCL,85003,cell,0.65,0.35,mid_30_70,0.10104648637536322,0.12593800901717533,0.9927918493534497,0.8023509912847882,0.7655336682701998
TCL_vs_C0,TCL,85004,atomic_numbers,0.65,0.35,mid_30_70,1.4425408739285805,0.1102205702304294,0.9940329618653054,13.08776456983279,12.802690871727927
TCL_vs_C0,TCL,85004,pos,0.65,0.35,mid_30_70,0.18658749380091966,0.2058915279914758,0.9788139169353565,0.9062417265106928,0.9066471307903379
TCL_vs_C0,TCL,85004,cell,0.65,0.35,mid_30_70,0.032635650671568414,0.028210432552447696,0.999869921414296,1.1568645964890305,1.1299385513490943
TCL_vs_C0,TCL,85005,atomic_numbers,0.65,0.35,mid_30_70,1.4670361048654033,0.123036218930416,0.9935417676840049,11.923611743100592,12.413843880221467
TCL_vs_C0,TCL,85005,pos,0.65,0.35,mid_30_70,0.18052798106666193,0.16292232500152123,0.9870026634943587,1.1080616549326576,1.0639699191198677
TCL_vs_C0,TCL,85005,cell,0.65,0.35,mid_30_70,0.02570368353628388,0.02517100460100125,0.999683161133607,1.021162402682229,1.0208859508863828
TCL_vs_C0,TCL,85006,atomic_numbers,0.65,0.35,mid_30_70,1.5601576907263368,0.13353756391187224,0.9923458979607335,11.683287046901345,12.187605448073352
TCL_vs_C0,TCL,85006,pos,0.65,0.35,mid_30_70,0.0576750783827795,0.0666536195589558,0.9981882427445344,0.865295519799421,0.8389121864986377
TCL_vs_C0,TCL,85006,cell,0.65,0.35,mid_30_70,0.02635259234810058,0.02948171536475228,0.9997662671015277,0.8938622472289107,0.8757367821386444
TCL_vs_C0,TCL,85007,atomic_numbers,0.65,0.35,mid_30_70,1.7876165711393122,0.20270269435475816,0.9796666139661016,8.81890878081143,8.894433595002054
TCL_vs_C0,TCL,85007,pos,0.65,0.35,mid_30_70,0.057150436070944236,0.08136362967392399,0.9982910534485074,0.7024076519199368,0.7409729016439798
TCL_vs_C0,TCL,85007,cell,0.65,0.35,mid_30_70,0.07886870433946894,0.1395305935359112,0.9912937848989344,0.5652430935812681,0.5864222116725046
TCL_vs_C0,TCL,85008,atomic_numbers,0.65,0.35,mid_30_70,1.3452748001912076,0.1080377632391163,0.9957855240441078,12.451894225297474,13.110480035935389
TCL_vs_C0,TCL,85008,pos,0.65,0.35,mid_30_70,0.09588117155171938,0.10378189213701015,0.9946249393656772,0.9238718776213826,0.9124092039736352
TCL_vs_C0,TCL,85008,cell,0.65,0.35,mid_30_70,0.02841680297679054,0.027918963446553362,0.9997255768932377,1.0178315907462043,1.0020927018239614
TCL_vs_C0,TCL,85009,atomic_numbers,0.65,0.35,mid_30_70,1.928712476793346,0.1682210494069178,0.9932618246554913,11.465345648438396,12.786080838486107
TCL_vs_C0,TCL,85009,pos,0.65,0.35,mid_30_70,0.07830930059280275,0.07762828179718129,0.9971340650411903,1.0087728180999904,1.0234266696309908
TCL_vs_C0,TCL,85009,cell,0.65,0.35,mid_30_70,0.048074806834008145,0.03528733859868765,0.9995339826755995,1.3623812036591525,1.337628746288469
TCL_vs_C0,TCL,85010,atomic_numbers,0.65,0.35,mid_30_70,1.4296455095240024,0.14354181279627998,0.9908483855821659,9.95978441175889,10.355014015635428
TCL_vs_C0,TCL,85010,pos,0.65,0.35,mid_30_70,0.18846708336269674,0.2733259631986917,0.9792292348943984,0.689532312104915,0.8015978723474737
TCL_vs_C0,TCL,85010,cell,0.65,0.35,mid_30_70,0.06871590836455546,0.04876446443937917,0.9988106864302503,1.4091389940307588,1.4086918028499609
TCL_vs_C0,TCL,85011,atomic_numbers,0.65,0.35,mid_30_70,1.5063100276071921,0.1351448507019355,0.9914684977177419,11.145892868159569,10.652983421607066
TCL_vs_C0,TCL,85011,pos,0.65,0.35,mid_30_70,0.17357301567597477,0.21249593016902762,0.9787439783028322,0.8168298354604157,0.8449045787593077
TCL_vs_C0,TCL,85011,cell,0.65,0.35,mid_30_70,0.060168818432316966,0.08562193156145043,0.9990105141843937,0.7027267118954692,0.7534463995435959
TCL_vs_C0,TCL,85012,atomic_numbers,0.65,0.35,mid_30_70,2.5941917641491563,0.17417939998145923,0.9922040621128874,14.893792058218706,16.590039718389555
TCL_vs_C0,TCL,85012,pos,0.65,0.35,mid_30_70,0.1673603413843836,0.19081680216260755,0.9818003512042082,0.8770733996567287,0.8773541630897372
TCL_vs_C0,TCL,85012,cell,0.65,0.35,mid_30_70,0.03780691713360272,0.05483188660897419,0.9992059098220968,0.689506042409545,0.6629852123222193
TCL_vs_C0,TCL,85013,atomic_numbers,0.65,0.35,mid_30_70,1.5905117924456513,0.14954089473726226,0.988755691272693,10.635965467774689,10.510582618653073
TCL_vs_C0,TCL,85013,pos,0.65,0.35,mid_30_70,0.18807037303422522,0.172188189763066,0.986313226724989,1.0922373554946678,1.0230868260183654
TCL_vs_C0,TCL,85013,cell,0.65,0.35,mid_30_70,0.02059583815835865,0.03353617357448993,0.9996267907631144,0.6141379878241492,0.625855241811612
TCL_vs_C0,TCL,85014,atomic_numbers,0.65,0.35,mid_30_70,2.147182010540667,0.22591142766577008,0.9859332328610995,9.504530305201586,10.815405612786993
TCL_vs_C0,TCL,85014,pos,0.65,0.35,mid_30_70,0.075609104043489,0.07492514071469565,0.9972969193529139,1.0091286225460394,1.0211949145059525
TCL_vs_C0,TCL,85014,cell,0.65,0.35,mid_30_70,0.02509392231052797,0.038072259227098594,0.9994447812026261,0.6591130345284825,0.6708892183923572
TCL_vs_C0,TCL,85015,atomic_numbers,0.65,0.35,mid_30_70,1.8634074175801159,0.15650809439854851,0.9914532856509837,11.906140859621878,12.833723352944341
TCL_vs_C0,TCL,85015,pos,0.65,0.35,mid_30_70,0.04595653732000424,0.04500163808777654,0.9990001821392738,1.0212192105177404,1.0149400044951427
TCL_vs_C0,TCL,85015,cell,0.65,0.35,mid_30_70,0.06570562134304199,0.09515524677875263,0.9955230877891851,0.6905097045863949,0.6798309331194085
TCL_vs_C0,TCL,85016,atomic_numbers,0.65,0.35,mid_30_70,1.7202370137036769,0.13119185259107957,0.9924240764975749,13.112376871951001,12.409748065663399
TCL_vs_C0,TCL,85016,pos,0.65,0.35,mid_30_70,0.5488772516600836,0.4116439149227077,0.9163722895294024,1.333378757130768,1.0940554225938084
TCL_vs_C0,TCL,85016,cell,0.65,0.35,mid_30_70,0.11808827818608005,0.09616334597782122,0.9987056533278194,1.227996769302469,1.1261891527288344
TCL_vs_C0,TCL,85017,atomic_numbers,0.65,0.35,mid_30_70,2.2975828103069835,0.20819539742603138,0.9911868879402314,11.035704144820393,12.710930855797638
TCL_vs_C0,TCL,85017,pos,0.65,0.35,mid_30_70,0.12299012570749294,0.13309211355300038,0.9912198326648676,0.9240977727693491,0.901961259943229
TCL_vs_C0,TCL,85017,cell,0.65,0.35,mid_30_70,0.07208830618247423,0.06842110792307057,0.9976701897282988,1.0535974697095947,1.045642294054592
TCL_vs_C0,TCL,85018,atomic_numbers,0.65,0.35,mid_30_70,1.6248580638923449,0.10801517454513036,0.9948242219275717,15.042868474127726,15.51618490952793
TCL_vs_C0,TCL,85018,pos,0.65,0.35,mid_30_70,0.08267818484246846,0.09434327211914427,0.9959386730058886,0.8763548580131478,0.8480940911913097
TCL_vs_C0,TCL,85018,cell,0.65,0.35,mid_30_70,0.0687752018459509,0.059597272803439454,0.9984098117794933,1.153999144772641,1.1744809678465509
TCL_vs_C0,TCL,85019,atomic_numbers,0.65,0.35,mid_30_70,1.224734706669823,0.10712425170990507,0.9956163076155871,11.432842583455642,11.979803263285392
TCL_vs_C0,TCL,85019,pos,0.65,0.35,mid_30_70,0.19241981248383563,0.21571220949678638,0.9773892693106104,0.8920209613202366,0.9099227385223218
TCL_vs_C0,TCL,85019,cell,0.65,0.35,mid_30_70,0.032252770884665195,0.0377283584004121,0.9995277661414622,0.8548681218081543,0.8357511224294989
TCL_vs_C0,TCL,85020,atomic_numbers,0.65,0.35,mid_30_70,1.383330814871468,0.10987140123478568,0.9950735516677681,12.590453924542292,11.932126733834487
TCL_vs_C0,TCL,85020,pos,0.65,0.35,mid_30_70,0.16273343919290784,0.2349204995998769,0.9860104883365963,0.6927170658587902,0.7977004175883979
TCL_vs_C0,TCL,85020,cell,0.65,0.35,mid_30_70,0.07554062812922012,0.05798128656959575,0.9995944141776802,1.3028449797944315,1.2365155090159419
TCL_vs_C0,TCL,85021,atomic_numbers,0.65,0.35,mid_30_70,1.8052139464836294,0.1349851745087925,0.9915227287964722,13.373423807857096,13.749294209564678
TCL_vs_C0,TCL,85021,pos,0.65,0.35,mid_30_70,0.09175660631336209,0.10863493047662395,0.9940856298004749,0.8446326233264931,0.8372801143818286
TCL_vs_C0,TCL,85021,cell,0.65,0.35,mid_30_70,0.13433629565983896,0.136849915973554,0.9924791134296592,0.9816322845663947,0.9141957016106766
TCL_vs_C0,TCL,85022,atomic_numbers,0.65,0.35,mid_30_70,1.6031369711085603,0.11289389613132163,0.9936662369092386,14.200386611192366,13.956436209845435
TCL_vs_C0,TCL,85022,pos,0.65,0.35,mid_30_70,0.15193199505190688,0.1575670716910648,0.9879129372704858,0.9642369653844532,0.9253204513989869
TCL_vs_C0,TCL,85022,cell,0.65,0.35,mid_30_70,0.07456117692563226,0.11693417212272132,0.9931815986741496,0.6376337692576385,0.6391053355555724
TCL_vs_C0,TCL,85023,atomic_numbers,0.65,0.35,mid_30_70,2.3286513720095483,0.2051589096387366,0.9890902065011153,11.350476448281285,12.847404693386503
TCL_vs_C0,TCL,85023,pos,0.65,0.35,mid_30_70,0.0694815343651018,0.061616684070662106,0.9982384116067409,1.1276415700237985,1.106902950059852
TCL_vs_C0,TCL,85023,cell,0.65,0.35,mid_30_70,0.03320584249283869,0.060861978089171494,0.9987460965212679,0.5455925609941135,0.5637921368093646
TCL_vs_C0,TCL,85024,atomic_numbers,0.65,0.35,mid_30_70,2.0743246420222174,0.18458288206419313,0.9830624084621041,11.237903638869513,10.800700096496485
TCL_vs_C0,TCL,85024,pos,0.65,0.35,mid_30_70,0.04381078234731492,0.060354089662781205,0.9985224237411217,0.7258958355945826,0.7438861127195701
TCL_vs_C0,TCL,85024,cell,0.65,0.35,mid_30_70,0.07515375274447532,0.06739272347410205,0.9992654239763068,1.1151612350754114,1.0525218188176337
TCL_vs_C0,TCL,85025,atomic_numbers,0.65,0.35,mid_30_70,1.5807377038967974,0.1284042207951373,0.9918970752264611,12.310636629451517,12.440355447246443
TCL_vs_C0,TCL,85025,pos,0.65,0.35,mid_30_70,0.034720680178948665,0.03288870207680579,0.9995266701238023,1.0557023532842555,1.0674793012017818
TCL_vs_C0,TCL,85025,cell,0.65,0.35,mid_30_70,0.07844698212756974,0.1416472892165552,0.9939843448070822,0.5538191557456305,0.5007398351265223
TCL_vs_C0,TCL,85026,atomic_numbers,0.65,0.35,mid_30_70,1.5699175338478462,0.10461093344309502,0.9964206686515249,15.007203187818138,15.878300935749833
TCL_vs_C0,TCL,85026,pos,0.65,0.35,mid_30_70,0.06579901096453622,0.06722701531530972,0.9977440399158267,0.9787584746388658,0.9800302996127602
TCL_vs_C0,TCL,85026,cell,0.65,0.35,mid_30_70,0.04988550335597591,0.06954505778733412,0.9976892374370451,0.7173119836714161,0.7050070239183597
TCL_vs_C0,TCL,85027,atomic_numbers,0.65,0.35,mid_30_70,3.0622542459230973,0.28118093684152523,0.9892028904974149,10.890689391397103,13.386528288901143
TCL_vs_C0,TCL,85027,pos,0.65,0.35,mid_30_70,0.2741254371425635,0.28210692223971595,0.9602698175577327,0.9717075886199975,0.893008219225046
TCL_vs_C0,TCL,85027,cell,0.65,0.35,mid_30_70,0.04053933042033271,0.04717469695138656,0.9990896781378524,0.8593447979561673,0.8412549422830159
TCL_vs_C0,TCL,85028,atomic_numbers,0.65,0.35,mid_30_70,1.1903924664010002,0.10499506058540194,0.9957011192225811,11.337604452666108,11.849438796722964
TCL_vs_C0,TCL,85028,pos,0.65,0.35,mid_30_70,0.11118259295186649,0.11124282375938294,0.9942933605195722,0.999458564557416,0.9622403158147286
TCL_vs_C0,TCL,85028,cell,0.65,0.35,mid_30_70,0.0344072299442303,0.03214566810807701,0.9996853275302274,1.0703535489929683,1.091533188994208
TCL_vs_C0,TCL,85029,atomic_numbers,0.65,0.35,mid_30_70,2.1160237139258573,0.18002932668833782,0.9913253316741484,11.753772303937255,13.097883170861722
TCL_vs_C0,TCL,85029,pos,0.65,0.35,mid_30_70,0.07789445764783949,0.07114448533230627,0.9979568156343306,1.094876957560449,1.126903512885334
TCL_vs_C0,TCL,85029,cell,0.65,0.35,mid_30_70,0.019679150120979705,0.020395772483720577,0.9998642707255494,0.9648641715672762,0.9531328547746598
TCL_vs_C0,TCL,85030,atomic_numbers,0.65,0.35,mid_30_70,2.8482187589386982,0.2166873164637342,0.9845878455433421,13.144372293776543,14.623376168542892
TCL_vs_C0,TCL,85030,pos,0.65,0.35,mid_30_70,0.025872551367552767,0.03650573498095286,0.999402832425609,0.7087256668315803,0.7166488728764315
TCL_vs_C0,TCL,85030,cell,0.65,0.35,mid_30_70,0.027673571634685,0.03355077553514577,0.9996135446740169,0.8248265857728335,0.8090130862974794
TCL_vs_C0,TCL,85031,atomic_numbers,0.65,0.35,mid_30_70,1.578553991018596,0.11342790993182322,0.9939295425377628,13.916804003242229,14.216443137114295
TCL_vs_C0,TCL,85031,pos,0.65,0.35,mid_30_70,0.023255861752087267,0.030233581399806902,0.9995519933577629,0.7692063154726287,0.772148375170072
TCL_vs_C0,TCL,85031,cell,0.65,0.35,mid_30_70,0.041592311877234174,0.040943927268132646,0.9992314674661332,1.0158359163950101,1.0030386536439355
TCL_vs_C0,C0,85000,atomic_numbers,0.75,0.25,late_70_100,2.160978952949493,0.16453061644632708,0.9900388192827334,13.134205654997007,11.885253090282072
TCL_vs_C0,C0,85000,pos,0.75,0.25,late_70_100,0.27121746562959975,0.3260690455573244,0.9474887055865179,0.8317792483675625,0.7351289912010607
TCL_vs_C0,C0,85000,cell,0.75,0.25,late_70_100,0.04813990064271555,0.03492597063817113,0.9997057013059403,1.3783410958406612,1.3433033420046585
TCL_vs_C0,C0,85001,atomic_numbers,0.75,0.25,late_70_100,2.3691148027029127,0.1821235304557982,0.9835232868306111,13.008285073179506,13.081029756014171
TCL_vs_C0,C0,85001,pos,0.75,0.25,late_70_100,0.05477655305554547,0.07823371833388042,0.9972229728229326,0.7001655324852887,0.714998443796294
TCL_vs_C0,C0,85001,cell,0.75,0.25,late_70_100,0.0636310034328933,0.07160506094560493,0.9982434206271562,0.8886383531079018,0.8513411807345997
TCL_vs_C0,C0,85002,atomic_numbers,0.75,0.25,late_70_100,2.175290917994621,0.19233754719695428,0.9959265859770966,11.309756985551635,13.185131721869858
TCL_vs_C0,C0,85002,pos,0.75,0.25,late_70_100,0.22884543569095192,0.2591741424853154,0.966681523475929,0.882979426483173,0.8177539767842362
TCL_vs_C0,C0,85002,cell,0.75,0.25,late_70_100,0.05742501486838595,0.06048114856229816,0.9983138008608311,0.9494696485341335,0.9317440333351215
TCL_vs_C0,C0,85003,atomic_numbers,0.75,0.25,late_70_100,2.5013393043445786,0.17581666869361745,0.9846340095188794,14.226974739826723,14.298409884151255
TCL_vs_C0,C0,85003,pos,0.75,0.25,late_70_100,0.2886963637127088,0.3349871747537964,0.9424842925555439,0.8618131841163481,0.831381697428352
TCL_vs_C0,C0,85003,cell,0.75,0.25,late_70_100,0.05592348075537447,0.05460529259921948,0.9996808627033505,1.024140300205512,0.974234434099888
TCL_vs_C0,C0,85004,atomic_numbers,0.75,0.25,late_70_100,1.4388814667652967,0.10996749514048217,0.9952949692603247,13.08460709164234,13.703559652837855
TCL_vs_C0,C0,85004,pos,0.75,0.25,late_70_100,0.18089883422927436,0.24708741676428536,0.9693831284376996,0.7321248350005897,0.7298374538075403
TCL_vs_C0,C0,85004,cell,0.75,0.25,late_70_100,0.21506592736598687,0.31941999139172955,0.9560693042495265,0.673301399918438,0.5582966780882461
TCL_vs_C0,C0,85005,atomic_numbers,0.75,0.25,late_70_100,1.324353888252639,0.12792812389349625,0.991906646216741,10.35232791622271,10.43038378709212
TCL_vs_C0,C0,85005,pos,0.75,0.25,late_70_100,0.33085972198142943,0.3874693150991566,0.9267504911620659,0.8538991581740084,0.8723546941462907
TCL_vs_C0,C0,85005,cell,0.75,0.25,late_70_100,0.061256879701328405,0.04984174888561977,0.9995290408934919,1.2290274934353698,1.1801789627836579
TCL_vs_C0,C0,85006,atomic_numbers,0.75,0.25,late_70_100,1.506058741189855,0.13282187933011652,0.9925768003491896,11.338935639110215,11.86013580060103
TCL_vs_C0,C0,85006,pos,0.75,0.25,late_70_100,0.10863738645096438,0.10623309628041538,0.9948356978352303,1.022632214015513,1.0494221942412096
TCL_vs_C0,C0,85006,cell,0.75,0.25,late_70_100,0.04402827443977137,0.05323986575112673,0.9986434009069153,0.8269794414130279,0.8350338846350208
TCL_vs_C0,C0,85007,atomic_numbers,0.75,0.25,late_70_100,1.8990900789494731,0.1555806372208094,0.9878867038474601,12.206468059737862,11.921876355946164
TCL_vs_C0,C0,85007,pos,0.75,0.25,late_70_100,0.02767014452877855,0.020691696855663105,0.999788414016915,1.3372583564216252,1.3339794985355473
TCL_vs_C0,C0,85007,cell,0.75,0.25,late_70_100,0.13825872049555052,0.1662314902756306,0.9861057988881492,0.8317240028727525,0.8252648418141569
TCL_vs_C0,C0,85008,atomic_numbers,0.75,0.25,late_70_100,1.4385002775075135,0.1312935214583638,0.9917447429667621,10.956369069312347,10.556877235237355
TCL_vs_C0,C0,85008,pos,0.75,0.25,late_70_100,0.35114817657098313,0.3269491657674962,0.9456667799716817,1.074014597182657,0.9787441873397892
TCL_vs_C0,C0,85008,cell,0.75,0.25,late_70_100,0.20267157441438136,0.1506415611859375,0.9939011243235656,1.3453894982157217,1.4752575786986293
TCL_vs_C0,C0,85009,atomic_numbers,0.75,0.25,late_70_100,2.0952462028164605,0.17556164184942488,0.984933049849288,11.934532969414267,11.393708115753236
TCL_vs_C0,C0,85009,pos,0.75,0.25,late_70_100,0.0788760241429758,0.09447928384047152,0.9961863325596527,0.8348499367984006,0.8619234387017738
TCL_vs_C0,C0,85009,cell,0.75,0.25,late_70_100,0.18792021042357993,0.4945746885403124,0.8964065659647559,0.3799632588926206,0.42397631717375334
TCL_vs_C0,C0,85010,atomic_numbers,0.75,0.25,late_70_100,1.6167641794550387,0.12110297885714585,0.9927840900605024,13.350325439658985,13.479836600868383
TCL_vs_C0,C0,85010,pos,0.75,0.25,late_70_100,0.03626048428782448,0.04611850395368252,0.9989922372226395,0.7862458921963604,0.777117614322856
TCL_vs_C0,C0,85010,cell,0.75,0.25,late_70_100,0.03723705766813717,0.04663382435543794,0.9994666697251235,0.7984989046645704,0.771489652922533
TCL_vs_C0,C0,85011,atomic_numbers,0.75,0.25,late_70_100,1.3962995565873177,0.09938820080167242,0.9960813589632929,14.04894691044475,14.630931096929913
TCL_vs_C0,C0,85011,pos,0.75,0.25,late_70_100,0.04638895076068502,0.043008775635125916,0.9990860915004707,1.0785926842985611,1.0724597888885967
TCL_vs_C0,C0,85011,cell,0.75,0.25,late_70_100,0.018365112738361552,0.028731420047789363,0.9995963364033978,0.6391996186688513,0.6362049380240643
TCL_vs_C0,C0,85012,atomic_numbers,0.75,0.25,late_70_100,1.468657646145627,0.1162509833397797,0.9937210407830369,12.633507295615885,12.952848354994698
TCL_vs_C0,C0,85012,pos,0.75,0.25,late_70_100,0.24692516316920213,0.29487094944306225,0.9578710044969619,0.8374007803602974,0.7461616329481731
TCL_vs_C0,C0,85012,cell,0.75,0.25,late_70_100,0.1327420503279464,0.12192209344383845,0.9963221554142453,1.088744841713959,0.9903091142721038
TCL_vs_C0,C0,85013,atomic_numbers,0.75,0.25,late_70_100,1.177973527590813,0.10481274494048137,0.994504742231789,11.238838637989426,11.12044324713364
TCL_vs_C0,C0,85013,pos,0.75,0.25,late_70_100,0.27808679882946785,0.29962873338704726,0.9556170637862753,0.9281045769073405,0.8362364419636129
TCL_vs_C0,C0,85013,cell,0.75,0.25,late_70_100,0.08214089204237124,0.05264197255840001,0.9993146076827688,1.560368809342121,1.5008977102725558
TCL_vs_C0,C0,85014,atomic_numbers,0.75,0.25,late_70_100,1.3591634191789634,0.11727367610482614,0.9934354331536837,11.589671819991922,11.214254986181327
TCL_vs_C0,C0,85014,pos,0.75,0.25,late_70_100,0.12008095655017668,0.14858816907332886,0.9890953112480096,0.8081461485060513,0.7834153698007057
TCL_vs_C0,C0,85014,cell,0.75,0.25,late_70_100,0.07541165951351754,0.0715483858365365,0.9982765956733898,1.0539952597366389,1.0090378971387124
TCL_vs_C0,C0,85015,atomic_numbers,0.75,0.25,late_70_100,1.6274800728277257,0.12274680497162221,0.9938260378934413,13.258838575912282,13.873159163902155
TCL_vs_C0,C0,85015,pos,0.75,0.25,late_70_100,0.05011756849869376,0.07253286689031666,0.9982004818092999,0.6909635679295699,0.7179163795105692
TCL_vs_C0,C0,85015,cell,0.75,0.25,late_70_100,0.06419020427750007,0.05384816804012434,0.9985491462818543,1.1920592030107595,1.1901499335651886
TCL_vs_C0,C0,85016,atomic_numbers,0.75,0.25,late_70_100,3.6796519105836865,0.26316059642348594,0.9886799975353812,13.982533709804642,16.847249216238673
TCL_vs_C0,C0,85016,pos,0.75,0.25,late_70_100,0.08293885773550205,0.09368772927265054,0.9965644916158107,0.885269163629027,0.8434556869367168
TCL_vs_C0,C0,85016,cell,0.75,0.25,late_70_100,0.06974449630217776,0.07095808091193265,0.9980639397806148,0.9828971613358444,0.9474217331914975
TCL_vs_C0,C0,85017,atomic_numbers,0.75,0.25,late_70_100,1.5158177608488324,0.1225450566011688,0.9925098911885498,12.369472934205444,12.157425176508168
TCL_vs_C0,C0,85017,pos,0.75,0.25,late_70_100,0.16045648180523278,0.1722356759444116,0.9851959808901661,0.93161002170665,0.9333024923867598
TCL_vs_C0,C0,85017,cell,0.75,0.25,late_70_100,0.04014717804211707,0.06069551453259626,0.9981854497740534,0.6614521410895398,0.6652953454101355
TCL_vs_C0,C0,85018,atomic_numbers,0.75,0.25,late_70_100,3.2102921155282083,0.2732594879080209,0.9928141657201649,11.748145105976311,14.549819156842387
TCL_vs_C0,C0,85018,pos,0.75,0.25,late_70_100,0.11721524998020537,0.16852457407501026,0.9857307746864152,0.695538028347325,0.679975852038247
TCL_vs_C0,C0,85018,cell,0.75,0.25,late_70_100,0.09120029021578918,0.09857466915358114,0.9961807407831285,0.9251899194680274,0.8793292316731286
TCL_vs_C0,C0,85019,atomic_numbers,0.75,0.25,late_70_100,1.4465643770387624,0.12499983165149976,0.9929865777766727,11.572530602055458,11.021673688534099
TCL_vs_C0,C0,85019,pos,0.75,0.25,late_70_100,0.1759513034102604,0.214202625033095,0.9768598528779745,0.8214245898390617,0.8120640459194646
TCL_vs_C0,C0,85019,cell,0.75,0.25,late_70_100,0.05641245928604959,0.038496207895618806,0.999401366363449,1.465403019409343,1.4397847981821696
TCL_vs_C0,C0,85020,atomic_numbers,0.75,0.25,late_70_100,1.0455334064196804,0.08736473370763606,0.9978565826471021,11.967453708707366,12.634505749081809
TCL_vs_C0,C0,85020,pos,0.75,0.25,late_70_100,0.13119226167536008,0.20362282150689323,0.9795907019222487,0.6442905598914845,0.652119569164891
TCL_vs_C0,C0,85020,cell,0.75,0.25,late_70_100,0.14898206230738278,0.19881867815282717,0.9817750639241547,0.7493363485339332,0.7794447238668069
TCL_vs_C0,C0,85021,atomic_numbers,0.75,0.25,late_70_100,1.2841727375696044,0.09376090593078232,0.9957621810824901,13.696249250381904,13.888300970729542
TCL_vs_C0,C0,85021,pos,0.75,0.25,late_70_100,0.05332502687518554,0.0655010665460667,0.9979464652487752,0.8141092914522575,0.8235862467331905
TCL_vs_C0,C0,85021,cell,0.75,0.25,late_70_100,0.043763881256508,0.037789621059922396,0.9998174980482486,1.1580926198522157,1.1956408549281403
TCL_vs_C0,C0,85022,atomic_numbers,0.75,0.25,late_70_100,1.1458536874688485,0.10133485727340127,0.9948853121022372,11.307596599039334,11.341302709754311
TCL_vs_C0,C0,85022,pos,0.75,0.25,late_70_100,0.06488662000625521,0.06298533545972025,0.9980535905357307,1.0301861462300357,1.0372864562021218
TCL_vs_C0,C0,85022,cell,0.75,0.25,late_70_100,0.016080460624229263,0.017411850956168068,0.9998518670599321,0.9235353934920303,0.9258295419214547
TCL_vs_C0,C0,85023,atomic_numbers,0.75,0.25,late_70_100,1.1268434251909378,0.09827521962161402,0.9951767622052112,11.46620103755135,11.47854432413567
TCL_vs_C0,C0,85023,pos,0.75,0.25,late_70_100,0.2170481552878598,0.21027821015339224,0.9778903903220912,1.03219518146711,1.0321415776254208
TCL_vs_C0,C0,85023,cell,0.75,0.25,late_70_100,0.03328540749364121,0.049759115951886215,0.9987612547115742,0.668930845271166,0.6680243916509881
TCL_vs_C0,C0,85024,atomic_numbers,0.75,0.25,late_70_100,2.8691040455321293,0.19669328956781387,0.9860036639249956,14.586690028095493,12.860230285757256
TCL_vs_C0,C0,85024,pos,0.75,0.25,late_70_100,0.03744336436672484,0.04238184840624496,0.9992045022048919,0.8834764356621964,0.8700977216598678
TCL_vs_C0,C0,85024,cell,0.75,0.25,late_70_100,0.06616633344535276,0.05191918119195044,0.9993787961685631,1.274410187647782,1.225030561396569
TCL_vs_C0,C0,85025,atomic_numbers,0.75,0.25,late_70_100,1.7673853209141606,0.12865143678707483,0.9952462439342726,13.737781443041944,14.827289195044525
TCL_vs_C0,C0,85025,pos,0.75,0.25,late_70_100,0.20549819672870434,0.21282684167291407,0.9772173379556756,0.9655652224756835,0.928331015859097
TCL_vs_C0,C0,85025,cell,0.75,0.25,late_70_100,0.08689690024468351,0.06130720432460385,0.9992398046896024,1.417401122787946,1.3492585177948235
TCL_vs_C0,C0,85026,atomic_numbers,0.75,0.25,late_70_100,1.0679362214919308,0.10008841538925262,0.9952167027868916,10.669928356230168,10.85118591813658
TCL_vs_C0,C0,85026,pos,0.75,0.25,late_70_100,0.06147962556539654,0.07127462680234686,0.9974801040671708,0.8625737983292001,0.8545099891438385
TCL_vs_C0,C0,85026,cell,0.75,0.25,late_70_100,0.0362809709710019,0.044837663755383644,0.9990866143522944,0.8091628316973954,0.797433455822472
TCL_vs_C0,C0,85027,atomic_numbers,0.75,0.25,late_70_100,1.273262440860785,0.09566741401596424,0.9965902341819146,13.309259521202412,13.908292146770208
TCL_vs_C0,C0,85027,pos,0.75,0.25,late_70_100,0.13072273607722815,0.12345287345526473,0.9923539996433489,1.0588877554526732,1.053607538073795
TCL_vs_C0,C0,85027,cell,0.75,0.25,late_70_100,0.05813254507197846,0.06270703794015547,0.999594270712001,0.9270497695562867,0.8748841653765285
TCL_vs_C0,C0,85028,atomic_numbers,0.75,0.25,late_70_100,1.5942203693160337,0.14705188040365116,0.9894902378329524,10.84121036018014,11.017197951228797
TCL_vs_C0,C0,85028,pos,0.75,0.25,late_70_100,0.18438895006142506,0.21403757410024868,0.9769462041650806,0.8614793492990295,0.8283855537549002
TCL_vs_C0,C0,85028,cell,0.75,0.25,late_70_100,0.04105225802878212,0.04463103546073063,0.9993721332412427,0.9198141518563386,0.8942726983785652
TCL_vs_C0,C0,85029,atomic_numbers,0.75,0.25,late_70_100,2.5393217255367966,0.156796128202386,0.9970751766931448,16.195053759612904,18.36492639510433
TCL_vs_C0,C0,85029,pos,0.75,0.25,late_70_100,0.11496210269882794,0.0995181451780935,0.9952967695055006,1.1551873529505254,1.1760844197881937
TCL_vs_C0,C0,85029,cell,0.75,0.25,late_70_100,0.019757962914754828,0.037266716326453245,0.9994182008360896,0.5301771892558702,0.5378310745697162
TCL_vs_C0,C0,85030,atomic_numbers,0.75,0.25,late_70_100,2.498118646233287,0.20442322537495733,0.9963779683493906,12.220326930324017,14.447793743425924
TCL_vs_C0,C0,85030,pos,0.75,0.25,late_70_100,0.07259542540465082,0.0590956246343047,0.9982536635317169,1.228439937032319,1.2242875285041988
TCL_vs_C0,C0,85030,cell,0.75,0.25,late_70_100,0.09549432557023303,0.0795838938441233,0.998827332467848,1.1999202471453916,1.1227218962486127
TCL_vs_C0,C0,85031,atomic_numbers,0.75,0.25,late_70_100,1.169717437552021,0.10354703986686947,0.9946402523809026,11.296483598719266,11.299057375527248
TCL_vs_C0,C0,85031,pos,0.75,0.25,late_70_100,0.09184330479807186,0.08576287928162013,0.9963434110449965,1.0708981037878333,1.0590068322496022
TCL_vs_C0,C0,85031,cell,0.75,0.25,late_70_100,0.030066243106091406,0.027261087414382115,0.9998917706894276,1.1028996257218036,1.0774682932470527
TCL_vs_C0,TCL,85000,atomic_numbers,0.75,0.25,late_70_100,2.1893570347115743,0.22321715638887846,0.9888705810387618,9.80819337603862,11.331175169942858
TCL_vs_C0,TCL,85000,pos,0.75,0.25,late_70_100,0.49186951671206824,0.6102939269693903,0.7941511069839304,0.8059551225662751,0.685173981666814
TCL_vs_C0,TCL,85000,cell,0.75,0.25,late_70_100,0.12799219501557835,0.09596739575310362,0.9953863175632438,1.3337049944010702,1.3249993946123506
TCL_vs_C0,TCL,85001,atomic_numbers,0.75,0.25,late_70_100,1.6719837823463166,0.17630766199024628,0.9865068889072927,9.483330239152142,9.975803207594408
TCL_vs_C0,TCL,85001,pos,0.75,0.25,late_70_100,0.03564974759948488,0.03733416112724732,0.9993298329649513,0.9548827808927755,0.9472288708728714
TCL_vs_C0,TCL,85001,cell,0.75,0.25,late_70_100,0.07782119102961683,0.1687274696488073,0.9865831834650575,0.46122419302319523,0.43538475920695496
TCL_vs_C0,TCL,85002,atomic_numbers,0.75,0.25,late_70_100,2.160781982242031,0.21391262621997922,0.9887368542824934,10.101236287099614,11.53130823608462
TCL_vs_C0,TCL,85002,pos,0.75,0.25,late_70_100,0.33901517968239225,0.359044580855949,0.9342897662246987,0.9442147236262212,0.8419951948212578
TCL_vs_C0,TCL,85002,cell,0.75,0.25,late_70_100,0.02098489575768991,0.029063214628511885,0.9996067585910924,0.7220431747114132,0.7272743554730711
TCL_vs_C0,TCL,85003,atomic_numbers,0.75,0.25,late_70_100,1.0440177424519992,0.09873486469984906,0.9951260542629786,10.573952226761856,10.574686821845408
TCL_vs_C0,TCL,85003,pos,0.75,0.25,late_70_100,0.24038110913137728,0.19330925096385845,0.9833680972424048,1.2435054604620006,1.140514421458143
TCL_vs_C0,TCL,85003,cell,0.75,0.25,late_70_100,0.038244051042502225,0.05202880434185595,0.9989933858357667,0.7350553510939669,0.7536905424568516
TCL_vs_C0,TCL,85004,atomic_numbers,0.75,0.25,late_70_100,1.2263325089516877,0.09769496132920533,0.9953632728243199,12.552668963338677,12.709094408865361
TCL_vs_C0,TCL,85004,pos,0.75,0.25,late_70_100,0.18393616462400517,0.1600407634048417,0.9871121189846496,1.149308218173874,1.1323826563636963
TCL_vs_C0,TCL,85004,cell,0.75,0.25,late_70_100,0.04558168530778451,0.06332215688733456,0.9994730727521436,0.7198378505786744,0.7585962767113926
TCL_vs_C0,TCL,85005,atomic_numbers,0.75,0.25,late_70_100,1.7568247455122814,0.16026230953966147,0.9924516892750384,10.962182877300322,12.010422030628444
TCL_vs_C0,TCL,85005,pos,0.75,0.25,late_70_100,0.15757439807476625,0.14272379994570863,0.9897922385520225,1.1040513084342396,1.0843184059128628
TCL_vs_C0,TCL,85005,cell,0.75,0.25,late_70_100,0.06658912257722245,0.1301334137476547,0.9969723526415226,0.5116988839342006,0.5635445723295107
TCL_vs_C0,TCL,85006,atomic_numbers,0.75,0.25,late_70_100,1.2295376421077977,0.10558386715990041,0.9952388482025057,11.645127945974332,12.06246989189058
TCL_vs_C0,TCL,85006,pos,0.75,0.25,late_70_100,0.05613685978683114,0.050710472120715555,0.9987211802100172,1.1070072401061097,1.1012265728604158
TCL_vs_C0,TCL,85006,cell,0.75,0.25,late_70_100,0.05029169158208568,0.04985491049482798,0.9988205379521439,1.0087610444572557,1.0189831472844586
TCL_vs_C0,TCL,85007,atomic_numbers,0.75,0.25,late_70_100,0.8470133439057169,0.07466336956504087,0.9975832628358213,11.344429655935436,11.62706806608538
TCL_vs_C0,TCL,85007,pos,0.75,0.25,late_70_100,0.06793709174575556,0.1168184468237969,0.9949048273877152,0.5815613337868503,0.612916038688631
TCL_vs_C0,TCL,85007,cell,0.75,0.25,late_70_100,0.03795659918581308,0.05373686175120913,0.9986837673912532,0.7063419401293752,0.6940905233998733
TCL_vs_C0,TCL,85008,atomic_numbers,0.75,0.25,late_70_100,1.8317637854487556,0.1518106520308459,0.9947958473235349,12.06610841165853,13.361234399192888
TCL_vs_C0,TCL,85008,pos,0.75,0.25,late_70_100,0.11546490509396105,0.11559872053851447,0.9939166447328449,0.9988424141380627,1.027844685193351
TCL_vs_C0,TCL,85008,cell,0.75,0.25,late_70_100,0.04105525056667993,0.052358857698679984,0.9988142221584868,0.7841128009886849,0.7982922091377355
TCL_vs_C0,TCL,85009,atomic_numbers,0.75,0.25,late_70_100,1.153507656689078,0.08476564914415749,0.9965042769000994,13.60819705075761,13.755935791791682
TCL_vs_C0,TCL,85009,pos,0.75,0.25,late_70_100,0.137824705134665,0.15418655323410668,0.9899368533816092,0.8938827818882562,0.8301597814023387
TCL_vs_C0,TCL,85009,cell,0.75,0.25,late_70_100,0.0802060496933832,0.046821556135438334,0.9990586915186511,1.7130154636760735,1.681216601799281
TCL_vs_C0,TCL,85010,atomic_numbers,0.75,0.25,late_70_100,1.5225170967817174,0.12142183241151694,0.9936223733641518,12.539071981895951,11.894331436011209
TCL_vs_C0,TCL,85010,pos,0.75,0.25,late_70_100,0.06395773252602627,0.05617436613116716,0.9990648050843277,1.1385572625187252,1.1783228129828187
TCL_vs_C0,TCL,85010,cell,0.75,0.25,late_70_100,0.05853701543742621,0.052798731109563506,0.9989248182734983,1.1086822392749383,1.0794754348192421
TCL_vs_C0,TCL,85011,atomic_numbers,0.75,0.25,late_70_100,1.165821220904701,0.10793113493503562,0.9941850277489725,10.801528415377225,10.817353613446073
TCL_vs_C0,TCL,85011,pos,0.75,0.25,late_70_100,0.12133497093841697,0.12193459639012245,0.9928246348028142,0.9950824009800548,1.0116745936879712
TCL_vs_C0,TCL,85011,cell,0.75,0.25,late_70_100,0.03662529699930181,0.049697627305267535,0.9989276044433041,0.7369626878629641,0.7494829279763611
TCL_vs_C0,TCL,85012,atomic_numbers,0.75,0.25,late_70_100,1.3237997193205815,0.09689722763123806,0.9963448463121956,13.661894686590712,14.236850123647525
TCL_vs_C0,TCL,85012,pos,0.75,0.25,late_70_100,0.25121885786704395,0.2656516508488562,0.9644773115137568,0.9456702304100347,0.9386116471039293
TCL_vs_C0,TCL,85012,cell,0.75,0.25,late_70_100,0.06925168949545911,0.05541938964506146,0.9993501081441255,1.2495931467125112,1.196180040671475
TCL_vs_C0,TCL,85013,atomic_numbers,0.75,0.25,late_70_100,1.1486139000244888,0.11500152362291514,0.9933769591090681,9.98781462922824,9.873626418001457
TCL_vs_C0,TCL,85013,pos,0.75,0.25,late_70_100,0.2285131319570352,0.2388633471907796,0.9731667120745262,0.9566688847180991,0.8696733144599655
TCL_vs_C0,TCL,85013,cell,0.75,0.25,late_70_100,0.0590944975069821,0.08144737424910066,0.997948914727646,0.725554360122722,0.7606020895359906
TCL_vs_C0,TCL,85014,atomic_numbers,0.75,0.25,late_70_100,1.9782313966007692,0.17426286138285557,0.9889980420427305,11.35199652354264,12.272760610918514
TCL_vs_C0,TCL,85014,pos,0.75,0.25,late_70_100,0.07113979594251056,0.08210535107098313,0.9970304288235569,0.866445304898673,0.8885464793813563
TCL_vs_C0,TCL,85014,cell,0.75,0.25,late_70_100,0.08178691494820599,0.10061306544717802,0.9950881942704493,0.8128856285682321,0.8235136140704615
TCL_vs_C0,TCL,85015,atomic_numbers,0.75,0.25,late_70_100,2.099275606325559,0.1734734287102936,0.9865996177428882,12.101424534770798,12.652304459846276
TCL_vs_C0,TCL,85015,pos,0.75,0.25,late_70_100,0.05075957332745257,0.058528632275412475,0.9985922104734116,0.8672605416200091,0.8874945255722376
TCL_vs_C0,TCL,85015,cell,0.75,0.25,late_70_100,0.06892535421346346,0.0779708000611812,0.9969604131137453,0.8839893159923964,0.8840285655473353
TCL_vs_C0,TCL,85016,atomic_numbers,0.75,0.25,late_70_100,1.8588380766099608,0.14702601306956614,0.9977216383338775,12.642919697009276,14.265703635770326
TCL_vs_C0,TCL,85016,pos,0.75,0.25,late_70_100,0.11754132211557167,0.17412983571561896,0.9852010677814311,0.6750211509274888,0.6857530989270822
TCL_vs_C0,TCL,85016,cell,0.75,0.25,late_70_100,0.022738832121112672,0.021377562708706204,0.9998658422166715,1.0636774842368761,1.048923144747329
TCL_vs_C0,TCL,85017,atomic_numbers,0.75,0.25,late_70_100,1.4075140792233103,0.13156508646006768,0.9938728177168844,10.69823398512733,11.396132432993424
TCL_vs_C0,TCL,85017,pos,0.75,0.25,late_70_100,0.10307753847587615,0.11444684317268716,0.9937304742467565,0.9006586430727841,0.9170428565479821
TCL_vs_C0,TCL,85017,cell,0.75,0.25,late_70_100,0.19323539290961958,0.12566417062848087,0.995419988874758,1.5377127143178249,1.4052503115328057
TCL_vs_C0,TCL,85018,atomic_numbers,0.75,0.25,late_70_100,1.6982489660036624,0.13705757972294966,0.9945498884189106,12.390770137897734,13.425548371589182
TCL_vs_C0,TCL,85018,pos,0.75,0.25,late_70_100,0.05043330687505729,0.04644443002067643,0.9989711675505131,1.0858849350203041,1.0738829336227147
TCL_vs_C0,TCL,85018,cell,0.75,0.25,late_70_100,0.0962440072785316,0.12407975121084829,0.9930270064734034,0.7756624778767044,0.7402283332919142
TCL_vs_C0,TCL,85019,atomic_numbers,0.75,0.25,late_70_100,1.850639730134995,0.18015118191635224,0.9951035528038384,10.272703794939764,11.769649523303027
TCL_vs_C0,TCL,85019,pos,0.75,0.25,late_70_100,0.3110858515077475,0.297968887810354,0.9556099592384055,1.0440212526676338,1.0440844362061024
TCL_vs_C0,TCL,85019,cell,0.75,0.25,late_70_100,0.02529555863382238,0.028501769923248543,0.9997583494569177,0.887508344286686,0.8711932872617326
TCL_vs_C0,TCL,85020,atomic_numbers,0.75,0.25,late_70_100,1.2102745057562128,0.09700264526446822,0.9952883031039066,12.476716510735534,12.381942767902377
TCL_vs_C0,TCL,85020,pos,0.75,0.25,late_70_100,0.070147145841597,0.10894400923188759,0.9984813984244262,0.6438825442185502,0.7034225101004689
TCL_vs_C0,TCL,85020,cell,0.75,0.25,late_70_100,0.07495832341916724,0.08599174125449527,0.9975283751491835,0.8716921221228179,0.9127496370001045
TCL_vs_C0,TCL,85021,atomic_numbers,0.75,0.25,late_70_100,1.689260312686626,0.1262341549734363,0.9940506058126255,13.381959209392269,14.15624251623874
TCL_vs_C0,TCL,85021,pos,0.75,0.25,late_70_100,0.06412540146520572,0.06534007862629822,0.9978919025863325,0.9814099219555635,0.9867877831791788
TCL_vs_C0,TCL,85021,cell,0.75,0.25,late_70_100,0.028362064075944843,0.0787145393531094,0.99704095482881,0.3603154424713594,0.36534959980312137
TCL_vs_C0,TCL,85022,atomic_numbers,0.75,0.25,late_70_100,1.2503948349841638,0.09767049509127994,0.9957118678103417,12.802175660270608,13.148386830479257
TCL_vs_C0,TCL,85022,pos,0.75,0.25,late_70_100,0.1150478033803307,0.10524923490114195,0.9944575510814146,1.0930987145739568,1.0817726746803213
TCL_vs_C0,TCL,85022,cell,0.75,0.25,late_70_100,0.00834149048647122,0.015381850268624566,0.9999524264483293,0.5422943495611798,0.5487183544227302
TCL_vs_C0,TCL,85023,atomic_numbers,0.75,0.25,late_70_100,1.7671040655092258,0.1578737550115865,0.9929393777164773,11.193146482007325,12.280178038793784
TCL_vs_C0,TCL,85023,pos,0.75,0.25,late_70_100,0.11889985963954171,0.1035590845455612,0.994644435822854,1.1481354838283768,1.1494306781240053
TCL_vs_C0,TCL,85023,cell,0.75,0.25,late_70_100,0.037058299266568076,0.031898068791715396,0.999491251258037,1.1617725044280078,1.1617601684494072
TCL_vs_C0,TCL,85024,atomic_numbers,0.75,0.25,late_70_100,3.1083585287349424,0.21589750152337753,0.9858395994927772,14.397380732997357,12.235705283164588
TCL_vs_C0,TCL,85024,pos,0.75,0.25,late_70_100,0.031169846330090185,0.025017207619051955,0.9998445700103747,1.2459362693361773,1.267856661042239
TCL_vs_C0,TCL,85024,cell,0.75,0.25,late_70_100,0.07330681790379188,0.1013113534492692,0.9951964951510234,0.72357949438016,0.7389731748147372
TCL_vs_C0,TCL,85025,atomic_numbers,0.75,0.25,late_70_100,2.567248034710613,0.18863590110865971,0.9855488098592545,13.609541023857405,12.28319636700193
TCL_vs_C0,TCL,85025,pos,0.75,0.25,late_70_100,0.03810178290421267,0.05147686047436033,0.9989831345648595,0.7401730127498833,0.7578084099046872
TCL_vs_C0,TCL,85025,cell,0.75,0.25,late_70_100,0.0494078792860786,0.06717823851253509,0.9977443410738223,0.7354744688171507,0.731913768667032
TCL_vs_C0,TCL,85026,atomic_numbers,0.75,0.25,late_70_100,1.424656362129877,0.09789912388209492,0.9963430756809665,14.552289189489239,15.194508018553842
TCL_vs_C0,TCL,85026,pos,0.75,0.25,late_70_100,0.07316540702868361,0.06901968117719678,0.9977302387826864,1.0600658505049212,1.0737135676169154
TCL_vs_C0,TCL,85026,cell,0.75,0.25,late_70_100,0.03403006220964289,0.08795316203484915,0.9962333448954911,0.38691118570767663,0.3911486026496171
TCL_vs_C0,TCL,85027,atomic_numbers,0.75,0.25,late_70_100,3.0772624409199847,0.27341896698624096,0.98713042106199,11.254751178526831,13.60593603235337
TCL_vs_C0,TCL,85027,pos,0.75,0.25,late_70_100,0.16034360494612057,0.21242101973004338,0.977487263383388,0.7548386932229885,0.7192933725674043
TCL_vs_C0,TCL,85027,cell,0.75,0.25,late_70_100,0.034110978599567514,0.049699293270527044,0.9991156256231561,0.6863473573737154,0.667554714204316
TCL_vs_C0,TCL,85028,atomic_numbers,0.75,0.25,late_70_100,1.6996816329915354,0.16356624510378548,0.9956068056708371,10.391396048207008,11.739386505974368
TCL_vs_C0,TCL,85028,pos,0.75,0.25,late_70_100,0.10751414635376956,0.0957716983867256,0.9954172983357698,1.1226087473110065,1.1115434254238745
TCL_vs_C0,TCL,85028,cell,0.75,0.25,late_70_100,0.029015180194560657,0.051993533377817445,0.9986606575774105,0.5580536330108257,0.5544368948275727
TCL_vs_C0,TCL,85029,atomic_numbers,0.75,0.25,late_70_100,1.9336371195571254,0.17976140331134338,0.9923476484435433,10.756686830087222,12.079676175418323
TCL_vs_C0,TCL,85029,pos,0.75,0.25,late_70_100,0.11712056156529026,0.10549672213316884,0.9944272692603213,1.1101819961519621,1.1083167302265895
TCL_vs_C0,TCL,85029,cell,0.75,0.25,late_70_100,0.020084775479299967,0.021267754972831482,0.9998862481556109,0.9443768514804353,0.9584296217403327
TCL_vs_C0,TCL,85030,atomic_numbers,0.75,0.25,late_70_100,1.956516730916736,0.13936958962297075,0.9903464747034982,14.038333155816836,14.106259409366462
TCL_vs_C0,TCL,85030,pos,0.75,0.25,late_70_100,0.026575594590374695,0.03117456833957484,0.9995749482283464,0.8524767464586852,0.8615276437599487
TCL_vs_C0,TCL,85030,cell,0.75,0.25,late_70_100,0.04369461690130168,0.054202598808543674,0.998806229947729,0.806135090600385,0.7862361809661319
TCL_vs_C0,TCL,85031,atomic_numbers,0.75,0.25,late_70_100,1.390366299353043,0.09681876761377094,0.9953049010038149,14.360503997525436,14.327424512626473
TCL_vs_C0,TCL,85031,pos,0.75,0.25,late_70_100,0.048979764960529824,0.04913395728959797,0.9989268848516117,0.9968617970630916,1.0121438358371897
TCL_vs_C0,TCL,85031,cell,0.75,0.25,late_70_100,0.033795886691957426,0.0331711534492549,0.9995366983620265,1.018833630360736,1.0049247056415294
TCL_vs_C0,C0,85000,atomic_numbers,0.85,0.15000000000000002,late_70_100,1.350932061502725,0.10694407297419277,0.9944883449213748,12.632135881235095,12.828718375791727
TCL_vs_C0,C0,85000,pos,0.85,0.15000000000000002,late_70_100,0.29070723973297247,0.35115196039510527,0.9379945700858402,0.8278673409821712,0.7301337685780698
TCL_vs_C0,C0,85000,cell,0.85,0.15000000000000002,late_70_100,0.045380136978768984,0.0971237055000797,0.995779789577442,0.46724058503648985,0.4801208354003607
TCL_vs_C0,C0,85001,atomic_numbers,0.85,0.15000000000000002,late_70_100,1.44428125541951,0.11709381533443963,0.9933293900678032,12.334394018116159,12.001075937121575
TCL_vs_C0,C0,85001,pos,0.85,0.15000000000000002,late_70_100,0.04713008044646203,0.06390201611479923,0.9982792186561592,0.737536674301377,0.7175383713983199
TCL_vs_C0,C0,85001,cell,0.85,0.15000000000000002,late_70_100,0.048683789408534496,0.08104014145369853,0.9970147378383629,0.600736727938086,0.584156312795047
TCL_vs_C0,C0,85002,atomic_numbers,0.85,0.15000000000000002,late_70_100,2.1535608246877382,0.2062078670110837,0.9960434505974506,10.443640467761517,12.34562946894833
TCL_vs_C0,C0,85002,pos,0.85,0.15000000000000002,late_70_100,0.19749340197137472,0.24642724924148304,0.9733001506349742,0.801426800726261,0.7081699635932447
TCL_vs_C0,C0,85002,cell,0.85,0.15000000000000002,late_70_100,0.04672184420272172,0.09254071121529499,0.9961017829270636,0.5048788105164207,0.4887871988995513
TCL_vs_C0,C0,85003,atomic_numbers,0.85,0.15000000000000002,late_70_100,1.7147613082892492,0.13307031831786773,0.9952155780213198,12.886129153108097,13.988640815453705
TCL_vs_C0,C0,85003,pos,0.85,0.15000000000000002,late_70_100,0.1481074381239466,0.20145127190990716,0.9810120189529598,0.735202298400891,0.7612902138223971
TCL_vs_C0,C0,85003,cell,0.85,0.15000000000000002,late_70_100,0.020129532678638366,0.027832868994614207,0.9997080080711035,0.7232288084470748,0.7330068325336838
TCL_vs_C0,C0,85004,atomic_numbers,0.85,0.15000000000000002,late_70_100,2.165167652816482,0.16717280983154298,0.9938518329267896,12.951673510771775,14.49427525793217
TCL_vs_C0,C0,85004,pos,0.85,0.15000000000000002,late_70_100,0.3289875356666945,0.30932039244487486,0.9509887279669386,1.063581786724018,1.0033079272351586
TCL_vs_C0,C0,85004,cell,0.85,0.15000000000000002,late_70_100,0.12429357716918962,0.13933907996265346,0.9931733532600048,0.8920223759371999,0.8179475877435552
TCL_vs_C0,C0,85005,atomic_numbers,0.85,0.15000000000000002,late_70_100,1.1547975432221964,0.11551089497812991,0.9933327150335376,9.997304093616785,10.003189710942179
TCL_vs_C0,C0,85005,pos,0.85,0.15000000000000002,late_70_100,0.4273870964722706,0.3549913603606085,0.9381103114302705,1.2039366142266696,1.0356277766961814
TCL_vs_C0,C0,85005,cell,0.85,0.15000000000000002,late_70_100,0.024351943949597464,0.03374358283899225,0.9994454286823518,0.721676298151057,0.7252152860749884
TCL_vs_C0,C0,85006,atomic_numbers,0.85,0.15000000000000002,late_70_100,1.195056946266577,0.10696192236660798,0.9946718226998098,11.172732499800853,11.431750051055754
TCL_vs_C0,C0,85006,pos,0.85,0.15000000000000002,late_70_100,0.17432311365817532,0.18840775129278306,0.9831768378350783,0.9252438525593335,0.8669347108183639
TCL_vs_C0,C0,85006,cell,0.85,0.15000000000000002,late_70_100,0.049452989119637594,0.049559977086090716,0.9989380223743282,0.9978412426166527,0.9785627177332894
TCL_vs_C0,C0,85007,atomic_numbers,0.85,0.15000000000000002,late_70_100,1.1566527740852235,0.11124572328208185,0.9945141489871827,10.397278564609085,10.73396726751062
TCL_vs_C0,C0,85007,pos,0.85,0.15000000000000002,late_70_100,0.014185180779699684,0.03184973656995511,0.9995864540510713,0.44537827647469547,0.45129243879017106
TCL_vs_C0,C0,85007,cell,0.85,0.15000000000000002,late_70_100,0.10522931267354892,0.10611025836782086,0.9950474416777014,0.9916978272617317,0.9499624926712975
TCL_vs_C0,C0,85008,atomic_numbers,0.85,0.15000000000000002,late_70_100,1.509334353861219,0.1438875410756939,0.993372249184734,10.489680639321051,11.328109039478745
TCL_vs_C0,C0,85008,pos,0.85,0.15000000000000002,late_70_100,0.23213521002215742,0.2527068224649659,0.9691933756822445,0.9185949463407921,0.8383606796829445
TCL_vs_C0,C0,85008,cell,0.85,0.15000000000000002,late_70_100,0.09268774224634622,0.10674949656135119,0.9944151770240159,0.868273343032364,0.8773436520645079
TCL_vs_C0,C0,85009,atomic_numbers,0.85,0.15000000000000002,late_70_100,1.8483745340779352,0.15777401013870432,0.9882746392872936,11.71532961894655,11.112376301307595
TCL_vs_C0,C0,85009,pos,0.85,0.15000000000000002,late_70_100,0.2038246943574398,0.2037630923825732,0.9799088390208957,1.000302321554636,0.9384704092950418
TCL_vs_C0,C0,85009,cell,0.85,0.15000000000000002,late_70_100,0.05272228974749963,0.03936942415588055,0.9992394778474953,1.3391684251908107,1.3308781812381785
TCL_vs_C0,C0,85010,atomic_numbers,0.85,0.15000000000000002,late_70_100,1.648676903922329,0.13904084303347664,0.9903563899676151,11.85750077425365,11.603789358502436
TCL_vs_C0,C0,85010,pos,0.85,0.15000000000000002,late_70_100,0.04390456621664514,0.06408101146984388,0.9992760542151755,0.6851415920191327,0.7199753070247993
TCL_vs_C0,C0,85010,cell,0.85,0.15000000000000002,late_70_100,0.06860648607549402,0.04611110961590969,0.9994212657855415,1.487851553496834,1.5333078761126588
TCL_vs_C0,C0,85011,atomic_numbers,0.85,0.15000000000000002,late_70_100,1.6866920204928542,0.118714260456219,0.994329622143971,14.207998382089027,14.87716284052644
TCL_vs_C0,C0,85011,pos,0.85,0.15000000000000002,late_70_100,0.10004875681924837,0.13614643220027567,0.9908396138764513,0.7348613930042142,0.7408365381056543
TCL_vs_C0,C0,85011,cell,0.85,0.15000000000000002,late_70_100,0.03618008344568151,0.05085932679585059,0.999100016728215,0.7113755868399204,0.6907722484183935
TCL_vs_C0,C0,85012,atomic_numbers,0.85,0.15000000000000002,late_70_100,1.5494454418491115,0.12923300974371507,0.9921101250969425,11.989548528830621,12.270987077406573
TCL_vs_C0,C0,85012,pos,0.85,0.15000000000000002,late_70_100,0.25493149856042524,0.2805148756346046,0.9624489594883329,0.908798501269131,0.9389120458396353
TCL_vs_C0,C0,85012,cell,0.85,0.15000000000000002,late_70_100,0.09967742839769146,0.13339854681248975,0.9933376884821478,0.7472152491870993,0.792444905065902
TCL_vs_C0,C0,85013,atomic_numbers,0.85,0.15000000000000002,late_70_100,1.5590003474193386,0.13623715126025368,0.9953956877734303,11.44328351699884,12.498476111127532
TCL_vs_C0,C0,85013,pos,0.85,0.15000000000000002,late_70_100,0.2550049339725598,0.23889220596791,0.9716850579412919,1.0674476923153122,0.9996139879882269
TCL_vs_C0,C0,85013,cell,0.85,0.15000000000000002,late_70_100,0.0821849677642501,0.08129431642721811,0.9967062093644917,1.0109558869079043,1.0019041720001618
TCL_vs_C0,C0,85014,atomic_numbers,0.85,0.15000000000000002,late_70_100,1.3696773523111305,0.12496965537869477,0.9921769242137599,10.960079454173142,10.93678509210423
TCL_vs_C0,C0,85014,pos,0.85,0.15000000000000002,late_70_100,0.15528463144037852,0.18060850009085574,0.9836887068442207,0.8597858426500525,0.8318208311814166
TCL_vs_C0,C0,85014,cell,0.85,0.15000000000000002,late_70_100,0.09835700713163821,0.09354340781022003,0.9956740201764606,1.0514584558559592,1.058289135706557
TCL_vs_C0,C0,85015,atomic_numbers,0.85,0.15000000000000002,late_70_100,1.4092612919924872,0.11090396242126105,0.9949304622160012,12.707041851575205,13.236779288171931
TCL_vs_C0,C0,85015,pos,0.85,0.15000000000000002,late_70_100,0.06386494447117981,0.06990414172761406,0.9976868221965004,0.913607447181508,0.896605274213451
TCL_vs_C0,C0,85015,cell,0.85,0.15000000000000002,late_70_100,0.08819137210838486,0.10416112257436896,0.9951259113625436,0.8466822354513123,0.814155344746862
TCL_vs_C0,C0,85016,atomic_numbers,0.85,0.15000000000000002,late_70_100,2.284591462835078,0.17836407494767437,0.9959424469684097,12.808585268671932,14.72909849567217
TCL_vs_C0,C0,85016,pos,0.85,0.15000000000000002,late_70_100,0.09602453707880428,0.1117185340799632,0.9939556035983542,0.8595219931016473,0.8365287262295258
TCL_vs_C0,C0,85016,cell,0.85,0.15000000000000002,late_70_100,0.040272583279576085,0.026682672869735885,0.999694841251474,1.5093159323350323,1.4936313987475887
TCL_vs_C0,C0,85017,atomic_numbers,0.85,0.15000000000000002,late_70_100,1.9486745177972828,0.1584488861300062,0.9882657415736562,12.298442516020014,12.672304915995392
TCL_vs_C0,C0,85017,pos,0.85,0.15000000000000002,late_70_100,0.2291515531287986,0.2943313175820731,0.9557888665932885,0.7785496800383827,0.73418066438496
TCL_vs_C0,C0,85017,cell,0.85,0.15000000000000002,late_70_100,0.059366761921977526,0.05943129552861031,0.9989318843260486,0.9989141477388503,1.0351829148883593
TCL_vs_C0,C0,85018,atomic_numbers,0.85,0.15000000000000002,late_70_100,2.2890978443668515,0.2010604098799889,0.997098577707236,11.385124728101339,13.470791564415503
TCL_vs_C0,C0,85018,pos,0.85,0.15000000000000002,late_70_100,0.17653699561270644,0.23939932068876854,0.9712157850194713,0.7374164433917239,0.7338290198649652
TCL_vs_C0,C0,85018,cell,0.85,0.15000000000000002,late_70_100,0.050156094545760366,0.039523121647208594,0.999251811033772,1.2690317074006414,1.257752360628367
TCL_vs_C0,C0,85019,atomic_numbers,0.85,0.15000000000000002,late_70_100,1.394411045958041,0.1275085469140397,0.9918520822569961,10.935824144385293,10.787846389619293
TCL_vs_C0,C0,85019,pos,0.85,0.15000000000000002,late_70_100,0.2621247320280304,0.27198236562195227,0.9646255129123048,0.9637563502641795,0.8651801838647755
TCL_vs_C0,C0,85019,cell,0.85,0.15000000000000002,late_70_100,0.0377068174807754,0.025521780649665718,0.9998069643938556,1.4774367822673566,1.5012173624053426
TCL_vs_C0,C0,85020,atomic_numbers,0.85,0.15000000000000002,late_70_100,1.34707711028603,0.11555928084841123,0.9975547595803598,11.657022269402178,12.70130904746755
TCL_vs_C0,C0,85020,pos,0.85,0.15000000000000002,late_70_100,0.14581609410630733,0.19606518685650326,0.9835279151813401,0.7437123155016172,0.6749753308615429
TCL_vs_C0,C0,85020,cell,0.85,0.15000000000000002,late_70_100,0.10470442948033645,0.06564553080316139,0.9981295813575685,1.594997072904985,1.5538670824018213
TCL_vs_C0,C0,85021,atomic_numbers,0.85,0.15000000000000002,late_70_100,1.3660985315344008,0.10118429968440705,0.995218742364971,13.501091926269698,13.793389615609115
TCL_vs_C0,C0,85021,pos,0.85,0.15000000000000002,late_70_100,0.08943136011649343,0.08076487124874185,0.9972199255343474,1.1073051777803284,1.0697302884599964
TCL_vs_C0,C0,85021,cell,0.85,0.15000000000000002,late_70_100,0.05341865069431748,0.09140326276468372,0.9959907436322005,0.5844282696104949,0.5930518284049637
TCL_vs_C0,C0,85022,atomic_numbers,0.85,0.15000000000000002,late_70_100,1.1290431023639624,0.10055181330036808,0.9952089032878616,11.228470828181768,11.438346832686404
TCL_vs_C0,C0,85022,pos,0.85,0.15000000000000002,late_70_100,0.10132256384304678,0.10705643141971653,0.9944060770745706,0.9464406995391987,0.9576624006932803
TCL_vs_C0,C0,85022,cell,0.85,0.15000000000000002,late_70_100,0.02860854025104711,0.030813689649807942,0.9995986059164325,0.9284360482687416,0.9393145696365104
TCL_vs_C0,C0,85023,atomic_numbers,0.85,0.15000000000000002,late_70_100,1.1794836388212455,0.10598876297013313,0.994416645759682,11.128383856632194,10.95603799123559
TCL_vs_C0,C0,85023,pos,0.85,0.15000000000000002,late_70_100,0.2352628467847545,0.2485203147517611,0.9692691355125791,0.9466543892790051,0.9509652151224842
TCL_vs_C0,C0,85023,cell,0.85,0.15000000000000002,late_70_100,0.055458772630079985,0.09331442324828534,0.9956578799031828,0.5943215496549623,0.5878803410196203
TCL_vs_C0,C0,85024,atomic_numbers,0.85,0.15000000000000002,late_70_100,2.4010139147784204,0.17222949540562646,0.9851780866848522,13.940782379485412,13.518696469228923
TCL_vs_C0,C0,85024,pos,0.85,0.15000000000000002,late_70_100,0.020717067001589946,0.03468351451445711,0.999399694723118,0.5973174083311097,0.5959780716874843
TCL_vs_C0,C0,85024,cell,0.85,0.15000000000000002,late_70_100,0.05047779617109235,0.0504458108738818,0.9993749160903307,1.000634052593396,0.9639996086636254
TCL_vs_C0,C0,85025,atomic_numbers,0.85,0.15000000000000002,late_70_100,2.2101489142989776,0.18232262383090522,0.9920481214379291,12.122186856792805,13.624865577802453
TCL_vs_C0,C0,85025,pos,0.85,0.15000000000000002,late_70_100,0.18280199665990113,0.1970680126213188,0.9807066403047392,0.9276086678316948,0.9328337484382209
TCL_vs_C0,C0,85025,cell,0.85,0.15000000000000002,late_70_100,0.02504591721605051,0.030547221160215524,0.9997999011180206,0.8199082032597496,0.8008155337725598
TCL_vs_C0,C0,85026,atomic_numbers,0.85,0.15000000000000002,late_70_100,1.2496567082394523,0.10634881030325792,0.9947066925602142,11.750547135186617,12.010465862702121
TCL_vs_C0,C0,85026,pos,0.85,0.15000000000000002,late_70_100,0.1299496705013893,0.1313470324559724,0.9913588927126357,0.9893612978652452,0.9874117683861531
TCL_vs_C0,C0,85026,cell,0.85,0.15000000000000002,late_70_100,0.08102528818653197,0.10354027703720561,0.9971690363198715,0.7825484971168928,0.7246308693717847
TCL_vs_C0,C0,85027,atomic_numbers,0.85,0.15000000000000002,late_70_100,1.6123603314876043,0.1381094933076606,0.9916315511857866,11.674507616184055,12.149618768854243
TCL_vs_C0,C0,85027,pos,0.85,0.15000000000000002,late_70_100,0.38209847236942757,0.4557968915158631,0.8968172273432495,0.8383086402776168,0.659855366622226
TCL_vs_C0,C0,85027,cell,0.85,0.15000000000000002,late_70_100,0.14088681849016157,0.13178216378066548,0.9914565686563815,1.0690886721563446,1.0800318404924962
TCL_vs_C0,C0,85028,atomic_numbers,0.85,0.15000000000000002,late_70_100,1.4990815146172112,0.15862635243779505,0.9883434864363172,9.450393907311666,9.761299561529757
TCL_vs_C0,C0,85028,pos,0.85,0.15000000000000002,late_70_100,0.30932796535212653,0.3672119475925387,0.9323275355292356,0.8423690116296524,0.8391650831074157
TCL_vs_C0,C0,85028,cell,0.85,0.15000000000000002,late_70_100,0.049941473493964286,0.05463526924830889,0.9985166067825452,0.9140885398951358,0.9168638898075799
TCL_vs_C0,C0,85029,atomic_numbers,0.85,0.15000000000000002,late_70_100,2.1782452621560173,0.14416313301248107,0.9962368146180085,15.109586040748953,16.79333442175458
TCL_vs_C0,C0,85029,pos,0.85,0.15000000000000002,late_70_100,0.2806895377444834,0.47107160708800494,0.9017679798371916,0.595853228089048,0.6489448046203348
TCL_vs_C0,C0,85029,cell,0.85,0.15000000000000002,late_70_100,0.07198241857512966,0.04890413615978928,0.9995810557876139,1.4719085997130068,1.529313939849847
TCL_vs_C0,C0,85030,atomic_numbers,0.85,0.15000000000000002,late_70_100,2.4693255338583304,0.19689451153888998,0.9908137844536227,12.5413629590716,14.22090295300333
TCL_vs_C0,C0,85030,pos,0.85,0.15000000000000002,late_70_100,0.16315374170735597,0.27317575141445394,0.9734598722885559,0.5972482581729008,0.6704835811776199
TCL_vs_C0,C0,85030,cell,0.85,0.15000000000000002,late_70_100,0.13337970202541097,0.11204625907327172,0.9938602122609146,1.1903985293983659,1.1620467451884486
TCL_vs_C0,C0,85031,atomic_numbers,0.85,0.15000000000000002,late_70_100,1.2903718867471914,0.11793210817601235,0.9930280162165486,10.941650299520855,10.826490653365319
TCL_vs_C0,C0,85031,pos,0.85,0.15000000000000002,late_70_100,0.24386873317197874,0.22983333612954396,0.9776082339991022,1.0610677166280345,0.9392460062250337
TCL_vs_C0,C0,85031,cell,0.85,0.15000000000000002,late_70_100,0.0810900703946456,0.05850566351652637,0.9994197745512472,1.3860208656849042,1.319285199657929
TCL_vs_C0,TCL,85000,atomic_numbers,0.85,0.15000000000000002,late_70_100,2.302257464862041,0.2249343487987927,0.9913329585871975,10.235241870157614,12.015312206287149
TCL_vs_C0,TCL,85000,pos,0.85,0.15000000000000002,late_70_100,0.3699184771321855,0.3448268518107886,0.9386736307764438,1.0727658684050656,1.0109539198231587
TCL_vs_C0,TCL,85000,cell,0.85,0.15000000000000002,late_70_100,0.03840301040377007,0.030384335173945766,0.9995578551803826,1.2639082008514777,1.255444771207337
TCL_vs_C0,TCL,85001,atomic_numbers,0.85,0.15000000000000002,late_70_100,1.5233223255338482,0.14718895228310408,0.9897331173939183,10.349433852915004,10.607064369637646
TCL_vs_C0,TCL,85001,pos,0.85,0.15000000000000002,late_70_100,0.24104937554646827,0.261118237955165,0.9704101510035494,0.9231426247133966,0.9875791561555597
TCL_vs_C0,TCL,85001,cell,0.85,0.15000000000000002,late_70_100,0.0968414790078008,0.16285728604858082,0.9911179214547374,0.5946401377394481,0.6452585601255819
TCL_vs_C0,TCL,85002,atomic_numbers,0.85,0.15000000000000002,late_70_100,2.2413199937810857,0.2332964270010484,0.9916871595713845,9.607176683297483,11.396907002792585
TCL_vs_C0,TCL,85002,pos,0.85,0.15000000000000002,late_70_100,0.3054973773213543,0.2963031042972745,0.9557467808503991,1.031029958480811,0.9489885150708891
TCL_vs_C0,TCL,85002,cell,0.85,0.15000000000000002,late_70_100,0.0278398926616794,0.04046137808227384,0.999182217386856,0.6880609109524147,0.6885249506384666
TCL_vs_C0,TCL,85003,atomic_numbers,0.85,0.15000000000000002,late_70_100,1.2755424670633202,0.1260484244016547,0.9928708456840808,10.119463794317571,9.632456929905183
TCL_vs_C0,TCL,85003,pos,0.85,0.15000000000000002,late_70_100,0.2018057825721434,0.2575822220354074,0.966825926412049,0.7834616107333799,0.7314750248367018
TCL_vs_C0,TCL,85003,cell,0.85,0.15000000000000002,late_70_100,0.10058139012323163,0.19103543311738544,0.9817962736538651,0.5265064626070045,0.5061517158756
TCL_vs_C0,TCL,85004,atomic_numbers,0.85,0.15000000000000002,late_70_100,1.0520168330271444,0.09166981116320022,0.9964743174162569,11.476153596021199,11.859599058219514
TCL_vs_C0,TCL,85004,pos,0.85,0.15000000000000002,late_70_100,0.249488008402507,0.24139176333246215,0.9705394308682985,1.0335398563657456,1.0183081157415652
TCL_vs_C0,TCL,85004,cell,0.85,0.15000000000000002,late_70_100,0.06313479480185227,0.10970359917385103,0.9987518683747079,0.5755034044215852,0.6309967138221322
TCL_vs_C0,TCL,85005,atomic_numbers,0.85,0.15000000000000002,late_70_100,1.6159439417401305,0.15866319887229807,0.9917988273840497,10.184743237407822,11.058740693201349
TCL_vs_C0,TCL,85005,pos,0.85,0.15000000000000002,late_70_100,0.19422324083066883,0.20660883090678228,0.9801473665602962,0.9400529492289632,0.8667696316135445
TCL_vs_C0,TCL,85005,cell,0.85,0.15000000000000002,late_70_100,0.060618340849825945,0.08195325019773286,0.9967992170233958,0.7396697593270423,0.7506371160479776
TCL_vs_C0,TCL,85006,atomic_numbers,0.85,0.15000000000000002,late_70_100,1.1393943721482833,0.10593766514309814,0.9948966667467456,10.755328339634596,11.047650300347007
TCL_vs_C0,TCL,85006,pos,0.85,0.15000000000000002,late_70_100,0.10501065703204375,0.12408059581615595,0.9935414212538715,0.8463100643684273,0.7983550401305733
TCL_vs_C0,TCL,85006,cell,0.85,0.15000000000000002,late_70_100,0.02634876297419993,0.03149170858443216,0.9995811165679043,0.836688898716196,0.8467260538827216
TCL_vs_C0,TCL,85007,atomic_numbers,0.85,0.15000000000000002,late_70_100,1.1984907650153225,0.11760784840699626,0.9945108762004047,10.190567902133534,10.681845026964988
TCL_vs_C0,TCL,85007,pos,0.85,0.15000000000000002,late_70_100,0.1321262059753042,0.19402627447762225,0.9817040680842009,0.6809706898255307,0.643131739956095
TCL_vs_C0,TCL,85007,cell,0.85,0.15000000000000002,late_70_100,0.22434663444123862,0.22650749180103558,0.9804657971493401,0.9904601064511586,1.0823741434503553
TCL_vs_C0,TCL,85008,atomic_numbers,0.85,0.15000000000000002,late_70_100,1.6779635630993666,0.14276343612009026,0.9963803001407252,11.75345458684457,13.058981187362573
TCL_vs_C0,TCL,85008,pos,0.85,0.15000000000000002,late_70_100,0.14490119516715347,0.1691976518887744,0.9856311059060711,0.8564019272702869,0.8356825910797145
TCL_vs_C0,TCL,85008,cell,0.85,0.15000000000000002,late_70_100,0.08692048779784474,0.05974434181041089,0.9982610707125482,1.4548739707213278,1.466490905802258
TCL_vs_C0,TCL,85009,atomic_numbers,0.85,0.15000000000000002,late_70_100,1.522458301828149,0.13788296849623335,0.9961697922997753,11.041670471938957,12.176545361935878
TCL_vs_C0,TCL,85009,pos,0.85,0.15000000000000002,late_70_100,0.16346543448728332,0.16216718245515266,0.986808439543726,1.0080056396890889,1.0042228613336384
TCL_vs_C0,TCL,85009,cell,0.85,0.15000000000000002,late_70_100,0.041304855542801895,0.08938930592131131,0.9960372631583277,0.46207826671304764,0.4560967519934162
TCL_vs_C0,TCL,85010,atomic_numbers,0.85,0.15000000000000002,late_70_100,1.7649114053402628,0.14560192272348846,0.9898707093096044,12.121484196963479,11.607056077027979
TCL_vs_C0,TCL,85010,pos,0.85,0.15000000000000002,late_70_100,0.16096633864691087,0.29435940371180425,0.9719736075746886,0.5468360671246184,0.43464125641462537
TCL_vs_C0,TCL,85010,cell,0.85,0.15000000000000002,late_70_100,0.05460538281311543,0.047468906740879634,0.9989688524976021,1.1503400133310835,1.1332115511752359
TCL_vs_C0,TCL,85011,atomic_numbers,0.85,0.15000000000000002,late_70_100,1.1702151450070073,0.11644130219055442,0.9942977859184758,10.049828737675641,10.462470329170607
TCL_vs_C0,TCL,85011,pos,0.85,0.15000000000000002,late_70_100,0.18761478268213813,0.21331979818857652,0.9770196138225336,0.8795000945776494,0.8667858830134775
TCL_vs_C0,TCL,85011,cell,0.85,0.15000000000000002,late_70_100,0.06892561640796335,0.10224737577240797,0.9947643807211316,0.6741064588433509,0.6727820512516346
TCL_vs_C0,TCL,85012,atomic_numbers,0.85,0.15000000000000002,late_70_100,1.3427414231763222,0.11182350008545713,0.9953690731027829,12.007685523616951,12.63810415182319
TCL_vs_C0,TCL,85012,pos,0.85,0.15000000000000002,late_70_100,0.2583184647460224,0.2355712840528392,0.9795520466193133,1.0965617723087204,0.9397666921029418
TCL_vs_C0,TCL,85012,cell,0.85,0.15000000000000002,late_70_100,0.034307095233429466,0.02590711919005564,0.9996790196453731,1.324234276368255,1.3309798195901588
TCL_vs_C0,TCL,85013,atomic_numbers,0.85,0.15000000000000002,late_70_100,1.0561321927295722,0.10917503619080363,0.9942949238976343,9.673751707155706,9.843689399708555
TCL_vs_C0,TCL,85013,pos,0.85,0.15000000000000002,late_70_100,0.3125320484438062,0.4605792903040086,0.9020941398025418,0.6785629641261492,0.7213470562920888
TCL_vs_C0,TCL,85013,cell,0.85,0.15000000000000002,late_70_100,0.10419482172974763,0.16349880664056862,0.9908788404624924,0.6372818485385445,0.5724637641849986
TCL_vs_C0,TCL,85014,atomic_numbers,0.85,0.15000000000000002,late_70_100,2.3791637207093026,0.22588272277527283,0.9803541817480935,10.532738810113846,11.48524501690666
TCL_vs_C0,TCL,85014,pos,0.85,0.15000000000000002,late_70_100,0.36140181320713755,0.3082048962061262,0.9764420321536311,1.1726024396621963,0.8869276989804269
TCL_vs_C0,TCL,85014,cell,0.85,0.15000000000000002,late_70_100,0.23004075757993475,0.26440059398398785,0.9722933719724643,0.8700462964688576,0.9534255685133886
TCL_vs_C0,TCL,85015,atomic_numbers,0.85,0.15000000000000002,late_70_100,1.5428334110599198,0.13106927658422124,0.9930767968717088,11.77112936965469,12.374051442300521
TCL_vs_C0,TCL,85015,pos,0.85,0.15000000000000002,late_70_100,0.07377716799835198,0.08031255758816877,0.9968516571478588,0.9186255576203993,0.903993199946974
TCL_vs_C0,TCL,85015,cell,0.85,0.15000000000000002,late_70_100,0.097864828093662,0.13716979424456965,0.9907565051027444,0.713457570105937,0.692345929543786
TCL_vs_C0,TCL,85016,atomic_numbers,0.85,0.15000000000000002,late_70_100,1.9621040605781581,0.1585077710239389,0.9963903190864967,12.378598524875024,13.99090946939524
TCL_vs_C0,TCL,85016,pos,0.85,0.15000000000000002,late_70_100,0.10335394272074831,0.14274577987213155,0.9905209141072032,0.7240420194091234,0.7452958322035496
TCL_vs_C0,TCL,85016,cell,0.85,0.15000000000000002,late_70_100,0.05773430159509503,0.06341294356998103,0.9981654079211947,0.9104497969153699,0.9259429321882254
TCL_vs_C0,TCL,85017,atomic_numbers,0.85,0.15000000000000002,late_70_100,1.9680358070124617,0.22040941689926935,0.9886654114353223,8.929000560406577,10.26864829466199
TCL_vs_C0,TCL,85017,pos,0.85,0.15000000000000002,late_70_100,0.14679475124479258,0.190354522393172,0.981826009300561,0.7711650314332543,0.768513957398076
TCL_vs_C0,TCL,85017,cell,0.85,0.15000000000000002,late_70_100,0.5056461665452108,0.43152965433179913,0.9784136685282949,1.171752998825022,0.7025655384540367
TCL_vs_C0,TCL,85018,atomic_numbers,0.85,0.15000000000000002,late_70_100,1.5856848767564828,0.15276892674973397,0.9948881585723153,10.3796296177046,11.516421773806371
TCL_vs_C0,TCL,85018,pos,0.85,0.15000000000000002,late_70_100,0.034430437384037144,0.03677613026265405,0.9993238699270618,0.9362169738397151,0.9348115120341703
TCL_vs_C0,TCL,85018,cell,0.85,0.15000000000000002,late_70_100,0.04475770928448803,0.08920513874254292,0.998584916136683,0.5017391365049532,0.4650946917863881
TCL_vs_C0,TCL,85019,atomic_numbers,0.85,0.15000000000000002,late_70_100,1.814279192988398,0.18354111446783933,0.9944321896359153,9.884865297068371,11.315281138439271
TCL_vs_C0,TCL,85019,pos,0.85,0.15000000000000002,late_70_100,0.5014102177367638,0.4910188702548611,0.8721953313311989,1.0211628271567426,0.847038595691031
TCL_vs_C0,TCL,85019,cell,0.85,0.15000000000000002,late_70_100,0.02624596975686407,0.05882083261635442,0.9989982328343487,0.4462019422276368,0.46278887999290275
TCL_vs_C0,TCL,85020,atomic_numbers,0.85,0.15000000000000002,late_70_100,0.9766834067935403,0.09584916672562163,0.9963751318380855,10.18979548971354,9.70283586453456
TCL_vs_C0,TCL,85020,pos,0.85,0.15000000000000002,late_70_100,0.09166625938907073,0.07469679372026754,0.9984576756233309,1.2271779660630717,1.2866115185711189
TCL_vs_C0,TCL,85020,cell,0.85,0.15000000000000002,late_70_100,0.07815096555429989,0.11595193040856225,0.9946764175209252,0.6739945189263445,0.7062362565848082
TCL_vs_C0,TCL,85021,atomic_numbers,0.85,0.15000000000000002,late_70_100,1.2968618521353505,0.10848834134085722,0.9959425457893284,11.953928284890708,12.629726773495067
TCL_vs_C0,TCL,85021,pos,0.85,0.15000000000000002,late_70_100,0.11325795540958068,0.1175819969479591,0.9934512255471589,0.9632253095659516,0.9301739630322562
TCL_vs_C0,TCL,85021,cell,0.85,0.15000000000000002,late_70_100,0.08077778038632666,0.07225693809504324,0.9973929026307492,1.1179242092998116,1.1108767800066164
TCL_vs_C0,TCL,85022,atomic_numbers,0.85,0.15000000000000002,late_70_100,1.2346826479806206,0.09639039256874025,0.9958057000566308,12.809187877309599,13.144005330386362
TCL_vs_C0,TCL,85022,pos,0.85,0.15000000000000002,late_70_100,0.22733176206159864,0.22633269125281166,0.974112424779787,1.004414169262323,0.9673408143587353
TCL_vs_C0,TCL,85022,cell,0.85,0.15000000000000002,late_70_100,0.05707109391863089,0.04640790173452786,0.9992270472743764,1.2297710472906285,1.2591533717297014
TCL_vs_C0,TCL,85023,atomic_numbers,0.85,0.15000000000000002,late_70_100,1.973513628266175,0.1895399732859284,0.9910883364483852,10.41212359616118,11.72329212396653
TCL_vs_C0,TCL,85023,pos,0.85,0.15000000000000002,late_70_100,0.20296730310043032,0.2529381257253889,0.9676207729931814,0.8024385510027415,0.7633281649084439
TCL_vs_C0,TCL,85023,cell,0.85,0.15000000000000002,late_70_100,0.04411857932868312,0.03163238106074134,0.9998575114277735,1.394728371663374,1.357218355849073
TCL_vs_C0,TCL,85024,atomic_numbers,0.85,0.15000000000000002,late_70_100,2.243736534646899,0.18484612761441085,0.9827676125398721,12.13840161870924,11.935548711185097
TCL_vs_C0,TCL,85024,pos,0.85,0.15000000000000002,late_70_100,0.11084541886792992,0.2104340362657228,0.9784737611761175,0.5267466272802055,0.5370837768578113
TCL_vs_C0,TCL,85024,cell,0.85,0.15000000000000002,late_70_100,0.061055995370305684,0.061109879486681395,0.9981613018609693,0.9991182421430327,1.0050461785498708
TCL_vs_C0,TCL,85025,atomic_numbers,0.85,0.15000000000000002,late_70_100,3.161347855985276,0.24800673225524386,0.9709701862690904,12.747024353885996,11.542031846543942
TCL_vs_C0,TCL,85025,pos,0.85,0.15000000000000002,late_70_100,0.04526638159521404,0.04283168638793647,0.9990856998674189,1.0568433188743955,1.058630734931701
TCL_vs_C0,TCL,85025,cell,0.85,0.15000000000000002,late_70_100,0.05847901332063653,0.0681303420515975,0.997794584090765,0.8583402278583646,0.8432674297716245
TCL_vs_C0,TCL,85026,atomic_numbers,0.85,0.15000000000000002,late_70_100,1.3171496189798457,0.09062713400739496,0.9962710489985296,14.533722525886898,14.882632950985114
TCL_vs_C0,TCL,85026,pos,0.85,0.15000000000000002,late_70_100,0.12295699030922004,0.1340579721786545,0.9913616772921888,0.9171926765038593,0.9347127191506744
TCL_vs_C0,TCL,85026,cell,0.85,0.15000000000000002,late_70_100,0.05003789419857727,0.11084804831273339,0.9947450313478197,0.45140978989008773,0.4298595432735051
TCL_vs_C0,TCL,85027,atomic_numbers,0.85,0.15000000000000002,late_70_100,2.910307434376454,0.26767821036667644,0.9852273544531943,10.872410684417678,12.948570366903436
TCL_vs_C0,TCL,85027,pos,0.85,0.15000000000000002,late_70_100,0.2811710727422366,0.2853613075366294,0.9584996974434147,0.9853160373052506,0.9322475645847642
TCL_vs_C0,TCL,85027,cell,0.85,0.15000000000000002,late_70_100,0.10008354979002622,0.058943467559703665,0.9987241515073935,1.6979582968825493,1.6441711459218193
TCL_vs_C0,TCL,85028,atomic_numbers,0.85,0.15000000000000002,late_70_100,2.132625065862041,0.2119917417524949,0.9911198500638023,10.059944072500377,11.631538887252912
TCL_vs_C0,TCL,85028,pos,0.85,0.15000000000000002,late_70_100,0.19694076186542755,0.24403285975901842,0.9706478615109082,0.8070255868816432,0.816703144048679
TCL_vs_C0,TCL,85028,cell,0.85,0.15000000000000002,late_70_100,0.0452280974591023,0.04602404885939856,0.9992601969780853,0.9827057501453677,0.9571344641767092
TCL_vs_C0,TCL,85029,atomic_numbers,0.85,0.15000000000000002,late_70_100,1.5635879222277134,0.1540612005072535,0.9929723651611044,10.149135000113782,11.078876085381681
TCL_vs_C0,TCL,85029,pos,0.85,0.15000000000000002,late_70_100,0.10717508473211465,0.15774393241585746,0.987647532851283,0.6794244513289484,0.6833891432893058
TCL_vs_C0,TCL,85029,cell,0.85,0.15000000000000002,late_70_100,0.02482843773448955,0.021037765409599327,0.9999349388941492,1.1801841712314454,1.200969277933157
TCL_vs_C0,TCL,85030,atomic_numbers,0.85,0.15000000000000002,late_70_100,1.9739970169348795,0.16964635977702766,0.9855073827842928,11.635952693175234,11.442120925127824
TCL_vs_C0,TCL,85030,pos,0.85,0.15000000000000002,late_70_100,0.02084277458752544,0.028127331175649636,0.9997341114262333,0.7410150098267917,0.7527536229425715
TCL_vs_C0,TCL,85030,cell,0.85,0.15000000000000002,late_70_100,0.06722235958445971,0.0636538669806666,0.9980201076186177,1.0560608926536539,1.0436254597809702
TCL_vs_C0,TCL,85031,atomic_numbers,0.85,0.15000000000000002,late_70_100,1.5325484921955743,0.10938466319384048,0.994380209028241,14.01063410031941,14.317381893520038
TCL_vs_C0,TCL,85031,pos,0.85,0.15000000000000002,late_70_100,0.04355382737927792,0.04932205143367055,0.9988023579103033,0.8830497944281601,0.8764906731099918
TCL_vs_C0,TCL,85031,cell,0.85,0.15000000000000002,late_70_100,0.0910259301209601,0.09153079084852885,0.9960076230187409,0.9944842525352563,0.9703999568566534
TCL_vs_C0,C0,85000,atomic_numbers,0.95,0.050000000000000044,late_70_100,1.4982874489270974,0.12133638190961603,0.9926384729516023,12.348212674111036,12.347761574384222
TCL_vs_C0,C0,85000,pos,0.95,0.050000000000000044,late_70_100,0.4103678494238466,0.40920121492925177,0.9135414805726586,1.0028510044741594,0.8712559896069465
TCL_vs_C0,C0,85000,cell,0.95,0.050000000000000044,late_70_100,0.06943363694620124,0.07772226351110509,0.9975688011218131,0.893355826368598,0.8604407343840426
TCL_vs_C0,C0,85001,atomic_numbers,0.95,0.050000000000000044,late_70_100,1.5856391125406806,0.1388889524153938,0.9903194734803518,11.416596388446342,11.360592010885954
TCL_vs_C0,C0,85001,pos,0.95,0.050000000000000044,late_70_100,0.052345241955916416,0.06943938191969765,0.9977960992641569,0.7538264383811834,0.7367367832793511
TCL_vs_C0,C0,85001,cell,0.95,0.050000000000000044,late_70_100,0.08593213996486727,0.10598218800238418,0.994408421747472,0.8108168135095883,0.8135503306137447
TCL_vs_C0,C0,85002,atomic_numbers,0.95,0.050000000000000044,late_70_100,2.399607882956062,0.2541353658589221,0.9936459173370212,9.442243014253101,11.533689693979271
TCL_vs_C0,C0,85002,pos,0.95,0.050000000000000044,late_70_100,0.2975396273702054,0.3386101325724767,0.9415139949923705,0.8787085758767703,0.7981011831565108
TCL_vs_C0,C0,85002,cell,0.95,0.050000000000000044,late_70_100,0.07932614913012812,0.09805704470063555,0.9958104947321057,0.8089796033758497,0.8342347170960904
TCL_vs_C0,C0,85003,atomic_numbers,0.95,0.050000000000000044,late_70_100,1.8621216549542814,0.1491765233270332,0.9958968727142917,12.482672296042413,13.911807466259898
TCL_vs_C0,C0,85003,pos,0.95,0.050000000000000044,late_70_100,0.3891609832699938,0.45594007753591226,0.8984585455490949,0.8535353710802961,0.8717819728049524
TCL_vs_C0,C0,85003,cell,0.95,0.050000000000000044,late_70_100,0.04131519418974786,0.06003434774962698,0.9982306046259737,0.6881926053740555,0.6812806550150339
TCL_vs_C0,C0,85004,atomic_numbers,0.95,0.050000000000000044,late_70_100,1.24864013606824,0.0991568258611679,0.9955332797920035,12.59257872792837,12.917989659194845
TCL_vs_C0,C0,85004,pos,0.95,0.050000000000000044,late_70_100,0.31743512493399273,0.30720353675641626,0.9597177060243149,1.0333055676559126,0.8633182765810804
TCL_vs_C0,C0,85004,cell,0.95,0.050000000000000044,late_70_100,0.3222386683722008,0.4214075135145684,0.916637557863236,0.7646723374358174,0.8029723413468424
TCL_vs_C0,C0,85005,atomic_numbers,0.95,0.050000000000000044,late_70_100,1.3773864903726398,0.14111350908284184,0.9946447974949079,9.760840753836215,10.646387459779334
TCL_vs_C0,C0,85005,pos,0.95,0.050000000000000044,late_70_100,0.49548901719307586,0.38887438072086394,0.9293448420325294,1.2741621504470884,1.0285779942039717
TCL_vs_C0,C0,85005,cell,0.95,0.050000000000000044,late_70_100,0.07222627210918366,0.07186486696969202,0.9974631310363825,1.0050289544075,0.9925678422884059
TCL_vs_C0,C0,85006,atomic_numbers,0.95,0.050000000000000044,late_70_100,1.4126861185345205,0.1419811519983519,0.9922008929288961,9.949814455308257,10.548601640665218
TCL_vs_C0,C0,85006,pos,0.95,0.050000000000000044,late_70_100,0.19744157413199595,0.21052374808835297,0.9776829093798964,0.9378589157985792,0.9296545115732076
TCL_vs_C0,C0,85006,cell,0.95,0.050000000000000044,late_70_100,0.11231160488003895,0.11079789966998245,0.9940645441565479,1.013661858343571,1.028919960722111
TCL_vs_C0,C0,85007,atomic_numbers,0.95,0.050000000000000044,late_70_100,1.2409554598901702,0.11428581810934241,0.9934479594228273,10.858350409697309,10.783836427460724
TCL_vs_C0,C0,85007,pos,0.95,0.050000000000000044,late_70_100,0.052703193057287635,0.04847036087416083,0.9993108273266564,1.0873282580692172,1.0526879852549775
TCL_vs_C0,C0,85007,cell,0.95,0.050000000000000044,late_70_100,0.05959677825244781,0.07328314195380238,0.9982746398554752,0.8132399439153082,0.7761776039894243
TCL_vs_C0,C0,85008,atomic_numbers,0.95,0.050000000000000044,late_70_100,2.066547511791146,0.22400358844604468,0.9872725497475956,9.225510743498253,10.56340709172808
TCL_vs_C0,C0,85008,pos,0.95,0.050000000000000044,late_70_100,0.3788974988662274,0.3045360480338915,0.9538506083586334,1.2441794700903859,1.1236483541842448
TCL_vs_C0,C0,85008,cell,0.95,0.050000000000000044,late_70_100,0.204933927412868,0.15984826532005428,0.9889763467710964,1.2820528705928806,1.3451170338739291
TCL_vs_C0,C0,85009,atomic_numbers,0.95,0.050000000000000044,late_70_100,1.6094357412036973,0.13322602376730014,0.9917182804361097,12.080490700636885,11.552596012659368
TCL_vs_C0,C0,85009,pos,0.95,0.050000000000000044,late_70_100,0.16418186360747408,0.1473923657464136,0.9891340087003293,1.1139102271412522,1.0900920579859563
TCL_vs_C0,C0,85009,cell,0.95,0.050000000000000044,late_70_100,0.11180915343472973,0.08895480052301644,0.9977435453293745,1.256920961851855,1.3274305982476524
TCL_vs_C0,C0,85010,atomic_numbers,0.95,0.050000000000000044,late_70_100,1.8799984522192599,0.16894282270287508,0.9875392989930706,11.128016107116142,11.673119280061554
TCL_vs_C0,C0,85010,pos,0.95,0.050000000000000044,late_70_100,0.06412446966777477,0.05352119747955831,0.9989188478948625,1.1981135080594234,1.2285937811169125
TCL_vs_C0,C0,85010,cell,0.95,0.050000000000000044,late_70_100,0.14188338485145197,0.14197358899222995,0.990223810061836,0.9993646413997259,1.016029585847338
TCL_vs_C0,C0,85011,atomic_numbers,0.95,0.050000000000000044,late_70_100,1.8364565834363131,0.12707760375980237,0.9929940505493452,14.451457448847712,15.02586934530875
TCL_vs_C0,C0,85011,pos,0.95,0.050000000000000044,late_70_100,0.13597252449866626,0.13105908229826055,0.9919959992965548,1.037490283879936,1.065610035770697
TCL_vs_C0,C0,85011,cell,0.95,0.050000000000000044,late_70_100,0.05137900512385061,0.08587069708639905,0.9989679592377121,0.5983298944476423,0.6413156624013723
TCL_vs_C0,C0,85012,atomic_numbers,0.95,0.050000000000000044,late_70_100,1.3938273207219296,0.12409594129937372,0.9943175909486752,11.231852598300607,11.884342103162615
TCL_vs_C0,C0,85012,pos,0.95,0.050000000000000044,late_70_100,0.3185968171148475,0.31650282571701394,0.9496040088913225,1.0066160274970366,0.911758097840422
TCL_vs_C0,C0,85012,cell,0.95,0.050000000000000044,late_70_100,0.1872573733298083,0.1955134169310465,0.9824136196625928,0.9577724959706987,0.996463168184045
TCL_vs_C0,C0,85013,atomic_numbers,0.95,0.050000000000000044,late_70_100,1.0823573497738315,0.10390036856080312,0.9958174930988086,10.41726189008107,10.889084654695168
TCL_vs_C0,C0,85013,pos,0.95,0.050000000000000044,late_70_100,0.23894259099358736,0.24519799586515692,0.9697225384622687,0.9744883523639826,0.9664189345710912
TCL_vs_C0,C0,85013,cell,0.95,0.050000000000000044,late_70_100,0.17596951884804235,0.14994157698363986,0.9887503503296659,1.1735872223568944,1.1480911060034449
TCL_vs_C0,C0,85014,atomic_numbers,0.95,0.050000000000000044,late_70_100,1.6318471589519858,0.1523159063012112,0.9891129580532988,10.713570227688097,11.017986593943364
TCL_vs_C0,C0,85014,pos,0.95,0.050000000000000044,late_70_100,0.38211300489101274,0.4888736960558749,0.8727913027398648,0.7816190725208088,0.6606121370587226
TCL_vs_C0,C0,85014,cell,0.95,0.050000000000000044,late_70_100,0.1295782930946883,0.11156431340089668,0.9968481944137887,1.1614672214138937,1.248912621650823
TCL_vs_C0,C0,85015,atomic_numbers,0.95,0.050000000000000044,late_70_100,1.1030802942036764,0.08805636430788716,0.9967553947846682,12.526979768853286,12.933679466715546
TCL_vs_C0,C0,85015,pos,0.95,0.050000000000000044,late_70_100,0.10402217286359776,0.09383151850227024,0.9958417490422729,1.1086058770441933,1.0790796699897953
TCL_vs_C0,C0,85015,cell,0.95,0.050000000000000044,late_70_100,0.11921197183527592,0.1065147291652035,0.9963420536915188,1.1192064493763962,1.0439492656897171
TCL_vs_C0,C0,85016,atomic_numbers,0.95,0.050000000000000044,late_70_100,2.47753192995515,0.2180422225177437,0.9975005547851472,11.362624639150042,13.678060574644311
TCL_vs_C0,C0,85016,pos,0.95,0.050000000000000044,late_70_100,0.10998105665947715,0.15540358920085162,0.9894764930814625,0.7077124616300333,0.660143066001613
TCL_vs_C0,C0,85016,cell,0.95,0.050000000000000044,late_70_100,0.09801385781694312,0.22870446388538346,0.9869156313669325,0.4285611926930439,0.4924655137271135
TCL_vs_C0,C0,85017,atomic_numbers,0.95,0.050000000000000044,late_70_100,1.8002636856979304,0.1431621375745663,0.9896994473188725,12.574998642781924,12.437579377681447
TCL_vs_C0,C0,85017,pos,0.95,0.050000000000000044,late_70_100,0.3272029078567989,0.3196442989089899,0.9535163569253481,1.0236469380921482,0.8669320014019782
TCL_vs_C0,C0,85017,cell,0.95,0.050000000000000044,late_70_100,0.10247531176124532,0.0879834718878379,0.997691426210072,1.1647109344796232,1.2271759353596812
TCL_vs_C0,C0,85018,atomic_numbers,0.95,0.050000000000000044,late_70_100,3.0289147300538546,0.24603078881471172,0.9967331436253494,12.311120671709757,15.131962713154667
TCL_vs_C0,C0,85018,pos,0.95,0.050000000000000044,late_70_100,0.37697188391899794,0.49445712137831727,0.8708358903544432,0.7623954992662966,0.6232706469234162
TCL_vs_C0,C0,85018,cell,0.95,0.050000000000000044,late_70_100,0.30066280327119616,0.426621592865425,0.9414261454296786,0.7047528964761947,0.8476402164526965
TCL_vs_C0,C0,85019,atomic_numbers,0.95,0.050000000000000044,late_70_100,1.380394512981804,0.13616604483627412,0.9907263945643046,10.137582498203487,10.134232887504973
TCL_vs_C0,C0,85019,pos,0.95,0.050000000000000044,late_70_100,0.29661432892376843,0.3025386224077774,0.9557322188404491,0.9804180589015049,0.8680128815469336
TCL_vs_C0,C0,85019,cell,0.95,0.050000000000000044,late_70_100,0.20903347722895435,0.2300087455129845,0.9825893692195207,0.9088066489069824,0.7697544913731222
TCL_vs_C0,C0,85020,atomic_numbers,0.95,0.050000000000000044,late_70_100,1.0974285849027594,0.09220737600762137,0.9976451190438608,11.901744008115488,12.607194924974845
TCL_vs_C0,C0,85020,pos,0.95,0.050000000000000044,late_70_100,0.22236455527483723,0.34432154943112664,0.9390061304314712,0.6458049333311217,0.6174094642717823
TCL_vs_C0,C0,85020,cell,0.95,0.050000000000000044,late_70_100,0.3023139402351571,0.29818950691171225,0.9736877115634726,1.013831584371163,1.1821295394440587
TCL_vs_C0,C0,85021,atomic_numbers,0.95,0.050000000000000044,late_70_100,1.3345553068146487,0.10188780941200841,0.9956603902193301,13.098282459072676,13.584781140983392
TCL_vs_C0,C0,85021,pos,0.95,0.050000000000000044,late_70_100,0.12835591530261015,0.13304938525765708,0.9911817679349963,0.9647238508771929,0.944662698955192
TCL_vs_C0,C0,85021,cell,0.95,0.050000000000000044,late_70_100,0.17674902811752527,0.18323756379241693,0.9966343707042528,0.964589489509682,1.1194182552750076
TCL_vs_C0,C0,85022,atomic_numbers,0.95,0.050000000000000044,late_70_100,1.1638173975374932,0.10611561048713566,0.9952051739802019,10.967447599791004,11.366242835310928
TCL_vs_C0,C0,85022,pos,0.95,0.050000000000000044,late_70_100,0.14778528239294741,0.14956192641224111,0.9899045171974151,0.9881210140714777,1.0253247209137284
TCL_vs_C0,C0,85022,cell,0.95,0.050000000000000044,late_70_100,0.15884063569836956,0.31540540834261205,0.9704691889734047,0.503607837712876,0.5910699669805625
TCL_vs_C0,C0,85023,atomic_numbers,0.95,0.050000000000000044,late_70_100,1.3890089148678773,0.13369769469015677,0.991046831248063,10.38917625383813,10.223513715340813
TCL_vs_C0,C0,85023,pos,0.95,0.050000000000000044,late_70_100,0.30657707335868223,0.3408222532451794,0.941052343120661,0.8995218781625095,0.8089824626502791
TCL_vs_C0,C0,85023,cell,0.95,0.050000000000000044,late_70_100,0.17449677627425922,0.16020506000352416,0.9881719667688089,1.0892088943409195,1.1268243277424175
TCL_vs_C0,C0,85024,atomic_numbers,0.95,0.050000000000000044,late_70_100,2.366998759479566,0.17274994652358458,0.984982715580659,13.701878391935782,13.416815114980011
TCL_vs_C0,C0,85024,pos,0.95,0.050000000000000044,late_70_100,0.053092456817767746,0.04924408134081507,0.9989403475490748,1.0781489952126087,1.058122066507812
TCL_vs_C0,C0,85024,cell,0.95,0.050000000000000044,late_70_100,0.07828662201953918,0.059415009497123125,0.9992233001088215,1.3176236557419014,1.258009001353741
TCL_vs_C0,C0,85025,atomic_numbers,0.95,0.050000000000000044,late_70_100,2.516422332802267,0.21207923993357183,0.9922110611766156,11.86548166426129,13.809657032558002
TCL_vs_C0,C0,85025,pos,0.95,0.050000000000000044,late_70_100,0.3064316629592546,0.4432437510525441,0.896443750247454,0.6913389353636458,0.6137028762209843
TCL_vs_C0,C0,85025,cell,0.95,0.050000000000000044,late_70_100,0.09513406934281217,0.09303873264931421,0.9969811226205945,1.0225211224812765,1.0718484602807412
TCL_vs_C0,C0,85026,atomic_numbers,0.95,0.050000000000000044,late_70_100,1.2467820702299175,0.12067726373377798,0.9940200486004757,10.331540769605128,10.800488107424526
TCL_vs_C0,C0,85026,pos,0.95,0.050000000000000044,late_70_100,0.19383198292629988,0.26265529026981016,0.9704726309469094,0.7379709836690813,0.6394709493246095
TCL_vs_C0,C0,85026,cell,0.95,0.050000000000000044,late_70_100,0.22289956916432668,0.24227949431258106,0.9708575227084474,0.9200100478860541,0.9259034837789459
TCL_vs_C0,C0,85027,atomic_numbers,0.95,0.050000000000000044,late_70_100,1.479925857519529,0.1281685713568035,0.9940933140327677,11.546714158181741,12.265782174069336
TCL_vs_C0,C0,85027,pos,0.95,0.050000000000000044,late_70_100,0.25639304143004443,0.26665290450039686,0.9659624777875717,0.961523527787648,0.8665762354915288
TCL_vs_C0,C0,85027,cell,0.95,0.050000000000000044,late_70_100,0.14756234571547258,0.2865639305046688,0.9587764167546718,0.5149369128752527,0.5127766664031678
TCL_vs_C0,C0,85028,atomic_numbers,0.95,0.050000000000000044,late_70_100,1.5799380945008876,0.1726787099047897,0.9864027053861022,9.149582455023104,9.510034637807435
TCL_vs_C0,C0,85028,pos,0.95,0.050000000000000044,late_70_100,0.42145483055610866,0.393670436923142,0.9192631400823468,1.0705778006855797,0.9792211234473611
TCL_vs_C0,C0,85028,cell,0.95,0.050000000000000044,late_70_100,0.06718815640476378,0.08571470036238588,0.9964619471467105,0.7838580327610631,0.7678883411727985
TCL_vs_C0,C0,85029,atomic_numbers,0.95,0.050000000000000044,late_70_100,2.582056599308118,0.17006542527209464,0.9963116604798646,15.182725090517266,17.356012021971576
TCL_vs_C0,C0,85029,pos,0.95,0.050000000000000044,late_70_100,0.4135347539684403,0.3289067219396492,0.9444491528143686,1.2573010108450122,1.2035500322344874
TCL_vs_C0,C0,85029,cell,0.95,0.050000000000000044,late_70_100,0.12571077967587974,0.11136550140041418,0.9983548186230362,1.128812586439019,1.2347238012142963
TCL_vs_C0,C0,85030,atomic_numbers,0.95,0.050000000000000044,late_70_100,1.4845020337921884,0.1351606508651079,0.9909357784704115,10.983241233972313,11.047377016153762
TCL_vs_C0,C0,85030,pos,0.95,0.050000000000000044,late_70_100,0.1576587950873959,0.2314741636363968,0.9840012806187656,0.6811075266916129,0.5695568840757199
TCL_vs_C0,C0,85030,cell,0.95,0.050000000000000044,late_70_100,0.14440786870810743,0.13184021264264278,0.9933355637278279,1.0953249074281282,1.1581378192589953
TCL_vs_C0,C0,85031,atomic_numbers,0.95,0.050000000000000044,late_70_100,1.2643792695975473,0.11985424008011729,0.9928390141672875,10.54930779880933,10.576232251996567
TCL_vs_C0,C0,85031,pos,0.95,0.050000000000000044,late_70_100,0.21680224409549298,0.27404602695757246,0.9618857152352333,0.791116173083794,0.775233162254703
TCL_vs_C0,C0,85031,cell,0.95,0.050000000000000044,late_70_100,0.07022170609211198,0.054036979828330965,0.9987218747503608,1.2995120437004057,1.273011099450002
TCL_vs_C0,TCL,85000,atomic_numbers,0.95,0.050000000000000044,late_70_100,2.3070430025466613,0.2423653092329625,0.9920808415132156,9.518866416353022,11.416563460983046
TCL_vs_C0,TCL,85000,pos,0.95,0.050000000000000044,late_70_100,0.5814448492064751,0.48264260480968973,0.8819735978151793,1.2047109878245081,0.9372025833501606
TCL_vs_C0,TCL,85000,cell,0.95,0.050000000000000044,late_70_100,0.10598074603555677,0.10612814179677332,0.994990897885715,0.998611152907032,1.029197544338389
TCL_vs_C0,TCL,85001,atomic_numbers,0.95,0.050000000000000044,late_70_100,1.5510858521241324,0.15620056916593839,0.9879013545729436,9.930090910721006,9.995114953740087
TCL_vs_C0,TCL,85001,pos,0.95,0.050000000000000044,late_70_100,0.07263752038719211,0.061009119680321765,0.9981627277191784,1.1906010243681822,1.1969114630470845
TCL_vs_C0,TCL,85001,cell,0.95,0.050000000000000044,late_70_100,0.10764071607519393,0.1181876617289236,0.997253837584158,0.9107610261558413,0.8243732511369216
TCL_vs_C0,TCL,85002,atomic_numbers,0.95,0.050000000000000044,late_70_100,2.360899364215531,0.26853018005120527,0.9894981069705489,8.791933047396526,10.689279100845607
TCL_vs_C0,TCL,85002,pos,0.95,0.050000000000000044,late_70_100,0.4788189597504373,0.501465763963718,0.8761374375715926,0.9548387829424796,0.7046614477306029
TCL_vs_C0,TCL,85002,cell,0.95,0.050000000000000044,late_70_100,0.07267222245527187,0.09258562707522681,0.997498586042127,0.7849190500834962,0.8298904382003018
TCL_vs_C0,TCL,85003,atomic_numbers,0.95,0.050000000000000044,late_70_100,1.065997013180476,0.11307117079538602,0.9937297177617356,9.427664060448336,9.527383459553082
TCL_vs_C0,TCL,85003,pos,0.95,0.050000000000000044,late_70_100,0.3415651782079032,0.33334680666821104,0.9603062098369256,1.0246541180995086,0.7969771140710615
TCL_vs_C0,TCL,85003,cell,0.95,0.050000000000000044,late_70_100,0.20295458619421994,0.19975168231108573,0.9885512937289015,1.0160344275756643,0.8714048522037062
TCL_vs_C0,TCL,85004,atomic_numbers,0.95,0.050000000000000044,late_70_100,1.2468828288709695,0.1111835261484501,0.9951830751423646,11.214636484960511,11.748837688401279
TCL_vs_C0,TCL,85004,pos,0.95,0.050000000000000044,late_70_100,0.36754531720917133,0.36028628342785857,0.942861540911704,1.0201479604281583,0.8220046192200373
TCL_vs_C0,TCL,85004,cell,0.95,0.050000000000000044,late_70_100,0.16495172540140776,0.27802601273677446,0.9632376510758175,0.5932960149220945,0.6139595694815458
TCL_vs_C0,TCL,85005,atomic_numbers,0.95,0.050000000000000044,late_70_100,1.5435065048402632,0.15926420525465446,0.9909309328327494,9.691484049239335,10.432153745226065
TCL_vs_C0,TCL,85005,pos,0.95,0.050000000000000044,late_70_100,0.23104571989301662,0.19245947719573714,0.985482307106952,1.2004902188216802,1.074246666446036
TCL_vs_C0,TCL,85005,cell,0.95,0.050000000000000044,late_70_100,0.14284243274678682,0.3557214103580845,0.9489913941919903,0.40155702914535124,0.44720609458321925
TCL_vs_C0,TCL,85006,atomic_numbers,0.95,0.050000000000000044,late_70_100,1.4615554550034613,0.13593600500491723,0.9909702853765636,10.751790557259595,10.895291486200918
TCL_vs_C0,TCL,85006,pos,0.95,0.050000000000000044,late_70_100,0.07329022414319582,0.0854876453386223,0.9963724421794019,0.8573194857910559,0.8611839521371434
TCL_vs_C0,TCL,85006,cell,0.95,0.050000000000000044,late_70_100,0.10792719380262782,0.1625686776891792,0.9867068155114594,0.663886766729921,0.6521742820610592
TCL_vs_C0,TCL,85007,atomic_numbers,0.95,0.050000000000000044,late_70_100,1.1624912187822947,0.10898949265173699,0.9957451624870088,10.66608523903215,11.241459605144632
TCL_vs_C0,TCL,85007,pos,0.95,0.050000000000000044,late_70_100,0.0946387624703918,0.12056667107026629,0.995293506854481,0.7849496185827035,0.8375613036654954
TCL_vs_C0,TCL,85007,cell,0.95,0.050000000000000044,late_70_100,0.1047257627733769,0.08892388685170959,0.9962781186488527,1.1777011383681268,1.147581740107326
TCL_vs_C0,TCL,85008,atomic_numbers,0.95,0.050000000000000044,late_70_100,1.5628885727704998,0.14153280212733596,0.9952339296232947,11.042589062600355,12.122678614856053
TCL_vs_C0,TCL,85008,pos,0.95,0.050000000000000044,late_70_100,0.19183610250451844,0.18545656511647665,0.9867298277946138,1.0343990916904726,0.9279802899414425
TCL_vs_C0,TCL,85008,cell,0.95,0.050000000000000044,late_70_100,0.13498661374405607,0.12275077191393785,0.9925000526257142,1.0996803656656182,1.0791820425639551
TCL_vs_C0,TCL,85009,atomic_numbers,0.95,0.050000000000000044,late_70_100,1.7476697406774024,0.16539389441220084,0.9946941290469079,10.566712555433245,11.879089281971714
TCL_vs_C0,TCL,85009,pos,0.95,0.050000000000000044,late_70_100,0.21106768731768266,0.22675687074306528,0.9741520535922898,0.930810548875673,0.8883477285566698
TCL_vs_C0,TCL,85009,cell,0.95,0.050000000000000044,late_70_100,0.12712600087982565,0.08422144118505817,0.9969747845368502,1.5094256176463914,1.5538161719463985
TCL_vs_C0,TCL,85010,atomic_numbers,0.95,0.050000000000000044,late_70_100,1.944284893748855,0.16716514481899403,0.9867848796044333,11.630922797058693,10.999276372806376
TCL_vs_C0,TCL,85010,pos,0.95,0.050000000000000044,late_70_100,0.06995446542217336,0.09284936819097409,0.9958426265213435,0.7534188631018993,0.763838569865903
TCL_vs_C0,TCL,85010,cell,0.95,0.050000000000000044,late_70_100,0.056637652573905184,0.05744348456807593,0.9992320919844531,0.9859717424834185,1.0266316121011994
TCL_vs_C0,TCL,85011,atomic_numbers,0.95,0.050000000000000044,late_70_100,1.391667962169839,0.1432563057949186,0.9912873138630742,9.71453196735444,10.177097991367072
TCL_vs_C0,TCL,85011,pos,0.95,0.050000000000000044,late_70_100,0.3384984712119305,0.30716610888867324,0.9566651957314362,1.1020046203554739,0.9465045451629527
TCL_vs_C0,TCL,85011,cell,0.95,0.050000000000000044,late_70_100,0.1632563589426925,0.17989612765242405,0.9898983154832168,0.9075034636549758,0.7978476405374588
TCL_vs_C0,TCL,85012,atomic_numbers,0.95,0.050000000000000044,late_70_100,1.56383637243221,0.13766333663901237,0.993461094998015,11.359861024820137,12.159340247471777
TCL_vs_C0,TCL,85012,pos,0.95,0.050000000000000044,late_70_100,0.32159979356267715,0.29582245228627246,0.9579435462949385,1.0871378797558593,0.9632730426483724
TCL_vs_C0,TCL,85012,cell,0.95,0.050000000000000044,late_70_100,0.07168679855641863,0.18324371913502954,0.9830725881573912,0.391210126572435,0.3858234690906339
TCL_vs_C0,TCL,85013,atomic_numbers,0.95,0.050000000000000044,late_70_100,1.0539322637351423,0.11553476347469446,0.9934887337538112,9.12220903941163,9.237840849216727
TCL_vs_C0,TCL,85013,pos,0.95,0.050000000000000044,late_70_100,0.326823876040627,0.4224152875045184,0.9068826116447671,0.7737027652843438,0.6788268438984805
TCL_vs_C0,TCL,85013,cell,0.95,0.050000000000000044,late_70_100,0.323703823077093,0.3412721047831968,0.9413346921026364,0.9485211903936169,0.941032876171446
TCL_vs_C0,TCL,85014,atomic_numbers,0.95,0.050000000000000044,late_70_100,1.8401324474354361,0.19430604819725228,0.9908590190585848,9.470278792183569,10.708075925936011
TCL_vs_C0,TCL,85014,pos,0.95,0.050000000000000044,late_70_100,0.15479415423765336,0.20367757334419617,0.9843534527207977,0.7599960648395278,0.6704650099858694
TCL_vs_C0,TCL,85014,cell,0.95,0.050000000000000044,late_70_100,0.17202268238251725,0.18344890316382864,0.9990054842877654,0.9377144230123456,1.1036461704961726
TCL_vs_C0,TCL,85015,atomic_numbers,0.95,0.050000000000000044,late_70_100,1.732103114394863,0.15944782932095772,0.9954640187359751,10.86313386498512,12.203840186207973
TCL_vs_C0,TCL,85015,pos,0.95,0.050000000000000044,late_70_100,0.09820186949184445,0.10633086446416402,0.994560636233758,0.9235499963883091,0.938272132553512
TCL_vs_C0,TCL,85015,cell,0.95,0.050000000000000044,late_70_100,0.10546078730062702,0.09310369495377895,0.996273319141681,1.1327239735542474,1.1682098499875517
TCL_vs_C0,TCL,85016,atomic_numbers,0.95,0.050000000000000044,late_70_100,1.5743549421549734,0.12669412643764832,0.9972684532254639,12.42642406891516,13.671604042653268
TCL_vs_C0,TCL,85016,pos,0.95,0.050000000000000044,late_70_100,0.10978104027947849,0.12458458635210155,0.9937080115266539,0.8811767450045129,0.9237105064777843
TCL_vs_C0,TCL,85016,cell,0.95,0.050000000000000044,late_70_100,0.11776861389755734,0.19717309577395484,0.9872123523909864,0.5972854127754368,0.6589569917344467
TCL_vs_C0,TCL,85017,atomic_numbers,0.95,0.050000000000000044,late_70_100,2.4585481887010925,0.28471714577791285,0.9871309404263577,8.635054913829553,10.558055338855336
TCL_vs_C0,TCL,85017,pos,0.95,0.050000000000000044,late_70_100,0.2708668170608028,0.2635153229065403,0.9726656779509791,1.02789778625841,0.8717508776025286
TCL_vs_C0,TCL,85017,cell,0.95,0.050000000000000044,late_70_100,0.7123423815815911,0.5758029794421596,0.8659976706528525,1.237128682925037,0.7181702808139981
TCL_vs_C0,TCL,85018,atomic_numbers,0.95,0.050000000000000044,late_70_100,1.6085057665541231,0.15427574327627833,0.9945098047904731,10.42617415022657,11.550855807627684
TCL_vs_C0,TCL,85018,pos,0.95,0.050000000000000044,late_70_100,0.07484699546704239,0.06936279029003614,0.998219414619312,1.0790655213562546,1.038944678842284
TCL_vs_C0,TCL,85018,cell,0.95,0.050000000000000044,late_70_100,0.06616612400312195,0.057881915217750955,0.9984099218292793,1.1431225755783292,1.1262830503304975
TCL_vs_C0,TCL,85019,atomic_numbers,0.95,0.050000000000000044,late_70_100,1.5652857189551446,0.16142631364596235,0.9935308212262057,9.696595825065454,10.746313918120336
TCL_vs_C0,TCL,85019,pos,0.95,0.050000000000000044,late_70_100,0.766058593214832,0.6206519101214704,0.8003464135915811,1.2342805697075896,0.7897387481623729
TCL_vs_C0,TCL,85019,cell,0.95,0.050000000000000044,late_70_100,0.07123517570266094,0.14860911401475072,0.993369995022327,0.47934594170038747,0.5213094784981412
TCL_vs_C0,TCL,85020,atomic_numbers,0.95,0.050000000000000044,late_70_100,1.1083400709826527,0.11306137282168521,0.9936851082645755,9.802994986896824,9.604913721658889
TCL_vs_C0,TCL,85020,pos,0.95,0.050000000000000044,late_70_100,0.09386354107473285,0.15298242929197295,0.992563011777878,0.613557658282381,0.6658438451980434
TCL_vs_C0,TCL,85020,cell,0.95,0.050000000000000044,late_70_100,0.09189990430256291,0.1786320138947585,0.9878264969266755,0.5144649175634666,0.5533772074996628
TCL_vs_C0,TCL,85021,atomic_numbers,0.95,0.050000000000000044,late_70_100,1.9329030531592442,0.1557437412438175,0.9947158948068506,12.410791199199954,13.7986958436228
TCL_vs_C0,TCL,85021,pos,0.95,0.050000000000000044,late_70_100,0.1549388729539024,0.14125984196591204,0.9904400273838454,1.096835949960154,1.052977008730526
TCL_vs_C0,TCL,85021,cell,0.95,0.050000000000000044,late_70_100,0.1703021022135316,0.20478870491897336,0.9811993082393449,0.8315990976207076,0.8729183505346445
TCL_vs_C0,TCL,85022,atomic_numbers,0.95,0.050000000000000044,late_70_100,1.2502791281536476,0.10206471356235464,0.995064729746372,12.249866623980797,12.482133886405904
TCL_vs_C0,TCL,85022,pos,0.95,0.050000000000000044,late_70_100,0.20237143324268614,0.18123721313556646,0.9835988344417765,1.1166108203799798,1.078523486244465
TCL_vs_C0,TCL,85022,cell,0.95,0.050000000000000044,late_70_100,0.08059273598002444,0.1608696976694349,0.9870120462020326,0.5009814598249038,0.4987209482379025
TCL_vs_C0,TCL,85023,atomic_numbers,0.95,0.050000000000000044,late_70_100,1.6299067659917923,0.16151040121391597,0.9927115359404285,10.091652015853938,11.103212593069063
TCL_vs_C0,TCL,85023,pos,0.95,0.050000000000000044,late_70_100,0.30159137544866593,0.415804997548767,0.9145908981618284,0.7253192655850518,0.7335815544393678
TCL_vs_C0,TCL,85023,cell,0.95,0.050000000000000044,late_70_100,0.12617094562781928,0.13377455184472456,0.991241287904954,0.9431610413785503,0.9147835868096627
TCL_vs_C0,TCL,85024,atomic_numbers,0.95,0.050000000000000044,late_70_100,2.387070265311709,0.16900050068580488,0.9913387638901608,14.124634279927971,12.499917429932259
TCL_vs_C0,TCL,85024,pos,0.95,0.050000000000000044,late_70_100,0.06036664390566217,0.056559866576428114,0.9993558075662543,1.0673052742104694,1.113275552906496
TCL_vs_C0,TCL,85024,cell,0.95,0.050000000000000044,late_70_100,0.05662776516229303,0.09241988108060643,0.9974687749471474,0.6127227659263448,0.6473452654170406
TCL_vs_C0,TCL,85025,atomic_numbers,0.95,0.050000000000000044,late_70_100,2.915896571323246,0.24175666373258714,0.9709339000216051,12.061287272513775,11.300110851269197
TCL_vs_C0,TCL,85025,pos,0.95,0.050000000000000044,late_70_100,0.08253297001846853,0.0735670768429164,0.9982394106121216,1.121873717977085,1.1687230870255727
TCL_vs_C0,TCL,85025,cell,0.95,0.050000000000000044,late_70_100,0.2516774004382312,0.31716155348706904,0.9486453563026803,0.7935306082062445,0.7708650634698481
TCL_vs_C0,TCL,85026,atomic_numbers,0.95,0.050000000000000044,late_70_100,1.4669273382526313,0.10341884127859072,0.9958961713606803,14.184333532620117,14.835998105239497
TCL_vs_C0,TCL,85026,pos,0.95,0.050000000000000044,late_70_100,0.17903871050159276,0.1723906420177114,0.9850720396856054,1.0385639754343416,1.0326611161549268
TCL_vs_C0,TCL,85026,cell,0.95,0.050000000000000044,late_70_100,0.12235398367398485,0.17722324256178162,0.9864705304013949,0.6903946790801504,0.7275324141958782
TCL_vs_C0,TCL,85027,atomic_numbers,0.95,0.050000000000000044,late_70_100,2.585017654497992,0.27702739631720136,0.9874393491837874,9.331270801600072,11.337428348841948
TCL_vs_C0,TCL,85027,pos,0.95,0.050000000000000044,late_70_100,0.2375906409034864,0.3114923238388865,0.9516332145912011,0.7627495855287132,0.6867172432140848
TCL_vs_C0,TCL,85027,cell,0.95,0.050000000000000044,late_70_100,0.16254128587105665,0.17022171125715982,0.9895215195542535,0.9548798720834142,1.0309632018877066
TCL_vs_C0,TCL,85028,atomic_numbers,0.95,0.050000000000000044,late_70_100,1.8421544216807315,0.1935104652867598,0.9904367117367543,9.519663026756074,10.720325915178332
TCL_vs_C0,TCL,85028,pos,0.95,0.050000000000000044,late_70_100,0.3791064393925189,0.4413433899077034,0.8974220010103754,0.8589829327041698,0.7813987944036508
TCL_vs_C0,TCL,85028,cell,0.95,0.050000000000000044,late_70_100,0.09553761822882825,0.0887174712237469,0.9977701965752864,1.0768749031166684,1.137414740703607
TCL_vs_C0,TCL,85029,atomic_numbers,0.95,0.050000000000000044,late_70_100,1.5497360110881864,0.15828063278874285,0.9923401208059742,9.79106529828333,10.684921110445549
TCL_vs_C0,TCL,85029,pos,0.95,0.050000000000000044,late_70_100,0.15160987292647587,0.13517642303277774,0.9908224759964699,1.1215703857596035,1.109754004604812
TCL_vs_C0,TCL,85029,cell,0.95,0.050000000000000044,late_70_100,0.08485150382645626,0.08494874178078077,0.9965282217309591,0.9988553337896936,1.0122437996281186
TCL_vs_C0,TCL,85030,atomic_numbers,0.95,0.050000000000000044,late_70_100,1.6132385392180673,0.14373307700591928,0.9904847279061537,11.22385029822767,11.582428609935796
TCL_vs_C0,TCL,85030,pos,0.95,0.050000000000000044,late_70_100,0.04539585885425097,0.061547886261077114,0.9988834780231141,0.7375697462897164,0.7658437569703328
TCL_vs_C0,TCL,85030,cell,0.95,0.050000000000000044,late_70_100,0.08163352273732721,0.11867229842569381,0.993988750026311,0.6878902980752641,0.7152539057707114
TCL_vs_C0,TCL,85031,atomic_numbers,0.95,0.050000000000000044,late_70_100,1.8710141146488048,0.12490194964600278,0.9921800217143472,14.979863164279141,14.93249000711901
TCL_vs_C0,TCL,85031,pos,0.95,0.050000000000000044,late_70_100,0.0836958186456718,0.1203903600656169,0.9927284766787824,0.6952036575025997,0.6888171563923409
TCL_vs_C0,TCL,85031,cell,0.95,0.050000000000000044,late_70_100,0.24099460744017895,0.318384224700473,0.9480486682028533,0.7569301138173538,0.7273233940250189
GBSA-TCL_vs_C0,C0,85000,atomic_numbers,0.05,0.95,early_0_30,1.4338316919784613,0.12288657968895757,0.9958059476478893,11.667927414105598,10.661752244783557
GBSA-TCL_vs_C0,C0,85000,pos,0.05,0.95,early_0_30,0.000873897242677258,0.16380761387675685,0.9896477015240799,0.0053349000207935865,0.005700943148815672
GBSA-TCL_vs_C0,C0,85000,cell,0.05,0.95,early_0_30,0.004023690194115955,0.0061133190009719715,0.999982067000928,0.6581842356788872,0.6589804169887563
GBSA-TCL_vs_C0,C0,85001,atomic_numbers,0.05,0.95,early_0_30,1.838733369796206,0.1623940064303813,0.9909674803869037,11.32266769084532,10.183375060732654
GBSA-TCL_vs_C0,C0,85001,pos,0.05,0.95,early_0_30,0.0007294111544190365,0.04092015951956574,0.9993501825716139,0.01782522754023656,0.018158942041702486
GBSA-TCL_vs_C0,C0,85001,cell,0.05,0.95,early_0_30,0.011057864965996516,0.009955472570613895,0.9999504725633529,1.1107323020141318,1.1109471177270684
GBSA-TCL_vs_C0,C0,85002,atomic_numbers,0.05,0.95,early_0_30,0.8173165955758535,0.04579264815046554,0.9989556406524397,17.84820552177532,17.884108178933065
GBSA-TCL_vs_C0,C0,85002,pos,0.05,0.95,early_0_30,0.0006411988401385848,0.11350201042789529,0.9939386822226709,0.005649228923094016,0.0057744526253871355
GBSA-TCL_vs_C0,C0,85002,cell,0.05,0.95,early_0_30,0.00293083656876309,0.0032741428171145005,0.9999976828690107,0.895146220697249,0.8929358814729129
GBSA-TCL_vs_C0,C0,85003,atomic_numbers,0.05,0.95,early_0_30,1.3058644124435366,0.07763169791928055,0.9974096242045365,16.82127851694473,16.286524045999947
GBSA-TCL_vs_C0,C0,85003,pos,0.05,0.95,early_0_30,0.001135903381194144,0.1305440543833408,0.9971987481366631,0.008701303070138909,0.009607890431879566
GBSA-TCL_vs_C0,C0,85003,cell,0.05,0.95,early_0_30,0.005859924101606004,0.007310227459615616,0.9999754056408147,0.801606261088096,0.7999337373921738
GBSA-TCL_vs_C0,C0,85004,atomic_numbers,0.05,0.95,early_0_30,1.642355389724642,0.14856603617289255,0.9911436118839844,11.05471635396776,10.220404199328783
GBSA-TCL_vs_C0,C0,85004,pos,0.05,0.95,early_0_30,0.0008194456841809049,0.05038922289560429,0.9991511093886439,0.01626232033541421,0.01672040668792825
GBSA-TCL_vs_C0,C0,85004,cell,0.05,0.95,early_0_30,0.013714610120173443,0.011047049988463871,0.9999571195196838,1.2414726225096502,1.2488969485148285
GBSA-TCL_vs_C0,C0,85005,atomic_numbers,0.05,0.95,early_0_30,1.4699260879204548,0.11201385147850504,0.9956328751513435,13.122717132912147,12.25307900866007
GBSA-TCL_vs_C0,C0,85005,pos,0.05,0.95,early_0_30,0.0007666886902890296,0.11407811551276725,0.994612258080116,0.006720734181511127,0.007004544506409462
GBSA-TCL_vs_C0,C0,85005,cell,0.05,0.95,early_0_30,0.005154348607520517,0.008347853386084769,0.9999810214444784,0.6174459910990316,0.6209123031819167
GBSA-TCL_vs_C0,C0,85006,atomic_numbers,0.05,0.95,early_0_30,1.2451814670774755,0.10929561984758539,0.9954239382018584,11.392784713732368,10.736258376460842
GBSA-TCL_vs_C0,C0,85006,pos,0.05,0.95,early_0_30,0.0008458819206193668,0.05081082704579756,0.9988513306108372,0.016647670778059648,0.016909948315928923
GBSA-TCL_vs_C0,C0,85006,cell,0.05,0.95,early_0_30,0.01069902629156879,0.012267978137421292,0.999933466715189,0.8721099900670108,0.8756941234835921
GBSA-TCL_vs_C0,C0,85007,atomic_numbers,0.05,0.95,early_0_30,2.009856167375211,0.18000061467237885,0.9847968586563352,11.165829466934726,10.469373890318343
GBSA-TCL_vs_C0,C0,85007,pos,0.05,0.95,early_0_30,0.002488765714154065,0.10082339489925668,0.9965664563120968,0.02468440699344486,0.026019822719159112
GBSA-TCL_vs_C0,C0,85007,cell,0.05,0.95,early_0_30,0.017146115940051936,0.011377707720206074,0.9999424700615519,1.5069921254526113,1.5011876559359685
GBSA-TCL_vs_C0,C0,85008,atomic_numbers,0.05,0.95,early_0_30,1.502162836259531,0.12200772471058431,0.9972626849047153,12.312030568743296,11.083443234646726
GBSA-TCL_vs_C0,C0,85008,pos,0.05,0.95,early_0_30,0.0009506023276150272,0.11717891425706572,0.9958169826227642,0.008112400884084034,0.008673629411173379
GBSA-TCL_vs_C0,C0,85008,cell,0.05,0.95,early_0_30,0.012970013028486459,0.00867355380251015,0.9999712178215869,1.4953516544432919,1.5015938978357986
GBSA-TCL_vs_C0,C0,85009,atomic_numbers,0.05,0.95,early_0_30,1.5642738316105993,0.1435108551406755,0.9915701338340446,10.90003839833043,10.135637313492603
GBSA-TCL_vs_C0,C0,85009,pos,0.05,0.95,early_0_30,0.0008310825607826168,0.04867978659188088,0.9991800927967637,0.017072436404666366,0.01751989346119787
GBSA-TCL_vs_C0,C0,85009,cell,0.05,0.95,early_0_30,0.005997994629569583,0.004379329662291723,0.9999907842816831,1.369614779452526,1.3707860439489787
GBSA-TCL_vs_C0,C0,85010,atomic_numbers,0.05,0.95,early_0_30,1.2376141530892983,0.11001406145609077,0.9965290259731636,11.249599703063952,10.401426137938532
GBSA-TCL_vs_C0,C0,85010,pos,0.05,0.95,early_0_30,0.0010058794204176851,0.03690054299734641,0.999319066864203,0.02725920375995605,0.02725420257600067
GBSA-TCL_vs_C0,C0,85010,cell,0.05,0.95,early_0_30,0.0031714435471632153,0.004147446550520633,0.9999976782289193,0.7646737597534802,0.7673817551364449
GBSA-TCL_vs_C0,C0,85011,atomic_numbers,0.05,0.95,early_0_30,1.0704000787068384,0.09652200570872253,0.9963201644566096,11.0896999171051,10.556632908253574
GBSA-TCL_vs_C0,C0,85011,pos,0.05,0.95,early_0_30,0.0008455403849169857,0.05271118870698811,0.9990028244599333,0.016041003924559368,0.016474474951937997
GBSA-TCL_vs_C0,C0,85011,cell,0.05,0.95,early_0_30,0.007919650247588051,0.008358306083874622,0.999975562930721,0.9475185723177986,0.9518362255808749
GBSA-TCL_vs_C0,C0,85012,atomic_numbers,0.05,0.95,early_0_30,1.082163751393391,0.08933253792788545,0.996039748992884,12.113881195975628,12.171154372022267
GBSA-TCL_vs_C0,C0,85012,pos,0.05,0.95,early_0_30,0.0010803579285330897,0.10791133299248705,0.9980470023755269,0.010011533530109445,0.010872920590564664
GBSA-TCL_vs_C0,C0,85012,cell,0.05,0.95,early_0_30,0.011759299740497617,0.008609582748447272,0.9999679585507012,1.3658385178559778,1.3614663082432459
GBSA-TCL_vs_C0,C0,85013,atomic_numbers,0.05,0.95,early_0_30,1.08631612586711,0.09639626680862871,0.9964687768263459,11.269275894508713,10.695852681158629
GBSA-TCL_vs_C0,C0,85013,pos,0.05,0.95,early_0_30,0.0008475950264021539,0.05420986811359079,0.9989921972366659,0.015635437898983855,0.016094987471741994
GBSA-TCL_vs_C0,C0,85013,cell,0.05,0.95,early_0_30,0.011206893340206673,0.010224003005278422,0.9999747101850732,1.0961355678808784,1.104159128373291
GBSA-TCL_vs_C0,C0,85014,atomic_numbers,0.05,0.95,early_0_30,1.0611665205418828,0.08668629154217104,0.9969085227296629,12.241457116961188,11.755315489004595
GBSA-TCL_vs_C0,C0,85014,pos,0.05,0.95,early_0_30,0.001312152152682617,0.13881014034698755,0.9978353681764194,0.009452855168956633,0.010587951196632478
GBSA-TCL_vs_C0,C0,85014,cell,0.05,0.95,early_0_30,0.00430460247961296,0.006262846011482062,0.9999804381609972,0.6873236978397788,0.6875275433899053
GBSA-TCL_vs_C0,C0,85015,atomic_numbers,0.05,0.95,early_0_30,1.9348451953247747,0.16860410259184663,0.9888902208668116,11.475670909435744,10.435072049671856
GBSA-TCL_vs_C0,C0,85015,pos,0.05,0.95,early_0_30,0.0005931908712380459,0.03562299488023827,0.9994399970828624,0.01665190906133264,0.01684605469180787
GBSA-TCL_vs_C0,C0,85015,cell,0.05,0.95,early_0_30,0.004123354004606919,0.006647494488044634,0.9999841828849768,0.6202869384882794,0.618079244653952
GBSA-TCL_vs_C0,C0,85016,atomic_numbers,0.05,0.95,early_0_30,1.5594864498562702,0.14340236710313878,0.9916399869202797,10.874900333651022,10.10362193116511
GBSA-TCL_vs_C0,C0,85016,pos,0.05,0.95,early_0_30,0.0005812863100115135,0.0372344553622873,0.9993225048693021,0.015611516385983343,0.015512802446224013
GBSA-TCL_vs_C0,C0,85016,cell,0.05,0.95,early_0_30,0.004661099170213398,0.010415173159115559,0.9999482616437291,0.44752968568111756,0.4485074177656909
GBSA-TCL_vs_C0,C0,85017,atomic_numbers,0.05,0.95,early_0_30,0.9002181560996827,0.07563759439743899,0.9971425933758078,11.901729070989113,11.822561479891279
GBSA-TCL_vs_C0,C0,85017,pos,0.05,0.95,early_0_30,0.000623944703244834,0.14245859423639715,0.9920083568795734,0.004379831954606081,0.004634529586774561
GBSA-TCL_vs_C0,C0,85017,cell,0.05,0.95,early_0_30,0.005105175536372988,0.007548582248379874,0.9999716696680431,0.676309188718013,0.6766733430511359
GBSA-TCL_vs_C0,C0,85018,atomic_numbers,0.05,0.95,early_0_30,1.6798663248576333,0.15768195063320228,0.9902101556584806,10.653510551536215,9.767813662268146
GBSA-TCL_vs_C0,C0,85018,pos,0.05,0.95,early_0_30,0.00134815608655505,0.06682361282401497,0.9989456868567068,0.020174845830403104,0.021133225629357884
GBSA-TCL_vs_C0,C0,85018,cell,0.05,0.95,early_0_30,0.007347901789889431,0.006000152544142262,0.9999827984928625,1.2246191635682546,1.2230494937781635
GBSA-TCL_vs_C0,C0,85019,atomic_numbers,0.05,0.95,early_0_30,1.300552866069748,0.08214386055140341,0.998586118861551,15.832624098010315,14.818725623617302
GBSA-TCL_vs_C0,C0,85019,pos,0.05,0.95,early_0_30,0.0005554595027052778,0.07716557437004638,0.9970685270451757,0.007198281192615505,0.00710513439893926
GBSA-TCL_vs_C0,C0,85019,cell,0.05,0.95,early_0_30,0.013203232867618906,0.011697873122761791,0.9999408700688872,1.1286866192733769,1.1237542235361633
GBSA-TCL_vs_C0,C0,85020,atomic_numbers,0.05,0.95,early_0_30,1.234526696080668,0.11983421601885096,0.9951704699255624,10.30195495989615,9.544096235944728
GBSA-TCL_vs_C0,C0,85020,pos,0.05,0.95,early_0_30,0.0007779615032302571,0.025824668961801966,0.9998521561867474,0.03012474252355231,0.02953985153305335
GBSA-TCL_vs_C0,C0,85020,cell,0.05,0.95,early_0_30,0.0029649975558351128,0.007958501677486783,0.9999690670745206,0.37255725713077065,0.3729978729181339
GBSA-TCL_vs_C0,C0,85021,atomic_numbers,0.05,0.95,early_0_30,1.3227393047899059,0.11721840546047788,0.9947739001419005,11.284399404630095,10.57568884988495
GBSA-TCL_vs_C0,C0,85021,pos,0.05,0.95,early_0_30,0.0013222376180236576,0.15691638641745415,0.9953887357101016,0.008426383300122837,0.009433942952522483
GBSA-TCL_vs_C0,C0,85021,cell,0.05,0.95,early_0_30,0.006828152624937327,0.012427382470777635,0.9999290740334267,0.5494441521368948,0.5474553960812742
GBSA-TCL_vs_C0,C0,85022,atomic_numbers,0.05,0.95,early_0_30,1.2658341395910966,0.11438276616796629,0.9951619698986071,11.066650877565525,10.36490624426035
GBSA-TCL_vs_C0,C0,85022,pos,0.05,0.95,early_0_30,0.000984886009892429,0.1464960228450251,0.9956361833502752,0.006722953912095744,0.007452818802648188
GBSA-TCL_vs_C0,C0,85022,cell,0.05,0.95,early_0_30,0.0081423819239578,0.00750963713518851,0.9999839226320252,1.084257704783682,1.089578540727799
GBSA-TCL_vs_C0,C0,85023,atomic_numbers,0.05,0.95,early_0_30,1.1902528497123739,0.097550265197668,0.9962866514257768,12.201431203703455,11.59656454359073
GBSA-TCL_vs_C0,C0,85023,pos,0.05,0.95,early_0_30,0.0010285266605973367,0.10962923399073105,0.9981329873947264,0.00938186488363402,0.010218460811324364
GBSA-TCL_vs_C0,C0,85023,cell,0.05,0.95,early_0_30,0.00782894485915062,0.005623228923665793,0.9999857077780062,1.3922507807217135,1.3898048224358077
GBSA-TCL_vs_C0,C0,85024,atomic_numbers,0.05,0.95,early_0_30,1.1216679492977828,0.10898071777948819,0.9957181691109602,10.29235237344801,9.654219206278352
GBSA-TCL_vs_C0,C0,85024,pos,0.05,0.95,early_0_30,0.002031076893110523,0.10497953716956324,0.994555599547797,0.01934735995101524,0.01899612044676367
GBSA-TCL_vs_C0,C0,85024,cell,0.05,0.95,early_0_30,0.02933959694018796,0.014931667617748822,0.9998887920277504,1.964924326691606,1.9632471008497279
GBSA-TCL_vs_C0,C0,85025,atomic_numbers,0.05,0.95,early_0_30,1.2991987523004807,0.11930046599996885,0.9942921729802032,10.890139794599122,10.24665468986982
GBSA-TCL_vs_C0,C0,85025,pos,0.05,0.95,early_0_30,0.0011310634588334513,0.07974844309492499,0.9988010284947939,0.014182890786809977,0.015058767166785992
GBSA-TCL_vs_C0,C0,85025,cell,0.05,0.95,early_0_30,0.005367033633880129,0.0039128271966090405,0.9999937424214292,1.3716510758592515,1.3693492911220138
GBSA-TCL_vs_C0,C0,85026,atomic_numbers,0.05,0.95,early_0_30,0.8138150993732534,0.06583114012345265,0.9979967011007299,12.362160185090394,12.112432835084803
GBSA-TCL_vs_C0,C0,85026,pos,0.05,0.95,early_0_30,0.0012709462178996313,0.12763268120412502,0.9976945645696648,0.00995784313162697,0.011011279778649574
GBSA-TCL_vs_C0,C0,85026,cell,0.05,0.95,early_0_30,0.004729939006185183,0.00764553177553349,0.9999713642124403,0.618654024998168,0.6179633112927962
GBSA-TCL_vs_C0,C0,85027,atomic_numbers,0.05,0.95,early_0_30,1.1296461376711333,0.06975036888764988,0.9985599915495582,16.195557897202047,15.450275554476205
GBSA-TCL_vs_C0,C0,85027,pos,0.05,0.95,early_0_30,0.0007277077687656567,0.11538025760989706,0.994241954741529,0.00630703886297473,0.006540503860431136
GBSA-TCL_vs_C0,C0,85027,cell,0.05,0.95,early_0_30,0.014932280842995667,0.01615234628990307,0.9998884064957597,0.9244651256845531,0.930039993920432
GBSA-TCL_vs_C0,C0,85028,atomic_numbers,0.05,0.95,early_0_30,1.5100468668648885,0.13246085398992666,0.9934344670080136,11.399948146036587,10.563953748536361
GBSA-TCL_vs_C0,C0,85028,pos,0.05,0.95,early_0_30,0.0009034899378360612,0.12628726890603123,0.996489964540735,0.007154244015747436,0.007805604772027473
GBSA-TCL_vs_C0,C0,85028,cell,0.05,0.95,early_0_30,0.008633249178647462,0.009714562295830733,0.9999550679320731,0.8886915247177586,0.8867641747584886
GBSA-TCL_vs_C0,C0,85029,atomic_numbers,0.05,0.95,early_0_30,1.4901815406500225,0.10014059379939222,0.9973453543321084,14.880893792533781,13.818401158629039
GBSA-TCL_vs_C0,C0,85029,pos,0.05,0.95,early_0_30,0.0006253772851703519,0.035360467134661185,0.9993836516773983,0.017685775552363732,0.017750004903255494
GBSA-TCL_vs_C0,C0,85029,cell,0.05,0.95,early_0_30,0.009780362160194235,0.01193743090834763,0.9999663740032722,0.8193020956757961,0.8121672999480771
GBSA-TCL_vs_C0,C0,85030,atomic_numbers,0.05,0.95,early_0_30,2.1258122324169797,0.1670037253365642,0.9924693066426424,12.729130611504685,11.188329010656458
GBSA-TCL_vs_C0,C0,85030,pos,0.05,0.95,early_0_30,0.0011927476706980074,0.03946348175666158,0.9996613954479026,0.030224086107067,0.029317122283827962
GBSA-TCL_vs_C0,C0,85030,cell,0.05,0.95,early_0_30,0.004932866341396226,0.005500302414716169,0.9999925108456877,0.8968354772999834,0.9003338932871952
GBSA-TCL_vs_C0,C0,85031,atomic_numbers,0.05,0.95,early_0_30,1.2797520285461048,0.11981662113679761,0.9942387605892778,10.680922366229805,10.047510067977166
GBSA-TCL_vs_C0,C0,85031,pos,0.05,0.95,early_0_30,0.0012660994708350824,0.09279125188860383,0.999097749769113,0.013644599518444243,0.014757991291600462
GBSA-TCL_vs_C0,C0,85031,cell,0.05,0.95,early_0_30,0.006448989007520628,0.008132556987612909,0.9999693091720552,0.7929841767285977,0.7912301576246115
GBSA-TCL_vs_C0,TCL,85000,atomic_numbers,0.05,0.95,early_0_30,1.2609516085007795,0.09397446868773092,0.9980894831878948,13.418023279182485,12.442280325511303
GBSA-TCL_vs_C0,TCL,85000,pos,0.05,0.95,early_0_30,0.0007381566452276862,0.11784974236828617,0.9944512077477314,0.006263540593248907,0.006561506668715831
GBSA-TCL_vs_C0,TCL,85000,cell,0.05,0.95,early_0_30,0.008600145298090818,0.005634082917327574,0.9999853223031134,1.5264498986412045,1.5240687894370173
GBSA-TCL_vs_C0,TCL,85001,atomic_numbers,0.05,0.95,early_0_30,1.4488452677103696,0.09887658214019313,0.9971904863262011,14.653067858434973,13.666187127836698
GBSA-TCL_vs_C0,TCL,85001,pos,0.05,0.95,early_0_30,0.0008541717366122863,0.047928439013430885,0.9992253073386048,0.017821814233777225,0.018295541145544075
GBSA-TCL_vs_C0,TCL,85001,cell,0.05,0.95,early_0_30,0.007469507211780559,0.008270751457467319,0.999966047294987,0.9031231624106719,0.9037317879415573
GBSA-TCL_vs_C0,TCL,85002,atomic_numbers,0.05,0.95,early_0_30,0.9951573508996064,0.07179081227609811,0.997422216558262,13.861904042433187,13.795178580849537
GBSA-TCL_vs_C0,TCL,85002,pos,0.05,0.95,early_0_30,0.0006360256957533285,0.14283933341580232,0.9952074735217868,0.004452734975329735,0.004895014235472151
GBSA-TCL_vs_C0,TCL,85002,cell,0.05,0.95,early_0_30,0.004296214454955164,0.006786222034684155,0.9999818566316354,0.6330789698594235,0.631089033195245
GBSA-TCL_vs_C0,TCL,85003,atomic_numbers,0.05,0.95,early_0_30,1.1243884311865553,0.10064837319429372,0.9951370510733698,11.171451614185678,10.886050360312668
GBSA-TCL_vs_C0,TCL,85003,pos,0.05,0.95,early_0_30,0.0016436115924253918,0.18463911856681955,0.9974571142825008,0.008901751726195447,0.010395350700074578
GBSA-TCL_vs_C0,TCL,85003,cell,0.05,0.95,early_0_30,0.005825523452775804,0.00630435908633783,0.9999915366865633,0.9240468972334223,0.9284531190853474
GBSA-TCL_vs_C0,TCL,85004,atomic_numbers,0.05,0.95,early_0_30,1.694230923406562,0.1532279098467555,0.9905221841236574,11.056934243252263,10.201162817929482
GBSA-TCL_vs_C0,TCL,85004,pos,0.05,0.95,early_0_30,0.0005572810722425571,0.03369569829290017,0.9994430584404764,0.016538641443141676,0.016606698148024072
GBSA-TCL_vs_C0,TCL,85004,cell,0.05,0.95,early_0_30,0.0059854462559044445,0.007454526372984509,0.9999789513900659,0.8029277725270292,0.8058580858179226
GBSA-TCL_vs_C0,TCL,85005,atomic_numbers,0.05,0.95,early_0_30,1.4763029553193554,0.11255629653821334,0.9956782528611804,13.116129445660501,12.22534738012827
GBSA-TCL_vs_C0,TCL,85005,pos,0.05,0.95,early_0_30,0.0006392284120454802,0.10521341464384615,0.9951170600022688,0.00607554097744387,0.006267263197843977
GBSA-TCL_vs_C0,TCL,85005,cell,0.05,0.95,early_0_30,0.006070352203773761,0.007881319495012525,0.9999696714870778,0.7702202921243347,0.769266561543262
GBSA-TCL_vs_C0,TCL,85006,atomic_numbers,0.05,0.95,early_0_30,1.356913740926422,0.11695437326716329,0.995257866354285,11.602077827622336,10.79367903805055
GBSA-TCL_vs_C0,TCL,85006,pos,0.05,0.95,early_0_30,0.0008270094219966942,0.05785551475054347,0.9988689394076071,0.014294392255647947,0.01474937998235336
GBSA-TCL_vs_C0,TCL,85006,cell,0.05,0.95,early_0_30,0.008884460039245114,0.009563244333729662,0.9999623579345726,0.9290215463709875,0.9327226900564801
GBSA-TCL_vs_C0,TCL,85007,atomic_numbers,0.05,0.95,early_0_30,1.3733643723405875,0.13012338655962752,0.9940425855367553,10.554323927861034,9.741217058636272
GBSA-TCL_vs_C0,TCL,85007,pos,0.05,0.95,early_0_30,0.0009161578640490345,0.030594744484690517,0.9995328731709753,0.02994494248865115,0.029888574749279986
GBSA-TCL_vs_C0,TCL,85007,cell,0.05,0.95,early_0_30,0.003367091488675563,0.00288225679041779,0.9999958716257474,1.1682135678783483,1.1679457730858127
GBSA-TCL_vs_C0,TCL,85008,atomic_numbers,0.05,0.95,early_0_30,1.3605057711654838,0.11888074902435412,0.9951136698499629,11.444290032920028,10.630635723945403
GBSA-TCL_vs_C0,TCL,85008,pos,0.05,0.95,early_0_30,0.0009544895264883437,0.13500377246197529,0.9961780226924306,0.0070700952209108246,0.007770870036683622
GBSA-TCL_vs_C0,TCL,85008,cell,0.05,0.95,early_0_30,0.0077670817599167375,0.014759057154168998,0.9999084353198401,0.5262586680696447,0.5293108905185466
GBSA-TCL_vs_C0,TCL,85009,atomic_numbers,0.05,0.95,early_0_30,1.2139127242924832,0.10625660441027515,0.9957119966002177,11.424350806518865,10.778136579272253
GBSA-TCL_vs_C0,TCL,85009,pos,0.05,0.95,early_0_30,0.0009251387685889012,0.06209299463975539,0.9988999385108855,0.014899245461686526,0.015489279767129466
GBSA-TCL_vs_C0,TCL,85009,cell,0.05,0.95,early_0_30,0.003948436408122274,0.004050007506479952,0.9999975794223145,0.9749207629380525,0.9716034701410898
GBSA-TCL_vs_C0,TCL,85010,atomic_numbers,0.05,0.95,early_0_30,1.3225250021880033,0.11840465520310044,0.9957661341252388,11.169535521381873,10.288646356151698
GBSA-TCL_vs_C0,TCL,85010,pos,0.05,0.95,early_0_30,0.0009762100329859045,0.035376057941611284,0.9994802571739232,0.027595218059546203,0.027178846408750866
GBSA-TCL_vs_C0,TCL,85010,cell,0.05,0.95,early_0_30,0.004252718363995267,0.004716444151400608,0.9999980506986369,0.9016789402101513,0.905539300565064
GBSA-TCL_vs_C0,TCL,85011,atomic_numbers,0.05,0.95,early_0_30,1.5831002215956573,0.11620554659901496,0.9955265014760323,13.623275892831408,12.640695251364003
GBSA-TCL_vs_C0,TCL,85011,pos,0.05,0.95,early_0_30,0.000847640732949164,0.0560863081596797,0.9989125750807071,0.015113149015547628,0.015567897559823077
GBSA-TCL_vs_C0,TCL,85011,cell,0.05,0.95,early_0_30,0.0058348463895055176,0.005052908118021084,0.9999881372186252,1.1547501464939895,1.1531844111562177
GBSA-TCL_vs_C0,TCL,85012,atomic_numbers,0.05,0.95,early_0_30,0.9931018438708107,0.07229274208434837,0.997506423391514,13.737227489754058,13.487817124441577
GBSA-TCL_vs_C0,TCL,85012,pos,0.05,0.95,early_0_30,0.0012543446986910134,0.11675840586906085,0.9984084105155963,0.010743078319326343,0.011824292282026925
GBSA-TCL_vs_C0,TCL,85012,cell,0.05,0.95,early_0_30,0.010839366722896373,0.011382559263962987,0.9999499634843592,0.9522785229165154,0.9470593680968722
GBSA-TCL_vs_C0,TCL,85013,atomic_numbers,0.05,0.95,early_0_30,1.8335226167219385,0.12426592206887249,0.994682855223,14.754830497340505,13.650305830150115
GBSA-TCL_vs_C0,TCL,85013,pos,0.05,0.95,early_0_30,0.0008267921761099951,0.05406540854517766,0.998965059084722,0.015292442956740414,0.015723578914353803
GBSA-TCL_vs_C0,TCL,85013,cell,0.05,0.95,early_0_30,0.00589118528650302,0.008388036613866572,0.9999854124510508,0.7023318516235474,0.7068288191689485
GBSA-TCL_vs_C0,TCL,85014,atomic_numbers,0.05,0.95,early_0_30,1.229829400684468,0.10959715349427235,0.9945311013823346,11.221362612750152,10.787207064096172
GBSA-TCL_vs_C0,TCL,85014,pos,0.05,0.95,early_0_30,0.0014190718239250344,0.16001592595776762,0.9979906086891148,0.008868316171851322,0.010153576093302091
GBSA-TCL_vs_C0,TCL,85014,cell,0.05,0.95,early_0_30,0.006011336778425863,0.006736405718006184,0.9999836984924687,0.8923656071304856,0.8955407415028579
GBSA-TCL_vs_C0,TCL,85015,atomic_numbers,0.05,0.95,early_0_30,1.5275644093428045,0.13812801299955138,0.99294847583551,11.059048604049385,10.197040240596174
GBSA-TCL_vs_C0,TCL,85015,pos,0.05,0.95,early_0_30,0.0007986950344711326,0.0875524581973477,0.9962014528259312,0.009122474124836489,0.009170815210364133
GBSA-TCL_vs_C0,TCL,85015,cell,0.05,0.95,early_0_30,0.0115951509960502,0.006775627988078309,0.9999826157409549,1.7113027776099605,1.7055610389262907
GBSA-TCL_vs_C0,TCL,85016,atomic_numbers,0.05,0.95,early_0_30,1.305698534220891,0.10887387216085567,0.9969337271425845,11.992762894404883,11.048146662194505
GBSA-TCL_vs_C0,TCL,85016,pos,0.05,0.95,early_0_30,0.0005734384316274183,0.034476085662033404,0.9994548295281801,0.01663293325259701,0.016788990164548066
GBSA-TCL_vs_C0,TCL,85016,cell,0.05,0.95,early_0_30,0.0035376371063425846,0.005668382905384735,0.9999932951731662,0.6240998826988156,0.6213953603116709
GBSA-TCL_vs_C0,TCL,85017,atomic_numbers,0.05,0.95,early_0_30,1.066124594750108,0.08433048516156241,0.9976023051864988,12.642220576670466,12.00271730405371
GBSA-TCL_vs_C0,TCL,85017,pos,0.05,0.95,early_0_30,0.000641929006621246,0.13745461119209126,0.9918583288801097,0.0046701162009338305,0.0048737113414953825
GBSA-TCL_vs_C0,TCL,85017,cell,0.05,0.95,early_0_30,0.008833999805956274,0.011155631877218984,0.9999384497847839,0.7918869951236257,0.7927588482555226
GBSA-TCL_vs_C0,TCL,85018,atomic_numbers,0.05,0.95,early_0_30,2.1017364699790098,0.1875222738899156,0.9871001888544833,11.207929737524557,9.969132631674377
GBSA-TCL_vs_C0,TCL,85018,pos,0.05,0.95,early_0_30,0.000996385750716248,0.04705832061283773,0.9995576343862347,0.02117342348261424,0.021936219648843465
GBSA-TCL_vs_C0,TCL,85018,cell,0.05,0.95,early_0_30,0.010834629608418495,0.011868878850534748,0.9999389552861362,0.912860409551686,0.908848238983754
GBSA-TCL_vs_C0,TCL,85019,atomic_numbers,0.05,0.95,early_0_30,1.541545690784331,0.12434184316745187,0.9951529244232307,12.397642270014629,11.394168648518756
GBSA-TCL_vs_C0,TCL,85019,pos,0.05,0.95,early_0_30,0.000804423845188944,0.1459935423470371,0.9920241323472856,0.005509996074187794,0.0058719227897408655
GBSA-TCL_vs_C0,TCL,85019,cell,0.05,0.95,early_0_30,0.015500502299426767,0.011153056172100903,0.9999640796523505,1.3897986399638957,1.3796737554574032
GBSA-TCL_vs_C0,TCL,85020,atomic_numbers,0.05,0.95,early_0_30,1.2924669432375713,0.12127362374858258,0.9952928728134499,10.657444737670565,9.830293727181095
GBSA-TCL_vs_C0,TCL,85020,pos,0.05,0.95,early_0_30,0.0005322834184277024,0.018144806313230673,0.9998851349386071,0.02933530450747091,0.0290392910669566
GBSA-TCL_vs_C0,TCL,85020,cell,0.05,0.95,early_0_30,0.004896671454887175,0.006393176806797945,0.9999805128272075,0.7659214820526288,0.7669619572602019
GBSA-TCL_vs_C0,TCL,85021,atomic_numbers,0.05,0.95,early_0_30,1.0574868579322496,0.07833659685066931,0.9978756609492212,13.499269823376482,12.883342423170667
GBSA-TCL_vs_C0,TCL,85021,pos,0.05,0.95,early_0_30,0.000834107571793536,0.10929425089082821,0.9978792969048565,0.0076317607284459,0.008285622215916184
GBSA-TCL_vs_C0,TCL,85021,cell,0.05,0.95,early_0_30,0.005482337815403962,0.010629868006226643,0.9999524090321743,0.5157484375339919,0.5179007189980218
GBSA-TCL_vs_C0,TCL,85022,atomic_numbers,0.05,0.95,early_0_30,1.6604302388896726,0.12817739281694535,0.9929630174593399,12.954158314493032,12.227718104805707
GBSA-TCL_vs_C0,TCL,85022,pos,0.05,0.95,early_0_30,0.0014509063864798879,0.16007049632728002,0.9959048825859079,0.009064171223117631,0.010224384416034833
GBSA-TCL_vs_C0,TCL,85022,cell,0.05,0.95,early_0_30,0.0038921735903928727,0.004185021274045175,0.9999917287408489,0.9300248040628857,0.9291002216565848
GBSA-TCL_vs_C0,TCL,85023,atomic_numbers,0.05,0.95,early_0_30,1.4244340574190166,0.12703077923794293,0.9939097706576254,11.213298587666623,10.436396547384014
GBSA-TCL_vs_C0,TCL,85023,pos,0.05,0.95,early_0_30,0.00119166410020752,0.09033366254579715,0.998744719358327,0.013191805431373636,0.014166931599534204
GBSA-TCL_vs_C0,TCL,85023,cell,0.05,0.95,early_0_30,0.004678736993705423,0.005428357300392975,0.9999853423540231,0.8619066017203242,0.8615579507582094
GBSA-TCL_vs_C0,TCL,85024,atomic_numbers,0.05,0.95,early_0_30,2.3891686098770726,0.1862478056112109,0.9874404548344032,12.827902063256632,11.401637196330078
GBSA-TCL_vs_C0,TCL,85024,pos,0.05,0.95,early_0_30,0.0013835204190216178,0.04730438944600375,0.9997889348154262,0.029247189007710502,0.02799479070161067
GBSA-TCL_vs_C0,TCL,85024,cell,0.05,0.95,early_0_30,0.005698385285628203,0.007393513808800881,0.999973525137109,0.7707276178811109,0.771716548862163
GBSA-TCL_vs_C0,TCL,85025,atomic_numbers,0.05,0.95,early_0_30,1.0822826871312183,0.0843774488236251,0.9966663373876605,12.826681799701275,12.507822779929018
GBSA-TCL_vs_C0,TCL,85025,pos,0.05,0.95,early_0_30,0.0015584949367209555,0.1230664442391616,0.997863277951293,0.01266384956806137,0.013957507385732633
GBSA-TCL_vs_C0,TCL,85025,cell,0.05,0.95,early_0_30,0.01077246745485289,0.0097156295317405,0.9999711236526669,1.1087770915574489,1.1020333911016478
GBSA-TCL_vs_C0,TCL,85026,atomic_numbers,0.05,0.95,early_0_30,0.7769601743806819,0.06677880349912044,0.9977926222716323,11.634832217245627,11.52727023579688
GBSA-TCL_vs_C0,TCL,85026,pos,0.05,0.95,early_0_30,0.0011758253312456836,0.12339777707338459,0.9980055548477796,0.0095287399751652,0.010520055952376628
GBSA-TCL_vs_C0,TCL,85026,cell,0.05,0.95,early_0_30,0.00639873971483052,0.0048005986301058725,0.9999935128425059,1.3329045412591394,1.3371259451913604
GBSA-TCL_vs_C0,TCL,85027,atomic_numbers,0.05,0.95,early_0_30,1.3331309149025639,0.08509563232200594,0.9968381118123728,15.666267216370558,16.09384345492407
GBSA-TCL_vs_C0,TCL,85027,pos,0.05,0.95,early_0_30,0.0007584775836597548,0.11389088431636217,0.9947705354295493,0.006659686490385674,0.0069604679024683124
GBSA-TCL_vs_C0,TCL,85027,cell,0.05,0.95,early_0_30,0.009780810701947803,0.009816161742361081,0.9999733763407879,0.9963986901050415,0.9898299552909482
GBSA-TCL_vs_C0,TCL,85028,atomic_numbers,0.05,0.95,early_0_30,1.1268434069366642,0.08473803578036176,0.9983297962734832,13.29796468090676,12.451396729072536
GBSA-TCL_vs_C0,TCL,85028,pos,0.05,0.95,early_0_30,0.0008436640542394035,0.11326885489679342,0.9959266815250631,0.007448332156338302,0.007928613162138408
GBSA-TCL_vs_C0,TCL,85028,cell,0.05,0.95,early_0_30,0.005080260910887559,0.004406091235843132,0.9999921827519753,1.153008559959022,1.1552410157194088
GBSA-TCL_vs_C0,TCL,85029,atomic_numbers,0.05,0.95,early_0_30,1.0896053327619046,0.09950049744132061,0.9962713329305595,10.95075261713629,10.367121602087012
GBSA-TCL_vs_C0,TCL,85029,pos,0.05,0.95,early_0_30,0.0006905760102936628,0.04804899815766463,0.9993990770684386,0.01437232901355518,0.014841930701898107
GBSA-TCL_vs_C0,TCL,85029,cell,0.05,0.95,early_0_30,0.0027845135004943154,0.0036422925015552913,0.9999933668992246,0.7644947513977265,0.764480728531185
GBSA-TCL_vs_C0,TCL,85030,atomic_numbers,0.05,0.95,early_0_30,1.1869050721817047,0.11354370541535061,0.9956776459796864,10.453288166349031,9.725340954052175
GBSA-TCL_vs_C0,TCL,85030,pos,0.05,0.95,early_0_30,0.0006078921138930913,0.01985134165512264,0.9998387304886877,0.03062221810767257,0.030358231728429892
GBSA-TCL_vs_C0,TCL,85030,cell,0.05,0.95,early_0_30,0.004634168009784504,0.006576864136423506,0.9999817516381856,0.7046166552414996,0.7064356312270612
GBSA-TCL_vs_C0,TCL,85031,atomic_numbers,0.05,0.95,early_0_30,1.5277958458567544,0.13794351596041177,0.9925434517676475,11.075517650972545,10.27764636274927
GBSA-TCL_vs_C0,TCL,85031,pos,0.05,0.95,early_0_30,0.001281533766699855,0.09947267690685262,0.9991882156151185,0.012883274146727733,0.014044549572824725
GBSA-TCL_vs_C0,TCL,85031,cell,0.05,0.95,early_0_30,0.010283091454758158,0.012660012356437626,0.9999789653893593,0.8122497170809787,0.8034016006554352
GBSA-TCL_vs_C0,C0,85000,atomic_numbers,0.15,0.85,early_0_30,1.6370763818840635,0.10921922772746225,0.9972798115642397,14.988902741274682,13.740070822898662
GBSA-TCL_vs_C0,C0,85000,pos,0.15,0.85,early_0_30,0.0004971383150447278,0.4526126597537003,0.9125276594366513,0.001098374745671624,0.0012151808058830339
GBSA-TCL_vs_C0,C0,85000,cell,0.15,0.85,early_0_30,0.01222800837049265,0.01651888110144554,0.9998788169946404,0.7402443479917413,0.7442442573302817
GBSA-TCL_vs_C0,C0,85001,atomic_numbers,0.15,0.85,early_0_30,1.8633587573411086,0.1744306718050063,0.9892085300732857,10.682517805263814,9.556083662285452
GBSA-TCL_vs_C0,C0,85001,pos,0.15,0.85,early_0_30,0.0006595327114385465,0.43903297885141096,0.9398693759612924,0.001502239565610771,0.0018263321827217912
GBSA-TCL_vs_C0,C0,85001,cell,0.15,0.85,early_0_30,0.010789594137753395,0.012502267275874104,0.9999716776078097,0.8630109962993918,0.8716020969601677
GBSA-TCL_vs_C0,C0,85002,atomic_numbers,0.15,0.85,early_0_30,1.2991005778177014,0.09791840603141092,0.9957511509676004,13.267174481996442,13.65249735052374
GBSA-TCL_vs_C0,C0,85002,pos,0.15,0.85,early_0_30,0.0008455707287852329,0.7281402220290676,0.7270337097263192,0.0011612745776204043,0.0011257989332217977
GBSA-TCL_vs_C0,C0,85002,cell,0.15,0.85,early_0_30,0.012781027212912485,0.012756139815025677,0.9999313266893869,1.0019510132569645,1.0069296129093255
GBSA-TCL_vs_C0,C0,85003,atomic_numbers,0.15,0.85,early_0_30,1.140774723049575,0.08503273607736639,0.9964277281985071,13.41571229710461,13.501126495371327
GBSA-TCL_vs_C0,C0,85003,pos,0.15,0.85,early_0_30,0.0008094493388514137,0.8823710291034839,0.7648958889860191,0.000917357111864653,0.0012548759137970148
GBSA-TCL_vs_C0,C0,85003,cell,0.15,0.85,early_0_30,0.010974310777786702,0.01068615902958174,0.9999471707584424,1.026964950400541,1.0299115266238354
GBSA-TCL_vs_C0,C0,85004,atomic_numbers,0.15,0.85,early_0_30,1.5799377574509899,0.15621874261459268,0.9893632197259908,10.113624850693201,9.4300265810371
GBSA-TCL_vs_C0,C0,85004,pos,0.15,0.85,early_0_30,0.0006491072646302249,0.6419382453721699,0.793081396594753,0.0010111677709027894,0.0010068409930627925
GBSA-TCL_vs_C0,C0,85004,cell,0.15,0.85,early_0_30,0.009673208463070657,0.0158040524789373,0.9998764809538315,0.6120713959892585,0.6130099201598569
GBSA-TCL_vs_C0,C0,85005,atomic_numbers,0.15,0.85,early_0_30,1.0303548869908614,0.05619074355749605,0.9989245715707,18.33673700965661,17.734930636903766
GBSA-TCL_vs_C0,C0,85005,pos,0.15,0.85,early_0_30,0.000893941790938198,0.43408327398156543,0.9009424848370383,0.0020593785674777273,0.0018322973296000919
GBSA-TCL_vs_C0,C0,85005,cell,0.15,0.85,early_0_30,0.010340369509462244,0.007887405281189187,0.9999714755425769,1.310997614655757,1.3079813219066327
GBSA-TCL_vs_C0,C0,85006,atomic_numbers,0.15,0.85,early_0_30,0.9431070492781856,0.07819746480706165,0.9969464078415483,12.060583442252693,12.073458422130361
GBSA-TCL_vs_C0,C0,85006,pos,0.15,0.85,early_0_30,0.0004288829667387434,0.40923347809353716,0.9358917299456323,0.0010480153499091661,0.0011990713197935076
GBSA-TCL_vs_C0,C0,85006,cell,0.15,0.85,early_0_30,0.0035308839745611933,0.004703427592072449,0.9999962483476139,0.7507044395692286,0.7478313255581979
GBSA-TCL_vs_C0,C0,85007,atomic_numbers,0.15,0.85,early_0_30,1.2331295155586321,0.12918595074334413,0.9936743357416601,9.545384064312932,8.875465153934487
GBSA-TCL_vs_C0,C0,85007,pos,0.15,0.85,early_0_30,0.000782221366230523,0.13714708122900107,0.9944216171197477,0.005703521790043861,0.006171656525942996
GBSA-TCL_vs_C0,C0,85007,cell,0.15,0.85,early_0_30,0.003784180104440546,0.003429340257459627,0.9999945856895472,1.1034717526816007,1.1045309473774372
GBSA-TCL_vs_C0,C0,85008,atomic_numbers,0.15,0.85,early_0_30,1.4364252345050752,0.11233922626639153,0.9967958752257671,12.786497488409438,11.736923827683517
GBSA-TCL_vs_C0,C0,85008,pos,0.15,0.85,early_0_30,0.00041968171226832286,0.3405133464138804,0.9507769535654644,0.001232497100886661,0.001345809168549421
GBSA-TCL_vs_C0,C0,85008,cell,0.15,0.85,early_0_30,0.007431630605308403,0.010489482584662698,0.9999626874626896,0.7084840024592476,0.7126732292645162
GBSA-TCL_vs_C0,C0,85009,atomic_numbers,0.15,0.85,early_0_30,1.2962280009101046,0.1352156350723263,0.9914074558881835,9.5863766066458,9.175818953151346
GBSA-TCL_vs_C0,C0,85009,pos,0.15,0.85,early_0_30,0.0006158840497627211,0.3753617391523171,0.9324438036936444,0.001640774712823896,0.0016968372689735724
GBSA-TCL_vs_C0,C0,85009,cell,0.15,0.85,early_0_30,0.01394439529829035,0.015615810126859036,0.9999457819424594,0.8929664990166685,0.882526610650375
GBSA-TCL_vs_C0,C0,85010,atomic_numbers,0.15,0.85,early_0_30,1.2760007091385521,0.11821578407851654,0.9955313596927013,10.793826891094831,9.977966142124377
GBSA-TCL_vs_C0,C0,85010,pos,0.15,0.85,early_0_30,0.0007901020848091519,0.0856185488358509,0.9984266255714295,0.009228164872590247,0.009810720086831055
GBSA-TCL_vs_C0,C0,85010,cell,0.15,0.85,early_0_30,0.005355684441688402,0.01610068475832328,0.9999030585572325,0.3326370599809286,0.32991562125330387
GBSA-TCL_vs_C0,C0,85011,atomic_numbers,0.15,0.85,early_0_30,1.0066970467334733,0.07662791100204934,0.9974435751441615,13.137472150409398,12.740398633199305
GBSA-TCL_vs_C0,C0,85011,pos,0.15,0.85,early_0_30,0.0006285419068967345,0.3423737271859102,0.9611340717527538,0.0018358356876940908,0.0021362057018695234
GBSA-TCL_vs_C0,C0,85011,cell,0.15,0.85,early_0_30,0.009813638364465483,0.01562289425933865,0.9999358734757336,0.6281575104817303,0.6348776131120448
GBSA-TCL_vs_C0,C0,85012,atomic_numbers,0.15,0.85,early_0_30,1.0893402668083139,0.06964035133797604,0.9976569325042376,15.64237178416242,15.809151791135935
GBSA-TCL_vs_C0,C0,85012,pos,0.15,0.85,early_0_30,0.0005115829912271929,0.3095412875261331,0.953755746458211,0.001652713262633833,0.001698471960837034
GBSA-TCL_vs_C0,C0,85012,cell,0.15,0.85,early_0_30,0.0065040614910745476,0.006732180246407047,0.9999818390409618,0.9661151741363067,0.9689960807722635
GBSA-TCL_vs_C0,C0,85013,atomic_numbers,0.15,0.85,early_0_30,0.7617735679864727,0.064952431208816,0.9979940856844497,11.728176356285132,11.53428363551665
GBSA-TCL_vs_C0,C0,85013,pos,0.15,0.85,early_0_30,0.0004588435807558128,0.372885318244838,0.9481664353845426,0.001230521981706274,0.0014068114514630232
GBSA-TCL_vs_C0,C0,85013,cell,0.15,0.85,early_0_30,0.008019614684102606,0.007225125294701266,0.9999785505991308,1.1099620223865183,1.1065525401894742
GBSA-TCL_vs_C0,C0,85014,atomic_numbers,0.15,0.85,early_0_30,1.1271740572158788,0.09610590348993468,0.9962567384033305,11.728458047677886,11.191983371152961
GBSA-TCL_vs_C0,C0,85014,pos,0.15,0.85,early_0_30,0.0005413213466071989,0.4746069377211018,0.9095252879463109,0.001140567706840605,0.001298682182720854
GBSA-TCL_vs_C0,C0,85014,cell,0.15,0.85,early_0_30,0.004839147980873077,0.00785427431951396,0.999979071617968,0.6161164970836585,0.613359753068051
GBSA-TCL_vs_C0,C0,85015,atomic_numbers,0.15,0.85,early_0_30,1.6749509146253747,0.1555437060987806,0.9900501393492668,10.768361874839659,9.947484282819152
GBSA-TCL_vs_C0,C0,85015,pos,0.15,0.85,early_0_30,0.0004806586419003923,0.29261876650020774,0.9585564639715862,0.001642610443783861,0.0016841874062635024
GBSA-TCL_vs_C0,C0,85015,cell,0.15,0.85,early_0_30,0.008730036089792198,0.009822420235436568,0.999954371728874,0.888786661590455,0.890777812468901
GBSA-TCL_vs_C0,C0,85016,atomic_numbers,0.15,0.85,early_0_30,1.8844925072387684,0.12954884023840035,0.996658094782002,14.546579527619533,13.035310747450527
GBSA-TCL_vs_C0,C0,85016,pos,0.15,0.85,early_0_30,0.0004253599472183581,0.1385661490572075,0.9905363749374958,0.0030697248217726454,0.002982197028479776
GBSA-TCL_vs_C0,C0,85016,cell,0.15,0.85,early_0_30,0.006044721526513709,0.005525705744831506,0.9999886879158253,1.0939275100140224,1.0908386145590614
GBSA-TCL_vs_C0,C0,85017,atomic_numbers,0.15,0.85,early_0_30,0.8523700886990083,0.07965247056883017,0.9968879953743788,10.70111300518229,10.545709850177472
GBSA-TCL_vs_C0,C0,85017,pos,0.15,0.85,early_0_30,0.0007502735074532537,0.7307165808675192,0.7808113380905819,0.0010267640383396204,0.0011908147344998905
GBSA-TCL_vs_C0,C0,85017,cell,0.15,0.85,early_0_30,0.012941108384576058,0.015225149103362205,0.9999023408529094,0.8499823743412959,0.8550343011793725
GBSA-TCL_vs_C0,C0,85018,atomic_numbers,0.15,0.85,early_0_30,1.5352537666415724,0.1556795185138699,0.9900066627907183,9.861629720449015,9.11271194973932
GBSA-TCL_vs_C0,C0,85018,pos,0.15,0.85,early_0_30,0.0004450644977255682,0.17153091731435513,0.9873475767572576,0.002594660511900157,0.0027315410716616567
GBSA-TCL_vs_C0,C0,85018,cell,0.15,0.85,early_0_30,0.005823559033717987,0.006548141340391734,0.9999829047038841,0.8893453471744392,0.8867087832390961
GBSA-TCL_vs_C0,C0,85019,atomic_numbers,0.15,0.85,early_0_30,1.6102649810095992,0.14828634076646555,0.9907897669069039,10.859159196230937,10.102797589797825
GBSA-TCL_vs_C0,C0,85019,pos,0.15,0.85,early_0_30,0.0004730180939903229,0.5279385955810708,0.8658897484644369,0.0008959718004130763,0.0009270283580163441
GBSA-TCL_vs_C0,C0,85019,cell,0.15,0.85,early_0_30,0.007168555851246533,0.008821023981506606,0.9999699252674407,0.8126670856212959,0.8160579650515085
GBSA-TCL_vs_C0,C0,85020,atomic_numbers,0.15,0.85,early_0_30,2.0143130124483535,0.17130563092711806,0.9890179646991996,11.758591947893075,10.610988542629524
GBSA-TCL_vs_C0,C0,85020,pos,0.15,0.85,early_0_30,0.0007454034251226112,0.0949532712446738,0.9968776989979707,0.007850213219109321,0.008239705087924846
GBSA-TCL_vs_C0,C0,85020,cell,0.15,0.85,early_0_30,0.0035072426311963485,0.004860173641160392,0.9999931471009137,0.7216290795649383,0.7238964681579136
GBSA-TCL_vs_C0,C0,85021,atomic_numbers,0.15,0.85,early_0_30,1.5308517373190005,0.09190933234445799,0.9980846007820952,16.656107690801974,15.492055287106558
GBSA-TCL_vs_C0,C0,85021,pos,0.15,0.85,early_0_30,0.00038847791934799994,0.15598038094654224,0.9878209245756948,0.002490556292981099,0.0024329343196112787
GBSA-TCL_vs_C0,C0,85021,cell,0.15,0.85,early_0_30,0.01353758070154635,0.010074658467364394,0.9999497156437788,1.343726017651086,1.342360824992412
GBSA-TCL_vs_C0,C0,85022,atomic_numbers,0.15,0.85,early_0_30,1.470652457720916,0.09758610010308938,0.9962009697841455,15.070306694983481,14.349375369901
GBSA-TCL_vs_C0,C0,85022,pos,0.15,0.85,early_0_30,0.0003739042612311335,0.3022774994680963,0.961332913090339,0.0012369569745980945,0.0013432894966453903
GBSA-TCL_vs_C0,C0,85022,cell,0.15,0.85,early_0_30,0.005438666000039154,0.006400948202530757,0.9999920414260369,0.8496656788893959,0.8454059132498408
GBSA-TCL_vs_C0,C0,85023,atomic_numbers,0.15,0.85,early_0_30,1.0366503040648523,0.0883867338836022,0.9972017860369634,11.7285734919228,11.14269071822502
GBSA-TCL_vs_C0,C0,85023,pos,0.15,0.85,early_0_30,0.0006194232019016802,0.2924404740298632,0.9577199872149977,0.002118117213277484,0.002139618093052128
GBSA-TCL_vs_C0,C0,85023,cell,0.15,0.85,early_0_30,0.004356745651215835,0.0039075427035585785,0.999995062885833,1.1149579113359835,1.1175420595735623
GBSA-TCL_vs_C0,C0,85024,atomic_numbers,0.15,0.85,early_0_30,2.588776488940567,0.19621815747453522,0.9886398027779455,13.19335846518961,11.379325275078907
GBSA-TCL_vs_C0,C0,85024,pos,0.15,0.85,early_0_30,0.0006007440981605338,0.14304246840565848,0.9949925247886181,0.004199760426790633,0.0046084884984637945
GBSA-TCL_vs_C0,C0,85024,cell,0.15,0.85,early_0_30,0.0088635514137557,0.010099413246277484,0.9999555025972735,0.8776303333287896,0.8807562699351228
GBSA-TCL_vs_C0,C0,85025,atomic_numbers,0.15,0.85,early_0_30,1.5386295948488202,0.14271673762672263,0.9921079175532022,10.781003128540707,9.961053623919069
GBSA-TCL_vs_C0,C0,85025,pos,0.15,0.85,early_0_30,0.0008175656622567877,0.6790044758100531,0.7354518362442587,0.0012040652033720855,0.0009385174229071888
GBSA-TCL_vs_C0,C0,85025,cell,0.15,0.85,early_0_30,0.011378691633859406,0.012967570473970043,0.9999778594490379,0.877472897232368,0.8872197575200546
GBSA-TCL_vs_C0,C0,85026,atomic_numbers,0.15,0.85,early_0_30,1.012996613658389,0.062497159692760505,0.9981918435428232,16.208682420742583,16.45675221403133
GBSA-TCL_vs_C0,C0,85026,pos,0.15,0.85,early_0_30,0.0007375066058638906,0.6090834110920507,0.8230587227400431,0.0012108466466712407,0.001263006894191235
GBSA-TCL_vs_C0,C0,85026,cell,0.15,0.85,early_0_30,0.009606646765296399,0.008607829737492148,0.9999635197639224,1.1160358717893568,1.1148058645876202
GBSA-TCL_vs_C0,C0,85027,atomic_numbers,0.15,0.85,early_0_30,1.234006292905851,0.06899765219673565,0.9978595031728109,17.88475772171612,17.452903457867635
GBSA-TCL_vs_C0,C0,85027,pos,0.15,0.85,early_0_30,0.000775605728430797,0.33504093000976404,0.9430393819435915,0.0023149581408104187,0.002274989180901042
GBSA-TCL_vs_C0,C0,85027,cell,0.15,0.85,early_0_30,0.008946674299242542,0.010182307540599482,0.9999481595061029,0.8786489961700574,0.8786324086113346
GBSA-TCL_vs_C0,C0,85028,atomic_numbers,0.15,0.85,early_0_30,0.8135151863248353,0.06960468280751256,0.9978164888627001,11.687650219950877,11.405385304806854
GBSA-TCL_vs_C0,C0,85028,pos,0.15,0.85,early_0_30,0.00048214904753140256,0.4143141226591667,0.9231848647660452,0.0011637282466666963,0.0012543439874377674
GBSA-TCL_vs_C0,C0,85028,cell,0.15,0.85,early_0_30,0.005454890517765976,0.007403805129738881,0.9999760691872388,0.736768515942607,0.7386939537815526
GBSA-TCL_vs_C0,C0,85029,atomic_numbers,0.15,0.85,early_0_30,2.36341059072946,0.15221385397632686,0.9925444375563142,15.526908549973587,13.995426567298447
GBSA-TCL_vs_C0,C0,85029,pos,0.15,0.85,early_0_30,0.0005026038766807005,0.1650413535538062,0.9868194141514003,0.0030453208596404498,0.003103918005767557
GBSA-TCL_vs_C0,C0,85029,cell,0.15,0.85,early_0_30,0.009933367373982004,0.008108914066675955,0.9999703912024017,1.2249935431926384,1.2218250791387337
GBSA-TCL_vs_C0,C0,85030,atomic_numbers,0.15,0.85,early_0_30,2.4362484358521486,0.18764140573147248,0.984412998866032,12.983533279102506,11.931927716967751
GBSA-TCL_vs_C0,C0,85030,pos,0.15,0.85,early_0_30,0.0013399854450037625,0.11641362458813151,0.9957336013709539,0.011510555141158068,0.010644477878333088
GBSA-TCL_vs_C0,C0,85030,cell,0.15,0.85,early_0_30,0.012463407033562631,0.0069676833824436684,0.9999757838786486,1.7887447447693199,1.7893131566151246
GBSA-TCL_vs_C0,C0,85031,atomic_numbers,0.15,0.85,early_0_30,1.3007613393715474,0.1000397604317681,0.995942940582205,13.002443566013227,12.381395162744322
GBSA-TCL_vs_C0,C0,85031,pos,0.15,0.85,early_0_30,0.0009845305155346297,0.36878051110391186,0.9378947300091118,0.002669692366843152,0.002169959052822269
GBSA-TCL_vs_C0,C0,85031,cell,0.15,0.85,early_0_30,0.007501856026809604,0.006861953507963056,0.9999811031413459,1.0932536948995595,1.089900306912933
GBSA-TCL_vs_C0,TCL,85000,atomic_numbers,0.15,0.85,early_0_30,1.3019095537077883,0.08436453067399768,0.9964502557279806,15.431953965803965,15.291968040251929
GBSA-TCL_vs_C0,TCL,85000,pos,0.15,0.85,early_0_30,0.0006948058782907031,0.44812786315647823,0.9008436696811983,0.0015504634623625026,0.0015689446224094032
GBSA-TCL_vs_C0,TCL,85000,cell,0.15,0.85,early_0_30,0.003635007037150186,0.004950198063622059,0.9999877853201572,0.7343154739328656,0.7341050685298139
GBSA-TCL_vs_C0,TCL,85001,atomic_numbers,0.15,0.85,early_0_30,1.5622795274459154,0.1501317154160533,0.9912092629671635,10.406059260139934,9.576167384520158
GBSA-TCL_vs_C0,TCL,85001,pos,0.15,0.85,early_0_30,0.0004908619656457712,0.3681490149744876,0.9320471872801785,0.0013333241314791716,0.0013295986772254398
GBSA-TCL_vs_C0,TCL,85001,cell,0.15,0.85,early_0_30,0.012451514491377295,0.012743779242120242,0.9999404282783131,0.9770660849352314,0.9705811894819492
GBSA-TCL_vs_C0,TCL,85002,atomic_numbers,0.15,0.85,early_0_30,1.1075143976625887,0.07586313733342816,0.9972515187610551,14.598847827699531,14.796736900949591
GBSA-TCL_vs_C0,TCL,85002,pos,0.15,0.85,early_0_30,0.0015813579850090262,0.7163539206721051,0.8769569467083907,0.0022075093600735065,0.0031086089555195876
GBSA-TCL_vs_C0,TCL,85002,cell,0.15,0.85,early_0_30,0.005122674021223767,0.00435389966851455,0.9999912702410699,1.1765714442775632,1.1751216146482164
GBSA-TCL_vs_C0,TCL,85003,atomic_numbers,0.15,0.85,early_0_30,1.3150943508359731,0.12109072718486319,0.9933098238765361,10.860405097974873,10.392068903155067
GBSA-TCL_vs_C0,TCL,85003,pos,0.15,0.85,early_0_30,0.0005763031864078874,0.6451689372111774,0.8323345784359372,0.0008932593514173657,0.0010384337486949082
GBSA-TCL_vs_C0,TCL,85003,cell,0.15,0.85,early_0_30,0.013017604139070714,0.01239175695561805,0.9999269343788926,1.0505051209198324,1.0532917840214637
GBSA-TCL_vs_C0,TCL,85004,atomic_numbers,0.15,0.85,early_0_30,1.481095872264328,0.14695328128646853,0.9904954394518902,10.0786852753366,9.46147372308405
GBSA-TCL_vs_C0,TCL,85004,pos,0.15,0.85,early_0_30,0.0002810013433383407,0.29638354729081773,0.9587610341184513,0.0009481003446612247,0.0009886981023862359
GBSA-TCL_vs_C0,TCL,85004,cell,0.15,0.85,early_0_30,0.007820717069527427,0.013292092835807328,0.9999215805645144,0.5883736418436184,0.5909487055377491
GBSA-TCL_vs_C0,TCL,85005,atomic_numbers,0.15,0.85,early_0_30,0.8013302071086121,0.06766398872979347,0.9977331756506875,11.842787014945433,11.899603193285552
GBSA-TCL_vs_C0,TCL,85005,pos,0.15,0.85,early_0_30,0.0008776382277473544,0.520615448343316,0.8601557520574068,0.0016857706211756557,0.0016260924198469317
GBSA-TCL_vs_C0,TCL,85005,cell,0.15,0.85,early_0_30,0.006142078169616994,0.005633089336404859,0.9999842799951634,1.0903569609526165,1.0909289493089018
GBSA-TCL_vs_C0,TCL,85006,atomic_numbers,0.15,0.85,early_0_30,1.1837733003159332,0.08389973998208748,0.9968899126751541,14.109379845142168,13.65933834251859
GBSA-TCL_vs_C0,TCL,85006,pos,0.15,0.85,early_0_30,0.0007306140724752403,0.4977736151347377,0.8959067395344671,0.0014677637589880638,0.0016445813370888468
GBSA-TCL_vs_C0,TCL,85006,cell,0.15,0.85,early_0_30,0.007981522111752378,0.006699548858162294,0.9999813652877189,1.1913521762033588,1.188042431307032
GBSA-TCL_vs_C0,TCL,85007,atomic_numbers,0.15,0.85,early_0_30,1.3023187356239405,0.12389968962216519,0.9944339710856692,10.511073430412859,9.767325830418894
GBSA-TCL_vs_C0,TCL,85007,pos,0.15,0.85,early_0_30,0.0008253158044990738,0.12165195285173551,0.9961462754458899,0.006784238026206907,0.0073300091220160945
GBSA-TCL_vs_C0,TCL,85007,cell,0.15,0.85,early_0_30,0.008578348739927593,0.010198043822331733,0.9999551624210878,0.8411759048478177,0.8443221199603466
GBSA-TCL_vs_C0,TCL,85008,atomic_numbers,0.15,0.85,early_0_30,1.3674525799214512,0.1304720359246337,0.9935096353777411,10.480809701715323,9.742968385772466
GBSA-TCL_vs_C0,TCL,85008,pos,0.15,0.85,early_0_30,0.0006944175725214301,0.5381750504714582,0.866278737272349,0.001290319147855514,0.0013760695610834466
GBSA-TCL_vs_C0,TCL,85008,cell,0.15,0.85,early_0_30,0.012739821579353086,0.010949135717080474,0.9999448232605811,1.1635458641250715,1.1670742021983036
GBSA-TCL_vs_C0,TCL,85009,atomic_numbers,0.15,0.85,early_0_30,1.4641538151370215,0.11599607782491535,0.9959861993992986,12.622442435915957,11.64048516542261
GBSA-TCL_vs_C0,TCL,85009,pos,0.15,0.85,early_0_30,0.0005317945158266259,0.32261574350807093,0.9491124056592471,0.001648383646885856,0.0016798325955496704
GBSA-TCL_vs_C0,TCL,85009,cell,0.15,0.85,early_0_30,0.00998497235685298,0.010773594320294786,0.9999425468375831,0.9268004771670083,0.9257458943900528
GBSA-TCL_vs_C0,TCL,85010,atomic_numbers,0.15,0.85,early_0_30,3.2862860213679856,0.2178939278679023,0.9879658859138357,15.08204498181468,12.585839892641033
GBSA-TCL_vs_C0,TCL,85010,pos,0.15,0.85,early_0_30,0.0011939557745791612,0.16582171693987996,0.9954235965031101,0.0072002376806413115,0.008143044311835528
GBSA-TCL_vs_C0,TCL,85010,cell,0.15,0.85,early_0_30,0.006142397181970732,0.009725984743125894,0.9999891838622514,0.6315450151525315,0.6369327255948778
GBSA-TCL_vs_C0,TCL,85011,atomic_numbers,0.15,0.85,early_0_30,1.5511682552189094,0.12578036549312288,0.9949936632238837,12.332356080677156,11.328736528390959
GBSA-TCL_vs_C0,TCL,85011,pos,0.15,0.85,early_0_30,0.000613595642706037,0.272225006622929,0.9623371012702889,0.0022540017550847407,0.002200918161165134
GBSA-TCL_vs_C0,TCL,85011,cell,0.15,0.85,early_0_30,0.014987986889791938,0.022511625439740366,0.9998302621244389,0.6657887467927238,0.657063448006334
GBSA-TCL_vs_C0,TCL,85012,atomic_numbers,0.15,0.85,early_0_30,1.5106299120609157,0.12459774947697111,0.9931159859024442,12.124054554774434,11.525646723733676
GBSA-TCL_vs_C0,TCL,85012,pos,0.15,0.85,early_0_30,0.0005555880352167398,0.39127659554577116,0.9409781889607994,0.0014199367954573904,0.001614876298540225
GBSA-TCL_vs_C0,TCL,85012,cell,0.15,0.85,early_0_30,0.015248770244888894,0.013396518734701119,0.9999379208828947,1.138263644971426,1.1466585067925252
GBSA-TCL_vs_C0,TCL,85013,atomic_numbers,0.15,0.85,early_0_30,1.3362245690270194,0.12233746422506936,0.9945497991368543,10.922447816710593,10.163902262566813
GBSA-TCL_vs_C0,TCL,85013,pos,0.15,0.85,early_0_30,0.0005616011505040488,0.4335596576444854,0.9217046922472706,0.0012953261231803909,0.0014447921927995997
GBSA-TCL_vs_C0,TCL,85013,cell,0.15,0.85,early_0_30,0.010237781663683509,0.008687981492366383,0.9999834173083904,1.1783843776231389,1.1860303077519854
GBSA-TCL_vs_C0,TCL,85014,atomic_numbers,0.15,0.85,early_0_30,0.8114893782964205,0.0662525549837695,0.997809482417757,12.248423905994546,12.177153095368082
GBSA-TCL_vs_C0,TCL,85014,pos,0.15,0.85,early_0_30,0.0003377163498632247,0.20947099983390546,0.9779192894555984,0.0016122343910661046,0.001599675765035083
GBSA-TCL_vs_C0,TCL,85014,cell,0.15,0.85,early_0_30,0.008859551597445451,0.012207061073730324,0.9999530163145426,0.7257726936839256,0.7203538119236359
GBSA-TCL_vs_C0,TCL,85015,atomic_numbers,0.15,0.85,early_0_30,1.5601963517049702,0.12054650872842258,0.9934620812117435,12.942692145650712,12.357078399845456
GBSA-TCL_vs_C0,TCL,85015,pos,0.15,0.85,early_0_30,0.0004535200126540363,0.22172745279560305,0.9766663369251579,0.002045394049928985,0.0021104464136375125
GBSA-TCL_vs_C0,TCL,85015,cell,0.15,0.85,early_0_30,0.01009215748498303,0.0096449158081631,0.9999618440484195,1.0463707185957394,1.0420529470427926
GBSA-TCL_vs_C0,TCL,85016,atomic_numbers,0.15,0.85,early_0_30,1.6471021025113697,0.1315242744465926,0.992735633316799,12.523179538087476,11.766864711007102
GBSA-TCL_vs_C0,TCL,85016,pos,0.15,0.85,early_0_30,0.0009532943568435409,0.2856176461961167,0.96795274863341,0.003337659173162467,0.0036847893281260545
GBSA-TCL_vs_C0,TCL,85016,cell,0.15,0.85,early_0_30,0.010196875565679017,0.008457008998655617,0.9999647702237506,1.2057307219727424,1.206931194157047
GBSA-TCL_vs_C0,TCL,85017,atomic_numbers,0.15,0.85,early_0_30,0.9044791958033827,0.062374679456729164,0.9986279271163122,14.500742988680882,13.989458376570203
GBSA-TCL_vs_C0,TCL,85017,pos,0.15,0.85,early_0_30,0.0006133962550504927,0.3591912903560192,0.9344703659372929,0.0017077147233790482,0.0016768712679739776
GBSA-TCL_vs_C0,TCL,85017,cell,0.15,0.85,early_0_30,0.005452569658418012,0.005843341361418622,0.9999855112484769,0.933125299579325,0.9309906184353636
GBSA-TCL_vs_C0,TCL,85018,atomic_numbers,0.15,0.85,early_0_30,1.3505352572485045,0.13064696611227736,0.9937822774720901,10.337287557736785,9.566450321265373
GBSA-TCL_vs_C0,TCL,85018,pos,0.15,0.85,early_0_30,0.0006656360068455894,0.22526841321475072,0.9770805900100537,0.0029548572627047876,0.003104919634963949
GBSA-TCL_vs_C0,TCL,85018,cell,0.15,0.85,early_0_30,0.00830925000683621,0.010686916023154455,0.9999431348010551,0.7775161691954205,0.778012320845203
GBSA-TCL_vs_C0,TCL,85019,atomic_numbers,0.15,0.85,early_0_30,1.1102801346275935,0.0721150699540628,0.9976600115471291,15.395951710715122,15.006796476728779
GBSA-TCL_vs_C0,TCL,85019,pos,0.15,0.85,early_0_30,0.0006324758761978743,0.32218271569684004,0.958804222551973,0.001963096855863015,0.0021806371951420887
GBSA-TCL_vs_C0,TCL,85019,cell,0.15,0.85,early_0_30,0.01089835824847434,0.016499411818014592,0.9998639510912328,0.6605301066899342,0.6601833290970924
GBSA-TCL_vs_C0,TCL,85020,atomic_numbers,0.15,0.85,early_0_30,1.285517484439607,0.13096153550445275,0.9938310454743833,9.815992760682763,9.071758099973259
GBSA-TCL_vs_C0,TCL,85020,pos,0.15,0.85,early_0_30,0.0004885276930769051,0.07632767192061739,0.9983106559994805,0.00640040080856895,0.006706397139213378
GBSA-TCL_vs_C0,TCL,85020,cell,0.15,0.85,early_0_30,0.007101579558472802,0.005822333493107823,0.9999962023353487,1.2197136366165362,1.2259646317785775
GBSA-TCL_vs_C0,TCL,85021,atomic_numbers,0.15,0.85,early_0_30,1.3012292685095057,0.09762193726512927,0.9977833168546073,13.329271114293972,12.347675611411711
GBSA-TCL_vs_C0,TCL,85021,pos,0.15,0.85,early_0_30,0.0003639783431632288,0.17991172063273758,0.9836925143700734,0.002023094114619888,0.0019812400797310542
GBSA-TCL_vs_C0,TCL,85021,cell,0.15,0.85,early_0_30,0.009764476320537384,0.00806905009250898,0.9999677577857021,1.210114723367795,1.2091181239453115
GBSA-TCL_vs_C0,TCL,85022,atomic_numbers,0.15,0.85,early_0_30,1.1038235218482715,0.06718921136877229,0.9979005698431714,16.42858279419096,16.100237447582728
GBSA-TCL_vs_C0,TCL,85022,pos,0.15,0.85,early_0_30,0.0007476302741297924,0.47105489075344775,0.8824985446133392,0.0015871404560389233,0.0014425325537023002
GBSA-TCL_vs_C0,TCL,85022,cell,0.15,0.85,early_0_30,0.006359090555732562,0.005658453175568842,0.9999893945200413,1.1238213622035114,1.1275039359566443
GBSA-TCL_vs_C0,TCL,85023,atomic_numbers,0.15,0.85,early_0_30,1.3263166723515531,0.12783300465620082,0.9934726431606183,10.37538526078302,9.709012497414863
GBSA-TCL_vs_C0,TCL,85023,pos,0.15,0.85,early_0_30,0.0006257137935983274,0.3931355223471719,0.9236272941500274,0.0015915982098554026,0.0016091870807873297
GBSA-TCL_vs_C0,TCL,85023,cell,0.15,0.85,early_0_30,0.012939601520029284,0.014427567283200968,0.9999200744823529,0.89686648248009,0.8905610907485065
GBSA-TCL_vs_C0,TCL,85024,atomic_numbers,0.15,0.85,early_0_30,2.2887624688764068,0.17705107816040333,0.989076337904125,12.92713093112515,11.518065855182346
GBSA-TCL_vs_C0,TCL,85024,pos,0.15,0.85,early_0_30,0.0004702780116452027,0.06751727911720923,0.9981430086591248,0.006965298628648904,0.007155202513030259
GBSA-TCL_vs_C0,TCL,85024,cell,0.15,0.85,early_0_30,0.006955356230629345,0.008570498820170143,0.999981042688066,0.8115462561245957,0.8163688841990445
GBSA-TCL_vs_C0,TCL,85025,atomic_numbers,0.15,0.85,early_0_30,1.1727056947055867,0.08549985629402912,0.9968335594849334,13.715879131687878,13.241462007651371
GBSA-TCL_vs_C0,TCL,85025,pos,0.15,0.85,early_0_30,0.0005717031034217044,0.35345045125641955,0.9358573757061782,0.0016174915080443563,0.0014692603662653013
GBSA-TCL_vs_C0,TCL,85025,cell,0.15,0.85,early_0_30,0.013564982540794714,0.020687675796894747,0.999808005115315,0.655703553843919,0.6599284428374275
GBSA-TCL_vs_C0,TCL,85026,atomic_numbers,0.15,0.85,early_0_30,1.2369038753406414,0.07666093085504766,0.9970574157304388,16.134735927997138,16.077200295045202
GBSA-TCL_vs_C0,TCL,85026,pos,0.15,0.85,early_0_30,0.0007923729341425855,0.555654298626977,0.8611093607714807,0.001426017824572834,0.0015476558349271162
GBSA-TCL_vs_C0,TCL,85026,cell,0.15,0.85,early_0_30,0.007261163613858721,0.008526023846445855,0.9999641767681905,0.8516471153063451,0.8524884130080037
GBSA-TCL_vs_C0,TCL,85027,atomic_numbers,0.15,0.85,early_0_30,1.6475104857645886,0.0952645667613381,0.9960603002746256,17.29405320124975,17.82785709431468
GBSA-TCL_vs_C0,TCL,85027,pos,0.15,0.85,early_0_30,0.0005195633810393307,0.22554004520391008,0.9747848898363108,0.002303641380268391,0.0021700637589738988
GBSA-TCL_vs_C0,TCL,85027,cell,0.15,0.85,early_0_30,0.006284147064602232,0.005853356442504489,0.9999946494694054,1.0735971961265731,1.0683802737171566
GBSA-TCL_vs_C0,TCL,85028,atomic_numbers,0.15,0.85,early_0_30,0.9119423471585337,0.07592666479552783,0.9971159426958768,12.010831104124149,11.94916919720116
GBSA-TCL_vs_C0,TCL,85028,pos,0.15,0.85,early_0_30,0.0011272792047198733,0.5375345131831233,0.8843420105254657,0.002097128978834221,0.0024133928881039895
GBSA-TCL_vs_C0,TCL,85028,cell,0.15,0.85,early_0_30,0.028922837383381243,0.018231809242961167,0.9998490575635078,1.5863942518237792,1.5773883682034926
GBSA-TCL_vs_C0,TCL,85029,atomic_numbers,0.15,0.85,early_0_30,1.5672682122267436,0.13881522016602174,0.9923325465677891,11.290319680740373,10.49026526088399
GBSA-TCL_vs_C0,TCL,85029,pos,0.15,0.85,early_0_30,0.0007150728585685656,0.33879928689586,0.9421849066223172,0.0021106091016902416,0.0020940586555292977
GBSA-TCL_vs_C0,TCL,85029,cell,0.15,0.85,early_0_30,0.011428318604459533,0.01166934252654464,0.9999374657900072,0.9793455439724353,0.9760201196757012
GBSA-TCL_vs_C0,TCL,85030,atomic_numbers,0.15,0.85,early_0_30,1.7751214742730619,0.14761269871743216,0.9925102976795458,12.025533641052734,10.938999763196973
GBSA-TCL_vs_C0,TCL,85030,pos,0.15,0.85,early_0_30,0.0007618177356963018,0.10247677747558008,0.9987896167831849,0.007434052421075017,0.008093383062356177
GBSA-TCL_vs_C0,TCL,85030,cell,0.15,0.85,early_0_30,0.010896044620533493,0.009331821387194126,0.9999813633115462,1.1676225003069518,1.1758413640824563
GBSA-TCL_vs_C0,TCL,85031,atomic_numbers,0.15,0.85,early_0_30,0.979563035633989,0.08739691659452009,0.9962409575277241,11.208210470155292,11.295951694707435
GBSA-TCL_vs_C0,TCL,85031,pos,0.15,0.85,early_0_30,0.0005994155513203551,0.5310472026737337,0.8818053546684831,0.001128742507826796,0.0012708734290100237
GBSA-TCL_vs_C0,TCL,85031,cell,0.15,0.85,early_0_30,0.010820012791360861,0.013410997416431127,0.9999116440352028,0.8068014969642902,0.805298114972833
GBSA-TCL_vs_C0,C0,85000,atomic_numbers,0.25,0.75,early_0_30,1.0235897895870834,0.057466154252066415,0.9988101749812334,17.812046114957766,17.24937708623137
GBSA-TCL_vs_C0,C0,85000,pos,0.25,0.75,early_0_30,0.0031265902146965212,1.0566648857791054,0.9074843931382119,0.002958923171172863,0.0055540637348343806
GBSA-TCL_vs_C0,C0,85000,cell,0.25,0.75,early_0_30,0.00940373891662755,0.009281066470999487,0.999967897687043,1.0132174945639467,1.0179303101187591
GBSA-TCL_vs_C0,C0,85001,atomic_numbers,0.25,0.75,early_0_30,1.2759876777562689,0.10309125047543582,0.9947028606034108,12.377264528965103,12.214567041850527
GBSA-TCL_vs_C0,C0,85001,pos,0.25,0.75,early_0_30,0.0013789858180658628,1.6424900365862873,0.49003953526907656,0.0008395702788748201,0.0015801793247294973
GBSA-TCL_vs_C0,C0,85001,cell,0.25,0.75,early_0_30,0.006450047149429569,0.012129990046861883,0.9999438634009113,0.5317438121969642,0.5348538004573413
GBSA-TCL_vs_C0,C0,85002,atomic_numbers,0.25,0.75,early_0_30,0.9605480366301495,0.049870856927315924,0.9987612355831004,19.260708474091327,19.17265540692857
GBSA-TCL_vs_C0,C0,85002,pos,0.25,0.75,early_0_30,0.0060628244891494844,0.8455255246649684,0.9416197458881336,0.00717048073924418,0.012313317917615977
GBSA-TCL_vs_C0,C0,85002,cell,0.25,0.75,early_0_30,0.016631287665867307,0.012470513756734296,0.9999259346407458,1.3336489570757355,1.3371752724150874
GBSA-TCL_vs_C0,C0,85003,atomic_numbers,0.25,0.75,early_0_30,1.4550394953467856,0.14254738589343327,0.9907409455081474,10.207409179951956,9.66944786719513
GBSA-TCL_vs_C0,C0,85003,pos,0.25,0.75,early_0_30,0.0020479264929671986,1.7121665347384796,0.5363791328616236,0.001196102395074556,0.0024234024097943593
GBSA-TCL_vs_C0,C0,85003,cell,0.25,0.75,early_0_30,0.025495316087405618,0.021796033150865052,0.9998058960976559,1.1697227615197379,1.1803996967354515
GBSA-TCL_vs_C0,C0,85004,atomic_numbers,0.25,0.75,early_0_30,1.3436581498889892,0.1238351695230487,0.9954296863398138,10.85037598821151,9.94536584111227
GBSA-TCL_vs_C0,C0,85004,pos,0.25,0.75,early_0_30,0.00044986916522121625,0.46481823502588876,0.8886241559590602,0.0009678388912521045,0.0009331721613245478
GBSA-TCL_vs_C0,C0,85004,cell,0.25,0.75,early_0_30,0.010915460108826436,0.009349405491455772,0.9999596448290651,1.167503122931383,1.170478617069549
GBSA-TCL_vs_C0,C0,85005,atomic_numbers,0.25,0.75,early_0_30,1.1203728544002503,0.06211056588654545,0.9987717579717555,18.038361724908206,17.340610743365307
GBSA-TCL_vs_C0,C0,85005,pos,0.25,0.75,early_0_30,0.004907263846266648,1.46370423504204,0.9140984899246571,0.00335263349574561,0.00777983481118101
GBSA-TCL_vs_C0,C0,85005,cell,0.25,0.75,early_0_30,0.008916306160516183,0.012783065272266886,0.999919560412965,0.6975092413757977,0.6985634789581253
GBSA-TCL_vs_C0,C0,85006,atomic_numbers,0.25,0.75,early_0_30,0.8594160264416989,0.07484582036152554,0.9975988418285927,11.482485224832692,11.129056882777801
GBSA-TCL_vs_C0,C0,85006,pos,0.25,0.75,early_0_30,0.0010193551490311715,0.9431192766599404,0.7648217345814303,0.0010808337548154257,0.0015711083857462217
GBSA-TCL_vs_C0,C0,85006,cell,0.25,0.75,early_0_30,0.00871903001733787,0.015667768118685827,0.9999300516716262,0.5564947062842541,0.5621740767929182
GBSA-TCL_vs_C0,C0,85007,atomic_numbers,0.25,0.75,early_0_30,1.2375557239060648,0.13486159134584205,0.9931381936686853,9.176487623762716,8.49718269117869
GBSA-TCL_vs_C0,C0,85007,pos,0.25,0.75,early_0_30,0.0005892179744026023,0.4443787586925716,0.8968314142392907,0.0013259364064478892,0.00124506807388105
GBSA-TCL_vs_C0,C0,85007,cell,0.25,0.75,early_0_30,0.014672555708004546,0.012680579930725836,0.9999352824106872,1.1570886969019476,1.1505334842702233
GBSA-TCL_vs_C0,C0,85008,atomic_numbers,0.25,0.75,early_0_30,1.4536798484358993,0.0922441499405545,0.9963830824716504,15.759046501840004,15.13642482535444
GBSA-TCL_vs_C0,C0,85008,pos,0.25,0.75,early_0_30,0.0019962084213776274,0.6971022829605691,0.9340209034070709,0.0028635803814897865,0.004388842184462837
GBSA-TCL_vs_C0,C0,85008,cell,0.25,0.75,early_0_30,0.007185055508526967,0.006831991193548892,0.9999793025248107,1.0516780986649186,1.0540732657991032
GBSA-TCL_vs_C0,C0,85009,atomic_numbers,0.25,0.75,early_0_30,1.0226587132371827,0.07520731585431267,0.9978542890903902,13.59786214439854,13.065504885477845
GBSA-TCL_vs_C0,C0,85009,pos,0.25,0.75,early_0_30,0.0027633952053626276,1.5889276736169504,0.650962919187446,0.0017391573268229269,0.0035597587476407892
GBSA-TCL_vs_C0,C0,85009,cell,0.25,0.75,early_0_30,0.023912123765668668,0.018407483325804552,0.9998372918140099,1.2990436195124744,1.3035956092580276
GBSA-TCL_vs_C0,C0,85010,atomic_numbers,0.25,0.75,early_0_30,1.2443884837406416,0.127494109585628,0.9941681033390295,9.760360598501858,9.039665363040474
GBSA-TCL_vs_C0,C0,85010,pos,0.25,0.75,early_0_30,0.0003618730390431074,0.6869292654474791,0.7980879883923663,0.0005267981104391822,0.0005942077627005103
GBSA-TCL_vs_C0,C0,85010,cell,0.25,0.75,early_0_30,0.004405593611756798,0.008499050966235298,0.9999641102285283,0.5183630065591054,0.517994512415141
GBSA-TCL_vs_C0,C0,85011,atomic_numbers,0.25,0.75,early_0_30,1.2665845836962968,0.12621090084605988,0.9936958017511254,10.035461083041914,9.390438395516533
GBSA-TCL_vs_C0,C0,85011,pos,0.25,0.75,early_0_30,0.0015956047279393664,1.3928485231469847,0.5888016931898519,0.0011455694581448646,0.0019739720358024596
GBSA-TCL_vs_C0,C0,85011,cell,0.25,0.75,early_0_30,0.012007937065151663,0.013591722958279468,0.9999088341278997,0.8834742366373034,0.884765641529596
GBSA-TCL_vs_C0,C0,85012,atomic_numbers,0.25,0.75,early_0_30,1.326527941949002,0.09345344191159222,0.995705822830872,14.194532751441184,13.95200458030451
GBSA-TCL_vs_C0,C0,85012,pos,0.25,0.75,early_0_30,0.001398506722192161,0.7667478220358768,0.8549226064020595,0.0018239461293529746,0.0025891678551592193
GBSA-TCL_vs_C0,C0,85012,cell,0.25,0.75,early_0_30,0.02744759277602232,0.029054225996583048,0.9996523724534347,0.9447022536153714,0.9559059436888881
GBSA-TCL_vs_C0,C0,85013,atomic_numbers,0.25,0.75,early_0_30,1.2240360436921143,0.08392981160434072,0.9975076986968245,14.584043741959372,13.884831912535656
GBSA-TCL_vs_C0,C0,85013,pos,0.25,0.75,early_0_30,0.0024224105037033293,1.4545665968629664,0.42715465841031913,0.0016653830143822162,0.002608908203922286
GBSA-TCL_vs_C0,C0,85013,cell,0.25,0.75,early_0_30,0.012164818483594715,0.009077588434229445,0.9999697962828171,1.340093635191044,1.3463381970564763
GBSA-TCL_vs_C0,C0,85014,atomic_numbers,0.25,0.75,early_0_30,0.7304151601379291,0.06029027453796467,0.9981864667114613,12.114974856815223,12.052569086371863
GBSA-TCL_vs_C0,C0,85014,pos,0.25,0.75,early_0_30,0.0022395428726396356,1.6717174873881735,0.7609018767057409,0.0013396658762830857,0.0030833142512461456
GBSA-TCL_vs_C0,C0,85014,cell,0.25,0.75,early_0_30,0.013838197819841521,0.0205603911472068,0.9997886627142314,0.6730512917173508,0.6731216499189621
GBSA-TCL_vs_C0,C0,85015,atomic_numbers,0.25,0.75,early_0_30,1.4861395750432356,0.15743238700026901,0.9886900576199223,9.439859252344919,8.8810660180478
GBSA-TCL_vs_C0,C0,85015,pos,0.25,0.75,early_0_30,0.0015700204272017057,1.2569246073556317,0.5680998062638855,0.0012490967381924183,0.0018963171911663317
GBSA-TCL_vs_C0,C0,85015,cell,0.25,0.75,early_0_30,0.02199247608532568,0.02480768812219993,0.9997057409213176,0.8865185654138013,0.8908633164653226
GBSA-TCL_vs_C0,C0,85016,atomic_numbers,0.25,0.75,early_0_30,1.5277607422320933,0.15762324017531765,0.9893161987446402,9.692484055858955,9.008059130650517
GBSA-TCL_vs_C0,C0,85016,pos,0.25,0.75,early_0_30,0.0008268719475498432,0.7441382368468177,0.7002172407810915,0.001111180566467862,0.001011272534192328
GBSA-TCL_vs_C0,C0,85016,cell,0.25,0.75,early_0_30,0.021984800342502844,0.024867462945793076,0.9997595972652148,0.8840789424488554,0.8734942722315032
GBSA-TCL_vs_C0,C0,85017,atomic_numbers,0.25,0.75,early_0_30,0.9509868357409111,0.09082138194763913,0.9959063606580275,10.470957558091106,10.520571779415137
GBSA-TCL_vs_C0,C0,85017,pos,0.25,0.75,early_0_30,0.0036148301537163004,0.6468968777539379,0.9605913125675494,0.0055879542443722915,0.008631848197834743
GBSA-TCL_vs_C0,C0,85017,cell,0.25,0.75,early_0_30,0.010386430701599177,0.009973721312353127,0.9999503444517194,1.0413796792913073,1.0409030581189282
GBSA-TCL_vs_C0,C0,85018,atomic_numbers,0.25,0.75,early_0_30,1.825512788079271,0.14044160259030794,0.9914845511787679,12.998376224775807,12.20413540104639
GBSA-TCL_vs_C0,C0,85018,pos,0.25,0.75,early_0_30,0.0015650531132265291,0.8982113368194283,0.6355357678254218,0.0017424107769207094,0.0019071467049918045
GBSA-TCL_vs_C0,C0,85018,cell,0.25,0.75,early_0_30,0.013734225990528363,0.019806633846870293,0.9998174546515984,0.6934154534642721,0.6896694462642111
GBSA-TCL_vs_C0,C0,85019,atomic_numbers,0.25,0.75,early_0_30,1.1756469017535913,0.08496034686780798,0.9967329650890887,13.837595361784611,13.427624599592502
GBSA-TCL_vs_C0,C0,85019,pos,0.25,0.75,early_0_30,0.003427085735057659,1.1877307853424655,0.8745636439415412,0.0028854061689320507,0.005651930290407509
GBSA-TCL_vs_C0,C0,85019,cell,0.25,0.75,early_0_30,0.01875943473361214,0.027419153260839216,0.9997371034674782,0.6841726495035455,0.6737054555643665
GBSA-TCL_vs_C0,C0,85020,atomic_numbers,0.25,0.75,early_0_30,1.3980842261828295,0.14221136100183815,0.9930374368994298,9.83103049105028,8.979336126242059
GBSA-TCL_vs_C0,C0,85020,pos,0.25,0.75,early_0_30,0.0005375439333862888,0.4466508540157764,0.908661511706419,0.0012034991729072166,0.0012844816116260721
GBSA-TCL_vs_C0,C0,85020,cell,0.25,0.75,early_0_30,0.012983107423792248,0.01609373742052059,0.9998919676001589,0.8067179850491358,0.8119180839359842
GBSA-TCL_vs_C0,C0,85021,atomic_numbers,0.25,0.75,early_0_30,1.355450852772155,0.12273394929227824,0.9961141102839313,11.043813554343373,10.056866055392922
GBSA-TCL_vs_C0,C0,85021,pos,0.25,0.75,early_0_30,0.0030015106031764196,0.3240324982332168,0.9564621774261586,0.009262992507054445,0.010163678569570992
GBSA-TCL_vs_C0,C0,85021,cell,0.25,0.75,early_0_30,0.057360678160144285,0.031033233330630957,0.9995202197747358,1.8483629323769868,1.8510465327207184
GBSA-TCL_vs_C0,C0,85022,atomic_numbers,0.25,0.75,early_0_30,0.8733881627091038,0.061491808614425936,0.9983414211666121,14.203325327208015,13.872885519598055
GBSA-TCL_vs_C0,C0,85022,pos,0.25,0.75,early_0_30,0.0014892494900745536,0.7713066041340995,0.8223513500094878,0.0019308138710240215,0.002593269554777794
GBSA-TCL_vs_C0,C0,85022,cell,0.25,0.75,early_0_30,0.0117313466027695,0.010198021220980742,0.9999646774076442,1.1503551864193218,1.1569583595132784
GBSA-TCL_vs_C0,C0,85023,atomic_numbers,0.25,0.75,early_0_30,0.8420224249274644,0.08112828960218686,0.9970074590769857,10.378900246219004,10.092411856417083
GBSA-TCL_vs_C0,C0,85023,pos,0.25,0.75,early_0_30,0.00242452220494625,1.6528674098867555,0.3861758582523146,0.0014668582552017065,0.0025783095875130503
GBSA-TCL_vs_C0,C0,85023,cell,0.25,0.75,early_0_30,0.015654073278004946,0.013089060893195505,0.999922556605774,1.1959661129044707,1.2007230914427331
GBSA-TCL_vs_C0,C0,85024,atomic_numbers,0.25,0.75,early_0_30,1.9199335589486268,0.1656263020949801,0.9912284054973203,11.59196054409052,10.333067052845372
GBSA-TCL_vs_C0,C0,85024,pos,0.25,0.75,early_0_30,0.0006578577431140985,0.657709706515046,0.8475038321686084,0.0010002250789331313,0.0012361694453024645
GBSA-TCL_vs_C0,C0,85024,cell,0.25,0.75,early_0_30,0.010288122218191937,0.01901852782808988,0.9998327200416077,0.5409526074356104,0.5436819522508545
GBSA-TCL_vs_C0,C0,85025,atomic_numbers,0.25,0.75,early_0_30,1.5937664041742603,0.10229923072307229,0.9950492312388405,15.57945639384762,15.124510575602484
GBSA-TCL_vs_C0,C0,85025,pos,0.25,0.75,early_0_30,0.0029399027210364713,1.5914084163625808,0.6059535168017947,0.0018473590379495983,0.003665661855352214
GBSA-TCL_vs_C0,C0,85025,cell,0.25,0.75,early_0_30,0.029966616004584033,0.03501322878084709,0.9993869411171228,0.8558655413400877,0.8549734555760943
GBSA-TCL_vs_C0,C0,85026,atomic_numbers,0.25,0.75,early_0_30,0.8736144234615082,0.06280443598891511,0.9981836718987767,13.910075135706974,14.131704902482543
GBSA-TCL_vs_C0,C0,85026,pos,0.25,0.75,early_0_30,0.005105065471308715,2.475359070976343,0.7594848044908382,0.0020623535111191564,0.006491949878121016
GBSA-TCL_vs_C0,C0,85026,cell,0.25,0.75,early_0_30,0.0083504026542512,0.007533827113756655,0.9999719582046174,1.108387878851572,1.109267934676767
GBSA-TCL_vs_C0,C0,85027,atomic_numbers,0.25,0.75,early_0_30,1.2233347746148322,0.07474639673726112,0.9981140606863803,16.36647153594495,15.637636856442573
GBSA-TCL_vs_C0,C0,85027,pos,0.25,0.75,early_0_30,0.006552991640295903,0.725896325409818,0.9740812283268023,0.009027448426049398,0.015020181046784858
GBSA-TCL_vs_C0,C0,85027,cell,0.25,0.75,early_0_30,0.017264501533747152,0.017730409004574253,0.9998429801669937,0.9737226890419222,0.9741478230759171
GBSA-TCL_vs_C0,C0,85028,atomic_numbers,0.25,0.75,early_0_30,0.7015216012989992,0.064935646424731,0.9980111265450526,10.80333591677039,10.613495174019276
GBSA-TCL_vs_C0,C0,85028,pos,0.25,0.75,early_0_30,0.0017709326221082384,0.8805846122619473,0.8789168347525942,0.002011087404263475,0.0032562235388002825
GBSA-TCL_vs_C0,C0,85028,cell,0.25,0.75,early_0_30,0.010406788893865515,0.013569967108226322,0.999918374059341,0.7668986085866605,0.7633301179689843
GBSA-TCL_vs_C0,C0,85029,atomic_numbers,0.25,0.75,early_0_30,1.5242444625260603,0.15483175981547964,0.9896000555582015,9.844520687115967,9.178231578672268
GBSA-TCL_vs_C0,C0,85029,pos,0.25,0.75,early_0_30,0.0025202032297567344,2.1328334130651876,0.01657610741718263,0.0011816221624804915,0.002245699231921181
GBSA-TCL_vs_C0,C0,85029,cell,0.25,0.75,early_0_30,0.027209377195672717,0.03226844629117054,0.9995200102246022,0.843219315555267,0.835202056502072
GBSA-TCL_vs_C0,C0,85030,atomic_numbers,0.25,0.75,early_0_30,1.542707696173428,0.12805391824441584,0.993459275299599,12.047329104204918,11.270290920653084
GBSA-TCL_vs_C0,C0,85030,pos,0.25,0.75,early_0_30,0.0010871144141982394,0.5457425543125172,0.8549696929808134,0.001991991288947037,0.002041191915108048
GBSA-TCL_vs_C0,C0,85030,cell,0.25,0.75,early_0_30,0.00643235410223396,0.007399741295335164,0.9999752009603604,0.8692674305098951,0.8712202221154084
GBSA-TCL_vs_C0,C0,85031,atomic_numbers,0.25,0.75,early_0_30,1.1007039214338026,0.09205094785430082,0.9963501278232432,11.957551194106204,11.50194369299036
GBSA-TCL_vs_C0,C0,85031,pos,0.25,0.75,early_0_30,0.0014684054966261518,0.6953636284531595,0.8432809716736488,0.002111708804633093,0.002712440044216173
GBSA-TCL_vs_C0,C0,85031,cell,0.25,0.75,early_0_30,0.007083916786604328,0.004634295566621929,0.9999892680870689,1.5285854526900617,1.5287432310808138
GBSA-TCL_vs_C0,TCL,85000,atomic_numbers,0.25,0.75,early_0_30,0.9411001749363676,0.06865311694718433,0.9976658390643329,13.708047307748139,13.578755339430723
GBSA-TCL_vs_C0,TCL,85000,pos,0.25,0.75,early_0_30,0.001628778001206066,0.8345555551746452,0.8184744369136551,0.001951671151317441,0.0027787318989163138
GBSA-TCL_vs_C0,TCL,85000,cell,0.25,0.75,early_0_30,0.016341008078085438,0.011733095836041678,0.9999629971449814,1.3927277426550282,1.4037884992948544
GBSA-TCL_vs_C0,TCL,85001,atomic_numbers,0.25,0.75,early_0_30,1.3928739480198407,0.11668472192236265,0.9942984929484879,11.93707218110871,11.303440319424606
GBSA-TCL_vs_C0,TCL,85001,pos,0.25,0.75,early_0_30,0.0013891682255171896,0.509312893538057,0.9031773708518223,0.0027275339838090866,0.003211054965813905
GBSA-TCL_vs_C0,TCL,85001,cell,0.25,0.75,early_0_30,0.019914629845921652,0.015808657703152394,0.9999001200152027,1.259729334385581,1.250681314344722
GBSA-TCL_vs_C0,TCL,85002,atomic_numbers,0.25,0.75,early_0_30,0.7948199985769892,0.05859309292430403,0.998282692878454,13.56508009576848,13.55831761558838
GBSA-TCL_vs_C0,TCL,85002,pos,0.25,0.75,early_0_30,0.003127977946471083,0.9065454082124462,0.9063165055122024,0.003450437140968951,0.005894503651387612
GBSA-TCL_vs_C0,TCL,85002,cell,0.25,0.75,early_0_30,0.008924196812156195,0.008033780970385538,0.999971601913011,1.110833970337621,1.1138941112374678
GBSA-TCL_vs_C0,TCL,85003,atomic_numbers,0.25,0.75,early_0_30,1.157753651428871,0.0652913427306703,0.9978862721639574,17.732115821306614,17.80674289485426
GBSA-TCL_vs_C0,TCL,85003,pos,0.25,0.75,early_0_30,0.0027341069198281655,0.5697473043593452,0.8470262005172782,0.004798806240781681,0.005048942350623721
GBSA-TCL_vs_C0,TCL,85003,cell,0.25,0.75,early_0_30,0.010535584800951963,0.008976180132049063,0.9999601489053442,1.1737269802925536,1.1747757457756767
GBSA-TCL_vs_C0,TCL,85004,atomic_numbers,0.25,0.75,early_0_30,1.2825959881316134,0.09900610019454657,0.9952457513516954,12.954716786251732,12.662724568684181
GBSA-TCL_vs_C0,TCL,85004,pos,0.25,0.75,early_0_30,0.002693977594992121,1.0067689031261349,0.870839509633606,0.0026758649245392924,0.004681274657412128
GBSA-TCL_vs_C0,TCL,85004,cell,0.25,0.75,early_0_30,0.011413002944966649,0.0102953718559496,0.9999494392871056,1.1085566509548832,1.106052770830899
GBSA-TCL_vs_C0,TCL,85005,atomic_numbers,0.25,0.75,early_0_30,0.8391630559261464,0.0650160361753278,0.9979436206933958,12.907016565316106,13.021010291681893
GBSA-TCL_vs_C0,TCL,85005,pos,0.25,0.75,early_0_30,0.001997796595061677,1.134991899733346,0.8512963667624507,0.0017601857735998268,0.0032699529414533875
GBSA-TCL_vs_C0,TCL,85005,cell,0.25,0.75,early_0_30,0.010963537617733327,0.01913698866339858,0.999825360352029,0.5728977432432826,0.5751581104166269
GBSA-TCL_vs_C0,TCL,85006,atomic_numbers,0.25,0.75,early_0_30,0.9219283668768197,0.07936786902397189,0.9972441810628511,11.615889127606096,11.256314854710366
GBSA-TCL_vs_C0,TCL,85006,pos,0.25,0.75,early_0_30,0.0009821794867504268,0.7154796032347371,0.787302649761546,0.0013727567946170923,0.0015790621893560135
GBSA-TCL_vs_C0,TCL,85006,cell,0.25,0.75,early_0_30,0.009783064836217104,0.013672434254285977,0.9999204179907316,0.7155320445699235,0.7117039164035937
GBSA-TCL_vs_C0,TCL,85007,atomic_numbers,0.25,0.75,early_0_30,1.6855665506654292,0.11521993875370051,0.9938315343393687,14.629122085098262,14.081678210827322
GBSA-TCL_vs_C0,TCL,85007,pos,0.25,0.75,early_0_30,0.0008453332317592839,0.3213938330248115,0.9507350140057166,0.0026302098699386815,0.0027236747675177427
GBSA-TCL_vs_C0,TCL,85007,cell,0.25,0.75,early_0_30,0.03189599361091558,0.04126240793653091,0.9991485118243473,0.7730036904287657,0.7718980856870405
GBSA-TCL_vs_C0,TCL,85008,atomic_numbers,0.25,0.75,early_0_30,1.026142769657477,0.07000547003963817,0.997546876648644,14.658036994487137,14.63281994203165
GBSA-TCL_vs_C0,TCL,85008,pos,0.25,0.75,early_0_30,0.004348822361292563,1.4845891877114692,0.8660683867297879,0.0029293102747140307,0.006631818809064134
GBSA-TCL_vs_C0,TCL,85008,cell,0.25,0.75,early_0_30,0.03426094587290928,0.03482708851948001,0.9994306428421977,0.9837441867627246,0.9746910079003197
GBSA-TCL_vs_C0,TCL,85009,atomic_numbers,0.25,0.75,early_0_30,1.0542441065802906,0.0828178831129176,0.9971000636081742,12.729667397352898,12.276872045880818
GBSA-TCL_vs_C0,TCL,85009,pos,0.25,0.75,early_0_30,0.0023510269075611833,0.9737905526300413,0.6778459538788886,0.0024143044941352765,0.00317817513806447
GBSA-TCL_vs_C0,TCL,85009,cell,0.25,0.75,early_0_30,0.016429809697410164,0.014855754566224703,0.9998934424054485,1.1059559192478954,1.1027912461576228
GBSA-TCL_vs_C0,TCL,85010,atomic_numbers,0.25,0.75,early_0_30,1.2635581820078468,0.12736282538427687,0.9945421547751471,9.920933978933503,9.142125005203582
GBSA-TCL_vs_C0,TCL,85010,pos,0.25,0.75,early_0_30,0.0006020841469573041,0.6114313248304923,0.9035832952723851,0.000984712628395708,0.0013193473505875265
GBSA-TCL_vs_C0,TCL,85010,cell,0.25,0.75,early_0_30,0.0072567964229124805,0.01012793246649288,0.999956235875381,0.7165131133052843,0.7192612986086379
GBSA-TCL_vs_C0,TCL,85011,atomic_numbers,0.25,0.75,early_0_30,1.3509370352290695,0.10871082169497953,0.9953377909573978,12.42688643288452,11.745699415347037
GBSA-TCL_vs_C0,TCL,85011,pos,0.25,0.75,early_0_30,0.0018331409988825442,1.1748883707569762,0.7532697709069865,0.0015602682301650993,0.002694284742196817
GBSA-TCL_vs_C0,TCL,85011,cell,0.25,0.75,early_0_30,0.015643095077651957,0.010791380669490749,0.999963634471705,1.4495916284260002,1.459124228990739
GBSA-TCL_vs_C0,TCL,85012,atomic_numbers,0.25,0.75,early_0_30,1.2597003195315646,0.08406881935007889,0.9974436957877056,14.984156186206542,14.282222699645821
GBSA-TCL_vs_C0,TCL,85012,pos,0.25,0.75,early_0_30,0.0017119912804590936,1.3283067538089566,0.76714350658012,0.0012888523494666505,0.0024878578192042296
GBSA-TCL_vs_C0,TCL,85012,cell,0.25,0.75,early_0_30,0.016911149358180375,0.017372367098934614,0.9998539009942934,0.9734510709952403,0.9702891948499462
GBSA-TCL_vs_C0,TCL,85013,atomic_numbers,0.25,0.75,early_0_30,1.1808376897040083,0.09525163916395282,0.995740000506732,12.397032744722424,12.047980715093196
GBSA-TCL_vs_C0,TCL,85013,pos,0.25,0.75,early_0_30,0.0026427481000787802,0.8461262479734211,0.8326006840508171,0.003123349625908066,0.004598357051292086
GBSA-TCL_vs_C0,TCL,85013,cell,0.25,0.75,early_0_30,0.010112193695179131,0.009649601116081338,0.9999678434258757,1.0479390363946617,1.0422812448632681
GBSA-TCL_vs_C0,TCL,85014,atomic_numbers,0.25,0.75,early_0_30,0.7541622651114024,0.06548539080239549,0.9978677366172182,11.516496364618389,11.430614206893353
GBSA-TCL_vs_C0,TCL,85014,pos,0.25,0.75,early_0_30,0.002397158976617848,1.5968507772155969,0.2861673378248789,0.0015011790774825784,0.0023472376966021044
GBSA-TCL_vs_C0,TCL,85014,cell,0.25,0.75,early_0_30,0.012809574413234685,0.04576824420552939,0.9992923437088457,0.279879087249039,0.27238310270410554
GBSA-TCL_vs_C0,TCL,85015,atomic_numbers,0.25,0.75,early_0_30,1.4359001310303094,0.15512540559565619,0.988995276827504,9.256382766682789,8.722775399649286
GBSA-TCL_vs_C0,TCL,85015,pos,0.25,0.75,early_0_30,0.00199521396757209,1.2868130189950362,0.13658797442315787,0.0015505080676991398,0.001485222783686875
GBSA-TCL_vs_C0,TCL,85015,cell,0.25,0.75,early_0_30,0.021736191192393117,0.015436400756494743,0.999896243536551,1.408112651082072,1.4157787596394817
GBSA-TCL_vs_C0,TCL,85016,atomic_numbers,0.25,0.75,early_0_30,1.0830673644164401,0.09587731053707615,0.997381623075311,11.296388669534212,10.555715520325643
GBSA-TCL_vs_C0,TCL,85016,pos,0.25,0.75,early_0_30,0.0015504798973573857,1.1413195170896466,0.544156069830789,0.0013584976635737326,0.0017903960239899013
GBSA-TCL_vs_C0,TCL,85016,cell,0.25,0.75,early_0_30,0.04012638462553394,0.03375935797083867,0.9995615572520062,1.188600347796753,1.1688033200402548
GBSA-TCL_vs_C0,TCL,85017,atomic_numbers,0.25,0.75,early_0_30,0.9869410824387073,0.07459911312959529,0.9972620208501187,13.229930504993687,13.063699409576067
GBSA-TCL_vs_C0,TCL,85017,pos,0.25,0.75,early_0_30,0.0036267119147417133,0.8366972343951616,0.9244677548852829,0.004334557072324279,0.007235466083610161
GBSA-TCL_vs_C0,TCL,85017,cell,0.25,0.75,early_0_30,0.00597878353902582,0.010644891956618144,0.9999506600662267,0.5616575126728919,0.5637785565155241
GBSA-TCL_vs_C0,TCL,85018,atomic_numbers,0.25,0.75,early_0_30,1.390359520659355,0.1372099104747082,0.9932827329410391,10.13308379729348,9.317833835252276
GBSA-TCL_vs_C0,TCL,85018,pos,0.25,0.75,early_0_30,0.0008428177407153386,0.9187667510568768,0.7604670740204347,0.000917335917680769,0.0012938315413898677
GBSA-TCL_vs_C0,TCL,85018,cell,0.25,0.75,early_0_30,0.022293279480721802,0.03696520771088551,0.9993685227159952,0.6030881702351933,0.5965608392292288
GBSA-TCL_vs_C0,TCL,85019,atomic_numbers,0.25,0.75,early_0_30,1.1790555829678546,0.08672206423543699,0.9962706670800846,13.595797025390226,13.426600718993415
GBSA-TCL_vs_C0,TCL,85019,pos,0.25,0.75,early_0_30,0.0029303120198753384,1.3350134530891733,0.8142326893438303,0.0021949681578823806,0.004425960769796074
GBSA-TCL_vs_C0,TCL,85019,cell,0.25,0.75,early_0_30,0.02033676655488532,0.023051693080180593,0.9997903680080181,0.8822244198787502,0.891382751158197
GBSA-TCL_vs_C0,TCL,85020,atomic_numbers,0.25,0.75,early_0_30,1.1996410419377446,0.1271802553623593,0.9940058458561881,9.43260444413917,8.763130524336166
GBSA-TCL_vs_C0,TCL,85020,pos,0.25,0.75,early_0_30,0.0003793589112364475,0.5046329110823753,0.954002999305358,0.0007517522200895883,0.0010223298112105401
GBSA-TCL_vs_C0,TCL,85020,cell,0.25,0.75,early_0_30,0.009747103525797055,0.009032879425764232,0.9999613553030389,1.0790693716109685,1.081266580386977
GBSA-TCL_vs_C0,TCL,85021,atomic_numbers,0.25,0.75,early_0_30,1.2360955231178108,0.08474192883422318,0.9986641245389015,14.58658706643236,13.58738320980008
GBSA-TCL_vs_C0,TCL,85021,pos,0.25,0.75,early_0_30,0.0016698019146942583,0.8457208490820374,0.8552396946068026,0.001974412616771474,0.003008175465340572
GBSA-TCL_vs_C0,TCL,85021,cell,0.25,0.75,early_0_30,0.022368252110966224,0.028788684828231808,0.9996209856632025,0.7769806868367483,0.7832286981696018
GBSA-TCL_vs_C0,TCL,85022,atomic_numbers,0.25,0.75,early_0_30,0.819125633487182,0.0627022945473162,0.9982198118007258,13.06372660523701,12.787705186800679
GBSA-TCL_vs_C0,TCL,85022,pos,0.25,0.75,early_0_30,0.0022609645601358356,1.0024722266356134,0.6676863679145588,0.0022553887280486913,0.003020122829180635
GBSA-TCL_vs_C0,TCL,85022,cell,0.25,0.75,early_0_30,0.013394400017389629,0.011487991661639309,0.9999345165407577,1.1659479230052192,1.1646990429155475
GBSA-TCL_vs_C0,TCL,85023,atomic_numbers,0.25,0.75,early_0_30,1.832468810855365,0.10834729262122036,0.9946573267754931,16.9129174022062,16.266141885446398
GBSA-TCL_vs_C0,TCL,85023,pos,0.25,0.75,early_0_30,0.00423737552561676,1.4995418463583308,0.7585897857577668,0.0028257801113768955,0.005960068732407634
GBSA-TCL_vs_C0,TCL,85023,cell,0.25,0.75,early_0_30,0.0051416251131607684,0.006356919905919487,0.9999810353620804,0.8088233278467059,0.8075338636857204
GBSA-TCL_vs_C0,TCL,85024,atomic_numbers,0.25,0.75,early_0_30,1.206317397233165,0.1308746238390322,0.9933992073215415,9.217351399740119,8.575732149209026
GBSA-TCL_vs_C0,TCL,85024,pos,0.25,0.75,early_0_30,0.0007306544265246703,0.6502348262125439,0.7687706047104217,0.0011236777808112041,0.000731783302061224
GBSA-TCL_vs_C0,TCL,85024,cell,0.25,0.75,early_0_30,0.012433225557744558,0.0090338825014206,0.9999623241803369,1.376288163565267,1.3727926152446734
GBSA-TCL_vs_C0,TCL,85025,atomic_numbers,0.25,0.75,early_0_30,1.4325197149251958,0.11293986944997117,0.993881814353049,12.683915094835106,12.30710250878699
GBSA-TCL_vs_C0,TCL,85025,pos,0.25,0.75,early_0_30,0.0011362265918562228,0.7076031584584853,0.7699229594436802,0.001605739853297849,0.0017272523340232896
GBSA-TCL_vs_C0,TCL,85025,cell,0.25,0.75,early_0_30,0.011321353111368932,0.011323875808525318,0.9999400512707164,0.9997772231699603,1.0026039094813493
GBSA-TCL_vs_C0,TCL,85026,atomic_numbers,0.25,0.75,early_0_30,1.0819651784152926,0.07575911507931908,0.9975602448003384,14.281650165560743,14.667057313975766
GBSA-TCL_vs_C0,TCL,85026,pos,0.25,0.75,early_0_30,0.0037589386392837543,1.3540067330643288,0.7538086363044881,0.0027761594883481035,0.00537932077945703
GBSA-TCL_vs_C0,TCL,85026,cell,0.25,0.75,early_0_30,0.01137701890469481,0.012798087698161518,0.9999184642351374,0.888962411652262,0.8881323962102604
GBSA-TCL_vs_C0,TCL,85027,atomic_numbers,0.25,0.75,early_0_30,0.9045193843019258,0.05975969712713046,0.9983169748089952,15.135943249138073,15.328764638449996
GBSA-TCL_vs_C0,TCL,85027,pos,0.25,0.75,early_0_30,0.0036438801600542896,1.1433162487369444,0.8737405402507787,0.003187114819788307,0.006082404476295184
GBSA-TCL_vs_C0,TCL,85027,cell,0.25,0.75,early_0_30,0.008933991741557025,0.01454689930631741,0.9998971262554488,0.6141509302726239,0.6125990994229872
GBSA-TCL_vs_C0,TCL,85028,atomic_numbers,0.25,0.75,early_0_30,0.839480014275454,0.08089173923240528,0.9977543806862105,10.377821298459082,9.88380751033964
GBSA-TCL_vs_C0,TCL,85028,pos,0.25,0.75,early_0_30,0.0016938338799646294,0.9823510726567454,0.8529838476908802,0.0017242653131977507,0.0029057436639770983
GBSA-TCL_vs_C0,TCL,85028,cell,0.25,0.75,early_0_30,0.0225852094715924,0.020991283624166444,0.9997821859104744,1.075932747894985,1.0781170311216044
GBSA-TCL_vs_C0,TCL,85029,atomic_numbers,0.25,0.75,early_0_30,1.35817943248619,0.13866013937724606,0.9913581164728079,9.79502428445608,9.270412361128807
GBSA-TCL_vs_C0,TCL,85029,pos,0.25,0.75,early_0_30,0.0012520690632841739,1.036909093432289,0.8009202134589272,0.0012075012855174028,0.001989327217381436
GBSA-TCL_vs_C0,TCL,85029,cell,0.25,0.75,early_0_30,0.020434977151108168,0.01694990585265538,0.9998759704937875,1.205610068206179,1.1979068651237677
GBSA-TCL_vs_C0,TCL,85030,atomic_numbers,0.25,0.75,early_0_30,1.1818152730838596,0.129459644040581,0.9935659896263048,9.12883147363979,8.497581523726321
GBSA-TCL_vs_C0,TCL,85030,pos,0.25,0.75,early_0_30,0.0005157714348049015,0.7000949528664274,0.7944867245763108,0.0007367164021011114,0.0008419406128842438
GBSA-TCL_vs_C0,TCL,85030,cell,0.25,0.75,early_0_30,0.014608106996741924,0.019659815848216102,0.9998077415665673,0.7430439384338098,0.7418428101023194
GBSA-TCL_vs_C0,TCL,85031,atomic_numbers,0.25,0.75,early_0_30,1.8324560255085007,0.10475722765556458,0.9944998648918885,17.492406648384257,17.36095843835823
GBSA-TCL_vs_C0,TCL,85031,pos,0.25,0.75,early_0_30,0.005545683548912048,1.031197919309683,0.7038887694539381,0.0053779041298148735,0.007805689725510795
GBSA-TCL_vs_C0,TCL,85031,cell,0.25,0.75,early_0_30,0.020676085499298207,0.014983258110724791,0.9999221274525326,1.3799458933767266,1.368395778274223
GBSA-TCL_vs_C0,C0,85000,atomic_numbers,0.35,0.65,mid_30_70,1.9088287010451408,0.1357472208387838,0.9961812064391476,14.06164110948618,12.54632283845034
GBSA-TCL_vs_C0,C0,85000,pos,0.35,0.65,mid_30_70,0.015740828969808156,0.20074375054373755,0.9925169425637916,0.07841254797308662,0.0903197176607243
GBSA-TCL_vs_C0,C0,85000,cell,0.35,0.65,mid_30_70,0.016685829188948474,0.01505946420078064,0.9999136590984811,1.107996205341989,1.0997499407937876
GBSA-TCL_vs_C0,C0,85001,atomic_numbers,0.35,0.65,mid_30_70,1.6588293536852705,0.17714724659459918,0.9871126057616045,9.364127219439629,8.531993491763473
GBSA-TCL_vs_C0,C0,85001,pos,0.35,0.65,mid_30_70,0.00968489694207596,0.42486779078399933,0.9822989807455679,0.02279508391117301,0.03108437652107771
GBSA-TCL_vs_C0,C0,85001,cell,0.35,0.65,mid_30_70,0.031685275610520945,0.030103340022229634,0.9996927761340629,1.0525501684239402,1.0702084030583432
GBSA-TCL_vs_C0,C0,85002,atomic_numbers,0.35,0.65,mid_30_70,0.9191409363842755,0.062399919328739895,0.9984940653310985,14.729841741332853,14.269673115236472
GBSA-TCL_vs_C0,C0,85002,pos,0.35,0.65,mid_30_70,0.01283786985686669,0.17369229632892258,0.9874437006972239,0.07391156734179799,0.07832055927871595
GBSA-TCL_vs_C0,C0,85002,cell,0.35,0.65,mid_30_70,0.011906065692269865,0.013183889898142117,0.9999233066727995,0.903076844865617,0.8989252999311949
GBSA-TCL_vs_C0,C0,85003,atomic_numbers,0.35,0.65,mid_30_70,1.084296894738145,0.11311360759113596,0.997137331441882,9.58591028815453,8.752024085344068
GBSA-TCL_vs_C0,C0,85003,pos,0.35,0.65,mid_30_70,0.010667531681987773,0.25052728698179616,0.991540076043846,0.042580318537369134,0.05134417566557396
GBSA-TCL_vs_C0,C0,85003,cell,0.35,0.65,mid_30_70,0.03068667170357197,0.026538059971833287,0.9996515416602662,1.1563268654958914,1.1527628290466636
GBSA-TCL_vs_C0,C0,85004,atomic_numbers,0.35,0.65,mid_30_70,1.583183365477696,0.1029364282175674,0.9982251668806065,15.38020497594365,14.061575552824912
GBSA-TCL_vs_C0,C0,85004,pos,0.35,0.65,mid_30_70,0.017160704678475396,0.40931275887606594,0.9847543650456267,0.04192565295447195,0.056820367982891744
GBSA-TCL_vs_C0,C0,85004,cell,0.35,0.65,mid_30_70,0.024882069644414986,0.015529840895787739,0.9998805593398661,1.6022102100971243,1.6044534120149443
GBSA-TCL_vs_C0,C0,85005,atomic_numbers,0.35,0.65,mid_30_70,0.923105400966452,0.056922590018912984,0.9986700113699896,16.216855217932682,15.804069724942725
GBSA-TCL_vs_C0,C0,85005,pos,0.35,0.65,mid_30_70,0.0201388197517681,0.22349342868942837,0.9924225635436379,0.09010922544731044,0.10624860636830015
GBSA-TCL_vs_C0,C0,85005,cell,0.35,0.65,mid_30_70,0.012985732654651737,0.01408683481202547,0.9999330024849802,0.9218346653405947,0.914372439575225
GBSA-TCL_vs_C0,C0,85006,atomic_numbers,0.35,0.65,mid_30_70,0.9496429150549046,0.07241860219219029,0.9974197453143024,13.113245579287298,12.954591332003812
GBSA-TCL_vs_C0,C0,85006,pos,0.35,0.65,mid_30_70,0.014154798474725509,0.3657685774145805,0.9839427237843167,0.03869878209543886,0.05043253934521087
GBSA-TCL_vs_C0,C0,85006,cell,0.35,0.65,mid_30_70,0.011400832512928283,0.010018288525210788,0.9999552001697469,1.138002013441553,1.1416854210334633
GBSA-TCL_vs_C0,C0,85007,atomic_numbers,0.35,0.65,mid_30_70,1.2460193733786944,0.1446863249889155,0.9914010508975057,8.611866902239397,8.006232409484515
GBSA-TCL_vs_C0,C0,85007,pos,0.35,0.65,mid_30_70,0.011331248372359354,1.3521607343574504,0.985816979078216,0.0083801045870068,0.01950488217505939
GBSA-TCL_vs_C0,C0,85007,cell,0.35,0.65,mid_30_70,0.03098058233832604,0.042444793111734505,0.999290638263601,0.7299030120554644,0.7150944208651019
GBSA-TCL_vs_C0,C0,85008,atomic_numbers,0.35,0.65,mid_30_70,0.9956361684632493,0.0655975670193561,0.9978740797157725,15.177943538202639,15.032379656624812
GBSA-TCL_vs_C0,C0,85008,pos,0.35,0.65,mid_30_70,0.01738298914200993,0.21942240881368433,0.9924602759650668,0.07922157648342175,0.09304250596781613
GBSA-TCL_vs_C0,C0,85008,cell,0.35,0.65,mid_30_70,0.011775591896738047,0.010439213728434298,0.9999455380451225,1.1280152129334917,1.1276862714127687
GBSA-TCL_vs_C0,C0,85009,atomic_numbers,0.35,0.65,mid_30_70,0.9137530469755292,0.0705037231326636,0.9976568088186296,12.960351686054397,12.709320734327305
GBSA-TCL_vs_C0,C0,85009,pos,0.35,0.65,mid_30_70,0.030811759378709398,0.5768485011634188,0.9786503977060452,0.053413954125852106,0.08106320303049869
GBSA-TCL_vs_C0,C0,85009,cell,0.35,0.65,mid_30_70,0.017247112646539157,0.020567789841490897,0.9998023318737613,0.8385496341345816,0.8339675960996319
GBSA-TCL_vs_C0,C0,85010,atomic_numbers,0.35,0.65,mid_30_70,1.6005694722722301,0.15701381250410373,0.9894525882866241,10.193813185896603,9.468768329995362
GBSA-TCL_vs_C0,C0,85010,pos,0.35,0.65,mid_30_70,0.012379286636078327,1.4449502732270507,0.9483067162825561,0.008567275196558352,0.020201427569188034
GBSA-TCL_vs_C0,C0,85010,cell,0.35,0.65,mid_30_70,0.009818870132785354,0.0073872315008383675,0.999983088710752,1.329167785207628,1.3351997937161153
GBSA-TCL_vs_C0,C0,85011,atomic_numbers,0.35,0.65,mid_30_70,1.1788757918197892,0.07824303812317963,0.9971254217578469,15.066845819098447,14.729411123858275
GBSA-TCL_vs_C0,C0,85011,pos,0.35,0.65,mid_30_70,0.027938153426362182,0.3993473399196483,0.9859702979224301,0.06995953305206327,0.09435855793232102
GBSA-TCL_vs_C0,C0,85011,cell,0.35,0.65,mid_30_70,0.009480478778922732,0.006222550714681545,0.9999812383778219,1.5235679408051106,1.521872288070081
GBSA-TCL_vs_C0,C0,85012,atomic_numbers,0.35,0.65,mid_30_70,0.8369914012307512,0.06406838337043241,0.9979664266542729,13.064031854704533,13.12187387482189
GBSA-TCL_vs_C0,C0,85012,pos,0.35,0.65,mid_30_70,0.015132878764297973,0.27154466072425637,0.9916696771278863,0.05572887614116948,0.0685866651086734
GBSA-TCL_vs_C0,C0,85012,cell,0.35,0.65,mid_30_70,0.016019146361870032,0.01670916925612723,0.9998603997879666,0.9587039377194551,0.9586890798147363
GBSA-TCL_vs_C0,C0,85013,atomic_numbers,0.35,0.65,mid_30_70,1.0244527794348615,0.08247152445332082,0.9974288099650838,12.421896966566996,11.882970499856171
GBSA-TCL_vs_C0,C0,85013,pos,0.35,0.65,mid_30_70,0.03593475393914491,0.5914094570464178,0.975450911846219,0.06076120953257687,0.09262021057205404
GBSA-TCL_vs_C0,C0,85013,cell,0.35,0.65,mid_30_70,0.019914420130553973,0.06477637531198951,0.9980162604949367,0.30743338191799063,0.3021364403379162
GBSA-TCL_vs_C0,C0,85014,atomic_numbers,0.35,0.65,mid_30_70,0.8425609640208969,0.0688561080043202,0.9984469294606879,12.236546450868714,11.722387606864661
GBSA-TCL_vs_C0,C0,85014,pos,0.35,0.65,mid_30_70,0.010252563176304956,0.32532388746201096,0.9886046142440915,0.031514941175360744,0.04024473377055838
GBSA-TCL_vs_C0,C0,85014,cell,0.35,0.65,mid_30_70,0.013752548668833355,0.01359991751932561,0.9999091370640758,1.011222946704703,1.0093108231772823
GBSA-TCL_vs_C0,C0,85015,atomic_numbers,0.35,0.65,mid_30_70,1.4356603680832343,0.11212160097220523,0.9970125637965718,12.804494010383713,11.72558134662785
GBSA-TCL_vs_C0,C0,85015,pos,0.35,0.65,mid_30_70,0.019213523776001086,0.43004882052056126,0.9869314837727459,0.04467754091906051,0.06190739460019203
GBSA-TCL_vs_C0,C0,85015,cell,0.35,0.65,mid_30_70,0.021598090583867902,0.023558093429962332,0.9997243252760312,0.916801295829755,0.9147825979920046
GBSA-TCL_vs_C0,C0,85016,atomic_numbers,0.35,0.65,mid_30_70,1.4256831235171417,0.08019993793361023,0.9981342163973191,17.776611307322046,16.819069783635996
GBSA-TCL_vs_C0,C0,85016,pos,0.35,0.65,mid_30_70,0.018457139491662083,0.32489086433531644,0.9924567455978401,0.05681027544256419,0.07347440997331786
GBSA-TCL_vs_C0,C0,85016,cell,0.35,0.65,mid_30_70,0.011583589273483916,0.010893388797657387,0.9999725000553961,1.0633595742010933,1.0548456295361088
GBSA-TCL_vs_C0,C0,85017,atomic_numbers,0.35,0.65,mid_30_70,0.7837668359617004,0.057150803503460496,0.998715919344482,13.714012540772819,13.333641244675656
GBSA-TCL_vs_C0,C0,85017,pos,0.35,0.65,mid_30_70,0.01944209766279939,0.12837515754511322,0.9966773274619579,0.1514475077155571,0.16597188646086783
GBSA-TCL_vs_C0,C0,85017,cell,0.35,0.65,mid_30_70,0.006460590683764617,0.010242687482909556,0.9999594989005005,0.630751518538903,0.6276415982434418
GBSA-TCL_vs_C0,C0,85018,atomic_numbers,0.35,0.65,mid_30_70,1.4136906794280546,0.09778741695576619,0.9965091643133424,14.45677494546699,13.670163056762386
GBSA-TCL_vs_C0,C0,85018,pos,0.35,0.65,mid_30_70,0.012281518385469417,0.5035765663299155,0.9748268889957414,0.02438858200844724,0.03478675392441922
GBSA-TCL_vs_C0,C0,85018,cell,0.35,0.65,mid_30_70,0.009093737207773005,0.006822490527737922,0.9999817921073475,1.3329058018916944,1.3371240531899773
GBSA-TCL_vs_C0,C0,85019,atomic_numbers,0.35,0.65,mid_30_70,1.0369210980590764,0.07128182089802089,0.9975404088726186,14.546781844175175,14.322474325791703
GBSA-TCL_vs_C0,C0,85019,pos,0.35,0.65,mid_30_70,0.012946441789000758,0.14916259411925564,0.9953175149733434,0.08679415818318409,0.09624812570208903
GBSA-TCL_vs_C0,C0,85019,cell,0.35,0.65,mid_30_70,0.02782075671081991,0.019809787054557104,0.9998038091552727,1.4043945366096169,1.4037108511112353
GBSA-TCL_vs_C0,C0,85020,atomic_numbers,0.35,0.65,mid_30_70,1.6604932789355804,0.1372962346529253,0.9914126361246337,12.094237566916417,11.484547065656114
GBSA-TCL_vs_C0,C0,85020,pos,0.35,0.65,mid_30_70,0.017877358377482565,1.5521746689611409,0.9513553364862729,0.011517620236289352,0.028478989643390358
GBSA-TCL_vs_C0,C0,85020,cell,0.35,0.65,mid_30_70,0.012404674253125914,0.01248460947203704,0.9999347328174754,0.9935972992114679,0.9985336475188199
GBSA-TCL_vs_C0,C0,85021,atomic_numbers,0.35,0.65,mid_30_70,1.0069828010405943,0.07687413702267513,0.9980507921084497,13.099110312530344,12.485572299434025
GBSA-TCL_vs_C0,C0,85021,pos,0.35,0.65,mid_30_70,0.012837634543811226,0.2540061133558405,0.9882154280453906,0.050540651853630054,0.06018983500232406
GBSA-TCL_vs_C0,C0,85021,cell,0.35,0.65,mid_30_70,0.017773903052237958,0.02984967389451166,0.9999239108885012,0.5954471434110366,0.5792167264667039
GBSA-TCL_vs_C0,C0,85022,atomic_numbers,0.35,0.65,mid_30_70,1.2365574849633192,0.08521115618880273,0.9971013900804993,14.511685327018371,13.912833522021764
GBSA-TCL_vs_C0,C0,85022,pos,0.35,0.65,mid_30_70,0.014462232618601535,0.3631029166037299,0.9589101630020802,0.03982956885577651,0.04721878654782126
GBSA-TCL_vs_C0,C0,85022,cell,0.35,0.65,mid_30_70,0.02248374347876633,0.023487308837422213,0.9997253784335707,0.957272015895797,0.9585184523672858
GBSA-TCL_vs_C0,C0,85023,atomic_numbers,0.35,0.65,mid_30_70,1.0293717562145372,0.1035675577971881,0.9946484677748569,9.93913323929402,9.81440019855264
GBSA-TCL_vs_C0,C0,85023,pos,0.35,0.65,mid_30_70,0.00982431545770584,0.20344282801905894,0.9939665596581879,0.04829030127710119,0.05627316132038161
GBSA-TCL_vs_C0,C0,85023,cell,0.35,0.65,mid_30_70,0.014745223093785925,0.016112417679564537,0.9998965319512093,0.9151465277918762,0.9216943541149013
GBSA-TCL_vs_C0,C0,85024,atomic_numbers,0.35,0.65,mid_30_70,1.2662646622073095,0.14686368393605428,0.9910603560891729,8.62204071333695,8.01559674799538
GBSA-TCL_vs_C0,C0,85024,pos,0.35,0.65,mid_30_70,0.013363020250849206,1.2950856248512421,0.9779347694573771,0.010318252318169407,0.02327859262775724
GBSA-TCL_vs_C0,C0,85024,cell,0.35,0.65,mid_30_70,0.03366765295837094,0.02963062956406258,0.9995770241432057,1.1362449415926232,1.1293165700133394
GBSA-TCL_vs_C0,C0,85025,atomic_numbers,0.35,0.65,mid_30_70,1.0430248787748384,0.0958957675066586,0.9963238092483879,10.876651867898289,10.367943956412702
GBSA-TCL_vs_C0,C0,85025,pos,0.35,0.65,mid_30_70,0.022484024996419643,0.4526538979707726,0.96396804726905,0.04967155943473486,0.06607338668855232
GBSA-TCL_vs_C0,C0,85025,cell,0.35,0.65,mid_30_70,0.058968101678842574,0.03951695770329776,0.9992333783740772,1.4922227090857654,1.4991055105328368
GBSA-TCL_vs_C0,C0,85026,atomic_numbers,0.35,0.65,mid_30_70,1.0892337307574704,0.07132183104824089,0.9976136279261313,15.272094318789035,15.508740006948624
GBSA-TCL_vs_C0,C0,85026,pos,0.35,0.65,mid_30_70,0.02258904557513514,0.2707220732470516,0.9936879492645154,0.08343998442462118,0.10347177140934144
GBSA-TCL_vs_C0,C0,85026,cell,0.35,0.65,mid_30_70,0.010741628221315329,0.008840800415030346,0.9999609405441081,1.2150063022634652,1.2152089290736865
GBSA-TCL_vs_C0,C0,85027,atomic_numbers,0.35,0.65,mid_30_70,0.9686116442034775,0.062299406704232695,0.998189003119861,15.547686494062056,15.267627399082867
GBSA-TCL_vs_C0,C0,85027,pos,0.35,0.65,mid_30_70,0.010287116196238929,0.17520516387875948,0.990020268918769,0.05871468607716112,0.0642409767160999
GBSA-TCL_vs_C0,C0,85027,cell,0.35,0.65,mid_30_70,0.00713426267163367,0.004880899944226868,0.9999901030046332,1.461669518563289,1.4645890755568491
GBSA-TCL_vs_C0,C0,85028,atomic_numbers,0.35,0.65,mid_30_70,0.7719123974431079,0.0630367218526144,0.9980123554743312,12.245440034903933,12.239631090887801
GBSA-TCL_vs_C0,C0,85028,pos,0.35,0.65,mid_30_70,0.016547204488268786,0.2795806012365255,0.9736124268960031,0.059185810514334754,0.06718332231519744
GBSA-TCL_vs_C0,C0,85028,cell,0.35,0.65,mid_30_70,0.0363818844699967,0.04451010245299679,0.999013615739462,0.8173848736568606,0.8140787492118569
GBSA-TCL_vs_C0,C0,85029,atomic_numbers,0.35,0.65,mid_30_70,0.9359007908587202,0.06111455364440024,0.9986049576989393,15.313877547144196,14.821291767480893
GBSA-TCL_vs_C0,C0,85029,pos,0.35,0.65,mid_30_70,0.018035167641005025,0.3994072018269318,0.9911750426291308,0.04515483836673503,0.06176924411914043
GBSA-TCL_vs_C0,C0,85029,cell,0.35,0.65,mid_30_70,0.008009144477172856,0.006971496624891484,0.9999764171599951,1.1488414766746768,1.1501913848225955
GBSA-TCL_vs_C0,C0,85030,atomic_numbers,0.35,0.65,mid_30_70,1.3365489099870371,0.12100979591789833,0.9961900541812024,11.044964581990099,10.076291330307463
GBSA-TCL_vs_C0,C0,85030,pos,0.35,0.65,mid_30_70,0.009398600706562921,0.9714226463053608,0.9541456950999527,0.009675089151265812,0.018172692659595112
GBSA-TCL_vs_C0,C0,85030,cell,0.35,0.65,mid_30_70,0.024785664922384754,0.022108368764411763,0.9997737717744709,1.1210987652007454,1.11408363296004
GBSA-TCL_vs_C0,C0,85031,atomic_numbers,0.35,0.65,mid_30_70,0.9638556466338025,0.07085484561465388,0.9975224348500012,13.603242492062709,13.45458036087815
GBSA-TCL_vs_C0,C0,85031,pos,0.35,0.65,mid_30_70,0.038290761064062866,0.42216339794054786,0.9926690938330244,0.09070128118841618,0.1267243109183853
GBSA-TCL_vs_C0,C0,85031,cell,0.35,0.65,mid_30_70,0.006520930320918306,0.007429482397973762,0.9999727463655247,0.8777099091986212,0.8769565473109151
GBSA-TCL_vs_C0,TCL,85000,atomic_numbers,0.35,0.65,mid_30_70,0.8192621423359502,0.06216360591486009,0.9981025398644522,13.179128370674318,13.266719382351797
GBSA-TCL_vs_C0,TCL,85000,pos,0.35,0.65,mid_30_70,0.01270756277044413,0.23212664643943498,0.9832125371934828,0.05474409321533756,0.061680364648996344
GBSA-TCL_vs_C0,TCL,85000,cell,0.35,0.65,mid_30_70,0.013044662415508411,0.01761837475422414,0.9998510734284282,0.7404010073279236,0.7429164178179412
GBSA-TCL_vs_C0,TCL,85001,atomic_numbers,0.35,0.65,mid_30_70,1.593692145781507,0.13164883712371153,0.9914351465970336,12.1056302554644,12.202720644187009
GBSA-TCL_vs_C0,TCL,85001,pos,0.35,0.65,mid_30_70,0.024751070082128877,0.447013784777714,0.9765526971586845,0.05536981391846072,0.07576326157803168
GBSA-TCL_vs_C0,TCL,85001,cell,0.35,0.65,mid_30_70,0.0070548078950934305,0.01149778007303809,0.9999648996447,0.613579999815505,0.6183897759630499
GBSA-TCL_vs_C0,TCL,85002,atomic_numbers,0.35,0.65,mid_30_70,0.7066264378711005,0.051202797469609436,0.9987829996492643,13.800543579489126,13.593918408849877
GBSA-TCL_vs_C0,TCL,85002,pos,0.35,0.65,mid_30_70,0.016547663365168525,0.17838598704877826,0.9963789860940293,0.09276324692837948,0.10697452131726133
GBSA-TCL_vs_C0,TCL,85002,cell,0.35,0.65,mid_30_70,0.012149827350970695,0.016923828789591144,0.9999236321759918,0.7179124477106115,0.7095569223402222
GBSA-TCL_vs_C0,TCL,85003,atomic_numbers,0.35,0.65,mid_30_70,0.9925832309536665,0.06922469417163506,0.9976218010922533,14.338571557899057,14.39663670145391
GBSA-TCL_vs_C0,TCL,85003,pos,0.35,0.65,mid_30_70,0.013817597090840123,0.3555515610912611,0.9745914191098206,0.038862428415251685,0.048605900610335886
GBSA-TCL_vs_C0,TCL,85003,cell,0.35,0.65,mid_30_70,0.020978409343826408,0.01767739521839867,0.999879678792287,1.186736455492721,1.1966538292663313
GBSA-TCL_vs_C0,TCL,85004,atomic_numbers,0.35,0.65,mid_30_70,1.00061579301748,0.058143758886989715,0.998395254101372,17.209341332099168,16.95486139293023
GBSA-TCL_vs_C0,TCL,85004,pos,0.35,0.65,mid_30_70,0.028535520680495523,0.4224287132081472,0.981497403356201,0.06755109155289582,0.0917369806307828
GBSA-TCL_vs_C0,TCL,85004,cell,0.35,0.65,mid_30_70,0.013064293433807805,0.009953615294030625,0.9999915663077429,1.3125174168266993,1.3244067007699796
GBSA-TCL_vs_C0,TCL,85005,atomic_numbers,0.35,0.65,mid_30_70,1.1557740170940967,0.06756024814501074,0.9981435944770712,17.107308644180133,17.57578133004403
GBSA-TCL_vs_C0,TCL,85005,pos,0.35,0.65,mid_30_70,0.02679493006453918,0.250664070409689,0.9958973003373542,0.10689577497383311,0.13144520926449801
GBSA-TCL_vs_C0,TCL,85005,cell,0.35,0.65,mid_30_70,0.011925051757435747,0.016704914200189,0.9999053650659827,0.7138648911648301,0.7205618682257945
GBSA-TCL_vs_C0,TCL,85006,atomic_numbers,0.35,0.65,mid_30_70,1.0431292245308132,0.08493077686428055,0.9966472744361063,12.282110950165153,11.96111947079537
GBSA-TCL_vs_C0,TCL,85006,pos,0.35,0.65,mid_30_70,0.03724435383980942,0.4759526959968937,0.9860571525779278,0.07825221740114377,0.11205495142495937
GBSA-TCL_vs_C0,TCL,85006,cell,0.35,0.65,mid_30_70,0.0112623089740833,0.007319305709866541,0.9999743434828824,1.5387127441475124,1.5409863870105387
GBSA-TCL_vs_C0,TCL,85007,atomic_numbers,0.35,0.65,mid_30_70,1.2005473574673466,0.1398499089485301,0.992309940507747,8.584541573846801,7.959737885474703
GBSA-TCL_vs_C0,TCL,85007,pos,0.35,0.65,mid_30_70,0.01503744254682442,1.4480384442302043,0.952146218946397,0.01038469842202188,0.02458640241647091
GBSA-TCL_vs_C0,TCL,85007,cell,0.35,0.65,mid_30_70,0.041853264429497196,0.024937345376281412,0.9996936707246882,1.6783367996059824,1.6727026533528973
GBSA-TCL_vs_C0,TCL,85008,atomic_numbers,0.35,0.65,mid_30_70,1.079047212081324,0.06995672555958828,0.9975506467086438,15.424495692872384,15.403865305779165
GBSA-TCL_vs_C0,TCL,85008,pos,0.35,0.65,mid_30_70,0.021726853351559647,0.29975045855025056,0.9921064790550869,0.0724831363282713,0.09164526059381557
GBSA-TCL_vs_C0,TCL,85008,cell,0.35,0.65,mid_30_70,0.010737474020963138,0.014499400864289665,0.999897878269,0.7405460488652524,0.7386565247047414
GBSA-TCL_vs_C0,TCL,85009,atomic_numbers,0.35,0.65,mid_30_70,1.366689849966648,0.10942464643310632,0.9939967804852593,12.48978081736033,12.437671736921127
GBSA-TCL_vs_C0,TCL,85009,pos,0.35,0.65,mid_30_70,0.019225115348387757,0.3832449393713702,0.9869777008954994,0.05016404229608972,0.0669605005659121
GBSA-TCL_vs_C0,TCL,85009,cell,0.35,0.65,mid_30_70,0.035726165228214375,0.041616601527357536,0.9991337102305086,0.8584594588947643,0.8574279228493163
GBSA-TCL_vs_C0,TCL,85010,atomic_numbers,0.35,0.65,mid_30_70,1.2830489573608017,0.13411817492538472,0.993745849722158,9.566555450628618,8.796057913430172
GBSA-TCL_vs_C0,TCL,85010,pos,0.35,0.65,mid_30_70,0.005178947181851362,0.9281323749650658,0.9648371186826581,0.005579966092709883,0.010350681690730714
GBSA-TCL_vs_C0,TCL,85010,cell,0.35,0.65,mid_30_70,0.01238118767418939,0.013535868167364644,0.9999224435631988,0.9146947592206001,0.9097739635691873
GBSA-TCL_vs_C0,TCL,85011,atomic_numbers,0.35,0.65,mid_30_70,1.2377310892866025,0.08057637583622941,0.9974024741398798,15.36096748508865,14.766315302402186
GBSA-TCL_vs_C0,TCL,85011,pos,0.35,0.65,mid_30_70,0.025166487629762927,0.48828980348468504,0.9797958781238808,0.05154006381079851,0.07345733249120177
GBSA-TCL_vs_C0,TCL,85011,cell,0.35,0.65,mid_30_70,0.018597434944127033,0.01702675108256363,0.999862945822544,1.0922480074999084,1.0964427508410777
GBSA-TCL_vs_C0,TCL,85012,atomic_numbers,0.35,0.65,mid_30_70,1.1464677689490255,0.07368900221809299,0.9974912258259182,15.558193684803776,15.200763856133795
GBSA-TCL_vs_C0,TCL,85012,pos,0.35,0.65,mid_30_70,0.02198319476193863,0.40028588870020265,0.9749399234449683,0.05491873529022433,0.07181783900040356
GBSA-TCL_vs_C0,TCL,85012,cell,0.35,0.65,mid_30_70,0.024479322947833376,0.02024874249071158,0.9998006988431096,1.2089305278617883,1.212780165150256
GBSA-TCL_vs_C0,TCL,85013,atomic_numbers,0.35,0.65,mid_30_70,1.0442517818264063,0.0965136566809829,0.9957950354203213,10.819730779428298,10.445585251905305
GBSA-TCL_vs_C0,TCL,85013,pos,0.35,0.65,mid_30_70,0.01589066203986308,0.30918342354783196,0.9801114756825342,0.051395582135420434,0.06255891130882442
GBSA-TCL_vs_C0,TCL,85013,cell,0.35,0.65,mid_30_70,0.033517534259000434,0.027920396427878174,0.9996106538783369,1.2004677063085532,1.2012054993822412
GBSA-TCL_vs_C0,TCL,85014,atomic_numbers,0.35,0.65,mid_30_70,1.238556600254379,0.08900701179370275,0.9960846275424098,13.915269991594162,13.716957973831775
GBSA-TCL_vs_C0,TCL,85014,pos,0.35,0.65,mid_30_70,0.03232372604086585,0.3438715970875727,0.9684180042162301,0.09399940650705751,0.11329113985392758
GBSA-TCL_vs_C0,TCL,85014,cell,0.35,0.65,mid_30_70,0.022839784716490466,0.02835558823649973,0.9996884846130796,0.8054773727843446,0.8160662062139253
GBSA-TCL_vs_C0,TCL,85015,atomic_numbers,0.35,0.65,mid_30_70,1.3352775666228491,0.13801428983868758,0.992743107297546,9.674922561884967,8.949468152220772
GBSA-TCL_vs_C0,TCL,85015,pos,0.35,0.65,mid_30_70,0.022815858945193713,0.3997448020756084,0.9963851275149245,0.057076061594112444,0.07916444267399665
GBSA-TCL_vs_C0,TCL,85015,cell,0.35,0.65,mid_30_70,0.02391986194613264,0.02107302662767551,0.9998716419655649,1.135093803503211,1.1194104637056848
GBSA-TCL_vs_C0,TCL,85016,atomic_numbers,0.35,0.65,mid_30_70,1.6170462715674505,0.1278501888696958,0.9945243168380081,12.647977182227983,11.647200345825276
GBSA-TCL_vs_C0,TCL,85016,pos,0.35,0.65,mid_30_70,0.01524740263509032,0.4082472303638371,0.9872420043393709,0.037348453341622345,0.05091183006610891
GBSA-TCL_vs_C0,TCL,85016,cell,0.35,0.65,mid_30_70,0.03458197846292381,0.036039100615472545,0.9993542461315075,0.9595682986627265,0.9562814621745649
GBSA-TCL_vs_C0,TCL,85017,atomic_numbers,0.35,0.65,mid_30_70,0.825424157991197,0.0625304739225142,0.9981588430788324,13.20035026464116,12.97535926287181
GBSA-TCL_vs_C0,TCL,85017,pos,0.35,0.65,mid_30_70,0.021459767241510563,0.18920415470404273,0.9868026523757223,0.11342122626788192,0.1230244097856006
GBSA-TCL_vs_C0,TCL,85017,cell,0.35,0.65,mid_30_70,0.00931137563336817,0.011523308388586631,0.9999546097632608,0.8080470746223116,0.8132476533525684
GBSA-TCL_vs_C0,TCL,85018,atomic_numbers,0.35,0.65,mid_30_70,0.8311981763769892,0.09756683163870637,0.9961333823537835,8.51926994467697,8.124786577305242
GBSA-TCL_vs_C0,TCL,85018,pos,0.35,0.65,mid_30_70,0.015696817952221043,0.6134489795425959,0.9697521542211902,0.025587813291212933,0.03921454587988034
GBSA-TCL_vs_C0,TCL,85018,cell,0.35,0.65,mid_30_70,0.012445191691065515,0.012478956441864256,0.9999402983384968,0.9972942648725446,1.003245406208961
GBSA-TCL_vs_C0,TCL,85019,atomic_numbers,0.35,0.65,mid_30_70,1.1404528909942053,0.08085180608368112,0.997484507980584,14.105472051098578,14.61853825629452
GBSA-TCL_vs_C0,TCL,85019,pos,0.35,0.65,mid_30_70,0.011965148207100663,0.14497666222234207,0.9956345557903639,0.08253154696547246,0.09132683292909724
GBSA-TCL_vs_C0,TCL,85019,cell,0.35,0.65,mid_30_70,0.008129370691374293,0.019279474330215065,0.9998446459727013,0.4216593539915053,0.4248874959271871
GBSA-TCL_vs_C0,TCL,85020,atomic_numbers,0.35,0.65,mid_30_70,1.8782142492140153,0.1608412385880598,0.9905823601453618,11.677442089490638,10.581895058899157
GBSA-TCL_vs_C0,TCL,85020,pos,0.35,0.65,mid_30_70,0.0222096959823345,1.098581611928434,0.9696624187260842,0.020216701008992793,0.041256271428764514
GBSA-TCL_vs_C0,TCL,85020,cell,0.35,0.65,mid_30_70,0.018903784896272847,0.010535991866907398,0.9999881293357736,1.794210277975625,1.8109498171212841
GBSA-TCL_vs_C0,TCL,85021,atomic_numbers,0.35,0.65,mid_30_70,0.9111293523733665,0.0714861513368135,0.9983005461940317,12.745536517702535,12.196166160984495
GBSA-TCL_vs_C0,TCL,85021,pos,0.35,0.65,mid_30_70,0.014988913186834379,0.8000930411067535,0.9052938979376263,0.018733962697763878,0.02966167160376323
GBSA-TCL_vs_C0,TCL,85021,cell,0.35,0.65,mid_30_70,0.047560595436574794,0.04507330119270416,0.9992050251346345,1.055183316465696,1.076535575343087
GBSA-TCL_vs_C0,TCL,85022,atomic_numbers,0.35,0.65,mid_30_70,1.0785626719934824,0.07931538404503248,0.9970305038815074,13.598404458094958,13.299741760681579
GBSA-TCL_vs_C0,TCL,85022,pos,0.35,0.65,mid_30_70,0.014028100349151841,0.26094184739267784,0.9869691654572268,0.05375948890268138,0.06410241593929723
GBSA-TCL_vs_C0,TCL,85022,cell,0.35,0.65,mid_30_70,0.019424856711184053,0.012814749399215383,0.999928811814763,1.5158202557104545,1.5227973273255349
GBSA-TCL_vs_C0,TCL,85023,atomic_numbers,0.35,0.65,mid_30_70,1.0475232973325332,0.08576362371607857,0.9964847706708497,12.214074591814953,11.946819822432944
GBSA-TCL_vs_C0,TCL,85023,pos,0.35,0.65,mid_30_70,0.02454341369903073,0.34220723646372786,0.9794412709894261,0.0717209079289362,0.09007189713385916
GBSA-TCL_vs_C0,TCL,85023,cell,0.35,0.65,mid_30_70,0.032086857032565023,0.021865607433959745,0.9997652048798642,1.4674578389590278,1.4714091246444079
GBSA-TCL_vs_C0,TCL,85024,atomic_numbers,0.35,0.65,mid_30_70,1.1843779579491363,0.1356521680063855,0.9927739200158,8.730991736847026,8.11559634248798
GBSA-TCL_vs_C0,TCL,85024,pos,0.35,0.65,mid_30_70,0.00881211388908658,0.8699215185257423,0.9943348179554145,0.010129780332391923,0.01881847858153518
GBSA-TCL_vs_C0,TCL,85024,cell,0.35,0.65,mid_30_70,0.02106466461590487,0.023009935837226273,0.999788280902376,0.9154595112701586,0.9058376234605744
GBSA-TCL_vs_C0,TCL,85025,atomic_numbers,0.35,0.65,mid_30_70,0.9889017441829946,0.09093864094200634,0.9958640093888698,10.874384463405823,10.787345727351934
GBSA-TCL_vs_C0,TCL,85025,pos,0.35,0.65,mid_30_70,0.054851805864998715,0.4892505781023414,0.9880626492022682,0.11211393163346414,0.16283726234415527
GBSA-TCL_vs_C0,TCL,85025,cell,0.35,0.65,mid_30_70,0.07166541463436134,0.0867434915341923,0.998074936476096,0.8261762740563938,0.7744810362358261
GBSA-TCL_vs_C0,TCL,85026,atomic_numbers,0.35,0.65,mid_30_70,1.278423621804095,0.11970477532576554,0.9939662520985988,10.679804697222666,11.127344140453092
GBSA-TCL_vs_C0,TCL,85026,pos,0.35,0.65,mid_30_70,0.006843616471345878,0.16941088491079254,0.992270953737943,0.04039655701550437,0.044743384983940426
GBSA-TCL_vs_C0,TCL,85026,cell,0.35,0.65,mid_30_70,0.03566023500958071,0.05671771177949961,0.9997070462746287,0.6287319056208815,0.6607979075774831
GBSA-TCL_vs_C0,TCL,85027,atomic_numbers,0.35,0.65,mid_30_70,0.9315885858109685,0.07160197556319256,0.9974344013751966,13.01065478268532,12.996694788514269
GBSA-TCL_vs_C0,TCL,85027,pos,0.35,0.65,mid_30_70,0.013346901252545996,0.18843080781986038,0.9898115314358119,0.07083184223943685,0.07885239536523432
GBSA-TCL_vs_C0,TCL,85027,cell,0.35,0.65,mid_30_70,0.017649484613014056,0.02269928969125725,0.9997605492367024,0.7775346653165031,0.7820404121216206
GBSA-TCL_vs_C0,TCL,85028,atomic_numbers,0.35,0.65,mid_30_70,0.9390820691872099,0.06946486832925175,0.9979653784630892,13.518805862211096,13.118547593033787
GBSA-TCL_vs_C0,TCL,85028,pos,0.35,0.65,mid_30_70,0.01387744861682921,0.1996658265171509,0.992214071501599,0.0695033740069544,0.07980902966723268
GBSA-TCL_vs_C0,TCL,85028,cell,0.35,0.65,mid_30_70,0.05082601055399797,0.05806336648687908,0.9984514476129697,0.8753541799110706,0.859439116773031
GBSA-TCL_vs_C0,TCL,85029,atomic_numbers,0.35,0.65,mid_30_70,1.06155633437551,0.08634493730844647,0.9963111476453748,12.294366843806442,12.366521569278014
GBSA-TCL_vs_C0,TCL,85029,pos,0.35,0.65,mid_30_70,0.04127625170173273,0.6536204081331979,0.9801122874045743,0.06315018807264852,0.10122217903493627
GBSA-TCL_vs_C0,TCL,85029,cell,0.35,0.65,mid_30_70,0.011606327282529687,0.009316952519066644,0.9999568573674253,1.2457214157502638,1.2447674709840335
GBSA-TCL_vs_C0,TCL,85030,atomic_numbers,0.35,0.65,mid_30_70,1.2490565427111957,0.14036455326032993,0.9926295046997421,8.898660763694433,8.20286573531916
GBSA-TCL_vs_C0,TCL,85030,pos,0.35,0.65,mid_30_70,0.0070388579104994214,0.988584255074408,0.9782880034767312,0.007120139608100098,0.013847987129239406
GBSA-TCL_vs_C0,TCL,85030,cell,0.35,0.65,mid_30_70,0.029383946194517063,0.027875135099148608,0.999611496954382,1.0541274899655835,1.0532858942987893
GBSA-TCL_vs_C0,TCL,85031,atomic_numbers,0.35,0.65,mid_30_70,1.2387119545006888,0.08096215862548403,0.9970084614491784,15.299887941856163,15.62282387349326
GBSA-TCL_vs_C0,TCL,85031,pos,0.35,0.65,mid_30_70,0.025785594969009513,0.36035632004963847,0.9739376561373081,0.07155582831309185,0.08972798323172759
GBSA-TCL_vs_C0,TCL,85031,cell,0.35,0.65,mid_30_70,0.054387762057766985,0.047675920233880204,0.9989013647038164,1.1407805405949376,1.1295214958680861
GBSA-TCL_vs_C0,C0,85000,atomic_numbers,0.45,0.55,mid_30_70,0.7559460372005374,0.055622284340361886,0.9984531876337969,13.590704627928973,13.547741002594076
GBSA-TCL_vs_C0,C0,85000,pos,0.45,0.55,mid_30_70,0.04379221369462635,0.11660402656721304,0.993933235326828,0.3755634773845789,0.3878294435762916
GBSA-TCL_vs_C0,C0,85000,cell,0.45,0.55,mid_30_70,0.01951694130081422,0.017724019018761184,0.9998443293535262,1.1011577724078943,1.0991359537355538
GBSA-TCL_vs_C0,C0,85001,atomic_numbers,0.45,0.55,mid_30_70,0.8849403161740562,0.0869727742515028,0.9962261579339319,10.174911905362906,10.19300130652269
GBSA-TCL_vs_C0,C0,85001,pos,0.45,0.55,mid_30_70,0.10530377153972327,0.3366807969300799,0.970715260585551,0.31277035251164675,0.37738901619676146
GBSA-TCL_vs_C0,C0,85001,cell,0.45,0.55,mid_30_70,0.035551699718155326,0.022742180409608875,0.9997814008413846,1.5632493928829383,1.5768947092063261
GBSA-TCL_vs_C0,C0,85002,atomic_numbers,0.45,0.55,mid_30_70,0.9760589250150717,0.0671769619911009,0.9978512768375238,14.529667553950611,14.28297920502985
GBSA-TCL_vs_C0,C0,85002,pos,0.45,0.55,mid_30_70,0.11088991122769794,0.2504305921795645,0.9889793071247471,0.44279698523488437,0.5273527862777523
GBSA-TCL_vs_C0,C0,85002,cell,0.45,0.55,mid_30_70,0.009148496940283827,0.013232979412597918,0.9999323412320992,0.6913406765806931,0.6956553124063419
GBSA-TCL_vs_C0,C0,85003,atomic_numbers,0.45,0.55,mid_30_70,0.875187721514026,0.057438140038247695,0.9983494207360599,15.237048430385192,15.22469954540613
GBSA-TCL_vs_C0,C0,85003,pos,0.45,0.55,mid_30_70,0.07730797446996644,0.2679885817038721,0.9791488369965851,0.2884748819462461,0.3328813636895112
GBSA-TCL_vs_C0,C0,85003,cell,0.45,0.55,mid_30_70,0.012973918093525359,0.01493326157760129,0.9999219980813571,0.868793332662518,0.8616139438246807
GBSA-TCL_vs_C0,C0,85004,atomic_numbers,0.45,0.55,mid_30_70,0.8159336137640513,0.05831031818369536,0.998302556142676,13.992954234851041,13.929409778760224
GBSA-TCL_vs_C0,C0,85004,pos,0.45,0.55,mid_30_70,0.07545056495113095,0.23672903455602062,0.9844022021918784,0.3187212125991921,0.3642330615611827
GBSA-TCL_vs_C0,C0,85004,cell,0.45,0.55,mid_30_70,0.013744706138522616,0.009192353377743953,0.9999594226833092,1.4952325670813074,1.4924366512072484
GBSA-TCL_vs_C0,C0,85005,atomic_numbers,0.45,0.55,mid_30_70,0.930754768433473,0.06037856435315365,0.9984541111070573,15.415317975921017,15.027939949776881
GBSA-TCL_vs_C0,C0,85005,pos,0.45,0.55,mid_30_70,0.10145194336828706,0.20021905493788056,0.9922273636045225,0.5067047359691277,0.5822443773462712
GBSA-TCL_vs_C0,C0,85005,cell,0.45,0.55,mid_30_70,0.022575164510248227,0.028611545429335757,0.999709448352913,0.7890228986757789,0.800955908378117
GBSA-TCL_vs_C0,C0,85006,atomic_numbers,0.45,0.55,mid_30_70,0.9514455063978121,0.06040949158984057,0.9983379568102377,15.749934014637908,16.00899285060168
GBSA-TCL_vs_C0,C0,85006,pos,0.45,0.55,mid_30_70,0.09526831022959163,0.15084925638693472,0.9968954893491614,0.6315464359017082,0.7108472313208366
GBSA-TCL_vs_C0,C0,85006,cell,0.45,0.55,mid_30_70,0.022834737662905762,0.01566797763785646,0.9998780048877753,1.4574144915635574,1.459027702728223
GBSA-TCL_vs_C0,C0,85007,atomic_numbers,0.45,0.55,mid_30_70,1.0557860970663768,0.10355330470816458,0.9953244634669656,10.195580914021125,9.767235568656112
GBSA-TCL_vs_C0,C0,85007,pos,0.45,0.55,mid_30_70,0.09025588903389872,0.2184468127250578,0.9971353378106212,0.4131710044563427,0.49666014285108323
GBSA-TCL_vs_C0,C0,85007,cell,0.45,0.55,mid_30_70,0.008076154971581873,0.009227395982876143,0.9999611442553417,0.8752366308511416,0.8775891248536395
GBSA-TCL_vs_C0,C0,85008,atomic_numbers,0.45,0.55,mid_30_70,0.679796225312476,0.06750071155563188,0.9980087110767458,10.070949026251522,9.808828656888986
GBSA-TCL_vs_C0,C0,85008,pos,0.45,0.55,mid_30_70,0.04370826387921244,0.11078812989365978,0.9957308130039941,0.3945211812959195,0.41700872255007343
GBSA-TCL_vs_C0,C0,85008,cell,0.45,0.55,mid_30_70,0.01637688092959627,0.017075704061045395,0.9998741401786989,0.9590750033526675,0.9650105980116931
GBSA-TCL_vs_C0,C0,85009,atomic_numbers,0.45,0.55,mid_30_70,0.8689229563734282,0.07591922564194778,0.9974201726295585,11.445361158864623,11.13298553598056
GBSA-TCL_vs_C0,C0,85009,pos,0.45,0.55,mid_30_70,0.14310761874666186,0.41433024614697683,0.9606985002053605,0.34539505642534435,0.43806032716073273
GBSA-TCL_vs_C0,C0,85009,cell,0.45,0.55,mid_30_70,0.03840374563736369,0.029473845833837175,0.9995677687624409,1.302977081914252,1.3051569435086539
GBSA-TCL_vs_C0,C0,85010,atomic_numbers,0.45,0.55,mid_30_70,1.3357892057940761,0.102799854001333,0.994747039844962,12.994076876575672,12.802901267138433
GBSA-TCL_vs_C0,C0,85010,pos,0.45,0.55,mid_30_70,0.047351970615058026,0.22761500473459015,0.9897248832367916,0.20803536511256218,0.24274056154823734
GBSA-TCL_vs_C0,C0,85010,cell,0.45,0.55,mid_30_70,0.022017855766620544,0.020025058008034325,0.999942942108528,1.099515205288628,1.1180758817973446
GBSA-TCL_vs_C0,C0,85011,atomic_numbers,0.45,0.55,mid_30_70,0.7160554876665843,0.06844787286063139,0.9977080023663517,10.46132564447349,10.329454920256468
GBSA-TCL_vs_C0,C0,85011,pos,0.45,0.55,mid_30_70,0.06884328581294669,0.15741430035019782,0.9959502940319602,0.43733819392388,0.4920773072583857
GBSA-TCL_vs_C0,C0,85011,cell,0.45,0.55,mid_30_70,0.009926976527133207,0.015106937929370099,0.9999451304887326,0.6571137429401701,0.664230380686133
GBSA-TCL_vs_C0,C0,85012,atomic_numbers,0.45,0.55,mid_30_70,0.8228409684478586,0.0529459964004337,0.9986459034612402,15.541136712673502,15.367093961116526
GBSA-TCL_vs_C0,C0,85012,pos,0.45,0.55,mid_30_70,0.08233824845288716,0.12898407490913727,0.9945998240990714,0.6383598014785181,0.6838031631134078
GBSA-TCL_vs_C0,C0,85012,cell,0.45,0.55,mid_30_70,0.013255559744905393,0.010602305087806492,0.9999755935637057,1.2502526229084236,1.2601925575643649
GBSA-TCL_vs_C0,C0,85013,atomic_numbers,0.45,0.55,mid_30_70,1.1333547650733982,0.09636975695678109,0.9962130959009734,11.760481720231727,11.22711960300168
GBSA-TCL_vs_C0,C0,85013,pos,0.45,0.55,mid_30_70,0.10220937828328255,0.20337669605407666,0.9829929096488171,0.5025618975347387,0.5379340365623947
GBSA-TCL_vs_C0,C0,85013,cell,0.45,0.55,mid_30_70,0.04903689292290309,0.036139094977457036,0.9995676401977188,1.3568932191990832,1.3848175085898333
GBSA-TCL_vs_C0,C0,85014,atomic_numbers,0.45,0.55,mid_30_70,0.7150718994304215,0.049329070513023855,0.9988282674605262,14.495953237992369,14.340484020628086
GBSA-TCL_vs_C0,C0,85014,pos,0.45,0.55,mid_30_70,0.07158253735472739,0.13497207727279179,0.9930696587761154,0.5303507125407285,0.5618739063910612
GBSA-TCL_vs_C0,C0,85014,cell,0.45,0.55,mid_30_70,0.017337061917204914,0.013383946190572569,0.9999127201611934,1.2953624940166641,1.292477856922762
GBSA-TCL_vs_C0,C0,85015,atomic_numbers,0.45,0.55,mid_30_70,1.1739315842837406,0.1287835836479128,0.9916857824387578,9.11553748568765,9.086142002429332
GBSA-TCL_vs_C0,C0,85015,pos,0.45,0.55,mid_30_70,0.1241027533983742,0.2463120489945207,0.9924120852220109,0.5038436158725427,0.6075546648571434
GBSA-TCL_vs_C0,C0,85015,cell,0.45,0.55,mid_30_70,0.09792613416329486,0.18004554098814957,0.9840024087701794,0.5438964698922495,0.5493486353072048
GBSA-TCL_vs_C0,C0,85016,atomic_numbers,0.45,0.55,mid_30_70,1.5017399360526975,0.1363628939742056,0.9941016327395793,11.012819486925576,10.037527554415037
GBSA-TCL_vs_C0,C0,85016,pos,0.45,0.55,mid_30_70,0.08146399072014682,0.16847816855039788,0.9858207839561186,0.48352846793783855,0.483965705127511
GBSA-TCL_vs_C0,C0,85016,cell,0.45,0.55,mid_30_70,0.04125381104785276,0.07679456477878009,0.9972149619065976,0.537197016047834,0.5258673284934717
GBSA-TCL_vs_C0,C0,85017,atomic_numbers,0.45,0.55,mid_30_70,0.5759529830983534,0.06485200634995777,0.9979515020929333,8.881035692101273,8.768443198924771
GBSA-TCL_vs_C0,C0,85017,pos,0.45,0.55,mid_30_70,0.037064219283853894,0.09577534608380675,0.9969523661952486,0.38699123312403816,0.4073131412885045
GBSA-TCL_vs_C0,C0,85017,cell,0.45,0.55,mid_30_70,0.02003589159693405,0.02113488721004923,0.9997970176514506,0.9480008763617802,0.9538608210739157
GBSA-TCL_vs_C0,C0,85018,atomic_numbers,0.45,0.55,mid_30_70,0.940015616251224,0.09880194612483642,0.995114796607339,9.514140693782617,9.504856247758664
GBSA-TCL_vs_C0,C0,85018,pos,0.45,0.55,mid_30_70,0.0391393393466719,0.21148074943052178,0.9825914683995087,0.18507282318635077,0.20055166887209963
GBSA-TCL_vs_C0,C0,85018,cell,0.45,0.55,mid_30_70,0.06824053125195419,0.09702356906384643,0.9952832579813765,0.7033397339470006,0.6989471473474961
GBSA-TCL_vs_C0,C0,85019,atomic_numbers,0.45,0.55,mid_30_70,0.7897303129216279,0.06294217604105742,0.9980456318061734,12.54691786325411,12.42783517137568
GBSA-TCL_vs_C0,C0,85019,pos,0.45,0.55,mid_30_70,0.09583149203331406,0.21239134188231035,0.9806603627648935,0.4512024416061928,0.47969666604542194
GBSA-TCL_vs_C0,C0,85019,cell,0.45,0.55,mid_30_70,0.051817859917284596,0.0689611390155763,0.9988732325405769,0.7514066713077412,0.7881556835473708
GBSA-TCL_vs_C0,C0,85020,atomic_numbers,0.45,0.55,mid_30_70,0.8270543358137108,0.08216177146079706,0.9966424766682298,10.066169717486362,9.963521638242678
GBSA-TCL_vs_C0,C0,85020,pos,0.45,0.55,mid_30_70,0.05494792138352521,0.1878724772461261,0.9979062263163505,0.2924745667325161,0.34345134236952696
GBSA-TCL_vs_C0,C0,85020,cell,0.45,0.55,mid_30_70,0.01167135183166103,0.013043783129557613,0.999927006388945,0.8947827264325937,0.8991153756344555
GBSA-TCL_vs_C0,C0,85021,atomic_numbers,0.45,0.55,mid_30_70,0.88741922504143,0.0665413034534456,0.997890481379068,13.336366722396672,13.502943399933217
GBSA-TCL_vs_C0,C0,85021,pos,0.45,0.55,mid_30_70,0.11087847255316848,0.27060424544011474,0.9771511705776827,0.4097440244251679,0.4690076384826114
GBSA-TCL_vs_C0,C0,85021,cell,0.45,0.55,mid_30_70,0.014075714881590054,0.020200084008811767,0.9997983924569518,0.6968146704464142,0.6982117580636804
GBSA-TCL_vs_C0,C0,85022,atomic_numbers,0.45,0.55,mid_30_70,0.9686781154621797,0.0637247165846195,0.9981226792077716,15.200979578714653,14.904921524626506
GBSA-TCL_vs_C0,C0,85022,pos,0.45,0.55,mid_30_70,0.12421107734905881,0.18338951389521443,0.9941828749673489,0.6773074136617805,0.7738998010550813
GBSA-TCL_vs_C0,C0,85022,cell,0.45,0.55,mid_30_70,0.01516009776673776,0.01282271086524738,0.9999566151446994,1.1822849260233463,1.1926521114448987
GBSA-TCL_vs_C0,C0,85023,atomic_numbers,0.45,0.55,mid_30_70,0.7714674050867444,0.0565230978244412,0.9986607004356212,13.648710611773186,13.319774977624245
GBSA-TCL_vs_C0,C0,85023,pos,0.45,0.55,mid_30_70,0.07568937275348134,0.1181949464927935,0.9976221570411763,0.6403774019060638,0.7003443006781237
GBSA-TCL_vs_C0,C0,85023,cell,0.45,0.55,mid_30_70,0.019957935059662747,0.023669891724856274,0.9999156516712181,0.8431781307518396,0.8597920168053281
GBSA-TCL_vs_C0,C0,85024,atomic_numbers,0.45,0.55,mid_30_70,1.3592392443514594,0.15013827042135572,0.990443272734133,9.053249651383494,8.429652196437122
GBSA-TCL_vs_C0,C0,85024,pos,0.45,0.55,mid_30_70,0.11231913465755532,0.412744010638844,0.9677871459988282,0.2721278365340979,0.3523645077360546
GBSA-TCL_vs_C0,C0,85024,cell,0.45,0.55,mid_30_70,0.014240616642397336,0.012828814414696346,0.999987364702214,1.1100493141504697,1.0969335063438492
GBSA-TCL_vs_C0,C0,85025,atomic_numbers,0.45,0.55,mid_30_70,0.8672583951116328,0.08418629664114097,0.9964625907092537,10.301657510942377,10.31675265829141
GBSA-TCL_vs_C0,C0,85025,pos,0.45,0.55,mid_30_70,0.10141483537869378,0.30330763620945556,0.9745269925160381,0.33436294794984855,0.3941232389767165
GBSA-TCL_vs_C0,C0,85025,cell,0.45,0.55,mid_30_70,0.0706119211490259,0.14745640787820669,0.9893439577889548,0.4788664132341311,0.4625857893702962
GBSA-TCL_vs_C0,C0,85026,atomic_numbers,0.45,0.55,mid_30_70,0.7587951965838399,0.05698275919041171,0.9984173374693266,13.316224194203643,13.172948092544084
GBSA-TCL_vs_C0,C0,85026,pos,0.45,0.55,mid_30_70,0.05835271257081608,0.14596261605611566,0.993040442911903,0.3997784785412605,0.43146629904334527
GBSA-TCL_vs_C0,C0,85026,cell,0.45,0.55,mid_30_70,0.014965056695446182,0.012154546449730392,0.9999423642324213,1.2312311905129238,1.2381755216478814
GBSA-TCL_vs_C0,C0,85027,atomic_numbers,0.45,0.55,mid_30_70,0.7417389504600956,0.05295635358456668,0.9988697987848396,14.006609221603668,13.66371626881105
GBSA-TCL_vs_C0,C0,85027,pos,0.45,0.55,mid_30_70,0.06022449367822919,0.1734955282711317,0.9900655092042984,0.34712418399690864,0.3789569080395435
GBSA-TCL_vs_C0,C0,85027,cell,0.45,0.55,mid_30_70,0.008986172822792082,0.008583410828565183,0.9999633485842705,1.0469233038323793,1.0462451491209734
GBSA-TCL_vs_C0,C0,85028,atomic_numbers,0.45,0.55,mid_30_70,0.8460006084254894,0.060400821132867016,0.9982401590113231,14.006442173434959,14.14251615111548
GBSA-TCL_vs_C0,C0,85028,pos,0.45,0.55,mid_30_70,0.14398427438872458,0.32495321527589066,0.9795385384496494,0.4430923210483686,0.5470713004874554
GBSA-TCL_vs_C0,C0,85028,cell,0.45,0.55,mid_30_70,0.04891681877878731,0.043484155542410474,0.9997158537909921,1.1249343161574867,1.1655267251128643
GBSA-TCL_vs_C0,C0,85029,atomic_numbers,0.45,0.55,mid_30_70,0.9669518207085066,0.06484052011820728,0.9983125498883996,14.912770886873037,14.45739413171066
GBSA-TCL_vs_C0,C0,85029,pos,0.45,0.55,mid_30_70,0.05993540047532636,0.10270968658325653,0.9973825544842593,0.5835418495483645,0.6245819874500866
GBSA-TCL_vs_C0,C0,85029,cell,0.45,0.55,mid_30_70,0.012825029133153042,0.019421077720346586,0.9998133376573386,0.6603665006559774,0.6615454164416646
GBSA-TCL_vs_C0,C0,85030,atomic_numbers,0.45,0.55,mid_30_70,0.9813109751378258,0.10810702074234403,0.9960837305825985,9.077217819891873,8.476986783932249
GBSA-TCL_vs_C0,C0,85030,pos,0.45,0.55,mid_30_70,0.05575492135237747,0.14952803828949104,0.9990717843863394,0.37287268655550854,0.4259178147019099
GBSA-TCL_vs_C0,C0,85030,cell,0.45,0.55,mid_30_70,0.009220080211551709,0.008219113722712314,0.9999702863434728,1.1217852097694394,1.1185538253388956
GBSA-TCL_vs_C0,C0,85031,atomic_numbers,0.45,0.55,mid_30_70,0.734099859664059,0.06726448480341128,0.9981253084795721,10.913632384304375,10.588636907262654
GBSA-TCL_vs_C0,C0,85031,pos,0.45,0.55,mid_30_70,0.06678498646454188,0.14698063994759894,0.9939695122323046,0.4543794780615451,0.4961098457628573
GBSA-TCL_vs_C0,C0,85031,cell,0.45,0.55,mid_30_70,0.01451665447603633,0.016886281033717056,0.9999121458891558,0.8596714958758971,0.8685895468803944
GBSA-TCL_vs_C0,TCL,85000,atomic_numbers,0.45,0.55,mid_30_70,0.7810286598480327,0.05521113341735733,0.9989101399028093,14.14621674117801,14.547989684556832
GBSA-TCL_vs_C0,TCL,85000,pos,0.45,0.55,mid_30_70,0.08643342756346672,0.20519751740927114,0.9906364050400954,0.4212206300287409,0.481802360638376
GBSA-TCL_vs_C0,TCL,85000,cell,0.45,0.55,mid_30_70,0.008910344689802242,0.014958580722445174,0.9998907989262442,0.5956677879494526,0.5969829573579095
GBSA-TCL_vs_C0,TCL,85001,atomic_numbers,0.45,0.55,mid_30_70,1.1022194920689965,0.10397665559259485,0.9947446461494088,10.600643825165466,10.736935889952234
GBSA-TCL_vs_C0,TCL,85001,pos,0.45,0.55,mid_30_70,0.14490210756110408,0.42714680260594434,0.9599293812241736,0.3392325698731276,0.43499581554021893
GBSA-TCL_vs_C0,TCL,85001,cell,0.45,0.55,mid_30_70,0.03960745892521846,0.03871275877065855,0.999349660759525,1.023111247634411,1.0368576686229534
GBSA-TCL_vs_C0,TCL,85002,atomic_numbers,0.45,0.55,mid_30_70,1.0606742700052503,0.08021595602443293,0.9980006503519387,13.222734261026321,13.849438590854236
GBSA-TCL_vs_C0,TCL,85002,pos,0.45,0.55,mid_30_70,0.08353157946926655,0.18921141671320418,0.9891292959923316,0.4414721950730855,0.48923928609232153
GBSA-TCL_vs_C0,TCL,85002,cell,0.45,0.55,mid_30_70,0.012748922343119477,0.016476502363872436,0.9999428909674904,0.7737638766752876,0.7834229560092926
GBSA-TCL_vs_C0,TCL,85003,atomic_numbers,0.45,0.55,mid_30_70,1.52230462200517,0.10413267370546682,0.9955770715315182,14.618894990739607,15.210838126691256
GBSA-TCL_vs_C0,TCL,85003,pos,0.45,0.55,mid_30_70,0.08291303233683893,0.2443665666515914,0.9883398197540313,0.33929777494911245,0.40019143336700974
GBSA-TCL_vs_C0,TCL,85003,cell,0.45,0.55,mid_30_70,0.03364094607221003,0.043628502695194145,0.9993114167537708,0.7710772544095518,0.7882433900015107
GBSA-TCL_vs_C0,TCL,85004,atomic_numbers,0.45,0.55,mid_30_70,0.7554744188037349,0.09216070719530682,0.9965280386452218,8.197359176104571,8.492847251018706
GBSA-TCL_vs_C0,TCL,85004,pos,0.45,0.55,mid_30_70,0.08446183795724736,0.16218917963517693,0.996448433477613,0.5207612378780945,0.5910983392094308
GBSA-TCL_vs_C0,TCL,85004,cell,0.45,0.55,mid_30_70,0.02591745093920156,0.021249279402324916,0.9997814318920151,1.21968611022009,1.2240548835715117
GBSA-TCL_vs_C0,TCL,85005,atomic_numbers,0.45,0.55,mid_30_70,0.6942211308440693,0.04988481155852684,0.9987599159401934,13.916482976578592,13.855517611461059
GBSA-TCL_vs_C0,TCL,85005,pos,0.45,0.55,mid_30_70,0.08274883334634463,0.1777270530942446,0.9931712399795312,0.4655950341024605,0.5248400982259639
GBSA-TCL_vs_C0,TCL,85005,cell,0.45,0.55,mid_30_70,0.012477210644497598,0.013718623997477001,0.9999321628819027,0.9095089016793731,0.9160391672594456
GBSA-TCL_vs_C0,TCL,85006,atomic_numbers,0.45,0.55,mid_30_70,1.1460461174898129,0.08708635372603502,0.996404319774944,13.15988175478285,13.37759712389257
GBSA-TCL_vs_C0,TCL,85006,pos,0.45,0.55,mid_30_70,0.2016111964664525,0.36281754522228754,0.9635114147441519,0.5556820476885463,0.671509327545061
GBSA-TCL_vs_C0,TCL,85006,cell,0.45,0.55,mid_30_70,0.01372425177874207,0.012982346836413772,0.9999479138621282,1.0571472131870143,1.0655738558609689
GBSA-TCL_vs_C0,TCL,85007,atomic_numbers,0.45,0.55,mid_30_70,0.9869008210460091,0.08412202703781546,0.9966683338816948,11.731776513211774,11.451037425947046
GBSA-TCL_vs_C0,TCL,85007,pos,0.45,0.55,mid_30_70,0.046514963942349566,0.2773404640108804,0.981220740860849,0.16771791346150167,0.19799085046188317
GBSA-TCL_vs_C0,TCL,85007,cell,0.45,0.55,mid_30_70,0.016647241487225864,0.01752163920310555,0.9999319628201404,0.9500961236706263,0.9624533522350865
GBSA-TCL_vs_C0,TCL,85008,atomic_numbers,0.45,0.55,mid_30_70,0.8731579749389958,0.0673976596235698,0.9981573584524702,12.955315953339747,12.551396547837834
GBSA-TCL_vs_C0,TCL,85008,pos,0.45,0.55,mid_30_70,0.09864277582944589,0.1647976696299125,0.9863490260259271,0.5985689970675484,0.5943080764012965
GBSA-TCL_vs_C0,TCL,85008,cell,0.45,0.55,mid_30_70,0.026840181010944084,0.03285190656133288,0.9994603325352848,0.8170052767206918,0.816195285053629
GBSA-TCL_vs_C0,TCL,85009,atomic_numbers,0.45,0.55,mid_30_70,0.9458970141830174,0.08204116457721498,0.997443726404278,11.529541530249292,11.035335369056348
GBSA-TCL_vs_C0,TCL,85009,pos,0.45,0.55,mid_30_70,0.10763157321970598,0.28064149560017226,0.9788135467047799,0.38351981053096945,0.4490018279065596
GBSA-TCL_vs_C0,TCL,85009,cell,0.45,0.55,mid_30_70,0.05849391534225488,0.10085956469764691,0.9974205508342765,0.5799540729489145,0.6195506584864792
GBSA-TCL_vs_C0,TCL,85010,atomic_numbers,0.45,0.55,mid_30_70,1.6196633904622086,0.13534816018343776,0.9949946429653185,11.966645045393113,10.814338912225299
GBSA-TCL_vs_C0,TCL,85010,pos,0.45,0.55,mid_30_70,0.04656585834920912,0.17712878993654374,0.9985380536349966,0.2628926577429412,0.30685298644912024
GBSA-TCL_vs_C0,TCL,85010,cell,0.45,0.55,mid_30_70,0.026116593811663882,0.03315055319521581,0.9994503750674903,0.7878177373954939,0.7874688479202148
GBSA-TCL_vs_C0,TCL,85011,atomic_numbers,0.45,0.55,mid_30_70,1.0313276106956235,0.07279001222239562,0.9973489084470631,14.168531907160622,14.105501684424397
GBSA-TCL_vs_C0,TCL,85011,pos,0.45,0.55,mid_30_70,0.1727747693827059,0.5957523548335565,0.83811361588166,0.2900110557363661,0.3125168662276669
GBSA-TCL_vs_C0,TCL,85011,cell,0.45,0.55,mid_30_70,0.06229943184610295,0.08192856548527207,0.996704319013183,0.7604116034144677,0.7491760378586748
GBSA-TCL_vs_C0,TCL,85012,atomic_numbers,0.45,0.55,mid_30_70,1.115865890714139,0.08875302778506147,0.9960539130061936,12.572707867685358,12.531963360985726
GBSA-TCL_vs_C0,TCL,85012,pos,0.45,0.55,mid_30_70,0.08201617306664433,0.2131439013658826,0.9797346966800733,0.38479249249480263,0.4050353397317357
GBSA-TCL_vs_C0,TCL,85012,cell,0.45,0.55,mid_30_70,0.05470283318582622,0.05925005513967517,0.9995745841800923,0.9232537093319255,0.8752446897362566
GBSA-TCL_vs_C0,TCL,85013,atomic_numbers,0.45,0.55,mid_30_70,1.0168633346311888,0.06935740121179906,0.9976346885994554,14.661208708295732,14.491026388646365
GBSA-TCL_vs_C0,TCL,85013,pos,0.45,0.55,mid_30_70,0.10111451218720376,0.23356102748017585,0.9752266197400815,0.43292544684402084,0.45464879148061665
GBSA-TCL_vs_C0,TCL,85013,cell,0.45,0.55,mid_30_70,0.011096465992212751,0.023613217539739904,0.9998747921201061,0.469926047711962,0.4781034453293645
GBSA-TCL_vs_C0,TCL,85014,atomic_numbers,0.45,0.55,mid_30_70,1.0700865414690046,0.0835296084304554,0.9971471687969996,12.81086505223991,13.232594481062334
GBSA-TCL_vs_C0,TCL,85014,pos,0.45,0.55,mid_30_70,0.11945069558767842,0.34602791031166646,0.9521242862497875,0.3452053780288691,0.38463574869149525
GBSA-TCL_vs_C0,TCL,85014,cell,0.45,0.55,mid_30_70,0.062108962472358,0.08117016600103591,0.9967010326397499,0.7651698343399389,0.7635964438138209
GBSA-TCL_vs_C0,TCL,85015,atomic_numbers,0.45,0.55,mid_30_70,1.0742497376157176,0.0791833913305761,0.9972758324402458,13.566604303810665,13.139009561509464
GBSA-TCL_vs_C0,TCL,85015,pos,0.45,0.55,mid_30_70,0.12424847537027042,0.3700218272179613,0.9453399232128791,0.3357868812887135,0.37615583469654373
GBSA-TCL_vs_C0,TCL,85015,cell,0.45,0.55,mid_30_70,0.048846567856200555,0.09175622918883557,0.9982273458135735,0.5323515175811514,0.5685850386934436
GBSA-TCL_vs_C0,TCL,85016,atomic_numbers,0.45,0.55,mid_30_70,1.1946609199357403,0.1315004892991455,0.9962028984814173,9.084840112024608,8.155010421715259
GBSA-TCL_vs_C0,TCL,85016,pos,0.45,0.55,mid_30_70,0.03806990263722753,0.0885411048583329,0.9972988337593882,0.4299686874038893,0.450065694089328
GBSA-TCL_vs_C0,TCL,85016,cell,0.45,0.55,mid_30_70,0.0396157662002925,0.04232686876774897,0.9994320177436812,0.9359484259907691,0.9593873732638977
GBSA-TCL_vs_C0,TCL,85017,atomic_numbers,0.45,0.55,mid_30_70,0.8295552995830914,0.07553888231675993,0.9973258146339379,10.9818317949753,10.74268454004632
GBSA-TCL_vs_C0,TCL,85017,pos,0.45,0.55,mid_30_70,0.07344578830701455,0.23731830786844288,0.9733136802337701,0.3094821843569235,0.31994499601395093
GBSA-TCL_vs_C0,TCL,85017,cell,0.45,0.55,mid_30_70,0.02459175918153428,0.03807053802514486,0.9993434505341577,0.6459524991554334,0.6530807413969337
GBSA-TCL_vs_C0,TCL,85018,atomic_numbers,0.45,0.55,mid_30_70,1.4735621651336046,0.15347678528251352,0.9931345797291191,9.601205566178194,8.581361425127607
GBSA-TCL_vs_C0,TCL,85018,pos,0.45,0.55,mid_30_70,0.10616593309519487,0.2904269225886831,0.9812858920143828,0.36555127929910375,0.4381870792061692
GBSA-TCL_vs_C0,TCL,85018,cell,0.45,0.55,mid_30_70,0.03558480747517302,0.031984675742932296,0.9995271347567903,1.112558018757975,1.1218270273736644
GBSA-TCL_vs_C0,TCL,85019,atomic_numbers,0.45,0.55,mid_30_70,0.8152179142081615,0.064537286505374,0.9981942439418321,12.631735208456263,12.906994177877875
GBSA-TCL_vs_C0,TCL,85019,pos,0.45,0.55,mid_30_70,0.061190522167176,0.16364904479806916,0.9913175295343841,0.3739131031450907,0.407094759235639
GBSA-TCL_vs_C0,TCL,85019,cell,0.45,0.55,mid_30_70,0.014161267860339903,0.016283645192503013,0.9998793207695645,0.8696620254818466,0.8653132312810755
GBSA-TCL_vs_C0,TCL,85020,atomic_numbers,0.45,0.55,mid_30_70,1.4622659802433453,0.16279004244797646,0.9926033948069822,8.982527175829246,7.941903122869863
GBSA-TCL_vs_C0,TCL,85020,pos,0.45,0.55,mid_30_70,0.04865922199657852,0.15662333664168646,0.9959147095610709,0.3106767039952557,0.3491655952252643
GBSA-TCL_vs_C0,TCL,85020,cell,0.45,0.55,mid_30_70,0.017559513538729095,0.0222981467393185,0.9997522020444789,0.787487576613991,0.7883109622146829
GBSA-TCL_vs_C0,TCL,85021,atomic_numbers,0.45,0.55,mid_30_70,0.8796233959372838,0.07059566159130583,0.9975190209649358,12.460020575054907,12.363240525449855
GBSA-TCL_vs_C0,TCL,85021,pos,0.45,0.55,mid_30_70,0.09097500081514139,0.2327577114879756,0.9887372926180408,0.3908570858235183,0.45613021173152535
GBSA-TCL_vs_C0,TCL,85021,cell,0.45,0.55,mid_30_70,0.019735766233055365,0.020937197372349618,0.9997864901774806,0.9426173848424957,0.9455976769211778
GBSA-TCL_vs_C0,TCL,85022,atomic_numbers,0.45,0.55,mid_30_70,0.7932149012686269,0.06052197830925814,0.9983050682740116,13.106228901101339,13.301719891446384
GBSA-TCL_vs_C0,TCL,85022,pos,0.45,0.55,mid_30_70,0.12508403360175718,0.29106770953312283,0.9569419727578055,0.42974204800111265,0.4204386056710621
GBSA-TCL_vs_C0,TCL,85022,cell,0.45,0.55,mid_30_70,0.06285739945669831,0.046976005334981474,0.9991301677014717,1.338074598052093,1.307968756791781
GBSA-TCL_vs_C0,TCL,85023,atomic_numbers,0.45,0.55,mid_30_70,0.9896627391787488,0.07594722149140523,0.9973200311082616,13.030927527621891,12.730472950318193
GBSA-TCL_vs_C0,TCL,85023,pos,0.45,0.55,mid_30_70,0.11555215484852714,0.18589921093128342,0.9857596757130002,0.6215849667658908,0.6619943661922874
GBSA-TCL_vs_C0,TCL,85023,cell,0.45,0.55,mid_30_70,0.05471410663121422,0.05727088254688514,0.9988363914516967,0.9553564428908914,0.9837541771334125
GBSA-TCL_vs_C0,TCL,85024,atomic_numbers,0.45,0.55,mid_30_70,1.4802769363875403,0.13586095640323187,0.9916596151249089,10.895528602007747,10.336402469582403
GBSA-TCL_vs_C0,TCL,85024,pos,0.45,0.55,mid_30_70,0.08781575289974852,0.3002623895674049,0.989435791231931,0.29246337853457693,0.3662758591760028
GBSA-TCL_vs_C0,TCL,85024,cell,0.45,0.55,mid_30_70,0.03508092217139703,0.04727505443442239,0.9991072430270798,0.742059900112004,0.7571426283294234
GBSA-TCL_vs_C0,TCL,85025,atomic_numbers,0.45,0.55,mid_30_70,1.3397069235834997,0.09631422697629782,0.9969073247163305,13.90975108914275,14.641275398653798
GBSA-TCL_vs_C0,TCL,85025,pos,0.45,0.55,mid_30_70,0.05373210843431255,0.07633501566725076,0.9994339970983549,0.7038985708542234,0.7517331350781092
GBSA-TCL_vs_C0,TCL,85025,cell,0.45,0.55,mid_30_70,0.02342410802719361,0.028174183218045445,0.9996142529712891,0.831403268939863,0.8350209301846614
GBSA-TCL_vs_C0,TCL,85026,atomic_numbers,0.45,0.55,mid_30_70,1.090558675841706,0.08103649796288347,0.9967112144471153,13.45762345679359,13.407997904645034
GBSA-TCL_vs_C0,TCL,85026,pos,0.45,0.55,mid_30_70,0.07253129103951268,0.2621540889421526,0.9745480445622142,0.2766742694427992,0.30723224625757706
GBSA-TCL_vs_C0,TCL,85026,cell,0.45,0.55,mid_30_70,0.044369098452268114,0.04062065065854205,0.9992230740054286,1.0922793636477068,1.1021767343937616
GBSA-TCL_vs_C0,TCL,85027,atomic_numbers,0.45,0.55,mid_30_70,0.7930025756386605,0.058272163863839564,0.9984562755632165,13.608600111223156,13.827420080643549
GBSA-TCL_vs_C0,TCL,85027,pos,0.45,0.55,mid_30_70,0.0926365123909536,0.2047878134038158,0.9948348077184986,0.452353637900738,0.5304729704195569
GBSA-TCL_vs_C0,TCL,85027,cell,0.45,0.55,mid_30_70,0.012748910979359896,0.01599046276284665,0.9999092767311516,0.7972821780356226,0.8040802070950307
GBSA-TCL_vs_C0,TCL,85028,atomic_numbers,0.45,0.55,mid_30_70,0.8438020123434898,0.06971315532235414,0.9975712708986567,12.10391365075564,12.109522890222653
GBSA-TCL_vs_C0,TCL,85028,pos,0.45,0.55,mid_30_70,0.11568490888102073,0.3828552053646295,0.9504218023825808,0.30216360456910324,0.3546673902837734
GBSA-TCL_vs_C0,TCL,85028,cell,0.45,0.55,mid_30_70,0.03831769616179877,0.05355117152768339,0.9985835187838702,0.715534227705744,0.7101816954526756
GBSA-TCL_vs_C0,TCL,85029,atomic_numbers,0.45,0.55,mid_30_70,0.9994170352899721,0.08391145842675296,0.9964902915670872,11.9103761754108,11.799090637789618
GBSA-TCL_vs_C0,TCL,85029,pos,0.45,0.55,mid_30_70,0.10208605748287215,0.3296670102919842,0.9549113991929313,0.3096641589719733,0.3400780360902061
GBSA-TCL_vs_C0,TCL,85029,cell,0.45,0.55,mid_30_70,0.02856996484570018,0.018508325441642198,0.9999360745343493,1.5436277547519308,1.5661479002501784
GBSA-TCL_vs_C0,TCL,85030,atomic_numbers,0.45,0.55,mid_30_70,0.9412329723926877,0.10072421350834947,0.9949545330233982,9.34465447391818,9.21398269496094
GBSA-TCL_vs_C0,TCL,85030,pos,0.45,0.55,mid_30_70,0.07095928774880197,0.22602658881240814,0.9972940072917107,0.3139422141511633,0.3801936461584645
GBSA-TCL_vs_C0,TCL,85030,cell,0.45,0.55,mid_30_70,0.010384125626881655,0.015509760466481698,0.9998806280902675,0.6695219858051901,0.670346067117354
GBSA-TCL_vs_C0,TCL,85031,atomic_numbers,0.45,0.55,mid_30_70,0.9425895335916693,0.06636581347291284,0.9985674263668609,14.202937992711968,14.74019471270654
GBSA-TCL_vs_C0,TCL,85031,pos,0.45,0.55,mid_30_70,0.07367415611077084,0.1193343862303272,0.9980454500473369,0.6173757492544724,0.6789334817321429
GBSA-TCL_vs_C0,TCL,85031,cell,0.45,0.55,mid_30_70,0.027675439715912364,0.023332663352163344,0.9997831136587982,1.1861243312948397,1.198346071115423
GBSA-TCL_vs_C0,C0,85000,atomic_numbers,0.55,0.44999999999999996,mid_30_70,0.7311876402989307,0.05723789624322619,0.9984444490190976,12.774537295917177,12.589338195204586
GBSA-TCL_vs_C0,C0,85000,pos,0.55,0.44999999999999996,mid_30_70,0.0739263586547398,0.10393859690764648,0.9964421891318834,0.7112503040658349,0.7519850450366469
GBSA-TCL_vs_C0,C0,85000,cell,0.55,0.44999999999999996,mid_30_70,0.022180282902873133,0.024179623813905447,0.9997545355480668,0.9173129852465894,0.9259713464613082
GBSA-TCL_vs_C0,C0,85001,atomic_numbers,0.55,0.44999999999999996,mid_30_70,0.782559016281005,0.08829397414862271,0.9961313599678453,8.86310786015528,8.752828068125682
GBSA-TCL_vs_C0,C0,85001,pos,0.55,0.44999999999999996,mid_30_70,0.14035002713074865,0.2687058110851224,0.9659320216428685,0.5223185407266374,0.4667598751006207
GBSA-TCL_vs_C0,C0,85001,cell,0.55,0.44999999999999996,mid_30_70,0.052535259862854775,0.049802899321214476,0.9988086119071742,1.054863483429295,1.0641010064595489
GBSA-TCL_vs_C0,C0,85002,atomic_numbers,0.55,0.44999999999999996,mid_30_70,1.010838135540494,0.06739818421159635,0.9980195274267852,14.998002503553684,15.331205278602058
GBSA-TCL_vs_C0,C0,85002,pos,0.55,0.44999999999999996,mid_30_70,0.09423466112190147,0.11788616288648521,0.995265708816906,0.799369992325917,0.8489160341942991
GBSA-TCL_vs_C0,C0,85002,cell,0.55,0.44999999999999996,mid_30_70,0.00976135411227158,0.0076603802551706195,0.9999779997420822,1.2742649564534139,1.2791194350241903
GBSA-TCL_vs_C0,C0,85003,atomic_numbers,0.55,0.44999999999999996,mid_30_70,0.6203475810231156,0.04737745846280636,0.9989175928470447,13.093728561022735,12.96172617526417
GBSA-TCL_vs_C0,C0,85003,pos,0.55,0.44999999999999996,mid_30_70,0.11151374032258413,0.14150856648393143,0.9900341971068641,0.7880352624111046,0.7911121610644648
GBSA-TCL_vs_C0,C0,85003,cell,0.55,0.44999999999999996,mid_30_70,0.024304105184657934,0.02404908087971348,0.999725272259611,1.0106043264696898,1.015766918397337
GBSA-TCL_vs_C0,C0,85004,atomic_numbers,0.55,0.44999999999999996,mid_30_70,0.7364938470830159,0.045004378281549635,0.9989873462888219,16.36493770618214,16.365623600050096
GBSA-TCL_vs_C0,C0,85004,pos,0.55,0.44999999999999996,mid_30_70,0.05941612500932316,0.08519329029184015,0.9988735529574395,0.6974272833668692,0.7459881432124581
GBSA-TCL_vs_C0,C0,85004,cell,0.55,0.44999999999999996,mid_30_70,0.010341728055380951,0.011403812490857033,0.9999718466407835,0.9068658454067353,0.9146278057880226
GBSA-TCL_vs_C0,C0,85005,atomic_numbers,0.55,0.44999999999999996,mid_30_70,0.6326727974947497,0.04941376236948561,0.9988852041228227,12.803574695729775,12.602276668784471
GBSA-TCL_vs_C0,C0,85005,pos,0.55,0.44999999999999996,mid_30_70,0.06206036407050605,0.07421198900834754,0.9980150452974127,0.8362579267822261,0.8674305689461193
GBSA-TCL_vs_C0,C0,85005,cell,0.55,0.44999999999999996,mid_30_70,0.013388452056619555,0.01568807605309722,0.9998877582406688,0.8534158051825825,0.8572904465192076
GBSA-TCL_vs_C0,C0,85006,atomic_numbers,0.55,0.44999999999999996,mid_30_70,0.6691466810545748,0.05479637154840353,0.9985110791155345,12.211514415028267,12.129859043026178
GBSA-TCL_vs_C0,C0,85006,pos,0.55,0.44999999999999996,mid_30_70,0.054040976120772424,0.07366179454744787,0.9988255238201503,0.7336364319221539,0.7734799615202943
GBSA-TCL_vs_C0,C0,85006,cell,0.55,0.44999999999999996,mid_30_70,0.011937618922468881,0.013962109702620481,0.9999608997500935,0.8550010834128002,0.8642056826361878
GBSA-TCL_vs_C0,C0,85007,atomic_numbers,0.55,0.44999999999999996,mid_30_70,0.8097171260702507,0.09148124523045388,0.996080987853682,8.851181726161045,8.609642536245502
GBSA-TCL_vs_C0,C0,85007,pos,0.55,0.44999999999999996,mid_30_70,0.039281860734409084,0.05090909615043294,0.9992227762135287,0.7716078992707677,0.7958665698276924
GBSA-TCL_vs_C0,C0,85007,cell,0.55,0.44999999999999996,mid_30_70,0.02425077371265051,0.02745006129530704,0.9998235125458765,0.883450621540015,0.9009761264547883
GBSA-TCL_vs_C0,C0,85008,atomic_numbers,0.55,0.44999999999999996,mid_30_70,0.7644584898896802,0.06448277677024315,0.998015108436952,11.855235276444471,11.667353767375168
GBSA-TCL_vs_C0,C0,85008,pos,0.55,0.44999999999999996,mid_30_70,0.11903477862849784,0.16677241129846232,0.9860100745418506,0.7137558166948166,0.7076077692927364
GBSA-TCL_vs_C0,C0,85008,cell,0.55,0.44999999999999996,mid_30_70,0.05038024846876821,0.04907054445994592,0.9992182811384003,1.0266902277779155,1.0557340027466569
GBSA-TCL_vs_C0,C0,85009,atomic_numbers,0.55,0.44999999999999996,mid_30_70,0.6703251968934024,0.06486721496894657,0.9979031027636756,10.333805717022113,10.356413357286911
GBSA-TCL_vs_C0,C0,85009,pos,0.55,0.44999999999999996,mid_30_70,0.054235646976552705,0.07175017969939561,0.9995191595550991,0.7558956256803573,0.8044418120652903
GBSA-TCL_vs_C0,C0,85009,cell,0.55,0.44999999999999996,mid_30_70,0.04458274837122428,0.05144700439157183,0.9994583982860821,0.8665761767565213,0.9003764377286099
GBSA-TCL_vs_C0,C0,85010,atomic_numbers,0.55,0.44999999999999996,mid_30_70,0.8437411798939422,0.08169537697059395,0.9970060066011905,10.327893831711487,10.024677540615702
GBSA-TCL_vs_C0,C0,85010,pos,0.55,0.44999999999999996,mid_30_70,0.04131973253240523,0.08422209487288944,0.9993380023260836,0.49060442624665457,0.5275455802104576
GBSA-TCL_vs_C0,C0,85010,cell,0.55,0.44999999999999996,mid_30_70,0.014874617689944736,0.025828460675403318,0.9996854248832001,0.5759002782581609,0.5721663134867561
GBSA-TCL_vs_C0,C0,85011,atomic_numbers,0.55,0.44999999999999996,mid_30_70,0.7663694019790325,0.049400862785638294,0.9988823511269223,15.513279703321905,15.718813006436564
GBSA-TCL_vs_C0,C0,85011,pos,0.55,0.44999999999999996,mid_30_70,0.07634502658929125,0.07261342690619774,0.9998735513494686,1.05138994042953,1.1257487570357063
GBSA-TCL_vs_C0,C0,85011,cell,0.55,0.44999999999999996,mid_30_70,0.01508756460749074,0.016904431813529748,0.9999241457461747,0.8925212496888038,0.9027874281071712
GBSA-TCL_vs_C0,C0,85012,atomic_numbers,0.55,0.44999999999999996,mid_30_70,0.6771387230210321,0.04704928385228944,0.9989356906815058,14.392115407046358,14.510380478794245
GBSA-TCL_vs_C0,C0,85012,pos,0.55,0.44999999999999996,mid_30_70,0.08070873363613641,0.0876127805820942,0.9974729573424412,0.9211981756532814,0.9660972874784571
GBSA-TCL_vs_C0,C0,85012,cell,0.55,0.44999999999999996,mid_30_70,0.031141472329408844,0.03133401575530435,0.9996270008919264,0.9938551308776019,1.008751069167928
GBSA-TCL_vs_C0,C0,85013,atomic_numbers,0.55,0.44999999999999996,mid_30_70,1.0167816241069287,0.08155134432628396,0.9966831109014296,12.467993415765443,12.360846530481474
GBSA-TCL_vs_C0,C0,85013,pos,0.55,0.44999999999999996,mid_30_70,0.16096933516073406,0.19161363864358588,0.9932500025308214,0.8400724306485706,0.9625270470154228
GBSA-TCL_vs_C0,C0,85013,cell,0.55,0.44999999999999996,mid_30_70,0.024602135112806248,0.03865267970920942,0.999513301829719,0.6364923544212776,0.6507089727892439
GBSA-TCL_vs_C0,C0,85014,atomic_numbers,0.55,0.44999999999999996,mid_30_70,0.7081545725645827,0.05811605660180897,0.9984000086268752,12.185179345815081,12.329188684853856
GBSA-TCL_vs_C0,C0,85014,pos,0.55,0.44999999999999996,mid_30_70,0.07491969525215733,0.08913045040352935,0.9979996760799201,0.8405622872202012,0.8916932967640946
GBSA-TCL_vs_C0,C0,85014,cell,0.55,0.44999999999999996,mid_30_70,0.03967061530157131,0.09087972789612106,0.9958777176662492,0.4365177605605985,0.4371703400728455
GBSA-TCL_vs_C0,C0,85015,atomic_numbers,0.55,0.44999999999999996,mid_30_70,0.7113034893485025,0.05008857475740965,0.9987668013351618,14.200912938599414,14.277586570310381
GBSA-TCL_vs_C0,C0,85015,pos,0.55,0.44999999999999996,mid_30_70,0.06450168111703378,0.060749985910288753,0.9997372796248717,1.0617563140226114,1.1212117930076757
GBSA-TCL_vs_C0,C0,85015,cell,0.55,0.44999999999999996,mid_30_70,0.017469954669426874,0.037736590349916,0.99975871260566,0.46294470452775716,0.47703819194473385
GBSA-TCL_vs_C0,C0,85016,atomic_numbers,0.55,0.44999999999999996,mid_30_70,0.8980912917184591,0.06794306032940374,0.9982121641243602,13.218293190861639,13.621713002041798
GBSA-TCL_vs_C0,C0,85016,pos,0.55,0.44999999999999996,mid_30_70,0.06509241236660501,0.08302491058239171,0.9986400662638436,0.7840106289787453,0.8336033915665071
GBSA-TCL_vs_C0,C0,85016,cell,0.55,0.44999999999999996,mid_30_70,0.017777998511690207,0.02464392497091884,0.9997322084751664,0.7213947669727612,0.7150883555712251
GBSA-TCL_vs_C0,C0,85017,atomic_numbers,0.55,0.44999999999999996,mid_30_70,0.5077294019149536,0.0414438850070031,0.9991575497881103,12.251008847967771,12.311495108030895
GBSA-TCL_vs_C0,C0,85017,pos,0.55,0.44999999999999996,mid_30_70,0.056744418918232405,0.06253426105303138,0.9993094830620273,0.907413279739742,0.9524285618815418
GBSA-TCL_vs_C0,C0,85017,cell,0.55,0.44999999999999996,mid_30_70,0.016241418875957182,0.012142913456133638,0.9999625308000216,1.3375224104684122,1.348861936105192
GBSA-TCL_vs_C0,C0,85018,atomic_numbers,0.55,0.44999999999999996,mid_30_70,0.7341943112016047,0.05508305469953159,0.998554945510775,13.328859759258195,13.470719396822567
GBSA-TCL_vs_C0,C0,85018,pos,0.55,0.44999999999999996,mid_30_70,0.053192529536591406,0.09108237370975909,0.996639137905551,0.5840046473326819,0.6052964957619938
GBSA-TCL_vs_C0,C0,85018,cell,0.55,0.44999999999999996,mid_30_70,0.012319687875013505,0.009783819505370677,0.9999845809936934,1.2591900196289194,1.2693135614442994
GBSA-TCL_vs_C0,C0,85019,atomic_numbers,0.55,0.44999999999999996,mid_30_70,0.6549042935444215,0.054883200988864636,0.9985860955845149,11.932691274280755,11.752923691594177
GBSA-TCL_vs_C0,C0,85019,pos,0.55,0.44999999999999996,mid_30_70,0.09936635869455684,0.11827614188712689,0.9931722491060271,0.8401217448349304,0.8507703922313127
GBSA-TCL_vs_C0,C0,85019,cell,0.55,0.44999999999999996,mid_30_70,0.04329648418432008,0.030513908561368926,0.9995434074980607,1.4189098095133605,1.4243022515797423
GBSA-TCL_vs_C0,C0,85020,atomic_numbers,0.55,0.44999999999999996,mid_30_70,0.709451704727251,0.08557094282066317,0.9964745042525154,8.290801542459304,8.12189661514897
GBSA-TCL_vs_C0,C0,85020,pos,0.55,0.44999999999999996,mid_30_70,0.030841980431669136,0.06296218013591,0.9984104723364894,0.4898493089834837,0.47532250779084106
GBSA-TCL_vs_C0,C0,85020,cell,0.55,0.44999999999999996,mid_30_70,0.07438056426216971,0.08198439513914996,0.9966356640740751,0.907252705053511,0.90236605686052
GBSA-TCL_vs_C0,C0,85021,atomic_numbers,0.55,0.44999999999999996,mid_30_70,0.693048867164667,0.0476220743002117,0.9988681136344095,14.55310121091442,14.570354278671449
GBSA-TCL_vs_C0,C0,85021,pos,0.55,0.44999999999999996,mid_30_70,0.05293888926580064,0.057840248878198885,0.9998474185746828,0.9152603989875696,0.9655876680182444
GBSA-TCL_vs_C0,C0,85021,cell,0.55,0.44999999999999996,mid_30_70,0.019370927514524246,0.023530084380282278,0.9998962485330835,0.8232408860699489,0.8384724604896318
GBSA-TCL_vs_C0,C0,85022,atomic_numbers,0.55,0.44999999999999996,mid_30_70,0.7071406925511119,0.05131495638510338,0.9986838529934937,13.780401317000706,13.739776548076911
GBSA-TCL_vs_C0,C0,85022,pos,0.55,0.44999999999999996,mid_30_70,0.08884226219297214,0.07949239038917581,0.9988131687061542,1.117619708729623,1.1865060107161793
GBSA-TCL_vs_C0,C0,85022,cell,0.55,0.44999999999999996,mid_30_70,0.01372781923003169,0.011415397745318976,0.9999896391065125,1.2025703822419112,1.215147038270319
GBSA-TCL_vs_C0,C0,85023,atomic_numbers,0.55,0.44999999999999996,mid_30_70,0.8882765201346712,0.09684303911714057,0.9953191409163001,9.172332139021567,9.186507206678673
GBSA-TCL_vs_C0,C0,85023,pos,0.55,0.44999999999999996,mid_30_70,0.21632894238054048,0.3236129231133342,0.9593974767251315,0.6684805424311772,0.7473909187321055
GBSA-TCL_vs_C0,C0,85023,cell,0.55,0.44999999999999996,mid_30_70,0.15082432849005012,0.1505118971130965,0.9894902067884812,1.0020757919004823,0.9496878653279748
GBSA-TCL_vs_C0,C0,85024,atomic_numbers,0.55,0.44999999999999996,mid_30_70,1.6194349587438033,0.08695661417418767,0.9962122215652596,18.623482228733316,18.543757421599853
GBSA-TCL_vs_C0,C0,85024,pos,0.55,0.44999999999999996,mid_30_70,0.06550510887535563,0.08682827967088702,0.9995671068977666,0.7544213604558963,0.815724820881619
GBSA-TCL_vs_C0,C0,85024,cell,0.55,0.44999999999999996,mid_30_70,0.01830751788005589,0.025052519713238672,0.999701982563633,0.7307655313561743,0.7346610378227877
GBSA-TCL_vs_C0,C0,85025,atomic_numbers,0.55,0.44999999999999996,mid_30_70,0.6610916585322223,0.04460643463442824,0.9990090068932406,14.820544702803424,14.762068353521451
GBSA-TCL_vs_C0,C0,85025,pos,0.55,0.44999999999999996,mid_30_70,0.05471365397823233,0.059523975591783206,0.9995675125781145,0.9191868223564205,0.9663594538246466
GBSA-TCL_vs_C0,C0,85025,cell,0.55,0.44999999999999996,mid_30_70,0.00960117238653512,0.01305983341645173,0.9999193084362107,0.7351680592219754,0.7373365067388465
GBSA-TCL_vs_C0,C0,85026,atomic_numbers,0.55,0.44999999999999996,mid_30_70,0.7249526462489191,0.06072925895560168,0.9981542778605872,11.937452534682198,11.914549870492255
GBSA-TCL_vs_C0,C0,85026,pos,0.55,0.44999999999999996,mid_30_70,0.0411027825168657,0.05364550818646734,0.9998077229207175,0.7661924344904298,0.804303544864069
GBSA-TCL_vs_C0,C0,85026,cell,0.55,0.44999999999999996,mid_30_70,0.00701068205892425,0.009324904448624447,0.9999727201610054,0.7518234741760194,0.7560820825748086
GBSA-TCL_vs_C0,C0,85027,atomic_numbers,0.55,0.44999999999999996,mid_30_70,0.6195099276337379,0.048456721505112994,0.9988272716212984,12.78480896749008,12.795297088303673
GBSA-TCL_vs_C0,C0,85027,pos,0.55,0.44999999999999996,mid_30_70,0.10762844131960426,0.1511706402198128,0.9916166226818073,0.7119665641628884,0.7618593083876374
GBSA-TCL_vs_C0,C0,85027,cell,0.55,0.44999999999999996,mid_30_70,0.02637809667187367,0.02780305705576607,0.999656727928519,0.948748068205799,0.9395942556097643
GBSA-TCL_vs_C0,C0,85028,atomic_numbers,0.55,0.44999999999999996,mid_30_70,0.8741513111648285,0.07763426216456051,0.9974549818583929,11.259864997646266,11.577075035407988
GBSA-TCL_vs_C0,C0,85028,pos,0.55,0.44999999999999996,mid_30_70,0.11620901993394553,0.15366145386279342,0.9905160603825929,0.7562665653138375,0.8011278922232362
GBSA-TCL_vs_C0,C0,85028,cell,0.55,0.44999999999999996,mid_30_70,0.029585929356315585,0.02305023825257556,0.9998852622371671,1.283541151814765,1.3056939495612603
GBSA-TCL_vs_C0,C0,85029,atomic_numbers,0.55,0.44999999999999996,mid_30_70,0.6282078644262318,0.04867810566146303,0.9988162492933624,12.905347401872397,12.866072906258543
GBSA-TCL_vs_C0,C0,85029,pos,0.55,0.44999999999999996,mid_30_70,0.05143577657053641,0.059950924235170545,0.9994831405807099,0.8579646974043033,0.9009368210048767
GBSA-TCL_vs_C0,C0,85029,cell,0.55,0.44999999999999996,mid_30_70,0.016995306381253128,0.032767831419559815,0.9996459948160928,0.5186582585721028,0.5283950761649543
GBSA-TCL_vs_C0,C0,85030,atomic_numbers,0.55,0.44999999999999996,mid_30_70,0.9655444360099112,0.07667586566076084,0.9981266313025481,12.592546920589019,11.986973589597428
GBSA-TCL_vs_C0,C0,85030,pos,0.55,0.44999999999999996,mid_30_70,0.04820381021171979,0.06770708069762216,0.9991656593201015,0.7119463683125933,0.7497992036339116
GBSA-TCL_vs_C0,C0,85030,cell,0.55,0.44999999999999996,mid_30_70,0.02380469419879204,0.02521948312142506,0.99987680904429,0.9439009548363386,0.9624169925665694
GBSA-TCL_vs_C0,C0,85031,atomic_numbers,0.55,0.44999999999999996,mid_30_70,0.7603182028627847,0.06032798462317867,0.9982733027652416,12.60307645965455,12.408026932912135
GBSA-TCL_vs_C0,C0,85031,pos,0.55,0.44999999999999996,mid_30_70,0.03751207688676612,0.0557797241524214,0.9998198803893192,0.6725038077323966,0.7076565805717432
GBSA-TCL_vs_C0,C0,85031,cell,0.55,0.44999999999999996,mid_30_70,0.013778314270029039,0.02150644726632566,0.9998719959036992,0.6406597100583336,0.649784842691581
GBSA-TCL_vs_C0,TCL,85000,atomic_numbers,0.55,0.44999999999999996,mid_30_70,0.6421999073640778,0.05263398868857798,0.9988474504529976,12.201239605149686,12.450725553835166
GBSA-TCL_vs_C0,TCL,85000,pos,0.55,0.44999999999999996,mid_30_70,0.055609546981357755,0.06739683562814267,0.998073062063776,0.8251062006557628,0.8452241039809975
GBSA-TCL_vs_C0,TCL,85000,cell,0.55,0.44999999999999996,mid_30_70,0.0166799307863291,0.016573447190419734,0.9999101380958532,1.0064249515919006,1.0161420405331258
GBSA-TCL_vs_C0,TCL,85001,atomic_numbers,0.55,0.44999999999999996,mid_30_70,1.3082875511357104,0.11765560326842017,0.993074975035392,11.119636590116121,11.113613243581264
GBSA-TCL_vs_C0,TCL,85001,pos,0.55,0.44999999999999996,mid_30_70,0.23704947680546487,0.18441895778651388,0.9829259483432611,1.2853856222302094,1.2474994823256669
GBSA-TCL_vs_C0,TCL,85001,cell,0.55,0.44999999999999996,mid_30_70,0.06728129640357271,0.09591337182463289,0.9957365181021564,0.7014798366862671,0.6800548676254952
GBSA-TCL_vs_C0,TCL,85002,atomic_numbers,0.55,0.44999999999999996,mid_30_70,0.6657040762253592,0.0558271217343291,0.9987961057813682,11.924384699489288,12.22783755531426
GBSA-TCL_vs_C0,TCL,85002,pos,0.55,0.44999999999999996,mid_30_70,0.08920278894305417,0.10497337804353199,0.9948535246938834,0.849765822588487,0.8687099755165513
GBSA-TCL_vs_C0,TCL,85002,cell,0.55,0.44999999999999996,mid_30_70,0.011351603119345716,0.010688141396200043,0.9999903681033697,1.0620745645619503,1.0724146677771156
GBSA-TCL_vs_C0,TCL,85003,atomic_numbers,0.55,0.44999999999999996,mid_30_70,1.5342633038828404,0.12012054360503102,0.9957760613043644,12.772696974529687,13.70802480636288
GBSA-TCL_vs_C0,TCL,85003,pos,0.55,0.44999999999999996,mid_30_70,0.11418160244370214,0.2112856989746364,0.9800294203390367,0.5404133029250076,0.5682115594486123
GBSA-TCL_vs_C0,TCL,85003,cell,0.55,0.44999999999999996,mid_30_70,0.0512690574796836,0.07264740481723296,0.9978652820119452,0.7057245555937859,0.7266770053532401
GBSA-TCL_vs_C0,TCL,85004,atomic_numbers,0.55,0.44999999999999996,mid_30_70,0.8549157991478413,0.06789966357734246,0.9977840426013127,12.590869440377014,12.733462178838156
GBSA-TCL_vs_C0,TCL,85004,pos,0.55,0.44999999999999996,mid_30_70,0.103282015677637,0.09897412419712105,0.997893933180488,1.0435254316768308,1.1193355274929053
GBSA-TCL_vs_C0,TCL,85004,cell,0.55,0.44999999999999996,mid_30_70,0.012445590806903285,0.026253961575528482,0.9997836823330525,0.4740462033167564,0.4663488237287575
GBSA-TCL_vs_C0,TCL,85005,atomic_numbers,0.55,0.44999999999999996,mid_30_70,0.6906934811314732,0.0642810781525561,0.998183712009335,10.744895713980933,10.966310050010545
GBSA-TCL_vs_C0,TCL,85005,pos,0.55,0.44999999999999996,mid_30_70,0.07514412875723954,0.10635149976712915,0.9944700557512179,0.7065638841180206,0.714507816194432
GBSA-TCL_vs_C0,TCL,85005,cell,0.55,0.44999999999999996,mid_30_70,0.02871297997714061,0.01428119012096907,0.9999676478003878,2.0105453210780624,2.034205480322057
GBSA-TCL_vs_C0,TCL,85006,atomic_numbers,0.55,0.44999999999999996,mid_30_70,0.8384125738610276,0.06255127865215393,0.9980510781231786,13.403604081755367,13.435314606294567
GBSA-TCL_vs_C0,TCL,85006,pos,0.55,0.44999999999999996,mid_30_70,0.05983995214949352,0.06588886038003759,0.9998217606480339,0.9081952822426305,0.9653641638736237
GBSA-TCL_vs_C0,TCL,85006,cell,0.55,0.44999999999999996,mid_30_70,0.01189856210540689,0.009915949894665457,0.9999606349694048,1.1999417334498663,1.2052065342842602
GBSA-TCL_vs_C0,TCL,85007,atomic_numbers,0.55,0.44999999999999996,mid_30_70,0.7065532122573003,0.07745876778302314,0.997334677959356,9.121668630677048,8.860136835731566
GBSA-TCL_vs_C0,TCL,85007,pos,0.55,0.44999999999999996,mid_30_70,0.044537083017244,0.05089368425580821,0.9997731185418701,0.8751003915021388,0.9153505708740867
GBSA-TCL_vs_C0,TCL,85007,cell,0.55,0.44999999999999996,mid_30_70,0.04434571526650734,0.10526005520561921,0.9953632778449237,0.421296712982723,0.4373545572099404
GBSA-TCL_vs_C0,TCL,85008,atomic_numbers,0.55,0.44999999999999996,mid_30_70,0.5819958662977778,0.04638985980009558,0.9989236632932645,12.545756094235465,12.541160825681125
GBSA-TCL_vs_C0,TCL,85008,pos,0.55,0.44999999999999996,mid_30_70,0.04374957813154058,0.05130368114139161,0.9996884023017488,0.8527570957524058,0.8907132548677072
GBSA-TCL_vs_C0,TCL,85008,cell,0.55,0.44999999999999996,mid_30_70,0.013362932720291503,0.017022384218750485,0.9998810139028699,0.7850212137481879,0.7905779712383961
GBSA-TCL_vs_C0,TCL,85009,atomic_numbers,0.55,0.44999999999999996,mid_30_70,0.7880638340680735,0.06649393690082063,0.9978601731780886,11.851664539633353,11.969689021443108
GBSA-TCL_vs_C0,TCL,85009,pos,0.55,0.44999999999999996,mid_30_70,0.09158792464766116,0.10215614365506312,0.9975073543896907,0.8965483755623523,0.9605417653434495
GBSA-TCL_vs_C0,TCL,85009,cell,0.55,0.44999999999999996,mid_30_70,0.048883419020520354,0.05863146690379197,0.9984054832996156,0.8337403377734495,0.8191978372050519
GBSA-TCL_vs_C0,TCL,85010,atomic_numbers,0.55,0.44999999999999996,mid_30_70,1.0224177727220947,0.10141086083513033,0.9951993138586129,10.081935645771711,9.765682673739366
GBSA-TCL_vs_C0,TCL,85010,pos,0.55,0.44999999999999996,mid_30_70,0.12461318002767581,0.2623477570571925,0.9800977136408452,0.4749923590942301,0.5470079024554334
GBSA-TCL_vs_C0,TCL,85010,cell,0.55,0.44999999999999996,mid_30_70,0.03910184157965004,0.03540481685454341,0.9993811369085549,1.1044215181311468,1.108177458702127
GBSA-TCL_vs_C0,TCL,85011,atomic_numbers,0.55,0.44999999999999996,mid_30_70,0.8668717813588143,0.09025103631196062,0.9965430962306631,9.605117201783655,9.233219832724558
GBSA-TCL_vs_C0,TCL,85011,pos,0.55,0.44999999999999996,mid_30_70,0.10695697668955699,0.15960646747448062,0.9918499043690261,0.6701293398819086,0.7290854438575968
GBSA-TCL_vs_C0,TCL,85011,cell,0.55,0.44999999999999996,mid_30_70,0.030116126930178806,0.029080067270139967,0.9996485397853828,1.0356278288634735,1.0476418051510723
GBSA-TCL_vs_C0,TCL,85012,atomic_numbers,0.55,0.44999999999999996,mid_30_70,0.7979674516368584,0.05309160121315494,0.9986642813625968,15.030012909822352,15.193441736184349
GBSA-TCL_vs_C0,TCL,85012,pos,0.55,0.44999999999999996,mid_30_70,0.11762158388296864,0.13163536302980916,0.9933439720559878,0.8935409237739023,0.9445290572047015
GBSA-TCL_vs_C0,TCL,85012,cell,0.55,0.44999999999999996,mid_30_70,0.020816145188261703,0.02845808923572342,0.9997356996618244,0.7314667199135496,0.7435422514292062
GBSA-TCL_vs_C0,TCL,85013,atomic_numbers,0.55,0.44999999999999996,mid_30_70,0.79511844189712,0.05823712341999701,0.9983028403033732,13.65312012687939,13.62515050563487
GBSA-TCL_vs_C0,TCL,85013,pos,0.55,0.44999999999999996,mid_30_70,0.14561545998742287,0.15915167990723325,0.9892779573047777,0.9149476780408449,0.9630049114674524
GBSA-TCL_vs_C0,TCL,85013,cell,0.55,0.44999999999999996,mid_30_70,0.017328500054400748,0.02707834609129696,0.9997586978882863,0.6399393816733203,0.6499172634556469
GBSA-TCL_vs_C0,TCL,85014,atomic_numbers,0.55,0.44999999999999996,mid_30_70,1.114089833484348,0.08680020292966203,0.9972936573168933,12.835106323278344,12.208156297264308
GBSA-TCL_vs_C0,TCL,85014,pos,0.55,0.44999999999999996,mid_30_70,0.0886230197704074,0.09437984083500332,0.9956399553038814,0.9390037002217441,0.948402368229898
GBSA-TCL_vs_C0,TCL,85014,cell,0.55,0.44999999999999996,mid_30_70,0.04905383279018471,0.05910268827464244,0.9989170035297729,0.8299763381698981,0.85932675775253
GBSA-TCL_vs_C0,TCL,85015,atomic_numbers,0.55,0.44999999999999996,mid_30_70,0.6451271525498656,0.054903556444635696,0.9985214463450925,11.75018877329753,11.8234362792286
GBSA-TCL_vs_C0,TCL,85015,pos,0.55,0.44999999999999996,mid_30_70,0.048078507271869936,0.055534217745350355,0.9996866906346754,0.8657456469870839,0.9083924152717301
GBSA-TCL_vs_C0,TCL,85015,cell,0.55,0.44999999999999996,mid_30_70,0.01842814329205207,0.020100859280100077,0.999958442815048,0.9167838566133338,0.9331695483449842
GBSA-TCL_vs_C0,TCL,85016,atomic_numbers,0.55,0.44999999999999996,mid_30_70,0.7175744557536659,0.05067937099808126,0.9991276922728985,14.159103430483261,14.5533292363113
GBSA-TCL_vs_C0,TCL,85016,pos,0.55,0.44999999999999996,mid_30_70,0.0339932889461958,0.05183927722041152,0.9998889876088276,0.6557438831884613,0.6882299315628192
GBSA-TCL_vs_C0,TCL,85016,cell,0.55,0.44999999999999996,mid_30_70,0.021662796873200253,0.021850852749515037,0.9999293921164546,0.9913936596218671,1.0095029372735163
GBSA-TCL_vs_C0,TCL,85017,atomic_numbers,0.55,0.44999999999999996,mid_30_70,0.632226304322335,0.051058300164463825,0.9987275795387284,12.382439334757953,12.46553256864454
GBSA-TCL_vs_C0,TCL,85017,pos,0.55,0.44999999999999996,mid_30_70,0.054302089508066004,0.0655291020076728,0.9985101461809871,0.8286713512678349,0.857504795306817
GBSA-TCL_vs_C0,TCL,85017,cell,0.55,0.44999999999999996,mid_30_70,0.019216346052770554,0.010529808649338317,0.9999900094904599,1.8249473179152302,1.842328018155432
GBSA-TCL_vs_C0,TCL,85018,atomic_numbers,0.55,0.44999999999999996,mid_30_70,0.7063993137731615,0.062470964543331446,0.9980656057379305,11.307642181243816,11.216454862937605
GBSA-TCL_vs_C0,TCL,85018,pos,0.55,0.44999999999999996,mid_30_70,0.040094474276889794,0.058344784467133426,0.9994692199748192,0.6871989440542996,0.7200965776017328
GBSA-TCL_vs_C0,TCL,85018,cell,0.55,0.44999999999999996,mid_30_70,0.026831885544980245,0.03263844827222857,0.9996684787913388,0.822094399867992,0.838311682349093
GBSA-TCL_vs_C0,TCL,85019,atomic_numbers,0.55,0.44999999999999996,mid_30_70,0.7705403048530127,0.06537177463220009,0.9983161709468306,11.787048908925737,12.122507472835997
GBSA-TCL_vs_C0,TCL,85019,pos,0.55,0.44999999999999996,mid_30_70,0.08480634928142644,0.08374808323981908,0.9981724311459028,1.0126363016402051,1.0695005915038125
GBSA-TCL_vs_C0,TCL,85019,cell,0.55,0.44999999999999996,mid_30_70,0.012740653142790222,0.015911683692952962,0.9999396622616239,0.8007105588978533,0.8098794588263605
GBSA-TCL_vs_C0,TCL,85020,atomic_numbers,0.55,0.44999999999999996,mid_30_70,1.4873611372381437,0.1412117077514723,0.9951022295053114,10.532845759898663,9.419100647962265
GBSA-TCL_vs_C0,TCL,85020,pos,0.55,0.44999999999999996,mid_30_70,0.06753320472047303,0.06683600462738348,0.9997684208881067,1.0104315046504724,1.0741343301672865
GBSA-TCL_vs_C0,TCL,85020,cell,0.55,0.44999999999999996,mid_30_70,0.0200518541608525,0.023957633605059404,0.9997609033311948,0.8369714009073885,0.844964718208282
GBSA-TCL_vs_C0,TCL,85021,atomic_numbers,0.55,0.44999999999999996,mid_30_70,0.7675813434787709,0.0650340435248829,0.9981227278186598,11.802762090059561,12.038761101131753
GBSA-TCL_vs_C0,TCL,85021,pos,0.55,0.44999999999999996,mid_30_70,0.05400539539298904,0.06474973611293218,0.9991754936300505,0.8340635597154624,0.8754460498115003
GBSA-TCL_vs_C0,TCL,85021,cell,0.55,0.44999999999999996,mid_30_70,0.12720381577826423,0.14749645268272477,0.9890644132836092,0.8624194918903481,0.8513482034517716
GBSA-TCL_vs_C0,TCL,85022,atomic_numbers,0.55,0.44999999999999996,mid_30_70,0.5729307314715866,0.04513409079070776,0.9989810304141892,12.693968604094314,12.67556983981438
GBSA-TCL_vs_C0,TCL,85022,pos,0.55,0.44999999999999996,mid_30_70,0.0643685777468769,0.061709507563703705,0.9997596247784291,1.0430901215737007,1.103008337336091
GBSA-TCL_vs_C0,TCL,85022,cell,0.55,0.44999999999999996,mid_30_70,0.013398128179750416,0.009323147500577009,0.9999920427827738,1.4370820775839068,1.4491802832593532
GBSA-TCL_vs_C0,TCL,85023,atomic_numbers,0.55,0.44999999999999996,mid_30_70,0.6956636744125504,0.05917766584825305,0.9982599043477526,11.755510536634098,11.793635451769719
GBSA-TCL_vs_C0,TCL,85023,pos,0.55,0.44999999999999996,mid_30_70,0.0920878803195258,0.14891044170410336,0.9905325935565731,0.6184111689260285,0.6482379318616062
GBSA-TCL_vs_C0,TCL,85023,cell,0.55,0.44999999999999996,mid_30_70,0.06239653061377835,0.054768984934046784,0.9985153127144407,1.139267610836986,1.1440681246019573
GBSA-TCL_vs_C0,TCL,85024,atomic_numbers,0.55,0.44999999999999996,mid_30_70,0.7017081895799846,0.08365081732981289,0.9964951301170297,8.388539550227419,8.359641206482687
GBSA-TCL_vs_C0,TCL,85024,pos,0.55,0.44999999999999996,mid_30_70,0.025594585999350213,0.05218308676092906,0.9999729427762172,0.4904766580139065,0.5158023854638278
GBSA-TCL_vs_C0,TCL,85024,cell,0.55,0.44999999999999996,mid_30_70,0.019125337629490338,0.019872209343733033,0.9998870024644999,0.9624162718234329,0.9748160599789252
GBSA-TCL_vs_C0,TCL,85025,atomic_numbers,0.55,0.44999999999999996,mid_30_70,0.857011412274037,0.06191602227239377,0.9984733351676333,13.841512759067362,14.207596300252105
GBSA-TCL_vs_C0,TCL,85025,pos,0.55,0.44999999999999996,mid_30_70,0.04960816421793815,0.06592911059898679,0.9997349203684646,0.7524470414848966,0.7987324838540538
GBSA-TCL_vs_C0,TCL,85025,cell,0.55,0.44999999999999996,mid_30_70,0.03363057177805384,0.08976207652638525,0.9967459239963832,0.37466347793511945,0.3882407385303341
GBSA-TCL_vs_C0,TCL,85026,atomic_numbers,0.55,0.44999999999999996,mid_30_70,0.6991673332170486,0.04457186466923757,0.999013197185792,15.686293100041594,15.729546938679874
GBSA-TCL_vs_C0,TCL,85026,pos,0.55,0.44999999999999996,mid_30_70,0.06891154003484351,0.07463399888982121,0.9989535489298451,0.9233263802007244,0.976816281550711
GBSA-TCL_vs_C0,TCL,85026,cell,0.55,0.44999999999999996,mid_30_70,0.021759681100494525,0.02076309621216375,0.9999233890263325,1.0479978938664716,1.065387767905414
GBSA-TCL_vs_C0,TCL,85027,atomic_numbers,0.55,0.44999999999999996,mid_30_70,0.7167388417271189,0.08161966894834419,0.9969692118725008,8.781447547658294,8.971608308317984
GBSA-TCL_vs_C0,TCL,85027,pos,0.55,0.44999999999999996,mid_30_70,0.09864683073623016,0.16407962468860907,0.991957151528556,0.6012131666161628,0.6591494041858024
GBSA-TCL_vs_C0,TCL,85027,cell,0.55,0.44999999999999996,mid_30_70,0.017989094029923006,0.023378726997010435,0.9997954044940293,0.7694642241309106,0.7783267974721683
GBSA-TCL_vs_C0,TCL,85028,atomic_numbers,0.55,0.44999999999999996,mid_30_70,0.5933362684182688,0.05514598120127304,0.9985004884184531,10.75937458167073,10.671624536062453
GBSA-TCL_vs_C0,TCL,85028,pos,0.55,0.44999999999999996,mid_30_70,0.25945788875588105,0.28875928537456247,0.95759529611728,0.8985265648490809,0.8777240978487683
GBSA-TCL_vs_C0,TCL,85028,cell,0.55,0.44999999999999996,mid_30_70,0.031454163439902365,0.0281081757394396,0.9996413144093779,1.1190396606126198,1.1281880214664115
GBSA-TCL_vs_C0,TCL,85029,atomic_numbers,0.55,0.44999999999999996,mid_30_70,0.7586973349157546,0.05852665825926217,0.9986012390679749,12.963277888767662,13.270470538885474
GBSA-TCL_vs_C0,TCL,85029,pos,0.55,0.44999999999999996,mid_30_70,0.05445017122609536,0.08120501120220289,0.9994350236701351,0.6705272300315657,0.7197158298552122
GBSA-TCL_vs_C0,TCL,85029,cell,0.55,0.44999999999999996,mid_30_70,0.009519167384549748,0.023183806623363487,0.9997322866425044,0.41059553071654786,0.4098858237361754
GBSA-TCL_vs_C0,TCL,85030,atomic_numbers,0.55,0.44999999999999996,mid_30_70,1.2706823168726216,0.09885086957714748,0.9964893459520703,12.854538582292655,13.48504008441816
GBSA-TCL_vs_C0,TCL,85030,pos,0.55,0.44999999999999996,mid_30_70,0.047900991908298746,0.059318661897134806,0.9998001984575605,0.8075197648821618,0.8524578071365289
GBSA-TCL_vs_C0,TCL,85030,cell,0.55,0.44999999999999996,mid_30_70,0.0175692049498063,0.03782259175324622,0.9992914919225901,0.4645161564925909,0.46592722967344163
GBSA-TCL_vs_C0,TCL,85031,atomic_numbers,0.55,0.44999999999999996,mid_30_70,0.7624832184320687,0.04629551054000477,0.9989924066341698,16.469917051097074,16.64045889723187
GBSA-TCL_vs_C0,TCL,85031,pos,0.55,0.44999999999999996,mid_30_70,0.06572738329641875,0.06546534098524368,0.9998634138186556,1.0040027640157583,1.0674639336990346
GBSA-TCL_vs_C0,TCL,85031,cell,0.55,0.44999999999999996,mid_30_70,0.03112395662283448,0.03695275832871395,0.9995382070157836,0.8422634203912667,0.859584720031125
GBSA-TCL_vs_C0,C0,85000,atomic_numbers,0.65,0.35,mid_30_70,0.6959169138593411,0.04955217618826689,0.9988832564828252,14.044124141294978,13.81863315885745
GBSA-TCL_vs_C0,C0,85000,pos,0.65,0.35,mid_30_70,0.07099490518385777,0.08026006607188632,0.9979099229365759,0.8845607617650098,0.924818284995918
GBSA-TCL_vs_C0,C0,85000,cell,0.65,0.35,mid_30_70,0.010990745582722892,0.016226179864100736,0.9998951595359433,0.6773464656976429,0.6822353204939476
GBSA-TCL_vs_C0,C0,85001,atomic_numbers,0.65,0.35,mid_30_70,0.6436676760255498,0.050263621330548534,0.9987536554629525,12.8058356916347,12.713795254664875
GBSA-TCL_vs_C0,C0,85001,pos,0.65,0.35,mid_30_70,0.040369415604681685,0.05033677610220957,0.9998687223782629,0.8019865142477737,0.8401020358736433
GBSA-TCL_vs_C0,C0,85001,cell,0.65,0.35,mid_30_70,0.01361239998400324,0.010552158395643352,0.9999856987387431,1.2900109601864358,1.3017270547325828
GBSA-TCL_vs_C0,C0,85002,atomic_numbers,0.65,0.35,mid_30_70,0.6599121796237338,0.049945447759470324,0.9987676877559993,13.21265919572432,13.270464469848044
GBSA-TCL_vs_C0,C0,85002,pos,0.65,0.35,mid_30_70,0.07264626599075333,0.08571335155096954,0.9974562836883951,0.8475490069660166,0.885736918501939
GBSA-TCL_vs_C0,C0,85002,cell,0.65,0.35,mid_30_70,0.014595058442879873,0.011891208072217125,0.9999666041242304,1.2273823108839617,1.2379431051423342
GBSA-TCL_vs_C0,C0,85003,atomic_numbers,0.65,0.35,mid_30_70,0.5130888711100994,0.03768755019730992,0.9992914678119621,13.61428027090822,13.578133151286833
GBSA-TCL_vs_C0,C0,85003,pos,0.65,0.35,mid_30_70,0.04366082763873359,0.05201876107361325,0.999736999715168,0.8393284795258368,0.878296557881434
GBSA-TCL_vs_C0,C0,85003,cell,0.65,0.35,mid_30_70,0.006306158582667062,0.007648923181325695,0.9999742586057758,0.8244505054074935,0.8266142945105905
GBSA-TCL_vs_C0,C0,85004,atomic_numbers,0.65,0.35,mid_30_70,0.5630107470570725,0.03904945858948469,0.9992588225198485,14.417888682550933,14.312598043917976
GBSA-TCL_vs_C0,C0,85004,pos,0.65,0.35,mid_30_70,0.05605482969152236,0.05300340417615352,0.9994856410613713,1.0575703685979794,1.1016567137059543
GBSA-TCL_vs_C0,C0,85004,cell,0.65,0.35,mid_30_70,0.015469700482421713,0.01644742212637896,0.9999897972589652,0.9405547181531176,0.9554199380367742
GBSA-TCL_vs_C0,C0,85005,atomic_numbers,0.65,0.35,mid_30_70,0.5169849865748442,0.04609481171535034,0.9989380394543227,11.215687131284662,11.188161570900606
GBSA-TCL_vs_C0,C0,85005,pos,0.65,0.35,mid_30_70,0.08659277190397444,0.09093110625534914,0.9961869405188657,0.9522898760387675,0.9730657352517554
GBSA-TCL_vs_C0,C0,85005,cell,0.65,0.35,mid_30_70,0.01727649390040361,0.04035499037516227,0.999358035749935,0.4281129481085681,0.4357900621611817
GBSA-TCL_vs_C0,C0,85006,atomic_numbers,0.65,0.35,mid_30_70,0.6747065013843365,0.0572945616023358,0.9983575500379038,11.776100253061887,11.764784568425826
GBSA-TCL_vs_C0,C0,85006,pos,0.65,0.35,mid_30_70,0.05353090732240752,0.05093656691761771,0.9995764506983411,1.0509327691633745,1.0944213464088415
GBSA-TCL_vs_C0,C0,85006,cell,0.65,0.35,mid_30_70,0.013811998455489418,0.013253064751520917,0.999956725634571,1.0421739208588983,1.051966019560262
GBSA-TCL_vs_C0,C0,85007,atomic_numbers,0.65,0.35,mid_30_70,0.8263820919812688,0.06687130620343605,0.9980998378571898,12.357797968941226,12.655394933860741
GBSA-TCL_vs_C0,C0,85007,pos,0.65,0.35,mid_30_70,0.04576247551309053,0.05532186563674701,0.9999588323444454,0.8272041260064315,0.8723128013325079
GBSA-TCL_vs_C0,C0,85007,cell,0.65,0.35,mid_30_70,0.015216083004731358,0.015765729908318635,0.9999624533536602,0.965136602822476,0.9778118538590188
GBSA-TCL_vs_C0,C0,85008,atomic_numbers,0.65,0.35,mid_30_70,0.6051511340186052,0.05095281842817414,0.9987458854671203,11.876695984377378,11.749421440020658
GBSA-TCL_vs_C0,C0,85008,pos,0.65,0.35,mid_30_70,0.05208873672372299,0.0531752716883761,0.9994900409112732,0.9795669127744087,1.0207185703737232
GBSA-TCL_vs_C0,C0,85008,cell,0.65,0.35,mid_30_70,0.01347427107536803,0.0210938628468815,0.999917869162862,0.6387768410734715,0.6494264374620905
GBSA-TCL_vs_C0,C0,85009,atomic_numbers,0.65,0.35,mid_30_70,0.7533617681425784,0.06168242837722165,0.998712413612285,12.213555593748042,12.626385669464584
GBSA-TCL_vs_C0,C0,85009,pos,0.65,0.35,mid_30_70,0.054133928625973805,0.056081991382615305,0.9998549812679006,0.9652640231094688,1.0167017876495261
GBSA-TCL_vs_C0,C0,85009,cell,0.65,0.35,mid_30_70,0.01877297252877503,0.03236098181175335,0.999662419092812,0.5801113401929227,0.591107074190984
GBSA-TCL_vs_C0,C0,85010,atomic_numbers,0.65,0.35,mid_30_70,0.7191085706021028,0.05441260216835858,0.9985291981232426,13.2158459979014,13.135427639366066
GBSA-TCL_vs_C0,C0,85010,pos,0.65,0.35,mid_30_70,0.03650504877907804,0.05650603651437967,0.9999353949599091,0.6460380347113572,0.681755108128802
GBSA-TCL_vs_C0,C0,85010,cell,0.65,0.35,mid_30_70,0.01694149263137149,0.016264932591550343,0.9999162287668498,1.0415962400097878,1.0517681828462695
GBSA-TCL_vs_C0,C0,85011,atomic_numbers,0.65,0.35,mid_30_70,0.6281878360254051,0.03995805402959012,0.9992275654949925,15.721181906411502,15.595264609808247
GBSA-TCL_vs_C0,C0,85011,pos,0.65,0.35,mid_30_70,0.036783045206812394,0.04135884232169825,0.9998557560798842,0.8893635107265748,0.922773627007979
GBSA-TCL_vs_C0,C0,85011,cell,0.65,0.35,mid_30_70,0.01466806873847626,0.019285906226726726,0.9998857035971684,0.7605589577195501,0.7695786363421482
GBSA-TCL_vs_C0,C0,85012,atomic_numbers,0.65,0.35,mid_30_70,0.6233336904271538,0.04507527574087165,0.9989847973292464,13.828727172088074,13.836137356531037
GBSA-TCL_vs_C0,C0,85012,pos,0.65,0.35,mid_30_70,0.047137310133269085,0.05104652698075987,0.999228410805522,0.923418554038667,0.952815232803082
GBSA-TCL_vs_C0,C0,85012,cell,0.65,0.35,mid_30_70,0.03927104833995191,0.030382098463522945,0.9996230785736971,1.2925719527603114,1.308906630146262
GBSA-TCL_vs_C0,C0,85013,atomic_numbers,0.65,0.35,mid_30_70,0.5595967302441006,0.045795023875512014,0.998964374557161,12.219596866360277,12.14344017938343
GBSA-TCL_vs_C0,C0,85013,pos,0.65,0.35,mid_30_70,0.062203371052237395,0.06284536381235153,0.9992756329237914,0.9897845645061257,1.0385699908119486
GBSA-TCL_vs_C0,C0,85013,cell,0.65,0.35,mid_30_70,0.013734631213162585,0.022091500419252213,0.9997591739660205,0.6217156350862065,0.6231436863815116
GBSA-TCL_vs_C0,C0,85014,atomic_numbers,0.65,0.35,mid_30_70,0.6814325782177729,0.05705561450483632,0.9985241475331577,11.943304513178303,12.134537757907909
GBSA-TCL_vs_C0,C0,85014,pos,0.65,0.35,mid_30_70,0.047727400220334594,0.05070864845190631,0.9995621863119047,0.941208288475698,0.9795567596076233
GBSA-TCL_vs_C0,C0,85014,cell,0.65,0.35,mid_30_70,0.05034283488556733,0.11511088360408446,0.9957380860301677,0.43734209406920943,0.4656035637467375
GBSA-TCL_vs_C0,C0,85015,atomic_numbers,0.65,0.35,mid_30_70,0.6983795734894255,0.05253126946460034,0.998809053437324,13.294549715004473,13.53755419334275
GBSA-TCL_vs_C0,C0,85015,pos,0.65,0.35,mid_30_70,0.04214438434857355,0.03676983881191791,0.9999794544167327,1.1461672313590245,1.1876426977216488
GBSA-TCL_vs_C0,C0,85015,cell,0.65,0.35,mid_30_70,0.00940992800933334,0.013278523033093239,0.999960479940162,0.7086577314270239,0.7156192827929901
GBSA-TCL_vs_C0,C0,85016,atomic_numbers,0.65,0.35,mid_30_70,0.7529024684295347,0.05046180786137416,0.9989292729855349,14.92024365234528,15.204934740358311
GBSA-TCL_vs_C0,C0,85016,pos,0.65,0.35,mid_30_70,0.04170566225563477,0.04346013980919431,0.9999343880146635,0.9596301907618722,0.9997981033825543
GBSA-TCL_vs_C0,C0,85016,cell,0.65,0.35,mid_30_70,0.018599337898829362,0.0200393595615295,0.9998101020579401,0.9281403351100793,0.9322992148281893
GBSA-TCL_vs_C0,C0,85017,atomic_numbers,0.65,0.35,mid_30_70,0.5183379139695932,0.0416634262094439,0.9991606940373641,12.441077489976108,12.525329786040308
GBSA-TCL_vs_C0,C0,85017,pos,0.65,0.35,mid_30_70,0.03858467836746902,0.0508252821968914,0.9993401548237046,0.7591630916675748,0.7856520308236296
GBSA-TCL_vs_C0,C0,85017,cell,0.65,0.35,mid_30_70,0.013001032209646303,0.01152106441039769,0.9999822976771118,1.1284575579590503,1.1395705227990411
GBSA-TCL_vs_C0,C0,85018,atomic_numbers,0.65,0.35,mid_30_70,0.663095273771772,0.05640369030442349,0.998438547061061,11.756239178551908,11.829632665492309
GBSA-TCL_vs_C0,C0,85018,pos,0.65,0.35,mid_30_70,0.061530418561049155,0.08656272891342078,0.9987532582397215,0.7108188400875312,0.7602010297077006
GBSA-TCL_vs_C0,C0,85018,cell,0.65,0.35,mid_30_70,0.024396112204958194,0.026505929486930046,0.9999204905677475,0.9204020638849059,0.941787317752022
GBSA-TCL_vs_C0,C0,85019,atomic_numbers,0.65,0.35,mid_30_70,0.5812695553816395,0.048855241883433875,0.998851284114604,11.897793009980779,11.997450313392184
GBSA-TCL_vs_C0,C0,85019,pos,0.65,0.35,mid_30_70,0.06721460624249496,0.07117840232718216,0.9986388497156173,0.9443118143272308,0.9887638937833211
GBSA-TCL_vs_C0,C0,85019,cell,0.65,0.35,mid_30_70,0.016624120315305035,0.01415218922877671,0.9999614512974648,1.1746677525694726,1.1876601471912038
GBSA-TCL_vs_C0,C0,85020,atomic_numbers,0.65,0.35,mid_30_70,0.8459021241450955,0.08160089138970945,0.9968540907602027,10.36633435908484,10.132502744944343
GBSA-TCL_vs_C0,C0,85020,pos,0.65,0.35,mid_30_70,0.05197809518368244,0.11289454567769171,0.9945502365762666,0.46041281154607155,0.4778419989144486
GBSA-TCL_vs_C0,C0,85020,cell,0.65,0.35,mid_30_70,0.026464481084273638,0.02234161748798281,0.9998540140002226,1.184537381794691,1.201415096332714
GBSA-TCL_vs_C0,C0,85021,atomic_numbers,0.65,0.35,mid_30_70,0.6254099468257035,0.042828782262441474,0.9991274823533556,14.602561963900492,14.451265368450258
GBSA-TCL_vs_C0,C0,85021,pos,0.65,0.35,mid_30_70,0.033618700272294674,0.0428181747375344,0.9999039763318284,0.7851502423531503,0.8168841721580533
GBSA-TCL_vs_C0,C0,85021,cell,0.65,0.35,mid_30_70,0.010665866462720332,0.012674749497729077,0.9999497331376447,0.8415051094012804,0.8479874907848768
GBSA-TCL_vs_C0,C0,85022,atomic_numbers,0.65,0.35,mid_30_70,0.6213340166207925,0.05284497533688973,0.9986981206323319,11.757674455513563,11.580074172235282
GBSA-TCL_vs_C0,C0,85022,pos,0.65,0.35,mid_30_70,0.04699576569721934,0.04847590950880769,0.9999430451394719,0.9694664045174972,1.0152538028185234
GBSA-TCL_vs_C0,C0,85022,cell,0.65,0.35,mid_30_70,0.015117961290354089,0.022145082950656567,0.9998643407682372,0.6826780158845991,0.6926905296278889
GBSA-TCL_vs_C0,C0,85023,atomic_numbers,0.65,0.35,mid_30_70,0.6062662268752319,0.047622482118561724,0.9989247837625266,12.730672571115914,12.578328431896272
GBSA-TCL_vs_C0,C0,85023,pos,0.65,0.35,mid_30_70,0.04193797165314164,0.04744735826418224,0.9995453293996979,0.8838842284882358,0.9158633799244692
GBSA-TCL_vs_C0,C0,85023,cell,0.65,0.35,mid_30_70,0.014597862162489513,0.011967259285530317,0.9999603019700612,1.219816652601475,1.229513090810374
GBSA-TCL_vs_C0,C0,85024,atomic_numbers,0.65,0.35,mid_30_70,0.9118649869164126,0.06688893042657632,0.9979771456906437,13.632524561255508,13.888462621359853
GBSA-TCL_vs_C0,C0,85024,pos,0.65,0.35,mid_30_70,0.022784073569747463,0.043192659710882375,0.9999109386920262,0.5274987398844305,0.5491209253730308
GBSA-TCL_vs_C0,C0,85024,cell,0.65,0.35,mid_30_70,0.05072643009310893,0.0932724732823857,0.9956415350774728,0.543852095993347,0.5422155620237883
GBSA-TCL_vs_C0,C0,85025,atomic_numbers,0.65,0.35,mid_30_70,0.7044551903230053,0.04260273569960006,0.9991270030080251,16.53544493692265,16.38290023606525
GBSA-TCL_vs_C0,C0,85025,pos,0.65,0.35,mid_30_70,0.04288532141047126,0.04802858272219852,0.9995883136156363,0.8929124904335333,0.9269369944304479
GBSA-TCL_vs_C0,C0,85025,cell,0.65,0.35,mid_30_70,0.017242889234382615,0.015355738361495938,0.9999873533562927,1.1228954823571788,1.1391731589156056
GBSA-TCL_vs_C0,C0,85026,atomic_numbers,0.65,0.35,mid_30_70,0.654167128144801,0.06178475566128946,0.9982263659933435,10.587840336069531,10.394046656660063
GBSA-TCL_vs_C0,C0,85026,pos,0.65,0.35,mid_30_70,0.0556140803443771,0.05567563640425708,0.998832977736853,0.9988943806688976,1.0253944870755916
GBSA-TCL_vs_C0,C0,85026,cell,0.65,0.35,mid_30_70,0.006255923536486591,0.006622860677958148,0.9999802133408446,0.9445953705937409,0.9465330092284365
GBSA-TCL_vs_C0,C0,85027,atomic_numbers,0.65,0.35,mid_30_70,0.5573851791191112,0.046684373527314284,0.9989098242918475,11.939437910481853,11.932600393921424
GBSA-TCL_vs_C0,C0,85027,pos,0.65,0.35,mid_30_70,0.09473124750309267,0.11157616212135252,0.993979376731784,0.8490276570013316,0.8618109653140643
GBSA-TCL_vs_C0,C0,85027,cell,0.65,0.35,mid_30_70,0.046680636436230084,0.07860791860865095,0.997991908218823,0.5938413999819707,0.62029319377769
GBSA-TCL_vs_C0,C0,85028,atomic_numbers,0.65,0.35,mid_30_70,0.738396161804799,0.06327082914308231,0.997996897702958,11.670404383906062,11.63532407128189
GBSA-TCL_vs_C0,C0,85028,pos,0.65,0.35,mid_30_70,0.07925635832301905,0.06773929988064556,0.9993683955587287,1.1700203347638103,1.2367561525663586
GBSA-TCL_vs_C0,C0,85028,cell,0.65,0.35,mid_30_70,0.022476590505329058,0.018217428024914738,0.99998390145766,1.2337960372116938,1.2551346724396863
GBSA-TCL_vs_C0,C0,85029,atomic_numbers,0.65,0.35,mid_30_70,0.6446650211606549,0.04842726380574993,0.9988268365563018,13.312026542455857,13.303056111600236
GBSA-TCL_vs_C0,C0,85029,pos,0.65,0.35,mid_30_70,0.047546031910541915,0.04272731297508674,0.9999399165721953,1.1127784220427075,1.158666213074772
GBSA-TCL_vs_C0,C0,85029,cell,0.65,0.35,mid_30_70,0.013860294705842673,0.01934952784750956,0.9999436183079529,0.7163117785133245,0.7278580313167311
GBSA-TCL_vs_C0,C0,85030,atomic_numbers,0.65,0.35,mid_30_70,0.5934011698184867,0.046500831468029274,0.9989292604307063,12.76108729854579,12.687575940958522
GBSA-TCL_vs_C0,C0,85030,pos,0.65,0.35,mid_30_70,0.0381251385565227,0.03876809670790713,0.9999747418569161,0.9834152768388732,1.0208693946691507
GBSA-TCL_vs_C0,C0,85030,cell,0.65,0.35,mid_30_70,0.012325191487708604,0.016370957836974613,0.9999115087112048,0.7528692951533693,0.7599859104826296
GBSA-TCL_vs_C0,C0,85031,atomic_numbers,0.65,0.35,mid_30_70,0.6271082731850962,0.052883223662904155,0.9986167175819061,11.858359414367396,11.774891737759697
GBSA-TCL_vs_C0,C0,85031,pos,0.65,0.35,mid_30_70,0.05476007604802883,0.05306313263390721,0.9993624232905931,1.0319797066228478,1.0718320262957663
GBSA-TCL_vs_C0,C0,85031,cell,0.65,0.35,mid_30_70,0.020647021392307882,0.018634491178721437,0.9999447309390878,1.1080002772431232,1.1249860183650697
GBSA-TCL_vs_C0,TCL,85000,atomic_numbers,0.65,0.35,mid_30_70,0.6327191373909695,0.05992003224567471,0.9983060927854516,10.559392471566007,10.692864761819688
GBSA-TCL_vs_C0,TCL,85000,pos,0.65,0.35,mid_30_70,0.10873158131272903,0.11361036841546744,0.9946544501570305,0.9570568499091832,0.9972854673226073
GBSA-TCL_vs_C0,TCL,85000,cell,0.65,0.35,mid_30_70,0.043363541349154,0.0573039080466658,0.9993020896729037,0.7567292149401161,0.7890853396204744
GBSA-TCL_vs_C0,TCL,85001,atomic_numbers,0.65,0.35,mid_30_70,0.7270011722801312,0.061405161588248755,0.9981640759550271,11.839414692123523,11.698037993665128
GBSA-TCL_vs_C0,TCL,85001,pos,0.65,0.35,mid_30_70,0.11766466981753891,0.18608537259006408,0.9887618486251213,0.6323155236749735,0.6952732195567688
GBSA-TCL_vs_C0,TCL,85001,cell,0.65,0.35,mid_30_70,0.04539248610921282,0.045813701022105635,0.9989520659434155,0.9908059182407122,0.9917800172534174
GBSA-TCL_vs_C0,TCL,85002,atomic_numbers,0.65,0.35,mid_30_70,0.5893763929311191,0.05141205709569158,0.9988799848276767,11.463777686120059,11.68147795791623
GBSA-TCL_vs_C0,TCL,85002,pos,0.65,0.35,mid_30_70,0.10780483866599612,0.11783766357743089,0.9948765858118416,0.9148589287427427,0.9655576222031674
GBSA-TCL_vs_C0,TCL,85002,cell,0.65,0.35,mid_30_70,0.013768168876319311,0.008639019088108714,0.9999936058862298,1.5937190016480782,1.6062420168874714
GBSA-TCL_vs_C0,TCL,85003,atomic_numbers,0.65,0.35,mid_30_70,0.7201865287069525,0.06322706733644168,0.9980333461219328,11.390478145613196,11.273995518815791
GBSA-TCL_vs_C0,TCL,85003,pos,0.65,0.35,mid_30_70,0.07446245281865767,0.06892550732604466,0.9986360814919271,1.0803323139345364,1.127470767615221
GBSA-TCL_vs_C0,TCL,85003,cell,0.65,0.35,mid_30_70,0.013094415951925297,0.016320059542716432,0.9998762493586005,0.8023509912847882,0.8057360077389034
GBSA-TCL_vs_C0,TCL,85004,atomic_numbers,0.65,0.35,mid_30_70,0.6665712048424175,0.05093086762722334,0.9987288057693935,13.08776456983279,12.975684781298412
GBSA-TCL_vs_C0,TCL,85004,pos,0.65,0.35,mid_30_70,0.06868009104208463,0.07578561992121455,0.9990926393980024,0.9062417265106928,0.9622283074956677
GBSA-TCL_vs_C0,TCL,85004,cell,0.65,0.35,mid_30_70,0.02364667802750012,0.02044031609167179,0.9998751188192937,1.1568645964890305,1.171717471305632
GBSA-TCL_vs_C0,TCL,85005,atomic_numbers,0.65,0.35,mid_30_70,0.6013347900190456,0.050432268592358234,0.9989558872938876,11.923611743100592,11.656465742691449
GBSA-TCL_vs_C0,TCL,85005,pos,0.65,0.35,mid_30_70,0.055118366354025096,0.049743050044787365,0.9996028579808669,1.1080616549326576,1.1530419176187288
GBSA-TCL_vs_C0,TCL,85005,cell,0.65,0.35,mid_30_70,0.00796470669081897,0.007799647411517041,0.9999733124609375,1.021162402682229,1.0239242763193321
GBSA-TCL_vs_C0,TCL,85006,atomic_numbers,0.65,0.35,mid_30_70,0.7117258018261838,0.060918284295253096,0.9983587858616577,11.683287046901345,11.906748763732377
GBSA-TCL_vs_C0,TCL,85006,pos,0.65,0.35,mid_30_70,0.04200675534813648,0.04854613757606629,0.9999679786926448,0.865295519799421,0.9066998916251162
GBSA-TCL_vs_C0,TCL,85006,cell,0.65,0.35,mid_30_70,0.016495708826427872,0.01845441943382967,0.9999365124618175,0.8938622472289107,0.9068691825043239
GBSA-TCL_vs_C0,TCL,85007,atomic_numbers,0.65,0.35,mid_30_70,0.742128231884659,0.08415193425057467,0.9966536101498564,8.81890878081143,8.61302644844594
GBSA-TCL_vs_C0,TCL,85007,pos,0.65,0.35,mid_30_70,0.026019150448364184,0.03704280609307763,0.9998728809474936,0.7024076519199368,0.7258038698393411
GBSA-TCL_vs_C0,TCL,85007,cell,0.65,0.35,mid_30_70,0.027030108280791786,0.04782032471999681,0.998910529111642,0.5652430935812681,0.5705293637081947
GBSA-TCL_vs_C0,TCL,85008,atomic_numbers,0.65,0.35,mid_30_70,0.6002972930732203,0.04820931516215795,0.9989439633339788,12.451894225297474,12.256938405656225
GBSA-TCL_vs_C0,TCL,85008,pos,0.65,0.35,mid_30_70,0.044762652376276135,0.04845114724297364,0.999582540305896,0.9238718776213826,0.9594195718481574
GBSA-TCL_vs_C0,TCL,85008,cell,0.65,0.35,mid_30_70,0.016210058552214072,0.015926071365430866,0.9999367084420439,1.0178315907462043,1.0292402881611447
GBSA-TCL_vs_C0,TCL,85009,atomic_numbers,0.65,0.35,mid_30_70,0.5420201609030673,0.04727464635807919,0.9988823532957464,11.465345648438396,11.463088989988556
GBSA-TCL_vs_C0,TCL,85009,pos,0.65,0.35,mid_30_70,0.03473785140616005,0.03443575281061628,0.9998663979040942,1.0087728180999904,1.0392129267722887
GBSA-TCL_vs_C0,TCL,85009,cell,0.65,0.35,mid_30_70,0.024550410187151595,0.01802022086124857,0.9998880207384233,1.3623812036591525,1.3759056481430132
GBSA-TCL_vs_C0,TCL,85010,atomic_numbers,0.65,0.35,mid_30_70,0.719287964252439,0.07221923030816019,0.9974083339045063,9.95978441175889,9.871771732268552
GBSA-TCL_vs_C0,TCL,85010,pos,0.65,0.35,mid_30_70,0.07833683319508532,0.1136086472234329,0.9988039830590939,0.689532312104915,0.7594185491953975
GBSA-TCL_vs_C0,TCL,85010,cell,0.65,0.35,mid_30_70,0.02368533123589152,0.016808371165814545,0.9998606077908925,1.4091389940307588,1.4062114745396268
GBSA-TCL_vs_C0,TCL,85011,atomic_numbers,0.65,0.35,mid_30_70,0.5986171112338351,0.053707416562732486,0.9986036179691508,11.145892868159569,11.238203922284251
GBSA-TCL_vs_C0,TCL,85011,pos,0.65,0.35,mid_30_70,0.051863568183310844,0.06349372406809474,0.9994586146796359,0.8168298354604157,0.860745127008378
GBSA-TCL_vs_C0,TCL,85011,cell,0.65,0.35,mid_30_70,0.02069687129751055,0.029452233631029546,0.999885176159957,0.7027267118954692,0.7203931702078639
GBSA-TCL_vs_C0,TCL,85012,atomic_numbers,0.65,0.35,mid_30_70,0.629281883018829,0.04225128701669891,0.9991305853602623,14.893792058218706,14.983056112357925
GBSA-TCL_vs_C0,TCL,85012,pos,0.65,0.35,mid_30_70,0.0647838957781377,0.07386371061246755,0.9984034598930241,0.8770733996567287,0.9174177242153814
GBSA-TCL_vs_C0,TCL,85012,cell,0.65,0.35,mid_30_70,0.009499548875310073,0.013777325057388894,0.9999297087599153,0.689506042409545,0.6942957839380952
GBSA-TCL_vs_C0,TCL,85013,atomic_numbers,0.65,0.35,mid_30_70,0.5995583443623907,0.056370843453653424,0.9984465171855075,10.635965467774689,10.52849449361659
GBSA-TCL_vs_C0,TCL,85013,pos,0.65,0.35,mid_30_70,0.06760871505872725,0.0618992883905785,0.9992761628984066,1.0922373554946678,1.1447807342886842
GBSA-TCL_vs_C0,TCL,85013,cell,0.65,0.35,mid_30_70,0.020841687388725973,0.03393648952178763,0.9995025960692276,0.6141379878241492,0.6215306996635437
GBSA-TCL_vs_C0,TCL,85014,atomic_numbers,0.65,0.35,mid_30_70,0.6860987595176982,0.0721864981736356,0.9978619512132174,9.504530305201586,9.775513969676659
GBSA-TCL_vs_C0,TCL,85014,pos,0.65,0.35,mid_30_70,0.049809369486086136,0.049358791707261956,0.9994579028647593,1.0091286225460394,1.0456921349960056
GBSA-TCL_vs_C0,TCL,85014,cell,0.65,0.35,mid_30_70,0.04400175192620879,0.06675903770843623,0.9993412087128928,0.6591130345284825,0.6956104470884346
GBSA-TCL_vs_C0,TCL,85015,atomic_numbers,0.65,0.35,mid_30_70,0.7000359415921138,0.05879620859905954,0.9986251835816778,11.906140859621878,12.206853763836627
GBSA-TCL_vs_C0,TCL,85015,pos,0.65,0.35,mid_30_70,0.039686997269758675,0.038862368491519125,0.999910657138277,1.0212192105177404,1.0583934620630038
GBSA-TCL_vs_C0,TCL,85015,cell,0.65,0.35,mid_30_70,0.02253383490944814,0.03263362521884551,0.9997029564239274,0.6905097045863949,0.7052896811227495
GBSA-TCL_vs_C0,TCL,85016,atomic_numbers,0.65,0.35,mid_30_70,0.6128161517479834,0.04673570304853525,0.9991718782383338,13.112376871951001,13.403008300893209
GBSA-TCL_vs_C0,TCL,85016,pos,0.65,0.35,mid_30_70,0.07001467859351541,0.05250922006900466,0.9998704930305216,1.333378757130768,1.3998512884539605
GBSA-TCL_vs_C0,TCL,85016,cell,0.65,0.35,mid_30_70,0.022354480775024357,0.018204022464751453,0.999933507054929,1.227996769302469,1.245212223990457
GBSA-TCL_vs_C0,TCL,85017,atomic_numbers,0.65,0.35,mid_30_70,0.6853071150424527,0.062099083669627186,0.9980784086965167,11.035704144820393,10.969256895356153
GBSA-TCL_vs_C0,TCL,85017,pos,0.65,0.35,mid_30_70,0.05571234623278292,0.06028836761052176,0.9984497810210795,0.9240977727693491,0.9440726471573065
GBSA-TCL_vs_C0,TCL,85017,cell,0.65,0.35,mid_30_70,0.041279449561842374,0.03917952609853963,0.9994801765935134,1.0535974697095947,1.076506439635509
GBSA-TCL_vs_C0,TCL,85018,atomic_numbers,0.65,0.35,mid_30_70,0.6390742166709965,0.042483534159069615,0.9991085504713632,15.042868474127726,14.957714441846944
GBSA-TCL_vs_C0,TCL,85018,pos,0.65,0.35,mid_30_70,0.04630032090838544,0.052832845604754784,0.9998263115859185,0.8763548580131478,0.9195265213340096
GBSA-TCL_vs_C0,TCL,85018,cell,0.65,0.35,mid_30_70,0.01509465409166182,0.013080299201292514,0.9999388997821442,1.153999144772641,1.1619981778813118
GBSA-TCL_vs_C0,TCL,85019,atomic_numbers,0.65,0.35,mid_30_70,0.57419044464377,0.050222894302303776,0.9988518607873712,11.432842583455642,11.592112933885948
GBSA-TCL_vs_C0,TCL,85019,pos,0.65,0.35,mid_30_70,0.05681913861546325,0.06369708905872348,0.9988797555406882,0.8920209613202366,0.9290565705731813
GBSA-TCL_vs_C0,TCL,85019,cell,0.65,0.35,mid_30_70,0.0047569447833655095,0.005564536402765808,0.9999960173622388,0.8548681218081543,0.8589644142216376
GBSA-TCL_vs_C0,TCL,85020,atomic_numbers,0.65,0.35,mid_30_70,0.7252003801492882,0.05759922434056737,0.9986850332138594,12.590453924542292,12.243301677472667
GBSA-TCL_vs_C0,TCL,85020,pos,0.65,0.35,mid_30_70,0.07899942518957989,0.11404284531613354,0.9966342303054625,0.6927170658587902,0.7453052024092598
GBSA-TCL_vs_C0,TCL,85020,cell,0.65,0.35,mid_30_70,0.04248698128118139,0.032610926042701695,0.9994923461800087,1.3028449797944315,1.3112496053111111
GBSA-TCL_vs_C0,TCL,85021,atomic_numbers,0.65,0.35,mid_30_70,0.68773425315701,0.05142544370372499,0.9986773285523637,13.373423807857096,13.342477082539656
GBSA-TCL_vs_C0,TCL,85021,pos,0.65,0.35,mid_30_70,0.08079852966908306,0.09566115188739323,0.9966918438508214,0.8446326233264931,0.8844542229648277
GBSA-TCL_vs_C0,TCL,85021,cell,0.65,0.35,mid_30_70,0.024657031763790346,0.025118399375670307,0.9996942948524735,0.9816322845663947,0.985679966562556
GBSA-TCL_vs_C0,TCL,85022,atomic_numbers,0.65,0.35,mid_30_70,0.6712886372809082,0.04727256064646978,0.9989292335781854,14.200386611192366,14.047277582458198
GBSA-TCL_vs_C0,TCL,85022,pos,0.65,0.35,mid_30_70,0.059272414873948694,0.0614707971191667,0.9993281989425887,0.9642369653844532,1.011175120467055
GBSA-TCL_vs_C0,TCL,85022,cell,0.65,0.35,mid_30_70,0.013361662614722483,0.02095507367854548,0.9998855206229673,0.6376337692576385,0.6468046920580321
GBSA-TCL_vs_C0,TCL,85023,atomic_numbers,0.65,0.35,mid_30_70,0.6502390211748034,0.05728737680199003,0.9984876106763187,11.350476448281285,11.516102903493728
GBSA-TCL_vs_C0,TCL,85023,pos,0.65,0.35,mid_30_70,0.046828107225790463,0.04152747510434736,0.9997103936862044,1.1276415700237985,1.165478667581077
GBSA-TCL_vs_C0,TCL,85023,cell,0.65,0.35,mid_30_70,0.020716868262597304,0.037971317323039565,0.999467053029225,0.5455925609941135,0.5558841898037327
GBSA-TCL_vs_C0,TCL,85024,atomic_numbers,0.65,0.35,mid_30_70,0.6695122104158555,0.05957625478297888,0.9983458217930536,11.237903638869513,11.043876816660603
GBSA-TCL_vs_C0,TCL,85024,pos,0.65,0.35,mid_30_70,0.03553607516311585,0.04895478582544586,0.9999461576958351,0.7258958355945826,0.7605853059173175
GBSA-TCL_vs_C0,TCL,85024,cell,0.65,0.35,mid_30_70,0.01915245923710939,0.01717460994401785,0.9999460746553623,1.1151612350754114,1.1303555696861303
GBSA-TCL_vs_C0,TCL,85025,atomic_numbers,0.65,0.35,mid_30_70,0.7076286196135965,0.05748107436789189,0.9987285740738412,12.310636629451517,12.634998596812771
GBSA-TCL_vs_C0,TCL,85025,pos,0.65,0.35,mid_30_70,0.037520079234702,0.035540395565074046,0.9999432372142262,1.0557023532842555,1.091436769578083
GBSA-TCL_vs_C0,TCL,85025,cell,0.65,0.35,mid_30_70,0.02434338031166437,0.04395546824105395,0.9992009692100124,0.5538191557456305,0.5432452266342447
GBSA-TCL_vs_C0,TCL,85026,atomic_numbers,0.65,0.35,mid_30_70,0.6527981154562806,0.04349898560620406,0.9991072209218171,15.007203187818138,15.149331145556946
GBSA-TCL_vs_C0,TCL,85026,pos,0.65,0.35,mid_30_70,0.04867839324288664,0.04973483704531661,0.9998574724995619,0.9787584746388658,1.0244068749700823
GBSA-TCL_vs_C0,TCL,85026,cell,0.65,0.35,mid_30_70,0.021184810982723585,0.02953360806032184,0.9996732956994278,0.7173119836714161,0.7276912379619679
GBSA-TCL_vs_C0,TCL,85027,atomic_numbers,0.65,0.35,mid_30_70,0.6947981891471677,0.06379744790958881,0.9980010016319276,10.890689391397103,10.963932692117831
GBSA-TCL_vs_C0,TCL,85027,pos,0.65,0.35,mid_30_70,0.07294757919058545,0.07507153391092104,0.9980374124076428,0.9717075886199975,1.0100345229634546
GBSA-TCL_vs_C0,TCL,85027,cell,0.65,0.35,mid_30_70,0.01490942549455445,0.01734975940974386,0.9999262041259,0.8593447979561673,0.8699257417708897
GBSA-TCL_vs_C0,TCL,85028,atomic_numbers,0.65,0.35,mid_30_70,0.5590609557779131,0.049310324602693884,0.9987886171649897,11.337604452666108,11.360097229709668
GBSA-TCL_vs_C0,TCL,85028,pos,0.65,0.35,mid_30_70,0.050564653278825596,0.05059204560542921,0.999299323939197,0.999458564557416,1.0327794308055382
GBSA-TCL_vs_C0,TCL,85028,cell,0.65,0.35,mid_30_70,0.01425307646056639,0.013316232261738432,0.9999663391710271,1.0703535489929683,1.0815435601290526
GBSA-TCL_vs_C0,TCL,85029,atomic_numbers,0.65,0.35,mid_30_70,0.6132680271139549,0.05217627254090363,0.9989089286028855,11.753772303937255,11.467458487592559
GBSA-TCL_vs_C0,TCL,85029,pos,0.65,0.35,mid_30_70,0.03986551691038129,0.03641095616735571,0.9998953622509643,1.094876957560449,1.1313465744543278
GBSA-TCL_vs_C0,TCL,85029,cell,0.65,0.35,mid_30_70,0.016615864441409497,0.01722093630486821,0.999922189567914,0.9648641715672762,0.9762440215787987
GBSA-TCL_vs_C0,TCL,85030,atomic_numbers,0.65,0.35,mid_30_70,1.3898206745136266,0.1057350357591183,0.9956271362562045,13.144372293776543,13.737943970121126
GBSA-TCL_vs_C0,TCL,85030,pos,0.65,0.35,mid_30_70,0.041485233479640664,0.05853496694299785,0.9999613613872835,0.7087256668315803,0.7497130313335483
GBSA-TCL_vs_C0,TCL,85030,cell,0.65,0.35,mid_30_70,0.017864756672161156,0.02165880317184794,0.9998198127610285,0.8248265857728335,0.8332799881889705
GBSA-TCL_vs_C0,TCL,85031,atomic_numbers,0.65,0.35,mid_30_70,0.705774095054258,0.0507138057624317,0.9987614737209856,13.916804003242229,14.036187519647497
GBSA-TCL_vs_C0,TCL,85031,pos,0.65,0.35,mid_30_70,0.03673469179429981,0.04775661750999621,0.9999483585082648,0.7692063154726287,0.80505989067794
GBSA-TCL_vs_C0,TCL,85031,cell,0.65,0.35,mid_30_70,0.03103872967034246,0.03055486537677506,0.9997867025927387,1.0158359163950101,1.03849361233771
GBSA-TCL_vs_C0,C0,85000,atomic_numbers,0.75,0.25,late_70_100,0.606888598247688,0.04620672267430143,0.9991495724083816,13.134205654997007,12.849122659659947
GBSA-TCL_vs_C0,C0,85000,pos,0.75,0.25,late_70_100,0.05288325044948352,0.06357846814917707,0.9982034767455615,0.8317792483675625,0.8479766808051826
GBSA-TCL_vs_C0,C0,85000,cell,0.75,0.25,late_70_100,0.01631959980035811,0.01184002990958102,0.9999473926231445,1.3783410958406612,1.3864199690254715
GBSA-TCL_vs_C0,C0,85001,atomic_numbers,0.75,0.25,late_70_100,0.8459048070663925,0.06502815723269165,0.997914397517039,13.008285073179506,13.08342192988077
GBSA-TCL_vs_C0,C0,85001,pos,0.75,0.25,late_70_100,0.025358665987264353,0.03621810102141407,0.9997402853325569,0.7001655324852887,0.7196929318276557
GBSA-TCL_vs_C0,C0,85001,cell,0.75,0.25,late_70_100,0.029863732483393905,0.033606171035662845,0.9995715452084568,0.8886383531079018,0.902930877607667
GBSA-TCL_vs_C0,C0,85002,atomic_numbers,0.75,0.25,late_70_100,0.5777510631484027,0.051084303923283905,0.9987181106264691,11.309756985551635,11.373182123284808
GBSA-TCL_vs_C0,C0,85002,pos,0.75,0.25,late_70_100,0.054556381900286416,0.061786696568434836,0.9987968597640652,0.882979426483173,0.9151053956384922
GBSA-TCL_vs_C0,C0,85002,cell,0.75,0.25,late_70_100,0.01233272592670399,0.012989068103171311,0.9999922418937971,0.9494696485341335,0.9612142368456135
GBSA-TCL_vs_C0,C0,85003,atomic_numbers,0.75,0.25,late_70_100,0.6153781784632477,0.04325432424790704,0.9991121225674554,14.226974739826723,14.074969377571495
GBSA-TCL_vs_C0,C0,85003,pos,0.75,0.25,late_70_100,0.04522344739838541,0.05247476858311797,0.9989669529985539,0.8618131841163481,0.8835374748421211
GBSA-TCL_vs_C0,C0,85003,cell,0.75,0.25,late_70_100,0.011911370361536586,0.011630604087297762,0.999981235471472,1.024140300205512,1.0342462128442742
GBSA-TCL_vs_C0,C0,85004,atomic_numbers,0.75,0.25,late_70_100,0.5900702977315911,0.04509652399944763,0.9989927950475173,13.08460709164234,13.012473330277517
GBSA-TCL_vs_C0,C0,85004,pos,0.75,0.25,late_70_100,0.06466580095006395,0.08832619501292,0.9965798759350916,0.7321248350005897,0.752457608248186
GBSA-TCL_vs_C0,C0,85004,cell,0.75,0.25,late_70_100,0.03757756290207465,0.05581090861629979,0.9987546696863718,0.673301399918438,0.6556203161867472
GBSA-TCL_vs_C0,C0,85005,atomic_numbers,0.75,0.25,late_70_100,0.48209755962083356,0.04656900008599595,0.9989307560505827,10.35232791622271,10.28331608502139
GBSA-TCL_vs_C0,C0,85005,pos,0.75,0.25,late_70_100,0.08227049641192707,0.09634685269845637,0.9957328018317354,0.8538991581740084,0.8738966703576839
GBSA-TCL_vs_C0,C0,85005,cell,0.75,0.25,late_70_100,0.017558494286308006,0.01428649430553308,0.999952445238566,1.2290274934353698,1.2418002743623175
GBSA-TCL_vs_C0,C0,85006,atomic_numbers,0.75,0.25,late_70_100,0.5980370933006663,0.05274190738308091,0.9986084780019899,11.338935639110215,11.314365878518453
GBSA-TCL_vs_C0,C0,85006,pos,0.75,0.25,late_70_100,0.05610016491022475,0.05485859348195119,0.9990285624520927,1.022632214015513,1.0550513929967664
GBSA-TCL_vs_C0,C0,85006,cell,0.75,0.25,late_70_100,0.011673348123828987,0.014115644886991612,0.9999701008704002,0.8269794414130279,0.8367205711461403
GBSA-TCL_vs_C0,C0,85007,atomic_numbers,0.75,0.25,late_70_100,0.8291813208862796,0.06792966784726807,0.9981963314103609,12.206468059737862,12.572447586151133
GBSA-TCL_vs_C0,C0,85007,pos,0.75,0.25,late_70_100,0.05209415692340266,0.03895594046822906,0.9999949001843157,1.3372583564216252,1.3891703351744966
GBSA-TCL_vs_C0,C0,85007,cell,0.75,0.25,late_70_100,0.02626183650405168,0.031575181686886514,0.9996220174523367,0.8317240028727525,0.8443260042235001
GBSA-TCL_vs_C0,C0,85008,atomic_numbers,0.75,0.25,late_70_100,0.533121014220292,0.04865854836101759,0.9988301784831859,10.956369069312347,10.884165139161045
GBSA-TCL_vs_C0,C0,85008,pos,0.75,0.25,late_70_100,0.038776641265907456,0.03610438942601517,0.9997047537500855,1.074014597182657,1.1023783459803675
GBSA-TCL_vs_C0,C0,85008,cell,0.75,0.25,late_70_100,0.013258197339178287,0.009854542016837156,0.9999728769372033,1.3453894982157217,1.354161621456083
GBSA-TCL_vs_C0,C0,85009,atomic_numbers,0.75,0.25,late_70_100,0.7707115647073649,0.06457827605676225,0.9980007694762648,11.934532969414267,12.068952898931043
GBSA-TCL_vs_C0,C0,85009,pos,0.75,0.25,late_70_100,0.10596938859536771,0.12693225922942986,0.9931345615789421,0.8348499367984006,0.870255812526224
GBSA-TCL_vs_C0,C0,85009,cell,0.75,0.25,late_70_100,0.032424220066251605,0.08533514572106259,0.9963567024813044,0.3799632588926206,0.37970389243362523
GBSA-TCL_vs_C0,C0,85010,atomic_numbers,0.75,0.25,late_70_100,0.7269877420392985,0.05445468317047021,0.9986614459805019,13.350325439658985,13.10510894461399
GBSA-TCL_vs_C0,C0,85010,pos,0.75,0.25,late_70_100,0.030674825741572837,0.03901429062590508,0.9999712042587363,0.7862458921963604,0.8163121764409862
GBSA-TCL_vs_C0,C0,85010,cell,0.75,0.25,late_70_100,0.025964146983434286,0.03251619611718964,0.9997507157362537,0.7984989046645704,0.8171754708592956
GBSA-TCL_vs_C0,C0,85011,atomic_numbers,0.75,0.25,late_70_100,0.5450224724030174,0.03879454281358401,0.9992600835711499,14.04894691044475,14.109816413402505
GBSA-TCL_vs_C0,C0,85011,pos,0.75,0.25,late_70_100,0.0343653894294186,0.03186132256382526,0.99995780757035,1.0785926842985611,1.1114532833084596
GBSA-TCL_vs_C0,C0,85011,cell,0.75,0.25,late_70_100,0.020409900644582757,0.031930401784479895,0.9998455477276649,0.6391996186688513,0.6561409268950594
GBSA-TCL_vs_C0,C0,85012,atomic_numbers,0.75,0.25,late_70_100,0.5519069883951161,0.04368596744204522,0.9990605736020007,12.633507295615885,12.55187568182012
GBSA-TCL_vs_C0,C0,85012,pos,0.75,0.25,late_70_100,0.03974372645797113,0.047460818511383666,0.9990121161450279,0.8374007803602974,0.8505291933841703
GBSA-TCL_vs_C0,C0,85012,cell,0.75,0.25,late_70_100,0.02671506452264219,0.02453748894973954,0.9998540262724922,1.088744841713959,1.1077602594306435
GBSA-TCL_vs_C0,C0,85013,atomic_numbers,0.75,0.25,late_70_100,0.5598693601065801,0.04981558843759127,0.9987663295275425,11.238838637989426,11.180337099627383
GBSA-TCL_vs_C0,C0,85013,pos,0.75,0.25,late_70_100,0.05999717119816266,0.06464483926809966,0.9982810647272895,0.9281045769073405,0.9518252138535922
GBSA-TCL_vs_C0,C0,85013,cell,0.75,0.25,late_70_100,0.029064452705000812,0.018626655782266563,0.9999839680644325,1.560368809342121,1.5880326993349752
GBSA-TCL_vs_C0,C0,85014,atomic_numbers,0.75,0.25,late_70_100,0.49824243110660826,0.04299021049475719,0.9990899248138535,11.589671819991922,11.516888712875135
GBSA-TCL_vs_C0,C0,85014,pos,0.75,0.25,late_70_100,0.023609779233054573,0.029214739532818293,0.9998275651380363,0.8081461485060513,0.8262333318063863
GBSA-TCL_vs_C0,C0,85014,cell,0.75,0.25,late_70_100,0.026935274497704578,0.0255554038302173,0.999693765011817,1.0539952597366389,1.0603968197151377
GBSA-TCL_vs_C0,C0,85015,atomic_numbers,0.75,0.25,late_70_100,0.7086663457351675,0.053448598961195776,0.9988060657133497,13.258838575912282,13.530547833525024
GBSA-TCL_vs_C0,C0,85015,pos,0.75,0.25,late_70_100,0.02965364705240344,0.04291636842917606,0.9999062197379096,0.6909635679295699,0.7190020757342684
GBSA-TCL_vs_C0,C0,85015,cell,0.75,0.25,late_70_100,0.009763710824086658,0.008190625767098359,0.999998428298036,1.1920592030107595,1.201589551614724
GBSA-TCL_vs_C0,C0,85016,atomic_numbers,0.75,0.25,late_70_100,0.6311845571327732,0.045140928692357286,0.9989906946426348,13.982533709804642,14.031126804766172
GBSA-TCL_vs_C0,C0,85016,pos,0.75,0.25,late_70_100,0.032994745705184035,0.03727086298807366,0.9997499763291463,0.885269163629027,0.9114450674163761
GBSA-TCL_vs_C0,C0,85016,cell,0.75,0.25,late_70_100,0.022811490297040545,0.023208420162733716,0.9999048199956195,0.9828971613358444,1.0011466880979554
GBSA-TCL_vs_C0,C0,85017,atomic_numbers,0.75,0.25,late_70_100,0.54254625569698,0.0438617116980523,0.999054711992459,12.369472934205444,12.430083262201496
GBSA-TCL_vs_C0,C0,85017,pos,0.75,0.25,late_70_100,0.04881038263609779,0.05239357832012187,0.9988731434932716,0.93161002170665,0.9512378571219726
GBSA-TCL_vs_C0,C0,85017,cell,0.75,0.25,late_70_100,0.005865565179194907,0.00886770911276088,0.9999774253287872,0.6614521410895398,0.6652649218702367
GBSA-TCL_vs_C0,C0,85018,atomic_numbers,0.75,0.25,late_70_100,0.5919024806796414,0.050382632776517146,0.998844080700699,11.748145105976311,11.911922208665246
GBSA-TCL_vs_C0,C0,85018,pos,0.75,0.25,late_70_100,0.03876865590931345,0.05573908877625577,0.9991626636479021,0.695538028347325,0.7212840582404694
GBSA-TCL_vs_C0,C0,85018,cell,0.75,0.25,late_70_100,0.035509276368400705,0.03838052665858929,0.9992637041038424,0.9251899194680274,0.9235765267285653
GBSA-TCL_vs_C0,C0,85019,atomic_numbers,0.75,0.25,late_70_100,0.5543075688607387,0.04789856150929385,0.9988573199428683,11.572530602055458,11.522314971620279
GBSA-TCL_vs_C0,C0,85019,pos,0.75,0.25,late_70_100,0.040309211494783594,0.049072321419889806,0.9991159465362022,0.8214245898390617,0.841491441728951
GBSA-TCL_vs_C0,C0,85019,cell,0.75,0.25,late_70_100,0.013400713777958592,0.009144729197678322,0.9999679799926782,1.465403019409343,1.471841574753184
GBSA-TCL_vs_C0,C0,85020,atomic_numbers,0.75,0.25,late_70_100,0.8126480913918329,0.06790484518862692,0.9987457689055093,11.967453708707366,12.501406773272947
GBSA-TCL_vs_C0,C0,85020,pos,0.75,0.25,late_70_100,0.04746771582557847,0.0736743928602233,0.9973151906379134,0.6442905598914845,0.637346161166608
GBSA-TCL_vs_C0,C0,85020,cell,0.75,0.25,late_70_100,0.055572469669547146,0.07416225007404748,0.9975437005331254,0.7493363485339332,0.7657505750541367
GBSA-TCL_vs_C0,C0,85021,atomic_numbers,0.75,0.25,late_70_100,0.5649433084493289,0.04124803061930087,0.9992035071870754,13.696249250381904,13.542315236997693
GBSA-TCL_vs_C0,C0,85021,pos,0.75,0.25,late_70_100,0.022768399220209852,0.02796725139888061,0.9998249691364787,0.8141092914522575,0.8308904055072326
GBSA-TCL_vs_C0,C0,85021,cell,0.75,0.25,late_70_100,0.021421430881046716,0.018497165523583343,0.9999852855457816,1.1580926198522157,1.1785550462252046
GBSA-TCL_vs_C0,C0,85022,atomic_numbers,0.75,0.25,late_70_100,0.6363365343336544,0.05627513581336251,0.9985925801351818,11.307596599039334,11.078921283327928
GBSA-TCL_vs_C0,C0,85022,pos,0.75,0.25,late_70_100,0.0327059894170834,0.03174765020551956,0.9999516151613869,1.0301861462300357,1.0612326698715542
GBSA-TCL_vs_C0,C0,85022,cell,0.75,0.25,late_70_100,0.017150622185782567,0.01857061711618156,0.999949563521071,0.9235353934920303,0.937914820952574
GBSA-TCL_vs_C0,C0,85023,atomic_numbers,0.75,0.25,late_70_100,0.649019841979389,0.056602866097836144,0.9985235067840086,11.46620103755135,11.266862046933237
GBSA-TCL_vs_C0,C0,85023,pos,0.75,0.25,late_70_100,0.043428600224108535,0.04207401953028043,0.9996454653494273,1.03219518146711,1.0654553493511993
GBSA-TCL_vs_C0,C0,85023,cell,0.75,0.25,late_70_100,0.01756600965489355,0.02625982906764118,0.9999389302746394,0.668930845271166,0.6848246356762815
GBSA-TCL_vs_C0,C0,85024,atomic_numbers,0.75,0.25,late_70_100,0.8150087640850159,0.05587345467102023,0.9985505985924883,14.586690028095493,14.346679217181569
GBSA-TCL_vs_C0,C0,85024,pos,0.75,0.25,late_70_100,0.03232224248897795,0.036585290998453514,0.9999512870901224,0.8834764356621964,0.9145571098017352
GBSA-TCL_vs_C0,C0,85024,cell,0.75,0.25,late_70_100,0.01920465508698263,0.015069445672299005,0.9999454535595523,1.274410187647782,1.2881842107654484
GBSA-TCL_vs_C0,C0,85025,atomic_numbers,0.75,0.25,late_70_100,0.5357000901922824,0.03899465808313682,0.9992407860036724,13.737781443041944,13.704645620453483
GBSA-TCL_vs_C0,C0,85025,pos,0.75,0.25,late_70_100,0.04312730202385565,0.044665343179281454,0.9992359975093883,0.9655652224756835,0.9857063351204741
GBSA-TCL_vs_C0,C0,85025,cell,0.75,0.25,late_70_100,0.011715686919617585,0.0082656114287348,0.9999917017843204,1.417401122787946,1.4275832216470572
GBSA-TCL_vs_C0,C0,85026,atomic_numbers,0.75,0.25,late_70_100,0.5160148095533607,0.04836160022124794,0.998865441304028,10.669928356230168,10.56790728692085
GBSA-TCL_vs_C0,C0,85026,pos,0.75,0.25,late_70_100,0.02699059177758041,0.03129076240185016,0.9998840442071757,0.8625737983292001,0.8860524132825955
GBSA-TCL_vs_C0,C0,85026,cell,0.75,0.25,late_70_100,0.00488173560475551,0.006033069505324417,0.9999950886286489,0.8091628316973954,0.813330184924775
GBSA-TCL_vs_C0,C0,85027,atomic_numbers,0.75,0.25,late_70_100,0.6119737354250671,0.04598105059490035,0.999096650283134,13.309259521202412,13.063518421130453
GBSA-TCL_vs_C0,C0,85027,pos,0.75,0.25,late_70_100,0.03753476024396619,0.0354473456234463,0.9998126318819689,1.0588877554526732,1.0901333849388257
GBSA-TCL_vs_C0,C0,85027,cell,0.75,0.25,late_70_100,0.011107206414539812,0.011981240683395079,0.999937325083529,0.9270497695562867,0.9309470551381386
GBSA-TCL_vs_C0,C0,85028,atomic_numbers,0.75,0.25,late_70_100,0.705479362560763,0.06507385606610817,0.9979839142132841,10.84121036018014,10.66356427390718
GBSA-TCL_vs_C0,C0,85028,pos,0.75,0.25,late_70_100,0.04552320695472055,0.05284306233429969,0.9986568845184608,0.8614793492990295,0.8692734735618902
GBSA-TCL_vs_C0,C0,85028,cell,0.75,0.25,late_70_100,0.01679250350367649,0.01825640915590004,0.9999481445458802,0.9198141518563386,0.9337036348824443
GBSA-TCL_vs_C0,C0,85029,atomic_numbers,0.75,0.25,late_70_100,0.5278118921214902,0.03259093177188109,0.9994712089583349,16.195053759612904,16.222216008035193
GBSA-TCL_vs_C0,C0,85029,pos,0.75,0.25,late_70_100,0.04929423324713637,0.042672067973416904,0.9997810632963419,1.1551873529505254,1.197895606266754
GBSA-TCL_vs_C0,C0,85029,cell,0.75,0.25,late_70_100,0.016223920556867926,0.03060094037549786,0.9996472986840402,0.5301771892558702,0.5380506202667661
GBSA-TCL_vs_C0,C0,85030,atomic_numbers,0.75,0.25,late_70_100,0.7126831352611306,0.058319481902947265,0.9983053351272805,12.220326930324017,12.246477566854447
GBSA-TCL_vs_C0,C0,85030,pos,0.75,0.25,late_70_100,0.046087656606551286,0.03751722425916114,0.9999440057956167,1.228439937032319,1.2725874276003
GBSA-TCL_vs_C0,C0,85030,cell,0.75,0.25,late_70_100,0.010660745377114929,0.008884544954114098,0.9999808721229761,1.1999202471453916,1.207550468098232
GBSA-TCL_vs_C0,C0,85031,atomic_numbers,0.75,0.25,late_70_100,0.6963325229111362,0.061641529138331395,0.9981334256511483,11.296483598719266,11.180875584986842
GBSA-TCL_vs_C0,C0,85031,pos,0.75,0.25,late_70_100,0.037321762748535596,0.03485090002169786,0.9998283489058698,1.0708981037878333,1.1023250565248437
GBSA-TCL_vs_C0,C0,85031,cell,0.75,0.25,late_70_100,0.01571858589541449,0.01425205479159294,0.9999672856880886,1.1028996257218036,1.1158052868367665
GBSA-TCL_vs_C0,TCL,85000,atomic_numbers,0.75,0.25,late_70_100,0.5951856709950555,0.06068249759931242,0.9983836399113725,9.80819337603862,10.000924349623784
GBSA-TCL_vs_C0,TCL,85000,pos,0.75,0.25,late_70_100,0.06417073095819359,0.07962072472951708,0.9969461429995947,0.8059551225662751,0.8160075038952186
GBSA-TCL_vs_C0,TCL,85000,cell,0.75,0.25,late_70_100,0.01628461894048597,0.01221006070221619,0.99995589754562,1.3337049944010702,1.3440527166881662
GBSA-TCL_vs_C0,TCL,85001,atomic_numbers,0.75,0.25,late_70_100,0.7484973018417014,0.07892768499735608,0.997034166922332,9.483330239152142,9.621286991495305
GBSA-TCL_vs_C0,TCL,85001,pos,0.75,0.25,late_70_100,0.05659687270904586,0.0592710161305141,0.9986343570674342,0.9548827808927755,0.9803092021488388
GBSA-TCL_vs_C0,TCL,85001,cell,0.75,0.25,late_70_100,0.04303758544464267,0.09331163910232758,0.9976730774554766,0.46122419302319523,0.48953434934235684
GBSA-TCL_vs_C0,TCL,85002,atomic_numbers,0.75,0.25,late_70_100,0.5982558312132621,0.05922600107645248,0.9984106741682954,10.101236287099614,10.269122703230845
GBSA-TCL_vs_C0,TCL,85002,pos,0.75,0.25,late_70_100,0.07432955985783779,0.07872103452525915,0.9977793435756546,0.9442147236262212,0.9817369510156
GBSA-TCL_vs_C0,TCL,85002,cell,0.75,0.25,late_70_100,0.006343738225746093,0.008785815651926302,0.9999626351791087,0.7220431747114132,0.7231492079885797
GBSA-TCL_vs_C0,TCL,85003,atomic_numbers,0.75,0.25,late_70_100,0.7634550922514172,0.07220148870345484,0.998082036958232,10.573952226761856,10.160751983074302
GBSA-TCL_vs_C0,TCL,85003,pos,0.75,0.25,late_70_100,0.05420759811843661,0.043592569427316236,0.9995058352619272,1.2435054604620006,1.2804486750862292
GBSA-TCL_vs_C0,TCL,85003,cell,0.75,0.25,late_70_100,0.02068469749014087,0.028140326384069294,0.9998756823139595,0.7350553510939669,0.7520965649566237
GBSA-TCL_vs_C0,TCL,85004,atomic_numbers,0.75,0.25,late_70_100,0.6204932208068468,0.04943117855008041,0.9988152353634072,12.552668963338677,12.428859069084918
GBSA-TCL_vs_C0,TCL,85004,pos,0.75,0.25,late_70_100,0.045141743801494626,0.039277317509501454,0.9997469080217869,1.149308218173874,1.186020560434668
GBSA-TCL_vs_C0,TCL,85004,cell,0.75,0.25,late_70_100,0.016526720722063425,0.022958949308900144,0.9998835285639228,0.7198378505786744,0.7321005207540737
GBSA-TCL_vs_C0,TCL,85005,atomic_numbers,0.75,0.25,late_70_100,0.6376608508258749,0.058169149152428025,0.9986331454029453,10.962182877300322,10.66732860334446
GBSA-TCL_vs_C0,TCL,85005,pos,0.75,0.25,late_70_100,0.05696688809314402,0.05159804409265561,0.9990384146807464,1.1040513084342396,1.1330253875303495
GBSA-TCL_vs_C0,TCL,85005,cell,0.75,0.25,late_70_100,0.012373059940672823,0.02418035358127511,0.9998978324285435,0.5116988839342006,0.5216262391859046
GBSA-TCL_vs_C0,TCL,85006,atomic_numbers,0.75,0.25,late_70_100,0.696075802944302,0.059773993568265814,0.9982572623921467,11.645127945974332,11.735610620085334
GBSA-TCL_vs_C0,TCL,85006,pos,0.75,0.25,late_70_100,0.03813856355717681,0.034451954942517925,0.9999482804858977,1.1070072401061097,1.1433888720034708
GBSA-TCL_vs_C0,TCL,85006,cell,0.75,0.25,late_70_100,0.018255623814586584,0.018097074539995414,0.9999022582702356,1.0087610444572557,1.0202535541995135
GBSA-TCL_vs_C0,TCL,85007,atomic_numbers,0.75,0.25,late_70_100,0.5718569383565317,0.0504086107191237,0.9987808671211436,11.344429655935436,11.214770183162063
GBSA-TCL_vs_C0,TCL,85007,pos,0.75,0.25,late_70_100,0.02531632007952677,0.04353164250910383,0.9999588111472052,0.5815613337868503,0.6062973350522478
GBSA-TCL_vs_C0,TCL,85007,cell,0.75,0.25,late_70_100,0.017750288005500825,0.025129879732540925,0.9997608348001114,0.7063419401293752,0.7149167579512518
GBSA-TCL_vs_C0,TCL,85008,atomic_numbers,0.75,0.25,late_70_100,0.5926163169063985,0.049114121694265586,0.9988706495670537,12.06610841165853,11.902370469600157
GBSA-TCL_vs_C0,TCL,85008,pos,0.75,0.25,late_70_100,0.03836270057981463,0.038407160165419285,0.999680776612924,0.9988424141380627,1.0274169669288085
GBSA-TCL_vs_C0,TCL,85008,cell,0.75,0.25,late_70_100,0.013280755377877118,0.01693730208349037,0.9999169508042407,0.7841128009886849,0.7926651024065512
GBSA-TCL_vs_C0,TCL,85009,atomic_numbers,0.75,0.25,late_70_100,0.7217463087958581,0.053037614468970116,0.9987089369716174,13.60819705075761,13.38311780316805
GBSA-TCL_vs_C0,TCL,85009,pos,0.75,0.25,late_70_100,0.036187849860590114,0.04048388736624523,0.9993861932349686,0.8938827818882562,0.9114715267268236
GBSA-TCL_vs_C0,TCL,85009,cell,0.75,0.25,late_70_100,0.03513573078734995,0.02051104122081295,0.9997908171994592,1.7130154636760735,1.7153003793998622
GBSA-TCL_vs_C0,TCL,85010,atomic_numbers,0.75,0.25,late_70_100,0.5963700699960542,0.04756094157981547,0.9988715205578458,12.539071981895951,12.493305165873323
GBSA-TCL_vs_C0,TCL,85010,pos,0.75,0.25,late_70_100,0.043005752076089435,0.037772146814075716,0.9998662330878709,1.1385572625187252,1.177169770390454
GBSA-TCL_vs_C0,TCL,85010,cell,0.75,0.25,late_70_100,0.034792750491045174,0.03138207617883291,0.9999442799496162,1.1086822392749383,1.1413856854246653
GBSA-TCL_vs_C0,TCL,85011,atomic_numbers,0.75,0.25,late_70_100,0.5948341060148553,0.05506943861463534,0.9984828522142815,10.801528415377225,10.776437553963701
GBSA-TCL_vs_C0,TCL,85011,pos,0.75,0.25,late_70_100,0.07338915915479662,0.07375184113648857,0.9978962285758893,0.9950824009800548,1.0279759516715246
GBSA-TCL_vs_C0,TCL,85011,cell,0.75,0.25,late_70_100,0.017916355759850743,0.024311075791101967,0.9997885357677253,0.7369626878629641,0.7463630863931033
GBSA-TCL_vs_C0,TCL,85012,atomic_numbers,0.75,0.25,late_70_100,0.5794339737651542,0.04241241694930314,0.9991002111429252,13.661894686590712,13.646703182884524
GBSA-TCL_vs_C0,TCL,85012,pos,0.75,0.25,late_70_100,0.03966152890051534,0.04194012629890912,0.9996591006859377,0.9456702304100347,0.9763867569846447
GBSA-TCL_vs_C0,TCL,85012,cell,0.75,0.25,late_70_100,0.013085108715008207,0.010471495261824322,0.9999850043710905,1.2495931467125112,1.2607274159887911
GBSA-TCL_vs_C0,TCL,85013,atomic_numbers,0.75,0.25,late_70_100,0.5851709558747427,0.05858848783219348,0.9983563365673039,9.98781462922824,9.849896896710593
GBSA-TCL_vs_C0,TCL,85013,pos,0.75,0.25,late_70_100,0.04397688719436013,0.0459687650522038,0.9995280176332396,0.9566688847180991,0.988931868522746
GBSA-TCL_vs_C0,TCL,85013,cell,0.75,0.25,late_70_100,0.01835427476122553,0.02529689816504037,0.9999196552025018,0.725554360122722,0.7413797401369158
GBSA-TCL_vs_C0,TCL,85014,atomic_numbers,0.75,0.25,late_70_100,0.7016247693228425,0.06180628824786543,0.9982381076716422,11.35199652354264,11.528400446488622
GBSA-TCL_vs_C0,TCL,85014,pos,0.75,0.25,late_70_100,0.04049055268709102,0.04673180460228383,0.9995069074933063,0.866445304898673,0.8960065852218356
GBSA-TCL_vs_C0,TCL,85014,cell,0.75,0.25,late_70_100,0.04696236478164164,0.05777241364736429,0.9988126755991299,0.8128856285682321,0.8371646287791263
GBSA-TCL_vs_C0,TCL,85015,atomic_numbers,0.75,0.25,late_70_100,0.650048271322962,0.0537166735581576,0.9985634990674558,12.101424534770798,12.130189460052248
GBSA-TCL_vs_C0,TCL,85015,pos,0.75,0.25,late_70_100,0.03280264429642625,0.03782328691577756,0.9997440969132171,0.8672605416200091,0.8933276236677368
GBSA-TCL_vs_C0,TCL,85015,cell,0.75,0.25,late_70_100,0.01343218461070797,0.015194962617425466,0.9999433990981814,0.8839893159923964,0.8935291717280753
GBSA-TCL_vs_C0,TCL,85016,atomic_numbers,0.75,0.25,late_70_100,0.5507222285472925,0.043559734756329085,0.9991698524125848,12.642919697009276,12.827405929702628
GBSA-TCL_vs_C0,TCL,85016,pos,0.75,0.25,late_70_100,0.03198049702125529,0.047377029560205085,0.9997125612092577,0.6750211509274888,0.7024105393893977
GBSA-TCL_vs_C0,TCL,85016,cell,0.75,0.25,late_70_100,0.011691402648237524,0.010991492084299776,0.9999547054582858,1.0636774842368761,1.069477197481227
GBSA-TCL_vs_C0,TCL,85017,atomic_numbers,0.75,0.25,late_70_100,0.6494217123931074,0.06070363700176433,0.9988793815059787,10.69823398512733,11.092911991909915
GBSA-TCL_vs_C0,TCL,85017,pos,0.75,0.25,late_70_100,0.030453593371959683,0.03381258105519414,0.9996877913574418,0.9006586430727841,0.9208952922507554
GBSA-TCL_vs_C0,TCL,85017,cell,0.75,0.25,late_70_100,0.016959506221748567,0.011029047275109715,0.9999932665202932,1.5377127143178249,1.5536955311927327
GBSA-TCL_vs_C0,TCL,85018,atomic_numbers,0.75,0.25,late_70_100,0.6065324448425987,0.048950342722240636,0.9988026552368914,12.390770137897734,12.396962535716186
GBSA-TCL_vs_C0,TCL,85018,pos,0.75,0.25,late_70_100,0.03647938262714784,0.033594151139472006,0.9999736939625015,1.0858849350203041,1.1214753091778682
GBSA-TCL_vs_C0,TCL,85018,cell,0.75,0.25,late_70_100,0.015885805211713934,0.020480306402340973,0.9998404497732364,0.7756624778767044,0.7833096027982129
GBSA-TCL_vs_C0,TCL,85019,atomic_numbers,0.75,0.25,late_70_100,0.5305088554885188,0.05164257298549217,0.9987434825097248,10.272703794939764,10.387895879133072
GBSA-TCL_vs_C0,TCL,85019,pos,0.75,0.25,late_70_100,0.05954223989623161,0.05703163584466512,0.9987507656047944,1.0440212526676338,1.0714171541365423
GBSA-TCL_vs_C0,TCL,85019,cell,0.75,0.25,late_70_100,0.013275585829946056,0.01495826593114006,0.999927067366475,0.887508344286686,0.8952763370254415
GBSA-TCL_vs_C0,TCL,85020,atomic_numbers,0.75,0.25,late_70_100,0.7158210762460432,0.057372552756978834,0.9984082828070171,12.476716510735534,12.325579168468698
GBSA-TCL_vs_C0,TCL,85020,pos,0.75,0.25,late_70_100,0.03126726798603474,0.04856051506099198,0.9995978030379477,0.6438825442185502,0.6690050594933955
GBSA-TCL_vs_C0,TCL,85020,cell,0.75,0.25,late_70_100,0.027214062307172965,0.03121980985775,0.9998954632257341,0.8716921221228179,0.8957204830942036
GBSA-TCL_vs_C0,TCL,85021,atomic_numbers,0.75,0.25,late_70_100,0.5479067978065506,0.04094369062356704,0.9991761951906256,13.381959209392269,13.443562072333263
GBSA-TCL_vs_C0,TCL,85021,pos,0.75,0.25,late_70_100,0.04186835035047888,0.04266142965729523,0.9998551164951023,0.9814099219555635,1.0196589471316662
GBSA-TCL_vs_C0,TCL,85021,cell,0.75,0.25,late_70_100,0.007523178661445412,0.020879423345957236,0.9997832204931834,0.3603154424713594,0.3607999679611794
GBSA-TCL_vs_C0,TCL,85022,atomic_numbers,0.75,0.25,late_70_100,0.5514648295424229,0.043075868053724736,0.9990966618379972,12.802175660270608,12.700385046590618
GBSA-TCL_vs_C0,TCL,85022,pos,0.75,0.25,late_70_100,0.045395908691541365,0.04152956003542164,0.9997304693098309,1.0930987145739568,1.1304440943864278
GBSA-TCL_vs_C0,TCL,85022,cell,0.75,0.25,late_70_100,0.015430962313808553,0.02845495684455344,0.9998690504807275,0.5422943495611798,0.5549158358759587
GBSA-TCL_vs_C0,TCL,85023,atomic_numbers,0.75,0.25,late_70_100,0.6181891362912121,0.05522925455187548,0.9986200193838587,11.193146482007325,11.369038695863079
GBSA-TCL_vs_C0,TCL,85023,pos,0.75,0.25,late_70_100,0.05066597473113084,0.04412891635592405,0.9995575539299048,1.1481354838283768,1.185055037469645
GBSA-TCL_vs_C0,TCL,85023,cell,0.75,0.25,late_70_100,0.0430296879157056,0.03703796375942898,0.9996457074145783,1.1617725044280078,1.1912830490292377
GBSA-TCL_vs_C0,TCL,85024,atomic_numbers,0.75,0.25,late_70_100,0.7000741483135259,0.048625104892102075,0.9988772485847679,14.397380732997357,14.223396482592737
GBSA-TCL_vs_C0,TCL,85024,pos,0.75,0.25,late_70_100,0.0377090933433499,0.030265667892821625,0.9999362381316348,1.2459362693361773,1.2808428182049842
GBSA-TCL_vs_C0,TCL,85024,cell,0.75,0.25,late_70_100,0.029572719628713787,0.04087003550874071,0.9995031106256581,0.72357949438016,0.7420445397021771
GBSA-TCL_vs_C0,TCL,85025,atomic_numbers,0.75,0.25,late_70_100,0.6943017905279156,0.051015812312172094,0.9989351694358798,13.609541023857405,13.891376678705011
GBSA-TCL_vs_C0,TCL,85025,pos,0.75,0.25,late_70_100,0.022195791257545124,0.02998730144872959,0.9999685157538689,0.7401730127498833,0.7615542883941089
GBSA-TCL_vs_C0,TCL,85025,cell,0.75,0.25,late_70_100,0.027072789509236743,0.03680996507299211,0.9995589003335724,0.7354744688171507,0.7511450360673977
GBSA-TCL_vs_C0,TCL,85026,atomic_numbers,0.75,0.25,late_70_100,0.596647294038318,0.041000236201274916,0.9991841592494528,14.552289189489239,14.64332062661532
GBSA-TCL_vs_C0,TCL,85026,pos,0.75,0.25,late_70_100,0.04990943543322324,0.04708144820385528,0.9995210015542407,1.0600658505049212,1.097170186703207
GBSA-TCL_vs_C0,TCL,85026,cell,0.75,0.25,late_70_100,0.020664555574670528,0.05340904150102096,0.9986095779917007,0.38691118570767663,0.38969288162892507
GBSA-TCL_vs_C0,TCL,85027,atomic_numbers,0.75,0.25,late_70_100,0.7009362375997449,0.06227914118057767,0.9980649839443007,11.254751178526831,11.272610878556556
GBSA-TCL_vs_C0,TCL,85027,pos,0.75,0.25,late_70_100,0.04467176639255214,0.05918054651095577,0.9985773554390468,0.7548386932229885,0.773143343389714
GBSA-TCL_vs_C0,TCL,85027,cell,0.75,0.25,late_70_100,0.01781851705498292,0.025961369069977716,0.9999810805557741,0.6863473573737154,0.7036454913654937
GBSA-TCL_vs_C0,TCL,85028,atomic_numbers,0.75,0.25,late_70_100,0.5610440658289896,0.05399121188589436,0.9985675283313106,10.391396048207008,10.451558995202301
GBSA-TCL_vs_C0,TCL,85028,pos,0.75,0.25,late_70_100,0.04233082042180978,0.03770754550345801,0.9996534892108101,1.1226087473110065,1.1525293034663355
GBSA-TCL_vs_C0,TCL,85028,cell,0.75,0.25,late_70_100,0.00477030195064325,0.008548106612811373,0.9999805226565887,0.5580536330108257,0.5613022850478943
GBSA-TCL_vs_C0,TCL,85029,atomic_numbers,0.75,0.25,late_70_100,0.5601409945187429,0.05207374755505463,0.9986909210275686,10.756686830087222,10.637634913353274
GBSA-TCL_vs_C0,TCL,85029,pos,0.75,0.25,late_70_100,0.03582002939858698,0.03226500656896252,0.9998513330953909,1.1101819961519621,1.1402929561360884
GBSA-TCL_vs_C0,TCL,85029,cell,0.75,0.25,late_70_100,0.012009837085794567,0.01271720824898192,0.999982412121158,0.9443768514804353,0.9549840381237212
GBSA-TCL_vs_C0,TCL,85030,atomic_numbers,0.75,0.25,late_70_100,0.8491512698121678,0.06048804087971932,0.998298585568285,14.038333155816836,14.240316597437772
GBSA-TCL_vs_C0,TCL,85030,pos,0.75,0.25,late_70_100,0.036089583361885086,0.042334976891518224,0.999968693076305,0.8524767464586852,0.8879036363728744
GBSA-TCL_vs_C0,TCL,85030,cell,0.75,0.25,late_70_100,0.04242603992477887,0.052628945718243385,0.9998467887853998,0.806135090600385,0.8460222595256459
GBSA-TCL_vs_C0,TCL,85031,atomic_numbers,0.75,0.25,late_70_100,0.6311198547515711,0.04394830814157528,0.9990695364553482,14.360503997525436,14.46847980059055
GBSA-TCL_vs_C0,TCL,85031,pos,0.75,0.25,late_70_100,0.030680418543874762,0.03077700302515755,0.9999730215492203,0.9968617970630916,1.0266286950417862
GBSA-TCL_vs_C0,TCL,85031,cell,0.75,0.25,late_70_100,0.027915214704272655,0.02739918851558598,0.9996903051902293,1.018833630360736,1.030197946141398
GBSA-TCL_vs_C0,C0,85000,atomic_numbers,0.85,0.15000000000000002,late_70_100,0.4764590377778966,0.03771801081443968,0.9993034853981057,12.632135881235095,12.554028223284563
GBSA-TCL_vs_C0,C0,85000,pos,0.85,0.15000000000000002,late_70_100,0.06304876628828764,0.07615805475970026,0.9971326674689334,0.8278673409821712,0.832596162261736
GBSA-TCL_vs_C0,C0,85000,cell,0.85,0.15000000000000002,late_70_100,0.006595758939493849,0.014116408442941111,0.9999663690106547,0.46724058503648985,0.4725933037398857
GBSA-TCL_vs_C0,C0,85001,atomic_numbers,0.85,0.15000000000000002,late_70_100,0.6893874959800909,0.05589147670875052,0.9984469432933916,12.334394018116159,12.37061344576997
GBSA-TCL_vs_C0,C0,85001,pos,0.85,0.15000000000000002,late_70_100,0.019284372742003474,0.026147001788447158,0.9999391588183609,0.737536674301377,0.7549760421790915
GBSA-TCL_vs_C0,C0,85001,cell,0.85,0.15000000000000002,late_70_100,0.05118153935841984,0.08519795274394275,0.9964275317318879,0.600736727938086,0.6053476921707301
GBSA-TCL_vs_C0,C0,85002,atomic_numbers,0.85,0.15000000000000002,late_70_100,0.5480266550195279,0.05247467649917978,0.9986233725065902,10.443640467761517,10.44486540462071
GBSA-TCL_vs_C0,C0,85002,pos,0.85,0.15000000000000002,late_70_100,0.044178736067839855,0.0551251044110387,0.9987491470220798,0.801426800726261,0.8190242706911502
GBSA-TCL_vs_C0,C0,85002,cell,0.85,0.15000000000000002,late_70_100,0.011924630012853873,0.023618796757694464,0.9997836307424994,0.5048788105164207,0.5104178050336226
GBSA-TCL_vs_C0,C0,85003,atomic_numbers,0.85,0.15000000000000002,late_70_100,0.46335228048738614,0.03595744501564514,0.9993766388623978,12.886129153108097,12.790126398180655
GBSA-TCL_vs_C0,C0,85003,pos,0.85,0.15000000000000002,late_70_100,0.03574852755647182,0.04862406936733877,0.9988677369028602,0.735202298400891,0.7417605937633018
GBSA-TCL_vs_C0,C0,85003,cell,0.85,0.15000000000000002,late_70_100,0.01235456573236226,0.017082513290489806,0.9999519082509761,0.7232288084470748,0.7333096967556293
GBSA-TCL_vs_C0,C0,85004,atomic_numbers,0.85,0.15000000000000002,late_70_100,0.565311351155685,0.04364774565121035,0.9990474318655103,12.951673510771775,12.927070866334827
GBSA-TCL_vs_C0,C0,85004,pos,0.85,0.15000000000000002,late_70_100,0.07988826092696144,0.07511247552764941,0.9983044088456405,1.063581786724018,1.112268583667824
GBSA-TCL_vs_C0,C0,85004,cell,0.85,0.15000000000000002,late_70_100,0.029806132305956932,0.03341410833404401,0.9994418584672098,0.8920223759371999,0.89217457204696
GBSA-TCL_vs_C0,C0,85005,atomic_numbers,0.85,0.15000000000000002,late_70_100,0.47069212014198863,0.04708190485498212,0.9989079345265514,9.997304093616785,9.928292303630837
GBSA-TCL_vs_C0,C0,85005,pos,0.85,0.15000000000000002,late_70_100,0.12368977096112929,0.10273777663999323,0.9954041756995785,1.2039366142266696,1.243201038150941
GBSA-TCL_vs_C0,C0,85005,cell,0.85,0.15000000000000002,late_70_100,0.01469785693558207,0.020366273595569296,0.9998898568004349,0.721676298151057,0.7316618233755822
GBSA-TCL_vs_C0,C0,85006,atomic_numbers,0.85,0.15000000000000002,late_70_100,0.5372424078104323,0.04808514012306375,0.998875874944305,11.172732499800853,11.069961008491415
GBSA-TCL_vs_C0,C0,85006,pos,0.85,0.15000000000000002,late_70_100,0.04295958326948268,0.046430552497756586,0.999381120294577,0.9252438525593335,0.952711161698927
GBSA-TCL_vs_C0,C0,85006,cell,0.85,0.15000000000000002,late_70_100,0.00722738550146458,0.007243021427448828,0.9999924728531608,0.9978412426166527,1.0039366646943897
GBSA-TCL_vs_C0,C0,85007,atomic_numbers,0.85,0.15000000000000002,late_70_100,0.5910114589745212,0.056842899351205574,0.998398196199419,10.397278564609085,10.437642010371102
GBSA-TCL_vs_C0,C0,85007,pos,0.85,0.15000000000000002,late_70_100,0.008953385478401249,0.02010287872428359,0.9999889504876365,0.44537827647469547,0.45407849932837907
GBSA-TCL_vs_C0,C0,85007,cell,0.85,0.15000000000000002,late_70_100,0.0767044720399104,0.07734661701509037,0.9973939942243679,0.9916978272617317,1.0167617163675755
GBSA-TCL_vs_C0,C0,85008,atomic_numbers,0.85,0.15000000000000002,late_70_100,0.5095273730157936,0.04857415497530085,0.9988201775592661,10.489680639321051,10.488774611299181
GBSA-TCL_vs_C0,C0,85008,pos,0.85,0.15000000000000002,late_70_100,0.042228490069539354,0.04597074068146777,0.9990218447499424,0.9185949463407921,0.9292413433636405
GBSA-TCL_vs_C0,C0,85008,cell,0.85,0.15000000000000002,late_70_100,0.020711949479690826,0.023854180997145744,0.9998742014958869,0.868273343032364,0.8836340266651138
GBSA-TCL_vs_C0,C0,85009,atomic_numbers,0.85,0.15000000000000002,late_70_100,0.6703663134012023,0.05722129339980811,0.9983667644571661,11.71532961894655,11.734108514962417
GBSA-TCL_vs_C0,C0,85009,pos,0.85,0.15000000000000002,late_70_100,0.055718019281022824,0.05570117961380692,0.9985346662690061,1.000302321554636,1.0120352734081428
GBSA-TCL_vs_C0,C0,85009,cell,0.85,0.15000000000000002,late_70_100,0.06694642133575827,0.04999103927216582,0.9987757303813264,1.3391684251908107,1.34719170715122
GBSA-TCL_vs_C0,C0,85010,atomic_numbers,0.85,0.15000000000000002,late_70_100,0.732895548148998,0.06180860217528673,0.9980909655940988,11.85750077425365,11.806114167228726
GBSA-TCL_vs_C0,C0,85010,pos,0.85,0.15000000000000002,late_70_100,0.013617663642345738,0.019875692558984887,0.9999027439061704,0.6851415920191327,0.6947774052657376
GBSA-TCL_vs_C0,C0,85010,cell,0.85,0.15000000000000002,late_70_100,0.0312659190437125,0.02101413878973984,0.9998842260764083,1.487851553496834,1.5092433751382115
GBSA-TCL_vs_C0,C0,85011,atomic_numbers,0.85,0.15000000000000002,late_70_100,0.5867311877205102,0.04129583717155818,0.9991498106992742,14.207998382089027,14.229811412432527
GBSA-TCL_vs_C0,C0,85011,pos,0.85,0.15000000000000002,late_70_100,0.020379660397691284,0.027732658963585552,0.9998554786306524,0.7348613930042142,0.7508565131009056
GBSA-TCL_vs_C0,C0,85011,cell,0.85,0.15000000000000002,late_70_100,0.011204295569631177,0.01575018285263767,0.9999176510027118,0.7113755868399204,0.717812649710906
GBSA-TCL_vs_C0,C0,85012,atomic_numbers,0.85,0.15000000000000002,late_70_100,0.6035201065697697,0.05033718368281489,0.9987488797603657,11.989548528830621,11.905509926527012
GBSA-TCL_vs_C0,C0,85012,pos,0.85,0.15000000000000002,late_70_100,0.08475392180828761,0.09325931071621414,0.9962317516189693,0.908798501269131,0.9365259920206179
GBSA-TCL_vs_C0,C0,85012,cell,0.85,0.15000000000000002,late_70_100,0.0411321083824198,0.05504720149537594,0.9989641651892041,0.7472152491870993,0.7695880241513027
GBSA-TCL_vs_C0,C0,85013,atomic_numbers,0.85,0.15000000000000002,late_70_100,0.5958334415923886,0.052068398087601886,0.9986451632037416,11.44328351699884,11.40705484752426
GBSA-TCL_vs_C0,C0,85013,pos,0.85,0.15000000000000002,late_70_100,0.12213752529214937,0.11442015020635905,0.9955203912541322,1.0674476923153122,1.1314548127567665
GBSA-TCL_vs_C0,C0,85013,cell,0.85,0.15000000000000002,late_70_100,0.029282305042359853,0.02896496812726647,0.9998026673809497,1.0109558869079043,1.032066783248901
GBSA-TCL_vs_C0,C0,85014,atomic_numbers,0.85,0.15000000000000002,late_70_100,0.500652854928273,0.045679673858353774,0.99900131294594,10.960079454173142,10.845009622988988
GBSA-TCL_vs_C0,C0,85014,pos,0.85,0.15000000000000002,late_70_100,0.03286225343979421,0.038221440514192906,0.9993253549648581,0.8597858426500525,0.8683066810067723
GBSA-TCL_vs_C0,C0,85014,cell,0.85,0.15000000000000002,late_70_100,0.059087574640750935,0.05619582429688067,0.9985512045322817,1.0514584558559592,1.0669699917973139
GBSA-TCL_vs_C0,C0,85015,atomic_numbers,0.85,0.15000000000000002,late_70_100,0.6392176648964699,0.05030420709736081,0.9987885475253396,12.707041851575205,12.824359479308287
GBSA-TCL_vs_C0,C0,85015,pos,0.85,0.15000000000000002,late_70_100,0.022913692748859977,0.025080457497964847,0.9999545946746066,0.913607447181508,0.9347612784608071
GBSA-TCL_vs_C0,C0,85015,cell,0.85,0.15000000000000002,late_70_100,0.02765689880925424,0.0326650278596103,0.9995715335845474,0.8466822354513123,0.8585964930335032
GBSA-TCL_vs_C0,C0,85016,atomic_numbers,0.85,0.15000000000000002,late_70_100,0.5912278602325396,0.04615871681618135,0.9989410235678068,12.808585268671932,12.842595655807834
GBSA-TCL_vs_C0,C0,85016,pos,0.85,0.15000000000000002,late_70_100,0.027082966139506958,0.03150933467307347,0.9997832150201755,0.8595219931016473,0.879663224265063
GBSA-TCL_vs_C0,C0,85016,cell,0.85,0.15000000000000002,late_70_100,0.029054900559440475,0.01925037690054078,0.9999514397124862,1.5093159323350323,1.5342015775910347
GBSA-TCL_vs_C0,C0,85017,atomic_numbers,0.85,0.15000000000000002,late_70_100,0.48689838052231993,0.039590247292539994,0.9992164948623108,12.298442516020014,12.301051361640246
GBSA-TCL_vs_C0,C0,85017,pos,0.85,0.15000000000000002,late_70_100,0.0403575017060416,0.051836771295123985,0.999089471781067,0.7785496800383827,0.8007627440514504
GBSA-TCL_vs_C0,C0,85017,cell,0.85,0.15000000000000002,late_70_100,0.00818090668999771,0.008189799602414354,0.9999963582894745,0.9989141477388503,1.0066344749815408
GBSA-TCL_vs_C0,C0,85018,atomic_numbers,0.85,0.15000000000000002,late_70_100,0.5464719695951146,0.047998768801037824,0.9988969626678531,11.385124728101339,11.485860706123129
GBSA-TCL_vs_C0,C0,85018,pos,0.85,0.15000000000000002,late_70_100,0.04505778879393516,0.061102229544398645,0.9985863800830234,0.7374164433917239,0.7585975627675696
GBSA-TCL_vs_C0,C0,85018,cell,0.85,0.15000000000000002,late_70_100,0.03542780975080817,0.027917198241937533,0.9998684646684954,1.2690317074006414,1.297700486038177
GBSA-TCL_vs_C0,C0,85019,atomic_numbers,0.85,0.15000000000000002,late_70_100,0.4822312299878425,0.0440964689648408,0.9990325383752111,10.935824144385293,10.889788958220135
GBSA-TCL_vs_C0,C0,85019,pos,0.85,0.15000000000000002,late_70_100,0.049136233118564805,0.05098408234103552,0.9988236538000447,0.9637563502641795,0.9778019712387495
GBSA-TCL_vs_C0,C0,85019,cell,0.85,0.15000000000000002,late_70_100,0.009406814908716893,0.0063669830219609605,0.9999830428413415,1.4774367822673566,1.481214354948872
GBSA-TCL_vs_C0,C0,85020,atomic_numbers,0.85,0.15000000000000002,late_70_100,0.6724061146579541,0.05768249378942278,0.9987394315189931,11.657022269402178,11.973625650519562
GBSA-TCL_vs_C0,C0,85020,pos,0.85,0.15000000000000002,late_70_100,0.04424008781893542,0.05948548504147933,0.9983378913788118,0.7437123155016172,0.7534334751797803
GBSA-TCL_vs_C0,C0,85020,cell,0.85,0.15000000000000002,late_70_100,0.07089311326339594,0.04444717452319682,0.9994819728632258,1.594997072904985,1.643066402748077
GBSA-TCL_vs_C0,C0,85021,atomic_numbers,0.85,0.15000000000000002,late_70_100,0.5397878300409829,0.03998104990239295,0.9992335488294075,13.501091926269698,13.380919891377712
GBSA-TCL_vs_C0,C0,85021,pos,0.85,0.15000000000000002,late_70_100,0.03595931846667133,0.03247462324591883,0.9997477996841682,1.1073051777803284,1.1330007580951769
GBSA-TCL_vs_C0,C0,85021,cell,0.85,0.15000000000000002,late_70_100,0.011941082780904522,0.020432075930999914,0.9999806714644641,0.5844282696104949,0.5957917708491308
GBSA-TCL_vs_C0,C0,85022,atomic_numbers,0.85,0.15000000000000002,late_70_100,0.5630102508556059,0.05014131126765144,0.9988252648588783,11.228470828181768,11.07058512410246
GBSA-TCL_vs_C0,C0,85022,pos,0.85,0.15000000000000002,late_70_100,0.028193719594458336,0.029789208777882478,0.9999032812486083,0.9464406995391987,0.9712815206962726
GBSA-TCL_vs_C0,C0,85022,cell,0.85,0.15000000000000002,late_70_100,0.02217386736632726,0.023883031478231547,0.9998315519811629,0.9284360482687416,0.9424677719007398
GBSA-TCL_vs_C0,C0,85023,atomic_numbers,0.85,0.15000000000000002,late_70_100,0.6220090274364358,0.055893922733958934,0.9985673478105742,11.128383856632194,10.932697988049163
GBSA-TCL_vs_C0,C0,85023,pos,0.85,0.15000000000000002,late_70_100,0.04527133652952414,0.04782245457500482,0.99924611627573,0.9466543892790051,0.9723757479289366
GBSA-TCL_vs_C0,C0,85023,cell,0.85,0.15000000000000002,late_70_100,0.010355515157730585,0.017424095026913552,0.9998856353438794,0.5943215496549623,0.5993965346724964
GBSA-TCL_vs_C0,C0,85024,atomic_numbers,0.85,0.15000000000000002,late_70_100,0.8172734944024338,0.05862465047909324,0.9989767422932914,13.940782379485412,14.44652560804386
GBSA-TCL_vs_C0,C0,85024,pos,0.85,0.15000000000000002,late_70_100,0.015842073747846783,0.026522035900659834,0.9999449513909147,0.5973174083311097,0.6118341318520452
GBSA-TCL_vs_C0,C0,85024,cell,0.85,0.15000000000000002,late_70_100,0.017032377172478633,0.017021584592623967,0.999968405004731,1.000634052593396,1.0156634044717674
GBSA-TCL_vs_C0,C0,85025,atomic_numbers,0.85,0.15000000000000002,late_70_100,0.49155513488298097,0.040550037768765514,0.9991999706101244,12.122186856792805,12.0312729665685
GBSA-TCL_vs_C0,C0,85025,pos,0.85,0.15000000000000002,late_70_100,0.03637623333399434,0.03921506406254759,0.9993779926842764,0.9276086678316948,0.9429420974142124
GBSA-TCL_vs_C0,C0,85025,cell,0.85,0.15000000000000002,late_70_100,0.00852989966386555,0.010403481304312859,0.9999635291134212,0.8199082032597496,0.8247491335414211
GBSA-TCL_vs_C0,C0,85026,atomic_numbers,0.85,0.15000000000000002,late_70_100,0.48558170633858944,0.04132417841927814,0.9991555689526527,11.750547135186617,11.688684144640478
GBSA-TCL_vs_C0,C0,85026,pos,0.85,0.15000000000000002,late_70_100,0.039602419855102586,0.04002826868258656,0.9993290799852161,0.9893612978652452,1.0046772288454278
GBSA-TCL_vs_C0,C0,85026,cell,0.85,0.15000000000000002,late_70_100,0.012294036143680348,0.015710254621885668,0.9999461303072722,0.7825484971168928,0.7917349613698315
GBSA-TCL_vs_C0,C0,85027,atomic_numbers,0.85,0.15000000000000002,late_70_100,0.6743236289340753,0.05776034853917769,0.9985173742385776,11.674507616184055,11.431664691664343
GBSA-TCL_vs_C0,C0,85027,pos,0.85,0.15000000000000002,late_70_100,0.05823530848293845,0.06946762288368288,0.9980666410412862,0.8383086402776168,0.8626993859067021
GBSA-TCL_vs_C0,C0,85027,cell,0.85,0.15000000000000002,late_70_100,0.019876715831943767,0.018592205071121526,0.9998998694570421,1.0690886721563446,1.0818737440159691
GBSA-TCL_vs_C0,C0,85028,atomic_numbers,0.85,0.15000000000000002,late_70_100,0.5865808151326871,0.06206945666876978,0.9981915387450353,9.450393907311666,9.28721424512045
GBSA-TCL_vs_C0,C0,85028,pos,0.85,0.15000000000000002,late_70_100,0.05530332069787232,0.06565213099527743,0.9981486698045821,0.8423690116296524,0.8616310120871199
GBSA-TCL_vs_C0,C0,85028,cell,0.85,0.15000000000000002,late_70_100,0.020454210848634618,0.022376618845895525,0.999950419056061,0.9140885398951358,0.932360459055933
GBSA-TCL_vs_C0,C0,85029,atomic_numbers,0.85,0.15000000000000002,late_70_100,0.5347307516136341,0.03539016556585483,0.99937371425139,15.109586040748953,15.092063104961698
GBSA-TCL_vs_C0,C0,85029,pos,0.85,0.15000000000000002,late_70_100,0.04588796943989076,0.07701220246310889,0.9974227318187371,0.595853228089048,0.6109906445215275
GBSA-TCL_vs_C0,C0,85029,cell,0.85,0.15000000000000002,late_70_100,0.03415202259514799,0.023202543012390147,0.9999472340900085,1.4719085997130068,1.502453317352172
GBSA-TCL_vs_C0,C0,85030,atomic_numbers,0.85,0.15000000000000002,late_70_100,0.5924488686317956,0.0472395919458863,0.9988846123942386,12.5413629590716,12.509427068352105
GBSA-TCL_vs_C0,C0,85030,pos,0.85,0.15000000000000002,late_70_100,0.06920331362037485,0.11587026445599242,0.9949827155056835,0.5972482581729008,0.6291614667024671
GBSA-TCL_vs_C0,C0,85030,cell,0.85,0.15000000000000002,late_70_100,0.024748284336266985,0.02078991507892311,0.9999595880956038,1.1903985293983659,1.2126651855488866
GBSA-TCL_vs_C0,C0,85031,atomic_numbers,0.85,0.15000000000000002,late_70_100,0.575751277388562,0.05262014976056901,0.9986228208962362,10.941650299520855,10.97091708099565
GBSA-TCL_vs_C0,C0,85031,pos,0.85,0.15000000000000002,late_70_100,0.04751846393832136,0.04478362991697667,0.9992345817886273,1.0610677166280345,1.0833888509346001
GBSA-TCL_vs_C0,C0,85031,cell,0.85,0.15000000000000002,late_70_100,0.02225137030264354,0.01605413803900275,0.9999681351300665,1.3860208656849042,1.4052820666477732
GBSA-TCL_vs_C0,TCL,85000,atomic_numbers,0.85,0.15000000000000002,late_70_100,0.5441196324520352,0.05316138488514845,0.9987282026521754,10.235241870157614,10.394759328748489
GBSA-TCL_vs_C0,TCL,85000,pos,0.85,0.15000000000000002,late_70_100,0.057455225784429534,0.053558029274226523,0.9987130914439416,1.0727658684050656,1.0898512767234418
GBSA-TCL_vs_C0,TCL,85000,cell,0.85,0.15000000000000002,late_70_100,0.04331546846791322,0.03427105579244773,0.9995976305731405,1.2639082008514777,1.2877090471815247
GBSA-TCL_vs_C0,TCL,85001,atomic_numbers,0.85,0.15000000000000002,late_70_100,0.6160506443242676,0.05952505741661916,0.9983235161818482,10.349433852915004,10.188276173592548
GBSA-TCL_vs_C0,TCL,85001,pos,0.85,0.15000000000000002,late_70_100,0.05978380161700703,0.06476117559360646,0.9981558703040064,0.9231426247133966,0.9422703718194125
GBSA-TCL_vs_C0,TCL,85001,cell,0.85,0.15000000000000002,late_70_100,0.04942451954819281,0.08311668925693849,0.9990070610678489,0.5946401377394481,0.6357741677532827
GBSA-TCL_vs_C0,TCL,85002,atomic_numbers,0.85,0.15000000000000002,late_70_100,0.5715896718802516,0.0594961132414674,0.9983522600939619,9.607176683297483,9.742342134114208
GBSA-TCL_vs_C0,TCL,85002,pos,0.85,0.15000000000000002,late_70_100,0.08489267773804209,0.08233774105180096,0.9969980796806892,1.031029958480811,1.0568161430421592
GBSA-TCL_vs_C0,TCL,85002,cell,0.85,0.15000000000000002,late_70_100,0.015962467137510854,0.023199206470566086,0.9997399268774841,0.6880609109524147,0.6908112441408878
GBSA-TCL_vs_C0,TCL,85003,atomic_numbers,0.85,0.15000000000000002,late_70_100,0.8239207102792481,0.08141940393540499,0.9975716107018721,10.119463794317571,9.668160537626582
GBSA-TCL_vs_C0,TCL,85003,pos,0.85,0.15000000000000002,late_70_100,0.09648604439856125,0.12315350628123684,0.9933662605980461,0.7834616107333799,0.8128016946647741
GBSA-TCL_vs_C0,TCL,85003,cell,0.85,0.15000000000000002,late_70_100,0.0702402956951063,0.13340823082647543,0.9974226102358423,0.5265064626070045,0.5843659096006057
GBSA-TCL_vs_C0,TCL,85004,atomic_numbers,0.85,0.15000000000000002,late_70_100,0.5906934958774537,0.05147138289280547,0.9986811065882811,11.476153596021199,11.419234622508446
GBSA-TCL_vs_C0,TCL,85004,pos,0.85,0.15000000000000002,late_70_100,0.04379144321335358,0.04237034783287236,0.9993890289257323,1.0335398563657456,1.0576632914656874
GBSA-TCL_vs_C0,TCL,85004,cell,0.85,0.15000000000000002,late_70_100,0.015302622266277224,0.026589976964006425,0.9998720312520599,0.5755034044215852,0.5876530188503525
GBSA-TCL_vs_C0,TCL,85005,atomic_numbers,0.85,0.15000000000000002,late_70_100,0.6484630562635793,0.06367004460964924,0.9985984778444358,10.184743237407822,9.809981760494226
GBSA-TCL_vs_C0,TCL,85005,pos,0.85,0.15000000000000002,late_70_100,0.05151493760804039,0.0548000382853894,0.9985816184907904,0.9400529492289632,0.9509146942603546
GBSA-TCL_vs_C0,TCL,85005,cell,0.85,0.15000000000000002,late_70_100,0.018139782889539602,0.02452416454884316,0.9997155538030277,0.7396697593270423,0.7436841118952155
GBSA-TCL_vs_C0,TCL,85006,atomic_numbers,0.85,0.15000000000000002,late_70_100,0.7082430374599665,0.06585043385890986,0.9979738933479062,10.755328339634596,10.550958603649695
GBSA-TCL_vs_C0,TCL,85006,pos,0.85,0.15000000000000002,late_70_100,0.026389261003435863,0.03118155167294304,0.9998437119009149,0.8463100643684273,0.8679155694847739
GBSA-TCL_vs_C0,TCL,85006,cell,0.85,0.15000000000000002,late_70_100,0.03052607737543634,0.03648438197551698,0.9995405595020014,0.836688898716196,0.8532964903849817
GBSA-TCL_vs_C0,TCL,85007,atomic_numbers,0.85,0.15000000000000002,late_70_100,0.5858645827419706,0.0574908668847898,0.9984536679294764,10.190567902133534,10.324207510280427
GBSA-TCL_vs_C0,TCL,85007,pos,0.85,0.15000000000000002,late_70_100,0.02689997826213986,0.03950240247349238,0.9999282891163412,0.6809706898255307,0.7065558872882657
GBSA-TCL_vs_C0,TCL,85007,cell,0.85,0.15000000000000002,late_70_100,0.009851811719581025,0.009946702199728463,0.9999610941508981,0.9904601064511586,0.9949741018148174
GBSA-TCL_vs_C0,TCL,85008,atomic_numbers,0.85,0.15000000000000002,late_70_100,0.5743542271700504,0.04886684360978557,0.9988279928926139,11.75345458684457,11.660548244371645
GBSA-TCL_vs_C0,TCL,85008,pos,0.85,0.15000000000000002,late_70_100,0.036963065298400405,0.04316088523553099,0.9991233138035407,0.8564019272702869,0.8646436861601108
GBSA-TCL_vs_C0,TCL,85008,cell,0.85,0.15000000000000002,late_70_100,0.014806142210485904,0.01017692426179362,0.999967258885749,1.4548739707213278,1.4638052348794017
GBSA-TCL_vs_C0,TCL,85009,atomic_numbers,0.85,0.15000000000000002,late_70_100,0.5488806780890573,0.04970993107283629,0.9987653596187491,11.041670471938957,11.007916609251325
GBSA-TCL_vs_C0,TCL,85009,pos,0.85,0.15000000000000002,late_70_100,0.02831592624948469,0.028091039508686192,0.9996727066396417,1.0080056396890889,1.019371497940464
GBSA-TCL_vs_C0,TCL,85009,cell,0.85,0.15000000000000002,late_70_100,0.011900562786152178,0.025754430890692532,0.9996907750011135,0.46207826671304764,0.46503290225242344
GBSA-TCL_vs_C0,TCL,85010,atomic_numbers,0.85,0.15000000000000002,late_70_100,0.5784813488462817,0.04772364006308695,0.9988838391767545,12.121484196963479,12.025323846695079
GBSA-TCL_vs_C0,TCL,85010,pos,0.85,0.15000000000000002,late_70_100,0.026055105320326323,0.04764701322158515,0.9991236419000354,0.5468360671246184,0.5339075860161088
GBSA-TCL_vs_C0,TCL,85010,cell,0.85,0.15000000000000002,late_70_100,0.024562082226500546,0.021352019352413192,0.9998996684892002,1.1503400133310835,1.1686032652355638
GBSA-TCL_vs_C0,TCL,85011,atomic_numbers,0.85,0.15000000000000002,late_70_100,0.5640418338050643,0.05612452197225381,0.9984446967093766,10.049828737675641,10.0991533470837
GBSA-TCL_vs_C0,TCL,85011,pos,0.85,0.15000000000000002,late_70_100,0.056430351991662055,0.06416184869060286,0.9983457858520791,0.8795000945776494,0.9030924579001737
GBSA-TCL_vs_C0,TCL,85011,cell,0.85,0.15000000000000002,late_70_100,0.021293653202023134,0.031587967928032215,0.9996575532378222,0.6741064588433509,0.6858022209699254
GBSA-TCL_vs_C0,TCL,85012,atomic_numbers,0.85,0.15000000000000002,late_70_100,0.5148795211530014,0.042879164360219664,0.9990884571242066,12.007685523616951,12.04531980329145
GBSA-TCL_vs_C0,TCL,85012,pos,0.85,0.15000000000000002,late_70_100,0.06690945293208699,0.061017495431392475,0.9986835165840938,1.0965617723087204,1.131352872979532
GBSA-TCL_vs_C0,TCL,85012,cell,0.85,0.15000000000000002,late_70_100,0.02097955302150958,0.015842780538083124,0.9999483964895254,1.324234276368255,1.3402644769516
GBSA-TCL_vs_C0,TCL,85013,atomic_numbers,0.85,0.15000000000000002,late_70_100,0.5666344105853981,0.05857442156244893,0.9983449081191251,9.673751707155706,9.55022780005798
GBSA-TCL_vs_C0,TCL,85013,pos,0.85,0.15000000000000002,late_70_100,0.06153749974060957,0.0906879729574651,0.9964904132437192,0.6785629641261492,0.6998579119683976
GBSA-TCL_vs_C0,TCL,85013,cell,0.85,0.15000000000000002,late_70_100,0.01897170768929394,0.029769728626040538,0.9997116210929461,0.6372818485385445,0.6483106467900247
GBSA-TCL_vs_C0,TCL,85014,atomic_numbers,0.85,0.15000000000000002,late_70_100,0.559059657036258,0.05307827974424209,0.998596263258221,10.532738810113846,10.55413595006722
GBSA-TCL_vs_C0,TCL,85014,pos,0.85,0.15000000000000002,late_70_100,0.04187137508562905,0.03570807433906701,0.9996078151811818,1.1726024396621963,1.1981217476538806
GBSA-TCL_vs_C0,TCL,85014,cell,0.85,0.15000000000000002,late_70_100,0.050907183833222784,0.058510890788034,0.9985379532997745,0.8700462964688576,0.8882595661847469
GBSA-TCL_vs_C0,TCL,85015,atomic_numbers,0.85,0.15000000000000002,late_70_100,0.7224642846269995,0.061375953142565255,0.998122765089811,11.77112936965469,11.796207578054354
GBSA-TCL_vs_C0,TCL,85015,pos,0.85,0.15000000000000002,late_70_100,0.04317582860253086,0.04700046525417081,0.9990531678245836,0.9186255576203993,0.9340927450797941
GBSA-TCL_vs_C0,TCL,85015,cell,0.85,0.15000000000000002,late_70_100,0.016161445750308586,0.02265228715410346,0.9997791252267528,0.713457570105937,0.7193296664672517
GBSA-TCL_vs_C0,TCL,85016,atomic_numbers,0.85,0.15000000000000002,late_70_100,0.6241073203910085,0.05041825366069134,0.9991063384619656,12.378598524875024,12.70777342949113
GBSA-TCL_vs_C0,TCL,85016,pos,0.85,0.15000000000000002,late_70_100,0.029482332519218304,0.040719090507037516,0.9997559847332887,0.7240420194091234,0.7486321658415664
GBSA-TCL_vs_C0,TCL,85016,cell,0.85,0.15000000000000002,late_70_100,0.017773754440504837,0.01952194893197058,0.9998777851599443,0.9104497969153699,0.9209830725972656
GBSA-TCL_vs_C0,TCL,85017,atomic_numbers,0.85,0.15000000000000002,late_70_100,0.5771604856768969,0.06463886767307098,0.9979389517660152,8.929000560406577,8.979953821832835
GBSA-TCL_vs_C0,TCL,85017,pos,0.85,0.15000000000000002,late_70_100,0.04633613123905453,0.060085882204664015,0.9984822129802754,0.7711650314332543,0.7885192751541494
GBSA-TCL_vs_C0,TCL,85017,cell,0.85,0.15000000000000002,late_70_100,0.01590884213736462,0.01357695875608362,0.9999445630663476,1.171752998825022,1.1817312019638193
GBSA-TCL_vs_C0,TCL,85018,atomic_numbers,0.85,0.15000000000000002,late_70_100,0.6526967946346478,0.06288247448842867,0.9982002854427091,10.3796296177046,10.557345295217322
GBSA-TCL_vs_C0,TCL,85018,pos,0.85,0.15000000000000002,late_70_100,0.02464411749445119,0.026323083412361184,0.9999814664094412,0.9362169738397151,0.9601755136340053
GBSA-TCL_vs_C0,TCL,85018,cell,0.85,0.15000000000000002,late_70_100,0.05112687150582866,0.10189930939406384,0.9981679091138052,0.5017391365049532,0.5419583653851184
GBSA-TCL_vs_C0,TCL,85019,atomic_numbers,0.85,0.15000000000000002,late_70_100,0.5280417987617445,0.05341922048430443,0.9986681550087133,9.884865297068371,10.00856076115046
GBSA-TCL_vs_C0,TCL,85019,pos,0.85,0.15000000000000002,late_70_100,0.06872274324272472,0.06729851637282148,0.9983075749482317,1.0211628271567426,1.054020279209002
GBSA-TCL_vs_C0,TCL,85019,cell,0.85,0.15000000000000002,late_70_100,0.018268308862711753,0.040941795931026884,0.9994014092676794,0.4462019422276368,0.45570460928019596
GBSA-TCL_vs_C0,TCL,85020,atomic_numbers,0.85,0.15000000000000002,late_70_100,0.5575822908536907,0.05471967434641476,0.9985291840082388,10.18979548971354,10.25022235338433
GBSA-TCL_vs_C0,TCL,85020,pos,0.85,0.15000000000000002,late_70_100,0.03909447662767075,0.031857218519894336,0.9997867368421556,1.2271779660630717,1.2566838971941998
GBSA-TCL_vs_C0,TCL,85020,cell,0.85,0.15000000000000002,late_70_100,0.035189144837336456,0.052209838283836255,0.9993145745762431,0.6739945189263445,0.6983469535021585
GBSA-TCL_vs_C0,TCL,85021,atomic_numbers,0.85,0.15000000000000002,late_70_100,0.5547302294652618,0.04640568491333674,0.998945556158523,11.953928284890708,12.022144613863107
GBSA-TCL_vs_C0,TCL,85021,pos,0.85,0.15000000000000002,late_70_100,0.03362663396480849,0.03491045514570348,0.9996722559140279,0.9632253095659516,0.9857719514349567
GBSA-TCL_vs_C0,TCL,85021,cell,0.85,0.15000000000000002,late_70_100,0.01129855972802132,0.010106731417059063,0.9999851205047767,1.1179242092998116,1.1274189523010316
GBSA-TCL_vs_C0,TCL,85022,atomic_numbers,0.85,0.15000000000000002,late_70_100,0.5666808956636608,0.044240189236937386,0.9991088885506989,12.809187877309599,12.627953617149469
GBSA-TCL_vs_C0,TCL,85022,pos,0.85,0.15000000000000002,late_70_100,0.0537075485593465,0.0534715162359679,0.9988692328072488,1.004414169262323,1.02785984019568
GBSA-TCL_vs_C0,TCL,85022,cell,0.85,0.15000000000000002,late_70_100,0.02177664508424385,0.017707885652553858,0.9999699517809749,1.2297710472906285,1.2493131035197877
GBSA-TCL_vs_C0,TCL,85023,atomic_numbers,0.85,0.15000000000000002,late_70_100,0.5563825720982715,0.05343603223298298,0.9987099484663527,10.41212359616118,10.571974530247228
GBSA-TCL_vs_C0,TCL,85023,pos,0.85,0.15000000000000002,late_70_100,0.059044450483010096,0.0735812734934371,0.9984638507737909,0.8024385510027415,0.840058043721407
GBSA-TCL_vs_C0,TCL,85023,cell,0.85,0.15000000000000002,late_70_100,0.023492677032264937,0.016843908469609186,0.9999124853245602,1.394728371663374,1.4091473547880513
GBSA-TCL_vs_C0,TCL,85024,atomic_numbers,0.85,0.15000000000000002,late_70_100,0.8171976728139224,0.06732333452819309,0.9980716915393436,12.13840161870924,12.431417073596483
GBSA-TCL_vs_C0,TCL,85024,pos,0.85,0.15000000000000002,late_70_100,0.015821859370746177,0.030036944806728985,0.999965085116831,0.5267466272802055,0.5419254878699228
GBSA-TCL_vs_C0,TCL,85024,cell,0.85,0.15000000000000002,late_70_100,0.03620837309284198,0.036240328287048165,0.9995400006412658,0.9991182421430327,1.018479861974686
GBSA-TCL_vs_C0,TCL,85025,atomic_numbers,0.85,0.15000000000000002,late_70_100,0.7107573404857104,0.05575868694947874,0.9986990619408328,12.747024353885996,13.017984155596862
GBSA-TCL_vs_C0,TCL,85025,pos,0.85,0.15000000000000002,late_70_100,0.024274710191519198,0.022969071912545453,0.9999601470661479,1.0568433188743955,1.0791672110829937
GBSA-TCL_vs_C0,TCL,85025,cell,0.85,0.15000000000000002,late_70_100,0.03060688264959592,0.035658217634705086,0.9998033954624299,0.8583402278583646,0.8836099051332578
GBSA-TCL_vs_C0,TCL,85026,atomic_numbers,0.85,0.15000000000000002,late_70_100,0.6100164716435437,0.04197248644020873,0.9991344456017969,14.533722525886898,14.602492713413543
GBSA-TCL_vs_C0,TCL,85026,pos,0.85,0.15000000000000002,late_70_100,0.027339354710275016,0.029807646103855445,0.999788835679432,0.9171926765038593,0.9368029640303348
GBSA-TCL_vs_C0,TCL,85026,cell,0.85,0.15000000000000002,late_70_100,0.031767928674410015,0.07037492182467972,0.9979737252786894,0.45140978989008773,0.4640688599252855
GBSA-TCL_vs_C0,TCL,85027,atomic_numbers,0.85,0.15000000000000002,late_70_100,0.7027473035975159,0.06463583137129769,0.9979499957380327,10.872410684417678,10.948566871203452
GBSA-TCL_vs_C0,TCL,85027,pos,0.85,0.15000000000000002,late_70_100,0.056532676815073055,0.057375171695859914,0.9986175121638639,0.9853160373052506,1.006612818266373
GBSA-TCL_vs_C0,TCL,85027,cell,0.85,0.15000000000000002,late_70_100,0.0231948144976807,0.013660414711165976,0.9999715277363596,1.6979582968825493,1.7172445618742636
GBSA-TCL_vs_C0,TCL,85028,atomic_numbers,0.85,0.15000000000000002,late_70_100,0.4886022176507868,0.04856907892623562,0.9988249065386527,10.059944072500377,10.08017171211151
GBSA-TCL_vs_C0,TCL,85028,pos,0.85,0.15000000000000002,late_70_100,0.04717005803214932,0.0584492719920009,0.998522786503679,0.8070255868816432,0.8232186601986171
GBSA-TCL_vs_C0,TCL,85028,cell,0.85,0.15000000000000002,late_70_100,0.023788411935700502,0.024207054789474446,0.9998778683562655,0.9827057501453677,1.0007520540060764
GBSA-TCL_vs_C0,TCL,85029,atomic_numbers,0.85,0.15000000000000002,late_70_100,0.5390111444212657,0.0531090722918971,0.9986009137518709,10.149135000113782,10.084845102031545
GBSA-TCL_vs_C0,TCL,85029,pos,0.85,0.15000000000000002,late_70_100,0.02301483965642403,0.033874023243360175,0.999633187540356,0.6794244513289484,0.6929987892889009
GBSA-TCL_vs_C0,TCL,85029,cell,0.85,0.15000000000000002,late_70_100,0.018079959664988033,0.01531960867270637,0.999899876283452,1.1801841712314454,1.1869932959812537
GBSA-TCL_vs_C0,TCL,85030,atomic_numbers,0.85,0.15000000000000002,late_70_100,0.7918185955001497,0.06804931374158733,0.9978879362512861,11.635952693175234,11.847286230700908
GBSA-TCL_vs_C0,TCL,85030,pos,0.85,0.15000000000000002,late_70_100,0.022992019961395264,0.031027738516078814,0.9999890556656085,0.7410150098267917,0.7637360421871814
GBSA-TCL_vs_C0,TCL,85030,cell,0.85,0.15000000000000002,late_70_100,0.042210090381284475,0.03996937172365089,0.9996369697271129,1.0560608926536539,1.0868558537222979
GBSA-TCL_vs_C0,TCL,85031,atomic_numbers,0.85,0.15000000000000002,late_70_100,0.6901575694940263,0.049259552747744136,0.9987969535314868,14.01063410031941,14.059281810771969
GBSA-TCL_vs_C0,TCL,85031,pos,0.85,0.15000000000000002,late_70_100,0.03010853586043141,0.03409607934955571,0.9997436206592449,0.8830497944281601,0.9053342359017685
GBSA-TCL_vs_C0,TCL,85031,cell,0.85,0.15000000000000002,late_70_100,0.027175642714433845,0.02732636805978023,0.9996539999599846,0.9944842525352563,1.001505391304726
GBSA-TCL_vs_C0,C0,85000,atomic_numbers,0.95,0.050000000000000044,late_70_100,0.5145829316703392,0.04167266512579603,0.9991940020986673,12.348212674111036,12.200056646240641
GBSA-TCL_vs_C0,C0,85000,pos,0.95,0.050000000000000044,late_70_100,0.08464585016663921,0.08440521053376508,0.9965619427767038,1.0028510044741594,1.0155719325420665
GBSA-TCL_vs_C0,C0,85000,cell,0.95,0.050000000000000044,late_70_100,0.008517200899299204,0.009533940058264098,0.9999549810964365,0.893355826368598,0.8924870323250766
GBSA-TCL_vs_C0,C0,85001,atomic_numbers,0.95,0.050000000000000044,late_70_100,0.6490437660017212,0.056850898807157366,0.9984170426048115,11.416596388446342,11.493093287378475
GBSA-TCL_vs_C0,C0,85001,pos,0.95,0.050000000000000044,late_70_100,0.013177224071811565,0.01748044828476593,0.9999113464353158,0.7538264383811834,0.762297065385112
GBSA-TCL_vs_C0,C0,85001,cell,0.95,0.050000000000000044,late_70_100,0.09248846458549365,0.11406826183729592,0.9959205757001187,0.8108168135095883,0.8640886018059433
GBSA-TCL_vs_C0,C0,85002,atomic_numbers,0.95,0.050000000000000044,late_70_100,0.5137299676381551,0.054407619763935156,0.9985315490565947,9.442243014253101,9.476005727767596
GBSA-TCL_vs_C0,C0,85002,pos,0.95,0.050000000000000044,late_70_100,0.06604599295145219,0.07516256784628723,0.9972113012327076,0.8787085758767703,0.868408991342394
GBSA-TCL_vs_C0,C0,85002,cell,0.95,0.050000000000000044,late_70_100,0.017074725896045063,0.02110649740091431,0.999842029577773,0.8089796033758497,0.818060268907686
GBSA-TCL_vs_C0,C0,85003,atomic_numbers,0.95,0.050000000000000044,late_70_100,0.4873603613162262,0.039042950880857644,0.9992629180483577,12.482672296042413,12.384562488841457
GBSA-TCL_vs_C0,C0,85003,pos,0.95,0.050000000000000044,late_70_100,0.05529382251404472,0.0647821102528661,0.9979027175014782,0.8535353710802961,0.8539306178266752
GBSA-TCL_vs_C0,C0,85003,cell,0.95,0.050000000000000044,late_70_100,0.018256538660217786,0.02652824008519352,0.9997088397931089,0.6881926053740555,0.6955783452759381
GBSA-TCL_vs_C0,C0,85004,atomic_numbers,0.95,0.050000000000000044,late_70_100,0.5031757648062776,0.03995811943508542,0.9992054539253554,12.59257872792837,12.546534661892736
GBSA-TCL_vs_C0,C0,85004,pos,0.95,0.050000000000000044,late_70_100,0.0626700726972144,0.060650087117389215,0.9986453014233198,1.0333055676559126,1.0641023166492511
GBSA-TCL_vs_C0,C0,85004,cell,0.95,0.050000000000000044,late_70_100,0.01753323365511855,0.022929080596681323,0.9997817184781528,0.7646723374358174,0.7572823115275213
GBSA-TCL_vs_C0,C0,85005,atomic_numbers,0.95,0.050000000000000044,late_70_100,0.4433739212060729,0.04542374293237166,0.9989702678703789,9.760840753836215,9.772423810598404
GBSA-TCL_vs_C0,C0,85005,pos,0.95,0.050000000000000044,late_70_100,0.09733112208501311,0.07638833256101726,0.9971023075613651,1.2741621504470884,1.2793150458933304
GBSA-TCL_vs_C0,C0,85005,cell,0.95,0.050000000000000044,late_70_100,0.02266902851361568,0.02255559744244371,0.9998134233505167,1.0050289544075,1.0165463161310653
GBSA-TCL_vs_C0,C0,85006,atomic_numbers,0.95,0.050000000000000044,late_70_100,0.5536501917894572,0.05564427299386303,0.9984630036698501,9.949814455308257,9.88511720176871
GBSA-TCL_vs_C0,C0,85006,pos,0.95,0.050000000000000044,late_70_100,0.0515589819691514,0.05497520053455946,0.9984955546000286,0.9378589157985792,0.9327383462892873
GBSA-TCL_vs_C0,C0,85006,cell,0.95,0.050000000000000044,late_70_100,0.009607428455221386,0.00947794215215015,0.9999591676812647,1.013661858343571,1.01072337767846
GBSA-TCL_vs_C0,C0,85007,atomic_numbers,0.95,0.050000000000000044,late_70_100,0.652482927810633,0.06009042839766137,0.998629443298221,10.858350409697309,11.164042644510616
GBSA-TCL_vs_C0,C0,85007,pos,0.95,0.050000000000000044,late_70_100,0.009103145433766249,0.008372030586173508,0.999975448392974,1.0873282580692172,1.092282936415865
GBSA-TCL_vs_C0,C0,85007,cell,0.95,0.050000000000000044,late_70_100,0.11339866757089885,0.13944060227163205,0.9903535950418151,0.8132399439153082,0.8180963577359082
GBSA-TCL_vs_C0,C0,85008,atomic_numbers,0.95,0.050000000000000044,late_70_100,0.5018958976356248,0.054403047331481345,0.9985269169090445,9.225510743498253,9.248469836131944
GBSA-TCL_vs_C0,C0,85008,pos,0.95,0.050000000000000044,late_70_100,0.0831630114157863,0.06684165220130563,0.997768399660586,1.2441794700903859,1.2452550618227127
GBSA-TCL_vs_C0,C0,85008,cell,0.95,0.050000000000000044,late_70_100,0.05921403598104882,0.04618689083677611,0.9989515134152753,1.2820528705928806,1.2885444047440449
GBSA-TCL_vs_C0,C0,85009,atomic_numbers,0.95,0.050000000000000044,late_70_100,0.6622429054927695,0.05481920576768098,0.9985004960656012,12.080490700636885,12.02739263279213
GBSA-TCL_vs_C0,C0,85009,pos,0.95,0.050000000000000044,late_70_100,0.08181757435245263,0.07345077938859569,0.9974197873741104,1.1139102271412522,1.1283375783881255
GBSA-TCL_vs_C0,C0,85009,cell,0.95,0.050000000000000044,late_70_100,0.15465852384525297,0.1230455442619005,0.9933652973940927,1.256920961851855,1.3035828378443712
GBSA-TCL_vs_C0,C0,85010,atomic_numbers,0.95,0.050000000000000044,late_70_100,0.6745756165679712,0.06061957585922201,0.9981681980149458,11.128016107116142,11.065280208159423
GBSA-TCL_vs_C0,C0,85010,pos,0.95,0.050000000000000044,late_70_100,0.033043689657325945,0.0275797655523028,0.9999445365313607,1.1981135080594234,1.2285864882222035
GBSA-TCL_vs_C0,C0,85010,cell,0.95,0.050000000000000044,late_70_100,0.03699752593123588,0.03702104757220204,0.9995696859125945,0.9993646413997259,1.0215059753489355
GBSA-TCL_vs_C0,C0,85011,atomic_numbers,0.95,0.050000000000000044,late_70_100,0.667996373521687,0.04622346056694441,0.9989334596069569,14.451457448847712,14.467257623988393
GBSA-TCL_vs_C0,C0,85011,pos,0.95,0.050000000000000044,late_70_100,0.021764917793919758,0.02097843047987379,0.9998958696045104,1.037490283879936,1.0531795373373518
GBSA-TCL_vs_C0,C0,85011,cell,0.95,0.050000000000000044,late_70_100,0.03045947560865601,0.05090749416218816,0.9987218696978658,0.5983298944476423,0.5939283102827758
GBSA-TCL_vs_C0,C0,85012,atomic_numbers,0.95,0.050000000000000044,late_70_100,0.5520943446134674,0.04915434384324099,0.9989253079887837,11.231852598300607,11.035935752745171
GBSA-TCL_vs_C0,C0,85012,pos,0.95,0.050000000000000044,late_70_100,0.090500320854677,0.0899055035709169,0.9959625498179844,1.0066160274970366,1.0075242034423146
GBSA-TCL_vs_C0,C0,85012,cell,0.95,0.050000000000000044,late_70_100,0.07236061109164918,0.07555093865825828,0.9973933489062905,0.9577724959706987,0.9767231098566785
GBSA-TCL_vs_C0,C0,85013,atomic_numbers,0.95,0.050000000000000044,late_70_100,0.5769739942163434,0.05538633858919461,0.9984748722082807,10.41726189008107,10.447630787850482
GBSA-TCL_vs_C0,C0,85013,pos,0.95,0.050000000000000044,late_70_100,0.053515189179093293,0.05491619171155034,0.9985757081617103,0.9744883523639826,0.9857774766464369
GBSA-TCL_vs_C0,C0,85013,cell,0.95,0.050000000000000044,late_70_100,0.021119132370108356,0.01799536665685161,0.9999054710226718,1.1735872223568944,1.18710123283067
GBSA-TCL_vs_C0,C0,85014,atomic_numbers,0.95,0.050000000000000044,late_70_100,0.5293981419721202,0.049413793042019406,0.9988757316019476,10.713570227688097,10.552129517438514
GBSA-TCL_vs_C0,C0,85014,pos,0.95,0.050000000000000044,late_70_100,0.0572969220177367,0.07330542975742356,0.997417632297013,0.7816190725208088,0.7910779229750279
GBSA-TCL_vs_C0,C0,85014,cell,0.95,0.050000000000000044,late_70_100,0.05562240216978437,0.04788977350740326,0.9988598990168011,1.1614672214138937,1.1645700762796705
GBSA-TCL_vs_C0,C0,85015,atomic_numbers,0.95,0.050000000000000044,late_70_100,0.6643809169808595,0.05303600143370208,0.9987327698865474,12.526979768853286,12.720707852195524
GBSA-TCL_vs_C0,C0,85015,pos,0.95,0.050000000000000044,late_70_100,0.024420510527761268,0.022028126526689673,0.9997950467075071,1.1086058770441933,1.1180033672890415
GBSA-TCL_vs_C0,C0,85015,cell,0.95,0.050000000000000044,late_70_100,0.08350594235253844,0.0746117415594474,0.9976925298273217,1.1192064493763962,1.1512523866321718
GBSA-TCL_vs_C0,C0,85016,atomic_numbers,0.95,0.050000000000000044,late_70_100,0.6374815676909817,0.05610337293854913,0.9985820712640662,11.362624639150042,11.547776574346413
GBSA-TCL_vs_C0,C0,85016,pos,0.95,0.050000000000000044,late_70_100,0.01181940055776522,0.016700851261743047,0.9998605339009935,0.7077124616300333,0.7076671235358939
GBSA-TCL_vs_C0,C0,85016,cell,0.95,0.050000000000000044,late_70_100,0.01413748988292603,0.03298826427583698,0.9994910394925788,0.4285611926930439,0.4319430779731464
GBSA-TCL_vs_C0,C0,85017,atomic_numbers,0.95,0.050000000000000044,late_70_100,0.5885366565338286,0.046802124855230116,0.9989070333083709,12.574998642781924,12.531231969412408
GBSA-TCL_vs_C0,C0,85017,pos,0.95,0.050000000000000044,late_70_100,0.077373492398535,0.07558611228080464,0.9975215333117581,1.0236469380921482,1.0493756782679786
GBSA-TCL_vs_C0,C0,85017,cell,0.95,0.050000000000000044,late_70_100,0.01368590613737197,0.011750474501629578,0.9999446120876239,1.1647109344796232,1.1585607789491879
GBSA-TCL_vs_C0,C0,85018,atomic_numbers,0.95,0.050000000000000044,late_70_100,0.5412065781162905,0.043960788992991676,0.9990332809838465,12.311120671709757,12.296536632517723
GBSA-TCL_vs_C0,C0,85018,pos,0.95,0.050000000000000044,late_70_100,0.05758917044788518,0.07553713329014537,0.9979375805132914,0.7623954992662966,0.7911782689924325
GBSA-TCL_vs_C0,C0,85018,cell,0.95,0.050000000000000044,late_70_100,0.037412889093469036,0.05308653469965948,0.9988942981213167,0.7047528964761947,0.721351189874068
GBSA-TCL_vs_C0,C0,85019,atomic_numbers,0.95,0.050000000000000044,late_70_100,0.46114765202773983,0.04548891731430658,0.9989729306797196,10.137582498203487,10.086420658160135
GBSA-TCL_vs_C0,C0,85019,pos,0.95,0.050000000000000044,late_70_100,0.04739325051647658,0.04833983838443128,0.9988525137506366,0.9804180589015049,0.9857283652758769
GBSA-TCL_vs_C0,C0,85019,cell,0.95,0.050000000000000044,late_70_100,0.02194079393103269,0.024142422326488017,0.9999396388825781,0.9088066489069824,0.9282887672536757
GBSA-TCL_vs_C0,C0,85020,atomic_numbers,0.95,0.050000000000000044,late_70_100,0.6171657633218832,0.05185506955124006,0.9989302657455837,11.901744008115488,12.168291251223962
GBSA-TCL_vs_C0,C0,85020,pos,0.95,0.050000000000000044,late_70_100,0.028765596693710333,0.0445422374606752,0.9991148401147006,0.6458049333311217,0.6546910757617517
GBSA-TCL_vs_C0,C0,85020,cell,0.95,0.050000000000000044,late_70_100,0.07319819826352872,0.0721995639038317,0.9975936667891154,1.013831584371163,1.031817618515549
GBSA-TCL_vs_C0,C0,85021,atomic_numbers,0.95,0.050000000000000044,late_70_100,0.5344740947876125,0.040804899150529726,0.9992343134563579,13.098282459072676,12.936486638757902
GBSA-TCL_vs_C0,C0,85021,pos,0.95,0.050000000000000044,late_70_100,0.03356330608072814,0.03479058390669008,0.9994413553711138,0.9647238508771929,0.9735087360053604
GBSA-TCL_vs_C0,C0,85021,cell,0.95,0.050000000000000044,late_70_100,0.01700853167898789,0.01763292246490642,0.9999034335909204,0.964589489509682,0.9749654256864505
GBSA-TCL_vs_C0,C0,85022,atomic_numbers,0.95,0.050000000000000044,late_70_100,0.5391364007804167,0.04915787341356347,0.9988686827859056,10.967447599791004,10.81843379824456
GBSA-TCL_vs_C0,C0,85022,pos,0.95,0.050000000000000044,late_70_100,0.01934997121401314,0.019582592555423,0.99994654622857,0.9881210140714777,1.0045011333458467
GBSA-TCL_vs_C0,C0,85022,cell,0.95,0.050000000000000044,late_70_100,0.059801696939597,0.11874655726405113,0.9931384731364615,0.503607837712876,0.5105316714815257
GBSA-TCL_vs_C0,C0,85023,atomic_numbers,0.95,0.050000000000000044,late_70_100,0.6167600601854633,0.05936563641969307,0.9983289488704085,10.38917625383813,10.23051919735485
GBSA-TCL_vs_C0,C0,85023,pos,0.95,0.050000000000000044,late_70_100,0.055105064637324744,0.061260393966059104,0.9981634105529668,0.8995218781625095,0.9060663427517034
GBSA-TCL_vs_C0,C0,85023,cell,0.95,0.050000000000000044,late_70_100,0.02990125202769702,0.027452265752741827,0.9996366199149199,1.0892088943409195,1.094472664026593
GBSA-TCL_vs_C0,C0,85024,atomic_numbers,0.95,0.050000000000000044,late_70_100,0.6729394861600249,0.04911293670188186,0.9990544169928676,13.701878391935782,14.001915940780048
GBSA-TCL_vs_C0,C0,85024,pos,0.95,0.050000000000000044,late_70_100,0.01667063445297206,0.015462273328636407,0.9999660330020009,1.0781489952126087,1.0922171445588986
GBSA-TCL_vs_C0,C0,85024,cell,0.95,0.050000000000000044,late_70_100,0.06076458569356715,0.04611679930666775,0.999688513488976,1.3176236557419014,1.3683105904379795
GBSA-TCL_vs_C0,C0,85025,atomic_numbers,0.95,0.050000000000000044,late_70_100,0.494632085690536,0.04168664194900431,0.9991399646215222,11.86548166426129,11.804317454892752
GBSA-TCL_vs_C0,C0,85025,pos,0.95,0.050000000000000044,late_70_100,0.039382707840620396,0.05696584674477362,0.9983902671318586,0.6913389353636458,0.6865526403408725
GBSA-TCL_vs_C0,C0,85025,cell,0.95,0.050000000000000044,late_70_100,0.005444931827089188,0.005325006699007228,0.9999862137694446,1.0225211224812765,1.023412072664099
GBSA-TCL_vs_C0,C0,85026,atomic_numbers,0.95,0.050000000000000044,late_70_100,0.49013463295998333,0.04744061354352247,0.9989256953865289,10.331540769605128,10.215508122404168
GBSA-TCL_vs_C0,C0,85026,pos,0.95,0.050000000000000044,late_70_100,0.05099365475548659,0.06909980999788606,0.9985090946631691,0.7379709836690813,0.7681383861978981
GBSA-TCL_vs_C0,C0,85026,cell,0.95,0.050000000000000044,late_70_100,0.021894750078994135,0.023798381473444367,0.999718132232684,0.9200100478860541,0.9212643810676515
GBSA-TCL_vs_C0,C0,85027,atomic_numbers,0.95,0.050000000000000044,late_70_100,0.4950760422993241,0.04287592431207148,0.9991101746668706,11.546714158181741,11.44738305711901
GBSA-TCL_vs_C0,C0,85027,pos,0.95,0.050000000000000044,late_70_100,0.05263410969082879,0.05474032425595831,0.9985391935208905,0.961523527787648,0.9685575828227502
GBSA-TCL_vs_C0,C0,85027,cell,0.95,0.050000000000000044,late_70_100,0.03651847086184804,0.07091833960385535,0.9986888150647808,0.5149369128752527,0.5395343869814724
GBSA-TCL_vs_C0,C0,85028,atomic_numbers,0.95,0.050000000000000044,late_70_100,0.6171262923125518,0.0674485743307063,0.9979126039659195,9.149582455023104,8.95238959026638
GBSA-TCL_vs_C0,C0,85028,pos,0.95,0.050000000000000044,late_70_100,0.08367720831399379,0.07816079154677813,0.9971303997914149,1.0705778006855797,1.088324032929616
GBSA-TCL_vs_C0,C0,85028,cell,0.95,0.050000000000000044,late_70_100,0.03255283361488806,0.04152899154483867,0.9991374751533117,0.7838580327610631,0.7827172761765606
GBSA-TCL_vs_C0,C0,85029,atomic_numbers,0.95,0.050000000000000044,late_70_100,0.5470769420468353,0.03603285568204919,0.9993545763137903,15.182725090517266,15.130154988541092
GBSA-TCL_vs_C0,C0,85029,pos,0.95,0.050000000000000044,late_70_100,0.05099849296539396,0.04056188019058274,0.9991830487184369,1.2573010108450122,1.251912821870681
GBSA-TCL_vs_C0,C0,85029,cell,0.95,0.050000000000000044,late_70_100,0.017905504483558484,0.015862247372740272,0.999915524297625,1.128812586439019,1.1389805272694349
GBSA-TCL_vs_C0,C0,85030,atomic_numbers,0.95,0.050000000000000044,late_70_100,0.5154090983752205,0.04692686679602433,0.99889961411603,10.983241233972313,10.953548268839864
GBSA-TCL_vs_C0,C0,85030,pos,0.95,0.050000000000000044,late_70_100,0.045135622063394186,0.06626798309311649,0.9978311499392221,0.6811075266916129,0.6744230904446652
GBSA-TCL_vs_C0,C0,85030,cell,0.95,0.050000000000000044,late_70_100,0.012470675664486449,0.011385366643189147,0.9999351951473934,1.0953249074281282,1.0950949404098176
GBSA-TCL_vs_C0,C0,85031,atomic_numbers,0.95,0.050000000000000044,late_70_100,0.5853861542885909,0.05549048008198809,0.9984608092671579,10.54930779880933,10.551885535808301
GBSA-TCL_vs_C0,C0,85031,pos,0.95,0.050000000000000044,late_70_100,0.08885742165872383,0.11231905588828378,0.993691332894526,0.791116173083794,0.7910043221990503
GBSA-TCL_vs_C0,C0,85031,cell,0.95,0.050000000000000044,late_70_100,0.02070760927841823,0.015934911399091457,0.9999114663343504,1.2995120437004057,1.2880040510434447
GBSA-TCL_vs_C0,TCL,85000,atomic_numbers,0.95,0.050000000000000044,late_70_100,0.5416686422547422,0.05690474249372573,0.9984764720564749,9.518866416353022,9.636746564295294
GBSA-TCL_vs_C0,TCL,85000,pos,0.95,0.050000000000000044,late_70_100,0.07837574386097282,0.06505771479888744,0.9981193625555131,1.2047109878245081,1.2286950222086117
GBSA-TCL_vs_C0,TCL,85000,cell,0.95,0.050000000000000044,late_70_100,0.07832571225747759,0.07843464598754538,0.997042892797163,0.998611152907032,1.0113374216749664
GBSA-TCL_vs_C0,TCL,85001,atomic_numbers,0.95,0.050000000000000044,late_70_100,0.6046052736485006,0.06088617708381096,0.9982807825204616,9.930090910721006,9.749353882004684
GBSA-TCL_vs_C0,TCL,85001,pos,0.95,0.050000000000000044,late_70_100,0.026641917265561782,0.022376864054606274,0.9998638119147747,1.1906010243681822,1.2084310001984315
GBSA-TCL_vs_C0,TCL,85001,cell,0.95,0.050000000000000044,late_70_100,0.042992357311751606,0.04720487161513116,0.9990037483579075,0.9107610261558413,0.9238684280311116
GBSA-TCL_vs_C0,TCL,85002,atomic_numbers,0.95,0.050000000000000044,late_70_100,0.5665256953823276,0.06443698926370783,0.9980294701315101,8.791933047396526,8.903507985108948
GBSA-TCL_vs_C0,TCL,85002,pos,0.95,0.050000000000000044,late_70_100,0.10992203760759582,0.11512104406657477,0.9937080909612676,0.9548387829424796,0.9742488402670024
GBSA-TCL_vs_C0,TCL,85002,cell,0.95,0.050000000000000044,late_70_100,0.025424281392821227,0.03239095979402806,0.9994755152685632,0.7849190500834962,0.7839636220874807
GBSA-TCL_vs_C0,TCL,85003,atomic_numbers,0.95,0.050000000000000044,late_70_100,0.7690034521031744,0.08156882205098476,0.9974592076428352,9.427664060448336,9.029164566850335
GBSA-TCL_vs_C0,TCL,85003,pos,0.95,0.050000000000000044,late_70_100,0.11390064637709973,0.11116009233277521,0.9943313852791905,1.0246541180995086,1.0520715686724618
GBSA-TCL_vs_C0,TCL,85003,cell,0.95,0.050000000000000044,late_70_100,0.10884557988570855,0.10712784619456489,0.9951872302943867,1.0160344275756643,1.055128320993902
GBSA-TCL_vs_C0,TCL,85004,atomic_numbers,0.95,0.050000000000000044,late_70_100,0.6445465208905358,0.05747368822475081,0.9984688338266503,11.214636484960511,11.022560914810295
GBSA-TCL_vs_C0,TCL,85004,pos,0.95,0.050000000000000044,late_70_100,0.06356084693342193,0.06230551782581156,0.9982474747559057,1.0201479604281583,1.0382464284634603
GBSA-TCL_vs_C0,TCL,85004,cell,0.95,0.050000000000000044,late_70_100,0.02763676986632284,0.046581755432744336,0.9991063128557558,0.5932960149220945,0.5811504529637735
GBSA-TCL_vs_C0,TCL,85005,atomic_numbers,0.95,0.050000000000000044,late_70_100,0.6581373234949198,0.0679088280134533,0.9983644924838958,9.691484049239335,9.320434545583268
GBSA-TCL_vs_C0,TCL,85005,pos,0.95,0.050000000000000044,late_70_100,0.06132331071016621,0.05108189117138915,0.9987805495324031,1.2004902188216802,1.2147680780366223
GBSA-TCL_vs_C0,TCL,85005,cell,0.95,0.050000000000000044,late_70_100,0.04037916679576808,0.10055649351154071,0.996840773183162,0.40155702914535124,0.37552457138257256
GBSA-TCL_vs_C0,TCL,85006,atomic_numbers,0.95,0.050000000000000044,late_70_100,0.845245256115523,0.07861437140298601,0.9973877831368091,10.751790557259595,10.390120072573646
GBSA-TCL_vs_C0,TCL,85006,pos,0.95,0.050000000000000044,late_70_100,0.02060265109131676,0.02403147418527006,0.9998427615020087,0.8573194857910559,0.8710896398941371
GBSA-TCL_vs_C0,TCL,85006,cell,0.95,0.050000000000000044,late_70_100,0.07181788814992057,0.10817791790559543,0.9941974374025376,0.663886766729921,0.6524358035003976
GBSA-TCL_vs_C0,TCL,85007,atomic_numbers,0.95,0.050000000000000044,late_70_100,0.5230128669123604,0.049035129121077506,0.9987997022793064,10.66608523903215,10.677812812153322
GBSA-TCL_vs_C0,TCL,85007,pos,0.95,0.050000000000000044,late_70_100,0.038529558210369304,0.04908539006610113,0.9990711395233052,0.7849496185827035,0.8026712903683152
GBSA-TCL_vs_C0,TCL,85007,cell,0.95,0.050000000000000044,late_70_100,0.04304281404824086,0.03654816374541577,0.999332758947191,1.1777011383681268,1.1753656869464342
GBSA-TCL_vs_C0,TCL,85008,atomic_numbers,0.95,0.050000000000000044,late_70_100,0.5527289505036225,0.05005428956653248,0.9988217784655674,11.042589062600355,10.89416503524277
GBSA-TCL_vs_C0,TCL,85008,pos,0.95,0.050000000000000044,late_70_100,0.0335773159482834,0.0324606974406846,0.9995077427904875,1.0343990916904726,1.0425086729523327
GBSA-TCL_vs_C0,TCL,85008,cell,0.95,0.050000000000000044,late_70_100,0.06380373527756314,0.05802025503923933,0.9983240840635494,1.0996803656656182,1.0932599201496993
GBSA-TCL_vs_C0,TCL,85009,atomic_numbers,0.95,0.050000000000000044,late_70_100,0.5600080475923814,0.0529973768714314,0.9985950361090151,10.566712555433245,10.56112749242935
GBSA-TCL_vs_C0,TCL,85009,pos,0.95,0.050000000000000044,late_70_100,0.027990730925253955,0.030071351210043746,0.9995982632453815,0.930810548875673,0.9397899363503501
GBSA-TCL_vs_C0,TCL,85009,cell,0.95,0.050000000000000044,late_70_100,0.04703320302942681,0.0311596692672836,0.9995156268444855,1.5094256176463914,1.5110393525058563
GBSA-TCL_vs_C0,TCL,85010,atomic_numbers,0.95,0.050000000000000044,late_70_100,0.5967911360617768,0.051310729722382604,0.9987185083389954,11.630922797058693,11.517703963964268
GBSA-TCL_vs_C0,TCL,85010,pos,0.95,0.050000000000000044,late_70_100,0.01086658265941418,0.014423029727017176,0.9999708264026267,0.7534188631018993,0.7626144154340376
GBSA-TCL_vs_C0,TCL,85010,cell,0.95,0.050000000000000044,late_70_100,0.05162012044189937,0.0523545637442723,0.9987428818835973,0.9859717424834185,0.9996313482625352
GBSA-TCL_vs_C0,TCL,85011,atomic_numbers,0.95,0.050000000000000044,late_70_100,0.5638500054962644,0.058041911580617125,0.9983284552052554,9.71453196735444,9.750216908855478
GBSA-TCL_vs_C0,TCL,85011,pos,0.95,0.050000000000000044,late_70_100,0.07538259094670878,0.06840496814105244,0.9980699724551937,1.1020046203554739,1.1314902671574312
GBSA-TCL_vs_C0,TCL,85011,cell,0.95,0.050000000000000044,late_70_100,0.015348685822802572,0.016913087869643656,0.9998601583686524,0.9075034636549758,0.9050827381180244
GBSA-TCL_vs_C0,TCL,85012,atomic_numbers,0.95,0.050000000000000044,late_70_100,0.49323857819811223,0.04341942010737952,0.9990569476097639,11.359861024820137,11.351135562939048
GBSA-TCL_vs_C0,TCL,85012,pos,0.95,0.050000000000000044,late_70_100,0.10917187385161385,0.10042136870084113,0.99519303959522,1.0871378797558593,1.1060660272510399
GBSA-TCL_vs_C0,TCL,85012,cell,0.95,0.050000000000000044,late_70_100,0.034591918696480504,0.08842286113489856,0.9969339435019627,0.391210126572435,0.373900157247172
GBSA-TCL_vs_C0,TCL,85013,atomic_numbers,0.95,0.050000000000000044,late_70_100,0.5736893743003304,0.06288930365679635,0.9980985549289709,9.12220903941163,8.991004068433039
GBSA-TCL_vs_C0,TCL,85013,pos,0.95,0.050000000000000044,late_70_100,0.060503504152345164,0.07819993267066778,0.9973048125000357,0.7737027652843438,0.7925520996553643
GBSA-TCL_vs_C0,TCL,85013,cell,0.95,0.050000000000000044,late_70_100,0.0494467674285489,0.052130377190655594,0.9989127762107147,0.9485211903936169,0.9696193781781788
GBSA-TCL_vs_C0,TCL,85014,atomic_numbers,0.95,0.050000000000000044,late_70_100,0.6075944707009089,0.06415803420722904,0.9982004161489527,9.470278792183569,9.669259114169222
GBSA-TCL_vs_C0,TCL,85014,pos,0.95,0.050000000000000044,late_70_100,0.036747410302895876,0.04835210602130558,0.9990334741878288,0.7599960648395278,0.7745713973467538
GBSA-TCL_vs_C0,TCL,85014,cell,0.95,0.050000000000000044,late_70_100,0.04467079046075963,0.04763794750778992,0.9992203194825598,0.9377144230123456,0.9619804030124054
GBSA-TCL_vs_C0,TCL,85015,atomic_numbers,0.95,0.050000000000000044,late_70_100,0.6261895395314083,0.05764354442411781,0.9987995580780928,10.86313386498512,11.180185214553067
GBSA-TCL_vs_C0,TCL,85015,pos,0.95,0.050000000000000044,late_70_100,0.018714175728598664,0.020263305507859302,0.9998772553298072,0.9235499963883091,0.935304424629344
GBSA-TCL_vs_C0,TCL,85015,cell,0.95,0.050000000000000044,late_70_100,0.04153881771949872,0.03667161522957683,0.9993716958024106,1.1327239735542474,1.1426739571811093
GBSA-TCL_vs_C0,TCL,85016,atomic_numbers,0.95,0.050000000000000044,late_70_100,0.4970436968897149,0.03999893244695193,0.9992058816452206,12.42642406891516,12.460152247438213
GBSA-TCL_vs_C0,TCL,85016,pos,0.95,0.050000000000000044,late_70_100,0.034562250119284064,0.039222835050086405,0.9994102436857856,0.8811767450045129,0.8973591651057798
GBSA-TCL_vs_C0,TCL,85016,cell,0.95,0.050000000000000044,late_70_100,0.01710116307366274,0.028631476188574388,0.9996261191557033,0.5972854127754368,0.6021351423192554
GBSA-TCL_vs_C0,TCL,85017,atomic_numbers,0.95,0.050000000000000044,late_70_100,0.6060742707861329,0.07018765680522418,0.9980947683970874,8.635054913829553,8.907519460745686
GBSA-TCL_vs_C0,TCL,85017,pos,0.95,0.050000000000000044,late_70_100,0.05277182777590377,0.05133956749532012,0.9990091008004183,1.02789778625841,1.0531848861808248
GBSA-TCL_vs_C0,TCL,85017,cell,0.95,0.050000000000000044,late_70_100,0.014514385400409707,0.011732316614058488,0.9999801699098572,1.237128682925037,1.2493503164843
GBSA-TCL_vs_C0,TCL,85018,atomic_numbers,0.95,0.050000000000000044,late_70_100,0.669660391718758,0.06422877481901701,0.9981521337101252,10.42617415022657,10.623866999924953
GBSA-TCL_vs_C0,TCL,85018,pos,0.95,0.050000000000000044,late_70_100,0.014888604025610755,0.013797683023823787,0.9999504184822503,1.0790655213562546,1.089317828645819
GBSA-TCL_vs_C0,TCL,85018,cell,0.95,0.050000000000000044,late_70_100,0.11773671760218977,0.10299570677503622,0.9949348351176709,1.1431225755783292,1.1629812926637633
GBSA-TCL_vs_C0,TCL,85019,atomic_numbers,0.95,0.050000000000000044,late_70_100,0.4971005920959402,0.05126547512797721,0.9987102342588724,9.696595825065454,9.752847141312392
GBSA-TCL_vs_C0,TCL,85019,pos,0.95,0.050000000000000044,late_70_100,0.08829647008726137,0.07153679013854967,0.9974688621932273,1.2342805697075896,1.2408471799997205
GBSA-TCL_vs_C0,TCL,85019,cell,0.95,0.050000000000000044,late_70_100,0.038701285104298586,0.0807376922124619,0.9969643489577894,0.47934594170038747,0.4881323190707858
GBSA-TCL_vs_C0,TCL,85020,atomic_numbers,0.95,0.050000000000000044,late_70_100,0.5470810708610108,0.05580754367336379,0.9985359952548231,9.802994986896824,9.923275188630369
GBSA-TCL_vs_C0,TCL,85020,pos,0.95,0.050000000000000044,late_70_100,0.024740475326426196,0.04032298349218835,0.9992958286465808,0.613557658282381,0.6040645407779178
GBSA-TCL_vs_C0,TCL,85020,cell,0.95,0.050000000000000044,late_70_100,0.03802369073314939,0.07390920048199134,0.9973875760751623,0.5144649175634666,0.5211661158823935
GBSA-TCL_vs_C0,TCL,85021,atomic_numbers,0.95,0.050000000000000044,late_70_100,0.5776868292347522,0.046547139498406234,0.9989431206035272,12.410791199199954,12.488870075009768
GBSA-TCL_vs_C0,TCL,85021,pos,0.95,0.050000000000000044,late_70_100,0.04355440456185645,0.03970913295050066,0.9992835406728021,1.096835949960154,1.1092308627106924
GBSA-TCL_vs_C0,TCL,85021,cell,0.95,0.050000000000000044,late_70_100,0.040033190913230286,0.04814001245043369,0.9991420051932285,0.8315990976207076,0.8512929595933874
GBSA-TCL_vs_C0,TCL,85022,atomic_numbers,0.95,0.050000000000000044,late_70_100,0.5831400020795339,0.0476037837781807,0.9989718347158013,12.249866623980797,12.059396761303852
GBSA-TCL_vs_C0,TCL,85022,pos,0.95,0.050000000000000044,late_70_100,0.061019311254992936,0.05464689231135,0.9987024105967924,1.1166108203799798,1.1372918872949904
GBSA-TCL_vs_C0,TCL,85022,cell,0.95,0.050000000000000044,late_70_100,0.02322914959041991,0.04636728392810912,0.9989245218409375,0.5009814598249038,0.5006200395413342
GBSA-TCL_vs_C0,TCL,85023,atomic_numbers,0.95,0.050000000000000044,late_70_100,0.5456605435943218,0.054070487442203906,0.9986421263262872,10.091652015853938,10.224091170758994
GBSA-TCL_vs_C0,TCL,85023,pos,0.95,0.050000000000000044,late_70_100,0.06166072830935532,0.08501184407340813,0.9966273760263968,0.7253192655850518,0.7389800287380852
GBSA-TCL_vs_C0,TCL,85023,cell,0.95,0.050000000000000044,late_70_100,0.032569558370722715,0.0345323406521522,0.999413035642758,0.9431610413785503,0.9385073063808386
GBSA-TCL_vs_C0,TCL,85024,atomic_numbers,0.95,0.050000000000000044,late_70_100,0.6935235618418686,0.04910028451691745,0.9988276343479011,14.124634279927971,13.992045599273347
GBSA-TCL_vs_C0,TCL,85024,pos,0.95,0.050000000000000044,late_70_100,0.06407514914764122,0.06003450999063065,0.9985625567945118,1.0673052742104694,1.0946341879161514
GBSA-TCL_vs_C0,TCL,85024,cell,0.95,0.050000000000000044,late_70_100,0.12683061473290105,0.2069951073894769,0.9854898986437967,0.6127227659263448,0.676426984050542
GBSA-TCL_vs_C0,TCL,85025,atomic_numbers,0.95,0.050000000000000044,late_70_100,0.6765532472229755,0.0560929552490437,0.9986297750368925,12.061287272513775,12.288341037518414
GBSA-TCL_vs_C0,TCL,85025,pos,0.95,0.050000000000000044,late_70_100,0.0170204790987829,0.015171475029715022,0.9999512050630756,1.121873717977085,1.1347369105677059
GBSA-TCL_vs_C0,TCL,85025,cell,0.95,0.050000000000000044,late_70_100,0.013117774399721761,0.016530899078202103,0.9999583834405233,0.7935306082062445,0.8044367781458869
GBSA-TCL_vs_C0,TCL,85026,atomic_numbers,0.95,0.050000000000000044,late_70_100,0.6305620157502767,0.044454821532513705,0.9990172708912264,14.184333532620117,14.218992228219864
GBSA-TCL_vs_C0,TCL,85026,pos,0.95,0.050000000000000044,late_70_100,0.04510805721599891,0.04343310405806644,0.9992072465503279,1.0385639754343416,1.0557756983081674
GBSA-TCL_vs_C0,TCL,85026,cell,0.95,0.050000000000000044,late_70_100,0.0784318486846343,0.11360436437478522,0.9954239644079991,0.6903946790801504,0.7296529593260334
GBSA-TCL_vs_C0,TCL,85027,atomic_numbers,0.95,0.050000000000000044,late_70_100,0.6655865618828796,0.07132860850729453,0.997749475861752,9.331270801600072,9.537269316204057
GBSA-TCL_vs_C0,TCL,85027,pos,0.95,0.050000000000000044,late_70_100,0.09879092519976423,0.1295194741158536,0.9922142743475079,0.7627495855287132,0.7839338311467052
GBSA-TCL_vs_C0,TCL,85027,cell,0.95,0.050000000000000044,late_70_100,0.042606410107267095,0.044619654631850046,0.999038734995535,0.9548798720834142,0.9619114677338859
GBSA-TCL_vs_C0,TCL,85028,atomic_numbers,0.95,0.050000000000000044,late_70_100,0.5234170643083631,0.054982730253921946,0.9984882359166054,9.519663026756074,9.492295818760311
GBSA-TCL_vs_C0,TCL,85028,pos,0.95,0.050000000000000044,late_70_100,0.07449286552698971,0.08672217187421667,0.9964435953363835,0.8589829327041698,0.8735439740927522
GBSA-TCL_vs_C0,TCL,85028,cell,0.95,0.050000000000000044,late_70_100,0.04518208744048642,0.041956672320732316,0.9991229802855488,1.0768749031166684,1.0787982851782174
GBSA-TCL_vs_C0,TCL,85029,atomic_numbers,0.95,0.050000000000000044,late_70_100,0.5306341803734543,0.05419575543699935,0.998547089985434,9.79106529828333,9.72019455546357
GBSA-TCL_vs_C0,TCL,85029,pos,0.95,0.050000000000000044,late_70_100,0.02371417959140109,0.021143728376298236,0.9998722195046941,1.1215703857596035,1.1369482673580802
GBSA-TCL_vs_C0,TCL,85029,cell,0.95,0.050000000000000044,late_70_100,0.04687740417972299,0.046931124652324185,0.9989065876809115,0.9988553337896936,1.0018695951960652
GBSA-TCL_vs_C0,TCL,85030,atomic_numbers,0.95,0.050000000000000044,late_70_100,0.6832265747354777,0.0608727447873538,0.9982266296056107,11.22385029822767,11.346756291973183
GBSA-TCL_vs_C0,TCL,85030,pos,0.95,0.050000000000000044,late_70_100,0.011589240837311549,0.01571273889094593,0.9999853219881156,0.7375697462897164,0.748437370278952
GBSA-TCL_vs_C0,TCL,85030,cell,0.95,0.050000000000000044,late_70_100,0.07418481804121299,0.10784396618004956,0.9943652166257356,0.6878902980752641,0.6976424895978383
GBSA-TCL_vs_C0,TCL,85031,atomic_numbers,0.95,0.050000000000000044,late_70_100,0.6935599142293847,0.046299482620324746,0.9989294267860777,14.979863164279141,14.93523934004646
GBSA-TCL_vs_C0,TCL,85031,pos,0.95,0.050000000000000044,late_70_100,0.03215734909514321,0.046256012534029216,0.9989499111552399,0.6952036575025997,0.6989002667444215
GBSA-TCL_vs_C0,TCL,85031,cell,0.95,0.050000000000000044,late_70_100,0.10187465558243057,0.13458924902413488,0.9915026264692552,0.7569301138173538,0.7243679394751963
