sampling_step,model_family,delta_min,delta_safe,eta,uncertainty_max,split,feasible_selective_gate,n,coverage,adaptive_count,selective_property_harm_rate,property_harm_rate_all,adaptive_action_precision,expected_treatment_gain_adaptive_subset,controller_gain_overall,full_oracle_gain,oracle_recovery,c0_property_mae,a0_property_mae
100,ridge,0.0,0.0,0.1,0.014495196800925158,validation,False,19,0.0,0,1.0,0.0,0.0,0.0,-0.0,0.012760868178787218,-0.0,0.025646348666948943,0.025646348666948943
100,ridge,0.0,0.0,0.1,0.019387952145297878,validation,False,19,0.0,0,1.0,0.0,0.0,0.0,-0.0,0.012760868178787218,-0.0,0.025646348666948943,0.025646348666948943
100,ridge,0.0,0.0,0.1,0.026559374143421157,validation,False,19,0.0,0,1.0,0.0,0.0,0.0,-0.0,0.012760868178787218,-0.0,0.025646348666948943,0.025646348666948943
100,ridge,0.0,0.0,0.1,0.04127594126808345,validation,False,19,0.0,0,1.0,0.0,0.0,0.0,-0.0,0.012760868178787218,-0.0,0.025646348666948943,0.025646348666948943
100,ridge,0.0,0.0,0.2,0.014495196800925158,validation,False,19,0.0,0,1.0,0.0,0.0,0.0,-0.0,0.012760868178787218,-0.0,0.025646348666948943,0.025646348666948943
100,ridge,0.0,0.0,0.2,0.019387952145297878,validation,False,19,0.0,0,1.0,0.0,0.0,0.0,-0.0,0.012760868178787218,-0.0,0.025646348666948943,0.025646348666948943
100,ridge,0.0,0.0,0.2,0.026559374143421157,validation,False,19,0.05263157894736842,1,1.0,0.05263157894736842,0.0,-0.025117812737753896,-0.0013219901440923102,0.012760868178787218,-0.10359719460858431,0.025646348666948943,0.026968338811041256
100,ridge,0.0,0.0,0.2,0.04127594126808345,validation,False,19,0.05263157894736842,1,1.0,0.05263157894736842,0.0,-0.025117812737753896,-0.0013219901440923102,0.012760868178787218,-0.10359719460858431,0.025646348666948943,0.026968338811041256
100,ridge,0.0,0.0,0.3,0.014495196800925158,validation,False,19,0.0,0,1.0,0.0,0.0,0.0,-0.0,0.012760868178787218,-0.0,0.025646348666948943,0.025646348666948943
100,ridge,0.0,0.0,0.3,0.019387952145297878,validation,False,19,0.05263157894736842,1,1.0,0.05263157894736842,0.0,-0.0147474260019454,-0.0007761803158918631,0.012760868178787218,-0.0608250398810742,0.025646348666948943,0.02642252898284081
100,ridge,0.0,0.0,0.3,0.026559374143421157,validation,False,19,0.10526315789473684,2,1.0,0.10526315789473684,0.0,-0.01993261936984965,-0.0020981704599841735,0.012760868178787218,-0.1644222344896585,0.025646348666948943,0.027744519126933116
100,ridge,0.0,0.0,0.3,0.04127594126808345,validation,False,19,0.10526315789473684,2,1.0,0.10526315789473684,0.0,-0.01993261936984965,-0.0020981704599841735,0.012760868178787218,-0.1644222344896585,0.025646348666948943,0.027744519126933116
100,ridge,0.0,0.0,0.4,0.014495196800925158,validation,False,19,0.0,0,1.0,0.0,0.0,0.0,-0.0,0.012760868178787218,-0.0,0.025646348666948943,0.025646348666948943
100,ridge,0.0,0.0,0.4,0.019387952145297878,validation,False,19,0.05263157894736842,1,1.0,0.05263157894736842,0.0,-0.0147474260019454,-0.0007761803158918631,0.012760868178787218,-0.0608250398810742,0.025646348666948943,0.02642252898284081
100,ridge,0.0,0.0,0.4,0.026559374143421157,validation,False,19,0.10526315789473684,2,1.0,0.10526315789473684,0.0,-0.01993261936984965,-0.0020981704599841735,0.012760868178787218,-0.1644222344896585,0.025646348666948943,0.027744519126933116
100,ridge,0.0,0.0,0.4,0.04127594126808345,validation,False,19,0.10526315789473684,2,1.0,0.10526315789473684,0.0,-0.01993261936984965,-0.0020981704599841735,0.012760868178787218,-0.1644222344896585,0.025646348666948943,0.027744519126933116
100,ridge,0.0,0.0025,0.1,0.014495196800925158,validation,False,19,0.0,0,1.0,0.0,0.0,0.0,-0.0,0.012760868178787218,-0.0,0.025646348666948943,0.025646348666948943
100,ridge,0.0,0.0025,0.1,0.019387952145297878,validation,False,19,0.0,0,1.0,0.0,0.0,0.0,-0.0,0.012760868178787218,-0.0,0.025646348666948943,0.025646348666948943
100,ridge,0.0,0.0025,0.1,0.026559374143421157,validation,False,19,0.0,0,1.0,0.0,0.0,0.0,-0.0,0.012760868178787218,-0.0,0.025646348666948943,0.025646348666948943
100,ridge,0.0,0.0025,0.1,0.04127594126808345,validation,False,19,0.0,0,1.0,0.0,0.0,0.0,-0.0,0.012760868178787218,-0.0,0.025646348666948943,0.025646348666948943
100,ridge,0.0,0.0025,0.2,0.014495196800925158,validation,False,19,0.0,0,1.0,0.0,0.0,0.0,-0.0,0.012760868178787218,-0.0,0.025646348666948943,0.025646348666948943
100,ridge,0.0,0.0025,0.2,0.019387952145297878,validation,False,19,0.0,0,1.0,0.0,0.0,0.0,-0.0,0.012760868178787218,-0.0,0.025646348666948943,0.025646348666948943
100,ridge,0.0,0.0025,0.2,0.026559374143421157,validation,False,19,0.05263157894736842,1,1.0,0.05263157894736842,0.0,-0.025117812737753896,-0.0013219901440923102,0.012760868178787218,-0.10359719460858431,0.025646348666948943,0.026968338811041256
100,ridge,0.0,0.0025,0.2,0.04127594126808345,validation,False,19,0.05263157894736842,1,1.0,0.05263157894736842,0.0,-0.025117812737753896,-0.0013219901440923102,0.012760868178787218,-0.10359719460858431,0.025646348666948943,0.026968338811041256
100,ridge,0.0,0.0025,0.3,0.014495196800925158,validation,False,19,0.0,0,1.0,0.0,0.0,0.0,-0.0,0.012760868178787218,-0.0,0.025646348666948943,0.025646348666948943
100,ridge,0.0,0.0025,0.3,0.019387952145297878,validation,False,19,0.05263157894736842,1,1.0,0.05263157894736842,0.0,-0.0147474260019454,-0.0007761803158918631,0.012760868178787218,-0.0608250398810742,0.025646348666948943,0.02642252898284081
100,ridge,0.0,0.0025,0.3,0.026559374143421157,validation,False,19,0.10526315789473684,2,1.0,0.10526315789473684,0.0,-0.01993261936984965,-0.0020981704599841735,0.012760868178787218,-0.1644222344896585,0.025646348666948943,0.027744519126933116
100,ridge,0.0,0.0025,0.3,0.04127594126808345,validation,False,19,0.10526315789473684,2,1.0,0.10526315789473684,0.0,-0.01993261936984965,-0.0020981704599841735,0.012760868178787218,-0.1644222344896585,0.025646348666948943,0.027744519126933116
100,ridge,0.0,0.0025,0.4,0.014495196800925158,validation,False,19,0.0,0,1.0,0.0,0.0,0.0,-0.0,0.012760868178787218,-0.0,0.025646348666948943,0.025646348666948943
100,ridge,0.0,0.0025,0.4,0.019387952145297878,validation,False,19,0.05263157894736842,1,1.0,0.05263157894736842,0.0,-0.0147474260019454,-0.0007761803158918631,0.012760868178787218,-0.0608250398810742,0.025646348666948943,0.02642252898284081
100,ridge,0.0,0.0025,0.4,0.026559374143421157,validation,False,19,0.10526315789473684,2,1.0,0.10526315789473684,0.0,-0.01993261936984965,-0.0020981704599841735,0.012760868178787218,-0.1644222344896585,0.025646348666948943,0.027744519126933116
100,ridge,0.0,0.0025,0.4,0.04127594126808345,validation,False,19,0.10526315789473684,2,1.0,0.10526315789473684,0.0,-0.01993261936984965,-0.0020981704599841735,0.012760868178787218,-0.1644222344896585,0.025646348666948943,0.027744519126933116
100,ridge,0.0,0.005,0.1,0.014495196800925158,validation,False,19,0.0,0,1.0,0.0,0.0,0.0,-0.0,0.012760868178787218,-0.0,0.025646348666948943,0.025646348666948943
100,ridge,0.0,0.005,0.1,0.019387952145297878,validation,False,19,0.0,0,1.0,0.0,0.0,0.0,-0.0,0.012760868178787218,-0.0,0.025646348666948943,0.025646348666948943
100,ridge,0.0,0.005,0.1,0.026559374143421157,validation,False,19,0.0,0,1.0,0.0,0.0,0.0,-0.0,0.012760868178787218,-0.0,0.025646348666948943,0.025646348666948943
100,ridge,0.0,0.005,0.1,0.04127594126808345,validation,False,19,0.0,0,1.0,0.0,0.0,0.0,-0.0,0.012760868178787218,-0.0,0.025646348666948943,0.025646348666948943
100,ridge,0.0,0.005,0.2,0.014495196800925158,validation,False,19,0.0,0,1.0,0.0,0.0,0.0,-0.0,0.012760868178787218,-0.0,0.025646348666948943,0.025646348666948943
100,ridge,0.0,0.005,0.2,0.019387952145297878,validation,False,19,0.0,0,1.0,0.0,0.0,0.0,-0.0,0.012760868178787218,-0.0,0.025646348666948943,0.025646348666948943
100,ridge,0.0,0.005,0.2,0.026559374143421157,validation,False,19,0.05263157894736842,1,1.0,0.05263157894736842,0.0,-0.025117812737753896,-0.0013219901440923102,0.012760868178787218,-0.10359719460858431,0.025646348666948943,0.026968338811041256
100,ridge,0.0,0.005,0.2,0.04127594126808345,validation,False,19,0.05263157894736842,1,1.0,0.05263157894736842,0.0,-0.025117812737753896,-0.0013219901440923102,0.012760868178787218,-0.10359719460858431,0.025646348666948943,0.026968338811041256
100,ridge,0.0,0.005,0.3,0.014495196800925158,validation,False,19,0.0,0,1.0,0.0,0.0,0.0,-0.0,0.012760868178787218,-0.0,0.025646348666948943,0.025646348666948943
100,ridge,0.0,0.005,0.3,0.019387952145297878,validation,False,19,0.0,0,1.0,0.0,0.0,0.0,-0.0,0.012760868178787218,-0.0,0.025646348666948943,0.025646348666948943
100,ridge,0.0,0.005,0.3,0.026559374143421157,validation,False,19,0.05263157894736842,1,1.0,0.05263157894736842,0.0,-0.025117812737753896,-0.0013219901440923102,0.012760868178787218,-0.10359719460858431,0.025646348666948943,0.026968338811041256
100,ridge,0.0,0.005,0.3,0.04127594126808345,validation,False,19,0.05263157894736842,1,1.0,0.05263157894736842,0.0,-0.025117812737753896,-0.0013219901440923102,0.012760868178787218,-0.10359719460858431,0.025646348666948943,0.026968338811041256
100,ridge,0.0,0.005,0.4,0.014495196800925158,validation,False,19,0.0,0,1.0,0.0,0.0,0.0,-0.0,0.012760868178787218,-0.0,0.025646348666948943,0.025646348666948943
100,ridge,0.0,0.005,0.4,0.019387952145297878,validation,False,19,0.0,0,1.0,0.0,0.0,0.0,-0.0,0.012760868178787218,-0.0,0.025646348666948943,0.025646348666948943
100,ridge,0.0,0.005,0.4,0.026559374143421157,validation,False,19,0.05263157894736842,1,1.0,0.05263157894736842,0.0,-0.025117812737753896,-0.0013219901440923102,0.012760868178787218,-0.10359719460858431,0.025646348666948943,0.026968338811041256
100,ridge,0.0,0.005,0.4,0.04127594126808345,validation,False,19,0.05263157894736842,1,1.0,0.05263157894736842,0.0,-0.025117812737753896,-0.0013219901440923102,0.012760868178787218,-0.10359719460858431,0.025646348666948943,0.026968338811041256
100,ridge,0.0025,0.0,0.1,0.014495196800925158,validation,False,19,0.0,0,1.0,0.0,0.0,0.0,-0.0,0.012760868178787218,-0.0,0.025646348666948943,0.025646348666948943
100,ridge,0.0025,0.0,0.1,0.019387952145297878,validation,False,19,0.0,0,1.0,0.0,0.0,0.0,-0.0,0.012760868178787218,-0.0,0.025646348666948943,0.025646348666948943
100,ridge,0.0025,0.0,0.1,0.026559374143421157,validation,False,19,0.0,0,1.0,0.0,0.0,0.0,-0.0,0.012760868178787218,-0.0,0.025646348666948943,0.025646348666948943
100,ridge,0.0025,0.0,0.1,0.04127594126808345,validation,False,19,0.0,0,1.0,0.0,0.0,0.0,-0.0,0.012760868178787218,-0.0,0.025646348666948943,0.025646348666948943
100,ridge,0.0025,0.0,0.2,0.014495196800925158,validation,False,19,0.0,0,1.0,0.0,0.0,0.0,-0.0,0.012760868178787218,-0.0,0.025646348666948943,0.025646348666948943
100,ridge,0.0025,0.0,0.2,0.019387952145297878,validation,False,19,0.0,0,1.0,0.0,0.0,0.0,-0.0,0.012760868178787218,-0.0,0.025646348666948943,0.025646348666948943
100,ridge,0.0025,0.0,0.2,0.026559374143421157,validation,False,19,0.05263157894736842,1,1.0,0.05263157894736842,0.0,-0.025117812737753896,-0.0013219901440923102,0.012760868178787218,-0.10359719460858431,0.025646348666948943,0.026968338811041256
100,ridge,0.0025,0.0,0.2,0.04127594126808345,validation,False,19,0.05263157894736842,1,1.0,0.05263157894736842,0.0,-0.025117812737753896,-0.0013219901440923102,0.012760868178787218,-0.10359719460858431,0.025646348666948943,0.026968338811041256
100,ridge,0.0025,0.0,0.3,0.014495196800925158,validation,False,19,0.0,0,1.0,0.0,0.0,0.0,-0.0,0.012760868178787218,-0.0,0.025646348666948943,0.025646348666948943
100,ridge,0.0025,0.0,0.3,0.019387952145297878,validation,False,19,0.05263157894736842,1,1.0,0.05263157894736842,0.0,-0.0147474260019454,-0.0007761803158918631,0.012760868178787218,-0.0608250398810742,0.025646348666948943,0.02642252898284081
100,ridge,0.0025,0.0,0.3,0.026559374143421157,validation,False,19,0.10526315789473684,2,1.0,0.10526315789473684,0.0,-0.01993261936984965,-0.0020981704599841735,0.012760868178787218,-0.1644222344896585,0.025646348666948943,0.027744519126933116
100,ridge,0.0025,0.0,0.3,0.04127594126808345,validation,False,19,0.10526315789473684,2,1.0,0.10526315789473684,0.0,-0.01993261936984965,-0.0020981704599841735,0.012760868178787218,-0.1644222344896585,0.025646348666948943,0.027744519126933116
100,ridge,0.0025,0.0,0.4,0.014495196800925158,validation,False,19,0.0,0,1.0,0.0,0.0,0.0,-0.0,0.012760868178787218,-0.0,0.025646348666948943,0.025646348666948943
100,ridge,0.0025,0.0,0.4,0.019387952145297878,validation,False,19,0.05263157894736842,1,1.0,0.05263157894736842,0.0,-0.0147474260019454,-0.0007761803158918631,0.012760868178787218,-0.0608250398810742,0.025646348666948943,0.02642252898284081
100,ridge,0.0025,0.0,0.4,0.026559374143421157,validation,False,19,0.10526315789473684,2,1.0,0.10526315789473684,0.0,-0.01993261936984965,-0.0020981704599841735,0.012760868178787218,-0.1644222344896585,0.025646348666948943,0.027744519126933116
100,ridge,0.0025,0.0,0.4,0.04127594126808345,validation,False,19,0.10526315789473684,2,1.0,0.10526315789473684,0.0,-0.01993261936984965,-0.0020981704599841735,0.012760868178787218,-0.1644222344896585,0.025646348666948943,0.027744519126933116
100,ridge,0.0025,0.0025,0.1,0.014495196800925158,validation,False,19,0.0,0,1.0,0.0,0.0,0.0,-0.0,0.012760868178787218,-0.0,0.025646348666948943,0.025646348666948943
100,ridge,0.0025,0.0025,0.1,0.019387952145297878,validation,False,19,0.0,0,1.0,0.0,0.0,0.0,-0.0,0.012760868178787218,-0.0,0.025646348666948943,0.025646348666948943
100,ridge,0.0025,0.0025,0.1,0.026559374143421157,validation,False,19,0.0,0,1.0,0.0,0.0,0.0,-0.0,0.012760868178787218,-0.0,0.025646348666948943,0.025646348666948943
100,ridge,0.0025,0.0025,0.1,0.04127594126808345,validation,False,19,0.0,0,1.0,0.0,0.0,0.0,-0.0,0.012760868178787218,-0.0,0.025646348666948943,0.025646348666948943
100,ridge,0.0025,0.0025,0.2,0.014495196800925158,validation,False,19,0.0,0,1.0,0.0,0.0,0.0,-0.0,0.012760868178787218,-0.0,0.025646348666948943,0.025646348666948943
100,ridge,0.0025,0.0025,0.2,0.019387952145297878,validation,False,19,0.0,0,1.0,0.0,0.0,0.0,-0.0,0.012760868178787218,-0.0,0.025646348666948943,0.025646348666948943
100,ridge,0.0025,0.0025,0.2,0.026559374143421157,validation,False,19,0.05263157894736842,1,1.0,0.05263157894736842,0.0,-0.025117812737753896,-0.0013219901440923102,0.012760868178787218,-0.10359719460858431,0.025646348666948943,0.026968338811041256
100,ridge,0.0025,0.0025,0.2,0.04127594126808345,validation,False,19,0.05263157894736842,1,1.0,0.05263157894736842,0.0,-0.025117812737753896,-0.0013219901440923102,0.012760868178787218,-0.10359719460858431,0.025646348666948943,0.026968338811041256
100,ridge,0.0025,0.0025,0.3,0.014495196800925158,validation,False,19,0.0,0,1.0,0.0,0.0,0.0,-0.0,0.012760868178787218,-0.0,0.025646348666948943,0.025646348666948943
100,ridge,0.0025,0.0025,0.3,0.019387952145297878,validation,False,19,0.05263157894736842,1,1.0,0.05263157894736842,0.0,-0.0147474260019454,-0.0007761803158918631,0.012760868178787218,-0.0608250398810742,0.025646348666948943,0.02642252898284081
100,ridge,0.0025,0.0025,0.3,0.026559374143421157,validation,False,19,0.10526315789473684,2,1.0,0.10526315789473684,0.0,-0.01993261936984965,-0.0020981704599841735,0.012760868178787218,-0.1644222344896585,0.025646348666948943,0.027744519126933116
100,ridge,0.0025,0.0025,0.3,0.04127594126808345,validation,False,19,0.10526315789473684,2,1.0,0.10526315789473684,0.0,-0.01993261936984965,-0.0020981704599841735,0.012760868178787218,-0.1644222344896585,0.025646348666948943,0.027744519126933116
100,ridge,0.0025,0.0025,0.4,0.014495196800925158,validation,False,19,0.0,0,1.0,0.0,0.0,0.0,-0.0,0.012760868178787218,-0.0,0.025646348666948943,0.025646348666948943
100,ridge,0.0025,0.0025,0.4,0.019387952145297878,validation,False,19,0.05263157894736842,1,1.0,0.05263157894736842,0.0,-0.0147474260019454,-0.0007761803158918631,0.012760868178787218,-0.0608250398810742,0.025646348666948943,0.02642252898284081
100,ridge,0.0025,0.0025,0.4,0.026559374143421157,validation,False,19,0.10526315789473684,2,1.0,0.10526315789473684,0.0,-0.01993261936984965,-0.0020981704599841735,0.012760868178787218,-0.1644222344896585,0.025646348666948943,0.027744519126933116
100,ridge,0.0025,0.0025,0.4,0.04127594126808345,validation,False,19,0.10526315789473684,2,1.0,0.10526315789473684,0.0,-0.01993261936984965,-0.0020981704599841735,0.012760868178787218,-0.1644222344896585,0.025646348666948943,0.027744519126933116
100,ridge,0.0025,0.005,0.1,0.014495196800925158,validation,False,19,0.0,0,1.0,0.0,0.0,0.0,-0.0,0.012760868178787218,-0.0,0.025646348666948943,0.025646348666948943
100,ridge,0.0025,0.005,0.1,0.019387952145297878,validation,False,19,0.0,0,1.0,0.0,0.0,0.0,-0.0,0.012760868178787218,-0.0,0.025646348666948943,0.025646348666948943
100,ridge,0.0025,0.005,0.1,0.026559374143421157,validation,False,19,0.0,0,1.0,0.0,0.0,0.0,-0.0,0.012760868178787218,-0.0,0.025646348666948943,0.025646348666948943
100,ridge,0.0025,0.005,0.1,0.04127594126808345,validation,False,19,0.0,0,1.0,0.0,0.0,0.0,-0.0,0.012760868178787218,-0.0,0.025646348666948943,0.025646348666948943
100,ridge,0.0025,0.005,0.2,0.014495196800925158,validation,False,19,0.0,0,1.0,0.0,0.0,0.0,-0.0,0.012760868178787218,-0.0,0.025646348666948943,0.025646348666948943
100,ridge,0.0025,0.005,0.2,0.019387952145297878,validation,False,19,0.0,0,1.0,0.0,0.0,0.0,-0.0,0.012760868178787218,-0.0,0.025646348666948943,0.025646348666948943
100,ridge,0.0025,0.005,0.2,0.026559374143421157,validation,False,19,0.05263157894736842,1,1.0,0.05263157894736842,0.0,-0.025117812737753896,-0.0013219901440923102,0.012760868178787218,-0.10359719460858431,0.025646348666948943,0.026968338811041256
100,ridge,0.0025,0.005,0.2,0.04127594126808345,validation,False,19,0.05263157894736842,1,1.0,0.05263157894736842,0.0,-0.025117812737753896,-0.0013219901440923102,0.012760868178787218,-0.10359719460858431,0.025646348666948943,0.026968338811041256
100,ridge,0.0025,0.005,0.3,0.014495196800925158,validation,False,19,0.0,0,1.0,0.0,0.0,0.0,-0.0,0.012760868178787218,-0.0,0.025646348666948943,0.025646348666948943
100,ridge,0.0025,0.005,0.3,0.019387952145297878,validation,False,19,0.0,0,1.0,0.0,0.0,0.0,-0.0,0.012760868178787218,-0.0,0.025646348666948943,0.025646348666948943
100,ridge,0.0025,0.005,0.3,0.026559374143421157,validation,False,19,0.05263157894736842,1,1.0,0.05263157894736842,0.0,-0.025117812737753896,-0.0013219901440923102,0.012760868178787218,-0.10359719460858431,0.025646348666948943,0.026968338811041256
100,ridge,0.0025,0.005,0.3,0.04127594126808345,validation,False,19,0.05263157894736842,1,1.0,0.05263157894736842,0.0,-0.025117812737753896,-0.0013219901440923102,0.012760868178787218,-0.10359719460858431,0.025646348666948943,0.026968338811041256
100,ridge,0.0025,0.005,0.4,0.014495196800925158,validation,False,19,0.0,0,1.0,0.0,0.0,0.0,-0.0,0.012760868178787218,-0.0,0.025646348666948943,0.025646348666948943
100,ridge,0.0025,0.005,0.4,0.019387952145297878,validation,False,19,0.0,0,1.0,0.0,0.0,0.0,-0.0,0.012760868178787218,-0.0,0.025646348666948943,0.025646348666948943
100,ridge,0.0025,0.005,0.4,0.026559374143421157,validation,False,19,0.05263157894736842,1,1.0,0.05263157894736842,0.0,-0.025117812737753896,-0.0013219901440923102,0.012760868178787218,-0.10359719460858431,0.025646348666948943,0.026968338811041256
100,ridge,0.0025,0.005,0.4,0.04127594126808345,validation,False,19,0.05263157894736842,1,1.0,0.05263157894736842,0.0,-0.025117812737753896,-0.0013219901440923102,0.012760868178787218,-0.10359719460858431,0.025646348666948943,0.026968338811041256
100,ridge,0.005,0.0,0.1,0.014495196800925158,validation,False,19,0.0,0,1.0,0.0,0.0,0.0,-0.0,0.012760868178787218,-0.0,0.025646348666948943,0.025646348666948943
100,ridge,0.005,0.0,0.1,0.019387952145297878,validation,False,19,0.0,0,1.0,0.0,0.0,0.0,-0.0,0.012760868178787218,-0.0,0.025646348666948943,0.025646348666948943
100,ridge,0.005,0.0,0.1,0.026559374143421157,validation,False,19,0.0,0,1.0,0.0,0.0,0.0,-0.0,0.012760868178787218,-0.0,0.025646348666948943,0.025646348666948943
100,ridge,0.005,0.0,0.1,0.04127594126808345,validation,False,19,0.0,0,1.0,0.0,0.0,0.0,-0.0,0.012760868178787218,-0.0,0.025646348666948943,0.025646348666948943
100,ridge,0.005,0.0,0.2,0.014495196800925158,validation,False,19,0.0,0,1.0,0.0,0.0,0.0,-0.0,0.012760868178787218,-0.0,0.025646348666948943,0.025646348666948943
100,ridge,0.005,0.0,0.2,0.019387952145297878,validation,False,19,0.0,0,1.0,0.0,0.0,0.0,-0.0,0.012760868178787218,-0.0,0.025646348666948943,0.025646348666948943
100,ridge,0.005,0.0,0.2,0.026559374143421157,validation,False,19,0.05263157894736842,1,1.0,0.05263157894736842,0.0,-0.025117812737753896,-0.0013219901440923102,0.012760868178787218,-0.10359719460858431,0.025646348666948943,0.026968338811041256
100,ridge,0.005,0.0,0.2,0.04127594126808345,validation,False,19,0.05263157894736842,1,1.0,0.05263157894736842,0.0,-0.025117812737753896,-0.0013219901440923102,0.012760868178787218,-0.10359719460858431,0.025646348666948943,0.026968338811041256
100,ridge,0.005,0.0,0.3,0.014495196800925158,validation,False,19,0.0,0,1.0,0.0,0.0,0.0,-0.0,0.012760868178787218,-0.0,0.025646348666948943,0.025646348666948943
100,ridge,0.005,0.0,0.3,0.019387952145297878,validation,False,19,0.05263157894736842,1,1.0,0.05263157894736842,0.0,-0.0147474260019454,-0.0007761803158918631,0.012760868178787218,-0.0608250398810742,0.025646348666948943,0.02642252898284081
100,ridge,0.005,0.0,0.3,0.026559374143421157,validation,False,19,0.10526315789473684,2,1.0,0.10526315789473684,0.0,-0.01993261936984965,-0.0020981704599841735,0.012760868178787218,-0.1644222344896585,0.025646348666948943,0.027744519126933116
100,ridge,0.005,0.0,0.3,0.04127594126808345,validation,False,19,0.10526315789473684,2,1.0,0.10526315789473684,0.0,-0.01993261936984965,-0.0020981704599841735,0.012760868178787218,-0.1644222344896585,0.025646348666948943,0.027744519126933116
100,ridge,0.005,0.0,0.4,0.014495196800925158,validation,False,19,0.0,0,1.0,0.0,0.0,0.0,-0.0,0.012760868178787218,-0.0,0.025646348666948943,0.025646348666948943
100,ridge,0.005,0.0,0.4,0.019387952145297878,validation,False,19,0.05263157894736842,1,1.0,0.05263157894736842,0.0,-0.0147474260019454,-0.0007761803158918631,0.012760868178787218,-0.0608250398810742,0.025646348666948943,0.02642252898284081
100,ridge,0.005,0.0,0.4,0.026559374143421157,validation,False,19,0.10526315789473684,2,1.0,0.10526315789473684,0.0,-0.01993261936984965,-0.0020981704599841735,0.012760868178787218,-0.1644222344896585,0.025646348666948943,0.027744519126933116
100,ridge,0.005,0.0,0.4,0.04127594126808345,validation,False,19,0.10526315789473684,2,1.0,0.10526315789473684,0.0,-0.01993261936984965,-0.0020981704599841735,0.012760868178787218,-0.1644222344896585,0.025646348666948943,0.027744519126933116
100,ridge,0.005,0.0025,0.1,0.014495196800925158,validation,False,19,0.0,0,1.0,0.0,0.0,0.0,-0.0,0.012760868178787218,-0.0,0.025646348666948943,0.025646348666948943
100,ridge,0.005,0.0025,0.1,0.019387952145297878,validation,False,19,0.0,0,1.0,0.0,0.0,0.0,-0.0,0.012760868178787218,-0.0,0.025646348666948943,0.025646348666948943
100,ridge,0.005,0.0025,0.1,0.026559374143421157,validation,False,19,0.0,0,1.0,0.0,0.0,0.0,-0.0,0.012760868178787218,-0.0,0.025646348666948943,0.025646348666948943
100,ridge,0.005,0.0025,0.1,0.04127594126808345,validation,False,19,0.0,0,1.0,0.0,0.0,0.0,-0.0,0.012760868178787218,-0.0,0.025646348666948943,0.025646348666948943
100,ridge,0.005,0.0025,0.2,0.014495196800925158,validation,False,19,0.0,0,1.0,0.0,0.0,0.0,-0.0,0.012760868178787218,-0.0,0.025646348666948943,0.025646348666948943
100,ridge,0.005,0.0025,0.2,0.019387952145297878,validation,False,19,0.0,0,1.0,0.0,0.0,0.0,-0.0,0.012760868178787218,-0.0,0.025646348666948943,0.025646348666948943
100,ridge,0.005,0.0025,0.2,0.026559374143421157,validation,False,19,0.05263157894736842,1,1.0,0.05263157894736842,0.0,-0.025117812737753896,-0.0013219901440923102,0.012760868178787218,-0.10359719460858431,0.025646348666948943,0.026968338811041256
100,ridge,0.005,0.0025,0.2,0.04127594126808345,validation,False,19,0.05263157894736842,1,1.0,0.05263157894736842,0.0,-0.025117812737753896,-0.0013219901440923102,0.012760868178787218,-0.10359719460858431,0.025646348666948943,0.026968338811041256
100,ridge,0.005,0.0025,0.3,0.014495196800925158,validation,False,19,0.0,0,1.0,0.0,0.0,0.0,-0.0,0.012760868178787218,-0.0,0.025646348666948943,0.025646348666948943
100,ridge,0.005,0.0025,0.3,0.019387952145297878,validation,False,19,0.05263157894736842,1,1.0,0.05263157894736842,0.0,-0.0147474260019454,-0.0007761803158918631,0.012760868178787218,-0.0608250398810742,0.025646348666948943,0.02642252898284081
100,ridge,0.005,0.0025,0.3,0.026559374143421157,validation,False,19,0.10526315789473684,2,1.0,0.10526315789473684,0.0,-0.01993261936984965,-0.0020981704599841735,0.012760868178787218,-0.1644222344896585,0.025646348666948943,0.027744519126933116
100,ridge,0.005,0.0025,0.3,0.04127594126808345,validation,False,19,0.10526315789473684,2,1.0,0.10526315789473684,0.0,-0.01993261936984965,-0.0020981704599841735,0.012760868178787218,-0.1644222344896585,0.025646348666948943,0.027744519126933116
100,ridge,0.005,0.0025,0.4,0.014495196800925158,validation,False,19,0.0,0,1.0,0.0,0.0,0.0,-0.0,0.012760868178787218,-0.0,0.025646348666948943,0.025646348666948943
100,ridge,0.005,0.0025,0.4,0.019387952145297878,validation,False,19,0.05263157894736842,1,1.0,0.05263157894736842,0.0,-0.0147474260019454,-0.0007761803158918631,0.012760868178787218,-0.0608250398810742,0.025646348666948943,0.02642252898284081
100,ridge,0.005,0.0025,0.4,0.026559374143421157,validation,False,19,0.10526315789473684,2,1.0,0.10526315789473684,0.0,-0.01993261936984965,-0.0020981704599841735,0.012760868178787218,-0.1644222344896585,0.025646348666948943,0.027744519126933116
100,ridge,0.005,0.0025,0.4,0.04127594126808345,validation,False,19,0.10526315789473684,2,1.0,0.10526315789473684,0.0,-0.01993261936984965,-0.0020981704599841735,0.012760868178787218,-0.1644222344896585,0.025646348666948943,0.027744519126933116
100,ridge,0.005,0.005,0.1,0.014495196800925158,validation,False,19,0.0,0,1.0,0.0,0.0,0.0,-0.0,0.012760868178787218,-0.0,0.025646348666948943,0.025646348666948943
100,ridge,0.005,0.005,0.1,0.019387952145297878,validation,False,19,0.0,0,1.0,0.0,0.0,0.0,-0.0,0.012760868178787218,-0.0,0.025646348666948943,0.025646348666948943
100,ridge,0.005,0.005,0.1,0.026559374143421157,validation,False,19,0.0,0,1.0,0.0,0.0,0.0,-0.0,0.012760868178787218,-0.0,0.025646348666948943,0.025646348666948943
100,ridge,0.005,0.005,0.1,0.04127594126808345,validation,False,19,0.0,0,1.0,0.0,0.0,0.0,-0.0,0.012760868178787218,-0.0,0.025646348666948943,0.025646348666948943
100,ridge,0.005,0.005,0.2,0.014495196800925158,validation,False,19,0.0,0,1.0,0.0,0.0,0.0,-0.0,0.012760868178787218,-0.0,0.025646348666948943,0.025646348666948943
100,ridge,0.005,0.005,0.2,0.019387952145297878,validation,False,19,0.0,0,1.0,0.0,0.0,0.0,-0.0,0.012760868178787218,-0.0,0.025646348666948943,0.025646348666948943
100,ridge,0.005,0.005,0.2,0.026559374143421157,validation,False,19,0.05263157894736842,1,1.0,0.05263157894736842,0.0,-0.025117812737753896,-0.0013219901440923102,0.012760868178787218,-0.10359719460858431,0.025646348666948943,0.026968338811041256
100,ridge,0.005,0.005,0.2,0.04127594126808345,validation,False,19,0.05263157894736842,1,1.0,0.05263157894736842,0.0,-0.025117812737753896,-0.0013219901440923102,0.012760868178787218,-0.10359719460858431,0.025646348666948943,0.026968338811041256
100,ridge,0.005,0.005,0.3,0.014495196800925158,validation,False,19,0.0,0,1.0,0.0,0.0,0.0,-0.0,0.012760868178787218,-0.0,0.025646348666948943,0.025646348666948943
100,ridge,0.005,0.005,0.3,0.019387952145297878,validation,False,19,0.0,0,1.0,0.0,0.0,0.0,-0.0,0.012760868178787218,-0.0,0.025646348666948943,0.025646348666948943
100,ridge,0.005,0.005,0.3,0.026559374143421157,validation,False,19,0.05263157894736842,1,1.0,0.05263157894736842,0.0,-0.025117812737753896,-0.0013219901440923102,0.012760868178787218,-0.10359719460858431,0.025646348666948943,0.026968338811041256
100,ridge,0.005,0.005,0.3,0.04127594126808345,validation,False,19,0.05263157894736842,1,1.0,0.05263157894736842,0.0,-0.025117812737753896,-0.0013219901440923102,0.012760868178787218,-0.10359719460858431,0.025646348666948943,0.026968338811041256
100,ridge,0.005,0.005,0.4,0.014495196800925158,validation,False,19,0.0,0,1.0,0.0,0.0,0.0,-0.0,0.012760868178787218,-0.0,0.025646348666948943,0.025646348666948943
100,ridge,0.005,0.005,0.4,0.019387952145297878,validation,False,19,0.0,0,1.0,0.0,0.0,0.0,-0.0,0.012760868178787218,-0.0,0.025646348666948943,0.025646348666948943
100,ridge,0.005,0.005,0.4,0.026559374143421157,validation,False,19,0.05263157894736842,1,1.0,0.05263157894736842,0.0,-0.025117812737753896,-0.0013219901440923102,0.012760868178787218,-0.10359719460858431,0.025646348666948943,0.026968338811041256
100,ridge,0.005,0.005,0.4,0.04127594126808345,validation,False,19,0.05263157894736842,1,1.0,0.05263157894736842,0.0,-0.025117812737753896,-0.0013219901440923102,0.012760868178787218,-0.10359719460858431,0.025646348666948943,0.026968338811041256
100,ridge,0.01,0.0,0.1,0.014495196800925158,validation,False,19,0.0,0,1.0,0.0,0.0,0.0,-0.0,0.012760868178787218,-0.0,0.025646348666948943,0.025646348666948943
100,ridge,0.01,0.0,0.1,0.019387952145297878,validation,False,19,0.0,0,1.0,0.0,0.0,0.0,-0.0,0.012760868178787218,-0.0,0.025646348666948943,0.025646348666948943
100,ridge,0.01,0.0,0.1,0.026559374143421157,validation,False,19,0.0,0,1.0,0.0,0.0,0.0,-0.0,0.012760868178787218,-0.0,0.025646348666948943,0.025646348666948943
100,ridge,0.01,0.0,0.1,0.04127594126808345,validation,False,19,0.0,0,1.0,0.0,0.0,0.0,-0.0,0.012760868178787218,-0.0,0.025646348666948943,0.025646348666948943
100,ridge,0.01,0.0,0.2,0.014495196800925158,validation,False,19,0.0,0,1.0,0.0,0.0,0.0,-0.0,0.012760868178787218,-0.0,0.025646348666948943,0.025646348666948943
100,ridge,0.01,0.0,0.2,0.019387952145297878,validation,False,19,0.0,0,1.0,0.0,0.0,0.0,-0.0,0.012760868178787218,-0.0,0.025646348666948943,0.025646348666948943
100,ridge,0.01,0.0,0.2,0.026559374143421157,validation,False,19,0.05263157894736842,1,1.0,0.05263157894736842,0.0,-0.025117812737753896,-0.0013219901440923102,0.012760868178787218,-0.10359719460858431,0.025646348666948943,0.026968338811041256
100,ridge,0.01,0.0,0.2,0.04127594126808345,validation,False,19,0.05263157894736842,1,1.0,0.05263157894736842,0.0,-0.025117812737753896,-0.0013219901440923102,0.012760868178787218,-0.10359719460858431,0.025646348666948943,0.026968338811041256
100,ridge,0.01,0.0,0.3,0.014495196800925158,validation,False,19,0.0,0,1.0,0.0,0.0,0.0,-0.0,0.012760868178787218,-0.0,0.025646348666948943,0.025646348666948943
100,ridge,0.01,0.0,0.3,0.019387952145297878,validation,False,19,0.05263157894736842,1,1.0,0.05263157894736842,0.0,-0.0147474260019454,-0.0007761803158918631,0.012760868178787218,-0.0608250398810742,0.025646348666948943,0.02642252898284081
100,ridge,0.01,0.0,0.3,0.026559374143421157,validation,False,19,0.10526315789473684,2,1.0,0.10526315789473684,0.0,-0.01993261936984965,-0.0020981704599841735,0.012760868178787218,-0.1644222344896585,0.025646348666948943,0.027744519126933116
100,ridge,0.01,0.0,0.3,0.04127594126808345,validation,False,19,0.10526315789473684,2,1.0,0.10526315789473684,0.0,-0.01993261936984965,-0.0020981704599841735,0.012760868178787218,-0.1644222344896585,0.025646348666948943,0.027744519126933116
100,ridge,0.01,0.0,0.4,0.014495196800925158,validation,False,19,0.0,0,1.0,0.0,0.0,0.0,-0.0,0.012760868178787218,-0.0,0.025646348666948943,0.025646348666948943
100,ridge,0.01,0.0,0.4,0.019387952145297878,validation,False,19,0.05263157894736842,1,1.0,0.05263157894736842,0.0,-0.0147474260019454,-0.0007761803158918631,0.012760868178787218,-0.0608250398810742,0.025646348666948943,0.02642252898284081
100,ridge,0.01,0.0,0.4,0.026559374143421157,validation,False,19,0.10526315789473684,2,1.0,0.10526315789473684,0.0,-0.01993261936984965,-0.0020981704599841735,0.012760868178787218,-0.1644222344896585,0.025646348666948943,0.027744519126933116
100,ridge,0.01,0.0,0.4,0.04127594126808345,validation,False,19,0.10526315789473684,2,1.0,0.10526315789473684,0.0,-0.01993261936984965,-0.0020981704599841735,0.012760868178787218,-0.1644222344896585,0.025646348666948943,0.027744519126933116
100,ridge,0.01,0.0025,0.1,0.014495196800925158,validation,False,19,0.0,0,1.0,0.0,0.0,0.0,-0.0,0.012760868178787218,-0.0,0.025646348666948943,0.025646348666948943
100,ridge,0.01,0.0025,0.1,0.019387952145297878,validation,False,19,0.0,0,1.0,0.0,0.0,0.0,-0.0,0.012760868178787218,-0.0,0.025646348666948943,0.025646348666948943
100,ridge,0.01,0.0025,0.1,0.026559374143421157,validation,False,19,0.0,0,1.0,0.0,0.0,0.0,-0.0,0.012760868178787218,-0.0,0.025646348666948943,0.025646348666948943
100,ridge,0.01,0.0025,0.1,0.04127594126808345,validation,False,19,0.0,0,1.0,0.0,0.0,0.0,-0.0,0.012760868178787218,-0.0,0.025646348666948943,0.025646348666948943
100,ridge,0.01,0.0025,0.2,0.014495196800925158,validation,False,19,0.0,0,1.0,0.0,0.0,0.0,-0.0,0.012760868178787218,-0.0,0.025646348666948943,0.025646348666948943
100,ridge,0.01,0.0025,0.2,0.019387952145297878,validation,False,19,0.0,0,1.0,0.0,0.0,0.0,-0.0,0.012760868178787218,-0.0,0.025646348666948943,0.025646348666948943
100,ridge,0.01,0.0025,0.2,0.026559374143421157,validation,False,19,0.05263157894736842,1,1.0,0.05263157894736842,0.0,-0.025117812737753896,-0.0013219901440923102,0.012760868178787218,-0.10359719460858431,0.025646348666948943,0.026968338811041256
100,ridge,0.01,0.0025,0.2,0.04127594126808345,validation,False,19,0.05263157894736842,1,1.0,0.05263157894736842,0.0,-0.025117812737753896,-0.0013219901440923102,0.012760868178787218,-0.10359719460858431,0.025646348666948943,0.026968338811041256
100,ridge,0.01,0.0025,0.3,0.014495196800925158,validation,False,19,0.0,0,1.0,0.0,0.0,0.0,-0.0,0.012760868178787218,-0.0,0.025646348666948943,0.025646348666948943
100,ridge,0.01,0.0025,0.3,0.019387952145297878,validation,False,19,0.05263157894736842,1,1.0,0.05263157894736842,0.0,-0.0147474260019454,-0.0007761803158918631,0.012760868178787218,-0.0608250398810742,0.025646348666948943,0.02642252898284081
100,ridge,0.01,0.0025,0.3,0.026559374143421157,validation,False,19,0.10526315789473684,2,1.0,0.10526315789473684,0.0,-0.01993261936984965,-0.0020981704599841735,0.012760868178787218,-0.1644222344896585,0.025646348666948943,0.027744519126933116
100,ridge,0.01,0.0025,0.3,0.04127594126808345,validation,False,19,0.10526315789473684,2,1.0,0.10526315789473684,0.0,-0.01993261936984965,-0.0020981704599841735,0.012760868178787218,-0.1644222344896585,0.025646348666948943,0.027744519126933116
100,ridge,0.01,0.0025,0.4,0.014495196800925158,validation,False,19,0.0,0,1.0,0.0,0.0,0.0,-0.0,0.012760868178787218,-0.0,0.025646348666948943,0.025646348666948943
100,ridge,0.01,0.0025,0.4,0.019387952145297878,validation,False,19,0.05263157894736842,1,1.0,0.05263157894736842,0.0,-0.0147474260019454,-0.0007761803158918631,0.012760868178787218,-0.0608250398810742,0.025646348666948943,0.02642252898284081
100,ridge,0.01,0.0025,0.4,0.026559374143421157,validation,False,19,0.10526315789473684,2,1.0,0.10526315789473684,0.0,-0.01993261936984965,-0.0020981704599841735,0.012760868178787218,-0.1644222344896585,0.025646348666948943,0.027744519126933116
100,ridge,0.01,0.0025,0.4,0.04127594126808345,validation,False,19,0.10526315789473684,2,1.0,0.10526315789473684,0.0,-0.01993261936984965,-0.0020981704599841735,0.012760868178787218,-0.1644222344896585,0.025646348666948943,0.027744519126933116
100,ridge,0.01,0.005,0.1,0.014495196800925158,validation,False,19,0.0,0,1.0,0.0,0.0,0.0,-0.0,0.012760868178787218,-0.0,0.025646348666948943,0.025646348666948943
100,ridge,0.01,0.005,0.1,0.019387952145297878,validation,False,19,0.0,0,1.0,0.0,0.0,0.0,-0.0,0.012760868178787218,-0.0,0.025646348666948943,0.025646348666948943
100,ridge,0.01,0.005,0.1,0.026559374143421157,validation,False,19,0.0,0,1.0,0.0,0.0,0.0,-0.0,0.012760868178787218,-0.0,0.025646348666948943,0.025646348666948943
100,ridge,0.01,0.005,0.1,0.04127594126808345,validation,False,19,0.0,0,1.0,0.0,0.0,0.0,-0.0,0.012760868178787218,-0.0,0.025646348666948943,0.025646348666948943
100,ridge,0.01,0.005,0.2,0.014495196800925158,validation,False,19,0.0,0,1.0,0.0,0.0,0.0,-0.0,0.012760868178787218,-0.0,0.025646348666948943,0.025646348666948943
100,ridge,0.01,0.005,0.2,0.019387952145297878,validation,False,19,0.0,0,1.0,0.0,0.0,0.0,-0.0,0.012760868178787218,-0.0,0.025646348666948943,0.025646348666948943
100,ridge,0.01,0.005,0.2,0.026559374143421157,validation,False,19,0.05263157894736842,1,1.0,0.05263157894736842,0.0,-0.025117812737753896,-0.0013219901440923102,0.012760868178787218,-0.10359719460858431,0.025646348666948943,0.026968338811041256
100,ridge,0.01,0.005,0.2,0.04127594126808345,validation,False,19,0.05263157894736842,1,1.0,0.05263157894736842,0.0,-0.025117812737753896,-0.0013219901440923102,0.012760868178787218,-0.10359719460858431,0.025646348666948943,0.026968338811041256
100,ridge,0.01,0.005,0.3,0.014495196800925158,validation,False,19,0.0,0,1.0,0.0,0.0,0.0,-0.0,0.012760868178787218,-0.0,0.025646348666948943,0.025646348666948943
100,ridge,0.01,0.005,0.3,0.019387952145297878,validation,False,19,0.0,0,1.0,0.0,0.0,0.0,-0.0,0.012760868178787218,-0.0,0.025646348666948943,0.025646348666948943
100,ridge,0.01,0.005,0.3,0.026559374143421157,validation,False,19,0.05263157894736842,1,1.0,0.05263157894736842,0.0,-0.025117812737753896,-0.0013219901440923102,0.012760868178787218,-0.10359719460858431,0.025646348666948943,0.026968338811041256
100,ridge,0.01,0.005,0.3,0.04127594126808345,validation,False,19,0.05263157894736842,1,1.0,0.05263157894736842,0.0,-0.025117812737753896,-0.0013219901440923102,0.012760868178787218,-0.10359719460858431,0.025646348666948943,0.026968338811041256
100,ridge,0.01,0.005,0.4,0.014495196800925158,validation,False,19,0.0,0,1.0,0.0,0.0,0.0,-0.0,0.012760868178787218,-0.0,0.025646348666948943,0.025646348666948943
100,ridge,0.01,0.005,0.4,0.019387952145297878,validation,False,19,0.0,0,1.0,0.0,0.0,0.0,-0.0,0.012760868178787218,-0.0,0.025646348666948943,0.025646348666948943
100,ridge,0.01,0.005,0.4,0.026559374143421157,validation,False,19,0.05263157894736842,1,1.0,0.05263157894736842,0.0,-0.025117812737753896,-0.0013219901440923102,0.012760868178787218,-0.10359719460858431,0.025646348666948943,0.026968338811041256
100,ridge,0.01,0.005,0.4,0.04127594126808345,validation,False,19,0.05263157894736842,1,1.0,0.05263157894736842,0.0,-0.025117812737753896,-0.0013219901440923102,0.012760868178787218,-0.10359719460858431,0.025646348666948943,0.026968338811041256
100,tree,0.0,0.0,0.1,0.006641572417421289,validation,False,19,0.05263157894736842,1,0.0,0.0,1.0,0.022532227133891,0.0011859066912574211,0.012760868178787218,0.09293307278487448,0.025646348666948943,0.02446044197569152
100,tree,0.0,0.0,0.1,0.00861350053603215,validation,False,19,0.05263157894736842,1,0.0,0.0,1.0,0.022532227133891,0.0011859066912574211,0.012760868178787218,0.09293307278487448,0.025646348666948943,0.02446044197569152
100,tree,0.0,0.0,0.1,0.010907639971133065,validation,False,19,0.05263157894736842,1,0.0,0.0,1.0,0.022532227133891,0.0011859066912574211,0.012760868178787218,0.09293307278487448,0.025646348666948943,0.02446044197569152
100,tree,0.0,0.0,0.1,0.01752015110370826,validation,False,19,0.05263157894736842,1,0.0,0.0,1.0,0.022532227133891,0.0011859066912574211,0.012760868178787218,0.09293307278487448,0.025646348666948943,0.02446044197569152
100,tree,0.0,0.0,0.2,0.006641572417421289,validation,False,19,0.05263157894736842,1,0.0,0.0,1.0,0.022532227133891,0.0011859066912574211,0.012760868178787218,0.09293307278487448,0.025646348666948943,0.02446044197569152
100,tree,0.0,0.0,0.2,0.00861350053603215,validation,False,19,0.05263157894736842,1,1.0,0.05263157894736842,0.0,-0.025117812737753896,-0.0013219901440923102,0.012760868178787218,-0.10359719460858431,0.025646348666948943,0.026968338811041256
100,tree,0.0,0.0,0.2,0.010907639971133065,validation,False,19,0.05263157894736842,1,1.0,0.05263157894736842,0.0,-0.025117812737753896,-0.0013219901440923102,0.012760868178787218,-0.10359719460858431,0.025646348666948943,0.026968338811041256
100,tree,0.0,0.0,0.2,0.01752015110370826,validation,False,19,0.05263157894736842,1,1.0,0.05263157894736842,0.0,-0.025117812737753896,-0.0013219901440923102,0.012760868178787218,-0.10359719460858431,0.025646348666948943,0.026968338811041256
100,tree,0.0,0.0,0.3,0.006641572417421289,validation,False,19,0.10526315789473684,2,0.5,0.05263157894736842,0.5,0.0038924005659728006,0.00040972637536555793,0.012760868178787218,0.03210803290380028,0.025646348666948943,0.025236622291583383
100,tree,0.0,0.0,0.3,0.00861350053603215,validation,False,19,0.10526315789473684,2,1.0,0.10526315789473684,0.0,-0.01993261936984965,-0.0020981704599841735,0.012760868178787218,-0.1644222344896585,0.025646348666948943,0.027744519126933116
100,tree,0.0,0.0,0.3,0.010907639971133065,validation,False,19,0.10526315789473684,2,1.0,0.10526315789473684,0.0,-0.01993261936984965,-0.0020981704599841735,0.012760868178787218,-0.1644222344896585,0.025646348666948943,0.027744519126933116
100,tree,0.0,0.0,0.3,0.01752015110370826,validation,False,19,0.10526315789473684,2,1.0,0.10526315789473684,0.0,-0.01993261936984965,-0.0020981704599841735,0.012760868178787218,-0.1644222344896585,0.025646348666948943,0.027744519126933116
100,tree,0.0,0.0,0.4,0.006641572417421289,validation,False,19,0.10526315789473684,2,0.5,0.05263157894736842,0.5,0.0038924005659728006,0.00040972637536555793,0.012760868178787218,0.03210803290380028,0.025646348666948943,0.025236622291583383
100,tree,0.0,0.0,0.4,0.00861350053603215,validation,False,19,0.10526315789473684,2,1.0,0.10526315789473684,0.0,-0.01993261936984965,-0.0020981704599841735,0.012760868178787218,-0.1644222344896585,0.025646348666948943,0.027744519126933116
100,tree,0.0,0.0,0.4,0.010907639971133065,validation,False,19,0.10526315789473684,2,1.0,0.10526315789473684,0.0,-0.01993261936984965,-0.0020981704599841735,0.012760868178787218,-0.1644222344896585,0.025646348666948943,0.027744519126933116
100,tree,0.0,0.0,0.4,0.01752015110370826,validation,False,19,0.10526315789473684,2,1.0,0.10526315789473684,0.0,-0.01993261936984965,-0.0020981704599841735,0.012760868178787218,-0.1644222344896585,0.025646348666948943,0.027744519126933116
100,tree,0.0,0.0025,0.1,0.006641572417421289,validation,False,19,0.05263157894736842,1,0.0,0.0,1.0,0.022532227133891,0.0011859066912574211,0.012760868178787218,0.09293307278487448,0.025646348666948943,0.02446044197569152
100,tree,0.0,0.0025,0.1,0.00861350053603215,validation,False,19,0.05263157894736842,1,0.0,0.0,1.0,0.022532227133891,0.0011859066912574211,0.012760868178787218,0.09293307278487448,0.025646348666948943,0.02446044197569152
100,tree,0.0,0.0025,0.1,0.010907639971133065,validation,False,19,0.05263157894736842,1,0.0,0.0,1.0,0.022532227133891,0.0011859066912574211,0.012760868178787218,0.09293307278487448,0.025646348666948943,0.02446044197569152
100,tree,0.0,0.0025,0.1,0.01752015110370826,validation,False,19,0.05263157894736842,1,0.0,0.0,1.0,0.022532227133891,0.0011859066912574211,0.012760868178787218,0.09293307278487448,0.025646348666948943,0.02446044197569152
100,tree,0.0,0.0025,0.2,0.006641572417421289,validation,False,19,0.05263157894736842,1,0.0,0.0,1.0,0.022532227133891,0.0011859066912574211,0.012760868178787218,0.09293307278487448,0.025646348666948943,0.02446044197569152
100,tree,0.0,0.0025,0.2,0.00861350053603215,validation,False,19,0.05263157894736842,1,1.0,0.05263157894736842,0.0,-0.025117812737753896,-0.0013219901440923102,0.012760868178787218,-0.10359719460858431,0.025646348666948943,0.026968338811041256
100,tree,0.0,0.0025,0.2,0.010907639971133065,validation,False,19,0.05263157894736842,1,1.0,0.05263157894736842,0.0,-0.025117812737753896,-0.0013219901440923102,0.012760868178787218,-0.10359719460858431,0.025646348666948943,0.026968338811041256
100,tree,0.0,0.0025,0.2,0.01752015110370826,validation,False,19,0.05263157894736842,1,1.0,0.05263157894736842,0.0,-0.025117812737753896,-0.0013219901440923102,0.012760868178787218,-0.10359719460858431,0.025646348666948943,0.026968338811041256
100,tree,0.0,0.0025,0.3,0.006641572417421289,validation,False,19,0.10526315789473684,2,0.5,0.05263157894736842,0.5,0.0038924005659728006,0.00040972637536555793,0.012760868178787218,0.03210803290380028,0.025646348666948943,0.025236622291583383
100,tree,0.0,0.0025,0.3,0.00861350053603215,validation,False,19,0.10526315789473684,2,1.0,0.10526315789473684,0.0,-0.01993261936984965,-0.0020981704599841735,0.012760868178787218,-0.1644222344896585,0.025646348666948943,0.027744519126933116
100,tree,0.0,0.0025,0.3,0.010907639971133065,validation,False,19,0.10526315789473684,2,1.0,0.10526315789473684,0.0,-0.01993261936984965,-0.0020981704599841735,0.012760868178787218,-0.1644222344896585,0.025646348666948943,0.027744519126933116
100,tree,0.0,0.0025,0.3,0.01752015110370826,validation,False,19,0.10526315789473684,2,1.0,0.10526315789473684,0.0,-0.01993261936984965,-0.0020981704599841735,0.012760868178787218,-0.1644222344896585,0.025646348666948943,0.027744519126933116
100,tree,0.0,0.0025,0.4,0.006641572417421289,validation,False,19,0.10526315789473684,2,0.5,0.05263157894736842,0.5,0.0038924005659728006,0.00040972637536555793,0.012760868178787218,0.03210803290380028,0.025646348666948943,0.025236622291583383
100,tree,0.0,0.0025,0.4,0.00861350053603215,validation,False,19,0.10526315789473684,2,1.0,0.10526315789473684,0.0,-0.01993261936984965,-0.0020981704599841735,0.012760868178787218,-0.1644222344896585,0.025646348666948943,0.027744519126933116
100,tree,0.0,0.0025,0.4,0.010907639971133065,validation,False,19,0.10526315789473684,2,1.0,0.10526315789473684,0.0,-0.01993261936984965,-0.0020981704599841735,0.012760868178787218,-0.1644222344896585,0.025646348666948943,0.027744519126933116
100,tree,0.0,0.0025,0.4,0.01752015110370826,validation,False,19,0.10526315789473684,2,1.0,0.10526315789473684,0.0,-0.01993261936984965,-0.0020981704599841735,0.012760868178787218,-0.1644222344896585,0.025646348666948943,0.027744519126933116
100,tree,0.0,0.005,0.1,0.006641572417421289,validation,False,19,0.05263157894736842,1,0.0,0.0,1.0,0.022532227133891,0.0011859066912574211,0.012760868178787218,0.09293307278487448,0.025646348666948943,0.02446044197569152
100,tree,0.0,0.005,0.1,0.00861350053603215,validation,False,19,0.05263157894736842,1,0.0,0.0,1.0,0.022532227133891,0.0011859066912574211,0.012760868178787218,0.09293307278487448,0.025646348666948943,0.02446044197569152
100,tree,0.0,0.005,0.1,0.010907639971133065,validation,False,19,0.05263157894736842,1,0.0,0.0,1.0,0.022532227133891,0.0011859066912574211,0.012760868178787218,0.09293307278487448,0.025646348666948943,0.02446044197569152
100,tree,0.0,0.005,0.1,0.01752015110370826,validation,False,19,0.05263157894736842,1,0.0,0.0,1.0,0.022532227133891,0.0011859066912574211,0.012760868178787218,0.09293307278487448,0.025646348666948943,0.02446044197569152
100,tree,0.0,0.005,0.2,0.006641572417421289,validation,False,19,0.05263157894736842,1,0.0,0.0,1.0,0.022532227133891,0.0011859066912574211,0.012760868178787218,0.09293307278487448,0.025646348666948943,0.02446044197569152
100,tree,0.0,0.005,0.2,0.00861350053603215,validation,False,19,0.05263157894736842,1,1.0,0.05263157894736842,0.0,-0.025117812737753896,-0.0013219901440923102,0.012760868178787218,-0.10359719460858431,0.025646348666948943,0.026968338811041256
100,tree,0.0,0.005,0.2,0.010907639971133065,validation,False,19,0.05263157894736842,1,1.0,0.05263157894736842,0.0,-0.025117812737753896,-0.0013219901440923102,0.012760868178787218,-0.10359719460858431,0.025646348666948943,0.026968338811041256
100,tree,0.0,0.005,0.2,0.01752015110370826,validation,False,19,0.05263157894736842,1,1.0,0.05263157894736842,0.0,-0.025117812737753896,-0.0013219901440923102,0.012760868178787218,-0.10359719460858431,0.025646348666948943,0.026968338811041256
100,tree,0.0,0.005,0.3,0.006641572417421289,validation,False,19,0.10526315789473684,2,0.5,0.05263157894736842,0.5,0.0038924005659728006,0.00040972637536555793,0.012760868178787218,0.03210803290380028,0.025646348666948943,0.025236622291583383
100,tree,0.0,0.005,0.3,0.00861350053603215,validation,False,19,0.10526315789473684,2,1.0,0.10526315789473684,0.0,-0.01993261936984965,-0.0020981704599841735,0.012760868178787218,-0.1644222344896585,0.025646348666948943,0.027744519126933116
100,tree,0.0,0.005,0.3,0.010907639971133065,validation,False,19,0.10526315789473684,2,1.0,0.10526315789473684,0.0,-0.01993261936984965,-0.0020981704599841735,0.012760868178787218,-0.1644222344896585,0.025646348666948943,0.027744519126933116
100,tree,0.0,0.005,0.3,0.01752015110370826,validation,False,19,0.10526315789473684,2,1.0,0.10526315789473684,0.0,-0.01993261936984965,-0.0020981704599841735,0.012760868178787218,-0.1644222344896585,0.025646348666948943,0.027744519126933116
100,tree,0.0,0.005,0.4,0.006641572417421289,validation,False,19,0.10526315789473684,2,0.5,0.05263157894736842,0.5,0.0038924005659728006,0.00040972637536555793,0.012760868178787218,0.03210803290380028,0.025646348666948943,0.025236622291583383
100,tree,0.0,0.005,0.4,0.00861350053603215,validation,False,19,0.10526315789473684,2,1.0,0.10526315789473684,0.0,-0.01993261936984965,-0.0020981704599841735,0.012760868178787218,-0.1644222344896585,0.025646348666948943,0.027744519126933116
100,tree,0.0,0.005,0.4,0.010907639971133065,validation,False,19,0.10526315789473684,2,1.0,0.10526315789473684,0.0,-0.01993261936984965,-0.0020981704599841735,0.012760868178787218,-0.1644222344896585,0.025646348666948943,0.027744519126933116
100,tree,0.0,0.005,0.4,0.01752015110370826,validation,False,19,0.10526315789473684,2,1.0,0.10526315789473684,0.0,-0.01993261936984965,-0.0020981704599841735,0.012760868178787218,-0.1644222344896585,0.025646348666948943,0.027744519126933116
100,tree,0.0025,0.0,0.1,0.006641572417421289,validation,False,19,0.05263157894736842,1,0.0,0.0,1.0,0.022532227133891,0.0011859066912574211,0.012760868178787218,0.09293307278487448,0.025646348666948943,0.02446044197569152
100,tree,0.0025,0.0,0.1,0.00861350053603215,validation,False,19,0.05263157894736842,1,0.0,0.0,1.0,0.022532227133891,0.0011859066912574211,0.012760868178787218,0.09293307278487448,0.025646348666948943,0.02446044197569152
100,tree,0.0025,0.0,0.1,0.010907639971133065,validation,False,19,0.05263157894736842,1,0.0,0.0,1.0,0.022532227133891,0.0011859066912574211,0.012760868178787218,0.09293307278487448,0.025646348666948943,0.02446044197569152
100,tree,0.0025,0.0,0.1,0.01752015110370826,validation,False,19,0.05263157894736842,1,0.0,0.0,1.0,0.022532227133891,0.0011859066912574211,0.012760868178787218,0.09293307278487448,0.025646348666948943,0.02446044197569152
100,tree,0.0025,0.0,0.2,0.006641572417421289,validation,False,19,0.05263157894736842,1,0.0,0.0,1.0,0.022532227133891,0.0011859066912574211,0.012760868178787218,0.09293307278487448,0.025646348666948943,0.02446044197569152
100,tree,0.0025,0.0,0.2,0.00861350053603215,validation,False,19,0.05263157894736842,1,1.0,0.05263157894736842,0.0,-0.025117812737753896,-0.0013219901440923102,0.012760868178787218,-0.10359719460858431,0.025646348666948943,0.026968338811041256
100,tree,0.0025,0.0,0.2,0.010907639971133065,validation,False,19,0.05263157894736842,1,1.0,0.05263157894736842,0.0,-0.025117812737753896,-0.0013219901440923102,0.012760868178787218,-0.10359719460858431,0.025646348666948943,0.026968338811041256
100,tree,0.0025,0.0,0.2,0.01752015110370826,validation,False,19,0.05263157894736842,1,1.0,0.05263157894736842,0.0,-0.025117812737753896,-0.0013219901440923102,0.012760868178787218,-0.10359719460858431,0.025646348666948943,0.026968338811041256
100,tree,0.0025,0.0,0.3,0.006641572417421289,validation,False,19,0.10526315789473684,2,0.5,0.05263157894736842,0.5,0.0038924005659728006,0.00040972637536555793,0.012760868178787218,0.03210803290380028,0.025646348666948943,0.025236622291583383
100,tree,0.0025,0.0,0.3,0.00861350053603215,validation,False,19,0.10526315789473684,2,1.0,0.10526315789473684,0.0,-0.01993261936984965,-0.0020981704599841735,0.012760868178787218,-0.1644222344896585,0.025646348666948943,0.027744519126933116
100,tree,0.0025,0.0,0.3,0.010907639971133065,validation,False,19,0.10526315789473684,2,1.0,0.10526315789473684,0.0,-0.01993261936984965,-0.0020981704599841735,0.012760868178787218,-0.1644222344896585,0.025646348666948943,0.027744519126933116
100,tree,0.0025,0.0,0.3,0.01752015110370826,validation,False,19,0.10526315789473684,2,1.0,0.10526315789473684,0.0,-0.01993261936984965,-0.0020981704599841735,0.012760868178787218,-0.1644222344896585,0.025646348666948943,0.027744519126933116
100,tree,0.0025,0.0,0.4,0.006641572417421289,validation,False,19,0.10526315789473684,2,0.5,0.05263157894736842,0.5,0.0038924005659728006,0.00040972637536555793,0.012760868178787218,0.03210803290380028,0.025646348666948943,0.025236622291583383
100,tree,0.0025,0.0,0.4,0.00861350053603215,validation,False,19,0.10526315789473684,2,1.0,0.10526315789473684,0.0,-0.01993261936984965,-0.0020981704599841735,0.012760868178787218,-0.1644222344896585,0.025646348666948943,0.027744519126933116
100,tree,0.0025,0.0,0.4,0.010907639971133065,validation,False,19,0.10526315789473684,2,1.0,0.10526315789473684,0.0,-0.01993261936984965,-0.0020981704599841735,0.012760868178787218,-0.1644222344896585,0.025646348666948943,0.027744519126933116
100,tree,0.0025,0.0,0.4,0.01752015110370826,validation,False,19,0.10526315789473684,2,1.0,0.10526315789473684,0.0,-0.01993261936984965,-0.0020981704599841735,0.012760868178787218,-0.1644222344896585,0.025646348666948943,0.027744519126933116
100,tree,0.0025,0.0025,0.1,0.006641572417421289,validation,False,19,0.05263157894736842,1,0.0,0.0,1.0,0.022532227133891,0.0011859066912574211,0.012760868178787218,0.09293307278487448,0.025646348666948943,0.02446044197569152
100,tree,0.0025,0.0025,0.1,0.00861350053603215,validation,False,19,0.05263157894736842,1,0.0,0.0,1.0,0.022532227133891,0.0011859066912574211,0.012760868178787218,0.09293307278487448,0.025646348666948943,0.02446044197569152
100,tree,0.0025,0.0025,0.1,0.010907639971133065,validation,False,19,0.05263157894736842,1,0.0,0.0,1.0,0.022532227133891,0.0011859066912574211,0.012760868178787218,0.09293307278487448,0.025646348666948943,0.02446044197569152
100,tree,0.0025,0.0025,0.1,0.01752015110370826,validation,False,19,0.05263157894736842,1,0.0,0.0,1.0,0.022532227133891,0.0011859066912574211,0.012760868178787218,0.09293307278487448,0.025646348666948943,0.02446044197569152
100,tree,0.0025,0.0025,0.2,0.006641572417421289,validation,False,19,0.05263157894736842,1,0.0,0.0,1.0,0.022532227133891,0.0011859066912574211,0.012760868178787218,0.09293307278487448,0.025646348666948943,0.02446044197569152
100,tree,0.0025,0.0025,0.2,0.00861350053603215,validation,False,19,0.05263157894736842,1,1.0,0.05263157894736842,0.0,-0.025117812737753896,-0.0013219901440923102,0.012760868178787218,-0.10359719460858431,0.025646348666948943,0.026968338811041256
100,tree,0.0025,0.0025,0.2,0.010907639971133065,validation,False,19,0.05263157894736842,1,1.0,0.05263157894736842,0.0,-0.025117812737753896,-0.0013219901440923102,0.012760868178787218,-0.10359719460858431,0.025646348666948943,0.026968338811041256
100,tree,0.0025,0.0025,0.2,0.01752015110370826,validation,False,19,0.05263157894736842,1,1.0,0.05263157894736842,0.0,-0.025117812737753896,-0.0013219901440923102,0.012760868178787218,-0.10359719460858431,0.025646348666948943,0.026968338811041256
100,tree,0.0025,0.0025,0.3,0.006641572417421289,validation,False,19,0.10526315789473684,2,0.5,0.05263157894736842,0.5,0.0038924005659728006,0.00040972637536555793,0.012760868178787218,0.03210803290380028,0.025646348666948943,0.025236622291583383
100,tree,0.0025,0.0025,0.3,0.00861350053603215,validation,False,19,0.10526315789473684,2,1.0,0.10526315789473684,0.0,-0.01993261936984965,-0.0020981704599841735,0.012760868178787218,-0.1644222344896585,0.025646348666948943,0.027744519126933116
100,tree,0.0025,0.0025,0.3,0.010907639971133065,validation,False,19,0.10526315789473684,2,1.0,0.10526315789473684,0.0,-0.01993261936984965,-0.0020981704599841735,0.012760868178787218,-0.1644222344896585,0.025646348666948943,0.027744519126933116
100,tree,0.0025,0.0025,0.3,0.01752015110370826,validation,False,19,0.10526315789473684,2,1.0,0.10526315789473684,0.0,-0.01993261936984965,-0.0020981704599841735,0.012760868178787218,-0.1644222344896585,0.025646348666948943,0.027744519126933116
100,tree,0.0025,0.0025,0.4,0.006641572417421289,validation,False,19,0.10526315789473684,2,0.5,0.05263157894736842,0.5,0.0038924005659728006,0.00040972637536555793,0.012760868178787218,0.03210803290380028,0.025646348666948943,0.025236622291583383
100,tree,0.0025,0.0025,0.4,0.00861350053603215,validation,False,19,0.10526315789473684,2,1.0,0.10526315789473684,0.0,-0.01993261936984965,-0.0020981704599841735,0.012760868178787218,-0.1644222344896585,0.025646348666948943,0.027744519126933116
100,tree,0.0025,0.0025,0.4,0.010907639971133065,validation,False,19,0.10526315789473684,2,1.0,0.10526315789473684,0.0,-0.01993261936984965,-0.0020981704599841735,0.012760868178787218,-0.1644222344896585,0.025646348666948943,0.027744519126933116
100,tree,0.0025,0.0025,0.4,0.01752015110370826,validation,False,19,0.10526315789473684,2,1.0,0.10526315789473684,0.0,-0.01993261936984965,-0.0020981704599841735,0.012760868178787218,-0.1644222344896585,0.025646348666948943,0.027744519126933116
100,tree,0.0025,0.005,0.1,0.006641572417421289,validation,False,19,0.05263157894736842,1,0.0,0.0,1.0,0.022532227133891,0.0011859066912574211,0.012760868178787218,0.09293307278487448,0.025646348666948943,0.02446044197569152
100,tree,0.0025,0.005,0.1,0.00861350053603215,validation,False,19,0.05263157894736842,1,0.0,0.0,1.0,0.022532227133891,0.0011859066912574211,0.012760868178787218,0.09293307278487448,0.025646348666948943,0.02446044197569152
100,tree,0.0025,0.005,0.1,0.010907639971133065,validation,False,19,0.05263157894736842,1,0.0,0.0,1.0,0.022532227133891,0.0011859066912574211,0.012760868178787218,0.09293307278487448,0.025646348666948943,0.02446044197569152
100,tree,0.0025,0.005,0.1,0.01752015110370826,validation,False,19,0.05263157894736842,1,0.0,0.0,1.0,0.022532227133891,0.0011859066912574211,0.012760868178787218,0.09293307278487448,0.025646348666948943,0.02446044197569152
100,tree,0.0025,0.005,0.2,0.006641572417421289,validation,False,19,0.05263157894736842,1,0.0,0.0,1.0,0.022532227133891,0.0011859066912574211,0.012760868178787218,0.09293307278487448,0.025646348666948943,0.02446044197569152
100,tree,0.0025,0.005,0.2,0.00861350053603215,validation,False,19,0.05263157894736842,1,1.0,0.05263157894736842,0.0,-0.025117812737753896,-0.0013219901440923102,0.012760868178787218,-0.10359719460858431,0.025646348666948943,0.026968338811041256
100,tree,0.0025,0.005,0.2,0.010907639971133065,validation,False,19,0.05263157894736842,1,1.0,0.05263157894736842,0.0,-0.025117812737753896,-0.0013219901440923102,0.012760868178787218,-0.10359719460858431,0.025646348666948943,0.026968338811041256
100,tree,0.0025,0.005,0.2,0.01752015110370826,validation,False,19,0.05263157894736842,1,1.0,0.05263157894736842,0.0,-0.025117812737753896,-0.0013219901440923102,0.012760868178787218,-0.10359719460858431,0.025646348666948943,0.026968338811041256
100,tree,0.0025,0.005,0.3,0.006641572417421289,validation,False,19,0.10526315789473684,2,0.5,0.05263157894736842,0.5,0.0038924005659728006,0.00040972637536555793,0.012760868178787218,0.03210803290380028,0.025646348666948943,0.025236622291583383
100,tree,0.0025,0.005,0.3,0.00861350053603215,validation,False,19,0.10526315789473684,2,1.0,0.10526315789473684,0.0,-0.01993261936984965,-0.0020981704599841735,0.012760868178787218,-0.1644222344896585,0.025646348666948943,0.027744519126933116
100,tree,0.0025,0.005,0.3,0.010907639971133065,validation,False,19,0.10526315789473684,2,1.0,0.10526315789473684,0.0,-0.01993261936984965,-0.0020981704599841735,0.012760868178787218,-0.1644222344896585,0.025646348666948943,0.027744519126933116
100,tree,0.0025,0.005,0.3,0.01752015110370826,validation,False,19,0.10526315789473684,2,1.0,0.10526315789473684,0.0,-0.01993261936984965,-0.0020981704599841735,0.012760868178787218,-0.1644222344896585,0.025646348666948943,0.027744519126933116
100,tree,0.0025,0.005,0.4,0.006641572417421289,validation,False,19,0.10526315789473684,2,0.5,0.05263157894736842,0.5,0.0038924005659728006,0.00040972637536555793,0.012760868178787218,0.03210803290380028,0.025646348666948943,0.025236622291583383
100,tree,0.0025,0.005,0.4,0.00861350053603215,validation,False,19,0.10526315789473684,2,1.0,0.10526315789473684,0.0,-0.01993261936984965,-0.0020981704599841735,0.012760868178787218,-0.1644222344896585,0.025646348666948943,0.027744519126933116
100,tree,0.0025,0.005,0.4,0.010907639971133065,validation,False,19,0.10526315789473684,2,1.0,0.10526315789473684,0.0,-0.01993261936984965,-0.0020981704599841735,0.012760868178787218,-0.1644222344896585,0.025646348666948943,0.027744519126933116
100,tree,0.0025,0.005,0.4,0.01752015110370826,validation,False,19,0.10526315789473684,2,1.0,0.10526315789473684,0.0,-0.01993261936984965,-0.0020981704599841735,0.012760868178787218,-0.1644222344896585,0.025646348666948943,0.027744519126933116
100,tree,0.005,0.0,0.1,0.006641572417421289,validation,False,19,0.05263157894736842,1,0.0,0.0,1.0,0.022532227133891,0.0011859066912574211,0.012760868178787218,0.09293307278487448,0.025646348666948943,0.02446044197569152
100,tree,0.005,0.0,0.1,0.00861350053603215,validation,False,19,0.05263157894736842,1,0.0,0.0,1.0,0.022532227133891,0.0011859066912574211,0.012760868178787218,0.09293307278487448,0.025646348666948943,0.02446044197569152
100,tree,0.005,0.0,0.1,0.010907639971133065,validation,False,19,0.05263157894736842,1,0.0,0.0,1.0,0.022532227133891,0.0011859066912574211,0.012760868178787218,0.09293307278487448,0.025646348666948943,0.02446044197569152
100,tree,0.005,0.0,0.1,0.01752015110370826,validation,False,19,0.05263157894736842,1,0.0,0.0,1.0,0.022532227133891,0.0011859066912574211,0.012760868178787218,0.09293307278487448,0.025646348666948943,0.02446044197569152
100,tree,0.005,0.0,0.2,0.006641572417421289,validation,False,19,0.05263157894736842,1,0.0,0.0,1.0,0.022532227133891,0.0011859066912574211,0.012760868178787218,0.09293307278487448,0.025646348666948943,0.02446044197569152
100,tree,0.005,0.0,0.2,0.00861350053603215,validation,False,19,0.05263157894736842,1,1.0,0.05263157894736842,0.0,-0.025117812737753896,-0.0013219901440923102,0.012760868178787218,-0.10359719460858431,0.025646348666948943,0.026968338811041256
100,tree,0.005,0.0,0.2,0.010907639971133065,validation,False,19,0.05263157894736842,1,1.0,0.05263157894736842,0.0,-0.025117812737753896,-0.0013219901440923102,0.012760868178787218,-0.10359719460858431,0.025646348666948943,0.026968338811041256
100,tree,0.005,0.0,0.2,0.01752015110370826,validation,False,19,0.05263157894736842,1,1.0,0.05263157894736842,0.0,-0.025117812737753896,-0.0013219901440923102,0.012760868178787218,-0.10359719460858431,0.025646348666948943,0.026968338811041256
100,tree,0.005,0.0,0.3,0.006641572417421289,validation,False,19,0.10526315789473684,2,0.5,0.05263157894736842,0.5,0.0038924005659728006,0.00040972637536555793,0.012760868178787218,0.03210803290380028,0.025646348666948943,0.025236622291583383
100,tree,0.005,0.0,0.3,0.00861350053603215,validation,False,19,0.10526315789473684,2,1.0,0.10526315789473684,0.0,-0.01993261936984965,-0.0020981704599841735,0.012760868178787218,-0.1644222344896585,0.025646348666948943,0.027744519126933116
100,tree,0.005,0.0,0.3,0.010907639971133065,validation,False,19,0.10526315789473684,2,1.0,0.10526315789473684,0.0,-0.01993261936984965,-0.0020981704599841735,0.012760868178787218,-0.1644222344896585,0.025646348666948943,0.027744519126933116
100,tree,0.005,0.0,0.3,0.01752015110370826,validation,False,19,0.10526315789473684,2,1.0,0.10526315789473684,0.0,-0.01993261936984965,-0.0020981704599841735,0.012760868178787218,-0.1644222344896585,0.025646348666948943,0.027744519126933116
100,tree,0.005,0.0,0.4,0.006641572417421289,validation,False,19,0.10526315789473684,2,0.5,0.05263157894736842,0.5,0.0038924005659728006,0.00040972637536555793,0.012760868178787218,0.03210803290380028,0.025646348666948943,0.025236622291583383
100,tree,0.005,0.0,0.4,0.00861350053603215,validation,False,19,0.10526315789473684,2,1.0,0.10526315789473684,0.0,-0.01993261936984965,-0.0020981704599841735,0.012760868178787218,-0.1644222344896585,0.025646348666948943,0.027744519126933116
100,tree,0.005,0.0,0.4,0.010907639971133065,validation,False,19,0.10526315789473684,2,1.0,0.10526315789473684,0.0,-0.01993261936984965,-0.0020981704599841735,0.012760868178787218,-0.1644222344896585,0.025646348666948943,0.027744519126933116
100,tree,0.005,0.0,0.4,0.01752015110370826,validation,False,19,0.10526315789473684,2,1.0,0.10526315789473684,0.0,-0.01993261936984965,-0.0020981704599841735,0.012760868178787218,-0.1644222344896585,0.025646348666948943,0.027744519126933116
100,tree,0.005,0.0025,0.1,0.006641572417421289,validation,False,19,0.05263157894736842,1,0.0,0.0,1.0,0.022532227133891,0.0011859066912574211,0.012760868178787218,0.09293307278487448,0.025646348666948943,0.02446044197569152
100,tree,0.005,0.0025,0.1,0.00861350053603215,validation,False,19,0.05263157894736842,1,0.0,0.0,1.0,0.022532227133891,0.0011859066912574211,0.012760868178787218,0.09293307278487448,0.025646348666948943,0.02446044197569152
100,tree,0.005,0.0025,0.1,0.010907639971133065,validation,False,19,0.05263157894736842,1,0.0,0.0,1.0,0.022532227133891,0.0011859066912574211,0.012760868178787218,0.09293307278487448,0.025646348666948943,0.02446044197569152
100,tree,0.005,0.0025,0.1,0.01752015110370826,validation,False,19,0.05263157894736842,1,0.0,0.0,1.0,0.022532227133891,0.0011859066912574211,0.012760868178787218,0.09293307278487448,0.025646348666948943,0.02446044197569152
100,tree,0.005,0.0025,0.2,0.006641572417421289,validation,False,19,0.05263157894736842,1,0.0,0.0,1.0,0.022532227133891,0.0011859066912574211,0.012760868178787218,0.09293307278487448,0.025646348666948943,0.02446044197569152
100,tree,0.005,0.0025,0.2,0.00861350053603215,validation,False,19,0.05263157894736842,1,1.0,0.05263157894736842,0.0,-0.025117812737753896,-0.0013219901440923102,0.012760868178787218,-0.10359719460858431,0.025646348666948943,0.026968338811041256
100,tree,0.005,0.0025,0.2,0.010907639971133065,validation,False,19,0.05263157894736842,1,1.0,0.05263157894736842,0.0,-0.025117812737753896,-0.0013219901440923102,0.012760868178787218,-0.10359719460858431,0.025646348666948943,0.026968338811041256
100,tree,0.005,0.0025,0.2,0.01752015110370826,validation,False,19,0.05263157894736842,1,1.0,0.05263157894736842,0.0,-0.025117812737753896,-0.0013219901440923102,0.012760868178787218,-0.10359719460858431,0.025646348666948943,0.026968338811041256
100,tree,0.005,0.0025,0.3,0.006641572417421289,validation,False,19,0.10526315789473684,2,0.5,0.05263157894736842,0.5,0.0038924005659728006,0.00040972637536555793,0.012760868178787218,0.03210803290380028,0.025646348666948943,0.025236622291583383
100,tree,0.005,0.0025,0.3,0.00861350053603215,validation,False,19,0.10526315789473684,2,1.0,0.10526315789473684,0.0,-0.01993261936984965,-0.0020981704599841735,0.012760868178787218,-0.1644222344896585,0.025646348666948943,0.027744519126933116
100,tree,0.005,0.0025,0.3,0.010907639971133065,validation,False,19,0.10526315789473684,2,1.0,0.10526315789473684,0.0,-0.01993261936984965,-0.0020981704599841735,0.012760868178787218,-0.1644222344896585,0.025646348666948943,0.027744519126933116
100,tree,0.005,0.0025,0.3,0.01752015110370826,validation,False,19,0.10526315789473684,2,1.0,0.10526315789473684,0.0,-0.01993261936984965,-0.0020981704599841735,0.012760868178787218,-0.1644222344896585,0.025646348666948943,0.027744519126933116
100,tree,0.005,0.0025,0.4,0.006641572417421289,validation,False,19,0.10526315789473684,2,0.5,0.05263157894736842,0.5,0.0038924005659728006,0.00040972637536555793,0.012760868178787218,0.03210803290380028,0.025646348666948943,0.025236622291583383
100,tree,0.005,0.0025,0.4,0.00861350053603215,validation,False,19,0.10526315789473684,2,1.0,0.10526315789473684,0.0,-0.01993261936984965,-0.0020981704599841735,0.012760868178787218,-0.1644222344896585,0.025646348666948943,0.027744519126933116
100,tree,0.005,0.0025,0.4,0.010907639971133065,validation,False,19,0.10526315789473684,2,1.0,0.10526315789473684,0.0,-0.01993261936984965,-0.0020981704599841735,0.012760868178787218,-0.1644222344896585,0.025646348666948943,0.027744519126933116
100,tree,0.005,0.0025,0.4,0.01752015110370826,validation,False,19,0.10526315789473684,2,1.0,0.10526315789473684,0.0,-0.01993261936984965,-0.0020981704599841735,0.012760868178787218,-0.1644222344896585,0.025646348666948943,0.027744519126933116
100,tree,0.005,0.005,0.1,0.006641572417421289,validation,False,19,0.05263157894736842,1,0.0,0.0,1.0,0.022532227133891,0.0011859066912574211,0.012760868178787218,0.09293307278487448,0.025646348666948943,0.02446044197569152
100,tree,0.005,0.005,0.1,0.00861350053603215,validation,False,19,0.05263157894736842,1,0.0,0.0,1.0,0.022532227133891,0.0011859066912574211,0.012760868178787218,0.09293307278487448,0.025646348666948943,0.02446044197569152
100,tree,0.005,0.005,0.1,0.010907639971133065,validation,False,19,0.05263157894736842,1,0.0,0.0,1.0,0.022532227133891,0.0011859066912574211,0.012760868178787218,0.09293307278487448,0.025646348666948943,0.02446044197569152
100,tree,0.005,0.005,0.1,0.01752015110370826,validation,False,19,0.05263157894736842,1,0.0,0.0,1.0,0.022532227133891,0.0011859066912574211,0.012760868178787218,0.09293307278487448,0.025646348666948943,0.02446044197569152
100,tree,0.005,0.005,0.2,0.006641572417421289,validation,False,19,0.05263157894736842,1,0.0,0.0,1.0,0.022532227133891,0.0011859066912574211,0.012760868178787218,0.09293307278487448,0.025646348666948943,0.02446044197569152
100,tree,0.005,0.005,0.2,0.00861350053603215,validation,False,19,0.05263157894736842,1,1.0,0.05263157894736842,0.0,-0.025117812737753896,-0.0013219901440923102,0.012760868178787218,-0.10359719460858431,0.025646348666948943,0.026968338811041256
100,tree,0.005,0.005,0.2,0.010907639971133065,validation,False,19,0.05263157894736842,1,1.0,0.05263157894736842,0.0,-0.025117812737753896,-0.0013219901440923102,0.012760868178787218,-0.10359719460858431,0.025646348666948943,0.026968338811041256
100,tree,0.005,0.005,0.2,0.01752015110370826,validation,False,19,0.05263157894736842,1,1.0,0.05263157894736842,0.0,-0.025117812737753896,-0.0013219901440923102,0.012760868178787218,-0.10359719460858431,0.025646348666948943,0.026968338811041256
100,tree,0.005,0.005,0.3,0.006641572417421289,validation,False,19,0.10526315789473684,2,0.5,0.05263157894736842,0.5,0.0038924005659728006,0.00040972637536555793,0.012760868178787218,0.03210803290380028,0.025646348666948943,0.025236622291583383
100,tree,0.005,0.005,0.3,0.00861350053603215,validation,False,19,0.10526315789473684,2,1.0,0.10526315789473684,0.0,-0.01993261936984965,-0.0020981704599841735,0.012760868178787218,-0.1644222344896585,0.025646348666948943,0.027744519126933116
100,tree,0.005,0.005,0.3,0.010907639971133065,validation,False,19,0.10526315789473684,2,1.0,0.10526315789473684,0.0,-0.01993261936984965,-0.0020981704599841735,0.012760868178787218,-0.1644222344896585,0.025646348666948943,0.027744519126933116
100,tree,0.005,0.005,0.3,0.01752015110370826,validation,False,19,0.10526315789473684,2,1.0,0.10526315789473684,0.0,-0.01993261936984965,-0.0020981704599841735,0.012760868178787218,-0.1644222344896585,0.025646348666948943,0.027744519126933116
100,tree,0.005,0.005,0.4,0.006641572417421289,validation,False,19,0.10526315789473684,2,0.5,0.05263157894736842,0.5,0.0038924005659728006,0.00040972637536555793,0.012760868178787218,0.03210803290380028,0.025646348666948943,0.025236622291583383
100,tree,0.005,0.005,0.4,0.00861350053603215,validation,False,19,0.10526315789473684,2,1.0,0.10526315789473684,0.0,-0.01993261936984965,-0.0020981704599841735,0.012760868178787218,-0.1644222344896585,0.025646348666948943,0.027744519126933116
100,tree,0.005,0.005,0.4,0.010907639971133065,validation,False,19,0.10526315789473684,2,1.0,0.10526315789473684,0.0,-0.01993261936984965,-0.0020981704599841735,0.012760868178787218,-0.1644222344896585,0.025646348666948943,0.027744519126933116
100,tree,0.005,0.005,0.4,0.01752015110370826,validation,False,19,0.10526315789473684,2,1.0,0.10526315789473684,0.0,-0.01993261936984965,-0.0020981704599841735,0.012760868178787218,-0.1644222344896585,0.025646348666948943,0.027744519126933116
100,tree,0.01,0.0,0.1,0.006641572417421289,validation,False,19,0.05263157894736842,1,0.0,0.0,1.0,0.022532227133891,0.0011859066912574211,0.012760868178787218,0.09293307278487448,0.025646348666948943,0.02446044197569152
100,tree,0.01,0.0,0.1,0.00861350053603215,validation,False,19,0.05263157894736842,1,0.0,0.0,1.0,0.022532227133891,0.0011859066912574211,0.012760868178787218,0.09293307278487448,0.025646348666948943,0.02446044197569152
100,tree,0.01,0.0,0.1,0.010907639971133065,validation,False,19,0.05263157894736842,1,0.0,0.0,1.0,0.022532227133891,0.0011859066912574211,0.012760868178787218,0.09293307278487448,0.025646348666948943,0.02446044197569152
100,tree,0.01,0.0,0.1,0.01752015110370826,validation,False,19,0.05263157894736842,1,0.0,0.0,1.0,0.022532227133891,0.0011859066912574211,0.012760868178787218,0.09293307278487448,0.025646348666948943,0.02446044197569152
100,tree,0.01,0.0,0.2,0.006641572417421289,validation,False,19,0.05263157894736842,1,0.0,0.0,1.0,0.022532227133891,0.0011859066912574211,0.012760868178787218,0.09293307278487448,0.025646348666948943,0.02446044197569152
100,tree,0.01,0.0,0.2,0.00861350053603215,validation,False,19,0.05263157894736842,1,1.0,0.05263157894736842,0.0,-0.025117812737753896,-0.0013219901440923102,0.012760868178787218,-0.10359719460858431,0.025646348666948943,0.026968338811041256
100,tree,0.01,0.0,0.2,0.010907639971133065,validation,False,19,0.05263157894736842,1,1.0,0.05263157894736842,0.0,-0.025117812737753896,-0.0013219901440923102,0.012760868178787218,-0.10359719460858431,0.025646348666948943,0.026968338811041256
100,tree,0.01,0.0,0.2,0.01752015110370826,validation,False,19,0.05263157894736842,1,1.0,0.05263157894736842,0.0,-0.025117812737753896,-0.0013219901440923102,0.012760868178787218,-0.10359719460858431,0.025646348666948943,0.026968338811041256
100,tree,0.01,0.0,0.3,0.006641572417421289,validation,False,19,0.10526315789473684,2,0.5,0.05263157894736842,0.5,0.0038924005659728006,0.00040972637536555793,0.012760868178787218,0.03210803290380028,0.025646348666948943,0.025236622291583383
100,tree,0.01,0.0,0.3,0.00861350053603215,validation,False,19,0.10526315789473684,2,1.0,0.10526315789473684,0.0,-0.01993261936984965,-0.0020981704599841735,0.012760868178787218,-0.1644222344896585,0.025646348666948943,0.027744519126933116
100,tree,0.01,0.0,0.3,0.010907639971133065,validation,False,19,0.10526315789473684,2,1.0,0.10526315789473684,0.0,-0.01993261936984965,-0.0020981704599841735,0.012760868178787218,-0.1644222344896585,0.025646348666948943,0.027744519126933116
100,tree,0.01,0.0,0.3,0.01752015110370826,validation,False,19,0.10526315789473684,2,1.0,0.10526315789473684,0.0,-0.01993261936984965,-0.0020981704599841735,0.012760868178787218,-0.1644222344896585,0.025646348666948943,0.027744519126933116
100,tree,0.01,0.0,0.4,0.006641572417421289,validation,False,19,0.10526315789473684,2,0.5,0.05263157894736842,0.5,0.0038924005659728006,0.00040972637536555793,0.012760868178787218,0.03210803290380028,0.025646348666948943,0.025236622291583383
100,tree,0.01,0.0,0.4,0.00861350053603215,validation,False,19,0.10526315789473684,2,1.0,0.10526315789473684,0.0,-0.01993261936984965,-0.0020981704599841735,0.012760868178787218,-0.1644222344896585,0.025646348666948943,0.027744519126933116
100,tree,0.01,0.0,0.4,0.010907639971133065,validation,False,19,0.10526315789473684,2,1.0,0.10526315789473684,0.0,-0.01993261936984965,-0.0020981704599841735,0.012760868178787218,-0.1644222344896585,0.025646348666948943,0.027744519126933116
100,tree,0.01,0.0,0.4,0.01752015110370826,validation,False,19,0.10526315789473684,2,1.0,0.10526315789473684,0.0,-0.01993261936984965,-0.0020981704599841735,0.012760868178787218,-0.1644222344896585,0.025646348666948943,0.027744519126933116
100,tree,0.01,0.0025,0.1,0.006641572417421289,validation,False,19,0.05263157894736842,1,0.0,0.0,1.0,0.022532227133891,0.0011859066912574211,0.012760868178787218,0.09293307278487448,0.025646348666948943,0.02446044197569152
100,tree,0.01,0.0025,0.1,0.00861350053603215,validation,False,19,0.05263157894736842,1,0.0,0.0,1.0,0.022532227133891,0.0011859066912574211,0.012760868178787218,0.09293307278487448,0.025646348666948943,0.02446044197569152
100,tree,0.01,0.0025,0.1,0.010907639971133065,validation,False,19,0.05263157894736842,1,0.0,0.0,1.0,0.022532227133891,0.0011859066912574211,0.012760868178787218,0.09293307278487448,0.025646348666948943,0.02446044197569152
100,tree,0.01,0.0025,0.1,0.01752015110370826,validation,False,19,0.05263157894736842,1,0.0,0.0,1.0,0.022532227133891,0.0011859066912574211,0.012760868178787218,0.09293307278487448,0.025646348666948943,0.02446044197569152
100,tree,0.01,0.0025,0.2,0.006641572417421289,validation,False,19,0.05263157894736842,1,0.0,0.0,1.0,0.022532227133891,0.0011859066912574211,0.012760868178787218,0.09293307278487448,0.025646348666948943,0.02446044197569152
100,tree,0.01,0.0025,0.2,0.00861350053603215,validation,False,19,0.05263157894736842,1,1.0,0.05263157894736842,0.0,-0.025117812737753896,-0.0013219901440923102,0.012760868178787218,-0.10359719460858431,0.025646348666948943,0.026968338811041256
100,tree,0.01,0.0025,0.2,0.010907639971133065,validation,False,19,0.05263157894736842,1,1.0,0.05263157894736842,0.0,-0.025117812737753896,-0.0013219901440923102,0.012760868178787218,-0.10359719460858431,0.025646348666948943,0.026968338811041256
100,tree,0.01,0.0025,0.2,0.01752015110370826,validation,False,19,0.05263157894736842,1,1.0,0.05263157894736842,0.0,-0.025117812737753896,-0.0013219901440923102,0.012760868178787218,-0.10359719460858431,0.025646348666948943,0.026968338811041256
100,tree,0.01,0.0025,0.3,0.006641572417421289,validation,False,19,0.10526315789473684,2,0.5,0.05263157894736842,0.5,0.0038924005659728006,0.00040972637536555793,0.012760868178787218,0.03210803290380028,0.025646348666948943,0.025236622291583383
100,tree,0.01,0.0025,0.3,0.00861350053603215,validation,False,19,0.10526315789473684,2,1.0,0.10526315789473684,0.0,-0.01993261936984965,-0.0020981704599841735,0.012760868178787218,-0.1644222344896585,0.025646348666948943,0.027744519126933116
100,tree,0.01,0.0025,0.3,0.010907639971133065,validation,False,19,0.10526315789473684,2,1.0,0.10526315789473684,0.0,-0.01993261936984965,-0.0020981704599841735,0.012760868178787218,-0.1644222344896585,0.025646348666948943,0.027744519126933116
100,tree,0.01,0.0025,0.3,0.01752015110370826,validation,False,19,0.10526315789473684,2,1.0,0.10526315789473684,0.0,-0.01993261936984965,-0.0020981704599841735,0.012760868178787218,-0.1644222344896585,0.025646348666948943,0.027744519126933116
100,tree,0.01,0.0025,0.4,0.006641572417421289,validation,False,19,0.10526315789473684,2,0.5,0.05263157894736842,0.5,0.0038924005659728006,0.00040972637536555793,0.012760868178787218,0.03210803290380028,0.025646348666948943,0.025236622291583383
100,tree,0.01,0.0025,0.4,0.00861350053603215,validation,False,19,0.10526315789473684,2,1.0,0.10526315789473684,0.0,-0.01993261936984965,-0.0020981704599841735,0.012760868178787218,-0.1644222344896585,0.025646348666948943,0.027744519126933116
100,tree,0.01,0.0025,0.4,0.010907639971133065,validation,False,19,0.10526315789473684,2,1.0,0.10526315789473684,0.0,-0.01993261936984965,-0.0020981704599841735,0.012760868178787218,-0.1644222344896585,0.025646348666948943,0.027744519126933116
100,tree,0.01,0.0025,0.4,0.01752015110370826,validation,False,19,0.10526315789473684,2,1.0,0.10526315789473684,0.0,-0.01993261936984965,-0.0020981704599841735,0.012760868178787218,-0.1644222344896585,0.025646348666948943,0.027744519126933116
100,tree,0.01,0.005,0.1,0.006641572417421289,validation,False,19,0.05263157894736842,1,0.0,0.0,1.0,0.022532227133891,0.0011859066912574211,0.012760868178787218,0.09293307278487448,0.025646348666948943,0.02446044197569152
100,tree,0.01,0.005,0.1,0.00861350053603215,validation,False,19,0.05263157894736842,1,0.0,0.0,1.0,0.022532227133891,0.0011859066912574211,0.012760868178787218,0.09293307278487448,0.025646348666948943,0.02446044197569152
100,tree,0.01,0.005,0.1,0.010907639971133065,validation,False,19,0.05263157894736842,1,0.0,0.0,1.0,0.022532227133891,0.0011859066912574211,0.012760868178787218,0.09293307278487448,0.025646348666948943,0.02446044197569152
100,tree,0.01,0.005,0.1,0.01752015110370826,validation,False,19,0.05263157894736842,1,0.0,0.0,1.0,0.022532227133891,0.0011859066912574211,0.012760868178787218,0.09293307278487448,0.025646348666948943,0.02446044197569152
100,tree,0.01,0.005,0.2,0.006641572417421289,validation,False,19,0.05263157894736842,1,0.0,0.0,1.0,0.022532227133891,0.0011859066912574211,0.012760868178787218,0.09293307278487448,0.025646348666948943,0.02446044197569152
100,tree,0.01,0.005,0.2,0.00861350053603215,validation,False,19,0.05263157894736842,1,1.0,0.05263157894736842,0.0,-0.025117812737753896,-0.0013219901440923102,0.012760868178787218,-0.10359719460858431,0.025646348666948943,0.026968338811041256
100,tree,0.01,0.005,0.2,0.010907639971133065,validation,False,19,0.05263157894736842,1,1.0,0.05263157894736842,0.0,-0.025117812737753896,-0.0013219901440923102,0.012760868178787218,-0.10359719460858431,0.025646348666948943,0.026968338811041256
100,tree,0.01,0.005,0.2,0.01752015110370826,validation,False,19,0.05263157894736842,1,1.0,0.05263157894736842,0.0,-0.025117812737753896,-0.0013219901440923102,0.012760868178787218,-0.10359719460858431,0.025646348666948943,0.026968338811041256
100,tree,0.01,0.005,0.3,0.006641572417421289,validation,False,19,0.10526315789473684,2,0.5,0.05263157894736842,0.5,0.0038924005659728006,0.00040972637536555793,0.012760868178787218,0.03210803290380028,0.025646348666948943,0.025236622291583383
100,tree,0.01,0.005,0.3,0.00861350053603215,validation,False,19,0.10526315789473684,2,1.0,0.10526315789473684,0.0,-0.01993261936984965,-0.0020981704599841735,0.012760868178787218,-0.1644222344896585,0.025646348666948943,0.027744519126933116
100,tree,0.01,0.005,0.3,0.010907639971133065,validation,False,19,0.10526315789473684,2,1.0,0.10526315789473684,0.0,-0.01993261936984965,-0.0020981704599841735,0.012760868178787218,-0.1644222344896585,0.025646348666948943,0.027744519126933116
100,tree,0.01,0.005,0.3,0.01752015110370826,validation,False,19,0.10526315789473684,2,1.0,0.10526315789473684,0.0,-0.01993261936984965,-0.0020981704599841735,0.012760868178787218,-0.1644222344896585,0.025646348666948943,0.027744519126933116
100,tree,0.01,0.005,0.4,0.006641572417421289,validation,False,19,0.10526315789473684,2,0.5,0.05263157894736842,0.5,0.0038924005659728006,0.00040972637536555793,0.012760868178787218,0.03210803290380028,0.025646348666948943,0.025236622291583383
100,tree,0.01,0.005,0.4,0.00861350053603215,validation,False,19,0.10526315789473684,2,1.0,0.10526315789473684,0.0,-0.01993261936984965,-0.0020981704599841735,0.012760868178787218,-0.1644222344896585,0.025646348666948943,0.027744519126933116
100,tree,0.01,0.005,0.4,0.010907639971133065,validation,False,19,0.10526315789473684,2,1.0,0.10526315789473684,0.0,-0.01993261936984965,-0.0020981704599841735,0.012760868178787218,-0.1644222344896585,0.025646348666948943,0.027744519126933116
100,tree,0.01,0.005,0.4,0.01752015110370826,validation,False,19,0.10526315789473684,2,1.0,0.10526315789473684,0.0,-0.01993261936984965,-0.0020981704599841735,0.012760868178787218,-0.1644222344896585,0.025646348666948943,0.027744519126933116
250,ridge,0.0,0.0,0.1,0.01706445093391704,validation,False,19,0.0,0,1.0,0.0,0.0,0.0,-0.0,0.012252576812996319,-0.0,0.025646351307420812,0.025646351307420812
250,ridge,0.0,0.0,0.1,0.024042446673043262,validation,False,19,0.05263157894736842,1,1.0,0.05263157894736842,0.0,-0.010316318014401398,-0.0005429641060211262,0.012252576812996319,-0.044314278890723105,0.025646351307420812,0.026189315413441935
250,ridge,0.0,0.0,0.1,0.029596871858087462,validation,False,19,0.05263157894736842,1,1.0,0.05263157894736842,0.0,-0.010316318014401398,-0.0005429641060211262,0.012252576812996319,-0.044314278890723105,0.025646351307420812,0.026189315413441935
250,ridge,0.0,0.0,0.1,0.06762570551788859,validation,False,19,0.05263157894736842,1,1.0,0.05263157894736842,0.0,-0.010316318014401398,-0.0005429641060211262,0.012252576812996319,-0.044314278890723105,0.025646351307420812,0.026189315413441935
250,ridge,0.0,0.0,0.2,0.01706445093391704,validation,False,19,0.0,0,1.0,0.0,0.0,0.0,-0.0,0.012252576812996319,-0.0,0.025646351307420812,0.025646351307420812
250,ridge,0.0,0.0,0.2,0.024042446673043262,validation,False,19,0.05263157894736842,1,1.0,0.05263157894736842,0.0,-0.010316318014401398,-0.0005429641060211262,0.012252576812996319,-0.044314278890723105,0.025646351307420812,0.026189315413441935
250,ridge,0.0,0.0,0.2,0.029596871858087462,validation,False,19,0.05263157894736842,1,1.0,0.05263157894736842,0.0,-0.010316318014401398,-0.0005429641060211262,0.012252576812996319,-0.044314278890723105,0.025646351307420812,0.026189315413441935
250,ridge,0.0,0.0,0.2,0.06762570551788859,validation,False,19,0.05263157894736842,1,1.0,0.05263157894736842,0.0,-0.010316318014401398,-0.0005429641060211262,0.012252576812996319,-0.044314278890723105,0.025646351307420812,0.026189315413441935
250,ridge,0.0,0.0,0.3,0.01706445093391704,validation,False,19,0.05263157894736842,1,0.0,0.0,1.0,0.009486733843990701,0.0004993017812626684,0.012252576812996319,0.04075075707609999,0.025646351307420812,0.025147049526158143
250,ridge,0.0,0.0,0.3,0.024042446673043262,validation,False,19,0.15789473684210525,3,0.3333333333333333,0.05263157894736842,0.6666666666666666,0.012849276871629836,0.0020288331902573423,0.012252576812996319,0.1655842049572264,0.025646351307420812,0.02361751811716347
250,ridge,0.0,0.0,0.3,0.029596871858087462,validation,False,19,0.15789473684210525,3,0.3333333333333333,0.05263157894736842,0.6666666666666666,0.012849276871629836,0.0020288331902573423,0.012252576812996319,0.1655842049572264,0.025646351307420812,0.02361751811716347
250,ridge,0.0,0.0,0.3,0.06762570551788859,validation,False,19,0.15789473684210525,3,0.3333333333333333,0.05263157894736842,0.6666666666666666,0.012849276871629836,0.0020288331902573423,0.012252576812996319,0.1655842049572264,0.025646351307420812,0.02361751811716347
250,ridge,0.0,0.0,0.4,0.01706445093391704,validation,False,19,0.05263157894736842,1,0.0,0.0,1.0,0.009486733843990701,0.0004993017812626684,0.012252576812996319,0.04075075707609999,0.025646351307420812,0.025147049526158143
250,ridge,0.0,0.0,0.4,0.024042446673043262,validation,False,19,0.2631578947368421,5,0.2,0.05263157894736842,0.8,0.01092307397894504,0.002874493152353958,0.012252576812996319,0.23460315297146153,0.025646351307420812,0.02277185815506685
250,ridge,0.0,0.0,0.4,0.029596871858087462,validation,False,19,0.2631578947368421,5,0.2,0.05263157894736842,0.8,0.01092307397894504,0.002874493152353958,0.012252576812996319,0.23460315297146153,0.025646351307420812,0.02277185815506685
250,ridge,0.0,0.0,0.4,0.06762570551788859,validation,False,19,0.2631578947368421,5,0.2,0.05263157894736842,0.8,0.01092307397894504,0.002874493152353958,0.012252576812996319,0.23460315297146153,0.025646351307420812,0.02277185815506685
250,ridge,0.0,0.0025,0.1,0.01706445093391704,validation,False,19,0.0,0,1.0,0.0,0.0,0.0,-0.0,0.012252576812996319,-0.0,0.025646351307420812,0.025646351307420812
250,ridge,0.0,0.0025,0.1,0.024042446673043262,validation,False,19,0.05263157894736842,1,1.0,0.05263157894736842,0.0,-0.010316318014401398,-0.0005429641060211262,0.012252576812996319,-0.044314278890723105,0.025646351307420812,0.026189315413441935
250,ridge,0.0,0.0025,0.1,0.029596871858087462,validation,False,19,0.05263157894736842,1,1.0,0.05263157894736842,0.0,-0.010316318014401398,-0.0005429641060211262,0.012252576812996319,-0.044314278890723105,0.025646351307420812,0.026189315413441935
250,ridge,0.0,0.0025,0.1,0.06762570551788859,validation,False,19,0.05263157894736842,1,1.0,0.05263157894736842,0.0,-0.010316318014401398,-0.0005429641060211262,0.012252576812996319,-0.044314278890723105,0.025646351307420812,0.026189315413441935
250,ridge,0.0,0.0025,0.2,0.01706445093391704,validation,False,19,0.0,0,1.0,0.0,0.0,0.0,-0.0,0.012252576812996319,-0.0,0.025646351307420812,0.025646351307420812
250,ridge,0.0,0.0025,0.2,0.024042446673043262,validation,False,19,0.05263157894736842,1,1.0,0.05263157894736842,0.0,-0.010316318014401398,-0.0005429641060211262,0.012252576812996319,-0.044314278890723105,0.025646351307420812,0.026189315413441935
250,ridge,0.0,0.0025,0.2,0.029596871858087462,validation,False,19,0.05263157894736842,1,1.0,0.05263157894736842,0.0,-0.010316318014401398,-0.0005429641060211262,0.012252576812996319,-0.044314278890723105,0.025646351307420812,0.026189315413441935
250,ridge,0.0,0.0025,0.2,0.06762570551788859,validation,False,19,0.05263157894736842,1,1.0,0.05263157894736842,0.0,-0.010316318014401398,-0.0005429641060211262,0.012252576812996319,-0.044314278890723105,0.025646351307420812,0.026189315413441935
250,ridge,0.0,0.0025,0.3,0.01706445093391704,validation,False,19,0.05263157894736842,1,0.0,0.0,1.0,0.009486733843990701,0.0004993017812626684,0.012252576812996319,0.04075075707609999,0.025646351307420812,0.025147049526158143
250,ridge,0.0,0.0025,0.3,0.024042446673043262,validation,False,19,0.15789473684210525,3,0.3333333333333333,0.05263157894736842,0.6666666666666666,0.012849276871629836,0.0020288331902573423,0.012252576812996319,0.1655842049572264,0.025646351307420812,0.02361751811716347
250,ridge,0.0,0.0025,0.3,0.029596871858087462,validation,False,19,0.15789473684210525,3,0.3333333333333333,0.05263157894736842,0.6666666666666666,0.012849276871629836,0.0020288331902573423,0.012252576812996319,0.1655842049572264,0.025646351307420812,0.02361751811716347
250,ridge,0.0,0.0025,0.3,0.06762570551788859,validation,False,19,0.15789473684210525,3,0.3333333333333333,0.05263157894736842,0.6666666666666666,0.012849276871629836,0.0020288331902573423,0.012252576812996319,0.1655842049572264,0.025646351307420812,0.02361751811716347
250,ridge,0.0,0.0025,0.4,0.01706445093391704,validation,False,19,0.05263157894736842,1,0.0,0.0,1.0,0.009486733843990701,0.0004993017812626684,0.012252576812996319,0.04075075707609999,0.025646351307420812,0.025147049526158143
250,ridge,0.0,0.0025,0.4,0.024042446673043262,validation,False,19,0.2631578947368421,5,0.2,0.05263157894736842,0.8,0.01092307397894504,0.002874493152353958,0.012252576812996319,0.23460315297146153,0.025646351307420812,0.02277185815506685
250,ridge,0.0,0.0025,0.4,0.029596871858087462,validation,False,19,0.2631578947368421,5,0.2,0.05263157894736842,0.8,0.01092307397894504,0.002874493152353958,0.012252576812996319,0.23460315297146153,0.025646351307420812,0.02277185815506685
250,ridge,0.0,0.0025,0.4,0.06762570551788859,validation,False,19,0.2631578947368421,5,0.2,0.05263157894736842,0.8,0.01092307397894504,0.002874493152353958,0.012252576812996319,0.23460315297146153,0.025646351307420812,0.02277185815506685
250,ridge,0.0,0.005,0.1,0.01706445093391704,validation,False,19,0.0,0,1.0,0.0,0.0,0.0,-0.0,0.012252576812996319,-0.0,0.025646351307420812,0.025646351307420812
250,ridge,0.0,0.005,0.1,0.024042446673043262,validation,False,19,0.05263157894736842,1,1.0,0.05263157894736842,0.0,-0.010316318014401398,-0.0005429641060211262,0.012252576812996319,-0.044314278890723105,0.025646351307420812,0.026189315413441935
250,ridge,0.0,0.005,0.1,0.029596871858087462,validation,False,19,0.05263157894736842,1,1.0,0.05263157894736842,0.0,-0.010316318014401398,-0.0005429641060211262,0.012252576812996319,-0.044314278890723105,0.025646351307420812,0.026189315413441935
250,ridge,0.0,0.005,0.1,0.06762570551788859,validation,False,19,0.05263157894736842,1,1.0,0.05263157894736842,0.0,-0.010316318014401398,-0.0005429641060211262,0.012252576812996319,-0.044314278890723105,0.025646351307420812,0.026189315413441935
250,ridge,0.0,0.005,0.2,0.01706445093391704,validation,False,19,0.0,0,1.0,0.0,0.0,0.0,-0.0,0.012252576812996319,-0.0,0.025646351307420812,0.025646351307420812
250,ridge,0.0,0.005,0.2,0.024042446673043262,validation,False,19,0.05263157894736842,1,1.0,0.05263157894736842,0.0,-0.010316318014401398,-0.0005429641060211262,0.012252576812996319,-0.044314278890723105,0.025646351307420812,0.026189315413441935
250,ridge,0.0,0.005,0.2,0.029596871858087462,validation,False,19,0.05263157894736842,1,1.0,0.05263157894736842,0.0,-0.010316318014401398,-0.0005429641060211262,0.012252576812996319,-0.044314278890723105,0.025646351307420812,0.026189315413441935
250,ridge,0.0,0.005,0.2,0.06762570551788859,validation,False,19,0.05263157894736842,1,1.0,0.05263157894736842,0.0,-0.010316318014401398,-0.0005429641060211262,0.012252576812996319,-0.044314278890723105,0.025646351307420812,0.026189315413441935
250,ridge,0.0,0.005,0.3,0.01706445093391704,validation,False,19,0.05263157894736842,1,0.0,0.0,1.0,0.009486733843990701,0.0004993017812626684,0.012252576812996319,0.04075075707609999,0.025646351307420812,0.025147049526158143
250,ridge,0.0,0.005,0.3,0.024042446673043262,validation,False,19,0.15789473684210525,3,0.3333333333333333,0.05263157894736842,0.6666666666666666,0.012849276871629836,0.0020288331902573423,0.012252576812996319,0.1655842049572264,0.025646351307420812,0.02361751811716347
250,ridge,0.0,0.005,0.3,0.029596871858087462,validation,False,19,0.15789473684210525,3,0.3333333333333333,0.05263157894736842,0.6666666666666666,0.012849276871629836,0.0020288331902573423,0.012252576812996319,0.1655842049572264,0.025646351307420812,0.02361751811716347
250,ridge,0.0,0.005,0.3,0.06762570551788859,validation,False,19,0.15789473684210525,3,0.3333333333333333,0.05263157894736842,0.6666666666666666,0.012849276871629836,0.0020288331902573423,0.012252576812996319,0.1655842049572264,0.025646351307420812,0.02361751811716347
250,ridge,0.0,0.005,0.4,0.01706445093391704,validation,False,19,0.05263157894736842,1,0.0,0.0,1.0,0.009486733843990701,0.0004993017812626684,0.012252576812996319,0.04075075707609999,0.025646351307420812,0.025147049526158143
250,ridge,0.0,0.005,0.4,0.024042446673043262,validation,False,19,0.2631578947368421,5,0.2,0.05263157894736842,0.8,0.01092307397894504,0.002874493152353958,0.012252576812996319,0.23460315297146153,0.025646351307420812,0.02277185815506685
250,ridge,0.0,0.005,0.4,0.029596871858087462,validation,False,19,0.2631578947368421,5,0.2,0.05263157894736842,0.8,0.01092307397894504,0.002874493152353958,0.012252576812996319,0.23460315297146153,0.025646351307420812,0.02277185815506685
250,ridge,0.0,0.005,0.4,0.06762570551788859,validation,False,19,0.2631578947368421,5,0.2,0.05263157894736842,0.8,0.01092307397894504,0.002874493152353958,0.012252576812996319,0.23460315297146153,0.025646351307420812,0.02277185815506685
250,ridge,0.0025,0.0,0.1,0.01706445093391704,validation,False,19,0.0,0,1.0,0.0,0.0,0.0,-0.0,0.012252576812996319,-0.0,0.025646351307420812,0.025646351307420812
250,ridge,0.0025,0.0,0.1,0.024042446673043262,validation,False,19,0.05263157894736842,1,1.0,0.05263157894736842,0.0,-0.010316318014401398,-0.0005429641060211262,0.012252576812996319,-0.044314278890723105,0.025646351307420812,0.026189315413441935
250,ridge,0.0025,0.0,0.1,0.029596871858087462,validation,False,19,0.05263157894736842,1,1.0,0.05263157894736842,0.0,-0.010316318014401398,-0.0005429641060211262,0.012252576812996319,-0.044314278890723105,0.025646351307420812,0.026189315413441935
250,ridge,0.0025,0.0,0.1,0.06762570551788859,validation,False,19,0.05263157894736842,1,1.0,0.05263157894736842,0.0,-0.010316318014401398,-0.0005429641060211262,0.012252576812996319,-0.044314278890723105,0.025646351307420812,0.026189315413441935
250,ridge,0.0025,0.0,0.2,0.01706445093391704,validation,False,19,0.0,0,1.0,0.0,0.0,0.0,-0.0,0.012252576812996319,-0.0,0.025646351307420812,0.025646351307420812
250,ridge,0.0025,0.0,0.2,0.024042446673043262,validation,False,19,0.05263157894736842,1,1.0,0.05263157894736842,0.0,-0.010316318014401398,-0.0005429641060211262,0.012252576812996319,-0.044314278890723105,0.025646351307420812,0.026189315413441935
250,ridge,0.0025,0.0,0.2,0.029596871858087462,validation,False,19,0.05263157894736842,1,1.0,0.05263157894736842,0.0,-0.010316318014401398,-0.0005429641060211262,0.012252576812996319,-0.044314278890723105,0.025646351307420812,0.026189315413441935
250,ridge,0.0025,0.0,0.2,0.06762570551788859,validation,False,19,0.05263157894736842,1,1.0,0.05263157894736842,0.0,-0.010316318014401398,-0.0005429641060211262,0.012252576812996319,-0.044314278890723105,0.025646351307420812,0.026189315413441935
250,ridge,0.0025,0.0,0.3,0.01706445093391704,validation,False,19,0.05263157894736842,1,0.0,0.0,1.0,0.009486733843990701,0.0004993017812626684,0.012252576812996319,0.04075075707609999,0.025646351307420812,0.025147049526158143
250,ridge,0.0025,0.0,0.3,0.024042446673043262,validation,False,19,0.15789473684210525,3,0.3333333333333333,0.05263157894736842,0.6666666666666666,0.012849276871629836,0.0020288331902573423,0.012252576812996319,0.1655842049572264,0.025646351307420812,0.02361751811716347
250,ridge,0.0025,0.0,0.3,0.029596871858087462,validation,False,19,0.15789473684210525,3,0.3333333333333333,0.05263157894736842,0.6666666666666666,0.012849276871629836,0.0020288331902573423,0.012252576812996319,0.1655842049572264,0.025646351307420812,0.02361751811716347
250,ridge,0.0025,0.0,0.3,0.06762570551788859,validation,False,19,0.15789473684210525,3,0.3333333333333333,0.05263157894736842,0.6666666666666666,0.012849276871629836,0.0020288331902573423,0.012252576812996319,0.1655842049572264,0.025646351307420812,0.02361751811716347
250,ridge,0.0025,0.0,0.4,0.01706445093391704,validation,False,19,0.05263157894736842,1,0.0,0.0,1.0,0.009486733843990701,0.0004993017812626684,0.012252576812996319,0.04075075707609999,0.025646351307420812,0.025147049526158143
250,ridge,0.0025,0.0,0.4,0.024042446673043262,validation,False,19,0.2631578947368421,5,0.2,0.05263157894736842,0.8,0.01092307397894504,0.002874493152353958,0.012252576812996319,0.23460315297146153,0.025646351307420812,0.02277185815506685
250,ridge,0.0025,0.0,0.4,0.029596871858087462,validation,False,19,0.2631578947368421,5,0.2,0.05263157894736842,0.8,0.01092307397894504,0.002874493152353958,0.012252576812996319,0.23460315297146153,0.025646351307420812,0.02277185815506685
250,ridge,0.0025,0.0,0.4,0.06762570551788859,validation,False,19,0.2631578947368421,5,0.2,0.05263157894736842,0.8,0.01092307397894504,0.002874493152353958,0.012252576812996319,0.23460315297146153,0.025646351307420812,0.02277185815506685
250,ridge,0.0025,0.0025,0.1,0.01706445093391704,validation,False,19,0.0,0,1.0,0.0,0.0,0.0,-0.0,0.012252576812996319,-0.0,0.025646351307420812,0.025646351307420812
250,ridge,0.0025,0.0025,0.1,0.024042446673043262,validation,False,19,0.05263157894736842,1,1.0,0.05263157894736842,0.0,-0.010316318014401398,-0.0005429641060211262,0.012252576812996319,-0.044314278890723105,0.025646351307420812,0.026189315413441935
250,ridge,0.0025,0.0025,0.1,0.029596871858087462,validation,False,19,0.05263157894736842,1,1.0,0.05263157894736842,0.0,-0.010316318014401398,-0.0005429641060211262,0.012252576812996319,-0.044314278890723105,0.025646351307420812,0.026189315413441935
250,ridge,0.0025,0.0025,0.1,0.06762570551788859,validation,False,19,0.05263157894736842,1,1.0,0.05263157894736842,0.0,-0.010316318014401398,-0.0005429641060211262,0.012252576812996319,-0.044314278890723105,0.025646351307420812,0.026189315413441935
250,ridge,0.0025,0.0025,0.2,0.01706445093391704,validation,False,19,0.0,0,1.0,0.0,0.0,0.0,-0.0,0.012252576812996319,-0.0,0.025646351307420812,0.025646351307420812
250,ridge,0.0025,0.0025,0.2,0.024042446673043262,validation,False,19,0.05263157894736842,1,1.0,0.05263157894736842,0.0,-0.010316318014401398,-0.0005429641060211262,0.012252576812996319,-0.044314278890723105,0.025646351307420812,0.026189315413441935
250,ridge,0.0025,0.0025,0.2,0.029596871858087462,validation,False,19,0.05263157894736842,1,1.0,0.05263157894736842,0.0,-0.010316318014401398,-0.0005429641060211262,0.012252576812996319,-0.044314278890723105,0.025646351307420812,0.026189315413441935
250,ridge,0.0025,0.0025,0.2,0.06762570551788859,validation,False,19,0.05263157894736842,1,1.0,0.05263157894736842,0.0,-0.010316318014401398,-0.0005429641060211262,0.012252576812996319,-0.044314278890723105,0.025646351307420812,0.026189315413441935
250,ridge,0.0025,0.0025,0.3,0.01706445093391704,validation,False,19,0.05263157894736842,1,0.0,0.0,1.0,0.009486733843990701,0.0004993017812626684,0.012252576812996319,0.04075075707609999,0.025646351307420812,0.025147049526158143
250,ridge,0.0025,0.0025,0.3,0.024042446673043262,validation,False,19,0.15789473684210525,3,0.3333333333333333,0.05263157894736842,0.6666666666666666,0.012849276871629836,0.0020288331902573423,0.012252576812996319,0.1655842049572264,0.025646351307420812,0.02361751811716347
250,ridge,0.0025,0.0025,0.3,0.029596871858087462,validation,False,19,0.15789473684210525,3,0.3333333333333333,0.05263157894736842,0.6666666666666666,0.012849276871629836,0.0020288331902573423,0.012252576812996319,0.1655842049572264,0.025646351307420812,0.02361751811716347
250,ridge,0.0025,0.0025,0.3,0.06762570551788859,validation,False,19,0.15789473684210525,3,0.3333333333333333,0.05263157894736842,0.6666666666666666,0.012849276871629836,0.0020288331902573423,0.012252576812996319,0.1655842049572264,0.025646351307420812,0.02361751811716347
250,ridge,0.0025,0.0025,0.4,0.01706445093391704,validation,False,19,0.05263157894736842,1,0.0,0.0,1.0,0.009486733843990701,0.0004993017812626684,0.012252576812996319,0.04075075707609999,0.025646351307420812,0.025147049526158143
250,ridge,0.0025,0.0025,0.4,0.024042446673043262,validation,False,19,0.2631578947368421,5,0.2,0.05263157894736842,0.8,0.01092307397894504,0.002874493152353958,0.012252576812996319,0.23460315297146153,0.025646351307420812,0.02277185815506685
250,ridge,0.0025,0.0025,0.4,0.029596871858087462,validation,False,19,0.2631578947368421,5,0.2,0.05263157894736842,0.8,0.01092307397894504,0.002874493152353958,0.012252576812996319,0.23460315297146153,0.025646351307420812,0.02277185815506685
250,ridge,0.0025,0.0025,0.4,0.06762570551788859,validation,False,19,0.2631578947368421,5,0.2,0.05263157894736842,0.8,0.01092307397894504,0.002874493152353958,0.012252576812996319,0.23460315297146153,0.025646351307420812,0.02277185815506685
250,ridge,0.0025,0.005,0.1,0.01706445093391704,validation,False,19,0.0,0,1.0,0.0,0.0,0.0,-0.0,0.012252576812996319,-0.0,0.025646351307420812,0.025646351307420812
250,ridge,0.0025,0.005,0.1,0.024042446673043262,validation,False,19,0.05263157894736842,1,1.0,0.05263157894736842,0.0,-0.010316318014401398,-0.0005429641060211262,0.012252576812996319,-0.044314278890723105,0.025646351307420812,0.026189315413441935
250,ridge,0.0025,0.005,0.1,0.029596871858087462,validation,False,19,0.05263157894736842,1,1.0,0.05263157894736842,0.0,-0.010316318014401398,-0.0005429641060211262,0.012252576812996319,-0.044314278890723105,0.025646351307420812,0.026189315413441935
250,ridge,0.0025,0.005,0.1,0.06762570551788859,validation,False,19,0.05263157894736842,1,1.0,0.05263157894736842,0.0,-0.010316318014401398,-0.0005429641060211262,0.012252576812996319,-0.044314278890723105,0.025646351307420812,0.026189315413441935
250,ridge,0.0025,0.005,0.2,0.01706445093391704,validation,False,19,0.0,0,1.0,0.0,0.0,0.0,-0.0,0.012252576812996319,-0.0,0.025646351307420812,0.025646351307420812
250,ridge,0.0025,0.005,0.2,0.024042446673043262,validation,False,19,0.05263157894736842,1,1.0,0.05263157894736842,0.0,-0.010316318014401398,-0.0005429641060211262,0.012252576812996319,-0.044314278890723105,0.025646351307420812,0.026189315413441935
250,ridge,0.0025,0.005,0.2,0.029596871858087462,validation,False,19,0.05263157894736842,1,1.0,0.05263157894736842,0.0,-0.010316318014401398,-0.0005429641060211262,0.012252576812996319,-0.044314278890723105,0.025646351307420812,0.026189315413441935
250,ridge,0.0025,0.005,0.2,0.06762570551788859,validation,False,19,0.05263157894736842,1,1.0,0.05263157894736842,0.0,-0.010316318014401398,-0.0005429641060211262,0.012252576812996319,-0.044314278890723105,0.025646351307420812,0.026189315413441935
250,ridge,0.0025,0.005,0.3,0.01706445093391704,validation,False,19,0.05263157894736842,1,0.0,0.0,1.0,0.009486733843990701,0.0004993017812626684,0.012252576812996319,0.04075075707609999,0.025646351307420812,0.025147049526158143
250,ridge,0.0025,0.005,0.3,0.024042446673043262,validation,False,19,0.15789473684210525,3,0.3333333333333333,0.05263157894736842,0.6666666666666666,0.012849276871629836,0.0020288331902573423,0.012252576812996319,0.1655842049572264,0.025646351307420812,0.02361751811716347
250,ridge,0.0025,0.005,0.3,0.029596871858087462,validation,False,19,0.15789473684210525,3,0.3333333333333333,0.05263157894736842,0.6666666666666666,0.012849276871629836,0.0020288331902573423,0.012252576812996319,0.1655842049572264,0.025646351307420812,0.02361751811716347
250,ridge,0.0025,0.005,0.3,0.06762570551788859,validation,False,19,0.15789473684210525,3,0.3333333333333333,0.05263157894736842,0.6666666666666666,0.012849276871629836,0.0020288331902573423,0.012252576812996319,0.1655842049572264,0.025646351307420812,0.02361751811716347
250,ridge,0.0025,0.005,0.4,0.01706445093391704,validation,False,19,0.05263157894736842,1,0.0,0.0,1.0,0.009486733843990701,0.0004993017812626684,0.012252576812996319,0.04075075707609999,0.025646351307420812,0.025147049526158143
250,ridge,0.0025,0.005,0.4,0.024042446673043262,validation,False,19,0.2631578947368421,5,0.2,0.05263157894736842,0.8,0.01092307397894504,0.002874493152353958,0.012252576812996319,0.23460315297146153,0.025646351307420812,0.02277185815506685
250,ridge,0.0025,0.005,0.4,0.029596871858087462,validation,False,19,0.2631578947368421,5,0.2,0.05263157894736842,0.8,0.01092307397894504,0.002874493152353958,0.012252576812996319,0.23460315297146153,0.025646351307420812,0.02277185815506685
250,ridge,0.0025,0.005,0.4,0.06762570551788859,validation,False,19,0.2631578947368421,5,0.2,0.05263157894736842,0.8,0.01092307397894504,0.002874493152353958,0.012252576812996319,0.23460315297146153,0.025646351307420812,0.02277185815506685
250,ridge,0.005,0.0,0.1,0.01706445093391704,validation,False,19,0.0,0,1.0,0.0,0.0,0.0,-0.0,0.012252576812996319,-0.0,0.025646351307420812,0.025646351307420812
250,ridge,0.005,0.0,0.1,0.024042446673043262,validation,False,19,0.05263157894736842,1,1.0,0.05263157894736842,0.0,-0.010316318014401398,-0.0005429641060211262,0.012252576812996319,-0.044314278890723105,0.025646351307420812,0.026189315413441935
250,ridge,0.005,0.0,0.1,0.029596871858087462,validation,False,19,0.05263157894736842,1,1.0,0.05263157894736842,0.0,-0.010316318014401398,-0.0005429641060211262,0.012252576812996319,-0.044314278890723105,0.025646351307420812,0.026189315413441935
250,ridge,0.005,0.0,0.1,0.06762570551788859,validation,False,19,0.05263157894736842,1,1.0,0.05263157894736842,0.0,-0.010316318014401398,-0.0005429641060211262,0.012252576812996319,-0.044314278890723105,0.025646351307420812,0.026189315413441935
250,ridge,0.005,0.0,0.2,0.01706445093391704,validation,False,19,0.0,0,1.0,0.0,0.0,0.0,-0.0,0.012252576812996319,-0.0,0.025646351307420812,0.025646351307420812
250,ridge,0.005,0.0,0.2,0.024042446673043262,validation,False,19,0.05263157894736842,1,1.0,0.05263157894736842,0.0,-0.010316318014401398,-0.0005429641060211262,0.012252576812996319,-0.044314278890723105,0.025646351307420812,0.026189315413441935
250,ridge,0.005,0.0,0.2,0.029596871858087462,validation,False,19,0.05263157894736842,1,1.0,0.05263157894736842,0.0,-0.010316318014401398,-0.0005429641060211262,0.012252576812996319,-0.044314278890723105,0.025646351307420812,0.026189315413441935
250,ridge,0.005,0.0,0.2,0.06762570551788859,validation,False,19,0.05263157894736842,1,1.0,0.05263157894736842,0.0,-0.010316318014401398,-0.0005429641060211262,0.012252576812996319,-0.044314278890723105,0.025646351307420812,0.026189315413441935
250,ridge,0.005,0.0,0.3,0.01706445093391704,validation,False,19,0.05263157894736842,1,0.0,0.0,1.0,0.009486733843990701,0.0004993017812626684,0.012252576812996319,0.04075075707609999,0.025646351307420812,0.025147049526158143
250,ridge,0.005,0.0,0.3,0.024042446673043262,validation,False,19,0.15789473684210525,3,0.3333333333333333,0.05263157894736842,0.6666666666666666,0.012849276871629836,0.0020288331902573423,0.012252576812996319,0.1655842049572264,0.025646351307420812,0.02361751811716347
250,ridge,0.005,0.0,0.3,0.029596871858087462,validation,False,19,0.15789473684210525,3,0.3333333333333333,0.05263157894736842,0.6666666666666666,0.012849276871629836,0.0020288331902573423,0.012252576812996319,0.1655842049572264,0.025646351307420812,0.02361751811716347
250,ridge,0.005,0.0,0.3,0.06762570551788859,validation,False,19,0.15789473684210525,3,0.3333333333333333,0.05263157894736842,0.6666666666666666,0.012849276871629836,0.0020288331902573423,0.012252576812996319,0.1655842049572264,0.025646351307420812,0.02361751811716347
250,ridge,0.005,0.0,0.4,0.01706445093391704,validation,False,19,0.05263157894736842,1,0.0,0.0,1.0,0.009486733843990701,0.0004993017812626684,0.012252576812996319,0.04075075707609999,0.025646351307420812,0.025147049526158143
250,ridge,0.005,0.0,0.4,0.024042446673043262,validation,False,19,0.2631578947368421,5,0.2,0.05263157894736842,0.8,0.01092307397894504,0.002874493152353958,0.012252576812996319,0.23460315297146153,0.025646351307420812,0.02277185815506685
250,ridge,0.005,0.0,0.4,0.029596871858087462,validation,False,19,0.2631578947368421,5,0.2,0.05263157894736842,0.8,0.01092307397894504,0.002874493152353958,0.012252576812996319,0.23460315297146153,0.025646351307420812,0.02277185815506685
250,ridge,0.005,0.0,0.4,0.06762570551788859,validation,False,19,0.2631578947368421,5,0.2,0.05263157894736842,0.8,0.01092307397894504,0.002874493152353958,0.012252576812996319,0.23460315297146153,0.025646351307420812,0.02277185815506685
250,ridge,0.005,0.0025,0.1,0.01706445093391704,validation,False,19,0.0,0,1.0,0.0,0.0,0.0,-0.0,0.012252576812996319,-0.0,0.025646351307420812,0.025646351307420812
250,ridge,0.005,0.0025,0.1,0.024042446673043262,validation,False,19,0.05263157894736842,1,1.0,0.05263157894736842,0.0,-0.010316318014401398,-0.0005429641060211262,0.012252576812996319,-0.044314278890723105,0.025646351307420812,0.026189315413441935
250,ridge,0.005,0.0025,0.1,0.029596871858087462,validation,False,19,0.05263157894736842,1,1.0,0.05263157894736842,0.0,-0.010316318014401398,-0.0005429641060211262,0.012252576812996319,-0.044314278890723105,0.025646351307420812,0.026189315413441935
250,ridge,0.005,0.0025,0.1,0.06762570551788859,validation,False,19,0.05263157894736842,1,1.0,0.05263157894736842,0.0,-0.010316318014401398,-0.0005429641060211262,0.012252576812996319,-0.044314278890723105,0.025646351307420812,0.026189315413441935
250,ridge,0.005,0.0025,0.2,0.01706445093391704,validation,False,19,0.0,0,1.0,0.0,0.0,0.0,-0.0,0.012252576812996319,-0.0,0.025646351307420812,0.025646351307420812
250,ridge,0.005,0.0025,0.2,0.024042446673043262,validation,False,19,0.05263157894736842,1,1.0,0.05263157894736842,0.0,-0.010316318014401398,-0.0005429641060211262,0.012252576812996319,-0.044314278890723105,0.025646351307420812,0.026189315413441935
250,ridge,0.005,0.0025,0.2,0.029596871858087462,validation,False,19,0.05263157894736842,1,1.0,0.05263157894736842,0.0,-0.010316318014401398,-0.0005429641060211262,0.012252576812996319,-0.044314278890723105,0.025646351307420812,0.026189315413441935
250,ridge,0.005,0.0025,0.2,0.06762570551788859,validation,False,19,0.05263157894736842,1,1.0,0.05263157894736842,0.0,-0.010316318014401398,-0.0005429641060211262,0.012252576812996319,-0.044314278890723105,0.025646351307420812,0.026189315413441935
250,ridge,0.005,0.0025,0.3,0.01706445093391704,validation,False,19,0.05263157894736842,1,0.0,0.0,1.0,0.009486733843990701,0.0004993017812626684,0.012252576812996319,0.04075075707609999,0.025646351307420812,0.025147049526158143
250,ridge,0.005,0.0025,0.3,0.024042446673043262,validation,False,19,0.15789473684210525,3,0.3333333333333333,0.05263157894736842,0.6666666666666666,0.012849276871629836,0.0020288331902573423,0.012252576812996319,0.1655842049572264,0.025646351307420812,0.02361751811716347
250,ridge,0.005,0.0025,0.3,0.029596871858087462,validation,False,19,0.15789473684210525,3,0.3333333333333333,0.05263157894736842,0.6666666666666666,0.012849276871629836,0.0020288331902573423,0.012252576812996319,0.1655842049572264,0.025646351307420812,0.02361751811716347
250,ridge,0.005,0.0025,0.3,0.06762570551788859,validation,False,19,0.15789473684210525,3,0.3333333333333333,0.05263157894736842,0.6666666666666666,0.012849276871629836,0.0020288331902573423,0.012252576812996319,0.1655842049572264,0.025646351307420812,0.02361751811716347
250,ridge,0.005,0.0025,0.4,0.01706445093391704,validation,False,19,0.05263157894736842,1,0.0,0.0,1.0,0.009486733843990701,0.0004993017812626684,0.012252576812996319,0.04075075707609999,0.025646351307420812,0.025147049526158143
250,ridge,0.005,0.0025,0.4,0.024042446673043262,validation,False,19,0.2631578947368421,5,0.2,0.05263157894736842,0.8,0.01092307397894504,0.002874493152353958,0.012252576812996319,0.23460315297146153,0.025646351307420812,0.02277185815506685
250,ridge,0.005,0.0025,0.4,0.029596871858087462,validation,False,19,0.2631578947368421,5,0.2,0.05263157894736842,0.8,0.01092307397894504,0.002874493152353958,0.012252576812996319,0.23460315297146153,0.025646351307420812,0.02277185815506685
250,ridge,0.005,0.0025,0.4,0.06762570551788859,validation,False,19,0.2631578947368421,5,0.2,0.05263157894736842,0.8,0.01092307397894504,0.002874493152353958,0.012252576812996319,0.23460315297146153,0.025646351307420812,0.02277185815506685
250,ridge,0.005,0.005,0.1,0.01706445093391704,validation,False,19,0.0,0,1.0,0.0,0.0,0.0,-0.0,0.012252576812996319,-0.0,0.025646351307420812,0.025646351307420812
250,ridge,0.005,0.005,0.1,0.024042446673043262,validation,False,19,0.05263157894736842,1,1.0,0.05263157894736842,0.0,-0.010316318014401398,-0.0005429641060211262,0.012252576812996319,-0.044314278890723105,0.025646351307420812,0.026189315413441935
250,ridge,0.005,0.005,0.1,0.029596871858087462,validation,False,19,0.05263157894736842,1,1.0,0.05263157894736842,0.0,-0.010316318014401398,-0.0005429641060211262,0.012252576812996319,-0.044314278890723105,0.025646351307420812,0.026189315413441935
250,ridge,0.005,0.005,0.1,0.06762570551788859,validation,False,19,0.05263157894736842,1,1.0,0.05263157894736842,0.0,-0.010316318014401398,-0.0005429641060211262,0.012252576812996319,-0.044314278890723105,0.025646351307420812,0.026189315413441935
250,ridge,0.005,0.005,0.2,0.01706445093391704,validation,False,19,0.0,0,1.0,0.0,0.0,0.0,-0.0,0.012252576812996319,-0.0,0.025646351307420812,0.025646351307420812
250,ridge,0.005,0.005,0.2,0.024042446673043262,validation,False,19,0.05263157894736842,1,1.0,0.05263157894736842,0.0,-0.010316318014401398,-0.0005429641060211262,0.012252576812996319,-0.044314278890723105,0.025646351307420812,0.026189315413441935
250,ridge,0.005,0.005,0.2,0.029596871858087462,validation,False,19,0.05263157894736842,1,1.0,0.05263157894736842,0.0,-0.010316318014401398,-0.0005429641060211262,0.012252576812996319,-0.044314278890723105,0.025646351307420812,0.026189315413441935
250,ridge,0.005,0.005,0.2,0.06762570551788859,validation,False,19,0.05263157894736842,1,1.0,0.05263157894736842,0.0,-0.010316318014401398,-0.0005429641060211262,0.012252576812996319,-0.044314278890723105,0.025646351307420812,0.026189315413441935
250,ridge,0.005,0.005,0.3,0.01706445093391704,validation,False,19,0.05263157894736842,1,0.0,0.0,1.0,0.009486733843990701,0.0004993017812626684,0.012252576812996319,0.04075075707609999,0.025646351307420812,0.025147049526158143
250,ridge,0.005,0.005,0.3,0.024042446673043262,validation,False,19,0.15789473684210525,3,0.3333333333333333,0.05263157894736842,0.6666666666666666,0.012849276871629836,0.0020288331902573423,0.012252576812996319,0.1655842049572264,0.025646351307420812,0.02361751811716347
250,ridge,0.005,0.005,0.3,0.029596871858087462,validation,False,19,0.15789473684210525,3,0.3333333333333333,0.05263157894736842,0.6666666666666666,0.012849276871629836,0.0020288331902573423,0.012252576812996319,0.1655842049572264,0.025646351307420812,0.02361751811716347
250,ridge,0.005,0.005,0.3,0.06762570551788859,validation,False,19,0.15789473684210525,3,0.3333333333333333,0.05263157894736842,0.6666666666666666,0.012849276871629836,0.0020288331902573423,0.012252576812996319,0.1655842049572264,0.025646351307420812,0.02361751811716347
250,ridge,0.005,0.005,0.4,0.01706445093391704,validation,False,19,0.05263157894736842,1,0.0,0.0,1.0,0.009486733843990701,0.0004993017812626684,0.012252576812996319,0.04075075707609999,0.025646351307420812,0.025147049526158143
250,ridge,0.005,0.005,0.4,0.024042446673043262,validation,False,19,0.2631578947368421,5,0.2,0.05263157894736842,0.8,0.01092307397894504,0.002874493152353958,0.012252576812996319,0.23460315297146153,0.025646351307420812,0.02277185815506685
250,ridge,0.005,0.005,0.4,0.029596871858087462,validation,False,19,0.2631578947368421,5,0.2,0.05263157894736842,0.8,0.01092307397894504,0.002874493152353958,0.012252576812996319,0.23460315297146153,0.025646351307420812,0.02277185815506685
250,ridge,0.005,0.005,0.4,0.06762570551788859,validation,False,19,0.2631578947368421,5,0.2,0.05263157894736842,0.8,0.01092307397894504,0.002874493152353958,0.012252576812996319,0.23460315297146153,0.025646351307420812,0.02277185815506685
250,ridge,0.01,0.0,0.1,0.01706445093391704,validation,False,19,0.0,0,1.0,0.0,0.0,0.0,-0.0,0.012252576812996319,-0.0,0.025646351307420812,0.025646351307420812
250,ridge,0.01,0.0,0.1,0.024042446673043262,validation,False,19,0.05263157894736842,1,1.0,0.05263157894736842,0.0,-0.010316318014401398,-0.0005429641060211262,0.012252576812996319,-0.044314278890723105,0.025646351307420812,0.026189315413441935
250,ridge,0.01,0.0,0.1,0.029596871858087462,validation,False,19,0.05263157894736842,1,1.0,0.05263157894736842,0.0,-0.010316318014401398,-0.0005429641060211262,0.012252576812996319,-0.044314278890723105,0.025646351307420812,0.026189315413441935
250,ridge,0.01,0.0,0.1,0.06762570551788859,validation,False,19,0.05263157894736842,1,1.0,0.05263157894736842,0.0,-0.010316318014401398,-0.0005429641060211262,0.012252576812996319,-0.044314278890723105,0.025646351307420812,0.026189315413441935
250,ridge,0.01,0.0,0.2,0.01706445093391704,validation,False,19,0.0,0,1.0,0.0,0.0,0.0,-0.0,0.012252576812996319,-0.0,0.025646351307420812,0.025646351307420812
250,ridge,0.01,0.0,0.2,0.024042446673043262,validation,False,19,0.05263157894736842,1,1.0,0.05263157894736842,0.0,-0.010316318014401398,-0.0005429641060211262,0.012252576812996319,-0.044314278890723105,0.025646351307420812,0.026189315413441935
250,ridge,0.01,0.0,0.2,0.029596871858087462,validation,False,19,0.05263157894736842,1,1.0,0.05263157894736842,0.0,-0.010316318014401398,-0.0005429641060211262,0.012252576812996319,-0.044314278890723105,0.025646351307420812,0.026189315413441935
250,ridge,0.01,0.0,0.2,0.06762570551788859,validation,False,19,0.05263157894736842,1,1.0,0.05263157894736842,0.0,-0.010316318014401398,-0.0005429641060211262,0.012252576812996319,-0.044314278890723105,0.025646351307420812,0.026189315413441935
250,ridge,0.01,0.0,0.3,0.01706445093391704,validation,False,19,0.05263157894736842,1,0.0,0.0,1.0,0.009486733843990701,0.0004993017812626684,0.012252576812996319,0.04075075707609999,0.025646351307420812,0.025147049526158143
250,ridge,0.01,0.0,0.3,0.024042446673043262,validation,False,19,0.15789473684210525,3,0.3333333333333333,0.05263157894736842,0.6666666666666666,0.012849276871629836,0.0020288331902573423,0.012252576812996319,0.1655842049572264,0.025646351307420812,0.02361751811716347
250,ridge,0.01,0.0,0.3,0.029596871858087462,validation,False,19,0.15789473684210525,3,0.3333333333333333,0.05263157894736842,0.6666666666666666,0.012849276871629836,0.0020288331902573423,0.012252576812996319,0.1655842049572264,0.025646351307420812,0.02361751811716347
250,ridge,0.01,0.0,0.3,0.06762570551788859,validation,False,19,0.15789473684210525,3,0.3333333333333333,0.05263157894736842,0.6666666666666666,0.012849276871629836,0.0020288331902573423,0.012252576812996319,0.1655842049572264,0.025646351307420812,0.02361751811716347
250,ridge,0.01,0.0,0.4,0.01706445093391704,validation,False,19,0.05263157894736842,1,0.0,0.0,1.0,0.009486733843990701,0.0004993017812626684,0.012252576812996319,0.04075075707609999,0.025646351307420812,0.025147049526158143
250,ridge,0.01,0.0,0.4,0.024042446673043262,validation,False,19,0.2631578947368421,5,0.2,0.05263157894736842,0.8,0.01092307397894504,0.002874493152353958,0.012252576812996319,0.23460315297146153,0.025646351307420812,0.02277185815506685
250,ridge,0.01,0.0,0.4,0.029596871858087462,validation,False,19,0.2631578947368421,5,0.2,0.05263157894736842,0.8,0.01092307397894504,0.002874493152353958,0.012252576812996319,0.23460315297146153,0.025646351307420812,0.02277185815506685
250,ridge,0.01,0.0,0.4,0.06762570551788859,validation,False,19,0.2631578947368421,5,0.2,0.05263157894736842,0.8,0.01092307397894504,0.002874493152353958,0.012252576812996319,0.23460315297146153,0.025646351307420812,0.02277185815506685
250,ridge,0.01,0.0025,0.1,0.01706445093391704,validation,False,19,0.0,0,1.0,0.0,0.0,0.0,-0.0,0.012252576812996319,-0.0,0.025646351307420812,0.025646351307420812
250,ridge,0.01,0.0025,0.1,0.024042446673043262,validation,False,19,0.05263157894736842,1,1.0,0.05263157894736842,0.0,-0.010316318014401398,-0.0005429641060211262,0.012252576812996319,-0.044314278890723105,0.025646351307420812,0.026189315413441935
250,ridge,0.01,0.0025,0.1,0.029596871858087462,validation,False,19,0.05263157894736842,1,1.0,0.05263157894736842,0.0,-0.010316318014401398,-0.0005429641060211262,0.012252576812996319,-0.044314278890723105,0.025646351307420812,0.026189315413441935
250,ridge,0.01,0.0025,0.1,0.06762570551788859,validation,False,19,0.05263157894736842,1,1.0,0.05263157894736842,0.0,-0.010316318014401398,-0.0005429641060211262,0.012252576812996319,-0.044314278890723105,0.025646351307420812,0.026189315413441935
250,ridge,0.01,0.0025,0.2,0.01706445093391704,validation,False,19,0.0,0,1.0,0.0,0.0,0.0,-0.0,0.012252576812996319,-0.0,0.025646351307420812,0.025646351307420812
250,ridge,0.01,0.0025,0.2,0.024042446673043262,validation,False,19,0.05263157894736842,1,1.0,0.05263157894736842,0.0,-0.010316318014401398,-0.0005429641060211262,0.012252576812996319,-0.044314278890723105,0.025646351307420812,0.026189315413441935
250,ridge,0.01,0.0025,0.2,0.029596871858087462,validation,False,19,0.05263157894736842,1,1.0,0.05263157894736842,0.0,-0.010316318014401398,-0.0005429641060211262,0.012252576812996319,-0.044314278890723105,0.025646351307420812,0.026189315413441935
250,ridge,0.01,0.0025,0.2,0.06762570551788859,validation,False,19,0.05263157894736842,1,1.0,0.05263157894736842,0.0,-0.010316318014401398,-0.0005429641060211262,0.012252576812996319,-0.044314278890723105,0.025646351307420812,0.026189315413441935
250,ridge,0.01,0.0025,0.3,0.01706445093391704,validation,False,19,0.05263157894736842,1,0.0,0.0,1.0,0.009486733843990701,0.0004993017812626684,0.012252576812996319,0.04075075707609999,0.025646351307420812,0.025147049526158143
250,ridge,0.01,0.0025,0.3,0.024042446673043262,validation,False,19,0.15789473684210525,3,0.3333333333333333,0.05263157894736842,0.6666666666666666,0.012849276871629836,0.0020288331902573423,0.012252576812996319,0.1655842049572264,0.025646351307420812,0.02361751811716347
250,ridge,0.01,0.0025,0.3,0.029596871858087462,validation,False,19,0.15789473684210525,3,0.3333333333333333,0.05263157894736842,0.6666666666666666,0.012849276871629836,0.0020288331902573423,0.012252576812996319,0.1655842049572264,0.025646351307420812,0.02361751811716347
250,ridge,0.01,0.0025,0.3,0.06762570551788859,validation,False,19,0.15789473684210525,3,0.3333333333333333,0.05263157894736842,0.6666666666666666,0.012849276871629836,0.0020288331902573423,0.012252576812996319,0.1655842049572264,0.025646351307420812,0.02361751811716347
250,ridge,0.01,0.0025,0.4,0.01706445093391704,validation,False,19,0.05263157894736842,1,0.0,0.0,1.0,0.009486733843990701,0.0004993017812626684,0.012252576812996319,0.04075075707609999,0.025646351307420812,0.025147049526158143
250,ridge,0.01,0.0025,0.4,0.024042446673043262,validation,False,19,0.2631578947368421,5,0.2,0.05263157894736842,0.8,0.01092307397894504,0.002874493152353958,0.012252576812996319,0.23460315297146153,0.025646351307420812,0.02277185815506685
250,ridge,0.01,0.0025,0.4,0.029596871858087462,validation,False,19,0.2631578947368421,5,0.2,0.05263157894736842,0.8,0.01092307397894504,0.002874493152353958,0.012252576812996319,0.23460315297146153,0.025646351307420812,0.02277185815506685
250,ridge,0.01,0.0025,0.4,0.06762570551788859,validation,False,19,0.2631578947368421,5,0.2,0.05263157894736842,0.8,0.01092307397894504,0.002874493152353958,0.012252576812996319,0.23460315297146153,0.025646351307420812,0.02277185815506685
250,ridge,0.01,0.005,0.1,0.01706445093391704,validation,False,19,0.0,0,1.0,0.0,0.0,0.0,-0.0,0.012252576812996319,-0.0,0.025646351307420812,0.025646351307420812
250,ridge,0.01,0.005,0.1,0.024042446673043262,validation,False,19,0.05263157894736842,1,1.0,0.05263157894736842,0.0,-0.010316318014401398,-0.0005429641060211262,0.012252576812996319,-0.044314278890723105,0.025646351307420812,0.026189315413441935
250,ridge,0.01,0.005,0.1,0.029596871858087462,validation,False,19,0.05263157894736842,1,1.0,0.05263157894736842,0.0,-0.010316318014401398,-0.0005429641060211262,0.012252576812996319,-0.044314278890723105,0.025646351307420812,0.026189315413441935
250,ridge,0.01,0.005,0.1,0.06762570551788859,validation,False,19,0.05263157894736842,1,1.0,0.05263157894736842,0.0,-0.010316318014401398,-0.0005429641060211262,0.012252576812996319,-0.044314278890723105,0.025646351307420812,0.026189315413441935
250,ridge,0.01,0.005,0.2,0.01706445093391704,validation,False,19,0.0,0,1.0,0.0,0.0,0.0,-0.0,0.012252576812996319,-0.0,0.025646351307420812,0.025646351307420812
250,ridge,0.01,0.005,0.2,0.024042446673043262,validation,False,19,0.05263157894736842,1,1.0,0.05263157894736842,0.0,-0.010316318014401398,-0.0005429641060211262,0.012252576812996319,-0.044314278890723105,0.025646351307420812,0.026189315413441935
250,ridge,0.01,0.005,0.2,0.029596871858087462,validation,False,19,0.05263157894736842,1,1.0,0.05263157894736842,0.0,-0.010316318014401398,-0.0005429641060211262,0.012252576812996319,-0.044314278890723105,0.025646351307420812,0.026189315413441935
250,ridge,0.01,0.005,0.2,0.06762570551788859,validation,False,19,0.05263157894736842,1,1.0,0.05263157894736842,0.0,-0.010316318014401398,-0.0005429641060211262,0.012252576812996319,-0.044314278890723105,0.025646351307420812,0.026189315413441935
250,ridge,0.01,0.005,0.3,0.01706445093391704,validation,False,19,0.05263157894736842,1,0.0,0.0,1.0,0.009486733843990701,0.0004993017812626684,0.012252576812996319,0.04075075707609999,0.025646351307420812,0.025147049526158143
250,ridge,0.01,0.005,0.3,0.024042446673043262,validation,False,19,0.15789473684210525,3,0.3333333333333333,0.05263157894736842,0.6666666666666666,0.012849276871629836,0.0020288331902573423,0.012252576812996319,0.1655842049572264,0.025646351307420812,0.02361751811716347
250,ridge,0.01,0.005,0.3,0.029596871858087462,validation,False,19,0.15789473684210525,3,0.3333333333333333,0.05263157894736842,0.6666666666666666,0.012849276871629836,0.0020288331902573423,0.012252576812996319,0.1655842049572264,0.025646351307420812,0.02361751811716347
250,ridge,0.01,0.005,0.3,0.06762570551788859,validation,False,19,0.15789473684210525,3,0.3333333333333333,0.05263157894736842,0.6666666666666666,0.012849276871629836,0.0020288331902573423,0.012252576812996319,0.1655842049572264,0.025646351307420812,0.02361751811716347
250,ridge,0.01,0.005,0.4,0.01706445093391704,validation,False,19,0.05263157894736842,1,0.0,0.0,1.0,0.009486733843990701,0.0004993017812626684,0.012252576812996319,0.04075075707609999,0.025646351307420812,0.025147049526158143
250,ridge,0.01,0.005,0.4,0.024042446673043262,validation,False,19,0.2631578947368421,5,0.2,0.05263157894736842,0.8,0.01092307397894504,0.002874493152353958,0.012252576812996319,0.23460315297146153,0.025646351307420812,0.02277185815506685
250,ridge,0.01,0.005,0.4,0.029596871858087462,validation,False,19,0.2631578947368421,5,0.2,0.05263157894736842,0.8,0.01092307397894504,0.002874493152353958,0.012252576812996319,0.23460315297146153,0.025646351307420812,0.02277185815506685
250,ridge,0.01,0.005,0.4,0.06762570551788859,validation,False,19,0.2631578947368421,5,0.2,0.05263157894736842,0.8,0.01092307397894504,0.002874493152353958,0.012252576812996319,0.23460315297146153,0.025646351307420812,0.02277185815506685
250,tree,0.0,0.0,0.1,0.0060862075647227926,validation,False,19,0.0,0,1.0,0.0,0.0,0.0,-0.0,0.012252576812996319,-0.0,0.025646351307420812,0.025646351307420812
250,tree,0.0,0.0,0.1,0.00787679224642486,validation,False,19,0.0,0,1.0,0.0,0.0,0.0,-0.0,0.012252576812996319,-0.0,0.025646351307420812,0.025646351307420812
250,tree,0.0,0.0,0.1,0.009775607315801765,validation,False,19,0.0,0,1.0,0.0,0.0,0.0,-0.0,0.012252576812996319,-0.0,0.025646351307420812,0.025646351307420812
250,tree,0.0,0.0,0.1,0.02320726778630458,validation,False,19,0.0,0,1.0,0.0,0.0,0.0,-0.0,0.012252576812996319,-0.0,0.025646351307420812,0.025646351307420812
250,tree,0.0,0.0,0.2,0.0060862075647227926,validation,False,19,0.0,0,1.0,0.0,0.0,0.0,-0.0,0.012252576812996319,-0.0,0.025646351307420812,0.025646351307420812
250,tree,0.0,0.0,0.2,0.00787679224642486,validation,False,19,0.0,0,1.0,0.0,0.0,0.0,-0.0,0.012252576812996319,-0.0,0.025646351307420812,0.025646351307420812
250,tree,0.0,0.0,0.2,0.009775607315801765,validation,False,19,0.05263157894736842,1,0.0,0.0,1.0,0.0087558667212186,0.0004608350905904526,0.012252576812996319,0.03761127945769289,0.025646351307420812,0.025185516216830357
250,tree,0.0,0.0,0.2,0.02320726778630458,validation,False,19,0.05263157894736842,1,0.0,0.0,1.0,0.0087558667212186,0.0004608350905904526,0.012252576812996319,0.03761127945769289,0.025646351307420812,0.025185516216830357
250,tree,0.0,0.0,0.3,0.0060862075647227926,validation,False,19,0.10526315789473684,2,1.0,0.10526315789473684,0.0,-0.023917044048378598,-0.0025175835840398524,0.012252576812996319,-0.2054738054259288,0.025646351307420812,0.028163934891460664
250,tree,0.0,0.0,0.3,0.00787679224642486,validation,False,19,0.10526315789473684,2,1.0,0.10526315789473684,0.0,-0.023917044048378598,-0.0025175835840398524,0.012252576812996319,-0.2054738054259288,0.025646351307420812,0.028163934891460664
250,tree,0.0,0.0,0.3,0.009775607315801765,validation,False,19,0.15789473684210525,3,0.6666666666666666,0.10526315789473684,0.3333333333333333,-0.013026073791846199,-0.0020567484934494,0.012252576812996319,-0.16786252596823592,0.025646351307420812,0.02770309980087021
250,tree,0.0,0.0,0.3,0.02320726778630458,validation,False,19,0.15789473684210525,3,0.6666666666666666,0.10526315789473684,0.3333333333333333,-0.013026073791846199,-0.0020567484934494,0.012252576812996319,-0.16786252596823592,0.025646351307420812,0.02770309980087021
250,tree,0.0,0.0,0.4,0.0060862075647227926,validation,False,19,0.10526315789473684,2,1.0,0.10526315789473684,0.0,-0.023917044048378598,-0.0025175835840398524,0.012252576812996319,-0.2054738054259288,0.025646351307420812,0.028163934891460664
250,tree,0.0,0.0,0.4,0.00787679224642486,validation,False,19,0.10526315789473684,2,1.0,0.10526315789473684,0.0,-0.023917044048378598,-0.0025175835840398524,0.012252576812996319,-0.2054738054259288,0.025646351307420812,0.028163934891460664
250,tree,0.0,0.0,0.4,0.009775607315801765,validation,False,19,0.21052631578947367,4,0.5,0.10526315789473684,0.5,-0.0080472532157934,-0.0016941585717459788,0.012252576812996319,-0.13826957362544207,0.025646351307420812,0.02734050987916679
250,tree,0.0,0.0,0.4,0.02320726778630458,validation,False,19,0.21052631578947367,4,0.5,0.10526315789473684,0.5,-0.0080472532157934,-0.0016941585717459788,0.012252576812996319,-0.13826957362544207,0.025646351307420812,0.02734050987916679
250,tree,0.0,0.0025,0.1,0.0060862075647227926,validation,False,19,0.0,0,1.0,0.0,0.0,0.0,-0.0,0.012252576812996319,-0.0,0.025646351307420812,0.025646351307420812
250,tree,0.0,0.0025,0.1,0.00787679224642486,validation,False,19,0.0,0,1.0,0.0,0.0,0.0,-0.0,0.012252576812996319,-0.0,0.025646351307420812,0.025646351307420812
250,tree,0.0,0.0025,0.1,0.009775607315801765,validation,False,19,0.0,0,1.0,0.0,0.0,0.0,-0.0,0.012252576812996319,-0.0,0.025646351307420812,0.025646351307420812
250,tree,0.0,0.0025,0.1,0.02320726778630458,validation,False,19,0.0,0,1.0,0.0,0.0,0.0,-0.0,0.012252576812996319,-0.0,0.025646351307420812,0.025646351307420812
250,tree,0.0,0.0025,0.2,0.0060862075647227926,validation,False,19,0.0,0,1.0,0.0,0.0,0.0,-0.0,0.012252576812996319,-0.0,0.025646351307420812,0.025646351307420812
250,tree,0.0,0.0025,0.2,0.00787679224642486,validation,False,19,0.0,0,1.0,0.0,0.0,0.0,-0.0,0.012252576812996319,-0.0,0.025646351307420812,0.025646351307420812
250,tree,0.0,0.0025,0.2,0.009775607315801765,validation,False,19,0.0,0,1.0,0.0,0.0,0.0,-0.0,0.012252576812996319,-0.0,0.025646351307420812,0.025646351307420812
250,tree,0.0,0.0025,0.2,0.02320726778630458,validation,False,19,0.0,0,1.0,0.0,0.0,0.0,-0.0,0.012252576812996319,-0.0,0.025646351307420812,0.025646351307420812
250,tree,0.0,0.0025,0.3,0.0060862075647227926,validation,False,19,0.10526315789473684,2,1.0,0.10526315789473684,0.0,-0.023917044048378598,-0.0025175835840398524,0.012252576812996319,-0.2054738054259288,0.025646351307420812,0.028163934891460664
250,tree,0.0,0.0025,0.3,0.00787679224642486,validation,False,19,0.10526315789473684,2,1.0,0.10526315789473684,0.0,-0.023917044048378598,-0.0025175835840398524,0.012252576812996319,-0.2054738054259288,0.025646351307420812,0.028163934891460664
250,tree,0.0,0.0025,0.3,0.009775607315801765,validation,False,19,0.10526315789473684,2,1.0,0.10526315789473684,0.0,-0.023917044048378598,-0.0025175835840398524,0.012252576812996319,-0.2054738054259288,0.025646351307420812,0.028163934891460664
250,tree,0.0,0.0025,0.3,0.02320726778630458,validation,False,19,0.10526315789473684,2,1.0,0.10526315789473684,0.0,-0.023917044048378598,-0.0025175835840398524,0.012252576812996319,-0.2054738054259288,0.025646351307420812,0.028163934891460664
250,tree,0.0,0.0025,0.4,0.0060862075647227926,validation,False,19,0.10526315789473684,2,1.0,0.10526315789473684,0.0,-0.023917044048378598,-0.0025175835840398524,0.012252576812996319,-0.2054738054259288,0.025646351307420812,0.028163934891460664
250,tree,0.0,0.0025,0.4,0.00787679224642486,validation,False,19,0.10526315789473684,2,1.0,0.10526315789473684,0.0,-0.023917044048378598,-0.0025175835840398524,0.012252576812996319,-0.2054738054259288,0.025646351307420812,0.028163934891460664
250,tree,0.0,0.0025,0.4,0.009775607315801765,validation,False,19,0.15789473684210525,3,0.6666666666666666,0.10526315789473684,0.3333333333333333,-0.0136482931947974,-0.0021549936623364314,0.012252576812996319,-0.17588085308313495,0.025646351307420812,0.027801344969757245
250,tree,0.0,0.0025,0.4,0.02320726778630458,validation,False,19,0.15789473684210525,3,0.6666666666666666,0.10526315789473684,0.3333333333333333,-0.0136482931947974,-0.0021549936623364314,0.012252576812996319,-0.17588085308313495,0.025646351307420812,0.027801344969757245
250,tree,0.0,0.005,0.1,0.0060862075647227926,validation,False,19,0.0,0,1.0,0.0,0.0,0.0,-0.0,0.012252576812996319,-0.0,0.025646351307420812,0.025646351307420812
250,tree,0.0,0.005,0.1,0.00787679224642486,validation,False,19,0.0,0,1.0,0.0,0.0,0.0,-0.0,0.012252576812996319,-0.0,0.025646351307420812,0.025646351307420812
250,tree,0.0,0.005,0.1,0.009775607315801765,validation,False,19,0.0,0,1.0,0.0,0.0,0.0,-0.0,0.012252576812996319,-0.0,0.025646351307420812,0.025646351307420812
250,tree,0.0,0.005,0.1,0.02320726778630458,validation,False,19,0.0,0,1.0,0.0,0.0,0.0,-0.0,0.012252576812996319,-0.0,0.025646351307420812,0.025646351307420812
250,tree,0.0,0.005,0.2,0.0060862075647227926,validation,False,19,0.0,0,1.0,0.0,0.0,0.0,-0.0,0.012252576812996319,-0.0,0.025646351307420812,0.025646351307420812
250,tree,0.0,0.005,0.2,0.00787679224642486,validation,False,19,0.0,0,1.0,0.0,0.0,0.0,-0.0,0.012252576812996319,-0.0,0.025646351307420812,0.025646351307420812
250,tree,0.0,0.005,0.2,0.009775607315801765,validation,False,19,0.0,0,1.0,0.0,0.0,0.0,-0.0,0.012252576812996319,-0.0,0.025646351307420812,0.025646351307420812
250,tree,0.0,0.005,0.2,0.02320726778630458,validation,False,19,0.0,0,1.0,0.0,0.0,0.0,-0.0,0.012252576812996319,-0.0,0.025646351307420812,0.025646351307420812
250,tree,0.0,0.005,0.3,0.0060862075647227926,validation,False,19,0.10526315789473684,2,1.0,0.10526315789473684,0.0,-0.023917044048378598,-0.0025175835840398524,0.012252576812996319,-0.2054738054259288,0.025646351307420812,0.028163934891460664
250,tree,0.0,0.005,0.3,0.00787679224642486,validation,False,19,0.10526315789473684,2,1.0,0.10526315789473684,0.0,-0.023917044048378598,-0.0025175835840398524,0.012252576812996319,-0.2054738054259288,0.025646351307420812,0.028163934891460664
250,tree,0.0,0.005,0.3,0.009775607315801765,validation,False,19,0.10526315789473684,2,1.0,0.10526315789473684,0.0,-0.023917044048378598,-0.0025175835840398524,0.012252576812996319,-0.2054738054259288,0.025646351307420812,0.028163934891460664
250,tree,0.0,0.005,0.3,0.02320726778630458,validation,False,19,0.10526315789473684,2,1.0,0.10526315789473684,0.0,-0.023917044048378598,-0.0025175835840398524,0.012252576812996319,-0.2054738054259288,0.025646351307420812,0.028163934891460664
250,tree,0.0,0.005,0.4,0.0060862075647227926,validation,False,19,0.10526315789473684,2,1.0,0.10526315789473684,0.0,-0.023917044048378598,-0.0025175835840398524,0.012252576812996319,-0.2054738054259288,0.025646351307420812,0.028163934891460664
250,tree,0.0,0.005,0.4,0.00787679224642486,validation,False,19,0.10526315789473684,2,1.0,0.10526315789473684,0.0,-0.023917044048378598,-0.0025175835840398524,0.012252576812996319,-0.2054738054259288,0.025646351307420812,0.028163934891460664
250,tree,0.0,0.005,0.4,0.009775607315801765,validation,False,19,0.15789473684210525,3,0.6666666666666666,0.10526315789473684,0.3333333333333333,-0.0136482931947974,-0.0021549936623364314,0.012252576812996319,-0.17588085308313495,0.025646351307420812,0.027801344969757245
250,tree,0.0,0.005,0.4,0.02320726778630458,validation,False,19,0.15789473684210525,3,0.6666666666666666,0.10526315789473684,0.3333333333333333,-0.0136482931947974,-0.0021549936623364314,0.012252576812996319,-0.17588085308313495,0.025646351307420812,0.027801344969757245
250,tree,0.0025,0.0,0.1,0.0060862075647227926,validation,False,19,0.0,0,1.0,0.0,0.0,0.0,-0.0,0.012252576812996319,-0.0,0.025646351307420812,0.025646351307420812
250,tree,0.0025,0.0,0.1,0.00787679224642486,validation,False,19,0.0,0,1.0,0.0,0.0,0.0,-0.0,0.012252576812996319,-0.0,0.025646351307420812,0.025646351307420812
250,tree,0.0025,0.0,0.1,0.009775607315801765,validation,False,19,0.0,0,1.0,0.0,0.0,0.0,-0.0,0.012252576812996319,-0.0,0.025646351307420812,0.025646351307420812
250,tree,0.0025,0.0,0.1,0.02320726778630458,validation,False,19,0.0,0,1.0,0.0,0.0,0.0,-0.0,0.012252576812996319,-0.0,0.025646351307420812,0.025646351307420812
250,tree,0.0025,0.0,0.2,0.0060862075647227926,validation,False,19,0.0,0,1.0,0.0,0.0,0.0,-0.0,0.012252576812996319,-0.0,0.025646351307420812,0.025646351307420812
250,tree,0.0025,0.0,0.2,0.00787679224642486,validation,False,19,0.0,0,1.0,0.0,0.0,0.0,-0.0,0.012252576812996319,-0.0,0.025646351307420812,0.025646351307420812
250,tree,0.0025,0.0,0.2,0.009775607315801765,validation,False,19,0.05263157894736842,1,0.0,0.0,1.0,0.0087558667212186,0.0004608350905904526,0.012252576812996319,0.03761127945769289,0.025646351307420812,0.025185516216830357
250,tree,0.0025,0.0,0.2,0.02320726778630458,validation,False,19,0.05263157894736842,1,0.0,0.0,1.0,0.0087558667212186,0.0004608350905904526,0.012252576812996319,0.03761127945769289,0.025646351307420812,0.025185516216830357
250,tree,0.0025,0.0,0.3,0.0060862075647227926,validation,False,19,0.10526315789473684,2,1.0,0.10526315789473684,0.0,-0.023917044048378598,-0.0025175835840398524,0.012252576812996319,-0.2054738054259288,0.025646351307420812,0.028163934891460664
250,tree,0.0025,0.0,0.3,0.00787679224642486,validation,False,19,0.10526315789473684,2,1.0,0.10526315789473684,0.0,-0.023917044048378598,-0.0025175835840398524,0.012252576812996319,-0.2054738054259288,0.025646351307420812,0.028163934891460664
250,tree,0.0025,0.0,0.3,0.009775607315801765,validation,False,19,0.15789473684210525,3,0.6666666666666666,0.10526315789473684,0.3333333333333333,-0.013026073791846199,-0.0020567484934494,0.012252576812996319,-0.16786252596823592,0.025646351307420812,0.02770309980087021
250,tree,0.0025,0.0,0.3,0.02320726778630458,validation,False,19,0.15789473684210525,3,0.6666666666666666,0.10526315789473684,0.3333333333333333,-0.013026073791846199,-0.0020567484934494,0.012252576812996319,-0.16786252596823592,0.025646351307420812,0.02770309980087021
250,tree,0.0025,0.0,0.4,0.0060862075647227926,validation,False,19,0.10526315789473684,2,1.0,0.10526315789473684,0.0,-0.023917044048378598,-0.0025175835840398524,0.012252576812996319,-0.2054738054259288,0.025646351307420812,0.028163934891460664
250,tree,0.0025,0.0,0.4,0.00787679224642486,validation,False,19,0.10526315789473684,2,1.0,0.10526315789473684,0.0,-0.023917044048378598,-0.0025175835840398524,0.012252576812996319,-0.2054738054259288,0.025646351307420812,0.028163934891460664
250,tree,0.0025,0.0,0.4,0.009775607315801765,validation,False,19,0.21052631578947367,4,0.5,0.10526315789473684,0.5,-0.0080472532157934,-0.0016941585717459788,0.012252576812996319,-0.13826957362544207,0.025646351307420812,0.02734050987916679
250,tree,0.0025,0.0,0.4,0.02320726778630458,validation,False,19,0.21052631578947367,4,0.5,0.10526315789473684,0.5,-0.0080472532157934,-0.0016941585717459788,0.012252576812996319,-0.13826957362544207,0.025646351307420812,0.02734050987916679
250,tree,0.0025,0.0025,0.1,0.0060862075647227926,validation,False,19,0.0,0,1.0,0.0,0.0,0.0,-0.0,0.012252576812996319,-0.0,0.025646351307420812,0.025646351307420812
250,tree,0.0025,0.0025,0.1,0.00787679224642486,validation,False,19,0.0,0,1.0,0.0,0.0,0.0,-0.0,0.012252576812996319,-0.0,0.025646351307420812,0.025646351307420812
250,tree,0.0025,0.0025,0.1,0.009775607315801765,validation,False,19,0.0,0,1.0,0.0,0.0,0.0,-0.0,0.012252576812996319,-0.0,0.025646351307420812,0.025646351307420812
250,tree,0.0025,0.0025,0.1,0.02320726778630458,validation,False,19,0.0,0,1.0,0.0,0.0,0.0,-0.0,0.012252576812996319,-0.0,0.025646351307420812,0.025646351307420812
250,tree,0.0025,0.0025,0.2,0.0060862075647227926,validation,False,19,0.0,0,1.0,0.0,0.0,0.0,-0.0,0.012252576812996319,-0.0,0.025646351307420812,0.025646351307420812
250,tree,0.0025,0.0025,0.2,0.00787679224642486,validation,False,19,0.0,0,1.0,0.0,0.0,0.0,-0.0,0.012252576812996319,-0.0,0.025646351307420812,0.025646351307420812
250,tree,0.0025,0.0025,0.2,0.009775607315801765,validation,False,19,0.0,0,1.0,0.0,0.0,0.0,-0.0,0.012252576812996319,-0.0,0.025646351307420812,0.025646351307420812
250,tree,0.0025,0.0025,0.2,0.02320726778630458,validation,False,19,0.0,0,1.0,0.0,0.0,0.0,-0.0,0.012252576812996319,-0.0,0.025646351307420812,0.025646351307420812
250,tree,0.0025,0.0025,0.3,0.0060862075647227926,validation,False,19,0.10526315789473684,2,1.0,0.10526315789473684,0.0,-0.023917044048378598,-0.0025175835840398524,0.012252576812996319,-0.2054738054259288,0.025646351307420812,0.028163934891460664
250,tree,0.0025,0.0025,0.3,0.00787679224642486,validation,False,19,0.10526315789473684,2,1.0,0.10526315789473684,0.0,-0.023917044048378598,-0.0025175835840398524,0.012252576812996319,-0.2054738054259288,0.025646351307420812,0.028163934891460664
250,tree,0.0025,0.0025,0.3,0.009775607315801765,validation,False,19,0.10526315789473684,2,1.0,0.10526315789473684,0.0,-0.023917044048378598,-0.0025175835840398524,0.012252576812996319,-0.2054738054259288,0.025646351307420812,0.028163934891460664
250,tree,0.0025,0.0025,0.3,0.02320726778630458,validation,False,19,0.10526315789473684,2,1.0,0.10526315789473684,0.0,-0.023917044048378598,-0.0025175835840398524,0.012252576812996319,-0.2054738054259288,0.025646351307420812,0.028163934891460664
250,tree,0.0025,0.0025,0.4,0.0060862075647227926,validation,False,19,0.10526315789473684,2,1.0,0.10526315789473684,0.0,-0.023917044048378598,-0.0025175835840398524,0.012252576812996319,-0.2054738054259288,0.025646351307420812,0.028163934891460664
250,tree,0.0025,0.0025,0.4,0.00787679224642486,validation,False,19,0.10526315789473684,2,1.0,0.10526315789473684,0.0,-0.023917044048378598,-0.0025175835840398524,0.012252576812996319,-0.2054738054259288,0.025646351307420812,0.028163934891460664
250,tree,0.0025,0.0025,0.4,0.009775607315801765,validation,False,19,0.15789473684210525,3,0.6666666666666666,0.10526315789473684,0.3333333333333333,-0.0136482931947974,-0.0021549936623364314,0.012252576812996319,-0.17588085308313495,0.025646351307420812,0.027801344969757245
250,tree,0.0025,0.0025,0.4,0.02320726778630458,validation,False,19,0.15789473684210525,3,0.6666666666666666,0.10526315789473684,0.3333333333333333,-0.0136482931947974,-0.0021549936623364314,0.012252576812996319,-0.17588085308313495,0.025646351307420812,0.027801344969757245
250,tree,0.0025,0.005,0.1,0.0060862075647227926,validation,False,19,0.0,0,1.0,0.0,0.0,0.0,-0.0,0.012252576812996319,-0.0,0.025646351307420812,0.025646351307420812
250,tree,0.0025,0.005,0.1,0.00787679224642486,validation,False,19,0.0,0,1.0,0.0,0.0,0.0,-0.0,0.012252576812996319,-0.0,0.025646351307420812,0.025646351307420812
250,tree,0.0025,0.005,0.1,0.009775607315801765,validation,False,19,0.0,0,1.0,0.0,0.0,0.0,-0.0,0.012252576812996319,-0.0,0.025646351307420812,0.025646351307420812
250,tree,0.0025,0.005,0.1,0.02320726778630458,validation,False,19,0.0,0,1.0,0.0,0.0,0.0,-0.0,0.012252576812996319,-0.0,0.025646351307420812,0.025646351307420812
250,tree,0.0025,0.005,0.2,0.0060862075647227926,validation,False,19,0.0,0,1.0,0.0,0.0,0.0,-0.0,0.012252576812996319,-0.0,0.025646351307420812,0.025646351307420812
250,tree,0.0025,0.005,0.2,0.00787679224642486,validation,False,19,0.0,0,1.0,0.0,0.0,0.0,-0.0,0.012252576812996319,-0.0,0.025646351307420812,0.025646351307420812
250,tree,0.0025,0.005,0.2,0.009775607315801765,validation,False,19,0.0,0,1.0,0.0,0.0,0.0,-0.0,0.012252576812996319,-0.0,0.025646351307420812,0.025646351307420812
250,tree,0.0025,0.005,0.2,0.02320726778630458,validation,False,19,0.0,0,1.0,0.0,0.0,0.0,-0.0,0.012252576812996319,-0.0,0.025646351307420812,0.025646351307420812
250,tree,0.0025,0.005,0.3,0.0060862075647227926,validation,False,19,0.10526315789473684,2,1.0,0.10526315789473684,0.0,-0.023917044048378598,-0.0025175835840398524,0.012252576812996319,-0.2054738054259288,0.025646351307420812,0.028163934891460664
250,tree,0.0025,0.005,0.3,0.00787679224642486,validation,False,19,0.10526315789473684,2,1.0,0.10526315789473684,0.0,-0.023917044048378598,-0.0025175835840398524,0.012252576812996319,-0.2054738054259288,0.025646351307420812,0.028163934891460664
250,tree,0.0025,0.005,0.3,0.009775607315801765,validation,False,19,0.10526315789473684,2,1.0,0.10526315789473684,0.0,-0.023917044048378598,-0.0025175835840398524,0.012252576812996319,-0.2054738054259288,0.025646351307420812,0.028163934891460664
250,tree,0.0025,0.005,0.3,0.02320726778630458,validation,False,19,0.10526315789473684,2,1.0,0.10526315789473684,0.0,-0.023917044048378598,-0.0025175835840398524,0.012252576812996319,-0.2054738054259288,0.025646351307420812,0.028163934891460664
250,tree,0.0025,0.005,0.4,0.0060862075647227926,validation,False,19,0.10526315789473684,2,1.0,0.10526315789473684,0.0,-0.023917044048378598,-0.0025175835840398524,0.012252576812996319,-0.2054738054259288,0.025646351307420812,0.028163934891460664
250,tree,0.0025,0.005,0.4,0.00787679224642486,validation,False,19,0.10526315789473684,2,1.0,0.10526315789473684,0.0,-0.023917044048378598,-0.0025175835840398524,0.012252576812996319,-0.2054738054259288,0.025646351307420812,0.028163934891460664
250,tree,0.0025,0.005,0.4,0.009775607315801765,validation,False,19,0.15789473684210525,3,0.6666666666666666,0.10526315789473684,0.3333333333333333,-0.0136482931947974,-0.0021549936623364314,0.012252576812996319,-0.17588085308313495,0.025646351307420812,0.027801344969757245
250,tree,0.0025,0.005,0.4,0.02320726778630458,validation,False,19,0.15789473684210525,3,0.6666666666666666,0.10526315789473684,0.3333333333333333,-0.0136482931947974,-0.0021549936623364314,0.012252576812996319,-0.17588085308313495,0.025646351307420812,0.027801344969757245
250,tree,0.005,0.0,0.1,0.0060862075647227926,validation,False,19,0.0,0,1.0,0.0,0.0,0.0,-0.0,0.012252576812996319,-0.0,0.025646351307420812,0.025646351307420812
250,tree,0.005,0.0,0.1,0.00787679224642486,validation,False,19,0.0,0,1.0,0.0,0.0,0.0,-0.0,0.012252576812996319,-0.0,0.025646351307420812,0.025646351307420812
250,tree,0.005,0.0,0.1,0.009775607315801765,validation,False,19,0.0,0,1.0,0.0,0.0,0.0,-0.0,0.012252576812996319,-0.0,0.025646351307420812,0.025646351307420812
250,tree,0.005,0.0,0.1,0.02320726778630458,validation,False,19,0.0,0,1.0,0.0,0.0,0.0,-0.0,0.012252576812996319,-0.0,0.025646351307420812,0.025646351307420812
250,tree,0.005,0.0,0.2,0.0060862075647227926,validation,False,19,0.0,0,1.0,0.0,0.0,0.0,-0.0,0.012252576812996319,-0.0,0.025646351307420812,0.025646351307420812
250,tree,0.005,0.0,0.2,0.00787679224642486,validation,False,19,0.0,0,1.0,0.0,0.0,0.0,-0.0,0.012252576812996319,-0.0,0.025646351307420812,0.025646351307420812
250,tree,0.005,0.0,0.2,0.009775607315801765,validation,False,19,0.05263157894736842,1,0.0,0.0,1.0,0.0087558667212186,0.0004608350905904526,0.012252576812996319,0.03761127945769289,0.025646351307420812,0.025185516216830357
250,tree,0.005,0.0,0.2,0.02320726778630458,validation,False,19,0.05263157894736842,1,0.0,0.0,1.0,0.0087558667212186,0.0004608350905904526,0.012252576812996319,0.03761127945769289,0.025646351307420812,0.025185516216830357
250,tree,0.005,0.0,0.3,0.0060862075647227926,validation,False,19,0.10526315789473684,2,1.0,0.10526315789473684,0.0,-0.023917044048378598,-0.0025175835840398524,0.012252576812996319,-0.2054738054259288,0.025646351307420812,0.028163934891460664
250,tree,0.005,0.0,0.3,0.00787679224642486,validation,False,19,0.10526315789473684,2,1.0,0.10526315789473684,0.0,-0.023917044048378598,-0.0025175835840398524,0.012252576812996319,-0.2054738054259288,0.025646351307420812,0.028163934891460664
250,tree,0.005,0.0,0.3,0.009775607315801765,validation,False,19,0.15789473684210525,3,0.6666666666666666,0.10526315789473684,0.3333333333333333,-0.013026073791846199,-0.0020567484934494,0.012252576812996319,-0.16786252596823592,0.025646351307420812,0.02770309980087021
250,tree,0.005,0.0,0.3,0.02320726778630458,validation,False,19,0.15789473684210525,3,0.6666666666666666,0.10526315789473684,0.3333333333333333,-0.013026073791846199,-0.0020567484934494,0.012252576812996319,-0.16786252596823592,0.025646351307420812,0.02770309980087021
250,tree,0.005,0.0,0.4,0.0060862075647227926,validation,False,19,0.10526315789473684,2,1.0,0.10526315789473684,0.0,-0.023917044048378598,-0.0025175835840398524,0.012252576812996319,-0.2054738054259288,0.025646351307420812,0.028163934891460664
250,tree,0.005,0.0,0.4,0.00787679224642486,validation,False,19,0.10526315789473684,2,1.0,0.10526315789473684,0.0,-0.023917044048378598,-0.0025175835840398524,0.012252576812996319,-0.2054738054259288,0.025646351307420812,0.028163934891460664
250,tree,0.005,0.0,0.4,0.009775607315801765,validation,False,19,0.21052631578947367,4,0.5,0.10526315789473684,0.5,-0.0080472532157934,-0.0016941585717459788,0.012252576812996319,-0.13826957362544207,0.025646351307420812,0.02734050987916679
250,tree,0.005,0.0,0.4,0.02320726778630458,validation,False,19,0.21052631578947367,4,0.5,0.10526315789473684,0.5,-0.0080472532157934,-0.0016941585717459788,0.012252576812996319,-0.13826957362544207,0.025646351307420812,0.02734050987916679
250,tree,0.005,0.0025,0.1,0.0060862075647227926,validation,False,19,0.0,0,1.0,0.0,0.0,0.0,-0.0,0.012252576812996319,-0.0,0.025646351307420812,0.025646351307420812
250,tree,0.005,0.0025,0.1,0.00787679224642486,validation,False,19,0.0,0,1.0,0.0,0.0,0.0,-0.0,0.012252576812996319,-0.0,0.025646351307420812,0.025646351307420812
250,tree,0.005,0.0025,0.1,0.009775607315801765,validation,False,19,0.0,0,1.0,0.0,0.0,0.0,-0.0,0.012252576812996319,-0.0,0.025646351307420812,0.025646351307420812
250,tree,0.005,0.0025,0.1,0.02320726778630458,validation,False,19,0.0,0,1.0,0.0,0.0,0.0,-0.0,0.012252576812996319,-0.0,0.025646351307420812,0.025646351307420812
250,tree,0.005,0.0025,0.2,0.0060862075647227926,validation,False,19,0.0,0,1.0,0.0,0.0,0.0,-0.0,0.012252576812996319,-0.0,0.025646351307420812,0.025646351307420812
250,tree,0.005,0.0025,0.2,0.00787679224642486,validation,False,19,0.0,0,1.0,0.0,0.0,0.0,-0.0,0.012252576812996319,-0.0,0.025646351307420812,0.025646351307420812
250,tree,0.005,0.0025,0.2,0.009775607315801765,validation,False,19,0.0,0,1.0,0.0,0.0,0.0,-0.0,0.012252576812996319,-0.0,0.025646351307420812,0.025646351307420812
250,tree,0.005,0.0025,0.2,0.02320726778630458,validation,False,19,0.0,0,1.0,0.0,0.0,0.0,-0.0,0.012252576812996319,-0.0,0.025646351307420812,0.025646351307420812
250,tree,0.005,0.0025,0.3,0.0060862075647227926,validation,False,19,0.10526315789473684,2,1.0,0.10526315789473684,0.0,-0.023917044048378598,-0.0025175835840398524,0.012252576812996319,-0.2054738054259288,0.025646351307420812,0.028163934891460664
250,tree,0.005,0.0025,0.3,0.00787679224642486,validation,False,19,0.10526315789473684,2,1.0,0.10526315789473684,0.0,-0.023917044048378598,-0.0025175835840398524,0.012252576812996319,-0.2054738054259288,0.025646351307420812,0.028163934891460664
250,tree,0.005,0.0025,0.3,0.009775607315801765,validation,False,19,0.10526315789473684,2,1.0,0.10526315789473684,0.0,-0.023917044048378598,-0.0025175835840398524,0.012252576812996319,-0.2054738054259288,0.025646351307420812,0.028163934891460664
250,tree,0.005,0.0025,0.3,0.02320726778630458,validation,False,19,0.10526315789473684,2,1.0,0.10526315789473684,0.0,-0.023917044048378598,-0.0025175835840398524,0.012252576812996319,-0.2054738054259288,0.025646351307420812,0.028163934891460664
250,tree,0.005,0.0025,0.4,0.0060862075647227926,validation,False,19,0.10526315789473684,2,1.0,0.10526315789473684,0.0,-0.023917044048378598,-0.0025175835840398524,0.012252576812996319,-0.2054738054259288,0.025646351307420812,0.028163934891460664
250,tree,0.005,0.0025,0.4,0.00787679224642486,validation,False,19,0.10526315789473684,2,1.0,0.10526315789473684,0.0,-0.023917044048378598,-0.0025175835840398524,0.012252576812996319,-0.2054738054259288,0.025646351307420812,0.028163934891460664
250,tree,0.005,0.0025,0.4,0.009775607315801765,validation,False,19,0.15789473684210525,3,0.6666666666666666,0.10526315789473684,0.3333333333333333,-0.0136482931947974,-0.0021549936623364314,0.012252576812996319,-0.17588085308313495,0.025646351307420812,0.027801344969757245
250,tree,0.005,0.0025,0.4,0.02320726778630458,validation,False,19,0.15789473684210525,3,0.6666666666666666,0.10526315789473684,0.3333333333333333,-0.0136482931947974,-0.0021549936623364314,0.012252576812996319,-0.17588085308313495,0.025646351307420812,0.027801344969757245
250,tree,0.005,0.005,0.1,0.0060862075647227926,validation,False,19,0.0,0,1.0,0.0,0.0,0.0,-0.0,0.012252576812996319,-0.0,0.025646351307420812,0.025646351307420812
250,tree,0.005,0.005,0.1,0.00787679224642486,validation,False,19,0.0,0,1.0,0.0,0.0,0.0,-0.0,0.012252576812996319,-0.0,0.025646351307420812,0.025646351307420812
250,tree,0.005,0.005,0.1,0.009775607315801765,validation,False,19,0.0,0,1.0,0.0,0.0,0.0,-0.0,0.012252576812996319,-0.0,0.025646351307420812,0.025646351307420812
250,tree,0.005,0.005,0.1,0.02320726778630458,validation,False,19,0.0,0,1.0,0.0,0.0,0.0,-0.0,0.012252576812996319,-0.0,0.025646351307420812,0.025646351307420812
250,tree,0.005,0.005,0.2,0.0060862075647227926,validation,False,19,0.0,0,1.0,0.0,0.0,0.0,-0.0,0.012252576812996319,-0.0,0.025646351307420812,0.025646351307420812
250,tree,0.005,0.005,0.2,0.00787679224642486,validation,False,19,0.0,0,1.0,0.0,0.0,0.0,-0.0,0.012252576812996319,-0.0,0.025646351307420812,0.025646351307420812
250,tree,0.005,0.005,0.2,0.009775607315801765,validation,False,19,0.0,0,1.0,0.0,0.0,0.0,-0.0,0.012252576812996319,-0.0,0.025646351307420812,0.025646351307420812
250,tree,0.005,0.005,0.2,0.02320726778630458,validation,False,19,0.0,0,1.0,0.0,0.0,0.0,-0.0,0.012252576812996319,-0.0,0.025646351307420812,0.025646351307420812
250,tree,0.005,0.005,0.3,0.0060862075647227926,validation,False,19,0.10526315789473684,2,1.0,0.10526315789473684,0.0,-0.023917044048378598,-0.0025175835840398524,0.012252576812996319,-0.2054738054259288,0.025646351307420812,0.028163934891460664
250,tree,0.005,0.005,0.3,0.00787679224642486,validation,False,19,0.10526315789473684,2,1.0,0.10526315789473684,0.0,-0.023917044048378598,-0.0025175835840398524,0.012252576812996319,-0.2054738054259288,0.025646351307420812,0.028163934891460664
250,tree,0.005,0.005,0.3,0.009775607315801765,validation,False,19,0.10526315789473684,2,1.0,0.10526315789473684,0.0,-0.023917044048378598,-0.0025175835840398524,0.012252576812996319,-0.2054738054259288,0.025646351307420812,0.028163934891460664
250,tree,0.005,0.005,0.3,0.02320726778630458,validation,False,19,0.10526315789473684,2,1.0,0.10526315789473684,0.0,-0.023917044048378598,-0.0025175835840398524,0.012252576812996319,-0.2054738054259288,0.025646351307420812,0.028163934891460664
250,tree,0.005,0.005,0.4,0.0060862075647227926,validation,False,19,0.10526315789473684,2,1.0,0.10526315789473684,0.0,-0.023917044048378598,-0.0025175835840398524,0.012252576812996319,-0.2054738054259288,0.025646351307420812,0.028163934891460664
250,tree,0.005,0.005,0.4,0.00787679224642486,validation,False,19,0.10526315789473684,2,1.0,0.10526315789473684,0.0,-0.023917044048378598,-0.0025175835840398524,0.012252576812996319,-0.2054738054259288,0.025646351307420812,0.028163934891460664
250,tree,0.005,0.005,0.4,0.009775607315801765,validation,False,19,0.15789473684210525,3,0.6666666666666666,0.10526315789473684,0.3333333333333333,-0.0136482931947974,-0.0021549936623364314,0.012252576812996319,-0.17588085308313495,0.025646351307420812,0.027801344969757245
250,tree,0.005,0.005,0.4,0.02320726778630458,validation,False,19,0.15789473684210525,3,0.6666666666666666,0.10526315789473684,0.3333333333333333,-0.0136482931947974,-0.0021549936623364314,0.012252576812996319,-0.17588085308313495,0.025646351307420812,0.027801344969757245
250,tree,0.01,0.0,0.1,0.0060862075647227926,validation,False,19,0.0,0,1.0,0.0,0.0,0.0,-0.0,0.012252576812996319,-0.0,0.025646351307420812,0.025646351307420812
250,tree,0.01,0.0,0.1,0.00787679224642486,validation,False,19,0.0,0,1.0,0.0,0.0,0.0,-0.0,0.012252576812996319,-0.0,0.025646351307420812,0.025646351307420812
250,tree,0.01,0.0,0.1,0.009775607315801765,validation,False,19,0.0,0,1.0,0.0,0.0,0.0,-0.0,0.012252576812996319,-0.0,0.025646351307420812,0.025646351307420812
250,tree,0.01,0.0,0.1,0.02320726778630458,validation,False,19,0.0,0,1.0,0.0,0.0,0.0,-0.0,0.012252576812996319,-0.0,0.025646351307420812,0.025646351307420812
250,tree,0.01,0.0,0.2,0.0060862075647227926,validation,False,19,0.0,0,1.0,0.0,0.0,0.0,-0.0,0.012252576812996319,-0.0,0.025646351307420812,0.025646351307420812
250,tree,0.01,0.0,0.2,0.00787679224642486,validation,False,19,0.0,0,1.0,0.0,0.0,0.0,-0.0,0.012252576812996319,-0.0,0.025646351307420812,0.025646351307420812
250,tree,0.01,0.0,0.2,0.009775607315801765,validation,False,19,0.05263157894736842,1,0.0,0.0,1.0,0.0087558667212186,0.0004608350905904526,0.012252576812996319,0.03761127945769289,0.025646351307420812,0.025185516216830357
250,tree,0.01,0.0,0.2,0.02320726778630458,validation,False,19,0.05263157894736842,1,0.0,0.0,1.0,0.0087558667212186,0.0004608350905904526,0.012252576812996319,0.03761127945769289,0.025646351307420812,0.025185516216830357
250,tree,0.01,0.0,0.3,0.0060862075647227926,validation,False,19,0.10526315789473684,2,1.0,0.10526315789473684,0.0,-0.023917044048378598,-0.0025175835840398524,0.012252576812996319,-0.2054738054259288,0.025646351307420812,0.028163934891460664
250,tree,0.01,0.0,0.3,0.00787679224642486,validation,False,19,0.10526315789473684,2,1.0,0.10526315789473684,0.0,-0.023917044048378598,-0.0025175835840398524,0.012252576812996319,-0.2054738054259288,0.025646351307420812,0.028163934891460664
250,tree,0.01,0.0,0.3,0.009775607315801765,validation,False,19,0.15789473684210525,3,0.6666666666666666,0.10526315789473684,0.3333333333333333,-0.013026073791846199,-0.0020567484934494,0.012252576812996319,-0.16786252596823592,0.025646351307420812,0.02770309980087021
250,tree,0.01,0.0,0.3,0.02320726778630458,validation,False,19,0.15789473684210525,3,0.6666666666666666,0.10526315789473684,0.3333333333333333,-0.013026073791846199,-0.0020567484934494,0.012252576812996319,-0.16786252596823592,0.025646351307420812,0.02770309980087021
250,tree,0.01,0.0,0.4,0.0060862075647227926,validation,False,19,0.10526315789473684,2,1.0,0.10526315789473684,0.0,-0.023917044048378598,-0.0025175835840398524,0.012252576812996319,-0.2054738054259288,0.025646351307420812,0.028163934891460664
250,tree,0.01,0.0,0.4,0.00787679224642486,validation,False,19,0.10526315789473684,2,1.0,0.10526315789473684,0.0,-0.023917044048378598,-0.0025175835840398524,0.012252576812996319,-0.2054738054259288,0.025646351307420812,0.028163934891460664
250,tree,0.01,0.0,0.4,0.009775607315801765,validation,False,19,0.21052631578947367,4,0.5,0.10526315789473684,0.5,-0.0080472532157934,-0.0016941585717459788,0.012252576812996319,-0.13826957362544207,0.025646351307420812,0.02734050987916679
250,tree,0.01,0.0,0.4,0.02320726778630458,validation,False,19,0.21052631578947367,4,0.5,0.10526315789473684,0.5,-0.0080472532157934,-0.0016941585717459788,0.012252576812996319,-0.13826957362544207,0.025646351307420812,0.02734050987916679
250,tree,0.01,0.0025,0.1,0.0060862075647227926,validation,False,19,0.0,0,1.0,0.0,0.0,0.0,-0.0,0.012252576812996319,-0.0,0.025646351307420812,0.025646351307420812
250,tree,0.01,0.0025,0.1,0.00787679224642486,validation,False,19,0.0,0,1.0,0.0,0.0,0.0,-0.0,0.012252576812996319,-0.0,0.025646351307420812,0.025646351307420812
250,tree,0.01,0.0025,0.1,0.009775607315801765,validation,False,19,0.0,0,1.0,0.0,0.0,0.0,-0.0,0.012252576812996319,-0.0,0.025646351307420812,0.025646351307420812
250,tree,0.01,0.0025,0.1,0.02320726778630458,validation,False,19,0.0,0,1.0,0.0,0.0,0.0,-0.0,0.012252576812996319,-0.0,0.025646351307420812,0.025646351307420812
250,tree,0.01,0.0025,0.2,0.0060862075647227926,validation,False,19,0.0,0,1.0,0.0,0.0,0.0,-0.0,0.012252576812996319,-0.0,0.025646351307420812,0.025646351307420812
250,tree,0.01,0.0025,0.2,0.00787679224642486,validation,False,19,0.0,0,1.0,0.0,0.0,0.0,-0.0,0.012252576812996319,-0.0,0.025646351307420812,0.025646351307420812
250,tree,0.01,0.0025,0.2,0.009775607315801765,validation,False,19,0.0,0,1.0,0.0,0.0,0.0,-0.0,0.012252576812996319,-0.0,0.025646351307420812,0.025646351307420812
250,tree,0.01,0.0025,0.2,0.02320726778630458,validation,False,19,0.0,0,1.0,0.0,0.0,0.0,-0.0,0.012252576812996319,-0.0,0.025646351307420812,0.025646351307420812
250,tree,0.01,0.0025,0.3,0.0060862075647227926,validation,False,19,0.10526315789473684,2,1.0,0.10526315789473684,0.0,-0.023917044048378598,-0.0025175835840398524,0.012252576812996319,-0.2054738054259288,0.025646351307420812,0.028163934891460664
250,tree,0.01,0.0025,0.3,0.00787679224642486,validation,False,19,0.10526315789473684,2,1.0,0.10526315789473684,0.0,-0.023917044048378598,-0.0025175835840398524,0.012252576812996319,-0.2054738054259288,0.025646351307420812,0.028163934891460664
250,tree,0.01,0.0025,0.3,0.009775607315801765,validation,False,19,0.10526315789473684,2,1.0,0.10526315789473684,0.0,-0.023917044048378598,-0.0025175835840398524,0.012252576812996319,-0.2054738054259288,0.025646351307420812,0.028163934891460664
250,tree,0.01,0.0025,0.3,0.02320726778630458,validation,False,19,0.10526315789473684,2,1.0,0.10526315789473684,0.0,-0.023917044048378598,-0.0025175835840398524,0.012252576812996319,-0.2054738054259288,0.025646351307420812,0.028163934891460664
250,tree,0.01,0.0025,0.4,0.0060862075647227926,validation,False,19,0.10526315789473684,2,1.0,0.10526315789473684,0.0,-0.023917044048378598,-0.0025175835840398524,0.012252576812996319,-0.2054738054259288,0.025646351307420812,0.028163934891460664
250,tree,0.01,0.0025,0.4,0.00787679224642486,validation,False,19,0.10526315789473684,2,1.0,0.10526315789473684,0.0,-0.023917044048378598,-0.0025175835840398524,0.012252576812996319,-0.2054738054259288,0.025646351307420812,0.028163934891460664
250,tree,0.01,0.0025,0.4,0.009775607315801765,validation,False,19,0.15789473684210525,3,0.6666666666666666,0.10526315789473684,0.3333333333333333,-0.0136482931947974,-0.0021549936623364314,0.012252576812996319,-0.17588085308313495,0.025646351307420812,0.027801344969757245
250,tree,0.01,0.0025,0.4,0.02320726778630458,validation,False,19,0.15789473684210525,3,0.6666666666666666,0.10526315789473684,0.3333333333333333,-0.0136482931947974,-0.0021549936623364314,0.012252576812996319,-0.17588085308313495,0.025646351307420812,0.027801344969757245
250,tree,0.01,0.005,0.1,0.0060862075647227926,validation,False,19,0.0,0,1.0,0.0,0.0,0.0,-0.0,0.012252576812996319,-0.0,0.025646351307420812,0.025646351307420812
250,tree,0.01,0.005,0.1,0.00787679224642486,validation,False,19,0.0,0,1.0,0.0,0.0,0.0,-0.0,0.012252576812996319,-0.0,0.025646351307420812,0.025646351307420812
250,tree,0.01,0.005,0.1,0.009775607315801765,validation,False,19,0.0,0,1.0,0.0,0.0,0.0,-0.0,0.012252576812996319,-0.0,0.025646351307420812,0.025646351307420812
250,tree,0.01,0.005,0.1,0.02320726778630458,validation,False,19,0.0,0,1.0,0.0,0.0,0.0,-0.0,0.012252576812996319,-0.0,0.025646351307420812,0.025646351307420812
250,tree,0.01,0.005,0.2,0.0060862075647227926,validation,False,19,0.0,0,1.0,0.0,0.0,0.0,-0.0,0.012252576812996319,-0.0,0.025646351307420812,0.025646351307420812
250,tree,0.01,0.005,0.2,0.00787679224642486,validation,False,19,0.0,0,1.0,0.0,0.0,0.0,-0.0,0.012252576812996319,-0.0,0.025646351307420812,0.025646351307420812
250,tree,0.01,0.005,0.2,0.009775607315801765,validation,False,19,0.0,0,1.0,0.0,0.0,0.0,-0.0,0.012252576812996319,-0.0,0.025646351307420812,0.025646351307420812
250,tree,0.01,0.005,0.2,0.02320726778630458,validation,False,19,0.0,0,1.0,0.0,0.0,0.0,-0.0,0.012252576812996319,-0.0,0.025646351307420812,0.025646351307420812
250,tree,0.01,0.005,0.3,0.0060862075647227926,validation,False,19,0.10526315789473684,2,1.0,0.10526315789473684,0.0,-0.023917044048378598,-0.0025175835840398524,0.012252576812996319,-0.2054738054259288,0.025646351307420812,0.028163934891460664
250,tree,0.01,0.005,0.3,0.00787679224642486,validation,False,19,0.10526315789473684,2,1.0,0.10526315789473684,0.0,-0.023917044048378598,-0.0025175835840398524,0.012252576812996319,-0.2054738054259288,0.025646351307420812,0.028163934891460664
250,tree,0.01,0.005,0.3,0.009775607315801765,validation,False,19,0.10526315789473684,2,1.0,0.10526315789473684,0.0,-0.023917044048378598,-0.0025175835840398524,0.012252576812996319,-0.2054738054259288,0.025646351307420812,0.028163934891460664
250,tree,0.01,0.005,0.3,0.02320726778630458,validation,False,19,0.10526315789473684,2,1.0,0.10526315789473684,0.0,-0.023917044048378598,-0.0025175835840398524,0.012252576812996319,-0.2054738054259288,0.025646351307420812,0.028163934891460664
250,tree,0.01,0.005,0.4,0.0060862075647227926,validation,False,19,0.10526315789473684,2,1.0,0.10526315789473684,0.0,-0.023917044048378598,-0.0025175835840398524,0.012252576812996319,-0.2054738054259288,0.025646351307420812,0.028163934891460664
250,tree,0.01,0.005,0.4,0.00787679224642486,validation,False,19,0.10526315789473684,2,1.0,0.10526315789473684,0.0,-0.023917044048378598,-0.0025175835840398524,0.012252576812996319,-0.2054738054259288,0.025646351307420812,0.028163934891460664
250,tree,0.01,0.005,0.4,0.009775607315801765,validation,False,19,0.15789473684210525,3,0.6666666666666666,0.10526315789473684,0.3333333333333333,-0.0136482931947974,-0.0021549936623364314,0.012252576812996319,-0.17588085308313495,0.025646351307420812,0.027801344969757245
250,tree,0.01,0.005,0.4,0.02320726778630458,validation,False,19,0.15789473684210525,3,0.6666666666666666,0.10526315789473684,0.3333333333333333,-0.0136482931947974,-0.0021549936623364314,0.012252576812996319,-0.17588085308313495,0.025646351307420812,0.027801344969757245
400,ridge,0.0,0.0,0.1,0.009655152179015317,validation,False,19,0.0,0,1.0,0.0,0.0,0.0,-0.0,0.010239026305488431,-0.0,0.025646349910850637,0.025646349910850637
400,ridge,0.0,0.0,0.1,0.018457081804616627,validation,False,19,0.0,0,1.0,0.0,0.0,0.0,-0.0,0.010239026305488431,-0.0,0.025646349910850637,0.025646349910850637
400,ridge,0.0,0.0,0.1,0.02384104326015496,validation,False,19,0.0,0,1.0,0.0,0.0,0.0,-0.0,0.010239026305488431,-0.0,0.025646349910850637,0.025646349910850637
400,ridge,0.0,0.0,0.1,0.04259491014546902,validation,False,19,0.0,0,1.0,0.0,0.0,0.0,-0.0,0.010239026305488431,-0.0,0.025646349910850637,0.025646349910850637
400,ridge,0.0,0.0,0.2,0.009655152179015317,validation,False,19,0.05263157894736842,1,1.0,0.05263157894736842,0.0,-0.0190025444581925,-0.001000133918852237,0.010239026305488431,-0.09767861601411597,0.025646349910850637,0.02664648382970287
400,ridge,0.0,0.0,0.2,0.018457081804616627,validation,False,19,0.10526315789473684,2,1.0,0.10526315789473684,0.0,-0.023708272547522252,-0.00249560763658129,0.010239026305488431,-0.24373485936290326,0.025646349910850637,0.028141957547431918
400,ridge,0.0,0.0,0.2,0.02384104326015496,validation,False,19,0.15789473684210525,3,0.6666666666666666,0.10526315789473684,0.3333333333333333,-0.013925225744763634,-0.0021987198544363633,0.010239026305488431,-0.2147391547629663,0.025646349910850637,0.027845069765286994
400,ridge,0.0,0.0,0.2,0.04259491014546902,validation,False,19,0.21052631578947367,4,0.5,0.10526315789473684,0.5,-0.009563101351282976,-0.0020132844950069423,0.010239026305488431,-0.19662851085046634,0.025646349910850637,0.027659634405857572
400,ridge,0.0,0.0,0.3,0.009655152179015317,validation,False,19,0.05263157894736842,1,1.0,0.05263157894736842,0.0,-0.0190025444581925,-0.001000133918852237,0.010239026305488431,-0.09767861601411597,0.025646349910850637,0.02664648382970287
400,ridge,0.0,0.0,0.3,0.018457081804616627,validation,False,19,0.10526315789473684,2,1.0,0.10526315789473684,0.0,-0.023708272547522252,-0.00249560763658129,0.010239026305488431,-0.24373485936290326,0.025646349910850637,0.028141957547431918
400,ridge,0.0,0.0,0.3,0.02384104326015496,validation,False,19,0.21052631578947367,4,0.5,0.10526315789473684,0.5,-0.001198955137705975,-0.0002524116079381,0.010239026305488431,-0.02465191517310583,0.025646349910850637,0.025898761518788734
400,ridge,0.0,0.0,0.3,0.04259491014546902,validation,False,19,0.2631578947368421,5,0.4,0.10526315789473684,0.6,-0.00025450974433297995,-6.697624850867893e-05,0.010239026305488431,-0.006541271260605865,0.025646349910850637,0.025713326159359312
400,ridge,0.0,0.0,0.4,0.009655152179015317,validation,False,19,0.05263157894736842,1,1.0,0.05263157894736842,0.0,-0.0190025444581925,-0.001000133918852237,0.010239026305488431,-0.09767861601411597,0.025646349910850637,0.02664648382970287
400,ridge,0.0,0.0,0.4,0.018457081804616627,validation,False,19,0.10526315789473684,2,1.0,0.10526315789473684,0.0,-0.023708272547522252,-0.00249560763658129,0.010239026305488431,-0.24373485936290326,0.025646349910850637,0.028141957547431918
400,ridge,0.0,0.0,0.4,0.02384104326015496,validation,False,19,0.21052631578947367,4,0.5,0.10526315789473684,0.5,-0.001198955137705975,-0.0002524116079381,0.010239026305488431,-0.02465191517310583,0.025646349910850637,0.025898761518788734
400,ridge,0.0,0.0,0.4,0.04259491014546902,validation,False,19,0.3157894736842105,6,0.5,0.15789473684210525,0.5,-0.0033752085525140495,-0.0010658553323728576,0.010239026305488431,-0.104097333142071,0.025646349910850637,0.026712205243223493
400,ridge,0.0,0.0025,0.1,0.009655152179015317,validation,False,19,0.0,0,1.0,0.0,0.0,0.0,-0.0,0.010239026305488431,-0.0,0.025646349910850637,0.025646349910850637
400,ridge,0.0,0.0025,0.1,0.018457081804616627,validation,False,19,0.0,0,1.0,0.0,0.0,0.0,-0.0,0.010239026305488431,-0.0,0.025646349910850637,0.025646349910850637
400,ridge,0.0,0.0025,0.1,0.02384104326015496,validation,False,19,0.0,0,1.0,0.0,0.0,0.0,-0.0,0.010239026305488431,-0.0,0.025646349910850637,0.025646349910850637
400,ridge,0.0,0.0025,0.1,0.04259491014546902,validation,False,19,0.0,0,1.0,0.0,0.0,0.0,-0.0,0.010239026305488431,-0.0,0.025646349910850637,0.025646349910850637
400,ridge,0.0,0.0025,0.2,0.009655152179015317,validation,False,19,0.05263157894736842,1,1.0,0.05263157894736842,0.0,-0.0190025444581925,-0.001000133918852237,0.010239026305488431,-0.09767861601411597,0.025646349910850637,0.02664648382970287
400,ridge,0.0,0.0025,0.2,0.018457081804616627,validation,False,19,0.10526315789473684,2,1.0,0.10526315789473684,0.0,-0.023708272547522252,-0.00249560763658129,0.010239026305488431,-0.24373485936290326,0.025646349910850637,0.028141957547431918
400,ridge,0.0,0.0025,0.2,0.02384104326015496,validation,False,19,0.15789473684210525,3,0.6666666666666666,0.10526315789473684,0.3333333333333333,-0.013925225744763634,-0.0021987198544363633,0.010239026305488431,-0.2147391547629663,0.025646349910850637,0.027845069765286994
400,ridge,0.0,0.0025,0.2,0.04259491014546902,validation,False,19,0.21052631578947367,4,0.5,0.10526315789473684,0.5,-0.009563101351282976,-0.0020132844950069423,0.010239026305488431,-0.19662851085046634,0.025646349910850637,0.027659634405857572
400,ridge,0.0,0.0025,0.3,0.009655152179015317,validation,False,19,0.05263157894736842,1,1.0,0.05263157894736842,0.0,-0.0190025444581925,-0.001000133918852237,0.010239026305488431,-0.09767861601411597,0.025646349910850637,0.02664648382970287
400,ridge,0.0,0.0025,0.3,0.018457081804616627,validation,False,19,0.10526315789473684,2,1.0,0.10526315789473684,0.0,-0.023708272547522252,-0.00249560763658129,0.010239026305488431,-0.24373485936290326,0.025646349910850637,0.028141957547431918
400,ridge,0.0,0.0025,0.3,0.02384104326015496,validation,False,19,0.21052631578947367,4,0.5,0.10526315789473684,0.5,-0.001198955137705975,-0.0002524116079381,0.010239026305488431,-0.02465191517310583,0.025646349910850637,0.025898761518788734
400,ridge,0.0,0.0025,0.3,0.04259491014546902,validation,False,19,0.2631578947368421,5,0.4,0.10526315789473684,0.6,-0.00025450974433297995,-6.697624850867893e-05,0.010239026305488431,-0.006541271260605865,0.025646349910850637,0.025713326159359312
400,ridge,0.0,0.0025,0.4,0.009655152179015317,validation,False,19,0.05263157894736842,1,1.0,0.05263157894736842,0.0,-0.0190025444581925,-0.001000133918852237,0.010239026305488431,-0.09767861601411597,0.025646349910850637,0.02664648382970287
400,ridge,0.0,0.0025,0.4,0.018457081804616627,validation,False,19,0.10526315789473684,2,1.0,0.10526315789473684,0.0,-0.023708272547522252,-0.00249560763658129,0.010239026305488431,-0.24373485936290326,0.025646349910850637,0.028141957547431918
400,ridge,0.0,0.0025,0.4,0.02384104326015496,validation,False,19,0.21052631578947367,4,0.5,0.10526315789473684,0.5,-0.001198955137705975,-0.0002524116079381,0.010239026305488431,-0.02465191517310583,0.025646349910850637,0.025898761518788734
400,ridge,0.0,0.0025,0.4,0.04259491014546902,validation,False,19,0.3157894736842105,6,0.5,0.15789473684210525,0.5,-0.0033752085525140495,-0.0010658553323728576,0.010239026305488431,-0.104097333142071,0.025646349910850637,0.026712205243223493
400,ridge,0.0,0.005,0.1,0.009655152179015317,validation,False,19,0.0,0,1.0,0.0,0.0,0.0,-0.0,0.010239026305488431,-0.0,0.025646349910850637,0.025646349910850637
400,ridge,0.0,0.005,0.1,0.018457081804616627,validation,False,19,0.0,0,1.0,0.0,0.0,0.0,-0.0,0.010239026305488431,-0.0,0.025646349910850637,0.025646349910850637
400,ridge,0.0,0.005,0.1,0.02384104326015496,validation,False,19,0.0,0,1.0,0.0,0.0,0.0,-0.0,0.010239026305488431,-0.0,0.025646349910850637,0.025646349910850637
400,ridge,0.0,0.005,0.1,0.04259491014546902,validation,False,19,0.0,0,1.0,0.0,0.0,0.0,-0.0,0.010239026305488431,-0.0,0.025646349910850637,0.025646349910850637
400,ridge,0.0,0.005,0.2,0.009655152179015317,validation,False,19,0.05263157894736842,1,1.0,0.05263157894736842,0.0,-0.0190025444581925,-0.001000133918852237,0.010239026305488431,-0.09767861601411597,0.025646349910850637,0.02664648382970287
400,ridge,0.0,0.005,0.2,0.018457081804616627,validation,False,19,0.10526315789473684,2,1.0,0.10526315789473684,0.0,-0.023708272547522252,-0.00249560763658129,0.010239026305488431,-0.24373485936290326,0.025646349910850637,0.028141957547431918
400,ridge,0.0,0.005,0.2,0.02384104326015496,validation,False,19,0.15789473684210525,3,0.6666666666666666,0.10526315789473684,0.3333333333333333,-0.013925225744763634,-0.0021987198544363633,0.010239026305488431,-0.2147391547629663,0.025646349910850637,0.027845069765286994
400,ridge,0.0,0.005,0.2,0.04259491014546902,validation,False,19,0.21052631578947367,4,0.5,0.10526315789473684,0.5,-0.009563101351282976,-0.0020132844950069423,0.010239026305488431,-0.19662851085046634,0.025646349910850637,0.027659634405857572
400,ridge,0.0,0.005,0.3,0.009655152179015317,validation,False,19,0.05263157894736842,1,1.0,0.05263157894736842,0.0,-0.0190025444581925,-0.001000133918852237,0.010239026305488431,-0.09767861601411597,0.025646349910850637,0.02664648382970287
400,ridge,0.0,0.005,0.3,0.018457081804616627,validation,False,19,0.10526315789473684,2,1.0,0.10526315789473684,0.0,-0.023708272547522252,-0.00249560763658129,0.010239026305488431,-0.24373485936290326,0.025646349910850637,0.028141957547431918
400,ridge,0.0,0.005,0.3,0.02384104326015496,validation,False,19,0.21052631578947367,4,0.5,0.10526315789473684,0.5,-0.001198955137705975,-0.0002524116079381,0.010239026305488431,-0.02465191517310583,0.025646349910850637,0.025898761518788734
400,ridge,0.0,0.005,0.3,0.04259491014546902,validation,False,19,0.2631578947368421,5,0.4,0.10526315789473684,0.6,-0.00025450974433297995,-6.697624850867893e-05,0.010239026305488431,-0.006541271260605865,0.025646349910850637,0.025713326159359312
400,ridge,0.0,0.005,0.4,0.009655152179015317,validation,False,19,0.05263157894736842,1,1.0,0.05263157894736842,0.0,-0.0190025444581925,-0.001000133918852237,0.010239026305488431,-0.09767861601411597,0.025646349910850637,0.02664648382970287
400,ridge,0.0,0.005,0.4,0.018457081804616627,validation,False,19,0.10526315789473684,2,1.0,0.10526315789473684,0.0,-0.023708272547522252,-0.00249560763658129,0.010239026305488431,-0.24373485936290326,0.025646349910850637,0.028141957547431918
400,ridge,0.0,0.005,0.4,0.02384104326015496,validation,False,19,0.21052631578947367,4,0.5,0.10526315789473684,0.5,-0.001198955137705975,-0.0002524116079381,0.010239026305488431,-0.02465191517310583,0.025646349910850637,0.025898761518788734
400,ridge,0.0,0.005,0.4,0.04259491014546902,validation,False,19,0.3157894736842105,6,0.5,0.15789473684210525,0.5,-0.0033752085525140495,-0.0010658553323728576,0.010239026305488431,-0.104097333142071,0.025646349910850637,0.026712205243223493
400,ridge,0.0025,0.0,0.1,0.009655152179015317,validation,False,19,0.0,0,1.0,0.0,0.0,0.0,-0.0,0.010239026305488431,-0.0,0.025646349910850637,0.025646349910850637
400,ridge,0.0025,0.0,0.1,0.018457081804616627,validation,False,19,0.0,0,1.0,0.0,0.0,0.0,-0.0,0.010239026305488431,-0.0,0.025646349910850637,0.025646349910850637
400,ridge,0.0025,0.0,0.1,0.02384104326015496,validation,False,19,0.0,0,1.0,0.0,0.0,0.0,-0.0,0.010239026305488431,-0.0,0.025646349910850637,0.025646349910850637
400,ridge,0.0025,0.0,0.1,0.04259491014546902,validation,False,19,0.0,0,1.0,0.0,0.0,0.0,-0.0,0.010239026305488431,-0.0,0.025646349910850637,0.025646349910850637
400,ridge,0.0025,0.0,0.2,0.009655152179015317,validation,False,19,0.05263157894736842,1,1.0,0.05263157894736842,0.0,-0.0190025444581925,-0.001000133918852237,0.010239026305488431,-0.09767861601411597,0.025646349910850637,0.02664648382970287
400,ridge,0.0025,0.0,0.2,0.018457081804616627,validation,False,19,0.10526315789473684,2,1.0,0.10526315789473684,0.0,-0.023708272547522252,-0.00249560763658129,0.010239026305488431,-0.24373485936290326,0.025646349910850637,0.028141957547431918
400,ridge,0.0025,0.0,0.2,0.02384104326015496,validation,False,19,0.15789473684210525,3,0.6666666666666666,0.10526315789473684,0.3333333333333333,-0.013925225744763634,-0.0021987198544363633,0.010239026305488431,-0.2147391547629663,0.025646349910850637,0.027845069765286994
400,ridge,0.0025,0.0,0.2,0.04259491014546902,validation,False,19,0.21052631578947367,4,0.5,0.10526315789473684,0.5,-0.009563101351282976,-0.0020132844950069423,0.010239026305488431,-0.19662851085046634,0.025646349910850637,0.027659634405857572
400,ridge,0.0025,0.0,0.3,0.009655152179015317,validation,False,19,0.05263157894736842,1,1.0,0.05263157894736842,0.0,-0.0190025444581925,-0.001000133918852237,0.010239026305488431,-0.09767861601411597,0.025646349910850637,0.02664648382970287
400,ridge,0.0025,0.0,0.3,0.018457081804616627,validation,False,19,0.10526315789473684,2,1.0,0.10526315789473684,0.0,-0.023708272547522252,-0.00249560763658129,0.010239026305488431,-0.24373485936290326,0.025646349910850637,0.028141957547431918
400,ridge,0.0025,0.0,0.3,0.02384104326015496,validation,False,19,0.21052631578947367,4,0.5,0.10526315789473684,0.5,-0.001198955137705975,-0.0002524116079381,0.010239026305488431,-0.02465191517310583,0.025646349910850637,0.025898761518788734
400,ridge,0.0025,0.0,0.3,0.04259491014546902,validation,False,19,0.2631578947368421,5,0.4,0.10526315789473684,0.6,-0.00025450974433297995,-6.697624850867893e-05,0.010239026305488431,-0.006541271260605865,0.025646349910850637,0.025713326159359312
400,ridge,0.0025,0.0,0.4,0.009655152179015317,validation,False,19,0.05263157894736842,1,1.0,0.05263157894736842,0.0,-0.0190025444581925,-0.001000133918852237,0.010239026305488431,-0.09767861601411597,0.025646349910850637,0.02664648382970287
400,ridge,0.0025,0.0,0.4,0.018457081804616627,validation,False,19,0.10526315789473684,2,1.0,0.10526315789473684,0.0,-0.023708272547522252,-0.00249560763658129,0.010239026305488431,-0.24373485936290326,0.025646349910850637,0.028141957547431918
400,ridge,0.0025,0.0,0.4,0.02384104326015496,validation,False,19,0.21052631578947367,4,0.5,0.10526315789473684,0.5,-0.001198955137705975,-0.0002524116079381,0.010239026305488431,-0.02465191517310583,0.025646349910850637,0.025898761518788734
400,ridge,0.0025,0.0,0.4,0.04259491014546902,validation,False,19,0.3157894736842105,6,0.5,0.15789473684210525,0.5,-0.0033752085525140495,-0.0010658553323728576,0.010239026305488431,-0.104097333142071,0.025646349910850637,0.026712205243223493
400,ridge,0.0025,0.0025,0.1,0.009655152179015317,validation,False,19,0.0,0,1.0,0.0,0.0,0.0,-0.0,0.010239026305488431,-0.0,0.025646349910850637,0.025646349910850637
400,ridge,0.0025,0.0025,0.1,0.018457081804616627,validation,False,19,0.0,0,1.0,0.0,0.0,0.0,-0.0,0.010239026305488431,-0.0,0.025646349910850637,0.025646349910850637
400,ridge,0.0025,0.0025,0.1,0.02384104326015496,validation,False,19,0.0,0,1.0,0.0,0.0,0.0,-0.0,0.010239026305488431,-0.0,0.025646349910850637,0.025646349910850637
400,ridge,0.0025,0.0025,0.1,0.04259491014546902,validation,False,19,0.0,0,1.0,0.0,0.0,0.0,-0.0,0.010239026305488431,-0.0,0.025646349910850637,0.025646349910850637
400,ridge,0.0025,0.0025,0.2,0.009655152179015317,validation,False,19,0.05263157894736842,1,1.0,0.05263157894736842,0.0,-0.0190025444581925,-0.001000133918852237,0.010239026305488431,-0.09767861601411597,0.025646349910850637,0.02664648382970287
400,ridge,0.0025,0.0025,0.2,0.018457081804616627,validation,False,19,0.10526315789473684,2,1.0,0.10526315789473684,0.0,-0.023708272547522252,-0.00249560763658129,0.010239026305488431,-0.24373485936290326,0.025646349910850637,0.028141957547431918
400,ridge,0.0025,0.0025,0.2,0.02384104326015496,validation,False,19,0.15789473684210525,3,0.6666666666666666,0.10526315789473684,0.3333333333333333,-0.013925225744763634,-0.0021987198544363633,0.010239026305488431,-0.2147391547629663,0.025646349910850637,0.027845069765286994
400,ridge,0.0025,0.0025,0.2,0.04259491014546902,validation,False,19,0.21052631578947367,4,0.5,0.10526315789473684,0.5,-0.009563101351282976,-0.0020132844950069423,0.010239026305488431,-0.19662851085046634,0.025646349910850637,0.027659634405857572
400,ridge,0.0025,0.0025,0.3,0.009655152179015317,validation,False,19,0.05263157894736842,1,1.0,0.05263157894736842,0.0,-0.0190025444581925,-0.001000133918852237,0.010239026305488431,-0.09767861601411597,0.025646349910850637,0.02664648382970287
400,ridge,0.0025,0.0025,0.3,0.018457081804616627,validation,False,19,0.10526315789473684,2,1.0,0.10526315789473684,0.0,-0.023708272547522252,-0.00249560763658129,0.010239026305488431,-0.24373485936290326,0.025646349910850637,0.028141957547431918
400,ridge,0.0025,0.0025,0.3,0.02384104326015496,validation,False,19,0.21052631578947367,4,0.5,0.10526315789473684,0.5,-0.001198955137705975,-0.0002524116079381,0.010239026305488431,-0.02465191517310583,0.025646349910850637,0.025898761518788734
400,ridge,0.0025,0.0025,0.3,0.04259491014546902,validation,False,19,0.2631578947368421,5,0.4,0.10526315789473684,0.6,-0.00025450974433297995,-6.697624850867893e-05,0.010239026305488431,-0.006541271260605865,0.025646349910850637,0.025713326159359312
400,ridge,0.0025,0.0025,0.4,0.009655152179015317,validation,False,19,0.05263157894736842,1,1.0,0.05263157894736842,0.0,-0.0190025444581925,-0.001000133918852237,0.010239026305488431,-0.09767861601411597,0.025646349910850637,0.02664648382970287
400,ridge,0.0025,0.0025,0.4,0.018457081804616627,validation,False,19,0.10526315789473684,2,1.0,0.10526315789473684,0.0,-0.023708272547522252,-0.00249560763658129,0.010239026305488431,-0.24373485936290326,0.025646349910850637,0.028141957547431918
400,ridge,0.0025,0.0025,0.4,0.02384104326015496,validation,False,19,0.21052631578947367,4,0.5,0.10526315789473684,0.5,-0.001198955137705975,-0.0002524116079381,0.010239026305488431,-0.02465191517310583,0.025646349910850637,0.025898761518788734
400,ridge,0.0025,0.0025,0.4,0.04259491014546902,validation,False,19,0.3157894736842105,6,0.5,0.15789473684210525,0.5,-0.0033752085525140495,-0.0010658553323728576,0.010239026305488431,-0.104097333142071,0.025646349910850637,0.026712205243223493
400,ridge,0.0025,0.005,0.1,0.009655152179015317,validation,False,19,0.0,0,1.0,0.0,0.0,0.0,-0.0,0.010239026305488431,-0.0,0.025646349910850637,0.025646349910850637
400,ridge,0.0025,0.005,0.1,0.018457081804616627,validation,False,19,0.0,0,1.0,0.0,0.0,0.0,-0.0,0.010239026305488431,-0.0,0.025646349910850637,0.025646349910850637
400,ridge,0.0025,0.005,0.1,0.02384104326015496,validation,False,19,0.0,0,1.0,0.0,0.0,0.0,-0.0,0.010239026305488431,-0.0,0.025646349910850637,0.025646349910850637
400,ridge,0.0025,0.005,0.1,0.04259491014546902,validation,False,19,0.0,0,1.0,0.0,0.0,0.0,-0.0,0.010239026305488431,-0.0,0.025646349910850637,0.025646349910850637
400,ridge,0.0025,0.005,0.2,0.009655152179015317,validation,False,19,0.05263157894736842,1,1.0,0.05263157894736842,0.0,-0.0190025444581925,-0.001000133918852237,0.010239026305488431,-0.09767861601411597,0.025646349910850637,0.02664648382970287
400,ridge,0.0025,0.005,0.2,0.018457081804616627,validation,False,19,0.10526315789473684,2,1.0,0.10526315789473684,0.0,-0.023708272547522252,-0.00249560763658129,0.010239026305488431,-0.24373485936290326,0.025646349910850637,0.028141957547431918
400,ridge,0.0025,0.005,0.2,0.02384104326015496,validation,False,19,0.15789473684210525,3,0.6666666666666666,0.10526315789473684,0.3333333333333333,-0.013925225744763634,-0.0021987198544363633,0.010239026305488431,-0.2147391547629663,0.025646349910850637,0.027845069765286994
400,ridge,0.0025,0.005,0.2,0.04259491014546902,validation,False,19,0.21052631578947367,4,0.5,0.10526315789473684,0.5,-0.009563101351282976,-0.0020132844950069423,0.010239026305488431,-0.19662851085046634,0.025646349910850637,0.027659634405857572
400,ridge,0.0025,0.005,0.3,0.009655152179015317,validation,False,19,0.05263157894736842,1,1.0,0.05263157894736842,0.0,-0.0190025444581925,-0.001000133918852237,0.010239026305488431,-0.09767861601411597,0.025646349910850637,0.02664648382970287
400,ridge,0.0025,0.005,0.3,0.018457081804616627,validation,False,19,0.10526315789473684,2,1.0,0.10526315789473684,0.0,-0.023708272547522252,-0.00249560763658129,0.010239026305488431,-0.24373485936290326,0.025646349910850637,0.028141957547431918
400,ridge,0.0025,0.005,0.3,0.02384104326015496,validation,False,19,0.21052631578947367,4,0.5,0.10526315789473684,0.5,-0.001198955137705975,-0.0002524116079381,0.010239026305488431,-0.02465191517310583,0.025646349910850637,0.025898761518788734
400,ridge,0.0025,0.005,0.3,0.04259491014546902,validation,False,19,0.2631578947368421,5,0.4,0.10526315789473684,0.6,-0.00025450974433297995,-6.697624850867893e-05,0.010239026305488431,-0.006541271260605865,0.025646349910850637,0.025713326159359312
400,ridge,0.0025,0.005,0.4,0.009655152179015317,validation,False,19,0.05263157894736842,1,1.0,0.05263157894736842,0.0,-0.0190025444581925,-0.001000133918852237,0.010239026305488431,-0.09767861601411597,0.025646349910850637,0.02664648382970287
400,ridge,0.0025,0.005,0.4,0.018457081804616627,validation,False,19,0.10526315789473684,2,1.0,0.10526315789473684,0.0,-0.023708272547522252,-0.00249560763658129,0.010239026305488431,-0.24373485936290326,0.025646349910850637,0.028141957547431918
400,ridge,0.0025,0.005,0.4,0.02384104326015496,validation,False,19,0.21052631578947367,4,0.5,0.10526315789473684,0.5,-0.001198955137705975,-0.0002524116079381,0.010239026305488431,-0.02465191517310583,0.025646349910850637,0.025898761518788734
400,ridge,0.0025,0.005,0.4,0.04259491014546902,validation,False,19,0.3157894736842105,6,0.5,0.15789473684210525,0.5,-0.0033752085525140495,-0.0010658553323728576,0.010239026305488431,-0.104097333142071,0.025646349910850637,0.026712205243223493
400,ridge,0.005,0.0,0.1,0.009655152179015317,validation,False,19,0.0,0,1.0,0.0,0.0,0.0,-0.0,0.010239026305488431,-0.0,0.025646349910850637,0.025646349910850637
400,ridge,0.005,0.0,0.1,0.018457081804616627,validation,False,19,0.0,0,1.0,0.0,0.0,0.0,-0.0,0.010239026305488431,-0.0,0.025646349910850637,0.025646349910850637
400,ridge,0.005,0.0,0.1,0.02384104326015496,validation,False,19,0.0,0,1.0,0.0,0.0,0.0,-0.0,0.010239026305488431,-0.0,0.025646349910850637,0.025646349910850637
400,ridge,0.005,0.0,0.1,0.04259491014546902,validation,False,19,0.0,0,1.0,0.0,0.0,0.0,-0.0,0.010239026305488431,-0.0,0.025646349910850637,0.025646349910850637
400,ridge,0.005,0.0,0.2,0.009655152179015317,validation,False,19,0.05263157894736842,1,1.0,0.05263157894736842,0.0,-0.0190025444581925,-0.001000133918852237,0.010239026305488431,-0.09767861601411597,0.025646349910850637,0.02664648382970287
400,ridge,0.005,0.0,0.2,0.018457081804616627,validation,False,19,0.10526315789473684,2,1.0,0.10526315789473684,0.0,-0.023708272547522252,-0.00249560763658129,0.010239026305488431,-0.24373485936290326,0.025646349910850637,0.028141957547431918
400,ridge,0.005,0.0,0.2,0.02384104326015496,validation,False,19,0.15789473684210525,3,0.6666666666666666,0.10526315789473684,0.3333333333333333,-0.013925225744763634,-0.0021987198544363633,0.010239026305488431,-0.2147391547629663,0.025646349910850637,0.027845069765286994
400,ridge,0.005,0.0,0.2,0.04259491014546902,validation,False,19,0.21052631578947367,4,0.5,0.10526315789473684,0.5,-0.009563101351282976,-0.0020132844950069423,0.010239026305488431,-0.19662851085046634,0.025646349910850637,0.027659634405857572
400,ridge,0.005,0.0,0.3,0.009655152179015317,validation,False,19,0.05263157894736842,1,1.0,0.05263157894736842,0.0,-0.0190025444581925,-0.001000133918852237,0.010239026305488431,-0.09767861601411597,0.025646349910850637,0.02664648382970287
400,ridge,0.005,0.0,0.3,0.018457081804616627,validation,False,19,0.10526315789473684,2,1.0,0.10526315789473684,0.0,-0.023708272547522252,-0.00249560763658129,0.010239026305488431,-0.24373485936290326,0.025646349910850637,0.028141957547431918
400,ridge,0.005,0.0,0.3,0.02384104326015496,validation,False,19,0.21052631578947367,4,0.5,0.10526315789473684,0.5,-0.001198955137705975,-0.0002524116079381,0.010239026305488431,-0.02465191517310583,0.025646349910850637,0.025898761518788734
400,ridge,0.005,0.0,0.3,0.04259491014546902,validation,False,19,0.2631578947368421,5,0.4,0.10526315789473684,0.6,-0.00025450974433297995,-6.697624850867893e-05,0.010239026305488431,-0.006541271260605865,0.025646349910850637,0.025713326159359312
400,ridge,0.005,0.0,0.4,0.009655152179015317,validation,False,19,0.05263157894736842,1,1.0,0.05263157894736842,0.0,-0.0190025444581925,-0.001000133918852237,0.010239026305488431,-0.09767861601411597,0.025646349910850637,0.02664648382970287
400,ridge,0.005,0.0,0.4,0.018457081804616627,validation,False,19,0.10526315789473684,2,1.0,0.10526315789473684,0.0,-0.023708272547522252,-0.00249560763658129,0.010239026305488431,-0.24373485936290326,0.025646349910850637,0.028141957547431918
400,ridge,0.005,0.0,0.4,0.02384104326015496,validation,False,19,0.21052631578947367,4,0.5,0.10526315789473684,0.5,-0.001198955137705975,-0.0002524116079381,0.010239026305488431,-0.02465191517310583,0.025646349910850637,0.025898761518788734
400,ridge,0.005,0.0,0.4,0.04259491014546902,validation,False,19,0.3157894736842105,6,0.5,0.15789473684210525,0.5,-0.0033752085525140495,-0.0010658553323728576,0.010239026305488431,-0.104097333142071,0.025646349910850637,0.026712205243223493
400,ridge,0.005,0.0025,0.1,0.009655152179015317,validation,False,19,0.0,0,1.0,0.0,0.0,0.0,-0.0,0.010239026305488431,-0.0,0.025646349910850637,0.025646349910850637
400,ridge,0.005,0.0025,0.1,0.018457081804616627,validation,False,19,0.0,0,1.0,0.0,0.0,0.0,-0.0,0.010239026305488431,-0.0,0.025646349910850637,0.025646349910850637
400,ridge,0.005,0.0025,0.1,0.02384104326015496,validation,False,19,0.0,0,1.0,0.0,0.0,0.0,-0.0,0.010239026305488431,-0.0,0.025646349910850637,0.025646349910850637
400,ridge,0.005,0.0025,0.1,0.04259491014546902,validation,False,19,0.0,0,1.0,0.0,0.0,0.0,-0.0,0.010239026305488431,-0.0,0.025646349910850637,0.025646349910850637
400,ridge,0.005,0.0025,0.2,0.009655152179015317,validation,False,19,0.05263157894736842,1,1.0,0.05263157894736842,0.0,-0.0190025444581925,-0.001000133918852237,0.010239026305488431,-0.09767861601411597,0.025646349910850637,0.02664648382970287
400,ridge,0.005,0.0025,0.2,0.018457081804616627,validation,False,19,0.10526315789473684,2,1.0,0.10526315789473684,0.0,-0.023708272547522252,-0.00249560763658129,0.010239026305488431,-0.24373485936290326,0.025646349910850637,0.028141957547431918
400,ridge,0.005,0.0025,0.2,0.02384104326015496,validation,False,19,0.15789473684210525,3,0.6666666666666666,0.10526315789473684,0.3333333333333333,-0.013925225744763634,-0.0021987198544363633,0.010239026305488431,-0.2147391547629663,0.025646349910850637,0.027845069765286994
400,ridge,0.005,0.0025,0.2,0.04259491014546902,validation,False,19,0.21052631578947367,4,0.5,0.10526315789473684,0.5,-0.009563101351282976,-0.0020132844950069423,0.010239026305488431,-0.19662851085046634,0.025646349910850637,0.027659634405857572
400,ridge,0.005,0.0025,0.3,0.009655152179015317,validation,False,19,0.05263157894736842,1,1.0,0.05263157894736842,0.0,-0.0190025444581925,-0.001000133918852237,0.010239026305488431,-0.09767861601411597,0.025646349910850637,0.02664648382970287
400,ridge,0.005,0.0025,0.3,0.018457081804616627,validation,False,19,0.10526315789473684,2,1.0,0.10526315789473684,0.0,-0.023708272547522252,-0.00249560763658129,0.010239026305488431,-0.24373485936290326,0.025646349910850637,0.028141957547431918
400,ridge,0.005,0.0025,0.3,0.02384104326015496,validation,False,19,0.21052631578947367,4,0.5,0.10526315789473684,0.5,-0.001198955137705975,-0.0002524116079381,0.010239026305488431,-0.02465191517310583,0.025646349910850637,0.025898761518788734
400,ridge,0.005,0.0025,0.3,0.04259491014546902,validation,False,19,0.2631578947368421,5,0.4,0.10526315789473684,0.6,-0.00025450974433297995,-6.697624850867893e-05,0.010239026305488431,-0.006541271260605865,0.025646349910850637,0.025713326159359312
400,ridge,0.005,0.0025,0.4,0.009655152179015317,validation,False,19,0.05263157894736842,1,1.0,0.05263157894736842,0.0,-0.0190025444581925,-0.001000133918852237,0.010239026305488431,-0.09767861601411597,0.025646349910850637,0.02664648382970287
400,ridge,0.005,0.0025,0.4,0.018457081804616627,validation,False,19,0.10526315789473684,2,1.0,0.10526315789473684,0.0,-0.023708272547522252,-0.00249560763658129,0.010239026305488431,-0.24373485936290326,0.025646349910850637,0.028141957547431918
400,ridge,0.005,0.0025,0.4,0.02384104326015496,validation,False,19,0.21052631578947367,4,0.5,0.10526315789473684,0.5,-0.001198955137705975,-0.0002524116079381,0.010239026305488431,-0.02465191517310583,0.025646349910850637,0.025898761518788734
400,ridge,0.005,0.0025,0.4,0.04259491014546902,validation,False,19,0.3157894736842105,6,0.5,0.15789473684210525,0.5,-0.0033752085525140495,-0.0010658553323728576,0.010239026305488431,-0.104097333142071,0.025646349910850637,0.026712205243223493
400,ridge,0.005,0.005,0.1,0.009655152179015317,validation,False,19,0.0,0,1.0,0.0,0.0,0.0,-0.0,0.010239026305488431,-0.0,0.025646349910850637,0.025646349910850637
400,ridge,0.005,0.005,0.1,0.018457081804616627,validation,False,19,0.0,0,1.0,0.0,0.0,0.0,-0.0,0.010239026305488431,-0.0,0.025646349910850637,0.025646349910850637
400,ridge,0.005,0.005,0.1,0.02384104326015496,validation,False,19,0.0,0,1.0,0.0,0.0,0.0,-0.0,0.010239026305488431,-0.0,0.025646349910850637,0.025646349910850637
400,ridge,0.005,0.005,0.1,0.04259491014546902,validation,False,19,0.0,0,1.0,0.0,0.0,0.0,-0.0,0.010239026305488431,-0.0,0.025646349910850637,0.025646349910850637
400,ridge,0.005,0.005,0.2,0.009655152179015317,validation,False,19,0.05263157894736842,1,1.0,0.05263157894736842,0.0,-0.0190025444581925,-0.001000133918852237,0.010239026305488431,-0.09767861601411597,0.025646349910850637,0.02664648382970287
400,ridge,0.005,0.005,0.2,0.018457081804616627,validation,False,19,0.10526315789473684,2,1.0,0.10526315789473684,0.0,-0.023708272547522252,-0.00249560763658129,0.010239026305488431,-0.24373485936290326,0.025646349910850637,0.028141957547431918
400,ridge,0.005,0.005,0.2,0.02384104326015496,validation,False,19,0.15789473684210525,3,0.6666666666666666,0.10526315789473684,0.3333333333333333,-0.013925225744763634,-0.0021987198544363633,0.010239026305488431,-0.2147391547629663,0.025646349910850637,0.027845069765286994
400,ridge,0.005,0.005,0.2,0.04259491014546902,validation,False,19,0.21052631578947367,4,0.5,0.10526315789473684,0.5,-0.009563101351282976,-0.0020132844950069423,0.010239026305488431,-0.19662851085046634,0.025646349910850637,0.027659634405857572
400,ridge,0.005,0.005,0.3,0.009655152179015317,validation,False,19,0.05263157894736842,1,1.0,0.05263157894736842,0.0,-0.0190025444581925,-0.001000133918852237,0.010239026305488431,-0.09767861601411597,0.025646349910850637,0.02664648382970287
400,ridge,0.005,0.005,0.3,0.018457081804616627,validation,False,19,0.10526315789473684,2,1.0,0.10526315789473684,0.0,-0.023708272547522252,-0.00249560763658129,0.010239026305488431,-0.24373485936290326,0.025646349910850637,0.028141957547431918
400,ridge,0.005,0.005,0.3,0.02384104326015496,validation,False,19,0.21052631578947367,4,0.5,0.10526315789473684,0.5,-0.001198955137705975,-0.0002524116079381,0.010239026305488431,-0.02465191517310583,0.025646349910850637,0.025898761518788734
400,ridge,0.005,0.005,0.3,0.04259491014546902,validation,False,19,0.2631578947368421,5,0.4,0.10526315789473684,0.6,-0.00025450974433297995,-6.697624850867893e-05,0.010239026305488431,-0.006541271260605865,0.025646349910850637,0.025713326159359312
400,ridge,0.005,0.005,0.4,0.009655152179015317,validation,False,19,0.05263157894736842,1,1.0,0.05263157894736842,0.0,-0.0190025444581925,-0.001000133918852237,0.010239026305488431,-0.09767861601411597,0.025646349910850637,0.02664648382970287
400,ridge,0.005,0.005,0.4,0.018457081804616627,validation,False,19,0.10526315789473684,2,1.0,0.10526315789473684,0.0,-0.023708272547522252,-0.00249560763658129,0.010239026305488431,-0.24373485936290326,0.025646349910850637,0.028141957547431918
400,ridge,0.005,0.005,0.4,0.02384104326015496,validation,False,19,0.21052631578947367,4,0.5,0.10526315789473684,0.5,-0.001198955137705975,-0.0002524116079381,0.010239026305488431,-0.02465191517310583,0.025646349910850637,0.025898761518788734
400,ridge,0.005,0.005,0.4,0.04259491014546902,validation,False,19,0.3157894736842105,6,0.5,0.15789473684210525,0.5,-0.0033752085525140495,-0.0010658553323728576,0.010239026305488431,-0.104097333142071,0.025646349910850637,0.026712205243223493
400,ridge,0.01,0.0,0.1,0.009655152179015317,validation,False,19,0.0,0,1.0,0.0,0.0,0.0,-0.0,0.010239026305488431,-0.0,0.025646349910850637,0.025646349910850637
400,ridge,0.01,0.0,0.1,0.018457081804616627,validation,False,19,0.0,0,1.0,0.0,0.0,0.0,-0.0,0.010239026305488431,-0.0,0.025646349910850637,0.025646349910850637
400,ridge,0.01,0.0,0.1,0.02384104326015496,validation,False,19,0.0,0,1.0,0.0,0.0,0.0,-0.0,0.010239026305488431,-0.0,0.025646349910850637,0.025646349910850637
400,ridge,0.01,0.0,0.1,0.04259491014546902,validation,False,19,0.0,0,1.0,0.0,0.0,0.0,-0.0,0.010239026305488431,-0.0,0.025646349910850637,0.025646349910850637
400,ridge,0.01,0.0,0.2,0.009655152179015317,validation,False,19,0.05263157894736842,1,1.0,0.05263157894736842,0.0,-0.0190025444581925,-0.001000133918852237,0.010239026305488431,-0.09767861601411597,0.025646349910850637,0.02664648382970287
400,ridge,0.01,0.0,0.2,0.018457081804616627,validation,False,19,0.10526315789473684,2,1.0,0.10526315789473684,0.0,-0.023708272547522252,-0.00249560763658129,0.010239026305488431,-0.24373485936290326,0.025646349910850637,0.028141957547431918
400,ridge,0.01,0.0,0.2,0.02384104326015496,validation,False,19,0.15789473684210525,3,0.6666666666666666,0.10526315789473684,0.3333333333333333,-0.013925225744763634,-0.0021987198544363633,0.010239026305488431,-0.2147391547629663,0.025646349910850637,0.027845069765286994
400,ridge,0.01,0.0,0.2,0.04259491014546902,validation,False,19,0.21052631578947367,4,0.5,0.10526315789473684,0.5,-0.009563101351282976,-0.0020132844950069423,0.010239026305488431,-0.19662851085046634,0.025646349910850637,0.027659634405857572
400,ridge,0.01,0.0,0.3,0.009655152179015317,validation,False,19,0.05263157894736842,1,1.0,0.05263157894736842,0.0,-0.0190025444581925,-0.001000133918852237,0.010239026305488431,-0.09767861601411597,0.025646349910850637,0.02664648382970287
400,ridge,0.01,0.0,0.3,0.018457081804616627,validation,False,19,0.10526315789473684,2,1.0,0.10526315789473684,0.0,-0.023708272547522252,-0.00249560763658129,0.010239026305488431,-0.24373485936290326,0.025646349910850637,0.028141957547431918
400,ridge,0.01,0.0,0.3,0.02384104326015496,validation,False,19,0.21052631578947367,4,0.5,0.10526315789473684,0.5,-0.001198955137705975,-0.0002524116079381,0.010239026305488431,-0.02465191517310583,0.025646349910850637,0.025898761518788734
400,ridge,0.01,0.0,0.3,0.04259491014546902,validation,False,19,0.2631578947368421,5,0.4,0.10526315789473684,0.6,-0.00025450974433297995,-6.697624850867893e-05,0.010239026305488431,-0.006541271260605865,0.025646349910850637,0.025713326159359312
400,ridge,0.01,0.0,0.4,0.009655152179015317,validation,False,19,0.05263157894736842,1,1.0,0.05263157894736842,0.0,-0.0190025444581925,-0.001000133918852237,0.010239026305488431,-0.09767861601411597,0.025646349910850637,0.02664648382970287
400,ridge,0.01,0.0,0.4,0.018457081804616627,validation,False,19,0.10526315789473684,2,1.0,0.10526315789473684,0.0,-0.023708272547522252,-0.00249560763658129,0.010239026305488431,-0.24373485936290326,0.025646349910850637,0.028141957547431918
400,ridge,0.01,0.0,0.4,0.02384104326015496,validation,False,19,0.21052631578947367,4,0.5,0.10526315789473684,0.5,-0.001198955137705975,-0.0002524116079381,0.010239026305488431,-0.02465191517310583,0.025646349910850637,0.025898761518788734
400,ridge,0.01,0.0,0.4,0.04259491014546902,validation,False,19,0.3157894736842105,6,0.5,0.15789473684210525,0.5,-0.0033752085525140495,-0.0010658553323728576,0.010239026305488431,-0.104097333142071,0.025646349910850637,0.026712205243223493
400,ridge,0.01,0.0025,0.1,0.009655152179015317,validation,False,19,0.0,0,1.0,0.0,0.0,0.0,-0.0,0.010239026305488431,-0.0,0.025646349910850637,0.025646349910850637
400,ridge,0.01,0.0025,0.1,0.018457081804616627,validation,False,19,0.0,0,1.0,0.0,0.0,0.0,-0.0,0.010239026305488431,-0.0,0.025646349910850637,0.025646349910850637
400,ridge,0.01,0.0025,0.1,0.02384104326015496,validation,False,19,0.0,0,1.0,0.0,0.0,0.0,-0.0,0.010239026305488431,-0.0,0.025646349910850637,0.025646349910850637
400,ridge,0.01,0.0025,0.1,0.04259491014546902,validation,False,19,0.0,0,1.0,0.0,0.0,0.0,-0.0,0.010239026305488431,-0.0,0.025646349910850637,0.025646349910850637
400,ridge,0.01,0.0025,0.2,0.009655152179015317,validation,False,19,0.05263157894736842,1,1.0,0.05263157894736842,0.0,-0.0190025444581925,-0.001000133918852237,0.010239026305488431,-0.09767861601411597,0.025646349910850637,0.02664648382970287
400,ridge,0.01,0.0025,0.2,0.018457081804616627,validation,False,19,0.10526315789473684,2,1.0,0.10526315789473684,0.0,-0.023708272547522252,-0.00249560763658129,0.010239026305488431,-0.24373485936290326,0.025646349910850637,0.028141957547431918
400,ridge,0.01,0.0025,0.2,0.02384104326015496,validation,False,19,0.15789473684210525,3,0.6666666666666666,0.10526315789473684,0.3333333333333333,-0.013925225744763634,-0.0021987198544363633,0.010239026305488431,-0.2147391547629663,0.025646349910850637,0.027845069765286994
400,ridge,0.01,0.0025,0.2,0.04259491014546902,validation,False,19,0.21052631578947367,4,0.5,0.10526315789473684,0.5,-0.009563101351282976,-0.0020132844950069423,0.010239026305488431,-0.19662851085046634,0.025646349910850637,0.027659634405857572
400,ridge,0.01,0.0025,0.3,0.009655152179015317,validation,False,19,0.05263157894736842,1,1.0,0.05263157894736842,0.0,-0.0190025444581925,-0.001000133918852237,0.010239026305488431,-0.09767861601411597,0.025646349910850637,0.02664648382970287
400,ridge,0.01,0.0025,0.3,0.018457081804616627,validation,False,19,0.10526315789473684,2,1.0,0.10526315789473684,0.0,-0.023708272547522252,-0.00249560763658129,0.010239026305488431,-0.24373485936290326,0.025646349910850637,0.028141957547431918
400,ridge,0.01,0.0025,0.3,0.02384104326015496,validation,False,19,0.21052631578947367,4,0.5,0.10526315789473684,0.5,-0.001198955137705975,-0.0002524116079381,0.010239026305488431,-0.02465191517310583,0.025646349910850637,0.025898761518788734
400,ridge,0.01,0.0025,0.3,0.04259491014546902,validation,False,19,0.2631578947368421,5,0.4,0.10526315789473684,0.6,-0.00025450974433297995,-6.697624850867893e-05,0.010239026305488431,-0.006541271260605865,0.025646349910850637,0.025713326159359312
400,ridge,0.01,0.0025,0.4,0.009655152179015317,validation,False,19,0.05263157894736842,1,1.0,0.05263157894736842,0.0,-0.0190025444581925,-0.001000133918852237,0.010239026305488431,-0.09767861601411597,0.025646349910850637,0.02664648382970287
400,ridge,0.01,0.0025,0.4,0.018457081804616627,validation,False,19,0.10526315789473684,2,1.0,0.10526315789473684,0.0,-0.023708272547522252,-0.00249560763658129,0.010239026305488431,-0.24373485936290326,0.025646349910850637,0.028141957547431918
400,ridge,0.01,0.0025,0.4,0.02384104326015496,validation,False,19,0.21052631578947367,4,0.5,0.10526315789473684,0.5,-0.001198955137705975,-0.0002524116079381,0.010239026305488431,-0.02465191517310583,0.025646349910850637,0.025898761518788734
400,ridge,0.01,0.0025,0.4,0.04259491014546902,validation,False,19,0.3157894736842105,6,0.5,0.15789473684210525,0.5,-0.0033752085525140495,-0.0010658553323728576,0.010239026305488431,-0.104097333142071,0.025646349910850637,0.026712205243223493
400,ridge,0.01,0.005,0.1,0.009655152179015317,validation,False,19,0.0,0,1.0,0.0,0.0,0.0,-0.0,0.010239026305488431,-0.0,0.025646349910850637,0.025646349910850637
400,ridge,0.01,0.005,0.1,0.018457081804616627,validation,False,19,0.0,0,1.0,0.0,0.0,0.0,-0.0,0.010239026305488431,-0.0,0.025646349910850637,0.025646349910850637
400,ridge,0.01,0.005,0.1,0.02384104326015496,validation,False,19,0.0,0,1.0,0.0,0.0,0.0,-0.0,0.010239026305488431,-0.0,0.025646349910850637,0.025646349910850637
400,ridge,0.01,0.005,0.1,0.04259491014546902,validation,False,19,0.0,0,1.0,0.0,0.0,0.0,-0.0,0.010239026305488431,-0.0,0.025646349910850637,0.025646349910850637
400,ridge,0.01,0.005,0.2,0.009655152179015317,validation,False,19,0.05263157894736842,1,1.0,0.05263157894736842,0.0,-0.0190025444581925,-0.001000133918852237,0.010239026305488431,-0.09767861601411597,0.025646349910850637,0.02664648382970287
400,ridge,0.01,0.005,0.2,0.018457081804616627,validation,False,19,0.10526315789473684,2,1.0,0.10526315789473684,0.0,-0.023708272547522252,-0.00249560763658129,0.010239026305488431,-0.24373485936290326,0.025646349910850637,0.028141957547431918
400,ridge,0.01,0.005,0.2,0.02384104326015496,validation,False,19,0.15789473684210525,3,0.6666666666666666,0.10526315789473684,0.3333333333333333,-0.013925225744763634,-0.0021987198544363633,0.010239026305488431,-0.2147391547629663,0.025646349910850637,0.027845069765286994
400,ridge,0.01,0.005,0.2,0.04259491014546902,validation,False,19,0.21052631578947367,4,0.5,0.10526315789473684,0.5,-0.009563101351282976,-0.0020132844950069423,0.010239026305488431,-0.19662851085046634,0.025646349910850637,0.027659634405857572
400,ridge,0.01,0.005,0.3,0.009655152179015317,validation,False,19,0.05263157894736842,1,1.0,0.05263157894736842,0.0,-0.0190025444581925,-0.001000133918852237,0.010239026305488431,-0.09767861601411597,0.025646349910850637,0.02664648382970287
400,ridge,0.01,0.005,0.3,0.018457081804616627,validation,False,19,0.10526315789473684,2,1.0,0.10526315789473684,0.0,-0.023708272547522252,-0.00249560763658129,0.010239026305488431,-0.24373485936290326,0.025646349910850637,0.028141957547431918
400,ridge,0.01,0.005,0.3,0.02384104326015496,validation,False,19,0.21052631578947367,4,0.5,0.10526315789473684,0.5,-0.001198955137705975,-0.0002524116079381,0.010239026305488431,-0.02465191517310583,0.025646349910850637,0.025898761518788734
400,ridge,0.01,0.005,0.3,0.04259491014546902,validation,False,19,0.2631578947368421,5,0.4,0.10526315789473684,0.6,-0.00025450974433297995,-6.697624850867893e-05,0.010239026305488431,-0.006541271260605865,0.025646349910850637,0.025713326159359312
400,ridge,0.01,0.005,0.4,0.009655152179015317,validation,False,19,0.05263157894736842,1,1.0,0.05263157894736842,0.0,-0.0190025444581925,-0.001000133918852237,0.010239026305488431,-0.09767861601411597,0.025646349910850637,0.02664648382970287
400,ridge,0.01,0.005,0.4,0.018457081804616627,validation,False,19,0.10526315789473684,2,1.0,0.10526315789473684,0.0,-0.023708272547522252,-0.00249560763658129,0.010239026305488431,-0.24373485936290326,0.025646349910850637,0.028141957547431918
400,ridge,0.01,0.005,0.4,0.02384104326015496,validation,False,19,0.21052631578947367,4,0.5,0.10526315789473684,0.5,-0.001198955137705975,-0.0002524116079381,0.010239026305488431,-0.02465191517310583,0.025646349910850637,0.025898761518788734
400,ridge,0.01,0.005,0.4,0.04259491014546902,validation,False,19,0.3157894736842105,6,0.5,0.15789473684210525,0.5,-0.0033752085525140495,-0.0010658553323728576,0.010239026305488431,-0.104097333142071,0.025646349910850637,0.026712205243223493
400,tree,0.0,0.0,0.1,0.003871608823676298,validation,False,19,0.0,0,1.0,0.0,0.0,0.0,-0.0,0.010239026305488431,-0.0,0.025646349910850637,0.025646349910850637
400,tree,0.0,0.0,0.1,0.006146876575959505,validation,False,19,0.0,0,1.0,0.0,0.0,0.0,-0.0,0.010239026305488431,-0.0,0.025646349910850637,0.025646349910850637
400,tree,0.0,0.0,0.1,0.007296499438047684,validation,False,19,0.0,0,1.0,0.0,0.0,0.0,-0.0,0.010239026305488431,-0.0,0.025646349910850637,0.025646349910850637
400,tree,0.0,0.0,0.1,0.010773863275000264,validation,False,19,0.0,0,1.0,0.0,0.0,0.0,-0.0,0.010239026305488431,-0.0,0.025646349910850637,0.025646349910850637
400,tree,0.0,0.0,0.2,0.003871608823676298,validation,False,19,0.05263157894736842,1,0.0,0.0,1.0,0.004378641496721299,0.00023045481561691046,0.010239026305488431,0.022507493265583236,0.025646349910850637,0.025415895095233725
400,tree,0.0,0.0,0.2,0.006146876575959505,validation,False,19,0.05263157894736842,1,0.0,0.0,1.0,0.004378641496721299,0.00023045481561691046,0.010239026305488431,0.022507493265583236,0.025646349910850637,0.025415895095233725
400,tree,0.0,0.0,0.2,0.007296499438047684,validation,False,19,0.10526315789473684,2,0.0,0.0,1.0,0.003950956662940149,0.0004158901750463315,0.010239026305488431,0.0406181371780832,0.025646349910850637,0.025230459735804303
400,tree,0.0,0.0,0.2,0.010773863275000264,validation,False,19,0.10526315789473684,2,0.0,0.0,1.0,0.003950956662940149,0.0004158901750463315,0.010239026305488431,0.0406181371780832,0.025646349910850637,0.025230459735804303
400,tree,0.0,0.0,0.3,0.003871608823676298,validation,False,19,0.10526315789473684,2,0.5,0.05263157894736842,0.5,-0.005048229438193903,-0.0005313925724414635,0.010239026305488431,-0.05189874081646033,0.025646349910850637,0.026177742483292105
400,tree,0.0,0.0,0.3,0.006146876575959505,validation,False,19,0.10526315789473684,2,0.5,0.05263157894736842,0.5,-0.005048229438193903,-0.0005313925724414635,0.010239026305488431,-0.05189874081646033,0.025646349910850637,0.026177742483292105
400,tree,0.0,0.0,0.3,0.007296499438047684,validation,False,19,0.15789473684210525,3,0.3333333333333333,0.05263157894736842,0.6666666666666666,-0.0021910623490762685,-0.0003459572130120424,0.010239026305488431,-0.03378809690396036,0.025646349910850637,0.02599230712386268
400,tree,0.0,0.0,0.3,0.010773863275000264,validation,False,19,0.15789473684210525,3,0.3333333333333333,0.05263157894736842,0.6666666666666666,-0.0021910623490762685,-0.0003459572130120424,0.010239026305488431,-0.03378809690396036,0.025646349910850637,0.02599230712386268
400,tree,0.0,0.0,0.4,0.003871608823676298,validation,False,19,0.10526315789473684,2,0.5,0.05263157894736842,0.5,-0.005048229438193903,-0.0005313925724414635,0.010239026305488431,-0.05189874081646033,0.025646349910850637,0.026177742483292105
400,tree,0.0,0.0,0.4,0.006146876575959505,validation,False,19,0.10526315789473684,2,0.5,0.05263157894736842,0.5,-0.005048229438193903,-0.0005313925724414635,0.010239026305488431,-0.05189874081646033,0.025646349910850637,0.026177742483292105
400,tree,0.0,0.0,0.4,0.007296499438047684,validation,False,19,0.15789473684210525,3,0.3333333333333333,0.05263157894736842,0.6666666666666666,-0.0021910623490762685,-0.0003459572130120424,0.010239026305488431,-0.03378809690396036,0.025646349910850637,0.02599230712386268
400,tree,0.0,0.0,0.4,0.010773863275000264,validation,False,19,0.15789473684210525,3,0.3333333333333333,0.05263157894736842,0.6666666666666666,-0.0021910623490762685,-0.0003459572130120424,0.010239026305488431,-0.03378809690396036,0.025646349910850637,0.02599230712386268
400,tree,0.0,0.0025,0.1,0.003871608823676298,validation,False,19,0.0,0,1.0,0.0,0.0,0.0,-0.0,0.010239026305488431,-0.0,0.025646349910850637,0.025646349910850637
400,tree,0.0,0.0025,0.1,0.006146876575959505,validation,False,19,0.0,0,1.0,0.0,0.0,0.0,-0.0,0.010239026305488431,-0.0,0.025646349910850637,0.025646349910850637
400,tree,0.0,0.0025,0.1,0.007296499438047684,validation,False,19,0.0,0,1.0,0.0,0.0,0.0,-0.0,0.010239026305488431,-0.0,0.025646349910850637,0.025646349910850637
400,tree,0.0,0.0025,0.1,0.010773863275000264,validation,False,19,0.0,0,1.0,0.0,0.0,0.0,-0.0,0.010239026305488431,-0.0,0.025646349910850637,0.025646349910850637
400,tree,0.0,0.0025,0.2,0.003871608823676298,validation,False,19,0.05263157894736842,1,0.0,0.0,1.0,0.004378641496721299,0.00023045481561691046,0.010239026305488431,0.022507493265583236,0.025646349910850637,0.025415895095233725
400,tree,0.0,0.0025,0.2,0.006146876575959505,validation,False,19,0.05263157894736842,1,0.0,0.0,1.0,0.004378641496721299,0.00023045481561691046,0.010239026305488431,0.022507493265583236,0.025646349910850637,0.025415895095233725
400,tree,0.0,0.0025,0.2,0.007296499438047684,validation,False,19,0.05263157894736842,1,0.0,0.0,1.0,0.004378641496721299,0.00023045481561691046,0.010239026305488431,0.022507493265583236,0.025646349910850637,0.025415895095233725
400,tree,0.0,0.0025,0.2,0.010773863275000264,validation,False,19,0.05263157894736842,1,0.0,0.0,1.0,0.004378641496721299,0.00023045481561691046,0.010239026305488431,0.022507493265583236,0.025646349910850637,0.025415895095233725
400,tree,0.0,0.0025,0.3,0.003871608823676298,validation,False,19,0.05263157894736842,1,0.0,0.0,1.0,0.004378641496721299,0.00023045481561691046,0.010239026305488431,0.022507493265583236,0.025646349910850637,0.025415895095233725
400,tree,0.0,0.0025,0.3,0.006146876575959505,validation,False,19,0.05263157894736842,1,0.0,0.0,1.0,0.004378641496721299,0.00023045481561691046,0.010239026305488431,0.022507493265583236,0.025646349910850637,0.025415895095233725
400,tree,0.0,0.0025,0.3,0.007296499438047684,validation,False,19,0.05263157894736842,1,0.0,0.0,1.0,0.004378641496721299,0.00023045481561691046,0.010239026305488431,0.022507493265583236,0.025646349910850637,0.025415895095233725
400,tree,0.0,0.0025,0.3,0.010773863275000264,validation,False,19,0.05263157894736842,1,0.0,0.0,1.0,0.004378641496721299,0.00023045481561691046,0.010239026305488431,0.022507493265583236,0.025646349910850637,0.025415895095233725
400,tree,0.0,0.0025,0.4,0.003871608823676298,validation,False,19,0.05263157894736842,1,0.0,0.0,1.0,0.004378641496721299,0.00023045481561691046,0.010239026305488431,0.022507493265583236,0.025646349910850637,0.025415895095233725
400,tree,0.0,0.0025,0.4,0.006146876575959505,validation,False,19,0.05263157894736842,1,0.0,0.0,1.0,0.004378641496721299,0.00023045481561691046,0.010239026305488431,0.022507493265583236,0.025646349910850637,0.025415895095233725
400,tree,0.0,0.0025,0.4,0.007296499438047684,validation,False,19,0.05263157894736842,1,0.0,0.0,1.0,0.004378641496721299,0.00023045481561691046,0.010239026305488431,0.022507493265583236,0.025646349910850637,0.025415895095233725
400,tree,0.0,0.0025,0.4,0.010773863275000264,validation,False,19,0.05263157894736842,1,0.0,0.0,1.0,0.004378641496721299,0.00023045481561691046,0.010239026305488431,0.022507493265583236,0.025646349910850637,0.025415895095233725
400,tree,0.0,0.005,0.1,0.003871608823676298,validation,False,19,0.0,0,1.0,0.0,0.0,0.0,-0.0,0.010239026305488431,-0.0,0.025646349910850637,0.025646349910850637
400,tree,0.0,0.005,0.1,0.006146876575959505,validation,False,19,0.0,0,1.0,0.0,0.0,0.0,-0.0,0.010239026305488431,-0.0,0.025646349910850637,0.025646349910850637
400,tree,0.0,0.005,0.1,0.007296499438047684,validation,False,19,0.0,0,1.0,0.0,0.0,0.0,-0.0,0.010239026305488431,-0.0,0.025646349910850637,0.025646349910850637
400,tree,0.0,0.005,0.1,0.010773863275000264,validation,False,19,0.0,0,1.0,0.0,0.0,0.0,-0.0,0.010239026305488431,-0.0,0.025646349910850637,0.025646349910850637
400,tree,0.0,0.005,0.2,0.003871608823676298,validation,False,19,0.0,0,1.0,0.0,0.0,0.0,-0.0,0.010239026305488431,-0.0,0.025646349910850637,0.025646349910850637
400,tree,0.0,0.005,0.2,0.006146876575959505,validation,False,19,0.0,0,1.0,0.0,0.0,0.0,-0.0,0.010239026305488431,-0.0,0.025646349910850637,0.025646349910850637
400,tree,0.0,0.005,0.2,0.007296499438047684,validation,False,19,0.0,0,1.0,0.0,0.0,0.0,-0.0,0.010239026305488431,-0.0,0.025646349910850637,0.025646349910850637
400,tree,0.0,0.005,0.2,0.010773863275000264,validation,False,19,0.0,0,1.0,0.0,0.0,0.0,-0.0,0.010239026305488431,-0.0,0.025646349910850637,0.025646349910850637
400,tree,0.0,0.005,0.3,0.003871608823676298,validation,False,19,0.0,0,1.0,0.0,0.0,0.0,-0.0,0.010239026305488431,-0.0,0.025646349910850637,0.025646349910850637
400,tree,0.0,0.005,0.3,0.006146876575959505,validation,False,19,0.0,0,1.0,0.0,0.0,0.0,-0.0,0.010239026305488431,-0.0,0.025646349910850637,0.025646349910850637
400,tree,0.0,0.005,0.3,0.007296499438047684,validation,False,19,0.0,0,1.0,0.0,0.0,0.0,-0.0,0.010239026305488431,-0.0,0.025646349910850637,0.025646349910850637
400,tree,0.0,0.005,0.3,0.010773863275000264,validation,False,19,0.0,0,1.0,0.0,0.0,0.0,-0.0,0.010239026305488431,-0.0,0.025646349910850637,0.025646349910850637
400,tree,0.0,0.005,0.4,0.003871608823676298,validation,False,19,0.0,0,1.0,0.0,0.0,0.0,-0.0,0.010239026305488431,-0.0,0.025646349910850637,0.025646349910850637
400,tree,0.0,0.005,0.4,0.006146876575959505,validation,False,19,0.0,0,1.0,0.0,0.0,0.0,-0.0,0.010239026305488431,-0.0,0.025646349910850637,0.025646349910850637
400,tree,0.0,0.005,0.4,0.007296499438047684,validation,False,19,0.0,0,1.0,0.0,0.0,0.0,-0.0,0.010239026305488431,-0.0,0.025646349910850637,0.025646349910850637
400,tree,0.0,0.005,0.4,0.010773863275000264,validation,False,19,0.0,0,1.0,0.0,0.0,0.0,-0.0,0.010239026305488431,-0.0,0.025646349910850637,0.025646349910850637
400,tree,0.0025,0.0,0.1,0.003871608823676298,validation,False,19,0.0,0,1.0,0.0,0.0,0.0,-0.0,0.010239026305488431,-0.0,0.025646349910850637,0.025646349910850637
400,tree,0.0025,0.0,0.1,0.006146876575959505,validation,False,19,0.0,0,1.0,0.0,0.0,0.0,-0.0,0.010239026305488431,-0.0,0.025646349910850637,0.025646349910850637
400,tree,0.0025,0.0,0.1,0.007296499438047684,validation,False,19,0.0,0,1.0,0.0,0.0,0.0,-0.0,0.010239026305488431,-0.0,0.025646349910850637,0.025646349910850637
400,tree,0.0025,0.0,0.1,0.010773863275000264,validation,False,19,0.0,0,1.0,0.0,0.0,0.0,-0.0,0.010239026305488431,-0.0,0.025646349910850637,0.025646349910850637
400,tree,0.0025,0.0,0.2,0.003871608823676298,validation,False,19,0.05263157894736842,1,0.0,0.0,1.0,0.004378641496721299,0.00023045481561691046,0.010239026305488431,0.022507493265583236,0.025646349910850637,0.025415895095233725
400,tree,0.0025,0.0,0.2,0.006146876575959505,validation,False,19,0.05263157894736842,1,0.0,0.0,1.0,0.004378641496721299,0.00023045481561691046,0.010239026305488431,0.022507493265583236,0.025646349910850637,0.025415895095233725
400,tree,0.0025,0.0,0.2,0.007296499438047684,validation,False,19,0.10526315789473684,2,0.0,0.0,1.0,0.003950956662940149,0.0004158901750463315,0.010239026305488431,0.0406181371780832,0.025646349910850637,0.025230459735804303
400,tree,0.0025,0.0,0.2,0.010773863275000264,validation,False,19,0.10526315789473684,2,0.0,0.0,1.0,0.003950956662940149,0.0004158901750463315,0.010239026305488431,0.0406181371780832,0.025646349910850637,0.025230459735804303
400,tree,0.0025,0.0,0.3,0.003871608823676298,validation,False,19,0.10526315789473684,2,0.5,0.05263157894736842,0.5,-0.005048229438193903,-0.0005313925724414635,0.010239026305488431,-0.05189874081646033,0.025646349910850637,0.026177742483292105
400,tree,0.0025,0.0,0.3,0.006146876575959505,validation,False,19,0.10526315789473684,2,0.5,0.05263157894736842,0.5,-0.005048229438193903,-0.0005313925724414635,0.010239026305488431,-0.05189874081646033,0.025646349910850637,0.026177742483292105
400,tree,0.0025,0.0,0.3,0.007296499438047684,validation,False,19,0.15789473684210525,3,0.3333333333333333,0.05263157894736842,0.6666666666666666,-0.0021910623490762685,-0.0003459572130120424,0.010239026305488431,-0.03378809690396036,0.025646349910850637,0.02599230712386268
400,tree,0.0025,0.0,0.3,0.010773863275000264,validation,False,19,0.15789473684210525,3,0.3333333333333333,0.05263157894736842,0.6666666666666666,-0.0021910623490762685,-0.0003459572130120424,0.010239026305488431,-0.03378809690396036,0.025646349910850637,0.02599230712386268
400,tree,0.0025,0.0,0.4,0.003871608823676298,validation,False,19,0.10526315789473684,2,0.5,0.05263157894736842,0.5,-0.005048229438193903,-0.0005313925724414635,0.010239026305488431,-0.05189874081646033,0.025646349910850637,0.026177742483292105
400,tree,0.0025,0.0,0.4,0.006146876575959505,validation,False,19,0.10526315789473684,2,0.5,0.05263157894736842,0.5,-0.005048229438193903,-0.0005313925724414635,0.010239026305488431,-0.05189874081646033,0.025646349910850637,0.026177742483292105
400,tree,0.0025,0.0,0.4,0.007296499438047684,validation,False,19,0.15789473684210525,3,0.3333333333333333,0.05263157894736842,0.6666666666666666,-0.0021910623490762685,-0.0003459572130120424,0.010239026305488431,-0.03378809690396036,0.025646349910850637,0.02599230712386268
400,tree,0.0025,0.0,0.4,0.010773863275000264,validation,False,19,0.15789473684210525,3,0.3333333333333333,0.05263157894736842,0.6666666666666666,-0.0021910623490762685,-0.0003459572130120424,0.010239026305488431,-0.03378809690396036,0.025646349910850637,0.02599230712386268
400,tree,0.0025,0.0025,0.1,0.003871608823676298,validation,False,19,0.0,0,1.0,0.0,0.0,0.0,-0.0,0.010239026305488431,-0.0,0.025646349910850637,0.025646349910850637
400,tree,0.0025,0.0025,0.1,0.006146876575959505,validation,False,19,0.0,0,1.0,0.0,0.0,0.0,-0.0,0.010239026305488431,-0.0,0.025646349910850637,0.025646349910850637
400,tree,0.0025,0.0025,0.1,0.007296499438047684,validation,False,19,0.0,0,1.0,0.0,0.0,0.0,-0.0,0.010239026305488431,-0.0,0.025646349910850637,0.025646349910850637
400,tree,0.0025,0.0025,0.1,0.010773863275000264,validation,False,19,0.0,0,1.0,0.0,0.0,0.0,-0.0,0.010239026305488431,-0.0,0.025646349910850637,0.025646349910850637
400,tree,0.0025,0.0025,0.2,0.003871608823676298,validation,False,19,0.05263157894736842,1,0.0,0.0,1.0,0.004378641496721299,0.00023045481561691046,0.010239026305488431,0.022507493265583236,0.025646349910850637,0.025415895095233725
400,tree,0.0025,0.0025,0.2,0.006146876575959505,validation,False,19,0.05263157894736842,1,0.0,0.0,1.0,0.004378641496721299,0.00023045481561691046,0.010239026305488431,0.022507493265583236,0.025646349910850637,0.025415895095233725
400,tree,0.0025,0.0025,0.2,0.007296499438047684,validation,False,19,0.05263157894736842,1,0.0,0.0,1.0,0.004378641496721299,0.00023045481561691046,0.010239026305488431,0.022507493265583236,0.025646349910850637,0.025415895095233725
400,tree,0.0025,0.0025,0.2,0.010773863275000264,validation,False,19,0.05263157894736842,1,0.0,0.0,1.0,0.004378641496721299,0.00023045481561691046,0.010239026305488431,0.022507493265583236,0.025646349910850637,0.025415895095233725
400,tree,0.0025,0.0025,0.3,0.003871608823676298,validation,False,19,0.05263157894736842,1,0.0,0.0,1.0,0.004378641496721299,0.00023045481561691046,0.010239026305488431,0.022507493265583236,0.025646349910850637,0.025415895095233725
400,tree,0.0025,0.0025,0.3,0.006146876575959505,validation,False,19,0.05263157894736842,1,0.0,0.0,1.0,0.004378641496721299,0.00023045481561691046,0.010239026305488431,0.022507493265583236,0.025646349910850637,0.025415895095233725
400,tree,0.0025,0.0025,0.3,0.007296499438047684,validation,False,19,0.05263157894736842,1,0.0,0.0,1.0,0.004378641496721299,0.00023045481561691046,0.010239026305488431,0.022507493265583236,0.025646349910850637,0.025415895095233725
400,tree,0.0025,0.0025,0.3,0.010773863275000264,validation,False,19,0.05263157894736842,1,0.0,0.0,1.0,0.004378641496721299,0.00023045481561691046,0.010239026305488431,0.022507493265583236,0.025646349910850637,0.025415895095233725
400,tree,0.0025,0.0025,0.4,0.003871608823676298,validation,False,19,0.05263157894736842,1,0.0,0.0,1.0,0.004378641496721299,0.00023045481561691046,0.010239026305488431,0.022507493265583236,0.025646349910850637,0.025415895095233725
400,tree,0.0025,0.0025,0.4,0.006146876575959505,validation,False,19,0.05263157894736842,1,0.0,0.0,1.0,0.004378641496721299,0.00023045481561691046,0.010239026305488431,0.022507493265583236,0.025646349910850637,0.025415895095233725
400,tree,0.0025,0.0025,0.4,0.007296499438047684,validation,False,19,0.05263157894736842,1,0.0,0.0,1.0,0.004378641496721299,0.00023045481561691046,0.010239026305488431,0.022507493265583236,0.025646349910850637,0.025415895095233725
400,tree,0.0025,0.0025,0.4,0.010773863275000264,validation,False,19,0.05263157894736842,1,0.0,0.0,1.0,0.004378641496721299,0.00023045481561691046,0.010239026305488431,0.022507493265583236,0.025646349910850637,0.025415895095233725
400,tree,0.0025,0.005,0.1,0.003871608823676298,validation,False,19,0.0,0,1.0,0.0,0.0,0.0,-0.0,0.010239026305488431,-0.0,0.025646349910850637,0.025646349910850637
400,tree,0.0025,0.005,0.1,0.006146876575959505,validation,False,19,0.0,0,1.0,0.0,0.0,0.0,-0.0,0.010239026305488431,-0.0,0.025646349910850637,0.025646349910850637
400,tree,0.0025,0.005,0.1,0.007296499438047684,validation,False,19,0.0,0,1.0,0.0,0.0,0.0,-0.0,0.010239026305488431,-0.0,0.025646349910850637,0.025646349910850637
400,tree,0.0025,0.005,0.1,0.010773863275000264,validation,False,19,0.0,0,1.0,0.0,0.0,0.0,-0.0,0.010239026305488431,-0.0,0.025646349910850637,0.025646349910850637
400,tree,0.0025,0.005,0.2,0.003871608823676298,validation,False,19,0.0,0,1.0,0.0,0.0,0.0,-0.0,0.010239026305488431,-0.0,0.025646349910850637,0.025646349910850637
400,tree,0.0025,0.005,0.2,0.006146876575959505,validation,False,19,0.0,0,1.0,0.0,0.0,0.0,-0.0,0.010239026305488431,-0.0,0.025646349910850637,0.025646349910850637
400,tree,0.0025,0.005,0.2,0.007296499438047684,validation,False,19,0.0,0,1.0,0.0,0.0,0.0,-0.0,0.010239026305488431,-0.0,0.025646349910850637,0.025646349910850637
400,tree,0.0025,0.005,0.2,0.010773863275000264,validation,False,19,0.0,0,1.0,0.0,0.0,0.0,-0.0,0.010239026305488431,-0.0,0.025646349910850637,0.025646349910850637
400,tree,0.0025,0.005,0.3,0.003871608823676298,validation,False,19,0.0,0,1.0,0.0,0.0,0.0,-0.0,0.010239026305488431,-0.0,0.025646349910850637,0.025646349910850637
400,tree,0.0025,0.005,0.3,0.006146876575959505,validation,False,19,0.0,0,1.0,0.0,0.0,0.0,-0.0,0.010239026305488431,-0.0,0.025646349910850637,0.025646349910850637
400,tree,0.0025,0.005,0.3,0.007296499438047684,validation,False,19,0.0,0,1.0,0.0,0.0,0.0,-0.0,0.010239026305488431,-0.0,0.025646349910850637,0.025646349910850637
400,tree,0.0025,0.005,0.3,0.010773863275000264,validation,False,19,0.0,0,1.0,0.0,0.0,0.0,-0.0,0.010239026305488431,-0.0,0.025646349910850637,0.025646349910850637
400,tree,0.0025,0.005,0.4,0.003871608823676298,validation,False,19,0.0,0,1.0,0.0,0.0,0.0,-0.0,0.010239026305488431,-0.0,0.025646349910850637,0.025646349910850637
400,tree,0.0025,0.005,0.4,0.006146876575959505,validation,False,19,0.0,0,1.0,0.0,0.0,0.0,-0.0,0.010239026305488431,-0.0,0.025646349910850637,0.025646349910850637
400,tree,0.0025,0.005,0.4,0.007296499438047684,validation,False,19,0.0,0,1.0,0.0,0.0,0.0,-0.0,0.010239026305488431,-0.0,0.025646349910850637,0.025646349910850637
400,tree,0.0025,0.005,0.4,0.010773863275000264,validation,False,19,0.0,0,1.0,0.0,0.0,0.0,-0.0,0.010239026305488431,-0.0,0.025646349910850637,0.025646349910850637
400,tree,0.005,0.0,0.1,0.003871608823676298,validation,False,19,0.0,0,1.0,0.0,0.0,0.0,-0.0,0.010239026305488431,-0.0,0.025646349910850637,0.025646349910850637
400,tree,0.005,0.0,0.1,0.006146876575959505,validation,False,19,0.0,0,1.0,0.0,0.0,0.0,-0.0,0.010239026305488431,-0.0,0.025646349910850637,0.025646349910850637
400,tree,0.005,0.0,0.1,0.007296499438047684,validation,False,19,0.0,0,1.0,0.0,0.0,0.0,-0.0,0.010239026305488431,-0.0,0.025646349910850637,0.025646349910850637
400,tree,0.005,0.0,0.1,0.010773863275000264,validation,False,19,0.0,0,1.0,0.0,0.0,0.0,-0.0,0.010239026305488431,-0.0,0.025646349910850637,0.025646349910850637
400,tree,0.005,0.0,0.2,0.003871608823676298,validation,False,19,0.05263157894736842,1,0.0,0.0,1.0,0.004378641496721299,0.00023045481561691046,0.010239026305488431,0.022507493265583236,0.025646349910850637,0.025415895095233725
400,tree,0.005,0.0,0.2,0.006146876575959505,validation,False,19,0.05263157894736842,1,0.0,0.0,1.0,0.004378641496721299,0.00023045481561691046,0.010239026305488431,0.022507493265583236,0.025646349910850637,0.025415895095233725
400,tree,0.005,0.0,0.2,0.007296499438047684,validation,False,19,0.10526315789473684,2,0.0,0.0,1.0,0.003950956662940149,0.0004158901750463315,0.010239026305488431,0.0406181371780832,0.025646349910850637,0.025230459735804303
400,tree,0.005,0.0,0.2,0.010773863275000264,validation,False,19,0.10526315789473684,2,0.0,0.0,1.0,0.003950956662940149,0.0004158901750463315,0.010239026305488431,0.0406181371780832,0.025646349910850637,0.025230459735804303
400,tree,0.005,0.0,0.3,0.003871608823676298,validation,False,19,0.05263157894736842,1,0.0,0.0,1.0,0.004378641496721299,0.00023045481561691046,0.010239026305488431,0.022507493265583236,0.025646349910850637,0.025415895095233725
400,tree,0.005,0.0,0.3,0.006146876575959505,validation,False,19,0.05263157894736842,1,0.0,0.0,1.0,0.004378641496721299,0.00023045481561691046,0.010239026305488431,0.022507493265583236,0.025646349910850637,0.025415895095233725
400,tree,0.005,0.0,0.3,0.007296499438047684,validation,False,19,0.10526315789473684,2,0.0,0.0,1.0,0.003950956662940149,0.0004158901750463315,0.010239026305488431,0.0406181371780832,0.025646349910850637,0.025230459735804303
400,tree,0.005,0.0,0.3,0.010773863275000264,validation,False,19,0.10526315789473684,2,0.0,0.0,1.0,0.003950956662940149,0.0004158901750463315,0.010239026305488431,0.0406181371780832,0.025646349910850637,0.025230459735804303
400,tree,0.005,0.0,0.4,0.003871608823676298,validation,False,19,0.05263157894736842,1,0.0,0.0,1.0,0.004378641496721299,0.00023045481561691046,0.010239026305488431,0.022507493265583236,0.025646349910850637,0.025415895095233725
400,tree,0.005,0.0,0.4,0.006146876575959505,validation,False,19,0.05263157894736842,1,0.0,0.0,1.0,0.004378641496721299,0.00023045481561691046,0.010239026305488431,0.022507493265583236,0.025646349910850637,0.025415895095233725
400,tree,0.005,0.0,0.4,0.007296499438047684,validation,False,19,0.10526315789473684,2,0.0,0.0,1.0,0.003950956662940149,0.0004158901750463315,0.010239026305488431,0.0406181371780832,0.025646349910850637,0.025230459735804303
400,tree,0.005,0.0,0.4,0.010773863275000264,validation,False,19,0.10526315789473684,2,0.0,0.0,1.0,0.003950956662940149,0.0004158901750463315,0.010239026305488431,0.0406181371780832,0.025646349910850637,0.025230459735804303
400,tree,0.005,0.0025,0.1,0.003871608823676298,validation,False,19,0.0,0,1.0,0.0,0.0,0.0,-0.0,0.010239026305488431,-0.0,0.025646349910850637,0.025646349910850637
400,tree,0.005,0.0025,0.1,0.006146876575959505,validation,False,19,0.0,0,1.0,0.0,0.0,0.0,-0.0,0.010239026305488431,-0.0,0.025646349910850637,0.025646349910850637
400,tree,0.005,0.0025,0.1,0.007296499438047684,validation,False,19,0.0,0,1.0,0.0,0.0,0.0,-0.0,0.010239026305488431,-0.0,0.025646349910850637,0.025646349910850637
400,tree,0.005,0.0025,0.1,0.010773863275000264,validation,False,19,0.0,0,1.0,0.0,0.0,0.0,-0.0,0.010239026305488431,-0.0,0.025646349910850637,0.025646349910850637
400,tree,0.005,0.0025,0.2,0.003871608823676298,validation,False,19,0.05263157894736842,1,0.0,0.0,1.0,0.004378641496721299,0.00023045481561691046,0.010239026305488431,0.022507493265583236,0.025646349910850637,0.025415895095233725
400,tree,0.005,0.0025,0.2,0.006146876575959505,validation,False,19,0.05263157894736842,1,0.0,0.0,1.0,0.004378641496721299,0.00023045481561691046,0.010239026305488431,0.022507493265583236,0.025646349910850637,0.025415895095233725
400,tree,0.005,0.0025,0.2,0.007296499438047684,validation,False,19,0.05263157894736842,1,0.0,0.0,1.0,0.004378641496721299,0.00023045481561691046,0.010239026305488431,0.022507493265583236,0.025646349910850637,0.025415895095233725
400,tree,0.005,0.0025,0.2,0.010773863275000264,validation,False,19,0.05263157894736842,1,0.0,0.0,1.0,0.004378641496721299,0.00023045481561691046,0.010239026305488431,0.022507493265583236,0.025646349910850637,0.025415895095233725
400,tree,0.005,0.0025,0.3,0.003871608823676298,validation,False,19,0.05263157894736842,1,0.0,0.0,1.0,0.004378641496721299,0.00023045481561691046,0.010239026305488431,0.022507493265583236,0.025646349910850637,0.025415895095233725
400,tree,0.005,0.0025,0.3,0.006146876575959505,validation,False,19,0.05263157894736842,1,0.0,0.0,1.0,0.004378641496721299,0.00023045481561691046,0.010239026305488431,0.022507493265583236,0.025646349910850637,0.025415895095233725
400,tree,0.005,0.0025,0.3,0.007296499438047684,validation,False,19,0.05263157894736842,1,0.0,0.0,1.0,0.004378641496721299,0.00023045481561691046,0.010239026305488431,0.022507493265583236,0.025646349910850637,0.025415895095233725
400,tree,0.005,0.0025,0.3,0.010773863275000264,validation,False,19,0.05263157894736842,1,0.0,0.0,1.0,0.004378641496721299,0.00023045481561691046,0.010239026305488431,0.022507493265583236,0.025646349910850637,0.025415895095233725
400,tree,0.005,0.0025,0.4,0.003871608823676298,validation,False,19,0.05263157894736842,1,0.0,0.0,1.0,0.004378641496721299,0.00023045481561691046,0.010239026305488431,0.022507493265583236,0.025646349910850637,0.025415895095233725
400,tree,0.005,0.0025,0.4,0.006146876575959505,validation,False,19,0.05263157894736842,1,0.0,0.0,1.0,0.004378641496721299,0.00023045481561691046,0.010239026305488431,0.022507493265583236,0.025646349910850637,0.025415895095233725
400,tree,0.005,0.0025,0.4,0.007296499438047684,validation,False,19,0.05263157894736842,1,0.0,0.0,1.0,0.004378641496721299,0.00023045481561691046,0.010239026305488431,0.022507493265583236,0.025646349910850637,0.025415895095233725
400,tree,0.005,0.0025,0.4,0.010773863275000264,validation,False,19,0.05263157894736842,1,0.0,0.0,1.0,0.004378641496721299,0.00023045481561691046,0.010239026305488431,0.022507493265583236,0.025646349910850637,0.025415895095233725
400,tree,0.005,0.005,0.1,0.003871608823676298,validation,False,19,0.0,0,1.0,0.0,0.0,0.0,-0.0,0.010239026305488431,-0.0,0.025646349910850637,0.025646349910850637
400,tree,0.005,0.005,0.1,0.006146876575959505,validation,False,19,0.0,0,1.0,0.0,0.0,0.0,-0.0,0.010239026305488431,-0.0,0.025646349910850637,0.025646349910850637
400,tree,0.005,0.005,0.1,0.007296499438047684,validation,False,19,0.0,0,1.0,0.0,0.0,0.0,-0.0,0.010239026305488431,-0.0,0.025646349910850637,0.025646349910850637
400,tree,0.005,0.005,0.1,0.010773863275000264,validation,False,19,0.0,0,1.0,0.0,0.0,0.0,-0.0,0.010239026305488431,-0.0,0.025646349910850637,0.025646349910850637
400,tree,0.005,0.005,0.2,0.003871608823676298,validation,False,19,0.0,0,1.0,0.0,0.0,0.0,-0.0,0.010239026305488431,-0.0,0.025646349910850637,0.025646349910850637
400,tree,0.005,0.005,0.2,0.006146876575959505,validation,False,19,0.0,0,1.0,0.0,0.0,0.0,-0.0,0.010239026305488431,-0.0,0.025646349910850637,0.025646349910850637
400,tree,0.005,0.005,0.2,0.007296499438047684,validation,False,19,0.0,0,1.0,0.0,0.0,0.0,-0.0,0.010239026305488431,-0.0,0.025646349910850637,0.025646349910850637
400,tree,0.005,0.005,0.2,0.010773863275000264,validation,False,19,0.0,0,1.0,0.0,0.0,0.0,-0.0,0.010239026305488431,-0.0,0.025646349910850637,0.025646349910850637
400,tree,0.005,0.005,0.3,0.003871608823676298,validation,False,19,0.0,0,1.0,0.0,0.0,0.0,-0.0,0.010239026305488431,-0.0,0.025646349910850637,0.025646349910850637
400,tree,0.005,0.005,0.3,0.006146876575959505,validation,False,19,0.0,0,1.0,0.0,0.0,0.0,-0.0,0.010239026305488431,-0.0,0.025646349910850637,0.025646349910850637
400,tree,0.005,0.005,0.3,0.007296499438047684,validation,False,19,0.0,0,1.0,0.0,0.0,0.0,-0.0,0.010239026305488431,-0.0,0.025646349910850637,0.025646349910850637
400,tree,0.005,0.005,0.3,0.010773863275000264,validation,False,19,0.0,0,1.0,0.0,0.0,0.0,-0.0,0.010239026305488431,-0.0,0.025646349910850637,0.025646349910850637
400,tree,0.005,0.005,0.4,0.003871608823676298,validation,False,19,0.0,0,1.0,0.0,0.0,0.0,-0.0,0.010239026305488431,-0.0,0.025646349910850637,0.025646349910850637
400,tree,0.005,0.005,0.4,0.006146876575959505,validation,False,19,0.0,0,1.0,0.0,0.0,0.0,-0.0,0.010239026305488431,-0.0,0.025646349910850637,0.025646349910850637
400,tree,0.005,0.005,0.4,0.007296499438047684,validation,False,19,0.0,0,1.0,0.0,0.0,0.0,-0.0,0.010239026305488431,-0.0,0.025646349910850637,0.025646349910850637
400,tree,0.005,0.005,0.4,0.010773863275000264,validation,False,19,0.0,0,1.0,0.0,0.0,0.0,-0.0,0.010239026305488431,-0.0,0.025646349910850637,0.025646349910850637
400,tree,0.01,0.0,0.1,0.003871608823676298,validation,False,19,0.0,0,1.0,0.0,0.0,0.0,-0.0,0.010239026305488431,-0.0,0.025646349910850637,0.025646349910850637
400,tree,0.01,0.0,0.1,0.006146876575959505,validation,False,19,0.0,0,1.0,0.0,0.0,0.0,-0.0,0.010239026305488431,-0.0,0.025646349910850637,0.025646349910850637
400,tree,0.01,0.0,0.1,0.007296499438047684,validation,False,19,0.0,0,1.0,0.0,0.0,0.0,-0.0,0.010239026305488431,-0.0,0.025646349910850637,0.025646349910850637
400,tree,0.01,0.0,0.1,0.010773863275000264,validation,False,19,0.0,0,1.0,0.0,0.0,0.0,-0.0,0.010239026305488431,-0.0,0.025646349910850637,0.025646349910850637
400,tree,0.01,0.0,0.2,0.003871608823676298,validation,False,19,0.0,0,1.0,0.0,0.0,0.0,-0.0,0.010239026305488431,-0.0,0.025646349910850637,0.025646349910850637
400,tree,0.01,0.0,0.2,0.006146876575959505,validation,False,19,0.0,0,1.0,0.0,0.0,0.0,-0.0,0.010239026305488431,-0.0,0.025646349910850637,0.025646349910850637
400,tree,0.01,0.0,0.2,0.007296499438047684,validation,False,19,0.0,0,1.0,0.0,0.0,0.0,-0.0,0.010239026305488431,-0.0,0.025646349910850637,0.025646349910850637
400,tree,0.01,0.0,0.2,0.010773863275000264,validation,False,19,0.0,0,1.0,0.0,0.0,0.0,-0.0,0.010239026305488431,-0.0,0.025646349910850637,0.025646349910850637
400,tree,0.01,0.0,0.3,0.003871608823676298,validation,False,19,0.0,0,1.0,0.0,0.0,0.0,-0.0,0.010239026305488431,-0.0,0.025646349910850637,0.025646349910850637
400,tree,0.01,0.0,0.3,0.006146876575959505,validation,False,19,0.0,0,1.0,0.0,0.0,0.0,-0.0,0.010239026305488431,-0.0,0.025646349910850637,0.025646349910850637
400,tree,0.01,0.0,0.3,0.007296499438047684,validation,False,19,0.0,0,1.0,0.0,0.0,0.0,-0.0,0.010239026305488431,-0.0,0.025646349910850637,0.025646349910850637
400,tree,0.01,0.0,0.3,0.010773863275000264,validation,False,19,0.0,0,1.0,0.0,0.0,0.0,-0.0,0.010239026305488431,-0.0,0.025646349910850637,0.025646349910850637
400,tree,0.01,0.0,0.4,0.003871608823676298,validation,False,19,0.0,0,1.0,0.0,0.0,0.0,-0.0,0.010239026305488431,-0.0,0.025646349910850637,0.025646349910850637
400,tree,0.01,0.0,0.4,0.006146876575959505,validation,False,19,0.0,0,1.0,0.0,0.0,0.0,-0.0,0.010239026305488431,-0.0,0.025646349910850637,0.025646349910850637
400,tree,0.01,0.0,0.4,0.007296499438047684,validation,False,19,0.0,0,1.0,0.0,0.0,0.0,-0.0,0.010239026305488431,-0.0,0.025646349910850637,0.025646349910850637
400,tree,0.01,0.0,0.4,0.010773863275000264,validation,False,19,0.0,0,1.0,0.0,0.0,0.0,-0.0,0.010239026305488431,-0.0,0.025646349910850637,0.025646349910850637
400,tree,0.01,0.0025,0.1,0.003871608823676298,validation,False,19,0.0,0,1.0,0.0,0.0,0.0,-0.0,0.010239026305488431,-0.0,0.025646349910850637,0.025646349910850637
400,tree,0.01,0.0025,0.1,0.006146876575959505,validation,False,19,0.0,0,1.0,0.0,0.0,0.0,-0.0,0.010239026305488431,-0.0,0.025646349910850637,0.025646349910850637
400,tree,0.01,0.0025,0.1,0.007296499438047684,validation,False,19,0.0,0,1.0,0.0,0.0,0.0,-0.0,0.010239026305488431,-0.0,0.025646349910850637,0.025646349910850637
400,tree,0.01,0.0025,0.1,0.010773863275000264,validation,False,19,0.0,0,1.0,0.0,0.0,0.0,-0.0,0.010239026305488431,-0.0,0.025646349910850637,0.025646349910850637
400,tree,0.01,0.0025,0.2,0.003871608823676298,validation,False,19,0.0,0,1.0,0.0,0.0,0.0,-0.0,0.010239026305488431,-0.0,0.025646349910850637,0.025646349910850637
400,tree,0.01,0.0025,0.2,0.006146876575959505,validation,False,19,0.0,0,1.0,0.0,0.0,0.0,-0.0,0.010239026305488431,-0.0,0.025646349910850637,0.025646349910850637
400,tree,0.01,0.0025,0.2,0.007296499438047684,validation,False,19,0.0,0,1.0,0.0,0.0,0.0,-0.0,0.010239026305488431,-0.0,0.025646349910850637,0.025646349910850637
400,tree,0.01,0.0025,0.2,0.010773863275000264,validation,False,19,0.0,0,1.0,0.0,0.0,0.0,-0.0,0.010239026305488431,-0.0,0.025646349910850637,0.025646349910850637
400,tree,0.01,0.0025,0.3,0.003871608823676298,validation,False,19,0.0,0,1.0,0.0,0.0,0.0,-0.0,0.010239026305488431,-0.0,0.025646349910850637,0.025646349910850637
400,tree,0.01,0.0025,0.3,0.006146876575959505,validation,False,19,0.0,0,1.0,0.0,0.0,0.0,-0.0,0.010239026305488431,-0.0,0.025646349910850637,0.025646349910850637
400,tree,0.01,0.0025,0.3,0.007296499438047684,validation,False,19,0.0,0,1.0,0.0,0.0,0.0,-0.0,0.010239026305488431,-0.0,0.025646349910850637,0.025646349910850637
400,tree,0.01,0.0025,0.3,0.010773863275000264,validation,False,19,0.0,0,1.0,0.0,0.0,0.0,-0.0,0.010239026305488431,-0.0,0.025646349910850637,0.025646349910850637
400,tree,0.01,0.0025,0.4,0.003871608823676298,validation,False,19,0.0,0,1.0,0.0,0.0,0.0,-0.0,0.010239026305488431,-0.0,0.025646349910850637,0.025646349910850637
400,tree,0.01,0.0025,0.4,0.006146876575959505,validation,False,19,0.0,0,1.0,0.0,0.0,0.0,-0.0,0.010239026305488431,-0.0,0.025646349910850637,0.025646349910850637
400,tree,0.01,0.0025,0.4,0.007296499438047684,validation,False,19,0.0,0,1.0,0.0,0.0,0.0,-0.0,0.010239026305488431,-0.0,0.025646349910850637,0.025646349910850637
400,tree,0.01,0.0025,0.4,0.010773863275000264,validation,False,19,0.0,0,1.0,0.0,0.0,0.0,-0.0,0.010239026305488431,-0.0,0.025646349910850637,0.025646349910850637
400,tree,0.01,0.005,0.1,0.003871608823676298,validation,False,19,0.0,0,1.0,0.0,0.0,0.0,-0.0,0.010239026305488431,-0.0,0.025646349910850637,0.025646349910850637
400,tree,0.01,0.005,0.1,0.006146876575959505,validation,False,19,0.0,0,1.0,0.0,0.0,0.0,-0.0,0.010239026305488431,-0.0,0.025646349910850637,0.025646349910850637
400,tree,0.01,0.005,0.1,0.007296499438047684,validation,False,19,0.0,0,1.0,0.0,0.0,0.0,-0.0,0.010239026305488431,-0.0,0.025646349910850637,0.025646349910850637
400,tree,0.01,0.005,0.1,0.010773863275000264,validation,False,19,0.0,0,1.0,0.0,0.0,0.0,-0.0,0.010239026305488431,-0.0,0.025646349910850637,0.025646349910850637
400,tree,0.01,0.005,0.2,0.003871608823676298,validation,False,19,0.0,0,1.0,0.0,0.0,0.0,-0.0,0.010239026305488431,-0.0,0.025646349910850637,0.025646349910850637
400,tree,0.01,0.005,0.2,0.006146876575959505,validation,False,19,0.0,0,1.0,0.0,0.0,0.0,-0.0,0.010239026305488431,-0.0,0.025646349910850637,0.025646349910850637
400,tree,0.01,0.005,0.2,0.007296499438047684,validation,False,19,0.0,0,1.0,0.0,0.0,0.0,-0.0,0.010239026305488431,-0.0,0.025646349910850637,0.025646349910850637
400,tree,0.01,0.005,0.2,0.010773863275000264,validation,False,19,0.0,0,1.0,0.0,0.0,0.0,-0.0,0.010239026305488431,-0.0,0.025646349910850637,0.025646349910850637
400,tree,0.01,0.005,0.3,0.003871608823676298,validation,False,19,0.0,0,1.0,0.0,0.0,0.0,-0.0,0.010239026305488431,-0.0,0.025646349910850637,0.025646349910850637
400,tree,0.01,0.005,0.3,0.006146876575959505,validation,False,19,0.0,0,1.0,0.0,0.0,0.0,-0.0,0.010239026305488431,-0.0,0.025646349910850637,0.025646349910850637
400,tree,0.01,0.005,0.3,0.007296499438047684,validation,False,19,0.0,0,1.0,0.0,0.0,0.0,-0.0,0.010239026305488431,-0.0,0.025646349910850637,0.025646349910850637
400,tree,0.01,0.005,0.3,0.010773863275000264,validation,False,19,0.0,0,1.0,0.0,0.0,0.0,-0.0,0.010239026305488431,-0.0,0.025646349910850637,0.025646349910850637
400,tree,0.01,0.005,0.4,0.003871608823676298,validation,False,19,0.0,0,1.0,0.0,0.0,0.0,-0.0,0.010239026305488431,-0.0,0.025646349910850637,0.025646349910850637
400,tree,0.01,0.005,0.4,0.006146876575959505,validation,False,19,0.0,0,1.0,0.0,0.0,0.0,-0.0,0.010239026305488431,-0.0,0.025646349910850637,0.025646349910850637
400,tree,0.01,0.005,0.4,0.007296499438047684,validation,False,19,0.0,0,1.0,0.0,0.0,0.0,-0.0,0.010239026305488431,-0.0,0.025646349910850637,0.025646349910850637
400,tree,0.01,0.005,0.4,0.010773863275000264,validation,False,19,0.0,0,1.0,0.0,0.0,0.0,-0.0,0.010239026305488431,-0.0,0.025646349910850637,0.025646349910850637
550,ridge,0.0,0.0,0.1,0.011490953395524663,validation,False,19,0.0,0,1.0,0.0,0.0,0.0,-0.0,0.009302505172710068,-0.0,0.02564635025182581,0.02564635025182581
550,ridge,0.0,0.0,0.1,0.020839842362662432,validation,False,19,0.05263157894736842,1,0.0,0.0,1.0,2.3032916561899815e-05,1.2122587664157798e-06,0.009302505172710068,0.0001303153015138412,0.02564635025182581,0.02564513799305939
550,ridge,0.0,0.0,0.1,0.026057095940530833,validation,False,19,0.10526315789473684,2,0.0,0.0,1.0,0.0100375176390242,0.0010565808041078104,0.009302505172710068,0.11358024365387161,0.02564635025182581,0.024589769447717996
550,ridge,0.0,0.0,0.1,0.12074154053928698,validation,False,19,0.10526315789473684,2,0.0,0.0,1.0,0.0100375176390242,0.0010565808041078104,0.009302505172710068,0.11358024365387161,0.02564635025182581,0.024589769447717996
550,ridge,0.0,0.0,0.2,0.011490953395524663,validation,False,19,0.0,0,1.0,0.0,0.0,0.0,-0.0,0.009302505172710068,-0.0,0.02564635025182581,0.02564635025182581
550,ridge,0.0,0.0,0.2,0.020839842362662432,validation,False,19,0.05263157894736842,1,0.0,0.0,1.0,2.3032916561899815e-05,1.2122587664157798e-06,0.009302505172710068,0.0001303153015138412,0.02564635025182581,0.02564513799305939
550,ridge,0.0,0.0,0.2,0.026057095940530833,validation,False,19,0.10526315789473684,2,0.0,0.0,1.0,0.0100375176390242,0.0010565808041078104,0.009302505172710068,0.11358024365387161,0.02564635025182581,0.024589769447717996
550,ridge,0.0,0.0,0.2,0.12074154053928698,validation,False,19,0.10526315789473684,2,0.0,0.0,1.0,0.0100375176390242,0.0010565808041078104,0.009302505172710068,0.11358024365387161,0.02564635025182581,0.024589769447717996
550,ridge,0.0,0.0,0.3,0.011490953395524663,validation,False,19,0.0,0,1.0,0.0,0.0,0.0,-0.0,0.009302505172710068,-0.0,0.02564635025182581,0.02564635025182581
550,ridge,0.0,0.0,0.3,0.020839842362662432,validation,False,19,0.05263157894736842,1,0.0,0.0,1.0,2.3032916561899815e-05,1.2122587664157798e-06,0.009302505172710068,0.0001303153015138412,0.02564635025182581,0.02564513799305939
550,ridge,0.0,0.0,0.3,0.026057095940530833,validation,False,19,0.10526315789473684,2,0.0,0.0,1.0,0.0100375176390242,0.0010565808041078104,0.009302505172710068,0.11358024365387161,0.02564635025182581,0.024589769447717996
550,ridge,0.0,0.0,0.3,0.12074154053928698,validation,False,19,0.10526315789473684,2,0.0,0.0,1.0,0.0100375176390242,0.0010565808041078104,0.009302505172710068,0.11358024365387161,0.02564635025182581,0.024589769447717996
550,ridge,0.0,0.0,0.4,0.011490953395524663,validation,False,19,0.0,0,1.0,0.0,0.0,0.0,-0.0,0.009302505172710068,-0.0,0.02564635025182581,0.02564635025182581
550,ridge,0.0,0.0,0.4,0.020839842362662432,validation,False,19,0.05263157894736842,1,0.0,0.0,1.0,2.3032916561899815e-05,1.2122587664157798e-06,0.009302505172710068,0.0001303153015138412,0.02564635025182581,0.02564513799305939
550,ridge,0.0,0.0,0.4,0.026057095940530833,validation,False,19,0.10526315789473684,2,0.0,0.0,1.0,0.0100375176390242,0.0010565808041078104,0.009302505172710068,0.11358024365387161,0.02564635025182581,0.024589769447717996
550,ridge,0.0,0.0,0.4,0.12074154053928698,validation,False,19,0.10526315789473684,2,0.0,0.0,1.0,0.0100375176390242,0.0010565808041078104,0.009302505172710068,0.11358024365387161,0.02564635025182581,0.024589769447717996
550,ridge,0.0,0.0025,0.1,0.011490953395524663,validation,False,19,0.0,0,1.0,0.0,0.0,0.0,-0.0,0.009302505172710068,-0.0,0.02564635025182581,0.02564635025182581
550,ridge,0.0,0.0025,0.1,0.020839842362662432,validation,False,19,0.0,0,1.0,0.0,0.0,0.0,-0.0,0.009302505172710068,-0.0,0.02564635025182581,0.02564635025182581
550,ridge,0.0,0.0025,0.1,0.026057095940530833,validation,False,19,0.05263157894736842,1,0.0,0.0,1.0,0.0200520023614865,0.0010553685453413948,0.009302505172710068,0.11344992835235777,0.02564635025182581,0.02459098170648441
550,ridge,0.0,0.0025,0.1,0.12074154053928698,validation,False,19,0.05263157894736842,1,0.0,0.0,1.0,0.0200520023614865,0.0010553685453413948,0.009302505172710068,0.11344992835235777,0.02564635025182581,0.02459098170648441
550,ridge,0.0,0.0025,0.2,0.011490953395524663,validation,False,19,0.0,0,1.0,0.0,0.0,0.0,-0.0,0.009302505172710068,-0.0,0.02564635025182581,0.02564635025182581
550,ridge,0.0,0.0025,0.2,0.020839842362662432,validation,False,19,0.0,0,1.0,0.0,0.0,0.0,-0.0,0.009302505172710068,-0.0,0.02564635025182581,0.02564635025182581
550,ridge,0.0,0.0025,0.2,0.026057095940530833,validation,False,19,0.05263157894736842,1,0.0,0.0,1.0,0.0200520023614865,0.0010553685453413948,0.009302505172710068,0.11344992835235777,0.02564635025182581,0.02459098170648441
550,ridge,0.0,0.0025,0.2,0.12074154053928698,validation,False,19,0.05263157894736842,1,0.0,0.0,1.0,0.0200520023614865,0.0010553685453413948,0.009302505172710068,0.11344992835235777,0.02564635025182581,0.02459098170648441
550,ridge,0.0,0.0025,0.3,0.011490953395524663,validation,False,19,0.0,0,1.0,0.0,0.0,0.0,-0.0,0.009302505172710068,-0.0,0.02564635025182581,0.02564635025182581
550,ridge,0.0,0.0025,0.3,0.020839842362662432,validation,False,19,0.0,0,1.0,0.0,0.0,0.0,-0.0,0.009302505172710068,-0.0,0.02564635025182581,0.02564635025182581
550,ridge,0.0,0.0025,0.3,0.026057095940530833,validation,False,19,0.05263157894736842,1,0.0,0.0,1.0,0.0200520023614865,0.0010553685453413948,0.009302505172710068,0.11344992835235777,0.02564635025182581,0.02459098170648441
550,ridge,0.0,0.0025,0.3,0.12074154053928698,validation,False,19,0.05263157894736842,1,0.0,0.0,1.0,0.0200520023614865,0.0010553685453413948,0.009302505172710068,0.11344992835235777,0.02564635025182581,0.02459098170648441
550,ridge,0.0,0.0025,0.4,0.011490953395524663,validation,False,19,0.0,0,1.0,0.0,0.0,0.0,-0.0,0.009302505172710068,-0.0,0.02564635025182581,0.02564635025182581
550,ridge,0.0,0.0025,0.4,0.020839842362662432,validation,False,19,0.0,0,1.0,0.0,0.0,0.0,-0.0,0.009302505172710068,-0.0,0.02564635025182581,0.02564635025182581
550,ridge,0.0,0.0025,0.4,0.026057095940530833,validation,False,19,0.05263157894736842,1,0.0,0.0,1.0,0.0200520023614865,0.0010553685453413948,0.009302505172710068,0.11344992835235777,0.02564635025182581,0.02459098170648441
550,ridge,0.0,0.0025,0.4,0.12074154053928698,validation,False,19,0.05263157894736842,1,0.0,0.0,1.0,0.0200520023614865,0.0010553685453413948,0.009302505172710068,0.11344992835235777,0.02564635025182581,0.02459098170648441
550,ridge,0.0,0.005,0.1,0.011490953395524663,validation,False,19,0.0,0,1.0,0.0,0.0,0.0,-0.0,0.009302505172710068,-0.0,0.02564635025182581,0.02564635025182581
550,ridge,0.0,0.005,0.1,0.020839842362662432,validation,False,19,0.0,0,1.0,0.0,0.0,0.0,-0.0,0.009302505172710068,-0.0,0.02564635025182581,0.02564635025182581
550,ridge,0.0,0.005,0.1,0.026057095940530833,validation,False,19,0.05263157894736842,1,0.0,0.0,1.0,0.0200520023614865,0.0010553685453413948,0.009302505172710068,0.11344992835235777,0.02564635025182581,0.02459098170648441
550,ridge,0.0,0.005,0.1,0.12074154053928698,validation,False,19,0.05263157894736842,1,0.0,0.0,1.0,0.0200520023614865,0.0010553685453413948,0.009302505172710068,0.11344992835235777,0.02564635025182581,0.02459098170648441
550,ridge,0.0,0.005,0.2,0.011490953395524663,validation,False,19,0.0,0,1.0,0.0,0.0,0.0,-0.0,0.009302505172710068,-0.0,0.02564635025182581,0.02564635025182581
550,ridge,0.0,0.005,0.2,0.020839842362662432,validation,False,19,0.0,0,1.0,0.0,0.0,0.0,-0.0,0.009302505172710068,-0.0,0.02564635025182581,0.02564635025182581
550,ridge,0.0,0.005,0.2,0.026057095940530833,validation,False,19,0.05263157894736842,1,0.0,0.0,1.0,0.0200520023614865,0.0010553685453413948,0.009302505172710068,0.11344992835235777,0.02564635025182581,0.02459098170648441
550,ridge,0.0,0.005,0.2,0.12074154053928698,validation,False,19,0.05263157894736842,1,0.0,0.0,1.0,0.0200520023614865,0.0010553685453413948,0.009302505172710068,0.11344992835235777,0.02564635025182581,0.02459098170648441
550,ridge,0.0,0.005,0.3,0.011490953395524663,validation,False,19,0.0,0,1.0,0.0,0.0,0.0,-0.0,0.009302505172710068,-0.0,0.02564635025182581,0.02564635025182581
550,ridge,0.0,0.005,0.3,0.020839842362662432,validation,False,19,0.0,0,1.0,0.0,0.0,0.0,-0.0,0.009302505172710068,-0.0,0.02564635025182581,0.02564635025182581
550,ridge,0.0,0.005,0.3,0.026057095940530833,validation,False,19,0.05263157894736842,1,0.0,0.0,1.0,0.0200520023614865,0.0010553685453413948,0.009302505172710068,0.11344992835235777,0.02564635025182581,0.02459098170648441
550,ridge,0.0,0.005,0.3,0.12074154053928698,validation,False,19,0.05263157894736842,1,0.0,0.0,1.0,0.0200520023614865,0.0010553685453413948,0.009302505172710068,0.11344992835235777,0.02564635025182581,0.02459098170648441
550,ridge,0.0,0.005,0.4,0.011490953395524663,validation,False,19,0.0,0,1.0,0.0,0.0,0.0,-0.0,0.009302505172710068,-0.0,0.02564635025182581,0.02564635025182581
550,ridge,0.0,0.005,0.4,0.020839842362662432,validation,False,19,0.0,0,1.0,0.0,0.0,0.0,-0.0,0.009302505172710068,-0.0,0.02564635025182581,0.02564635025182581
550,ridge,0.0,0.005,0.4,0.026057095940530833,validation,False,19,0.05263157894736842,1,0.0,0.0,1.0,0.0200520023614865,0.0010553685453413948,0.009302505172710068,0.11344992835235777,0.02564635025182581,0.02459098170648441
550,ridge,0.0,0.005,0.4,0.12074154053928698,validation,False,19,0.05263157894736842,1,0.0,0.0,1.0,0.0200520023614865,0.0010553685453413948,0.009302505172710068,0.11344992835235777,0.02564635025182581,0.02459098170648441
550,ridge,0.0025,0.0,0.1,0.011490953395524663,validation,False,19,0.0,0,1.0,0.0,0.0,0.0,-0.0,0.009302505172710068,-0.0,0.02564635025182581,0.02564635025182581
550,ridge,0.0025,0.0,0.1,0.020839842362662432,validation,False,19,0.05263157894736842,1,0.0,0.0,1.0,2.3032916561899815e-05,1.2122587664157798e-06,0.009302505172710068,0.0001303153015138412,0.02564635025182581,0.02564513799305939
550,ridge,0.0025,0.0,0.1,0.026057095940530833,validation,False,19,0.10526315789473684,2,0.0,0.0,1.0,0.0100375176390242,0.0010565808041078104,0.009302505172710068,0.11358024365387161,0.02564635025182581,0.024589769447717996
550,ridge,0.0025,0.0,0.1,0.12074154053928698,validation,False,19,0.10526315789473684,2,0.0,0.0,1.0,0.0100375176390242,0.0010565808041078104,0.009302505172710068,0.11358024365387161,0.02564635025182581,0.024589769447717996
550,ridge,0.0025,0.0,0.2,0.011490953395524663,validation,False,19,0.0,0,1.0,0.0,0.0,0.0,-0.0,0.009302505172710068,-0.0,0.02564635025182581,0.02564635025182581
550,ridge,0.0025,0.0,0.2,0.020839842362662432,validation,False,19,0.05263157894736842,1,0.0,0.0,1.0,2.3032916561899815e-05,1.2122587664157798e-06,0.009302505172710068,0.0001303153015138412,0.02564635025182581,0.02564513799305939
550,ridge,0.0025,0.0,0.2,0.026057095940530833,validation,False,19,0.10526315789473684,2,0.0,0.0,1.0,0.0100375176390242,0.0010565808041078104,0.009302505172710068,0.11358024365387161,0.02564635025182581,0.024589769447717996
550,ridge,0.0025,0.0,0.2,0.12074154053928698,validation,False,19,0.10526315789473684,2,0.0,0.0,1.0,0.0100375176390242,0.0010565808041078104,0.009302505172710068,0.11358024365387161,0.02564635025182581,0.024589769447717996
550,ridge,0.0025,0.0,0.3,0.011490953395524663,validation,False,19,0.0,0,1.0,0.0,0.0,0.0,-0.0,0.009302505172710068,-0.0,0.02564635025182581,0.02564635025182581
550,ridge,0.0025,0.0,0.3,0.020839842362662432,validation,False,19,0.05263157894736842,1,0.0,0.0,1.0,2.3032916561899815e-05,1.2122587664157798e-06,0.009302505172710068,0.0001303153015138412,0.02564635025182581,0.02564513799305939
550,ridge,0.0025,0.0,0.3,0.026057095940530833,validation,False,19,0.10526315789473684,2,0.0,0.0,1.0,0.0100375176390242,0.0010565808041078104,0.009302505172710068,0.11358024365387161,0.02564635025182581,0.024589769447717996
550,ridge,0.0025,0.0,0.3,0.12074154053928698,validation,False,19,0.10526315789473684,2,0.0,0.0,1.0,0.0100375176390242,0.0010565808041078104,0.009302505172710068,0.11358024365387161,0.02564635025182581,0.024589769447717996
550,ridge,0.0025,0.0,0.4,0.011490953395524663,validation,False,19,0.0,0,1.0,0.0,0.0,0.0,-0.0,0.009302505172710068,-0.0,0.02564635025182581,0.02564635025182581
550,ridge,0.0025,0.0,0.4,0.020839842362662432,validation,False,19,0.05263157894736842,1,0.0,0.0,1.0,2.3032916561899815e-05,1.2122587664157798e-06,0.009302505172710068,0.0001303153015138412,0.02564635025182581,0.02564513799305939
550,ridge,0.0025,0.0,0.4,0.026057095940530833,validation,False,19,0.10526315789473684,2,0.0,0.0,1.0,0.0100375176390242,0.0010565808041078104,0.009302505172710068,0.11358024365387161,0.02564635025182581,0.024589769447717996
550,ridge,0.0025,0.0,0.4,0.12074154053928698,validation,False,19,0.10526315789473684,2,0.0,0.0,1.0,0.0100375176390242,0.0010565808041078104,0.009302505172710068,0.11358024365387161,0.02564635025182581,0.024589769447717996
550,ridge,0.0025,0.0025,0.1,0.011490953395524663,validation,False,19,0.0,0,1.0,0.0,0.0,0.0,-0.0,0.009302505172710068,-0.0,0.02564635025182581,0.02564635025182581
550,ridge,0.0025,0.0025,0.1,0.020839842362662432,validation,False,19,0.0,0,1.0,0.0,0.0,0.0,-0.0,0.009302505172710068,-0.0,0.02564635025182581,0.02564635025182581
550,ridge,0.0025,0.0025,0.1,0.026057095940530833,validation,False,19,0.05263157894736842,1,0.0,0.0,1.0,0.0200520023614865,0.0010553685453413948,0.009302505172710068,0.11344992835235777,0.02564635025182581,0.02459098170648441
550,ridge,0.0025,0.0025,0.1,0.12074154053928698,validation,False,19,0.05263157894736842,1,0.0,0.0,1.0,0.0200520023614865,0.0010553685453413948,0.009302505172710068,0.11344992835235777,0.02564635025182581,0.02459098170648441
550,ridge,0.0025,0.0025,0.2,0.011490953395524663,validation,False,19,0.0,0,1.0,0.0,0.0,0.0,-0.0,0.009302505172710068,-0.0,0.02564635025182581,0.02564635025182581
550,ridge,0.0025,0.0025,0.2,0.020839842362662432,validation,False,19,0.0,0,1.0,0.0,0.0,0.0,-0.0,0.009302505172710068,-0.0,0.02564635025182581,0.02564635025182581
550,ridge,0.0025,0.0025,0.2,0.026057095940530833,validation,False,19,0.05263157894736842,1,0.0,0.0,1.0,0.0200520023614865,0.0010553685453413948,0.009302505172710068,0.11344992835235777,0.02564635025182581,0.02459098170648441
550,ridge,0.0025,0.0025,0.2,0.12074154053928698,validation,False,19,0.05263157894736842,1,0.0,0.0,1.0,0.0200520023614865,0.0010553685453413948,0.009302505172710068,0.11344992835235777,0.02564635025182581,0.02459098170648441
550,ridge,0.0025,0.0025,0.3,0.011490953395524663,validation,False,19,0.0,0,1.0,0.0,0.0,0.0,-0.0,0.009302505172710068,-0.0,0.02564635025182581,0.02564635025182581
550,ridge,0.0025,0.0025,0.3,0.020839842362662432,validation,False,19,0.0,0,1.0,0.0,0.0,0.0,-0.0,0.009302505172710068,-0.0,0.02564635025182581,0.02564635025182581
550,ridge,0.0025,0.0025,0.3,0.026057095940530833,validation,False,19,0.05263157894736842,1,0.0,0.0,1.0,0.0200520023614865,0.0010553685453413948,0.009302505172710068,0.11344992835235777,0.02564635025182581,0.02459098170648441
550,ridge,0.0025,0.0025,0.3,0.12074154053928698,validation,False,19,0.05263157894736842,1,0.0,0.0,1.0,0.0200520023614865,0.0010553685453413948,0.009302505172710068,0.11344992835235777,0.02564635025182581,0.02459098170648441
550,ridge,0.0025,0.0025,0.4,0.011490953395524663,validation,False,19,0.0,0,1.0,0.0,0.0,0.0,-0.0,0.009302505172710068,-0.0,0.02564635025182581,0.02564635025182581
550,ridge,0.0025,0.0025,0.4,0.020839842362662432,validation,False,19,0.0,0,1.0,0.0,0.0,0.0,-0.0,0.009302505172710068,-0.0,0.02564635025182581,0.02564635025182581
550,ridge,0.0025,0.0025,0.4,0.026057095940530833,validation,False,19,0.05263157894736842,1,0.0,0.0,1.0,0.0200520023614865,0.0010553685453413948,0.009302505172710068,0.11344992835235777,0.02564635025182581,0.02459098170648441
550,ridge,0.0025,0.0025,0.4,0.12074154053928698,validation,False,19,0.05263157894736842,1,0.0,0.0,1.0,0.0200520023614865,0.0010553685453413948,0.009302505172710068,0.11344992835235777,0.02564635025182581,0.02459098170648441
550,ridge,0.0025,0.005,0.1,0.011490953395524663,validation,False,19,0.0,0,1.0,0.0,0.0,0.0,-0.0,0.009302505172710068,-0.0,0.02564635025182581,0.02564635025182581
550,ridge,0.0025,0.005,0.1,0.020839842362662432,validation,False,19,0.0,0,1.0,0.0,0.0,0.0,-0.0,0.009302505172710068,-0.0,0.02564635025182581,0.02564635025182581
550,ridge,0.0025,0.005,0.1,0.026057095940530833,validation,False,19,0.05263157894736842,1,0.0,0.0,1.0,0.0200520023614865,0.0010553685453413948,0.009302505172710068,0.11344992835235777,0.02564635025182581,0.02459098170648441
550,ridge,0.0025,0.005,0.1,0.12074154053928698,validation,False,19,0.05263157894736842,1,0.0,0.0,1.0,0.0200520023614865,0.0010553685453413948,0.009302505172710068,0.11344992835235777,0.02564635025182581,0.02459098170648441
550,ridge,0.0025,0.005,0.2,0.011490953395524663,validation,False,19,0.0,0,1.0,0.0,0.0,0.0,-0.0,0.009302505172710068,-0.0,0.02564635025182581,0.02564635025182581
550,ridge,0.0025,0.005,0.2,0.020839842362662432,validation,False,19,0.0,0,1.0,0.0,0.0,0.0,-0.0,0.009302505172710068,-0.0,0.02564635025182581,0.02564635025182581
550,ridge,0.0025,0.005,0.2,0.026057095940530833,validation,False,19,0.05263157894736842,1,0.0,0.0,1.0,0.0200520023614865,0.0010553685453413948,0.009302505172710068,0.11344992835235777,0.02564635025182581,0.02459098170648441
550,ridge,0.0025,0.005,0.2,0.12074154053928698,validation,False,19,0.05263157894736842,1,0.0,0.0,1.0,0.0200520023614865,0.0010553685453413948,0.009302505172710068,0.11344992835235777,0.02564635025182581,0.02459098170648441
550,ridge,0.0025,0.005,0.3,0.011490953395524663,validation,False,19,0.0,0,1.0,0.0,0.0,0.0,-0.0,0.009302505172710068,-0.0,0.02564635025182581,0.02564635025182581
550,ridge,0.0025,0.005,0.3,0.020839842362662432,validation,False,19,0.0,0,1.0,0.0,0.0,0.0,-0.0,0.009302505172710068,-0.0,0.02564635025182581,0.02564635025182581
550,ridge,0.0025,0.005,0.3,0.026057095940530833,validation,False,19,0.05263157894736842,1,0.0,0.0,1.0,0.0200520023614865,0.0010553685453413948,0.009302505172710068,0.11344992835235777,0.02564635025182581,0.02459098170648441
550,ridge,0.0025,0.005,0.3,0.12074154053928698,validation,False,19,0.05263157894736842,1,0.0,0.0,1.0,0.0200520023614865,0.0010553685453413948,0.009302505172710068,0.11344992835235777,0.02564635025182581,0.02459098170648441
550,ridge,0.0025,0.005,0.4,0.011490953395524663,validation,False,19,0.0,0,1.0,0.0,0.0,0.0,-0.0,0.009302505172710068,-0.0,0.02564635025182581,0.02564635025182581
550,ridge,0.0025,0.005,0.4,0.020839842362662432,validation,False,19,0.0,0,1.0,0.0,0.0,0.0,-0.0,0.009302505172710068,-0.0,0.02564635025182581,0.02564635025182581
550,ridge,0.0025,0.005,0.4,0.026057095940530833,validation,False,19,0.05263157894736842,1,0.0,0.0,1.0,0.0200520023614865,0.0010553685453413948,0.009302505172710068,0.11344992835235777,0.02564635025182581,0.02459098170648441
550,ridge,0.0025,0.005,0.4,0.12074154053928698,validation,False,19,0.05263157894736842,1,0.0,0.0,1.0,0.0200520023614865,0.0010553685453413948,0.009302505172710068,0.11344992835235777,0.02564635025182581,0.02459098170648441
550,ridge,0.005,0.0,0.1,0.011490953395524663,validation,False,19,0.0,0,1.0,0.0,0.0,0.0,-0.0,0.009302505172710068,-0.0,0.02564635025182581,0.02564635025182581
550,ridge,0.005,0.0,0.1,0.020839842362662432,validation,False,19,0.05263157894736842,1,0.0,0.0,1.0,2.3032916561899815e-05,1.2122587664157798e-06,0.009302505172710068,0.0001303153015138412,0.02564635025182581,0.02564513799305939
550,ridge,0.005,0.0,0.1,0.026057095940530833,validation,False,19,0.10526315789473684,2,0.0,0.0,1.0,0.0100375176390242,0.0010565808041078104,0.009302505172710068,0.11358024365387161,0.02564635025182581,0.024589769447717996
550,ridge,0.005,0.0,0.1,0.12074154053928698,validation,False,19,0.10526315789473684,2,0.0,0.0,1.0,0.0100375176390242,0.0010565808041078104,0.009302505172710068,0.11358024365387161,0.02564635025182581,0.024589769447717996
550,ridge,0.005,0.0,0.2,0.011490953395524663,validation,False,19,0.0,0,1.0,0.0,0.0,0.0,-0.0,0.009302505172710068,-0.0,0.02564635025182581,0.02564635025182581
550,ridge,0.005,0.0,0.2,0.020839842362662432,validation,False,19,0.05263157894736842,1,0.0,0.0,1.0,2.3032916561899815e-05,1.2122587664157798e-06,0.009302505172710068,0.0001303153015138412,0.02564635025182581,0.02564513799305939
550,ridge,0.005,0.0,0.2,0.026057095940530833,validation,False,19,0.10526315789473684,2,0.0,0.0,1.0,0.0100375176390242,0.0010565808041078104,0.009302505172710068,0.11358024365387161,0.02564635025182581,0.024589769447717996
550,ridge,0.005,0.0,0.2,0.12074154053928698,validation,False,19,0.10526315789473684,2,0.0,0.0,1.0,0.0100375176390242,0.0010565808041078104,0.009302505172710068,0.11358024365387161,0.02564635025182581,0.024589769447717996
550,ridge,0.005,0.0,0.3,0.011490953395524663,validation,False,19,0.0,0,1.0,0.0,0.0,0.0,-0.0,0.009302505172710068,-0.0,0.02564635025182581,0.02564635025182581
550,ridge,0.005,0.0,0.3,0.020839842362662432,validation,False,19,0.05263157894736842,1,0.0,0.0,1.0,2.3032916561899815e-05,1.2122587664157798e-06,0.009302505172710068,0.0001303153015138412,0.02564635025182581,0.02564513799305939
550,ridge,0.005,0.0,0.3,0.026057095940530833,validation,False,19,0.10526315789473684,2,0.0,0.0,1.0,0.0100375176390242,0.0010565808041078104,0.009302505172710068,0.11358024365387161,0.02564635025182581,0.024589769447717996
550,ridge,0.005,0.0,0.3,0.12074154053928698,validation,False,19,0.10526315789473684,2,0.0,0.0,1.0,0.0100375176390242,0.0010565808041078104,0.009302505172710068,0.11358024365387161,0.02564635025182581,0.024589769447717996
550,ridge,0.005,0.0,0.4,0.011490953395524663,validation,False,19,0.0,0,1.0,0.0,0.0,0.0,-0.0,0.009302505172710068,-0.0,0.02564635025182581,0.02564635025182581
550,ridge,0.005,0.0,0.4,0.020839842362662432,validation,False,19,0.05263157894736842,1,0.0,0.0,1.0,2.3032916561899815e-05,1.2122587664157798e-06,0.009302505172710068,0.0001303153015138412,0.02564635025182581,0.02564513799305939
550,ridge,0.005,0.0,0.4,0.026057095940530833,validation,False,19,0.10526315789473684,2,0.0,0.0,1.0,0.0100375176390242,0.0010565808041078104,0.009302505172710068,0.11358024365387161,0.02564635025182581,0.024589769447717996
550,ridge,0.005,0.0,0.4,0.12074154053928698,validation,False,19,0.10526315789473684,2,0.0,0.0,1.0,0.0100375176390242,0.0010565808041078104,0.009302505172710068,0.11358024365387161,0.02564635025182581,0.024589769447717996
550,ridge,0.005,0.0025,0.1,0.011490953395524663,validation,False,19,0.0,0,1.0,0.0,0.0,0.0,-0.0,0.009302505172710068,-0.0,0.02564635025182581,0.02564635025182581
550,ridge,0.005,0.0025,0.1,0.020839842362662432,validation,False,19,0.0,0,1.0,0.0,0.0,0.0,-0.0,0.009302505172710068,-0.0,0.02564635025182581,0.02564635025182581
550,ridge,0.005,0.0025,0.1,0.026057095940530833,validation,False,19,0.05263157894736842,1,0.0,0.0,1.0,0.0200520023614865,0.0010553685453413948,0.009302505172710068,0.11344992835235777,0.02564635025182581,0.02459098170648441
550,ridge,0.005,0.0025,0.1,0.12074154053928698,validation,False,19,0.05263157894736842,1,0.0,0.0,1.0,0.0200520023614865,0.0010553685453413948,0.009302505172710068,0.11344992835235777,0.02564635025182581,0.02459098170648441
550,ridge,0.005,0.0025,0.2,0.011490953395524663,validation,False,19,0.0,0,1.0,0.0,0.0,0.0,-0.0,0.009302505172710068,-0.0,0.02564635025182581,0.02564635025182581
550,ridge,0.005,0.0025,0.2,0.020839842362662432,validation,False,19,0.0,0,1.0,0.0,0.0,0.0,-0.0,0.009302505172710068,-0.0,0.02564635025182581,0.02564635025182581
550,ridge,0.005,0.0025,0.2,0.026057095940530833,validation,False,19,0.05263157894736842,1,0.0,0.0,1.0,0.0200520023614865,0.0010553685453413948,0.009302505172710068,0.11344992835235777,0.02564635025182581,0.02459098170648441
550,ridge,0.005,0.0025,0.2,0.12074154053928698,validation,False,19,0.05263157894736842,1,0.0,0.0,1.0,0.0200520023614865,0.0010553685453413948,0.009302505172710068,0.11344992835235777,0.02564635025182581,0.02459098170648441
550,ridge,0.005,0.0025,0.3,0.011490953395524663,validation,False,19,0.0,0,1.0,0.0,0.0,0.0,-0.0,0.009302505172710068,-0.0,0.02564635025182581,0.02564635025182581
550,ridge,0.005,0.0025,0.3,0.020839842362662432,validation,False,19,0.0,0,1.0,0.0,0.0,0.0,-0.0,0.009302505172710068,-0.0,0.02564635025182581,0.02564635025182581
550,ridge,0.005,0.0025,0.3,0.026057095940530833,validation,False,19,0.05263157894736842,1,0.0,0.0,1.0,0.0200520023614865,0.0010553685453413948,0.009302505172710068,0.11344992835235777,0.02564635025182581,0.02459098170648441
550,ridge,0.005,0.0025,0.3,0.12074154053928698,validation,False,19,0.05263157894736842,1,0.0,0.0,1.0,0.0200520023614865,0.0010553685453413948,0.009302505172710068,0.11344992835235777,0.02564635025182581,0.02459098170648441
550,ridge,0.005,0.0025,0.4,0.011490953395524663,validation,False,19,0.0,0,1.0,0.0,0.0,0.0,-0.0,0.009302505172710068,-0.0,0.02564635025182581,0.02564635025182581
550,ridge,0.005,0.0025,0.4,0.020839842362662432,validation,False,19,0.0,0,1.0,0.0,0.0,0.0,-0.0,0.009302505172710068,-0.0,0.02564635025182581,0.02564635025182581
550,ridge,0.005,0.0025,0.4,0.026057095940530833,validation,False,19,0.05263157894736842,1,0.0,0.0,1.0,0.0200520023614865,0.0010553685453413948,0.009302505172710068,0.11344992835235777,0.02564635025182581,0.02459098170648441
550,ridge,0.005,0.0025,0.4,0.12074154053928698,validation,False,19,0.05263157894736842,1,0.0,0.0,1.0,0.0200520023614865,0.0010553685453413948,0.009302505172710068,0.11344992835235777,0.02564635025182581,0.02459098170648441
550,ridge,0.005,0.005,0.1,0.011490953395524663,validation,False,19,0.0,0,1.0,0.0,0.0,0.0,-0.0,0.009302505172710068,-0.0,0.02564635025182581,0.02564635025182581
550,ridge,0.005,0.005,0.1,0.020839842362662432,validation,False,19,0.0,0,1.0,0.0,0.0,0.0,-0.0,0.009302505172710068,-0.0,0.02564635025182581,0.02564635025182581
550,ridge,0.005,0.005,0.1,0.026057095940530833,validation,False,19,0.05263157894736842,1,0.0,0.0,1.0,0.0200520023614865,0.0010553685453413948,0.009302505172710068,0.11344992835235777,0.02564635025182581,0.02459098170648441
550,ridge,0.005,0.005,0.1,0.12074154053928698,validation,False,19,0.05263157894736842,1,0.0,0.0,1.0,0.0200520023614865,0.0010553685453413948,0.009302505172710068,0.11344992835235777,0.02564635025182581,0.02459098170648441
550,ridge,0.005,0.005,0.2,0.011490953395524663,validation,False,19,0.0,0,1.0,0.0,0.0,0.0,-0.0,0.009302505172710068,-0.0,0.02564635025182581,0.02564635025182581
550,ridge,0.005,0.005,0.2,0.020839842362662432,validation,False,19,0.0,0,1.0,0.0,0.0,0.0,-0.0,0.009302505172710068,-0.0,0.02564635025182581,0.02564635025182581
550,ridge,0.005,0.005,0.2,0.026057095940530833,validation,False,19,0.05263157894736842,1,0.0,0.0,1.0,0.0200520023614865,0.0010553685453413948,0.009302505172710068,0.11344992835235777,0.02564635025182581,0.02459098170648441
550,ridge,0.005,0.005,0.2,0.12074154053928698,validation,False,19,0.05263157894736842,1,0.0,0.0,1.0,0.0200520023614865,0.0010553685453413948,0.009302505172710068,0.11344992835235777,0.02564635025182581,0.02459098170648441
550,ridge,0.005,0.005,0.3,0.011490953395524663,validation,False,19,0.0,0,1.0,0.0,0.0,0.0,-0.0,0.009302505172710068,-0.0,0.02564635025182581,0.02564635025182581
550,ridge,0.005,0.005,0.3,0.020839842362662432,validation,False,19,0.0,0,1.0,0.0,0.0,0.0,-0.0,0.009302505172710068,-0.0,0.02564635025182581,0.02564635025182581
550,ridge,0.005,0.005,0.3,0.026057095940530833,validation,False,19,0.05263157894736842,1,0.0,0.0,1.0,0.0200520023614865,0.0010553685453413948,0.009302505172710068,0.11344992835235777,0.02564635025182581,0.02459098170648441
550,ridge,0.005,0.005,0.3,0.12074154053928698,validation,False,19,0.05263157894736842,1,0.0,0.0,1.0,0.0200520023614865,0.0010553685453413948,0.009302505172710068,0.11344992835235777,0.02564635025182581,0.02459098170648441
550,ridge,0.005,0.005,0.4,0.011490953395524663,validation,False,19,0.0,0,1.0,0.0,0.0,0.0,-0.0,0.009302505172710068,-0.0,0.02564635025182581,0.02564635025182581
550,ridge,0.005,0.005,0.4,0.020839842362662432,validation,False,19,0.0,0,1.0,0.0,0.0,0.0,-0.0,0.009302505172710068,-0.0,0.02564635025182581,0.02564635025182581
550,ridge,0.005,0.005,0.4,0.026057095940530833,validation,False,19,0.05263157894736842,1,0.0,0.0,1.0,0.0200520023614865,0.0010553685453413948,0.009302505172710068,0.11344992835235777,0.02564635025182581,0.02459098170648441
550,ridge,0.005,0.005,0.4,0.12074154053928698,validation,False,19,0.05263157894736842,1,0.0,0.0,1.0,0.0200520023614865,0.0010553685453413948,0.009302505172710068,0.11344992835235777,0.02564635025182581,0.02459098170648441
550,ridge,0.01,0.0,0.1,0.011490953395524663,validation,False,19,0.0,0,1.0,0.0,0.0,0.0,-0.0,0.009302505172710068,-0.0,0.02564635025182581,0.02564635025182581
550,ridge,0.01,0.0,0.1,0.020839842362662432,validation,False,19,0.05263157894736842,1,0.0,0.0,1.0,2.3032916561899815e-05,1.2122587664157798e-06,0.009302505172710068,0.0001303153015138412,0.02564635025182581,0.02564513799305939
550,ridge,0.01,0.0,0.1,0.026057095940530833,validation,False,19,0.10526315789473684,2,0.0,0.0,1.0,0.0100375176390242,0.0010565808041078104,0.009302505172710068,0.11358024365387161,0.02564635025182581,0.024589769447717996
550,ridge,0.01,0.0,0.1,0.12074154053928698,validation,False,19,0.10526315789473684,2,0.0,0.0,1.0,0.0100375176390242,0.0010565808041078104,0.009302505172710068,0.11358024365387161,0.02564635025182581,0.024589769447717996
550,ridge,0.01,0.0,0.2,0.011490953395524663,validation,False,19,0.0,0,1.0,0.0,0.0,0.0,-0.0,0.009302505172710068,-0.0,0.02564635025182581,0.02564635025182581
550,ridge,0.01,0.0,0.2,0.020839842362662432,validation,False,19,0.05263157894736842,1,0.0,0.0,1.0,2.3032916561899815e-05,1.2122587664157798e-06,0.009302505172710068,0.0001303153015138412,0.02564635025182581,0.02564513799305939
550,ridge,0.01,0.0,0.2,0.026057095940530833,validation,False,19,0.10526315789473684,2,0.0,0.0,1.0,0.0100375176390242,0.0010565808041078104,0.009302505172710068,0.11358024365387161,0.02564635025182581,0.024589769447717996
550,ridge,0.01,0.0,0.2,0.12074154053928698,validation,False,19,0.10526315789473684,2,0.0,0.0,1.0,0.0100375176390242,0.0010565808041078104,0.009302505172710068,0.11358024365387161,0.02564635025182581,0.024589769447717996
550,ridge,0.01,0.0,0.3,0.011490953395524663,validation,False,19,0.0,0,1.0,0.0,0.0,0.0,-0.0,0.009302505172710068,-0.0,0.02564635025182581,0.02564635025182581
550,ridge,0.01,0.0,0.3,0.020839842362662432,validation,False,19,0.05263157894736842,1,0.0,0.0,1.0,2.3032916561899815e-05,1.2122587664157798e-06,0.009302505172710068,0.0001303153015138412,0.02564635025182581,0.02564513799305939
550,ridge,0.01,0.0,0.3,0.026057095940530833,validation,False,19,0.10526315789473684,2,0.0,0.0,1.0,0.0100375176390242,0.0010565808041078104,0.009302505172710068,0.11358024365387161,0.02564635025182581,0.024589769447717996
550,ridge,0.01,0.0,0.3,0.12074154053928698,validation,False,19,0.10526315789473684,2,0.0,0.0,1.0,0.0100375176390242,0.0010565808041078104,0.009302505172710068,0.11358024365387161,0.02564635025182581,0.024589769447717996
550,ridge,0.01,0.0,0.4,0.011490953395524663,validation,False,19,0.0,0,1.0,0.0,0.0,0.0,-0.0,0.009302505172710068,-0.0,0.02564635025182581,0.02564635025182581
550,ridge,0.01,0.0,0.4,0.020839842362662432,validation,False,19,0.05263157894736842,1,0.0,0.0,1.0,2.3032916561899815e-05,1.2122587664157798e-06,0.009302505172710068,0.0001303153015138412,0.02564635025182581,0.02564513799305939
550,ridge,0.01,0.0,0.4,0.026057095940530833,validation,False,19,0.10526315789473684,2,0.0,0.0,1.0,0.0100375176390242,0.0010565808041078104,0.009302505172710068,0.11358024365387161,0.02564635025182581,0.024589769447717996
550,ridge,0.01,0.0,0.4,0.12074154053928698,validation,False,19,0.10526315789473684,2,0.0,0.0,1.0,0.0100375176390242,0.0010565808041078104,0.009302505172710068,0.11358024365387161,0.02564635025182581,0.024589769447717996
550,ridge,0.01,0.0025,0.1,0.011490953395524663,validation,False,19,0.0,0,1.0,0.0,0.0,0.0,-0.0,0.009302505172710068,-0.0,0.02564635025182581,0.02564635025182581
550,ridge,0.01,0.0025,0.1,0.020839842362662432,validation,False,19,0.0,0,1.0,0.0,0.0,0.0,-0.0,0.009302505172710068,-0.0,0.02564635025182581,0.02564635025182581
550,ridge,0.01,0.0025,0.1,0.026057095940530833,validation,False,19,0.05263157894736842,1,0.0,0.0,1.0,0.0200520023614865,0.0010553685453413948,0.009302505172710068,0.11344992835235777,0.02564635025182581,0.02459098170648441
550,ridge,0.01,0.0025,0.1,0.12074154053928698,validation,False,19,0.05263157894736842,1,0.0,0.0,1.0,0.0200520023614865,0.0010553685453413948,0.009302505172710068,0.11344992835235777,0.02564635025182581,0.02459098170648441
550,ridge,0.01,0.0025,0.2,0.011490953395524663,validation,False,19,0.0,0,1.0,0.0,0.0,0.0,-0.0,0.009302505172710068,-0.0,0.02564635025182581,0.02564635025182581
550,ridge,0.01,0.0025,0.2,0.020839842362662432,validation,False,19,0.0,0,1.0,0.0,0.0,0.0,-0.0,0.009302505172710068,-0.0,0.02564635025182581,0.02564635025182581
550,ridge,0.01,0.0025,0.2,0.026057095940530833,validation,False,19,0.05263157894736842,1,0.0,0.0,1.0,0.0200520023614865,0.0010553685453413948,0.009302505172710068,0.11344992835235777,0.02564635025182581,0.02459098170648441
550,ridge,0.01,0.0025,0.2,0.12074154053928698,validation,False,19,0.05263157894736842,1,0.0,0.0,1.0,0.0200520023614865,0.0010553685453413948,0.009302505172710068,0.11344992835235777,0.02564635025182581,0.02459098170648441
550,ridge,0.01,0.0025,0.3,0.011490953395524663,validation,False,19,0.0,0,1.0,0.0,0.0,0.0,-0.0,0.009302505172710068,-0.0,0.02564635025182581,0.02564635025182581
550,ridge,0.01,0.0025,0.3,0.020839842362662432,validation,False,19,0.0,0,1.0,0.0,0.0,0.0,-0.0,0.009302505172710068,-0.0,0.02564635025182581,0.02564635025182581
550,ridge,0.01,0.0025,0.3,0.026057095940530833,validation,False,19,0.05263157894736842,1,0.0,0.0,1.0,0.0200520023614865,0.0010553685453413948,0.009302505172710068,0.11344992835235777,0.02564635025182581,0.02459098170648441
550,ridge,0.01,0.0025,0.3,0.12074154053928698,validation,False,19,0.05263157894736842,1,0.0,0.0,1.0,0.0200520023614865,0.0010553685453413948,0.009302505172710068,0.11344992835235777,0.02564635025182581,0.02459098170648441
550,ridge,0.01,0.0025,0.4,0.011490953395524663,validation,False,19,0.0,0,1.0,0.0,0.0,0.0,-0.0,0.009302505172710068,-0.0,0.02564635025182581,0.02564635025182581
550,ridge,0.01,0.0025,0.4,0.020839842362662432,validation,False,19,0.0,0,1.0,0.0,0.0,0.0,-0.0,0.009302505172710068,-0.0,0.02564635025182581,0.02564635025182581
550,ridge,0.01,0.0025,0.4,0.026057095940530833,validation,False,19,0.05263157894736842,1,0.0,0.0,1.0,0.0200520023614865,0.0010553685453413948,0.009302505172710068,0.11344992835235777,0.02564635025182581,0.02459098170648441
550,ridge,0.01,0.0025,0.4,0.12074154053928698,validation,False,19,0.05263157894736842,1,0.0,0.0,1.0,0.0200520023614865,0.0010553685453413948,0.009302505172710068,0.11344992835235777,0.02564635025182581,0.02459098170648441
550,ridge,0.01,0.005,0.1,0.011490953395524663,validation,False,19,0.0,0,1.0,0.0,0.0,0.0,-0.0,0.009302505172710068,-0.0,0.02564635025182581,0.02564635025182581
550,ridge,0.01,0.005,0.1,0.020839842362662432,validation,False,19,0.0,0,1.0,0.0,0.0,0.0,-0.0,0.009302505172710068,-0.0,0.02564635025182581,0.02564635025182581
550,ridge,0.01,0.005,0.1,0.026057095940530833,validation,False,19,0.05263157894736842,1,0.0,0.0,1.0,0.0200520023614865,0.0010553685453413948,0.009302505172710068,0.11344992835235777,0.02564635025182581,0.02459098170648441
550,ridge,0.01,0.005,0.1,0.12074154053928698,validation,False,19,0.05263157894736842,1,0.0,0.0,1.0,0.0200520023614865,0.0010553685453413948,0.009302505172710068,0.11344992835235777,0.02564635025182581,0.02459098170648441
550,ridge,0.01,0.005,0.2,0.011490953395524663,validation,False,19,0.0,0,1.0,0.0,0.0,0.0,-0.0,0.009302505172710068,-0.0,0.02564635025182581,0.02564635025182581
550,ridge,0.01,0.005,0.2,0.020839842362662432,validation,False,19,0.0,0,1.0,0.0,0.0,0.0,-0.0,0.009302505172710068,-0.0,0.02564635025182581,0.02564635025182581
550,ridge,0.01,0.005,0.2,0.026057095940530833,validation,False,19,0.05263157894736842,1,0.0,0.0,1.0,0.0200520023614865,0.0010553685453413948,0.009302505172710068,0.11344992835235777,0.02564635025182581,0.02459098170648441
550,ridge,0.01,0.005,0.2,0.12074154053928698,validation,False,19,0.05263157894736842,1,0.0,0.0,1.0,0.0200520023614865,0.0010553685453413948,0.009302505172710068,0.11344992835235777,0.02564635025182581,0.02459098170648441
550,ridge,0.01,0.005,0.3,0.011490953395524663,validation,False,19,0.0,0,1.0,0.0,0.0,0.0,-0.0,0.009302505172710068,-0.0,0.02564635025182581,0.02564635025182581
550,ridge,0.01,0.005,0.3,0.020839842362662432,validation,False,19,0.0,0,1.0,0.0,0.0,0.0,-0.0,0.009302505172710068,-0.0,0.02564635025182581,0.02564635025182581
550,ridge,0.01,0.005,0.3,0.026057095940530833,validation,False,19,0.05263157894736842,1,0.0,0.0,1.0,0.0200520023614865,0.0010553685453413948,0.009302505172710068,0.11344992835235777,0.02564635025182581,0.02459098170648441
550,ridge,0.01,0.005,0.3,0.12074154053928698,validation,False,19,0.05263157894736842,1,0.0,0.0,1.0,0.0200520023614865,0.0010553685453413948,0.009302505172710068,0.11344992835235777,0.02564635025182581,0.02459098170648441
550,ridge,0.01,0.005,0.4,0.011490953395524663,validation,False,19,0.0,0,1.0,0.0,0.0,0.0,-0.0,0.009302505172710068,-0.0,0.02564635025182581,0.02564635025182581
550,ridge,0.01,0.005,0.4,0.020839842362662432,validation,False,19,0.0,0,1.0,0.0,0.0,0.0,-0.0,0.009302505172710068,-0.0,0.02564635025182581,0.02564635025182581
550,ridge,0.01,0.005,0.4,0.026057095940530833,validation,False,19,0.05263157894736842,1,0.0,0.0,1.0,0.0200520023614865,0.0010553685453413948,0.009302505172710068,0.11344992835235777,0.02564635025182581,0.02459098170648441
550,ridge,0.01,0.005,0.4,0.12074154053928698,validation,False,19,0.05263157894736842,1,0.0,0.0,1.0,0.0200520023614865,0.0010553685453413948,0.009302505172710068,0.11344992835235777,0.02564635025182581,0.02459098170648441
550,tree,0.0,0.0,0.1,0.004979433858034696,validation,False,19,0.05263157894736842,1,0.0,0.0,1.0,2.3032916561899815e-05,1.2122587664157798e-06,0.009302505172710068,0.0001303153015138412,0.02564635025182581,0.02564513799305939
550,tree,0.0,0.0,0.1,0.006765313240449253,validation,False,19,0.05263157894736842,1,0.0,0.0,1.0,2.3032916561899815e-05,1.2122587664157798e-06,0.009302505172710068,0.0001303153015138412,0.02564635025182581,0.02564513799305939
550,tree,0.0,0.0,0.1,0.009946954278489184,validation,False,19,0.05263157894736842,1,0.0,0.0,1.0,2.3032916561899815e-05,1.2122587664157798e-06,0.009302505172710068,0.0001303153015138412,0.02564635025182581,0.02564513799305939
550,tree,0.0,0.0,0.1,0.01615525951783533,validation,False,19,0.05263157894736842,1,0.0,0.0,1.0,2.3032916561899815e-05,1.2122587664157798e-06,0.009302505172710068,0.0001303153015138412,0.02564635025182581,0.02564513799305939
550,tree,0.0,0.0,0.2,0.004979433858034696,validation,False,19,0.10526315789473684,2,0.5,0.05263157894736842,0.5,-0.003665410142214251,-0.0003858326465488685,0.009302505172710068,-0.041476208761565804,0.02564635025182581,0.026032182898374674
550,tree,0.0,0.0,0.2,0.006765313240449253,validation,False,19,0.10526315789473684,2,0.5,0.05263157894736842,0.5,-0.003665410142214251,-0.0003858326465488685,0.009302505172710068,-0.041476208761565804,0.02564635025182581,0.026032182898374674
550,tree,0.0,0.0,0.2,0.009946954278489184,validation,False,19,0.15789473684210525,3,0.6666666666666666,0.10526315789473684,0.3333333333333333,-0.0125477034201301,-0.0019812163294942262,0.009302505172710068,-0.2129766436794192,0.02564635025182581,0.02762756658132003
550,tree,0.0,0.0,0.2,0.01615525951783533,validation,False,19,0.15789473684210525,3,0.6666666666666666,0.10526315789473684,0.3333333333333333,-0.0125477034201301,-0.0019812163294942262,0.009302505172710068,-0.2129766436794192,0.02564635025182581,0.02762756658132003
550,tree,0.0,0.0,0.3,0.004979433858034696,validation,False,19,0.10526315789473684,2,0.5,0.05263157894736842,0.5,-0.003665410142214251,-0.0003858326465488685,0.009302505172710068,-0.041476208761565804,0.02564635025182581,0.026032182898374674
550,tree,0.0,0.0,0.3,0.006765313240449253,validation,False,19,0.15789473684210525,3,0.3333333333333333,0.05263157894736842,0.6666666666666666,-0.0024369129688442005,-0.0003847757319227685,0.009302505172710068,-0.04136259263274057,0.02564635025182581,0.026031125983748574
550,tree,0.0,0.0,0.3,0.009946954278489184,validation,False,19,0.21052631578947367,4,0.5,0.10526315789473684,0.5,-0.0094057572206236,-0.0019801594148681264,0.009302505172710068,-0.212863027550594,0.02564635025182581,0.02762650966669393
550,tree,0.0,0.0,0.3,0.01615525951783533,validation,False,19,0.21052631578947367,4,0.5,0.10526315789473684,0.5,-0.0094057572206236,-0.0019801594148681264,0.009302505172710068,-0.212863027550594,0.02564635025182581,0.02762650966669393
550,tree,0.0,0.0,0.4,0.004979433858034696,validation,False,19,0.10526315789473684,2,0.5,0.05263157894736842,0.5,-0.003665410142214251,-0.0003858326465488685,0.009302505172710068,-0.041476208761565804,0.02564635025182581,0.026032182898374674
550,tree,0.0,0.0,0.4,0.006765313240449253,validation,False,19,0.15789473684210525,3,0.3333333333333333,0.05263157894736842,0.6666666666666666,-0.0024369129688442005,-0.0003847757319227685,0.009302505172710068,-0.04136259263274057,0.02564635025182581,0.026031125983748574
550,tree,0.0,0.0,0.4,0.009946954278489184,validation,False,19,0.21052631578947367,4,0.5,0.10526315789473684,0.5,-0.0094057572206236,-0.0019801594148681264,0.009302505172710068,-0.212863027550594,0.02564635025182581,0.02762650966669393
550,tree,0.0,0.0,0.4,0.01615525951783533,validation,False,19,0.21052631578947367,4,0.5,0.10526315789473684,0.5,-0.0094057572206236,-0.0019801594148681264,0.009302505172710068,-0.212863027550594,0.02564635025182581,0.02762650966669393
550,tree,0.0,0.0025,0.1,0.004979433858034696,validation,False,19,0.0,0,1.0,0.0,0.0,0.0,-0.0,0.009302505172710068,-0.0,0.02564635025182581,0.02564635025182581
550,tree,0.0,0.0025,0.1,0.006765313240449253,validation,False,19,0.0,0,1.0,0.0,0.0,0.0,-0.0,0.009302505172710068,-0.0,0.02564635025182581,0.02564635025182581
550,tree,0.0,0.0025,0.1,0.009946954278489184,validation,False,19,0.0,0,1.0,0.0,0.0,0.0,-0.0,0.009302505172710068,-0.0,0.02564635025182581,0.02564635025182581
550,tree,0.0,0.0025,0.1,0.01615525951783533,validation,False,19,0.0,0,1.0,0.0,0.0,0.0,-0.0,0.009302505172710068,-0.0,0.02564635025182581,0.02564635025182581
550,tree,0.0,0.0025,0.2,0.004979433858034696,validation,False,19,0.0,0,1.0,0.0,0.0,0.0,-0.0,0.009302505172710068,-0.0,0.02564635025182581,0.02564635025182581
550,tree,0.0,0.0025,0.2,0.006765313240449253,validation,False,19,0.0,0,1.0,0.0,0.0,0.0,-0.0,0.009302505172710068,-0.0,0.02564635025182581,0.02564635025182581
550,tree,0.0,0.0025,0.2,0.009946954278489184,validation,False,19,0.0,0,1.0,0.0,0.0,0.0,-0.0,0.009302505172710068,-0.0,0.02564635025182581,0.02564635025182581
550,tree,0.0,0.0025,0.2,0.01615525951783533,validation,False,19,0.0,0,1.0,0.0,0.0,0.0,-0.0,0.009302505172710068,-0.0,0.02564635025182581,0.02564635025182581
550,tree,0.0,0.0025,0.3,0.004979433858034696,validation,False,19,0.0,0,1.0,0.0,0.0,0.0,-0.0,0.009302505172710068,-0.0,0.02564635025182581,0.02564635025182581
550,tree,0.0,0.0025,0.3,0.006765313240449253,validation,False,19,0.05263157894736842,1,0.0,0.0,1.0,2.0081377895900254e-05,1.0569146261000133e-06,0.009302505172710068,0.00011361612882523191,0.02564635025182581,0.025645293337199705
550,tree,0.0,0.0025,0.3,0.009946954278489184,validation,False,19,0.05263157894736842,1,0.0,0.0,1.0,2.0081377895900254e-05,1.0569146261000133e-06,0.009302505172710068,0.00011361612882523191,0.02564635025182581,0.025645293337199705
550,tree,0.0,0.0025,0.3,0.01615525951783533,validation,False,19,0.05263157894736842,1,0.0,0.0,1.0,2.0081377895900254e-05,1.0569146261000133e-06,0.009302505172710068,0.00011361612882523191,0.02564635025182581,0.025645293337199705
550,tree,0.0,0.0025,0.4,0.004979433858034696,validation,False,19,0.0,0,1.0,0.0,0.0,0.0,-0.0,0.009302505172710068,-0.0,0.02564635025182581,0.02564635025182581
550,tree,0.0,0.0025,0.4,0.006765313240449253,validation,False,19,0.05263157894736842,1,0.0,0.0,1.0,2.0081377895900254e-05,1.0569146261000133e-06,0.009302505172710068,0.00011361612882523191,0.02564635025182581,0.025645293337199705
550,tree,0.0,0.0025,0.4,0.009946954278489184,validation,False,19,0.05263157894736842,1,0.0,0.0,1.0,2.0081377895900254e-05,1.0569146261000133e-06,0.009302505172710068,0.00011361612882523191,0.02564635025182581,0.025645293337199705
550,tree,0.0,0.0025,0.4,0.01615525951783533,validation,False,19,0.05263157894736842,1,0.0,0.0,1.0,2.0081377895900254e-05,1.0569146261000133e-06,0.009302505172710068,0.00011361612882523191,0.02564635025182581,0.025645293337199705
550,tree,0.0,0.005,0.1,0.004979433858034696,validation,False,19,0.0,0,1.0,0.0,0.0,0.0,-0.0,0.009302505172710068,-0.0,0.02564635025182581,0.02564635025182581
550,tree,0.0,0.005,0.1,0.006765313240449253,validation,False,19,0.0,0,1.0,0.0,0.0,0.0,-0.0,0.009302505172710068,-0.0,0.02564635025182581,0.02564635025182581
550,tree,0.0,0.005,0.1,0.009946954278489184,validation,False,19,0.0,0,1.0,0.0,0.0,0.0,-0.0,0.009302505172710068,-0.0,0.02564635025182581,0.02564635025182581
550,tree,0.0,0.005,0.1,0.01615525951783533,validation,False,19,0.0,0,1.0,0.0,0.0,0.0,-0.0,0.009302505172710068,-0.0,0.02564635025182581,0.02564635025182581
550,tree,0.0,0.005,0.2,0.004979433858034696,validation,False,19,0.0,0,1.0,0.0,0.0,0.0,-0.0,0.009302505172710068,-0.0,0.02564635025182581,0.02564635025182581
550,tree,0.0,0.005,0.2,0.006765313240449253,validation,False,19,0.0,0,1.0,0.0,0.0,0.0,-0.0,0.009302505172710068,-0.0,0.02564635025182581,0.02564635025182581
550,tree,0.0,0.005,0.2,0.009946954278489184,validation,False,19,0.0,0,1.0,0.0,0.0,0.0,-0.0,0.009302505172710068,-0.0,0.02564635025182581,0.02564635025182581
550,tree,0.0,0.005,0.2,0.01615525951783533,validation,False,19,0.0,0,1.0,0.0,0.0,0.0,-0.0,0.009302505172710068,-0.0,0.02564635025182581,0.02564635025182581
550,tree,0.0,0.005,0.3,0.004979433858034696,validation,False,19,0.0,0,1.0,0.0,0.0,0.0,-0.0,0.009302505172710068,-0.0,0.02564635025182581,0.02564635025182581
550,tree,0.0,0.005,0.3,0.006765313240449253,validation,False,19,0.05263157894736842,1,0.0,0.0,1.0,2.0081377895900254e-05,1.0569146261000133e-06,0.009302505172710068,0.00011361612882523191,0.02564635025182581,0.025645293337199705
550,tree,0.0,0.005,0.3,0.009946954278489184,validation,False,19,0.05263157894736842,1,0.0,0.0,1.0,2.0081377895900254e-05,1.0569146261000133e-06,0.009302505172710068,0.00011361612882523191,0.02564635025182581,0.025645293337199705
550,tree,0.0,0.005,0.3,0.01615525951783533,validation,False,19,0.05263157894736842,1,0.0,0.0,1.0,2.0081377895900254e-05,1.0569146261000133e-06,0.009302505172710068,0.00011361612882523191,0.02564635025182581,0.025645293337199705
550,tree,0.0,0.005,0.4,0.004979433858034696,validation,False,19,0.0,0,1.0,0.0,0.0,0.0,-0.0,0.009302505172710068,-0.0,0.02564635025182581,0.02564635025182581
550,tree,0.0,0.005,0.4,0.006765313240449253,validation,False,19,0.05263157894736842,1,0.0,0.0,1.0,2.0081377895900254e-05,1.0569146261000133e-06,0.009302505172710068,0.00011361612882523191,0.02564635025182581,0.025645293337199705
550,tree,0.0,0.005,0.4,0.009946954278489184,validation,False,19,0.05263157894736842,1,0.0,0.0,1.0,2.0081377895900254e-05,1.0569146261000133e-06,0.009302505172710068,0.00011361612882523191,0.02564635025182581,0.025645293337199705
550,tree,0.0,0.005,0.4,0.01615525951783533,validation,False,19,0.05263157894736842,1,0.0,0.0,1.0,2.0081377895900254e-05,1.0569146261000133e-06,0.009302505172710068,0.00011361612882523191,0.02564635025182581,0.025645293337199705
550,tree,0.0025,0.0,0.1,0.004979433858034696,validation,False,19,0.05263157894736842,1,0.0,0.0,1.0,2.3032916561899815e-05,1.2122587664157798e-06,0.009302505172710068,0.0001303153015138412,0.02564635025182581,0.02564513799305939
550,tree,0.0025,0.0,0.1,0.006765313240449253,validation,False,19,0.05263157894736842,1,0.0,0.0,1.0,2.3032916561899815e-05,1.2122587664157798e-06,0.009302505172710068,0.0001303153015138412,0.02564635025182581,0.02564513799305939
550,tree,0.0025,0.0,0.1,0.009946954278489184,validation,False,19,0.05263157894736842,1,0.0,0.0,1.0,2.3032916561899815e-05,1.2122587664157798e-06,0.009302505172710068,0.0001303153015138412,0.02564635025182581,0.02564513799305939
550,tree,0.0025,0.0,0.1,0.01615525951783533,validation,False,19,0.05263157894736842,1,0.0,0.0,1.0,2.3032916561899815e-05,1.2122587664157798e-06,0.009302505172710068,0.0001303153015138412,0.02564635025182581,0.02564513799305939
550,tree,0.0025,0.0,0.2,0.004979433858034696,validation,False,19,0.10526315789473684,2,0.5,0.05263157894736842,0.5,-0.003665410142214251,-0.0003858326465488685,0.009302505172710068,-0.041476208761565804,0.02564635025182581,0.026032182898374674
550,tree,0.0025,0.0,0.2,0.006765313240449253,validation,False,19,0.10526315789473684,2,0.5,0.05263157894736842,0.5,-0.003665410142214251,-0.0003858326465488685,0.009302505172710068,-0.041476208761565804,0.02564635025182581,0.026032182898374674
550,tree,0.0025,0.0,0.2,0.009946954278489184,validation,False,19,0.15789473684210525,3,0.6666666666666666,0.10526315789473684,0.3333333333333333,-0.0125477034201301,-0.0019812163294942262,0.009302505172710068,-0.2129766436794192,0.02564635025182581,0.02762756658132003
550,tree,0.0025,0.0,0.2,0.01615525951783533,validation,False,19,0.15789473684210525,3,0.6666666666666666,0.10526315789473684,0.3333333333333333,-0.0125477034201301,-0.0019812163294942262,0.009302505172710068,-0.2129766436794192,0.02564635025182581,0.02762756658132003
550,tree,0.0025,0.0,0.3,0.004979433858034696,validation,False,19,0.10526315789473684,2,0.5,0.05263157894736842,0.5,-0.003665410142214251,-0.0003858326465488685,0.009302505172710068,-0.041476208761565804,0.02564635025182581,0.026032182898374674
550,tree,0.0025,0.0,0.3,0.006765313240449253,validation,False,19,0.15789473684210525,3,0.3333333333333333,0.05263157894736842,0.6666666666666666,-0.0024369129688442005,-0.0003847757319227685,0.009302505172710068,-0.04136259263274057,0.02564635025182581,0.026031125983748574
550,tree,0.0025,0.0,0.3,0.009946954278489184,validation,False,19,0.21052631578947367,4,0.5,0.10526315789473684,0.5,-0.0094057572206236,-0.0019801594148681264,0.009302505172710068,-0.212863027550594,0.02564635025182581,0.02762650966669393
550,tree,0.0025,0.0,0.3,0.01615525951783533,validation,False,19,0.21052631578947367,4,0.5,0.10526315789473684,0.5,-0.0094057572206236,-0.0019801594148681264,0.009302505172710068,-0.212863027550594,0.02564635025182581,0.02762650966669393
550,tree,0.0025,0.0,0.4,0.004979433858034696,validation,False,19,0.10526315789473684,2,0.5,0.05263157894736842,0.5,-0.003665410142214251,-0.0003858326465488685,0.009302505172710068,-0.041476208761565804,0.02564635025182581,0.026032182898374674
550,tree,0.0025,0.0,0.4,0.006765313240449253,validation,False,19,0.15789473684210525,3,0.3333333333333333,0.05263157894736842,0.6666666666666666,-0.0024369129688442005,-0.0003847757319227685,0.009302505172710068,-0.04136259263274057,0.02564635025182581,0.026031125983748574
550,tree,0.0025,0.0,0.4,0.009946954278489184,validation,False,19,0.21052631578947367,4,0.5,0.10526315789473684,0.5,-0.0094057572206236,-0.0019801594148681264,0.009302505172710068,-0.212863027550594,0.02564635025182581,0.02762650966669393
550,tree,0.0025,0.0,0.4,0.01615525951783533,validation,False,19,0.21052631578947367,4,0.5,0.10526315789473684,0.5,-0.0094057572206236,-0.0019801594148681264,0.009302505172710068,-0.212863027550594,0.02564635025182581,0.02762650966669393
550,tree,0.0025,0.0025,0.1,0.004979433858034696,validation,False,19,0.0,0,1.0,0.0,0.0,0.0,-0.0,0.009302505172710068,-0.0,0.02564635025182581,0.02564635025182581
550,tree,0.0025,0.0025,0.1,0.006765313240449253,validation,False,19,0.0,0,1.0,0.0,0.0,0.0,-0.0,0.009302505172710068,-0.0,0.02564635025182581,0.02564635025182581
550,tree,0.0025,0.0025,0.1,0.009946954278489184,validation,False,19,0.0,0,1.0,0.0,0.0,0.0,-0.0,0.009302505172710068,-0.0,0.02564635025182581,0.02564635025182581
550,tree,0.0025,0.0025,0.1,0.01615525951783533,validation,False,19,0.0,0,1.0,0.0,0.0,0.0,-0.0,0.009302505172710068,-0.0,0.02564635025182581,0.02564635025182581
550,tree,0.0025,0.0025,0.2,0.004979433858034696,validation,False,19,0.0,0,1.0,0.0,0.0,0.0,-0.0,0.009302505172710068,-0.0,0.02564635025182581,0.02564635025182581
550,tree,0.0025,0.0025,0.2,0.006765313240449253,validation,False,19,0.0,0,1.0,0.0,0.0,0.0,-0.0,0.009302505172710068,-0.0,0.02564635025182581,0.02564635025182581
550,tree,0.0025,0.0025,0.2,0.009946954278489184,validation,False,19,0.0,0,1.0,0.0,0.0,0.0,-0.0,0.009302505172710068,-0.0,0.02564635025182581,0.02564635025182581
550,tree,0.0025,0.0025,0.2,0.01615525951783533,validation,False,19,0.0,0,1.0,0.0,0.0,0.0,-0.0,0.009302505172710068,-0.0,0.02564635025182581,0.02564635025182581
550,tree,0.0025,0.0025,0.3,0.004979433858034696,validation,False,19,0.0,0,1.0,0.0,0.0,0.0,-0.0,0.009302505172710068,-0.0,0.02564635025182581,0.02564635025182581
550,tree,0.0025,0.0025,0.3,0.006765313240449253,validation,False,19,0.05263157894736842,1,0.0,0.0,1.0,2.0081377895900254e-05,1.0569146261000133e-06,0.009302505172710068,0.00011361612882523191,0.02564635025182581,0.025645293337199705
550,tree,0.0025,0.0025,0.3,0.009946954278489184,validation,False,19,0.05263157894736842,1,0.0,0.0,1.0,2.0081377895900254e-05,1.0569146261000133e-06,0.009302505172710068,0.00011361612882523191,0.02564635025182581,0.025645293337199705
550,tree,0.0025,0.0025,0.3,0.01615525951783533,validation,False,19,0.05263157894736842,1,0.0,0.0,1.0,2.0081377895900254e-05,1.0569146261000133e-06,0.009302505172710068,0.00011361612882523191,0.02564635025182581,0.025645293337199705
550,tree,0.0025,0.0025,0.4,0.004979433858034696,validation,False,19,0.0,0,1.0,0.0,0.0,0.0,-0.0,0.009302505172710068,-0.0,0.02564635025182581,0.02564635025182581
550,tree,0.0025,0.0025,0.4,0.006765313240449253,validation,False,19,0.05263157894736842,1,0.0,0.0,1.0,2.0081377895900254e-05,1.0569146261000133e-06,0.009302505172710068,0.00011361612882523191,0.02564635025182581,0.025645293337199705
550,tree,0.0025,0.0025,0.4,0.009946954278489184,validation,False,19,0.05263157894736842,1,0.0,0.0,1.0,2.0081377895900254e-05,1.0569146261000133e-06,0.009302505172710068,0.00011361612882523191,0.02564635025182581,0.025645293337199705
550,tree,0.0025,0.0025,0.4,0.01615525951783533,validation,False,19,0.05263157894736842,1,0.0,0.0,1.0,2.0081377895900254e-05,1.0569146261000133e-06,0.009302505172710068,0.00011361612882523191,0.02564635025182581,0.025645293337199705
550,tree,0.0025,0.005,0.1,0.004979433858034696,validation,False,19,0.0,0,1.0,0.0,0.0,0.0,-0.0,0.009302505172710068,-0.0,0.02564635025182581,0.02564635025182581
550,tree,0.0025,0.005,0.1,0.006765313240449253,validation,False,19,0.0,0,1.0,0.0,0.0,0.0,-0.0,0.009302505172710068,-0.0,0.02564635025182581,0.02564635025182581
550,tree,0.0025,0.005,0.1,0.009946954278489184,validation,False,19,0.0,0,1.0,0.0,0.0,0.0,-0.0,0.009302505172710068,-0.0,0.02564635025182581,0.02564635025182581
550,tree,0.0025,0.005,0.1,0.01615525951783533,validation,False,19,0.0,0,1.0,0.0,0.0,0.0,-0.0,0.009302505172710068,-0.0,0.02564635025182581,0.02564635025182581
550,tree,0.0025,0.005,0.2,0.004979433858034696,validation,False,19,0.0,0,1.0,0.0,0.0,0.0,-0.0,0.009302505172710068,-0.0,0.02564635025182581,0.02564635025182581
550,tree,0.0025,0.005,0.2,0.006765313240449253,validation,False,19,0.0,0,1.0,0.0,0.0,0.0,-0.0,0.009302505172710068,-0.0,0.02564635025182581,0.02564635025182581
550,tree,0.0025,0.005,0.2,0.009946954278489184,validation,False,19,0.0,0,1.0,0.0,0.0,0.0,-0.0,0.009302505172710068,-0.0,0.02564635025182581,0.02564635025182581
550,tree,0.0025,0.005,0.2,0.01615525951783533,validation,False,19,0.0,0,1.0,0.0,0.0,0.0,-0.0,0.009302505172710068,-0.0,0.02564635025182581,0.02564635025182581
550,tree,0.0025,0.005,0.3,0.004979433858034696,validation,False,19,0.0,0,1.0,0.0,0.0,0.0,-0.0,0.009302505172710068,-0.0,0.02564635025182581,0.02564635025182581
550,tree,0.0025,0.005,0.3,0.006765313240449253,validation,False,19,0.05263157894736842,1,0.0,0.0,1.0,2.0081377895900254e-05,1.0569146261000133e-06,0.009302505172710068,0.00011361612882523191,0.02564635025182581,0.025645293337199705
550,tree,0.0025,0.005,0.3,0.009946954278489184,validation,False,19,0.05263157894736842,1,0.0,0.0,1.0,2.0081377895900254e-05,1.0569146261000133e-06,0.009302505172710068,0.00011361612882523191,0.02564635025182581,0.025645293337199705
550,tree,0.0025,0.005,0.3,0.01615525951783533,validation,False,19,0.05263157894736842,1,0.0,0.0,1.0,2.0081377895900254e-05,1.0569146261000133e-06,0.009302505172710068,0.00011361612882523191,0.02564635025182581,0.025645293337199705
550,tree,0.0025,0.005,0.4,0.004979433858034696,validation,False,19,0.0,0,1.0,0.0,0.0,0.0,-0.0,0.009302505172710068,-0.0,0.02564635025182581,0.02564635025182581
550,tree,0.0025,0.005,0.4,0.006765313240449253,validation,False,19,0.05263157894736842,1,0.0,0.0,1.0,2.0081377895900254e-05,1.0569146261000133e-06,0.009302505172710068,0.00011361612882523191,0.02564635025182581,0.025645293337199705
550,tree,0.0025,0.005,0.4,0.009946954278489184,validation,False,19,0.05263157894736842,1,0.0,0.0,1.0,2.0081377895900254e-05,1.0569146261000133e-06,0.009302505172710068,0.00011361612882523191,0.02564635025182581,0.025645293337199705
550,tree,0.0025,0.005,0.4,0.01615525951783533,validation,False,19,0.05263157894736842,1,0.0,0.0,1.0,2.0081377895900254e-05,1.0569146261000133e-06,0.009302505172710068,0.00011361612882523191,0.02564635025182581,0.025645293337199705
550,tree,0.005,0.0,0.1,0.004979433858034696,validation,False,19,0.05263157894736842,1,0.0,0.0,1.0,2.3032916561899815e-05,1.2122587664157798e-06,0.009302505172710068,0.0001303153015138412,0.02564635025182581,0.02564513799305939
550,tree,0.005,0.0,0.1,0.006765313240449253,validation,False,19,0.05263157894736842,1,0.0,0.0,1.0,2.3032916561899815e-05,1.2122587664157798e-06,0.009302505172710068,0.0001303153015138412,0.02564635025182581,0.02564513799305939
550,tree,0.005,0.0,0.1,0.009946954278489184,validation,False,19,0.05263157894736842,1,0.0,0.0,1.0,2.3032916561899815e-05,1.2122587664157798e-06,0.009302505172710068,0.0001303153015138412,0.02564635025182581,0.02564513799305939
550,tree,0.005,0.0,0.1,0.01615525951783533,validation,False,19,0.05263157894736842,1,0.0,0.0,1.0,2.3032916561899815e-05,1.2122587664157798e-06,0.009302505172710068,0.0001303153015138412,0.02564635025182581,0.02564513799305939
550,tree,0.005,0.0,0.2,0.004979433858034696,validation,False,19,0.05263157894736842,1,0.0,0.0,1.0,2.3032916561899815e-05,1.2122587664157798e-06,0.009302505172710068,0.0001303153015138412,0.02564635025182581,0.02564513799305939
550,tree,0.005,0.0,0.2,0.006765313240449253,validation,False,19,0.05263157894736842,1,0.0,0.0,1.0,2.3032916561899815e-05,1.2122587664157798e-06,0.009302505172710068,0.0001303153015138412,0.02564635025182581,0.02564513799305939
550,tree,0.005,0.0,0.2,0.009946954278489184,validation,False,19,0.10526315789473684,2,0.5,0.05263157894736842,0.5,-0.01514462852969995,-0.001594171424178942,0.009302505172710068,-0.1713701196163396,0.02564635025182581,0.027240521676004745
550,tree,0.005,0.0,0.2,0.01615525951783533,validation,False,19,0.10526315789473684,2,0.5,0.05263157894736842,0.5,-0.01514462852969995,-0.001594171424178942,0.009302505172710068,-0.1713701196163396,0.02564635025182581,0.027240521676004745
550,tree,0.005,0.0,0.3,0.004979433858034696,validation,False,19,0.05263157894736842,1,0.0,0.0,1.0,2.3032916561899815e-05,1.2122587664157798e-06,0.009302505172710068,0.0001303153015138412,0.02564635025182581,0.02564513799305939
550,tree,0.005,0.0,0.3,0.006765313240449253,validation,False,19,0.10526315789473684,2,0.0,0.0,1.0,2.1557147228900035e-05,2.269173392515793e-06,0.009302505172710068,0.0002439314303390731,0.02564635025182581,0.02564408107843329
550,tree,0.005,0.0,0.3,0.009946954278489184,validation,False,19,0.15789473684210525,3,0.3333333333333333,0.05263157894736842,0.6666666666666666,-0.010089725227168,-0.0015931145095528423,0.009302505172710068,-0.1712565034875144,0.02564635025182581,0.027239464761378646
550,tree,0.005,0.0,0.3,0.01615525951783533,validation,False,19,0.15789473684210525,3,0.3333333333333333,0.05263157894736842,0.6666666666666666,-0.010089725227168,-0.0015931145095528423,0.009302505172710068,-0.1712565034875144,0.02564635025182581,0.027239464761378646
550,tree,0.005,0.0,0.4,0.004979433858034696,validation,False,19,0.05263157894736842,1,0.0,0.0,1.0,2.3032916561899815e-05,1.2122587664157798e-06,0.009302505172710068,0.0001303153015138412,0.02564635025182581,0.02564513799305939
550,tree,0.005,0.0,0.4,0.006765313240449253,validation,False,19,0.10526315789473684,2,0.0,0.0,1.0,2.1557147228900035e-05,2.269173392515793e-06,0.009302505172710068,0.0002439314303390731,0.02564635025182581,0.02564408107843329
550,tree,0.005,0.0,0.4,0.009946954278489184,validation,False,19,0.15789473684210525,3,0.3333333333333333,0.05263157894736842,0.6666666666666666,-0.010089725227168,-0.0015931145095528423,0.009302505172710068,-0.1712565034875144,0.02564635025182581,0.027239464761378646
550,tree,0.005,0.0,0.4,0.01615525951783533,validation,False,19,0.15789473684210525,3,0.3333333333333333,0.05263157894736842,0.6666666666666666,-0.010089725227168,-0.0015931145095528423,0.009302505172710068,-0.1712565034875144,0.02564635025182581,0.027239464761378646
550,tree,0.005,0.0025,0.1,0.004979433858034696,validation,False,19,0.0,0,1.0,0.0,0.0,0.0,-0.0,0.009302505172710068,-0.0,0.02564635025182581,0.02564635025182581
550,tree,0.005,0.0025,0.1,0.006765313240449253,validation,False,19,0.0,0,1.0,0.0,0.0,0.0,-0.0,0.009302505172710068,-0.0,0.02564635025182581,0.02564635025182581
550,tree,0.005,0.0025,0.1,0.009946954278489184,validation,False,19,0.0,0,1.0,0.0,0.0,0.0,-0.0,0.009302505172710068,-0.0,0.02564635025182581,0.02564635025182581
550,tree,0.005,0.0025,0.1,0.01615525951783533,validation,False,19,0.0,0,1.0,0.0,0.0,0.0,-0.0,0.009302505172710068,-0.0,0.02564635025182581,0.02564635025182581
550,tree,0.005,0.0025,0.2,0.004979433858034696,validation,False,19,0.0,0,1.0,0.0,0.0,0.0,-0.0,0.009302505172710068,-0.0,0.02564635025182581,0.02564635025182581
550,tree,0.005,0.0025,0.2,0.006765313240449253,validation,False,19,0.0,0,1.0,0.0,0.0,0.0,-0.0,0.009302505172710068,-0.0,0.02564635025182581,0.02564635025182581
550,tree,0.005,0.0025,0.2,0.009946954278489184,validation,False,19,0.0,0,1.0,0.0,0.0,0.0,-0.0,0.009302505172710068,-0.0,0.02564635025182581,0.02564635025182581
550,tree,0.005,0.0025,0.2,0.01615525951783533,validation,False,19,0.0,0,1.0,0.0,0.0,0.0,-0.0,0.009302505172710068,-0.0,0.02564635025182581,0.02564635025182581
550,tree,0.005,0.0025,0.3,0.004979433858034696,validation,False,19,0.0,0,1.0,0.0,0.0,0.0,-0.0,0.009302505172710068,-0.0,0.02564635025182581,0.02564635025182581
550,tree,0.005,0.0025,0.3,0.006765313240449253,validation,False,19,0.05263157894736842,1,0.0,0.0,1.0,2.0081377895900254e-05,1.0569146261000133e-06,0.009302505172710068,0.00011361612882523191,0.02564635025182581,0.025645293337199705
550,tree,0.005,0.0025,0.3,0.009946954278489184,validation,False,19,0.05263157894736842,1,0.0,0.0,1.0,2.0081377895900254e-05,1.0569146261000133e-06,0.009302505172710068,0.00011361612882523191,0.02564635025182581,0.025645293337199705
550,tree,0.005,0.0025,0.3,0.01615525951783533,validation,False,19,0.05263157894736842,1,0.0,0.0,1.0,2.0081377895900254e-05,1.0569146261000133e-06,0.009302505172710068,0.00011361612882523191,0.02564635025182581,0.025645293337199705
550,tree,0.005,0.0025,0.4,0.004979433858034696,validation,False,19,0.0,0,1.0,0.0,0.0,0.0,-0.0,0.009302505172710068,-0.0,0.02564635025182581,0.02564635025182581
550,tree,0.005,0.0025,0.4,0.006765313240449253,validation,False,19,0.05263157894736842,1,0.0,0.0,1.0,2.0081377895900254e-05,1.0569146261000133e-06,0.009302505172710068,0.00011361612882523191,0.02564635025182581,0.025645293337199705
550,tree,0.005,0.0025,0.4,0.009946954278489184,validation,False,19,0.05263157894736842,1,0.0,0.0,1.0,2.0081377895900254e-05,1.0569146261000133e-06,0.009302505172710068,0.00011361612882523191,0.02564635025182581,0.025645293337199705
550,tree,0.005,0.0025,0.4,0.01615525951783533,validation,False,19,0.05263157894736842,1,0.0,0.0,1.0,2.0081377895900254e-05,1.0569146261000133e-06,0.009302505172710068,0.00011361612882523191,0.02564635025182581,0.025645293337199705
550,tree,0.005,0.005,0.1,0.004979433858034696,validation,False,19,0.0,0,1.0,0.0,0.0,0.0,-0.0,0.009302505172710068,-0.0,0.02564635025182581,0.02564635025182581
550,tree,0.005,0.005,0.1,0.006765313240449253,validation,False,19,0.0,0,1.0,0.0,0.0,0.0,-0.0,0.009302505172710068,-0.0,0.02564635025182581,0.02564635025182581
550,tree,0.005,0.005,0.1,0.009946954278489184,validation,False,19,0.0,0,1.0,0.0,0.0,0.0,-0.0,0.009302505172710068,-0.0,0.02564635025182581,0.02564635025182581
550,tree,0.005,0.005,0.1,0.01615525951783533,validation,False,19,0.0,0,1.0,0.0,0.0,0.0,-0.0,0.009302505172710068,-0.0,0.02564635025182581,0.02564635025182581
550,tree,0.005,0.005,0.2,0.004979433858034696,validation,False,19,0.0,0,1.0,0.0,0.0,0.0,-0.0,0.009302505172710068,-0.0,0.02564635025182581,0.02564635025182581
550,tree,0.005,0.005,0.2,0.006765313240449253,validation,False,19,0.0,0,1.0,0.0,0.0,0.0,-0.0,0.009302505172710068,-0.0,0.02564635025182581,0.02564635025182581
550,tree,0.005,0.005,0.2,0.009946954278489184,validation,False,19,0.0,0,1.0,0.0,0.0,0.0,-0.0,0.009302505172710068,-0.0,0.02564635025182581,0.02564635025182581
550,tree,0.005,0.005,0.2,0.01615525951783533,validation,False,19,0.0,0,1.0,0.0,0.0,0.0,-0.0,0.009302505172710068,-0.0,0.02564635025182581,0.02564635025182581
550,tree,0.005,0.005,0.3,0.004979433858034696,validation,False,19,0.0,0,1.0,0.0,0.0,0.0,-0.0,0.009302505172710068,-0.0,0.02564635025182581,0.02564635025182581
550,tree,0.005,0.005,0.3,0.006765313240449253,validation,False,19,0.05263157894736842,1,0.0,0.0,1.0,2.0081377895900254e-05,1.0569146261000133e-06,0.009302505172710068,0.00011361612882523191,0.02564635025182581,0.025645293337199705
550,tree,0.005,0.005,0.3,0.009946954278489184,validation,False,19,0.05263157894736842,1,0.0,0.0,1.0,2.0081377895900254e-05,1.0569146261000133e-06,0.009302505172710068,0.00011361612882523191,0.02564635025182581,0.025645293337199705
550,tree,0.005,0.005,0.3,0.01615525951783533,validation,False,19,0.05263157894736842,1,0.0,0.0,1.0,2.0081377895900254e-05,1.0569146261000133e-06,0.009302505172710068,0.00011361612882523191,0.02564635025182581,0.025645293337199705
550,tree,0.005,0.005,0.4,0.004979433858034696,validation,False,19,0.0,0,1.0,0.0,0.0,0.0,-0.0,0.009302505172710068,-0.0,0.02564635025182581,0.02564635025182581
550,tree,0.005,0.005,0.4,0.006765313240449253,validation,False,19,0.05263157894736842,1,0.0,0.0,1.0,2.0081377895900254e-05,1.0569146261000133e-06,0.009302505172710068,0.00011361612882523191,0.02564635025182581,0.025645293337199705
550,tree,0.005,0.005,0.4,0.009946954278489184,validation,False,19,0.05263157894736842,1,0.0,0.0,1.0,2.0081377895900254e-05,1.0569146261000133e-06,0.009302505172710068,0.00011361612882523191,0.02564635025182581,0.025645293337199705
550,tree,0.005,0.005,0.4,0.01615525951783533,validation,False,19,0.05263157894736842,1,0.0,0.0,1.0,2.0081377895900254e-05,1.0569146261000133e-06,0.009302505172710068,0.00011361612882523191,0.02564635025182581,0.025645293337199705
550,tree,0.01,0.0,0.1,0.004979433858034696,validation,False,19,0.0,0,1.0,0.0,0.0,0.0,-0.0,0.009302505172710068,-0.0,0.02564635025182581,0.02564635025182581
550,tree,0.01,0.0,0.1,0.006765313240449253,validation,False,19,0.0,0,1.0,0.0,0.0,0.0,-0.0,0.009302505172710068,-0.0,0.02564635025182581,0.02564635025182581
550,tree,0.01,0.0,0.1,0.009946954278489184,validation,False,19,0.0,0,1.0,0.0,0.0,0.0,-0.0,0.009302505172710068,-0.0,0.02564635025182581,0.02564635025182581
550,tree,0.01,0.0,0.1,0.01615525951783533,validation,False,19,0.0,0,1.0,0.0,0.0,0.0,-0.0,0.009302505172710068,-0.0,0.02564635025182581,0.02564635025182581
550,tree,0.01,0.0,0.2,0.004979433858034696,validation,False,19,0.0,0,1.0,0.0,0.0,0.0,-0.0,0.009302505172710068,-0.0,0.02564635025182581,0.02564635025182581
550,tree,0.01,0.0,0.2,0.006765313240449253,validation,False,19,0.0,0,1.0,0.0,0.0,0.0,-0.0,0.009302505172710068,-0.0,0.02564635025182581,0.02564635025182581
550,tree,0.01,0.0,0.2,0.009946954278489184,validation,False,19,0.0,0,1.0,0.0,0.0,0.0,-0.0,0.009302505172710068,-0.0,0.02564635025182581,0.02564635025182581
550,tree,0.01,0.0,0.2,0.01615525951783533,validation,False,19,0.0,0,1.0,0.0,0.0,0.0,-0.0,0.009302505172710068,-0.0,0.02564635025182581,0.02564635025182581
550,tree,0.01,0.0,0.3,0.004979433858034696,validation,False,19,0.0,0,1.0,0.0,0.0,0.0,-0.0,0.009302505172710068,-0.0,0.02564635025182581,0.02564635025182581
550,tree,0.01,0.0,0.3,0.006765313240449253,validation,False,19,0.05263157894736842,1,0.0,0.0,1.0,2.0081377895900254e-05,1.0569146261000133e-06,0.009302505172710068,0.00011361612882523191,0.02564635025182581,0.025645293337199705
550,tree,0.01,0.0,0.3,0.009946954278489184,validation,False,19,0.05263157894736842,1,0.0,0.0,1.0,2.0081377895900254e-05,1.0569146261000133e-06,0.009302505172710068,0.00011361612882523191,0.02564635025182581,0.025645293337199705
550,tree,0.01,0.0,0.3,0.01615525951783533,validation,False,19,0.05263157894736842,1,0.0,0.0,1.0,2.0081377895900254e-05,1.0569146261000133e-06,0.009302505172710068,0.00011361612882523191,0.02564635025182581,0.025645293337199705
550,tree,0.01,0.0,0.4,0.004979433858034696,validation,False,19,0.0,0,1.0,0.0,0.0,0.0,-0.0,0.009302505172710068,-0.0,0.02564635025182581,0.02564635025182581
550,tree,0.01,0.0,0.4,0.006765313240449253,validation,False,19,0.05263157894736842,1,0.0,0.0,1.0,2.0081377895900254e-05,1.0569146261000133e-06,0.009302505172710068,0.00011361612882523191,0.02564635025182581,0.025645293337199705
550,tree,0.01,0.0,0.4,0.009946954278489184,validation,False,19,0.05263157894736842,1,0.0,0.0,1.0,2.0081377895900254e-05,1.0569146261000133e-06,0.009302505172710068,0.00011361612882523191,0.02564635025182581,0.025645293337199705
550,tree,0.01,0.0,0.4,0.01615525951783533,validation,False,19,0.05263157894736842,1,0.0,0.0,1.0,2.0081377895900254e-05,1.0569146261000133e-06,0.009302505172710068,0.00011361612882523191,0.02564635025182581,0.025645293337199705
550,tree,0.01,0.0025,0.1,0.004979433858034696,validation,False,19,0.0,0,1.0,0.0,0.0,0.0,-0.0,0.009302505172710068,-0.0,0.02564635025182581,0.02564635025182581
550,tree,0.01,0.0025,0.1,0.006765313240449253,validation,False,19,0.0,0,1.0,0.0,0.0,0.0,-0.0,0.009302505172710068,-0.0,0.02564635025182581,0.02564635025182581
550,tree,0.01,0.0025,0.1,0.009946954278489184,validation,False,19,0.0,0,1.0,0.0,0.0,0.0,-0.0,0.009302505172710068,-0.0,0.02564635025182581,0.02564635025182581
550,tree,0.01,0.0025,0.1,0.01615525951783533,validation,False,19,0.0,0,1.0,0.0,0.0,0.0,-0.0,0.009302505172710068,-0.0,0.02564635025182581,0.02564635025182581
550,tree,0.01,0.0025,0.2,0.004979433858034696,validation,False,19,0.0,0,1.0,0.0,0.0,0.0,-0.0,0.009302505172710068,-0.0,0.02564635025182581,0.02564635025182581
550,tree,0.01,0.0025,0.2,0.006765313240449253,validation,False,19,0.0,0,1.0,0.0,0.0,0.0,-0.0,0.009302505172710068,-0.0,0.02564635025182581,0.02564635025182581
550,tree,0.01,0.0025,0.2,0.009946954278489184,validation,False,19,0.0,0,1.0,0.0,0.0,0.0,-0.0,0.009302505172710068,-0.0,0.02564635025182581,0.02564635025182581
550,tree,0.01,0.0025,0.2,0.01615525951783533,validation,False,19,0.0,0,1.0,0.0,0.0,0.0,-0.0,0.009302505172710068,-0.0,0.02564635025182581,0.02564635025182581
550,tree,0.01,0.0025,0.3,0.004979433858034696,validation,False,19,0.0,0,1.0,0.0,0.0,0.0,-0.0,0.009302505172710068,-0.0,0.02564635025182581,0.02564635025182581
550,tree,0.01,0.0025,0.3,0.006765313240449253,validation,False,19,0.05263157894736842,1,0.0,0.0,1.0,2.0081377895900254e-05,1.0569146261000133e-06,0.009302505172710068,0.00011361612882523191,0.02564635025182581,0.025645293337199705
550,tree,0.01,0.0025,0.3,0.009946954278489184,validation,False,19,0.05263157894736842,1,0.0,0.0,1.0,2.0081377895900254e-05,1.0569146261000133e-06,0.009302505172710068,0.00011361612882523191,0.02564635025182581,0.025645293337199705
550,tree,0.01,0.0025,0.3,0.01615525951783533,validation,False,19,0.05263157894736842,1,0.0,0.0,1.0,2.0081377895900254e-05,1.0569146261000133e-06,0.009302505172710068,0.00011361612882523191,0.02564635025182581,0.025645293337199705
550,tree,0.01,0.0025,0.4,0.004979433858034696,validation,False,19,0.0,0,1.0,0.0,0.0,0.0,-0.0,0.009302505172710068,-0.0,0.02564635025182581,0.02564635025182581
550,tree,0.01,0.0025,0.4,0.006765313240449253,validation,False,19,0.05263157894736842,1,0.0,0.0,1.0,2.0081377895900254e-05,1.0569146261000133e-06,0.009302505172710068,0.00011361612882523191,0.02564635025182581,0.025645293337199705
550,tree,0.01,0.0025,0.4,0.009946954278489184,validation,False,19,0.05263157894736842,1,0.0,0.0,1.0,2.0081377895900254e-05,1.0569146261000133e-06,0.009302505172710068,0.00011361612882523191,0.02564635025182581,0.025645293337199705
550,tree,0.01,0.0025,0.4,0.01615525951783533,validation,False,19,0.05263157894736842,1,0.0,0.0,1.0,2.0081377895900254e-05,1.0569146261000133e-06,0.009302505172710068,0.00011361612882523191,0.02564635025182581,0.025645293337199705
550,tree,0.01,0.005,0.1,0.004979433858034696,validation,False,19,0.0,0,1.0,0.0,0.0,0.0,-0.0,0.009302505172710068,-0.0,0.02564635025182581,0.02564635025182581
550,tree,0.01,0.005,0.1,0.006765313240449253,validation,False,19,0.0,0,1.0,0.0,0.0,0.0,-0.0,0.009302505172710068,-0.0,0.02564635025182581,0.02564635025182581
550,tree,0.01,0.005,0.1,0.009946954278489184,validation,False,19,0.0,0,1.0,0.0,0.0,0.0,-0.0,0.009302505172710068,-0.0,0.02564635025182581,0.02564635025182581
550,tree,0.01,0.005,0.1,0.01615525951783533,validation,False,19,0.0,0,1.0,0.0,0.0,0.0,-0.0,0.009302505172710068,-0.0,0.02564635025182581,0.02564635025182581
550,tree,0.01,0.005,0.2,0.004979433858034696,validation,False,19,0.0,0,1.0,0.0,0.0,0.0,-0.0,0.009302505172710068,-0.0,0.02564635025182581,0.02564635025182581
550,tree,0.01,0.005,0.2,0.006765313240449253,validation,False,19,0.0,0,1.0,0.0,0.0,0.0,-0.0,0.009302505172710068,-0.0,0.02564635025182581,0.02564635025182581
550,tree,0.01,0.005,0.2,0.009946954278489184,validation,False,19,0.0,0,1.0,0.0,0.0,0.0,-0.0,0.009302505172710068,-0.0,0.02564635025182581,0.02564635025182581
550,tree,0.01,0.005,0.2,0.01615525951783533,validation,False,19,0.0,0,1.0,0.0,0.0,0.0,-0.0,0.009302505172710068,-0.0,0.02564635025182581,0.02564635025182581
550,tree,0.01,0.005,0.3,0.004979433858034696,validation,False,19,0.0,0,1.0,0.0,0.0,0.0,-0.0,0.009302505172710068,-0.0,0.02564635025182581,0.02564635025182581
550,tree,0.01,0.005,0.3,0.006765313240449253,validation,False,19,0.05263157894736842,1,0.0,0.0,1.0,2.0081377895900254e-05,1.0569146261000133e-06,0.009302505172710068,0.00011361612882523191,0.02564635025182581,0.025645293337199705
550,tree,0.01,0.005,0.3,0.009946954278489184,validation,False,19,0.05263157894736842,1,0.0,0.0,1.0,2.0081377895900254e-05,1.0569146261000133e-06,0.009302505172710068,0.00011361612882523191,0.02564635025182581,0.025645293337199705
550,tree,0.01,0.005,0.3,0.01615525951783533,validation,False,19,0.05263157894736842,1,0.0,0.0,1.0,2.0081377895900254e-05,1.0569146261000133e-06,0.009302505172710068,0.00011361612882523191,0.02564635025182581,0.025645293337199705
550,tree,0.01,0.005,0.4,0.004979433858034696,validation,False,19,0.0,0,1.0,0.0,0.0,0.0,-0.0,0.009302505172710068,-0.0,0.02564635025182581,0.02564635025182581
550,tree,0.01,0.005,0.4,0.006765313240449253,validation,False,19,0.05263157894736842,1,0.0,0.0,1.0,2.0081377895900254e-05,1.0569146261000133e-06,0.009302505172710068,0.00011361612882523191,0.02564635025182581,0.025645293337199705
550,tree,0.01,0.005,0.4,0.009946954278489184,validation,False,19,0.05263157894736842,1,0.0,0.0,1.0,2.0081377895900254e-05,1.0569146261000133e-06,0.009302505172710068,0.00011361612882523191,0.02564635025182581,0.025645293337199705
550,tree,0.01,0.005,0.4,0.01615525951783533,validation,False,19,0.05263157894736842,1,0.0,0.0,1.0,2.0081377895900254e-05,1.0569146261000133e-06,0.009302505172710068,0.00011361612882523191,0.02564635025182581,0.025645293337199705
