adapter_accept_calls,adapter_calls,adapter_checkpoint_sha256,adapter_streak_max,adapter_streak_mean,adapter_streak_p95,anchor_k,atomic_risk_fallback_calls,checkpoint_sha256,coverage,fallback_calls,formula,forward_reduction,generation_time_seconds,invalid_risk_fallback_calls,late_exact_calls,logical_score_calls,method,nonfinite_adapter_fallback_calls,nonfinite_risk_fallback_calls,num_atoms,output_path,output_sha256,peak_gpu_memory_bytes,periodic_exact_calls,periodic_trace_calls,run_summary_path,samples_per_hour,second_forward_calls,seed,success
0,0,,0,0.0,0,0,0,01dd3e86805165412e0810e2a77a4756f8e1020f3ff2707c74af0a3f88a1bb8e,0.0,0,LiLa3Eu3Mn3O10,0.0,115.757102743024,0,0,2000,C0,0,0,20,/mnt/lis-wam-data/dxl/mattergen_v1/experiments/corrector_residual_distillation_v3_anchor/stage_c/generation/C0/69000/generated_crystals.extxyz,e89b3df9fe84f71478cfdafe7e02a11ad7438cd3d9bd528d8d21985965e00289,371528192,0,0,/mnt/lis-wam-data/dxl/mattergen_v1/experiments/corrector_residual_distillation_v3_anchor/stage_c/generation/C0/69000/run_summary.json,31.09960352058786,1000,69000,True
571,700,a2fd0f17c27b760958b60c1d1386577883635a34fb2101eb08e38fd8472702c7,199,8.784615384615385,39,0,129,01dd3e86805165412e0810e2a77a4756f8e1020f3ff2707c74af0a3f88a1bb8e,0.571,429,Eu4PCNO11F2,0.2855,87.17933065397665,0,300,1429,V2_Frozen_Atomic75_Late30,0,0,20,/mnt/lis-wam-data/dxl/mattergen_v1/experiments/corrector_residual_distillation_v3_anchor/stage_c/generation/V2_Frozen_Atomic75_Late30/69000/generated_crystals.extxyz,7e37fc2c18f8502f7dbd160ee6f489cecbf5e6ddf0e88f22fb59781fd6bb405b,372324352,0,0,/mnt/lis-wam-data/dxl/mattergen_v1/experiments/corrector_residual_distillation_v3_anchor/stage_c/generation/V2_Frozen_Atomic75_Late30/69000/run_summary.json,41.2941917882893,429,69000,True
524,700,a2fd0f17c27b760958b60c1d1386577883635a34fb2101eb08e38fd8472702c7,16,6.717948717948718,16,16,154,01dd3e86805165412e0810e2a77a4756f8e1020f3ff2707c74af0a3f88a1bb8e,0.524,476,La2V2Fe3HO12,0.262,95.78878633491695,0,300,1476,V3_AnchorK16,0,0,20,/mnt/lis-wam-data/dxl/mattergen_v1/experiments/corrector_residual_distillation_v3_anchor/stage_c/generation/V3_AnchorK16/69000/generated_crystals.extxyz,e876c3ecfd7402e5b898d5cd7b6b23e74d2b32b39121c48a769cf0be8ef5d17a,377950208,22,22,/mnt/lis-wam-data/dxl/mattergen_v1/experiments/corrector_residual_distillation_v3_anchor/stage_c/generation/V3_AnchorK16/69000/run_summary.json,37.58268726166882,476,69000,True
0,0,,0,0.0,0,0,0,01dd3e86805165412e0810e2a77a4756f8e1020f3ff2707c74af0a3f88a1bb8e,0.0,0,Co5Ni,0.0,115.14860882400535,0,0,2000,C0,0,0,6,/mnt/lis-wam-data/dxl/mattergen_v1/experiments/corrector_residual_distillation_v3_anchor/stage_c/generation/C0/69001/generated_crystals.extxyz,d655e740f333c19e10606a05e95a7d5855ed03af70f401460ec1d8c2cda2c19f,271779328,0,0,/mnt/lis-wam-data/dxl/mattergen_v1/experiments/corrector_residual_distillation_v3_anchor/stage_c/generation/C0/69001/run_summary.json,31.26394697049521,1000,69001,True
695,700,a2fd0f17c27b760958b60c1d1386577883635a34fb2101eb08e38fd8472702c7,287,115.83333333333333,287,0,5,01dd3e86805165412e0810e2a77a4756f8e1020f3ff2707c74af0a3f88a1bb8e,0.695,305,CrCo4Pd,0.3475,80.00524550210685,0,300,1305,V2_Frozen_Atomic75_Late30,0,0,6,/mnt/lis-wam-data/dxl/mattergen_v1/experiments/corrector_residual_distillation_v3_anchor/stage_c/generation/V2_Frozen_Atomic75_Late30/69001/generated_crystals.extxyz,9a491d191e204ba16b247d6434bc4fd79d4248c7e8db6381231ab881a68b1624,271717376,0,0,/mnt/lis-wam-data/dxl/mattergen_v1/experiments/corrector_residual_distillation_v3_anchor/stage_c/generation/V2_Frozen_Atomic75_Late30/69001/run_summary.json,44.99704959851911,305,69001,True
656,700,a2fd0f17c27b760958b60c1d1386577883635a34fb2101eb08e38fd8472702c7,16,14.909090909090908,16,16,5,01dd3e86805165412e0810e2a77a4756f8e1020f3ff2707c74af0a3f88a1bb8e,0.656,344,EuZnNi4,0.328,81.82737632491626,0,300,1344,V3_AnchorK16,0,0,6,/mnt/lis-wam-data/dxl/mattergen_v1/experiments/corrector_residual_distillation_v3_anchor/stage_c/generation/V3_AnchorK16/69001/generated_crystals.extxyz,0a3c8b15c2b340c69800e307af2262ffbf254b2e63e25ca80f55724c8ee7a9a7,273383936,39,39,/mnt/lis-wam-data/dxl/mattergen_v1/experiments/corrector_residual_distillation_v3_anchor/stage_c/generation/V3_AnchorK16/69001/run_summary.json,43.99505595419913,344,69001,True
0,0,,0,0.0,0,0,0,01dd3e86805165412e0810e2a77a4756f8e1020f3ff2707c74af0a3f88a1bb8e,0.0,0,LiEu2Pd,0.0,112.44586394820362,0,0,2000,C0,0,0,4,/mnt/lis-wam-data/dxl/mattergen_v1/experiments/corrector_residual_distillation_v3_anchor/stage_c/generation/C0/69002/generated_crystals.extxyz,e14abcf624a5369c0179cffefc20450b49e3162d5784b6bd6448cdc266273c73,257437184,0,0,/mnt/lis-wam-data/dxl/mattergen_v1/experiments/corrector_residual_distillation_v3_anchor/stage_c/generation/C0/69002/run_summary.json,32.01540611274312,1000,69002,True
700,700,a2fd0f17c27b760958b60c1d1386577883635a34fb2101eb08e38fd8472702c7,700,700.0,700,0,0,01dd3e86805165412e0810e2a77a4756f8e1020f3ff2707c74af0a3f88a1bb8e,0.7,300,EuFePd2,0.35,79.46973970811814,0,300,1300,V2_Frozen_Atomic75_Late30,0,0,4,/mnt/lis-wam-data/dxl/mattergen_v1/experiments/corrector_residual_distillation_v3_anchor/stage_c/generation/V2_Frozen_Atomic75_Late30/69002/generated_crystals.extxyz,3a583884f433d98a847b7a96c824b7b101c11528d73c0ce9a0b92893e9832c39,257906688,0,0,/mnt/lis-wam-data/dxl/mattergen_v1/experiments/corrector_residual_distillation_v3_anchor/stage_c/generation/V2_Frozen_Atomic75_Late30/69002/run_summary.json,45.30026162439093,300,69002,True
659,700,a2fd0f17c27b760958b60c1d1386577883635a34fb2101eb08e38fd8472702c7,16,15.69047619047619,16,16,0,01dd3e86805165412e0810e2a77a4756f8e1020f3ff2707c74af0a3f88a1bb8e,0.659,341,EuGdZnPd,0.3295,81.9412097921595,0,300,1341,V3_AnchorK16,0,0,4,/mnt/lis-wam-data/dxl/mattergen_v1/experiments/corrector_residual_distillation_v3_anchor/stage_c/generation/V3_AnchorK16/69002/generated_crystals.extxyz,3e194eb53c6be1cdb008345e58e3aab25b415fb208b00d674e1f6f16d4a8b099,257161728,41,41,/mnt/lis-wam-data/dxl/mattergen_v1/experiments/corrector_residual_distillation_v3_anchor/stage_c/generation/V3_AnchorK16/69002/run_summary.json,43.933937625905834,341,69002,True
0,0,,0,0.0,0,0,0,01dd3e86805165412e0810e2a77a4756f8e1020f3ff2707c74af0a3f88a1bb8e,0.0,0,EuInNi,0.0,112.65693045803346,0,0,2000,C0,0,0,12,/mnt/lis-wam-data/dxl/mattergen_v1/experiments/corrector_residual_distillation_v3_anchor/stage_c/generation/C0/69003/generated_crystals.extxyz,a28c3fc8221afb67ded2f0f5946a9044bb5a4a1edd08b8d5e5d4cd37f3b765e4,316153344,0,0,/mnt/lis-wam-data/dxl/mattergen_v1/experiments/corrector_residual_distillation_v3_anchor/stage_c/generation/C0/69003/run_summary.json,31.955424183522013,1000,69003,True
480,700,a2fd0f17c27b760958b60c1d1386577883635a34fb2101eb08e38fd8472702c7,163,6.075949367088608,7,0,220,01dd3e86805165412e0810e2a77a4756f8e1020f3ff2707c74af0a3f88a1bb8e,0.48,520,Eu3InAg2,0.24,92.54795004683547,0,300,1520,V2_Frozen_Atomic75_Late30,0,0,12,/mnt/lis-wam-data/dxl/mattergen_v1/experiments/corrector_residual_distillation_v3_anchor/stage_c/generation/V2_Frozen_Atomic75_Late30/69003/generated_crystals.extxyz,c7e56a78bf7aae0b4f07f65faa9dadbdc62334ffb8e1cd916ad9f1b93c9181bf,318275072,0,0,/mnt/lis-wam-data/dxl/mattergen_v1/experiments/corrector_residual_distillation_v3_anchor/stage_c/generation/V2_Frozen_Atomic75_Late30/69003/run_summary.json,38.898754625879434,520,69003,True
525,700,a2fd0f17c27b760958b60c1d1386577883635a34fb2101eb08e38fd8472702c7,16,6.0344827586206895,16,16,154,01dd3e86805165412e0810e2a77a4756f8e1020f3ff2707c74af0a3f88a1bb8e,0.525,475,EuCoH4,0.2625,90.80677057383582,0,300,1475,V3_AnchorK16,0,0,12,/mnt/lis-wam-data/dxl/mattergen_v1/experiments/corrector_residual_distillation_v3_anchor/stage_c/generation/V3_AnchorK16/69003/generated_crystals.extxyz,fe73e8440bc0fa535cb1440a431b561c0405a570eb0fe1a6275083f63d5741df,317492736,21,21,/mnt/lis-wam-data/dxl/mattergen_v1/experiments/corrector_residual_distillation_v3_anchor/stage_c/generation/V3_AnchorK16/69003/run_summary.json,39.64462095998455,475,69003,True
0,0,,0,0.0,0,0,0,01dd3e86805165412e0810e2a77a4756f8e1020f3ff2707c74af0a3f88a1bb8e,0.0,0,EuFe3Ni2,0.0,114.87930526793934,0,0,2000,C0,0,0,6,/mnt/lis-wam-data/dxl/mattergen_v1/experiments/corrector_residual_distillation_v3_anchor/stage_c/generation/C0/69004/generated_crystals.extxyz,487749f3684a2a863f52eeb903f775c8df91a10e8caf1202f386f0f4a50c1073,274953728,0,0,/mnt/lis-wam-data/dxl/mattergen_v1/experiments/corrector_residual_distillation_v3_anchor/stage_c/generation/C0/69004/run_summary.json,31.337236864407572,1000,69004,True
573,700,a2fd0f17c27b760958b60c1d1386577883635a34fb2101eb08e38fd8472702c7,216,7.743243243243243,9,0,127,01dd3e86805165412e0810e2a77a4756f8e1020f3ff2707c74af0a3f88a1bb8e,0.573,427,FeNiH,0.2865,89.82864803099073,0,300,1427,V2_Frozen_Atomic75_Late30,0,0,6,/mnt/lis-wam-data/dxl/mattergen_v1/experiments/corrector_residual_distillation_v3_anchor/stage_c/generation/V2_Frozen_Atomic75_Late30/69004/generated_crystals.extxyz,e9552d3e66b41b1bcc83da5d634224b47c448743ea857a9807be117cbc956a91,274040320,0,0,/mnt/lis-wam-data/dxl/mattergen_v1/experiments/corrector_residual_distillation_v3_anchor/stage_c/generation/V2_Frozen_Atomic75_Late30/69004/run_summary.json,40.076301702303326,427,69004,True
613,700,a2fd0f17c27b760958b60c1d1386577883635a34fb2101eb08e38fd8472702c7,16,9.014705882352942,16,16,60,01dd3e86805165412e0810e2a77a4756f8e1020f3ff2707c74af0a3f88a1bb8e,0.613,387,FeNiH,0.3065,84.59954997594468,0,300,1387,V3_AnchorK16,0,0,6,/mnt/lis-wam-data/dxl/mattergen_v1/experiments/corrector_residual_distillation_v3_anchor/stage_c/generation/V3_AnchorK16/69004/generated_crystals.extxyz,e5b02511e436824e730d5460503485477a71e0ff0799a3b621d85de1ec454279,275489280,27,27,/mnt/lis-wam-data/dxl/mattergen_v1/experiments/corrector_residual_distillation_v3_anchor/stage_c/generation/V3_AnchorK16/69004/run_summary.json,42.553417849428705,387,69004,True
0,0,,0,0.0,0,0,0,01dd3e86805165412e0810e2a77a4756f8e1020f3ff2707c74af0a3f88a1bb8e,0.0,0,FeCoSi,0.0,114.7042965318542,0,0,2000,C0,0,0,12,/mnt/lis-wam-data/dxl/mattergen_v1/experiments/corrector_residual_distillation_v3_anchor/stage_c/generation/C0/69005/generated_crystals.extxyz,a62b1f72160e14453bc66971b761d3692b52cad0fd52fca52e79914c2beef206,315582464,0,0,/mnt/lis-wam-data/dxl/mattergen_v1/experiments/corrector_residual_distillation_v3_anchor/stage_c/generation/C0/69005/run_summary.json,31.38504928627721,1000,69005,True
502,700,a2fd0f17c27b760958b60c1d1386577883635a34fb2101eb08e38fd8472702c7,172,6.048192771084337,12,0,198,01dd3e86805165412e0810e2a77a4756f8e1020f3ff2707c74af0a3f88a1bb8e,0.502,498,Fe5Co3P4,0.251,92.08276614407077,0,300,1498,V2_Frozen_Atomic75_Late30,0,0,12,/mnt/lis-wam-data/dxl/mattergen_v1/experiments/corrector_residual_distillation_v3_anchor/stage_c/generation/V2_Frozen_Atomic75_Late30/69005/generated_crystals.extxyz,291882c6e78e47aab8825cf0b49c55ced6fb152dc3ab8eb76db09916db4a0450,314965504,0,0,/mnt/lis-wam-data/dxl/mattergen_v1/experiments/corrector_residual_distillation_v3_anchor/stage_c/generation/V2_Frozen_Atomic75_Late30/69005/run_summary.json,39.09526343254627,498,69005,True
446,700,a2fd0f17c27b760958b60c1d1386577883635a34fb2101eb08e38fd8472702c7,16,5.01123595505618,16,16,238,01dd3e86805165412e0810e2a77a4756f8e1020f3ff2707c74af0a3f88a1bb8e,0.446,554,Fe5Co3P4,0.223,94.75837680208497,0,300,1554,V3_AnchorK16,0,0,12,/mnt/lis-wam-data/dxl/mattergen_v1/experiments/corrector_residual_distillation_v3_anchor/stage_c/generation/V3_AnchorK16/69005/generated_crystals.extxyz,5259e366b69817526dbcb599f3d20facf596cbd0c00887585f97038d71b305c4,318162944,16,16,/mnt/lis-wam-data/dxl/mattergen_v1/experiments/corrector_residual_distillation_v3_anchor/stage_c/generation/V3_AnchorK16/69005/run_summary.json,37.99136415684982,554,69005,True
0,0,,0,0.0,0,0,0,01dd3e86805165412e0810e2a77a4756f8e1020f3ff2707c74af0a3f88a1bb8e,0.0,0,Fe3Rh,0.0,117.08855243516155,0,0,2000,C0,0,0,8,/mnt/lis-wam-data/dxl/mattergen_v1/experiments/corrector_residual_distillation_v3_anchor/stage_c/generation/C0/69006/generated_crystals.extxyz,d12708e19a66e9200ea25c23e9218ea40bb3268caa8f76f3f872d0e2684182e5,286546944,0,0,/mnt/lis-wam-data/dxl/mattergen_v1/experiments/corrector_residual_distillation_v3_anchor/stage_c/generation/C0/69006/run_summary.json,30.74596043019253,1000,69006,True
623,700,a2fd0f17c27b760958b60c1d1386577883635a34fb2101eb08e38fd8472702c7,216,15.974358974358974,196,0,77,01dd3e86805165412e0810e2a77a4756f8e1020f3ff2707c74af0a3f88a1bb8e,0.623,377,Fe3Rh,0.3115,84.70917826797813,0,300,1377,V2_Frozen_Atomic75_Late30,0,0,8,/mnt/lis-wam-data/dxl/mattergen_v1/experiments/corrector_residual_distillation_v3_anchor/stage_c/generation/V2_Frozen_Atomic75_Late30/69006/generated_crystals.extxyz,216b39c02bfa43bc10717b80746fd0b78594fcb2e9743c394862f148ce89d285,286262272,0,0,/mnt/lis-wam-data/dxl/mattergen_v1/experiments/corrector_residual_distillation_v3_anchor/stage_c/generation/V2_Frozen_Atomic75_Late30/69006/run_summary.json,42.498346384749155,377,69006,True
595,700,a2fd0f17c27b760958b60c1d1386577883635a34fb2101eb08e38fd8472702c7,16,9.596774193548388,16,16,73,01dd3e86805165412e0810e2a77a4756f8e1020f3ff2707c74af0a3f88a1bb8e,0.595,405,Fe7S,0.2975,84.84280334296636,0,300,1405,V3_AnchorK16,0,0,8,/mnt/lis-wam-data/dxl/mattergen_v1/experiments/corrector_residual_distillation_v3_anchor/stage_c/generation/V3_AnchorK16/69006/generated_crystals.extxyz,f5ec2543d3c10ba1be45a158aa5f459b8bc5d2a796ec32f989dbae61dbed4029,286344704,32,32,/mnt/lis-wam-data/dxl/mattergen_v1/experiments/corrector_residual_distillation_v3_anchor/stage_c/generation/V3_AnchorK16/69006/run_summary.json,42.43141266145406,405,69006,True
0,0,,0,0.0,0,0,0,01dd3e86805165412e0810e2a77a4756f8e1020f3ff2707c74af0a3f88a1bb8e,0.0,0,Eu2FeGeO6,0.0,116.99627274298109,0,0,2000,C0,0,0,20,/mnt/lis-wam-data/dxl/mattergen_v1/experiments/corrector_residual_distillation_v3_anchor/stage_c/generation/C0/69007/generated_crystals.extxyz,bfce66e45e3208ff2dc92a85a486c5e8236272e9a756811d579bf5fad1533122,377427968,0,0,/mnt/lis-wam-data/dxl/mattergen_v1/experiments/corrector_residual_distillation_v3_anchor/stage_c/generation/C0/69007/run_summary.json,30.770211012692055,1000,69007,True
622,700,a2fd0f17c27b760958b60c1d1386577883635a34fb2101eb08e38fd8472702c7,218,14.465116279069768,28,0,78,01dd3e86805165412e0810e2a77a4756f8e1020f3ff2707c74af0a3f88a1bb8e,0.622,378,Mn2CrFe4GeO12,0.311,84.19165224698372,0,300,1378,V2_Frozen_Atomic75_Late30,0,0,20,/mnt/lis-wam-data/dxl/mattergen_v1/experiments/corrector_residual_distillation_v3_anchor/stage_c/generation/V2_Frozen_Atomic75_Late30/69007/generated_crystals.extxyz,32e9b0c7cbc28cc0bceee5407c534d770c29e6a2ef42d29f66dd10160ee9e1ed,371698176,0,0,/mnt/lis-wam-data/dxl/mattergen_v1/experiments/corrector_residual_distillation_v3_anchor/stage_c/generation/V2_Frozen_Atomic75_Late30/69007/run_summary.json,42.75958368697978,378,69007,True
624,700,a2fd0f17c27b760958b60c1d1386577883635a34fb2101eb08e38fd8472702c7,16,8.914285714285715,16,16,48,01dd3e86805165412e0810e2a77a4756f8e1020f3ff2707c74af0a3f88a1bb8e,0.624,376,EuGd(FeO3)2,0.312,87.49593287613243,0,300,1376,V3_AnchorK16,0,0,20,/mnt/lis-wam-data/dxl/mattergen_v1/experiments/corrector_residual_distillation_v3_anchor/stage_c/generation/V3_AnchorK16/69007/generated_crystals.extxyz,077a6537c19d0f8da119544cea872e32475c0582017be258f4087d07dc616b85,371496960,28,28,/mnt/lis-wam-data/dxl/mattergen_v1/experiments/corrector_residual_distillation_v3_anchor/stage_c/generation/V3_AnchorK16/69007/run_summary.json,41.14476960999436,376,69007,True
0,0,,0,0.0,0,0,0,01dd3e86805165412e0810e2a77a4756f8e1020f3ff2707c74af0a3f88a1bb8e,0.0,0,Gd2S2O,0.0,113.09061586810276,0,0,2000,C0,0,0,10,/mnt/lis-wam-data/dxl/mattergen_v1/experiments/corrector_residual_distillation_v3_anchor/stage_c/generation/C0/69008/generated_crystals.extxyz,e27d9cb6ec13d6be0fc782a91606e144b4edd4ce2c9c551cd0f66843a49b537b,301942784,0,0,/mnt/lis-wam-data/dxl/mattergen_v1/experiments/corrector_residual_distillation_v3_anchor/stage_c/generation/C0/69008/run_summary.json,31.832879964140165,1000,69008,True
656,700,a2fd0f17c27b760958b60c1d1386577883635a34fb2101eb08e38fd8472702c7,282,21.866666666666667,102,0,44,01dd3e86805165412e0810e2a77a4756f8e1020f3ff2707c74af0a3f88a1bb8e,0.656,344,Eu3O2,0.328,87.5784539040178,0,300,1344,V2_Frozen_Atomic75_Late30,0,0,10,/mnt/lis-wam-data/dxl/mattergen_v1/experiments/corrector_residual_distillation_v3_anchor/stage_c/generation/V2_Frozen_Atomic75_Late30/69008/generated_crystals.extxyz,44f64bca2a1a169db218ecb918e7c1aec0ac7d8c781ad4b6ec7430fb8f9294bd,303144960,0,0,/mnt/lis-wam-data/dxl/mattergen_v1/experiments/corrector_residual_distillation_v3_anchor/stage_c/generation/V2_Frozen_Atomic75_Late30/69008/run_summary.json,41.10600084291787,344,69008,True
419,700,a2fd0f17c27b760958b60c1d1386577883635a34fb2101eb08e38fd8472702c7,16,6.161764705882353,16,16,262,01dd3e86805165412e0810e2a77a4756f8e1020f3ff2707c74af0a3f88a1bb8e,0.419,581,KRbEu4O4,0.2095,100.61758354702033,0,300,1581,V3_AnchorK16,0,0,10,/mnt/lis-wam-data/dxl/mattergen_v1/experiments/corrector_residual_distillation_v3_anchor/stage_c/generation/V3_AnchorK16/69008/generated_crystals.extxyz,6f6695b9c0b8b34a62fc54ce26c4d3bef1967f4d5787ac6002177596ed4eb65b,302031360,19,19,/mnt/lis-wam-data/dxl/mattergen_v1/experiments/corrector_residual_distillation_v3_anchor/stage_c/generation/V3_AnchorK16/69008/run_summary.json,35.77903456921779,581,69008,True
0,0,,0,0.0,0,0,0,01dd3e86805165412e0810e2a77a4756f8e1020f3ff2707c74af0a3f88a1bb8e,0.0,0,Sm2Fe5Co4B,0.0,113.51413421402685,0,0,2000,C0,0,0,12,/mnt/lis-wam-data/dxl/mattergen_v1/experiments/corrector_residual_distillation_v3_anchor/stage_c/generation/C0/69009/generated_crystals.extxyz,0c7b0450be8ecf68679fb1aa2657daab8d9734ef7b5a54a11daf943f850789c8,315795456,0,0,/mnt/lis-wam-data/dxl/mattergen_v1/experiments/corrector_residual_distillation_v3_anchor/stage_c/generation/C0/69009/run_summary.json,31.714112299110948,1000,69009,True
625,700,a2fd0f17c27b760958b60c1d1386577883635a34fb2101eb08e38fd8472702c7,154,11.574074074074074,75,0,75,01dd3e86805165412e0810e2a77a4756f8e1020f3ff2707c74af0a3f88a1bb8e,0.625,375,SmFe4H,0.3125,89.64247712586075,0,300,1375,V2_Frozen_Atomic75_Late30,0,0,12,/mnt/lis-wam-data/dxl/mattergen_v1/experiments/corrector_residual_distillation_v3_anchor/stage_c/generation/V2_Frozen_Atomic75_Late30/69009/generated_crystals.extxyz,43c5bf0e57b8bfad28749cd4469091aa0a57e6acbfff67867dbaae81443467cd,316831232,0,0,/mnt/lis-wam-data/dxl/mattergen_v1/experiments/corrector_residual_distillation_v3_anchor/stage_c/generation/V2_Frozen_Atomic75_Late30/69009/run_summary.json,40.15953279543459,375,69009,True
545,700,a2fd0f17c27b760958b60c1d1386577883635a34fb2101eb08e38fd8472702c7,16,5.989010989010989,16,16,133,01dd3e86805165412e0810e2a77a4756f8e1020f3ff2707c74af0a3f88a1bb8e,0.545,455,Sm2Fe7B3,0.2725,91.75313170789741,0,300,1455,V3_AnchorK16,0,0,12,/mnt/lis-wam-data/dxl/mattergen_v1/experiments/corrector_residual_distillation_v3_anchor/stage_c/generation/V3_AnchorK16/69009/generated_crystals.extxyz,0d60181b0a0f3653b110622eccff12d4e9cdf6b1a82d0a1e19a99967125b4563,315001856,22,22,/mnt/lis-wam-data/dxl/mattergen_v1/experiments/corrector_residual_distillation_v3_anchor/stage_c/generation/V3_AnchorK16/69009/run_summary.json,39.23571798574522,455,69009,True
0,0,,0,0.0,0,0,0,01dd3e86805165412e0810e2a77a4756f8e1020f3ff2707c74af0a3f88a1bb8e,0.0,0,EuGd3FeO7,0.0,122.50154355494305,0,0,2000,C0,0,0,12,/mnt/lis-wam-data/dxl/mattergen_v1/experiments/corrector_residual_distillation_v3_anchor/stage_c/generation/C0/69010/generated_crystals.extxyz,4cb480a28a1e7a81f31cba46c53712b52dae812778c4264d0259e0150a141452,315387904,0,0,/mnt/lis-wam-data/dxl/mattergen_v1/experiments/corrector_residual_distillation_v3_anchor/stage_c/generation/C0/69010/run_summary.json,29.387384807811564,1000,69010,True
497,700,a2fd0f17c27b760958b60c1d1386577883635a34fb2101eb08e38fd8472702c7,189,11.833333333333334,50,0,203,01dd3e86805165412e0810e2a77a4756f8e1020f3ff2707c74af0a3f88a1bb8e,0.497,503,Eu2Gd2FeO6F,0.2485,91.55878839106299,0,300,1503,V2_Frozen_Atomic75_Late30,0,0,12,/mnt/lis-wam-data/dxl/mattergen_v1/experiments/corrector_residual_distillation_v3_anchor/stage_c/generation/V2_Frozen_Atomic75_Late30/69010/generated_crystals.extxyz,119abb7a718739fde86620185254cb46c59d2eb741a1d6b3c6a451220531849a,316278272,0,0,/mnt/lis-wam-data/dxl/mattergen_v1/experiments/corrector_residual_distillation_v3_anchor/stage_c/generation/V2_Frozen_Atomic75_Late30/69010/run_summary.json,39.318999991828136,503,69010,True
482,700,a2fd0f17c27b760958b60c1d1386577883635a34fb2101eb08e38fd8472702c7,16,7.1940298507462686,16,16,196,01dd3e86805165412e0810e2a77a4756f8e1020f3ff2707c74af0a3f88a1bb8e,0.482,518,EuGd2TiO8,0.241,92.36887538898736,0,300,1518,V3_AnchorK16,0,0,12,/mnt/lis-wam-data/dxl/mattergen_v1/experiments/corrector_residual_distillation_v3_anchor/stage_c/generation/V3_AnchorK16/69010/generated_crystals.extxyz,44e89fb9c8fc699f39d7a44d6300828cc4e25366966ed30c223161620f74ef9c,315897344,22,22,/mnt/lis-wam-data/dxl/mattergen_v1/experiments/corrector_residual_distillation_v3_anchor/stage_c/generation/V3_AnchorK16/69010/run_summary.json,38.97416727051771,518,69010,True
0,0,,0,0.0,0,0,0,01dd3e86805165412e0810e2a77a4756f8e1020f3ff2707c74af0a3f88a1bb8e,0.0,0,EuMn2O4,0.0,114.58464297512546,0,0,2000,C0,0,0,14,/mnt/lis-wam-data/dxl/mattergen_v1/experiments/corrector_residual_distillation_v3_anchor/stage_c/generation/C0/69011/generated_crystals.extxyz,396d741b5c5a13fae9e1b00f64c7e6c18d044f0171f13bd73dafe73eda9d0108,329188352,0,0,/mnt/lis-wam-data/dxl/mattergen_v1/experiments/corrector_residual_distillation_v3_anchor/stage_c/generation/C0/69011/run_summary.json,31.4178227250008,1000,69011,True
484,700,a2fd0f17c27b760958b60c1d1386577883635a34fb2101eb08e38fd8472702c7,148,15.125,128,0,216,01dd3e86805165412e0810e2a77a4756f8e1020f3ff2707c74af0a3f88a1bb8e,0.484,516,Eu4As3,0.242,101.11646533501334,0,300,1516,V2_Frozen_Atomic75_Late30,0,0,14,/mnt/lis-wam-data/dxl/mattergen_v1/experiments/corrector_residual_distillation_v3_anchor/stage_c/generation/V2_Frozen_Atomic75_Late30/69011/generated_crystals.extxyz,f42117dab8ecd932d94034c89f39f4ed7dc3173ae64f8d960680950836ca3dbe,327603712,0,0,/mnt/lis-wam-data/dxl/mattergen_v1/experiments/corrector_residual_distillation_v3_anchor/stage_c/generation/V2_Frozen_Atomic75_Late30/69011/run_summary.json,35.6025103139502,516,69011,True
432,700,a2fd0f17c27b760958b60c1d1386577883635a34fb2101eb08e38fd8472702c7,16,8.816326530612244,16,16,245,01dd3e86805165412e0810e2a77a4756f8e1020f3ff2707c74af0a3f88a1bb8e,0.432,568,Eu5B2As7,0.216,96.30505385203287,0,300,1568,V3_AnchorK16,0,0,14,/mnt/lis-wam-data/dxl/mattergen_v1/experiments/corrector_residual_distillation_v3_anchor/stage_c/generation/V3_AnchorK16/69011/generated_crystals.extxyz,afad62d2d7860f8c8d9ee8dc4fd13613affc0d15afaa67f5eeedcb86d0ac51d3,328807936,23,23,/mnt/lis-wam-data/dxl/mattergen_v1/experiments/corrector_residual_distillation_v3_anchor/stage_c/generation/V3_AnchorK16/69011/run_summary.json,37.381215793006994,568,69011,True
0,0,,0,0.0,0,0,0,01dd3e86805165412e0810e2a77a4756f8e1020f3ff2707c74af0a3f88a1bb8e,0.0,0,MnFeH2O3F,0.0,117.33896653819829,0,0,2000,C0,0,0,16,/mnt/lis-wam-data/dxl/mattergen_v1/experiments/corrector_residual_distillation_v3_anchor/stage_c/generation/C0/69012/generated_crystals.extxyz,6b081aa9dc003d9dca1ab30ac061f7efec9bb9edc67ce88a37e6111c3e343444,345087488,0,0,/mnt/lis-wam-data/dxl/mattergen_v1/experiments/corrector_residual_distillation_v3_anchor/stage_c/generation/C0/69012/run_summary.json,30.680345210199743,1000,69012,True
361,700,a2fd0f17c27b760958b60c1d1386577883635a34fb2101eb08e38fd8472702c7,144,8.022222222222222,17,0,339,01dd3e86805165412e0810e2a77a4756f8e1020f3ff2707c74af0a3f88a1bb8e,0.361,639,MnFe3H5O7,0.1805,101.90139495790936,0,300,1639,V2_Frozen_Atomic75_Late30,0,0,16,/mnt/lis-wam-data/dxl/mattergen_v1/experiments/corrector_residual_distillation_v3_anchor/stage_c/generation/V2_Frozen_Atomic75_Late30/69012/generated_crystals.extxyz,e4d0a8aa05f1862fd6cbb373121117b31cd12dbc9efc0c096bed34c2e35cc324,342837760,0,0,/mnt/lis-wam-data/dxl/mattergen_v1/experiments/corrector_residual_distillation_v3_anchor/stage_c/generation/V2_Frozen_Atomic75_Late30/69012/run_summary.json,35.32827005446775,639,69012,True
366,700,a2fd0f17c27b760958b60c1d1386577883635a34fb2101eb08e38fd8472702c7,16,5.304347826086956,16,16,319,01dd3e86805165412e0810e2a77a4756f8e1020f3ff2707c74af0a3f88a1bb8e,0.366,634,Fe5H4O7,0.183,107.1295285068918,0,300,1634,V3_AnchorK16,0,0,16,/mnt/lis-wam-data/dxl/mattergen_v1/experiments/corrector_residual_distillation_v3_anchor/stage_c/generation/V3_AnchorK16/69012/generated_crystals.extxyz,8f564a400f9d1cd3431d234ff9bbdcc4f8ff593cb149fbf8049474cd4b6a1e1b,344087552,15,15,/mnt/lis-wam-data/dxl/mattergen_v1/experiments/corrector_residual_distillation_v3_anchor/stage_c/generation/V3_AnchorK16/69012/run_summary.json,33.60418038028055,634,69012,True
0,0,,0,0.0,0,0,0,01dd3e86805165412e0810e2a77a4756f8e1020f3ff2707c74af0a3f88a1bb8e,0.0,0,Fe8BH3,0.0,113.61426616809331,0,0,2000,C0,0,0,12,/mnt/lis-wam-data/dxl/mattergen_v1/experiments/corrector_residual_distillation_v3_anchor/stage_c/generation/C0/69013/generated_crystals.extxyz,90dc3a05101bc8816da20fd04ca5bc1d244011ed8144195c87a0f47479a1cdb0,315916800,0,0,/mnt/lis-wam-data/dxl/mattergen_v1/experiments/corrector_residual_distillation_v3_anchor/stage_c/generation/C0/69013/run_summary.json,31.68616161876862,1000,69013,True
575,700,a2fd0f17c27b760958b60c1d1386577883635a34fb2101eb08e38fd8472702c7,155,9.583333333333334,24,0,125,01dd3e86805165412e0810e2a77a4756f8e1020f3ff2707c74af0a3f88a1bb8e,0.575,425,ScFe4Si,0.2875,94.56284597422928,0,300,1425,V2_Frozen_Atomic75_Late30,0,0,12,/mnt/lis-wam-data/dxl/mattergen_v1/experiments/corrector_residual_distillation_v3_anchor/stage_c/generation/V2_Frozen_Atomic75_Late30/69013/generated_crystals.extxyz,4b6d0f496a7c5bc1a4504b475bae22410d6b7763fca43e2818fe2c7352f1797e,315396608,0,0,/mnt/lis-wam-data/dxl/mattergen_v1/experiments/corrector_residual_distillation_v3_anchor/stage_c/generation/V2_Frozen_Atomic75_Late30/69013/run_summary.json,38.06992019869082,425,69013,True
549,700,a2fd0f17c27b760958b60c1d1386577883635a34fb2101eb08e38fd8472702c7,16,7.12987012987013,16,16,130,01dd3e86805165412e0810e2a77a4756f8e1020f3ff2707c74af0a3f88a1bb8e,0.549,451,EuFe4B,0.2745,89.1573917020578,0,300,1451,V3_AnchorK16,0,0,12,/mnt/lis-wam-data/dxl/mattergen_v1/experiments/corrector_residual_distillation_v3_anchor/stage_c/generation/V3_AnchorK16/69013/generated_crystals.extxyz,4a52c30524943686634bcfce42d22075c19b9610f8da23cf34ae8bebafa2aa2b,317041664,21,21,/mnt/lis-wam-data/dxl/mattergen_v1/experiments/corrector_residual_distillation_v3_anchor/stage_c/generation/V3_AnchorK16/69013/run_summary.json,40.37803182971435,451,69013,True
0,0,,0,0.0,0,0,0,01dd3e86805165412e0810e2a77a4756f8e1020f3ff2707c74af0a3f88a1bb8e,0.0,0,EuTmZn2,0.0,113.96821949398145,0,0,2000,C0,0,0,4,/mnt/lis-wam-data/dxl/mattergen_v1/experiments/corrector_residual_distillation_v3_anchor/stage_c/generation/C0/69014/generated_crystals.extxyz,4df5755cd5fbf4bbf6ad985aadf5b6d49f0ea7c6da5b03a9b8a95da7bd246b61,257762816,0,0,/mnt/lis-wam-data/dxl/mattergen_v1/experiments/corrector_residual_distillation_v3_anchor/stage_c/generation/C0/69014/run_summary.json,31.587753287574284,1000,69014,True
698,700,a2fd0f17c27b760958b60c1d1386577883635a34fb2101eb08e38fd8472702c7,575,232.66666666666666,575,0,2,01dd3e86805165412e0810e2a77a4756f8e1020f3ff2707c74af0a3f88a1bb8e,0.698,302,Eu3Tm,0.349,80.2959221729543,0,300,1302,V2_Frozen_Atomic75_Late30,0,0,4,/mnt/lis-wam-data/dxl/mattergen_v1/experiments/corrector_residual_distillation_v3_anchor/stage_c/generation/V2_Frozen_Atomic75_Late30/69014/generated_crystals.extxyz,809505374e077ebbd3ab3ccb244cfbb2e2517cd398f8ced62eda8963c5de755c,257906688,0,0,/mnt/lis-wam-data/dxl/mattergen_v1/experiments/corrector_residual_distillation_v3_anchor/stage_c/generation/V2_Frozen_Atomic75_Late30/69014/run_summary.json,44.834157234607,302,69014,True
656,700,a2fd0f17c27b760958b60c1d1386577883635a34fb2101eb08e38fd8472702c7,16,15.255813953488373,16,16,7,01dd3e86805165412e0810e2a77a4756f8e1020f3ff2707c74af0a3f88a1bb8e,0.656,344,EuTmZn2,0.328,83.99618727597408,0,300,1344,V3_AnchorK16,0,0,4,/mnt/lis-wam-data/dxl/mattergen_v1/experiments/corrector_residual_distillation_v3_anchor/stage_c/generation/V3_AnchorK16/69014/generated_crystals.extxyz,86cdadf9520344ccfa42bab3642e916593ded54007f3fa39fd5662c78cff6740,257149952,37,37,/mnt/lis-wam-data/dxl/mattergen_v1/experiments/corrector_residual_distillation_v3_anchor/stage_c/generation/V3_AnchorK16/69014/run_summary.json,42.85908821280188,344,69014,True
0,0,,0,0.0,0,0,0,01dd3e86805165412e0810e2a77a4756f8e1020f3ff2707c74af0a3f88a1bb8e,0.0,0,Gd2(CoB)5,0.0,111.9080910650082,0,0,2000,C0,0,0,12,/mnt/lis-wam-data/dxl/mattergen_v1/experiments/corrector_residual_distillation_v3_anchor/stage_c/generation/C0/69015/generated_crystals.extxyz,58c083648a0a7fa766f066d960d3636b1cf546fd73239bfa3a889fc25090ed7a,315812864,0,0,/mnt/lis-wam-data/dxl/mattergen_v1/experiments/corrector_residual_distillation_v3_anchor/stage_c/generation/C0/69015/run_summary.json,32.16925573244507,1000,69015,True
659,700,a2fd0f17c27b760958b60c1d1386577883635a34fb2101eb08e38fd8472702c7,153,18.305555555555557,87,0,41,01dd3e86805165412e0810e2a77a4756f8e1020f3ff2707c74af0a3f88a1bb8e,0.659,341,Fe2Sb,0.3295,84.1602377970703,0,300,1341,V2_Frozen_Atomic75_Late30,0,0,12,/mnt/lis-wam-data/dxl/mattergen_v1/experiments/corrector_residual_distillation_v3_anchor/stage_c/generation/V2_Frozen_Atomic75_Late30/69015/generated_crystals.extxyz,85bbdb6194dcd399353b92a4869290233e3632bd2914c948d6b14eb7a08c2b20,316056576,0,0,/mnt/lis-wam-data/dxl/mattergen_v1/experiments/corrector_residual_distillation_v3_anchor/stage_c/generation/V2_Frozen_Atomic75_Late30/69015/run_summary.json,42.7755445354186,341,69015,True
450,700,a2fd0f17c27b760958b60c1d1386577883635a34fb2101eb08e38fd8472702c7,16,7.377049180327869,16,16,228,01dd3e86805165412e0810e2a77a4756f8e1020f3ff2707c74af0a3f88a1bb8e,0.45,550,Fe9Sn2Sb,0.225,102.41189657896757,0,300,1550,V3_AnchorK16,0,0,12,/mnt/lis-wam-data/dxl/mattergen_v1/experiments/corrector_residual_distillation_v3_anchor/stage_c/generation/V3_AnchorK16/69015/generated_crystals.extxyz,db0b339a38836c8e55a4aba59d06e428f43213768b5311a33441e405d96dc4cf,315991552,22,22,/mnt/lis-wam-data/dxl/mattergen_v1/experiments/corrector_residual_distillation_v3_anchor/stage_c/generation/V3_AnchorK16/69015/run_summary.json,35.15216610820325,550,69015,True
0,0,,0,0.0,0,0,0,01dd3e86805165412e0810e2a77a4756f8e1020f3ff2707c74af0a3f88a1bb8e,0.0,0,EuCuGe,0.0,120.78129881294444,0,0,2000,C0,0,0,12,/mnt/lis-wam-data/dxl/mattergen_v1/experiments/corrector_residual_distillation_v3_anchor/stage_c/generation/C0/69016/generated_crystals.extxyz,aaedc0404948cb5bbbe8550bf53c499e3a5be519c0999e2409871b0893e9269b,315731456,0,0,/mnt/lis-wam-data/dxl/mattergen_v1/experiments/corrector_residual_distillation_v3_anchor/stage_c/generation/C0/69016/run_summary.json,29.80593879500639,1000,69016,True
538,700,a2fd0f17c27b760958b60c1d1386577883635a34fb2101eb08e38fd8472702c7,223,9.275862068965518,18,0,162,01dd3e86805165412e0810e2a77a4756f8e1020f3ff2707c74af0a3f88a1bb8e,0.538,462,FeRh,0.269,97.07582808006555,0,300,1462,V2_Frozen_Atomic75_Late30,0,0,12,/mnt/lis-wam-data/dxl/mattergen_v1/experiments/corrector_residual_distillation_v3_anchor/stage_c/generation/V2_Frozen_Atomic75_Late30/69016/generated_crystals.extxyz,ff5bc814b8ffb5b01cf6581cb2a2f0c30fce85a27da5b91f88aa1c217de198f3,317394432,0,0,/mnt/lis-wam-data/dxl/mattergen_v1/experiments/corrector_residual_distillation_v3_anchor/stage_c/generation/V2_Frozen_Atomic75_Late30/69016/run_summary.json,37.0844119612435,462,69016,True
497,700,a2fd0f17c27b760958b60c1d1386577883635a34fb2101eb08e38fd8472702c7,16,4.920792079207921,16,16,186,01dd3e86805165412e0810e2a77a4756f8e1020f3ff2707c74af0a3f88a1bb8e,0.497,503,Eu8Ge3N,0.2485,90.26132837007754,0,300,1503,V3_AnchorK16,0,0,12,/mnt/lis-wam-data/dxl/mattergen_v1/experiments/corrector_residual_distillation_v3_anchor/stage_c/generation/V3_AnchorK16/69016/generated_crystals.extxyz,016a18d1b45bace2bfe01cc6061fd2c0e46eade681bda25680f251608dfe103f,316048896,17,17,/mnt/lis-wam-data/dxl/mattergen_v1/experiments/corrector_residual_distillation_v3_anchor/stage_c/generation/V3_AnchorK16/69016/run_summary.json,39.88419032832928,503,69016,True
0,0,,0,0.0,0,0,0,01dd3e86805165412e0810e2a77a4756f8e1020f3ff2707c74af0a3f88a1bb8e,0.0,0,PrEuP,0.0,115.55742538301274,0,0,2000,C0,0,0,12,/mnt/lis-wam-data/dxl/mattergen_v1/experiments/corrector_residual_distillation_v3_anchor/stage_c/generation/C0/69017/generated_crystals.extxyz,b38e9a0ddbbdda305ad8bf7f652a3580d19e83490f5f1fdf6b3b443a186836c7,318100992,0,0,/mnt/lis-wam-data/dxl/mattergen_v1/experiments/corrector_residual_distillation_v3_anchor/stage_c/generation/C0/69017/run_summary.json,31.153342055414207,1000,69017,True
479,700,a2fd0f17c27b760958b60c1d1386577883635a34fb2101eb08e38fd8472702c7,138,6.302631578947368,44,0,221,01dd3e86805165412e0810e2a77a4756f8e1020f3ff2707c74af0a3f88a1bb8e,0.479,521,EuHO2,0.2395,92.9312537710648,0,300,1521,V2_Frozen_Atomic75_Late30,0,0,12,/mnt/lis-wam-data/dxl/mattergen_v1/experiments/corrector_residual_distillation_v3_anchor/stage_c/generation/V2_Frozen_Atomic75_Late30/69017/generated_crystals.extxyz,c9745f388585019ad72ae0f81618456598833edb89e4cc6666bef374a79e18b8,315310592,0,0,/mnt/lis-wam-data/dxl/mattergen_v1/experiments/corrector_residual_distillation_v3_anchor/stage_c/generation/V2_Frozen_Atomic75_Late30/69017/run_summary.json,38.738313042333026,521,69017,True
433,700,a2fd0f17c27b760958b60c1d1386577883635a34fb2101eb08e38fd8472702c7,16,4.977011494252873,16,16,252,01dd3e86805165412e0810e2a77a4756f8e1020f3ff2707c74af0a3f88a1bb8e,0.433,567,Eu3H3ClO5,0.2165,102.7288517919369,0,300,1567,V3_AnchorK16,0,0,12,/mnt/lis-wam-data/dxl/mattergen_v1/experiments/corrector_residual_distillation_v3_anchor/stage_c/generation/V3_AnchorK16/69017/generated_crystals.extxyz,a3e8d4ec717e16c2d544d7cbc96d0e9785d3e222baabc6cc824853b947a74e9d,320428544,15,15,/mnt/lis-wam-data/dxl/mattergen_v1/experiments/corrector_residual_distillation_v3_anchor/stage_c/generation/V3_AnchorK16/69017/run_summary.json,35.043709115831476,567,69017,True
0,0,,0,0.0,0,0,0,01dd3e86805165412e0810e2a77a4756f8e1020f3ff2707c74af0a3f88a1bb8e,0.0,0,Be5Fe9Ir2,0.0,114.671203894075,0,0,2000,C0,0,0,16,/mnt/lis-wam-data/dxl/mattergen_v1/experiments/corrector_residual_distillation_v3_anchor/stage_c/generation/C0/69018/generated_crystals.extxyz,5f651b75e526aa70407632ea5f318425c97efaee72940a20c069dcbdb6d14b7f,343643136,0,0,/mnt/lis-wam-data/dxl/mattergen_v1/experiments/corrector_residual_distillation_v3_anchor/stage_c/generation/C0/69018/run_summary.json,31.394106608712512,1000,69018,True
439,700,a2fd0f17c27b760958b60c1d1386577883635a34fb2101eb08e38fd8472702c7,184,5.4875,15,0,261,01dd3e86805165412e0810e2a77a4756f8e1020f3ff2707c74af0a3f88a1bb8e,0.439,561,Li3Fe3(IrO4)2,0.2195,102.15354494191706,0,300,1561,V2_Frozen_Atomic75_Late30,0,0,16,/mnt/lis-wam-data/dxl/mattergen_v1/experiments/corrector_residual_distillation_v3_anchor/stage_c/generation/V2_Frozen_Atomic75_Late30/69018/generated_crystals.extxyz,2e3ba8f112d0611ac61bcce83002a87eb71a93e16b1d443cbf979756642f6661,350138368,0,0,/mnt/lis-wam-data/dxl/mattergen_v1/experiments/corrector_residual_distillation_v3_anchor/stage_c/generation/V2_Frozen_Atomic75_Late30/69018/run_summary.json,35.241067767613,561,69018,True
335,700,a2fd0f17c27b760958b60c1d1386577883635a34fb2101eb08e38fd8472702c7,16,5.317460317460317,16,16,355,01dd3e86805165412e0810e2a77a4756f8e1020f3ff2707c74af0a3f88a1bb8e,0.335,665,Fe9Ir7,0.1675,102.4294719309546,0,300,1665,V3_AnchorK16,0,0,16,/mnt/lis-wam-data/dxl/mattergen_v1/experiments/corrector_residual_distillation_v3_anchor/stage_c/generation/V3_AnchorK16/69018/generated_crystals.extxyz,8993c299f641e9159edfe0601dc7e3795b67942cbc2f97869a85de295bc02bba,342950912,10,10,/mnt/lis-wam-data/dxl/mattergen_v1/experiments/corrector_residual_distillation_v3_anchor/stage_c/generation/V3_AnchorK16/69018/run_summary.json,35.146134526854524,665,69018,True
0,0,,0,0.0,0,0,0,01dd3e86805165412e0810e2a77a4756f8e1020f3ff2707c74af0a3f88a1bb8e,0.0,0,FeNi,0.0,114.78725329996087,0,0,2000,C0,0,0,4,/mnt/lis-wam-data/dxl/mattergen_v1/experiments/corrector_residual_distillation_v3_anchor/stage_c/generation/C0/69019/generated_crystals.extxyz,f175528cd14a9f0d2d23ce1b308687828b27fe1038b10038ed9ae437dc090289,257572352,0,0,/mnt/lis-wam-data/dxl/mattergen_v1/experiments/corrector_residual_distillation_v3_anchor/stage_c/generation/C0/69019/run_summary.json,31.362367305649496,1000,69019,True
700,700,a2fd0f17c27b760958b60c1d1386577883635a34fb2101eb08e38fd8472702c7,700,700.0,700,0,0,01dd3e86805165412e0810e2a77a4756f8e1020f3ff2707c74af0a3f88a1bb8e,0.7,300,FeCoNi2,0.35,81.33697651792318,0,300,1300,V2_Frozen_Atomic75_Late30,0,0,4,/mnt/lis-wam-data/dxl/mattergen_v1/experiments/corrector_residual_distillation_v3_anchor/stage_c/generation/V2_Frozen_Atomic75_Late30/69019/generated_crystals.extxyz,a0ecfc103a169a710a1e66d91e4a43366db7c0e011bd314d0a46297650ce9971,257203200,0,0,/mnt/lis-wam-data/dxl/mattergen_v1/experiments/corrector_residual_distillation_v3_anchor/stage_c/generation/V2_Frozen_Atomic75_Late30/69019/run_summary.json,44.2603125185839,300,69019,True
659,700,a2fd0f17c27b760958b60c1d1386577883635a34fb2101eb08e38fd8472702c7,16,15.69047619047619,16,16,0,01dd3e86805165412e0810e2a77a4756f8e1020f3ff2707c74af0a3f88a1bb8e,0.659,341,EuNi,0.3295,82.07152928505093,0,300,1341,V3_AnchorK16,0,0,4,/mnt/lis-wam-data/dxl/mattergen_v1/experiments/corrector_residual_distillation_v3_anchor/stage_c/generation/V3_AnchorK16/69019/generated_crystals.extxyz,193cf0b5c71ce44f467d2cc89f886da8708cbbc909c1d580e7d332756422335a,257537536,41,41,/mnt/lis-wam-data/dxl/mattergen_v1/experiments/corrector_residual_distillation_v3_anchor/stage_c/generation/V3_AnchorK16/69019/run_summary.json,43.86417593726657,341,69019,True
0,0,,0,0.0,0,0,0,01dd3e86805165412e0810e2a77a4756f8e1020f3ff2707c74af0a3f88a1bb8e,0.0,0,MnFe,0.0,111.83728598803282,0,0,2000,C0,0,0,2,/mnt/lis-wam-data/dxl/mattergen_v1/experiments/corrector_residual_distillation_v3_anchor/stage_c/generation/C0/69020/generated_crystals.extxyz,9246a4c0e8377f1f1b6d89f2e210e62977fe43749f39d368815afe0342377e1c,242691584,0,0,/mnt/lis-wam-data/dxl/mattergen_v1/experiments/corrector_residual_distillation_v3_anchor/stage_c/generation/C0/69020/run_summary.json,32.18962234460177,1000,69020,True
685,700,a2fd0f17c27b760958b60c1d1386577883635a34fb2101eb08e38fd8472702c7,311,52.69230769230769,311,0,15,01dd3e86805165412e0810e2a77a4756f8e1020f3ff2707c74af0a3f88a1bb8e,0.685,315,Mn,0.3425,82.58028308697976,0,300,1315,V2_Frozen_Atomic75_Late30,0,0,2,/mnt/lis-wam-data/dxl/mattergen_v1/experiments/corrector_residual_distillation_v3_anchor/stage_c/generation/V2_Frozen_Atomic75_Late30/69020/generated_crystals.extxyz,20658afd1e84184b6bf36af92e0362655ecfa735b21abffe55adc6daa694614f,242714624,0,0,/mnt/lis-wam-data/dxl/mattergen_v1/experiments/corrector_residual_distillation_v3_anchor/stage_c/generation/V2_Frozen_Atomic75_Late30/69020/run_summary.json,43.59394113735611,315,69020,True
655,700,a2fd0f17c27b760958b60c1d1386577883635a34fb2101eb08e38fd8472702c7,16,14.886363636363637,16,16,8,01dd3e86805165412e0810e2a77a4756f8e1020f3ff2707c74af0a3f88a1bb8e,0.655,345,MnFe,0.3275,81.30787587701343,0,300,1345,V3_AnchorK16,0,0,2,/mnt/lis-wam-data/dxl/mattergen_v1/experiments/corrector_residual_distillation_v3_anchor/stage_c/generation/V3_AnchorK16/69020/generated_crystals.extxyz,17a7c6ec99fa7ae8414794c3f9757baf9237439eaa8e6cba6c9aefc9d6eec874,242714624,37,37,/mnt/lis-wam-data/dxl/mattergen_v1/experiments/corrector_residual_distillation_v3_anchor/stage_c/generation/V3_AnchorK16/69020/run_summary.json,44.27615358499062,345,69020,True
0,0,,0,0.0,0,0,0,01dd3e86805165412e0810e2a77a4756f8e1020f3ff2707c74af0a3f88a1bb8e,0.0,0,Fe7Ni4Pt,0.0,121.18865277199075,0,0,2000,C0,0,0,12,/mnt/lis-wam-data/dxl/mattergen_v1/experiments/corrector_residual_distillation_v3_anchor/stage_c/generation/C0/69021/generated_crystals.extxyz,d744679ad96c1b51d8408cdadec28902c38b664876e9208d4ba7466af89e5010,317058048,0,0,/mnt/lis-wam-data/dxl/mattergen_v1/experiments/corrector_residual_distillation_v3_anchor/stage_c/generation/C0/69021/run_summary.json,29.705751468111345,1000,69021,True
569,700,a2fd0f17c27b760958b60c1d1386577883635a34fb2101eb08e38fd8472702c7,195,8.014084507042254,10,0,131,01dd3e86805165412e0810e2a77a4756f8e1020f3ff2707c74af0a3f88a1bb8e,0.569,431,FeCoF4,0.2845,92.6957246910315,0,300,1431,V2_Frozen_Atomic75_Late30,0,0,12,/mnt/lis-wam-data/dxl/mattergen_v1/experiments/corrector_residual_distillation_v3_anchor/stage_c/generation/V2_Frozen_Atomic75_Late30/69021/generated_crystals.extxyz,975cc91ff5d76031eb232bb10f73246bc6426fdd2c8c32b9ccd68b9f9c20555e,315394560,0,0,/mnt/lis-wam-data/dxl/mattergen_v1/experiments/corrector_residual_distillation_v3_anchor/stage_c/generation/V2_Frozen_Atomic75_Late30/69021/run_summary.json,38.83674260058196,431,69021,True
581,700,a2fd0f17c27b760958b60c1d1386577883635a34fb2101eb08e38fd8472702c7,16,7.644736842105263,16,16,94,01dd3e86805165412e0810e2a77a4756f8e1020f3ff2707c74af0a3f88a1bb8e,0.581,419,Mn4SiNi,0.2905,86.01015832601115,0,300,1419,V3_AnchorK16,0,0,12,/mnt/lis-wam-data/dxl/mattergen_v1/experiments/corrector_residual_distillation_v3_anchor/stage_c/generation/V3_AnchorK16/69021/generated_crystals.extxyz,b721029373f97816dd0d8b5713923f851ba80d369341ff20e9539e99cc737b91,315949568,25,25,/mnt/lis-wam-data/dxl/mattergen_v1/experiments/corrector_residual_distillation_v3_anchor/stage_c/generation/V3_AnchorK16/69021/run_summary.json,41.855521139196526,419,69021,True
0,0,,0,0.0,0,0,0,01dd3e86805165412e0810e2a77a4756f8e1020f3ff2707c74af0a3f88a1bb8e,0.0,0,Fe2P2O8F,0.0,117.27064437093213,0,0,2000,C0,0,0,13,/mnt/lis-wam-data/dxl/mattergen_v1/experiments/corrector_residual_distillation_v3_anchor/stage_c/generation/C0/69022/generated_crystals.extxyz,217b186def58453e7a65bcd61bc5c68b1e10e745aabd366b952679b8c33cdf77,323502592,0,0,/mnt/lis-wam-data/dxl/mattergen_v1/experiments/corrector_residual_distillation_v3_anchor/stage_c/generation/C0/69022/run_summary.json,30.69821965515124,1000,69022,True
584,700,a2fd0f17c27b760958b60c1d1386577883635a34fb2101eb08e38fd8472702c7,169,8.984615384615385,30,0,116,01dd3e86805165412e0810e2a77a4756f8e1020f3ff2707c74af0a3f88a1bb8e,0.584,416,Fe3H3O7,0.292,89.53703872510232,0,300,1416,V2_Frozen_Atomic75_Late30,0,0,13,/mnt/lis-wam-data/dxl/mattergen_v1/experiments/corrector_residual_distillation_v3_anchor/stage_c/generation/V2_Frozen_Atomic75_Late30/69022/generated_crystals.extxyz,4584c1a1aed1de19fed50712de69e30f769acc0bd9157a301295dc397fafba5c,323468800,0,0,/mnt/lis-wam-data/dxl/mattergen_v1/experiments/corrector_residual_distillation_v3_anchor/stage_c/generation/V2_Frozen_Atomic75_Late30/69022/run_summary.json,40.20682447464856,416,69022,True
548,700,a2fd0f17c27b760958b60c1d1386577883635a34fb2101eb08e38fd8472702c7,16,6.157303370786517,16,16,138,01dd3e86805165412e0810e2a77a4756f8e1020f3ff2707c74af0a3f88a1bb8e,0.548,452,Ba2Fe3O8,0.274,96.14383301907219,0,300,1452,V3_AnchorK16,0,0,13,/mnt/lis-wam-data/dxl/mattergen_v1/experiments/corrector_residual_distillation_v3_anchor/stage_c/generation/V3_AnchorK16/69022/generated_crystals.extxyz,e51dab3bcf338357f13e5faf14e9b6f35351fd06dee5b9505c180dcc5b50be53,323468800,14,14,/mnt/lis-wam-data/dxl/mattergen_v1/experiments/corrector_residual_distillation_v3_anchor/stage_c/generation/V3_AnchorK16/69022/run_summary.json,37.44389928042356,452,69022,True
0,0,,0,0.0,0,0,0,01dd3e86805165412e0810e2a77a4756f8e1020f3ff2707c74af0a3f88a1bb8e,0.0,0,BaEuO3,0.0,113.73944359691814,0,0,2000,C0,0,0,10,/mnt/lis-wam-data/dxl/mattergen_v1/experiments/corrector_residual_distillation_v3_anchor/stage_c/generation/C0/69023/generated_crystals.extxyz,687091f453449c3885fe471a07a63d43e5327f1ba7c7f4f7b179ace0dfd16e0f,301750272,0,0,/mnt/lis-wam-data/dxl/mattergen_v1/experiments/corrector_residual_distillation_v3_anchor/stage_c/generation/C0/69023/run_summary.json,31.651289000129633,1000,69023,True
510,700,a2fd0f17c27b760958b60c1d1386577883635a34fb2101eb08e38fd8472702c7,268,11.590909090909092,35,0,190,01dd3e86805165412e0810e2a77a4756f8e1020f3ff2707c74af0a3f88a1bb8e,0.51,490,Eu2NiSn2,0.255,90.759322602069,0,300,1490,V2_Frozen_Atomic75_Late30,0,0,10,/mnt/lis-wam-data/dxl/mattergen_v1/experiments/corrector_residual_distillation_v3_anchor/stage_c/generation/V2_Frozen_Atomic75_Late30/69023/generated_crystals.extxyz,425510ab102c5283fc95db80872b74c4e6a3a56e1a625e9024b533b3a4a58193,302032384,0,0,/mnt/lis-wam-data/dxl/mattergen_v1/experiments/corrector_residual_distillation_v3_anchor/stage_c/generation/V2_Frozen_Atomic75_Late30/69023/run_summary.json,39.665346730099245,490,69023,True
638,700,a2fd0f17c27b760958b60c1d1386577883635a34fb2101eb08e38fd8472702c7,16,11.6,16,16,31,01dd3e86805165412e0810e2a77a4756f8e1020f3ff2707c74af0a3f88a1bb8e,0.638,362,BaEuO3,0.319,91.78664439893328,0,300,1362,V3_AnchorK16,0,0,10,/mnt/lis-wam-data/dxl/mattergen_v1/experiments/corrector_residual_distillation_v3_anchor/stage_c/generation/V3_AnchorK16/69023/generated_crystals.extxyz,f605040b41914754a9a61baaf955b5a5130d76d34c1198bf1ab44a32105de47d,303204864,31,31,/mnt/lis-wam-data/dxl/mattergen_v1/experiments/corrector_residual_distillation_v3_anchor/stage_c/generation/V3_AnchorK16/69023/run_summary.json,39.22139243214167,362,69023,True
0,0,,0,0.0,0,0,0,01dd3e86805165412e0810e2a77a4756f8e1020f3ff2707c74af0a3f88a1bb8e,0.0,0,Mn3GeO6,0.0,115.15684129786678,0,0,2000,C0,0,0,10,/mnt/lis-wam-data/dxl/mattergen_v1/experiments/corrector_residual_distillation_v3_anchor/stage_c/generation/C0/69024/generated_crystals.extxyz,be158c85ceecf4a8f89724cf550bb5aec4b7f7582ea2673b2e3522dad2c74acb,301592576,0,0,/mnt/lis-wam-data/dxl/mattergen_v1/experiments/corrector_residual_distillation_v3_anchor/stage_c/generation/C0/69024/run_summary.json,31.261711935013697,1000,69024,True
611,700,a2fd0f17c27b760958b60c1d1386577883635a34fb2101eb08e38fd8472702c7,191,11.980392156862745,79,0,89,01dd3e86805165412e0810e2a77a4756f8e1020f3ff2707c74af0a3f88a1bb8e,0.611,389,BaGdMn2O6,0.3055,86.59723431197926,0,300,1389,V2_Frozen_Atomic75_Late30,0,0,10,/mnt/lis-wam-data/dxl/mattergen_v1/experiments/corrector_residual_distillation_v3_anchor/stage_c/generation/V2_Frozen_Atomic75_Late30/69024/generated_crystals.extxyz,710e6b68e147361ec771096b3afe807371d10ded6e225b04b12bc096b5a083e6,301970944,0,0,/mnt/lis-wam-data/dxl/mattergen_v1/experiments/corrector_residual_distillation_v3_anchor/stage_c/generation/V2_Frozen_Atomic75_Late30/69024/run_summary.json,41.571766449612824,389,69024,True
651,700,a2fd0f17c27b760958b60c1d1386577883635a34fb2101eb08e38fd8472702c7,16,14.152173913043478,16,16,12,01dd3e86805165412e0810e2a77a4756f8e1020f3ff2707c74af0a3f88a1bb8e,0.651,349,EuWSeO7,0.3255,85.04700853303075,0,300,1349,V3_AnchorK16,0,0,10,/mnt/lis-wam-data/dxl/mattergen_v1/experiments/corrector_residual_distillation_v3_anchor/stage_c/generation/V3_AnchorK16/69024/generated_crystals.extxyz,840819f40b86cff0d34f65e86e817adb8dd60634a620d770cec402acc76f9218,301769216,37,37,/mnt/lis-wam-data/dxl/mattergen_v1/experiments/corrector_residual_distillation_v3_anchor/stage_c/generation/V3_AnchorK16/69024/run_summary.json,42.329531186294744,349,69024,True
0,0,,0,0.0,0,0,0,01dd3e86805165412e0810e2a77a4756f8e1020f3ff2707c74af0a3f88a1bb8e,0.0,0,Fe5NiRh2,0.0,119.92963953595608,0,0,2000,C0,0,0,8,/mnt/lis-wam-data/dxl/mattergen_v1/experiments/corrector_residual_distillation_v3_anchor/stage_c/generation/C0/69025/generated_crystals.extxyz,138cc34ca3b1f76eaeb28e9cac3f394b6d850249c6b6c05cf2f368c1156b58e8,286968320,0,0,/mnt/lis-wam-data/dxl/mattergen_v1/experiments/corrector_residual_distillation_v3_anchor/stage_c/generation/C0/69025/run_summary.json,30.01760043580123,1000,69025,True
444,700,a2fd0f17c27b760958b60c1d1386577883635a34fb2101eb08e38fd8472702c7,82,6.626865671641791,46,0,256,01dd3e86805165412e0810e2a77a4756f8e1020f3ff2707c74af0a3f88a1bb8e,0.444,556,Fe3Co,0.222,94.98581531201489,0,300,1556,V2_Frozen_Atomic75_Late30,0,0,8,/mnt/lis-wam-data/dxl/mattergen_v1/experiments/corrector_residual_distillation_v3_anchor/stage_c/generation/V2_Frozen_Atomic75_Late30/69025/generated_crystals.extxyz,b53c9a7fa2d5c64129171251db206b3aafa027b58b3b7b9609f6502560faca15,286568960,0,0,/mnt/lis-wam-data/dxl/mattergen_v1/experiments/corrector_residual_distillation_v3_anchor/stage_c/generation/V2_Frozen_Atomic75_Late30/69025/run_summary.json,37.900395845153426,556,69025,True
485,700,a2fd0f17c27b760958b60c1d1386577883635a34fb2101eb08e38fd8472702c7,16,4.948979591836735,16,16,203,01dd3e86805165412e0810e2a77a4756f8e1020f3ff2707c74af0a3f88a1bb8e,0.485,515,FeCo,0.2425,90.61201455793343,0,300,1515,V3_AnchorK16,0,0,8,/mnt/lis-wam-data/dxl/mattergen_v1/experiments/corrector_residual_distillation_v3_anchor/stage_c/generation/V3_AnchorK16/69025/generated_crystals.extxyz,ea8550a35b6107a1d814a6773d4a1877b5dcccc837b8c76b1687e4b7e7f2da4e,286474752,12,12,/mnt/lis-wam-data/dxl/mattergen_v1/experiments/corrector_residual_distillation_v3_anchor/stage_c/generation/V3_AnchorK16/69025/run_summary.json,39.72983072458139,515,69025,True
0,0,,0,0.0,0,0,0,01dd3e86805165412e0810e2a77a4756f8e1020f3ff2707c74af0a3f88a1bb8e,0.0,0,Eu2P,0.0,112.00406995392404,0,0,2000,C0,0,0,3,/mnt/lis-wam-data/dxl/mattergen_v1/experiments/corrector_residual_distillation_v3_anchor/stage_c/generation/C0/69026/generated_crystals.extxyz,6b90e7694a9c267d79090ca93ecb088c4f0a6f6ee7e7d0877caec604acf0338c,250482688,0,0,/mnt/lis-wam-data/dxl/mattergen_v1/experiments/corrector_residual_distillation_v3_anchor/stage_c/generation/C0/69026/run_summary.json,32.141689150054624,1000,69026,True
697,700,a2fd0f17c27b760958b60c1d1386577883635a34fb2101eb08e38fd8472702c7,385,174.25,385,0,3,01dd3e86805165412e0810e2a77a4756f8e1020f3ff2707c74af0a3f88a1bb8e,0.697,303,Li2Eu,0.3485,79.31623513693921,0,300,1303,V2_Frozen_Atomic75_Late30,0,0,3,/mnt/lis-wam-data/dxl/mattergen_v1/experiments/corrector_residual_distillation_v3_anchor/stage_c/generation/V2_Frozen_Atomic75_Late30/69026/generated_crystals.extxyz,d72993e392a2e3f65ef49d63fff70da298a96addb4f24a9610c45cd13228c2a7,250269696,0,0,/mnt/lis-wam-data/dxl/mattergen_v1/experiments/corrector_residual_distillation_v3_anchor/stage_c/generation/V2_Frozen_Atomic75_Late30/69026/run_summary.json,45.387933426045905,303,69026,True
658,700,a2fd0f17c27b760958b60c1d1386577883635a34fb2101eb08e38fd8472702c7,16,15.666666666666666,16,16,1,01dd3e86805165412e0810e2a77a4756f8e1020f3ff2707c74af0a3f88a1bb8e,0.658,342,Li2Eu,0.329,82.16625015484169,0,300,1342,V3_AnchorK16,0,0,3,/mnt/lis-wam-data/dxl/mattergen_v1/experiments/corrector_residual_distillation_v3_anchor/stage_c/generation/V3_AnchorK16/69026/generated_crystals.extxyz,81ed853e491edb754b8aa3b9c4a1fe8fdbdc8a398aed3dba6ededf1c64737f15,250268672,41,41,/mnt/lis-wam-data/dxl/mattergen_v1/experiments/corrector_residual_distillation_v3_anchor/stage_c/generation/V3_AnchorK16/69026/run_summary.json,43.81360951991635,342,69026,True
0,0,,0,0.0,0,0,0,01dd3e86805165412e0810e2a77a4756f8e1020f3ff2707c74af0a3f88a1bb8e,0.0,0,Fe6P5,0.0,114.30870668706484,0,0,2000,C0,0,0,11,/mnt/lis-wam-data/dxl/mattergen_v1/experiments/corrector_residual_distillation_v3_anchor/stage_c/generation/C0/69027/generated_crystals.extxyz,68980ee5b0f67c55201eb6477eccd9bd8070c836bbc352d61910205a7d2767d8,313162752,0,0,/mnt/lis-wam-data/dxl/mattergen_v1/experiments/corrector_residual_distillation_v3_anchor/stage_c/generation/C0/69027/run_summary.json,31.493663994077675,1000,69027,True
377,700,a2fd0f17c27b760958b60c1d1386577883635a34fb2101eb08e38fd8472702c7,149,8.568181818181818,23,0,323,01dd3e86805165412e0810e2a77a4756f8e1020f3ff2707c74af0a3f88a1bb8e,0.377,623,Fe8SiGeAs,0.1885,99.65155914705247,0,300,1623,V2_Frozen_Atomic75_Late30,0,0,11,/mnt/lis-wam-data/dxl/mattergen_v1/experiments/corrector_residual_distillation_v3_anchor/stage_c/generation/V2_Frozen_Atomic75_Late30/69027/generated_crystals.extxyz,6bb7189a6370338f75e23c769eaecc1fbb6c6ddf189ab9ef2a1cde6018906e66,308196352,0,0,/mnt/lis-wam-data/dxl/mattergen_v1/experiments/corrector_residual_distillation_v3_anchor/stage_c/generation/V2_Frozen_Atomic75_Late30/69027/run_summary.json,36.12587731505135,623,69027,True
612,700,a2fd0f17c27b760958b60c1d1386577883635a34fb2101eb08e38fd8472702c7,16,8.869565217391305,16,16,60,01dd3e86805165412e0810e2a77a4756f8e1020f3ff2707c74af0a3f88a1bb8e,0.612,388,Eu2Ge(HO3)2,0.306,86.4448403029237,0,300,1388,V3_AnchorK16,0,0,11,/mnt/lis-wam-data/dxl/mattergen_v1/experiments/corrector_residual_distillation_v3_anchor/stage_c/generation/V3_AnchorK16/69027/generated_crystals.extxyz,004bd68d164a03def20178eff3f47feeb8c8387e0c8ee69f989b5c170470efa7,312465408,28,28,/mnt/lis-wam-data/dxl/mattergen_v1/experiments/corrector_residual_distillation_v3_anchor/stage_c/generation/V3_AnchorK16/69027/run_summary.json,41.64505350909003,388,69027,True
0,0,,0,0.0,0,0,0,01dd3e86805165412e0810e2a77a4756f8e1020f3ff2707c74af0a3f88a1bb8e,0.0,0,LiSmEu2,0.0,111.4908002128359,0,0,2000,C0,0,0,4,/mnt/lis-wam-data/dxl/mattergen_v1/experiments/corrector_residual_distillation_v3_anchor/stage_c/generation/C0/69028/generated_crystals.extxyz,51a9fa9785923776edff76a48d16c3d816664721153504880450ae3012b0e5f2,257566208,0,0,/mnt/lis-wam-data/dxl/mattergen_v1/experiments/corrector_residual_distillation_v3_anchor/stage_c/generation/C0/69028/run_summary.json,32.289659712977226,1000,69028,True
699,700,a2fd0f17c27b760958b60c1d1386577883635a34fb2101eb08e38fd8472702c7,405,349.5,405,0,1,01dd3e86805165412e0810e2a77a4756f8e1020f3ff2707c74af0a3f88a1bb8e,0.699,301,SmEu2In,0.3495,79.62114954297431,0,300,1301,V2_Frozen_Atomic75_Late30,0,0,4,/mnt/lis-wam-data/dxl/mattergen_v1/experiments/corrector_residual_distillation_v3_anchor/stage_c/generation/V2_Frozen_Atomic75_Late30/69028/generated_crystals.extxyz,9c8f888086dc6169e18377bb4d0bb0a8ba0db1f272898220deb69b6d54cb8ee5,257204224,0,0,/mnt/lis-wam-data/dxl/mattergen_v1/experiments/corrector_residual_distillation_v3_anchor/stage_c/generation/V2_Frozen_Atomic75_Late30/69028/run_summary.json,45.21411736283655,301,69028,True
658,700,a2fd0f17c27b760958b60c1d1386577883635a34fb2101eb08e38fd8472702c7,16,15.30232558139535,16,16,2,01dd3e86805165412e0810e2a77a4756f8e1020f3ff2707c74af0a3f88a1bb8e,0.658,342,SmEu2Ni,0.329,83.03139357897453,0,300,1342,V3_AnchorK16,0,0,4,/mnt/lis-wam-data/dxl/mattergen_v1/experiments/corrector_residual_distillation_v3_anchor/stage_c/generation/V3_AnchorK16/69028/generated_crystals.extxyz,0365dc270c89cc17b0b58f64776c0f1b296219571329e95c87d728566d49ab75,257203200,40,40,/mnt/lis-wam-data/dxl/mattergen_v1/experiments/corrector_residual_distillation_v3_anchor/stage_c/generation/V3_AnchorK16/69028/run_summary.json,43.35709476652218,342,69028,True
0,0,,0,0.0,0,0,0,01dd3e86805165412e0810e2a77a4756f8e1020f3ff2707c74af0a3f88a1bb8e,0.0,0,Fe2CoNi2,0.0,114.9678196948953,0,0,2000,C0,0,0,5,/mnt/lis-wam-data/dxl/mattergen_v1/experiments/corrector_residual_distillation_v3_anchor/stage_c/generation/C0/69029/generated_crystals.extxyz,28f180f80182c594639d42ef242f7e7fd2ca1ee2814cec12c8e99b05ae4495af,265729536,0,0,/mnt/lis-wam-data/dxl/mattergen_v1/experiments/corrector_residual_distillation_v3_anchor/stage_c/generation/C0/69029/run_summary.json,31.313110134242585,1000,69029,True
624,700,a2fd0f17c27b760958b60c1d1386577883635a34fb2101eb08e38fd8472702c7,276,13.866666666666667,23,0,76,01dd3e86805165412e0810e2a77a4756f8e1020f3ff2707c74af0a3f88a1bb8e,0.624,376,Fe2CoNi2,0.312,93.94063269509934,0,300,1376,V2_Frozen_Atomic75_Late30,0,0,5,/mnt/lis-wam-data/dxl/mattergen_v1/experiments/corrector_residual_distillation_v3_anchor/stage_c/generation/V2_Frozen_Atomic75_Late30/69029/generated_crystals.extxyz,3ad399acaee33e58f27ded039175144eed8b9844f32f0a5a1db6a93cc70dfc6d,264367104,0,0,/mnt/lis-wam-data/dxl/mattergen_v1/experiments/corrector_residual_distillation_v3_anchor/stage_c/generation/V2_Frozen_Atomic75_Late30/69029/run_summary.json,38.32207530137067,376,69029,True
604,700,a2fd0f17c27b760958b60c1d1386577883635a34fb2101eb08e38fd8472702c7,16,8.053333333333333,16,16,69,01dd3e86805165412e0810e2a77a4756f8e1020f3ff2707c74af0a3f88a1bb8e,0.604,396,FeCo3Ni,0.302,84.52236300311051,0,300,1396,V3_AnchorK16,0,0,5,/mnt/lis-wam-data/dxl/mattergen_v1/experiments/corrector_residual_distillation_v3_anchor/stage_c/generation/V3_AnchorK16/69029/generated_crystals.extxyz,872317f21246d7b22607fa326c372a61ae34fd6d24cbfe018b272c4560fde766,264622080,27,27,/mnt/lis-wam-data/dxl/mattergen_v1/experiments/corrector_residual_distillation_v3_anchor/stage_c/generation/V3_AnchorK16/69029/run_summary.json,42.59227821005804,396,69029,True
0,0,,0,0.0,0,0,0,01dd3e86805165412e0810e2a77a4756f8e1020f3ff2707c74af0a3f88a1bb8e,0.0,0,Fe5SiAu,0.0,112.06093592802063,0,0,2000,C0,0,0,7,/mnt/lis-wam-data/dxl/mattergen_v1/experiments/corrector_residual_distillation_v3_anchor/stage_c/generation/C0/69030/generated_crystals.extxyz,da37e2a404ec54bf4ac9698dceace0ad656161819845345d1e5d5b3594f88475,282320384,0,0,/mnt/lis-wam-data/dxl/mattergen_v1/experiments/corrector_residual_distillation_v3_anchor/stage_c/generation/C0/69030/run_summary.json,32.12537866284077,1000,69030,True
275,700,a2fd0f17c27b760958b60c1d1386577883635a34fb2101eb08e38fd8472702c7,64,5.0,17,0,425,01dd3e86805165412e0810e2a77a4756f8e1020f3ff2707c74af0a3f88a1bb8e,0.275,725,Fe4Co3,0.1375,111.21311283693649,0,300,1725,V2_Frozen_Atomic75_Late30,0,0,7,/mnt/lis-wam-data/dxl/mattergen_v1/experiments/corrector_residual_distillation_v3_anchor/stage_c/generation/V2_Frozen_Atomic75_Late30/69030/generated_crystals.extxyz,82e01c88dabec4d362b1bab01d7119344aec0e389139f524db64fc384ab66b64,280123392,0,0,/mnt/lis-wam-data/dxl/mattergen_v1/experiments/corrector_residual_distillation_v3_anchor/stage_c/generation/V2_Frozen_Atomic75_Late30/69030/run_summary.json,32.3702835768873,725,69030,True
269,700,a2fd0f17c27b760958b60c1d1386577883635a34fb2101eb08e38fd8472702c7,16,4.483333333333333,16,16,423,01dd3e86805165412e0810e2a77a4756f8e1020f3ff2707c74af0a3f88a1bb8e,0.269,731,Fe4Co3,0.1345,112.04299983684905,0,300,1731,V3_AnchorK16,0,0,7,/mnt/lis-wam-data/dxl/mattergen_v1/experiments/corrector_residual_distillation_v3_anchor/stage_c/generation/V3_AnchorK16/69030/generated_crystals.extxyz,d1574959c6f56ea87388d0c5214c55eede803965730189b1ad6d6629ed01e5d8,280123392,8,8,/mnt/lis-wam-data/dxl/mattergen_v1/experiments/corrector_residual_distillation_v3_anchor/stage_c/generation/V3_AnchorK16/69030/run_summary.json,32.1305213644951,731,69030,True
0,0,,0,0.0,0,0,0,01dd3e86805165412e0810e2a77a4756f8e1020f3ff2707c74af0a3f88a1bb8e,0.0,0,MnFeO2,0.0,116.65427258308046,0,0,2000,C0,0,0,8,/mnt/lis-wam-data/dxl/mattergen_v1/experiments/corrector_residual_distillation_v3_anchor/stage_c/generation/C0/69031/generated_crystals.extxyz,e814bded03f18b453586066212e16e45482c86b042ec7798da5a0592033673a2,287255040,0,0,/mnt/lis-wam-data/dxl/mattergen_v1/experiments/corrector_residual_distillation_v3_anchor/stage_c/generation/C0/69031/run_summary.json,30.86042131406805,1000,69031,True
682,700,a2fd0f17c27b760958b60c1d1386577883635a34fb2101eb08e38fd8472702c7,226,45.46666666666667,226,0,18,01dd3e86805165412e0810e2a77a4756f8e1020f3ff2707c74af0a3f88a1bb8e,0.682,318,MnFeO2,0.341,81.89685161411762,0,300,1318,V2_Frozen_Atomic75_Late30,0,0,8,/mnt/lis-wam-data/dxl/mattergen_v1/experiments/corrector_residual_distillation_v3_anchor/stage_c/generation/V2_Frozen_Atomic75_Late30/69031/generated_crystals.extxyz,326e22beff7c8806a7eef6f8f96df6030e723c5d91aeafb2f791ae7cfb1b5547,287912448,0,0,/mnt/lis-wam-data/dxl/mattergen_v1/experiments/corrector_residual_distillation_v3_anchor/stage_c/generation/V2_Frozen_Atomic75_Late30/69031/run_summary.json,43.95773377177568,318,69031,True
301,700,a2fd0f17c27b760958b60c1d1386577883635a34fb2101eb08e38fd8472702c7,16,3.810126582278481,16,16,391,01dd3e86805165412e0810e2a77a4756f8e1020f3ff2707c74af0a3f88a1bb8e,0.301,699,MnFe3Co4,0.1505,104.21984965912998,0,300,1699,V3_AnchorK16,0,0,8,/mnt/lis-wam-data/dxl/mattergen_v1/experiments/corrector_residual_distillation_v3_anchor/stage_c/generation/V3_AnchorK16/69031/generated_crystals.extxyz,f61d90c2b74518eb212dd05fbed91beeed7c1d93d4c5d88dba50e9fa7d9c7570,287719424,8,8,/mnt/lis-wam-data/dxl/mattergen_v1/experiments/corrector_residual_distillation_v3_anchor/stage_c/generation/V3_AnchorK16/69031/run_summary.json,34.54236416358742,699,69031,True
0,0,,0,0.0,0,0,0,01dd3e86805165412e0810e2a77a4756f8e1020f3ff2707c74af0a3f88a1bb8e,0.0,0,EuZnPO,0.0,119.6582854220178,0,0,2000,C0,0,0,8,/mnt/lis-wam-data/dxl/mattergen_v1/experiments/corrector_residual_distillation_v3_anchor/stage_c/generation/C0/69032/generated_crystals.extxyz,4097dc1912e40cebfe40e1987e7417fac25d4bf49346fb1088b862aa313c1021,286616064,0,0,/mnt/lis-wam-data/dxl/mattergen_v1/experiments/corrector_residual_distillation_v3_anchor/stage_c/generation/C0/69032/run_summary.json,30.085672607653624,1000,69032,True
695,700,a2fd0f17c27b760958b60c1d1386577883635a34fb2101eb08e38fd8472702c7,473,139.0,473,0,5,01dd3e86805165412e0810e2a77a4756f8e1020f3ff2707c74af0a3f88a1bb8e,0.695,305,Eu3O5,0.3475,79.51358789694495,0,300,1305,V2_Frozen_Atomic75_Late30,0,0,8,/mnt/lis-wam-data/dxl/mattergen_v1/experiments/corrector_residual_distillation_v3_anchor/stage_c/generation/V2_Frozen_Atomic75_Late30/69032/generated_crystals.extxyz,95915a6ddeed678318a17cf85d301c08e0fdb442f3e5c8a960b6204d97bfce70,287113728,0,0,/mnt/lis-wam-data/dxl/mattergen_v1/experiments/corrector_residual_distillation_v3_anchor/stage_c/generation/V2_Frozen_Atomic75_Late30/69032/run_summary.json,45.275280555391944,305,69032,True
604,700,a2fd0f17c27b760958b60c1d1386577883635a34fb2101eb08e38fd8472702c7,16,9.4375,16,16,68,01dd3e86805165412e0810e2a77a4756f8e1020f3ff2707c74af0a3f88a1bb8e,0.604,396,KEu4AsO2,0.302,85.4558478728868,0,300,1396,V3_AnchorK16,0,0,8,/mnt/lis-wam-data/dxl/mattergen_v1/experiments/corrector_residual_distillation_v3_anchor/stage_c/generation/V3_AnchorK16/69032/generated_crystals.extxyz,3411bf42ea7beeecd76197915b58d4607df7c4e6eece6b824de52f4657f8ca63,286835200,28,28,/mnt/lis-wam-data/dxl/mattergen_v1/experiments/corrector_residual_distillation_v3_anchor/stage_c/generation/V3_AnchorK16/69032/run_summary.json,42.12701751382655,396,69032,True
0,0,,0,0.0,0,0,0,01dd3e86805165412e0810e2a77a4756f8e1020f3ff2707c74af0a3f88a1bb8e,0.0,0,Gd2FeO4,0.0,112.69569532107562,0,0,2000,C0,0,0,14,/mnt/lis-wam-data/dxl/mattergen_v1/experiments/corrector_residual_distillation_v3_anchor/stage_c/generation/C0/69033/generated_crystals.extxyz,bc923bb50c623d23f0a1792dac19b8a968096bc3e8f10cd8b5bda8cdcad39862,328107520,0,0,/mnt/lis-wam-data/dxl/mattergen_v1/experiments/corrector_residual_distillation_v3_anchor/stage_c/generation/C0/69033/run_summary.json,31.94443221405593,1000,69033,True
483,700,a2fd0f17c27b760958b60c1d1386577883635a34fb2101eb08e38fd8472702c7,144,7.0,20,0,217,01dd3e86805165412e0810e2a77a4756f8e1020f3ff2707c74af0a3f88a1bb8e,0.483,517,Gd3Fe2HO8,0.2415,98.47587226307951,0,300,1517,V2_Frozen_Atomic75_Late30,0,0,14,/mnt/lis-wam-data/dxl/mattergen_v1/experiments/corrector_residual_distillation_v3_anchor/stage_c/generation/V2_Frozen_Atomic75_Late30/69033/generated_crystals.extxyz,2825d92d518039ad9ffc38fab4585d95fd60af82e7135b9c2dac923988583064,327804928,0,0,/mnt/lis-wam-data/dxl/mattergen_v1/experiments/corrector_residual_distillation_v3_anchor/stage_c/generation/V2_Frozen_Atomic75_Late30/69033/run_summary.json,36.55717809112222,517,69033,True
620,700,a2fd0f17c27b760958b60c1d1386577883635a34fb2101eb08e38fd8472702c7,16,8.857142857142858,16,16,55,01dd3e86805165412e0810e2a77a4756f8e1020f3ff2707c74af0a3f88a1bb8e,0.62,380,Li(FeO2)2,0.31,86.9726731381379,0,300,1380,V3_AnchorK16,0,0,14,/mnt/lis-wam-data/dxl/mattergen_v1/experiments/corrector_residual_distillation_v3_anchor/stage_c/generation/V3_AnchorK16/69033/generated_crystals.extxyz,6ae4f9d776e2df3a1785093601389b88d1a83072656dcfa4ece077b00c9cf0ec,327677440,25,25,/mnt/lis-wam-data/dxl/mattergen_v1/experiments/corrector_residual_distillation_v3_anchor/stage_c/generation/V3_AnchorK16/69033/run_summary.json,41.392311746957034,380,69033,True
0,0,,0,0.0,0,0,0,01dd3e86805165412e0810e2a77a4756f8e1020f3ff2707c74af0a3f88a1bb8e,0.0,0,Li3Mn2Fe3O7,0.0,116.73366099898703,0,0,2000,C0,0,0,15,/mnt/lis-wam-data/dxl/mattergen_v1/experiments/corrector_residual_distillation_v3_anchor/stage_c/generation/C0/69034/generated_crystals.extxyz,c469aa1004979c0a247dd5d5373bab8a7a65361f305053c644df9e7ad05daf84,337248768,0,0,/mnt/lis-wam-data/dxl/mattergen_v1/experiments/corrector_residual_distillation_v3_anchor/stage_c/generation/C0/69034/run_summary.json,30.83943370911017,1000,69034,True
596,700,a2fd0f17c27b760958b60c1d1386577883635a34fb2101eb08e38fd8472702c7,192,9.933333333333334,21,0,104,01dd3e86805165412e0810e2a77a4756f8e1020f3ff2707c74af0a3f88a1bb8e,0.596,404,SrEu3Cd(FeO4)2,0.298,86.73811436095275,0,300,1404,V2_Frozen_Atomic75_Late30,0,0,15,/mnt/lis-wam-data/dxl/mattergen_v1/experiments/corrector_residual_distillation_v3_anchor/stage_c/generation/V2_Frozen_Atomic75_Late30/69034/generated_crystals.extxyz,cf699ef2a33bc7a376f2cebe0bc623b9eb33e6bf61170e4ddf6724ae6b13e304,336028160,0,0,/mnt/lis-wam-data/dxl/mattergen_v1/experiments/corrector_residual_distillation_v3_anchor/stage_c/generation/V2_Frozen_Atomic75_Late30/69034/run_summary.json,41.504245584806334,404,69034,True
546,700,a2fd0f17c27b760958b60c1d1386577883635a34fb2101eb08e38fd8472702c7,16,6.134831460674158,16,16,133,01dd3e86805165412e0810e2a77a4756f8e1020f3ff2707c74af0a3f88a1bb8e,0.546,454,SrEu5FeO8,0.273,94.94298138911836,0,300,1454,V3_AnchorK16,0,0,15,/mnt/lis-wam-data/dxl/mattergen_v1/experiments/corrector_residual_distillation_v3_anchor/stage_c/generation/V3_AnchorK16/69034/generated_crystals.extxyz,ea07f0f86146b71a94f825400f5b59e5e9060ec6258a6704f89474f4f864a36d,335601664,21,21,/mnt/lis-wam-data/dxl/mattergen_v1/experiments/corrector_residual_distillation_v3_anchor/stage_c/generation/V3_AnchorK16/69034/run_summary.json,37.917494767155105,454,69034,True
0,0,,0,0.0,0,0,0,01dd3e86805165412e0810e2a77a4756f8e1020f3ff2707c74af0a3f88a1bb8e,0.0,0,ZnFe3H,0.0,123.34433560399339,0,0,2000,C0,0,0,5,/mnt/lis-wam-data/dxl/mattergen_v1/experiments/corrector_residual_distillation_v3_anchor/stage_c/generation/C0/69035/generated_crystals.extxyz,071aa53f3e34245ad1ff43a2c72b6391a83c6424fa4d31f980fff5469a6d36e0,264443904,0,0,/mnt/lis-wam-data/dxl/mattergen_v1/experiments/corrector_residual_distillation_v3_anchor/stage_c/generation/C0/69035/run_summary.json,29.186585523943968,1000,69035,True
700,700,a2fd0f17c27b760958b60c1d1386577883635a34fb2101eb08e38fd8472702c7,700,700.0,700,0,0,01dd3e86805165412e0810e2a77a4756f8e1020f3ff2707c74af0a3f88a1bb8e,0.7,300,GdFeO3,0.35,79.44888605806045,0,300,1300,V2_Frozen_Atomic75_Late30,0,0,5,/mnt/lis-wam-data/dxl/mattergen_v1/experiments/corrector_residual_distillation_v3_anchor/stage_c/generation/V2_Frozen_Atomic75_Late30/69035/generated_crystals.extxyz,ce96d02cc5e76822fb454ad07e522c66c946f80dfd8bcc862839ad6e865e0dc6,264454144,0,0,/mnt/lis-wam-data/dxl/mattergen_v1/experiments/corrector_residual_distillation_v3_anchor/stage_c/generation/V2_Frozen_Atomic75_Late30/69035/run_summary.json,45.31215198371889,300,69035,True
649,700,a2fd0f17c27b760958b60c1d1386577883635a34fb2101eb08e38fd8472702c7,16,12.72549019607843,16,16,18,01dd3e86805165412e0810e2a77a4756f8e1020f3ff2707c74af0a3f88a1bb8e,0.649,351,ZnFe3H,0.3245,88.38380553107709,0,300,1351,V3_AnchorK16,0,0,5,/mnt/lis-wam-data/dxl/mattergen_v1/experiments/corrector_residual_distillation_v3_anchor/stage_c/generation/V3_AnchorK16/69035/generated_crystals.extxyz,adcba3c4c8c31e39d8dad5bab76ef9cf31c5f6ac61fc32f6e6b00fda5887cdef,264455168,33,33,/mnt/lis-wam-data/dxl/mattergen_v1/experiments/corrector_residual_distillation_v3_anchor/stage_c/generation/V3_AnchorK16/69035/run_summary.json,40.731443711531355,351,69035,True
0,0,,0,0.0,0,0,0,01dd3e86805165412e0810e2a77a4756f8e1020f3ff2707c74af0a3f88a1bb8e,0.0,0,EuOF,0.0,113.56568255810998,0,0,2000,C0,0,0,18,/mnt/lis-wam-data/dxl/mattergen_v1/experiments/corrector_residual_distillation_v3_anchor/stage_c/generation/C0/69036/generated_crystals.extxyz,5bff128514b9e4f6555e88941a8724e2be7ec35c8bfc8ea85f747ab72c6d2818,359256576,0,0,/mnt/lis-wam-data/dxl/mattergen_v1/experiments/corrector_residual_distillation_v3_anchor/stage_c/generation/C0/69036/run_summary.json,31.699717017576415,1000,69036,True
387,700,a2fd0f17c27b760958b60c1d1386577883635a34fb2101eb08e38fd8472702c7,188,6.672413793103448,6,0,313,01dd3e86805165412e0810e2a77a4756f8e1020f3ff2707c74af0a3f88a1bb8e,0.387,613,Fe6O5F7,0.1935,109.0331508780364,0,300,1613,V2_Frozen_Atomic75_Late30,0,0,18,/mnt/lis-wam-data/dxl/mattergen_v1/experiments/corrector_residual_distillation_v3_anchor/stage_c/generation/V2_Frozen_Atomic75_Late30/69036/generated_crystals.extxyz,c7d66d44c6e50b7c5243fb166dfc0e81b2570d5942a8d4bbaba4576287a25310,360604672,0,0,/mnt/lis-wam-data/dxl/mattergen_v1/experiments/corrector_residual_distillation_v3_anchor/stage_c/generation/V2_Frozen_Atomic75_Late30/69036/run_summary.json,33.01748111477519,613,69036,True
393,700,a2fd0f17c27b760958b60c1d1386577883635a34fb2101eb08e38fd8472702c7,16,3.742857142857143,16,16,294,01dd3e86805165412e0810e2a77a4756f8e1020f3ff2707c74af0a3f88a1bb8e,0.393,607,Li2Fe5O6F5,0.1965,95.92786554689519,0,300,1607,V3_AnchorK16,0,0,18,/mnt/lis-wam-data/dxl/mattergen_v1/experiments/corrector_residual_distillation_v3_anchor/stage_c/generation/V3_AnchorK16/69036/generated_crystals.extxyz,3f18876e64c9b5a44d5975e1b25afd18dc90ca498a9470c183230e51b5a82e1f,358903808,13,13,/mnt/lis-wam-data/dxl/mattergen_v1/experiments/corrector_residual_distillation_v3_anchor/stage_c/generation/V3_AnchorK16/69036/run_summary.json,37.52819870926981,607,69036,True
0,0,,0,0.0,0,0,0,01dd3e86805165412e0810e2a77a4756f8e1020f3ff2707c74af0a3f88a1bb8e,0.0,0,Fe2NiPd,0.0,111.66750419605523,0,0,2000,C0,0,0,4,/mnt/lis-wam-data/dxl/mattergen_v1/experiments/corrector_residual_distillation_v3_anchor/stage_c/generation/C0/69037/generated_crystals.extxyz,f7390c63d92173003e3aa444f6fc8b7b932de5444c1ce1c9062b4dd7c779c983,259206144,0,0,/mnt/lis-wam-data/dxl/mattergen_v1/experiments/corrector_residual_distillation_v3_anchor/stage_c/generation/C0/69037/run_summary.json,32.23856417243338,1000,69037,True
700,700,a2fd0f17c27b760958b60c1d1386577883635a34fb2101eb08e38fd8472702c7,700,700.0,700,0,0,01dd3e86805165412e0810e2a77a4756f8e1020f3ff2707c74af0a3f88a1bb8e,0.7,300,FeRh,0.35,79.84688432095572,0,300,1300,V2_Frozen_Atomic75_Late30,0,0,4,/mnt/lis-wam-data/dxl/mattergen_v1/experiments/corrector_residual_distillation_v3_anchor/stage_c/generation/V2_Frozen_Atomic75_Late30/69037/generated_crystals.extxyz,bb84878c3f24827d2d586ddd12a8f5813d8e4c3d35b8b9aaceb162ed97c1e3db,257779200,0,0,/mnt/lis-wam-data/dxl/mattergen_v1/experiments/corrector_residual_distillation_v3_anchor/stage_c/generation/V2_Frozen_Atomic75_Late30/69037/run_summary.json,45.08629272908504,300,69037,True
659,700,a2fd0f17c27b760958b60c1d1386577883635a34fb2101eb08e38fd8472702c7,16,15.69047619047619,16,16,0,01dd3e86805165412e0810e2a77a4756f8e1020f3ff2707c74af0a3f88a1bb8e,0.659,341,Fe2NiRh,0.3295,81.57657196302898,0,300,1341,V3_AnchorK16,0,0,4,/mnt/lis-wam-data/dxl/mattergen_v1/experiments/corrector_residual_distillation_v3_anchor/stage_c/generation/V3_AnchorK16/69037/generated_crystals.extxyz,6ba73882f19fb5b18be1ce6464165e019aee88ff8a590fa7ce2d3370bdcbd29c,257652224,41,41,/mnt/lis-wam-data/dxl/mattergen_v1/experiments/corrector_residual_distillation_v3_anchor/stage_c/generation/V3_AnchorK16/69037/run_summary.json,44.13031723901738,341,69037,True
0,0,,0,0.0,0,0,0,01dd3e86805165412e0810e2a77a4756f8e1020f3ff2707c74af0a3f88a1bb8e,0.0,0,Ga2FeCo5,0.0,120.63865998201072,0,0,2000,C0,0,0,8,/mnt/lis-wam-data/dxl/mattergen_v1/experiments/corrector_residual_distillation_v3_anchor/stage_c/generation/C0/69038/generated_crystals.extxyz,89644946dd03aff1c5fc21750b5125be83ee50b82be5f35b6b2114cb39ca3632,287247360,0,0,/mnt/lis-wam-data/dxl/mattergen_v1/experiments/corrector_residual_distillation_v3_anchor/stage_c/generation/C0/69038/run_summary.json,29.841180269548925,1000,69038,True
536,700,a2fd0f17c27b760958b60c1d1386577883635a34fb2101eb08e38fd8472702c7,262,9.925925925925926,21,0,164,01dd3e86805165412e0810e2a77a4756f8e1020f3ff2707c74af0a3f88a1bb8e,0.536,464,FeCo3,0.268,89.84452148806304,0,300,1464,V2_Frozen_Atomic75_Late30,0,0,8,/mnt/lis-wam-data/dxl/mattergen_v1/experiments/corrector_residual_distillation_v3_anchor/stage_c/generation/V2_Frozen_Atomic75_Late30/69038/generated_crystals.extxyz,091ba29aa3e5b26655a1d84f16ed22880596058656af66f9ad7a42011234a645,286434816,0,0,/mnt/lis-wam-data/dxl/mattergen_v1/experiments/corrector_residual_distillation_v3_anchor/stage_c/generation/V2_Frozen_Atomic75_Late30/69038/run_summary.json,40.06922114308667,464,69038,True
513,700,a2fd0f17c27b760958b60c1d1386577883635a34fb2101eb08e38fd8472702c7,16,7.125,16,16,164,01dd3e86805165412e0810e2a77a4756f8e1020f3ff2707c74af0a3f88a1bb8e,0.513,487,Fe3Co5,0.2565,89.43177435197867,0,300,1487,V3_AnchorK16,0,0,8,/mnt/lis-wam-data/dxl/mattergen_v1/experiments/corrector_residual_distillation_v3_anchor/stage_c/generation/V3_AnchorK16/69038/generated_crystals.extxyz,01eff1e3bdee779864fb03f35d1ea313b0ef9dd883220e61064fff9ba99ee05a,286565376,23,23,/mnt/lis-wam-data/dxl/mattergen_v1/experiments/corrector_residual_distillation_v3_anchor/stage_c/generation/V3_AnchorK16/69038/run_summary.json,40.25414933434506,487,69038,True
0,0,,0,0.0,0,0,0,01dd3e86805165412e0810e2a77a4756f8e1020f3ff2707c74af0a3f88a1bb8e,0.0,0,Fe2Co,0.0,113.88388463505544,0,0,2000,C0,0,0,6,/mnt/lis-wam-data/dxl/mattergen_v1/experiments/corrector_residual_distillation_v3_anchor/stage_c/generation/C0/69039/generated_crystals.extxyz,096f352f9926104098857964d1526e0392d9df649b42ef610189efb3da9a79d8,271524352,0,0,/mnt/lis-wam-data/dxl/mattergen_v1/experiments/corrector_residual_distillation_v3_anchor/stage_c/generation/C0/69039/run_summary.json,31.611145084629978,1000,69039,True
679,700,a2fd0f17c27b760958b60c1d1386577883635a34fb2101eb08e38fd8472702c7,434,42.4375,434,0,21,01dd3e86805165412e0810e2a77a4756f8e1020f3ff2707c74af0a3f88a1bb8e,0.679,321,FeCo2H3,0.3395,82.32683025393635,0,300,1321,V2_Frozen_Atomic75_Late30,0,0,6,/mnt/lis-wam-data/dxl/mattergen_v1/experiments/corrector_residual_distillation_v3_anchor/stage_c/generation/V2_Frozen_Atomic75_Late30/69039/generated_crystals.extxyz,1e9244e3165aaaa28b1f8bb498c06c7f7467de082defb89a6aae45bff8931a93,275001344,0,0,/mnt/lis-wam-data/dxl/mattergen_v1/experiments/corrector_residual_distillation_v3_anchor/stage_c/generation/V2_Frozen_Atomic75_Late30/69039/run_summary.json,43.72815021416266,321,69039,True
655,700,a2fd0f17c27b760958b60c1d1386577883635a34fb2101eb08e38fd8472702c7,16,14.555555555555555,16,16,7,01dd3e86805165412e0810e2a77a4756f8e1020f3ff2707c74af0a3f88a1bb8e,0.655,345,Fe5Co,0.3275,83.09098304994404,0,300,1345,V3_AnchorK16,0,0,6,/mnt/lis-wam-data/dxl/mattergen_v1/experiments/corrector_residual_distillation_v3_anchor/stage_c/generation/V3_AnchorK16/69039/generated_crystals.extxyz,f5d4b028a95c60378d59f68d6f4a9c9cd8eb32afff86c3831cfcc06a412d8fa4,273032192,38,38,/mnt/lis-wam-data/dxl/mattergen_v1/experiments/corrector_residual_distillation_v3_anchor/stage_c/generation/V3_AnchorK16/69039/run_summary.json,43.326000822930745,345,69039,True
0,0,,0,0.0,0,0,0,01dd3e86805165412e0810e2a77a4756f8e1020f3ff2707c74af0a3f88a1bb8e,0.0,0,Fe3NiH,0.0,123.47071396699175,0,0,2000,C0,0,0,5,/mnt/lis-wam-data/dxl/mattergen_v1/experiments/corrector_residual_distillation_v3_anchor/stage_c/generation/C0/69040/generated_crystals.extxyz,e0c7989eb9bc8f06f73ff403b6223709dbeb007f053d166c07f6c8e903f57504,264599040,0,0,/mnt/lis-wam-data/dxl/mattergen_v1/experiments/corrector_residual_distillation_v3_anchor/stage_c/generation/C0/69040/run_summary.json,29.15671161472681,1000,69040,True
698,700,a2fd0f17c27b760958b60c1d1386577883635a34fb2101eb08e38fd8472702c7,591,232.66666666666666,591,0,2,01dd3e86805165412e0810e2a77a4756f8e1020f3ff2707c74af0a3f88a1bb8e,0.698,302,Fe(NiH)2,0.349,81.44471604004502,0,300,1302,V2_Frozen_Atomic75_Late30,0,0,5,/mnt/lis-wam-data/dxl/mattergen_v1/experiments/corrector_residual_distillation_v3_anchor/stage_c/generation/V2_Frozen_Atomic75_Late30/69040/generated_crystals.extxyz,3705c8025cf7dee3190e5935f3ce4613312c5eadf3add279325d3506fe74623e,264381440,0,0,/mnt/lis-wam-data/dxl/mattergen_v1/experiments/corrector_residual_distillation_v3_anchor/stage_c/generation/V2_Frozen_Atomic75_Late30/69040/run_summary.json,44.20176255792874,302,69040,True
659,700,a2fd0f17c27b760958b60c1d1386577883635a34fb2101eb08e38fd8472702c7,16,15.69047619047619,16,16,3,01dd3e86805165412e0810e2a77a4756f8e1020f3ff2707c74af0a3f88a1bb8e,0.659,341,EuH3Rh,0.3295,83.38232672400773,0,300,1341,V3_AnchorK16,0,0,5,/mnt/lis-wam-data/dxl/mattergen_v1/experiments/corrector_residual_distillation_v3_anchor/stage_c/generation/V3_AnchorK16/69040/generated_crystals.extxyz,b97f1888264779ed85fccd83717fcdb2c4117e6e6dd349b1440be72f7e2927ad,264783872,38,38,/mnt/lis-wam-data/dxl/mattergen_v1/experiments/corrector_residual_distillation_v3_anchor/stage_c/generation/V3_AnchorK16/69040/run_summary.json,43.174616749612426,341,69040,True
0,0,,0,0.0,0,0,0,01dd3e86805165412e0810e2a77a4756f8e1020f3ff2707c74af0a3f88a1bb8e,0.0,0,EuGaNi2,0.0,115.01510098902509,0,0,2000,C0,0,0,4,/mnt/lis-wam-data/dxl/mattergen_v1/experiments/corrector_residual_distillation_v3_anchor/stage_c/generation/C0/69041/generated_crystals.extxyz,26bf8262245b6185995cce71a0035dd87c5c1ddb949f794a26b80dd71db564c1,257523200,0,0,/mnt/lis-wam-data/dxl/mattergen_v1/experiments/corrector_residual_distillation_v3_anchor/stage_c/generation/C0/69041/run_summary.json,31.300237699600135,1000,69041,True
697,700,a2fd0f17c27b760958b60c1d1386577883635a34fb2101eb08e38fd8472702c7,561,174.25,561,0,3,01dd3e86805165412e0810e2a77a4756f8e1020f3ff2707c74af0a3f88a1bb8e,0.697,303,EuGaNi2,0.3485,87.47777071408927,0,300,1303,V2_Frozen_Atomic75_Late30,0,0,4,/mnt/lis-wam-data/dxl/mattergen_v1/experiments/corrector_residual_distillation_v3_anchor/stage_c/generation/V2_Frozen_Atomic75_Late30/69041/generated_crystals.extxyz,494cbf3e059e743172474dbb2e93ac332b142f48711d0619fe1fb7d1283d5388,257045504,0,0,/mnt/lis-wam-data/dxl/mattergen_v1/experiments/corrector_residual_distillation_v3_anchor/stage_c/generation/V2_Frozen_Atomic75_Late30/69041/run_summary.json,41.15331209989534,303,69041,True
659,700,a2fd0f17c27b760958b60c1d1386577883635a34fb2101eb08e38fd8472702c7,16,15.69047619047619,16,16,0,01dd3e86805165412e0810e2a77a4756f8e1020f3ff2707c74af0a3f88a1bb8e,0.659,341,EuNi,0.3295,83.96915038488805,0,300,1341,V3_AnchorK16,0,0,4,/mnt/lis-wam-data/dxl/mattergen_v1/experiments/corrector_residual_distillation_v3_anchor/stage_c/generation/V3_AnchorK16/69041/generated_crystals.extxyz,05f9074a3b0e664a27459991f17dee7fee9341d4d8b64a1102e3a0496a51e1d6,257455104,41,41,/mnt/lis-wam-data/dxl/mattergen_v1/experiments/corrector_residual_distillation_v3_anchor/stage_c/generation/V3_AnchorK16/69041/run_summary.json,42.872888239296664,341,69041,True
0,0,,0,0.0,0,0,0,01dd3e86805165412e0810e2a77a4756f8e1020f3ff2707c74af0a3f88a1bb8e,0.0,0,Eu3Si2,0.0,112.37225747690536,0,0,2000,C0,0,0,5,/mnt/lis-wam-data/dxl/mattergen_v1/experiments/corrector_residual_distillation_v3_anchor/stage_c/generation/C0/69042/generated_crystals.extxyz,1c1c6cb7ed26d5b6d0a6ff05adb6dfa83eaa3cd433796eba8d57b031fd8f1712,266464768,0,0,/mnt/lis-wam-data/dxl/mattergen_v1/experiments/corrector_residual_distillation_v3_anchor/stage_c/generation/C0/69042/run_summary.json,32.03637695665114,1000,69042,True
696,700,a2fd0f17c27b760958b60c1d1386577883635a34fb2101eb08e38fd8472702c7,509,139.2,509,0,4,01dd3e86805165412e0810e2a77a4756f8e1020f3ff2707c74af0a3f88a1bb8e,0.696,304,Eu3PbO,0.348,81.7616996341385,0,300,1304,V2_Frozen_Atomic75_Late30,0,0,5,/mnt/lis-wam-data/dxl/mattergen_v1/experiments/corrector_residual_distillation_v3_anchor/stage_c/generation/V2_Frozen_Atomic75_Late30/69042/generated_crystals.extxyz,f8862a882baa41b959ca02b4994ec8aad6107e18b66361aa19b6262d1b3bf635,264941056,0,0,/mnt/lis-wam-data/dxl/mattergen_v1/experiments/corrector_residual_distillation_v3_anchor/stage_c/generation/V2_Frozen_Atomic75_Late30/69042/run_summary.json,44.03039584682103,304,69042,True
659,700,a2fd0f17c27b760958b60c1d1386577883635a34fb2101eb08e38fd8472702c7,16,15.69047619047619,16,16,0,01dd3e86805165412e0810e2a77a4756f8e1020f3ff2707c74af0a3f88a1bb8e,0.659,341,Eu3PbO,0.3295,87.26249196683057,0,300,1341,V3_AnchorK16,0,0,5,/mnt/lis-wam-data/dxl/mattergen_v1/experiments/corrector_residual_distillation_v3_anchor/stage_c/generation/V3_AnchorK16/69042/generated_crystals.extxyz,ec9da136fa7e84d7d3d7ac4dd6eba2efa6951fb5fc9831aea3dfded91def1a1e,264629760,41,41,/mnt/lis-wam-data/dxl/mattergen_v1/experiments/corrector_residual_distillation_v3_anchor/stage_c/generation/V3_AnchorK16/69042/run_summary.json,41.25483834874209,341,69042,True
0,0,,0,0.0,0,0,0,01dd3e86805165412e0810e2a77a4756f8e1020f3ff2707c74af0a3f88a1bb8e,0.0,0,Li2Mn2NiO5,0.0,112.59959024004638,0,0,2000,C0,0,0,10,/mnt/lis-wam-data/dxl/mattergen_v1/experiments/corrector_residual_distillation_v3_anchor/stage_c/generation/C0/69043/generated_crystals.extxyz,c62688546ad8fd2f10a5c94f14de3f4fea13b4e2319d613558da4c080d51ff30,301934080,0,0,/mnt/lis-wam-data/dxl/mattergen_v1/experiments/corrector_residual_distillation_v3_anchor/stage_c/generation/C0/69043/run_summary.json,31.97169716448621,1000,69043,True
679,700,a2fd0f17c27b760958b60c1d1386577883635a34fb2101eb08e38fd8472702c7,301,39.94117647058823,301,0,21,01dd3e86805165412e0810e2a77a4756f8e1020f3ff2707c74af0a3f88a1bb8e,0.679,321,Eu2Mn2O5F,0.3395,82.48990470194258,0,300,1321,V2_Frozen_Atomic75_Late30,0,0,10,/mnt/lis-wam-data/dxl/mattergen_v1/experiments/corrector_residual_distillation_v3_anchor/stage_c/generation/V2_Frozen_Atomic75_Late30/69043/generated_crystals.extxyz,78f485912562c81d72d0387d10a367ee541ee6412422da8ee5b8f4f0854fa6af,300340736,0,0,/mnt/lis-wam-data/dxl/mattergen_v1/experiments/corrector_residual_distillation_v3_anchor/stage_c/generation/V2_Frozen_Atomic75_Late30/69043/run_summary.json,43.641703951625765,321,69043,True
654,700,a2fd0f17c27b760958b60c1d1386577883635a34fb2101eb08e38fd8472702c7,16,14.217391304347826,16,16,12,01dd3e86805165412e0810e2a77a4756f8e1020f3ff2707c74af0a3f88a1bb8e,0.654,346,EuMnFeSiO6,0.327,84.92791077098809,0,300,1346,V3_AnchorK16,0,0,10,/mnt/lis-wam-data/dxl/mattergen_v1/experiments/corrector_residual_distillation_v3_anchor/stage_c/generation/V3_AnchorK16/69043/generated_crystals.extxyz,fe0ad648bb69377b0b8ef554e9544ad999f99b68de6ed9d5ba6823bc8a94f731,301966848,34,34,/mnt/lis-wam-data/dxl/mattergen_v1/experiments/corrector_residual_distillation_v3_anchor/stage_c/generation/V3_AnchorK16/69043/run_summary.json,42.38889155895476,346,69043,True
0,0,,0,0.0,0,0,0,01dd3e86805165412e0810e2a77a4756f8e1020f3ff2707c74af0a3f88a1bb8e,0.0,0,Eu2P,0.0,114.01937786396593,0,0,2000,C0,0,0,12,/mnt/lis-wam-data/dxl/mattergen_v1/experiments/corrector_residual_distillation_v3_anchor/stage_c/generation/C0/69044/generated_crystals.extxyz,6ec9cd8c68df69b80c525e85a735f788a3fa256755e6301840f6468cdc513a4a,315415040,0,0,/mnt/lis-wam-data/dxl/mattergen_v1/experiments/corrector_residual_distillation_v3_anchor/stage_c/generation/C0/69044/run_summary.json,31.573580451342952,1000,69044,True
607,700,a2fd0f17c27b760958b60c1d1386577883635a34fb2101eb08e38fd8472702c7,151,12.387755102040817,59,0,93,01dd3e86805165412e0810e2a77a4756f8e1020f3ff2707c74af0a3f88a1bb8e,0.607,393,Fe2Pt,0.3035,84.60713977180421,0,300,1393,V2_Frozen_Atomic75_Late30,0,0,12,/mnt/lis-wam-data/dxl/mattergen_v1/experiments/corrector_residual_distillation_v3_anchor/stage_c/generation/V2_Frozen_Atomic75_Late30/69044/generated_crystals.extxyz,338256c6d880c1a89f509b8d077a0472801b090555309a98c444a35794b80483,315385856,0,0,/mnt/lis-wam-data/dxl/mattergen_v1/experiments/corrector_residual_distillation_v3_anchor/stage_c/generation/V2_Frozen_Atomic75_Late30/69044/run_summary.json,42.54960053855549,393,69044,True
535,700,a2fd0f17c27b760958b60c1d1386577883635a34fb2101eb08e38fd8472702c7,16,6.9480519480519485,16,16,143,01dd3e86805165412e0810e2a77a4756f8e1020f3ff2707c74af0a3f88a1bb8e,0.535,465,Fe3Pt,0.2675,94.55957864993252,0,300,1465,V3_AnchorK16,0,0,12,/mnt/lis-wam-data/dxl/mattergen_v1/experiments/corrector_residual_distillation_v3_anchor/stage_c/generation/V3_AnchorK16/69044/generated_crystals.extxyz,be1d312a3ce19e90cabab0911a6a908bf6427cd2809bd0e3e2419f87c2654267,315021312,22,22,/mnt/lis-wam-data/dxl/mattergen_v1/experiments/corrector_residual_distillation_v3_anchor/stage_c/generation/V3_AnchorK16/69044/run_summary.json,38.07123563153239,465,69044,True
0,0,,0,0.0,0,0,0,01dd3e86805165412e0810e2a77a4756f8e1020f3ff2707c74af0a3f88a1bb8e,0.0,0,EuGaNi,0.0,113.85532008809969,0,0,2000,C0,0,0,9,/mnt/lis-wam-data/dxl/mattergen_v1/experiments/corrector_residual_distillation_v3_anchor/stage_c/generation/C0/69045/generated_crystals.extxyz,5422439197d9c3214f4efb6d99e278cfa7fb81757befd04efc32dcf2cdd46709,293268992,0,0,/mnt/lis-wam-data/dxl/mattergen_v1/experiments/corrector_residual_distillation_v3_anchor/stage_c/generation/C0/69045/run_summary.json,31.61907583426378,1000,69045,True
632,700,a2fd0f17c27b760958b60c1d1386577883635a34fb2101eb08e38fd8472702c7,356,17.555555555555557,111,0,68,01dd3e86805165412e0810e2a77a4756f8e1020f3ff2707c74af0a3f88a1bb8e,0.632,368,Eu3AlCu2Ni3,0.316,83.50379809900187,0,300,1368,V2_Frozen_Atomic75_Late30,0,0,9,/mnt/lis-wam-data/dxl/mattergen_v1/experiments/corrector_residual_distillation_v3_anchor/stage_c/generation/V2_Frozen_Atomic75_Late30/69045/generated_crystals.extxyz,15ac0d59f672265fc8caa87f22a6a525211eb4aa04606c421007cb70a7245102,293883392,0,0,/mnt/lis-wam-data/dxl/mattergen_v1/experiments/corrector_residual_distillation_v3_anchor/stage_c/generation/V2_Frozen_Atomic75_Late30/69045/run_summary.json,43.11181146193913,368,69045,True
595,700,a2fd0f17c27b760958b60c1d1386577883635a34fb2101eb08e38fd8472702c7,16,8.5,16,16,76,01dd3e86805165412e0810e2a77a4756f8e1020f3ff2707c74af0a3f88a1bb8e,0.595,405,EuNiPt,0.2975,87.29165532696061,0,300,1405,V3_AnchorK16,0,0,9,/mnt/lis-wam-data/dxl/mattergen_v1/experiments/corrector_residual_distillation_v3_anchor/stage_c/generation/V3_AnchorK16/69045/generated_crystals.extxyz,06a026083890b0a7447c0177f31a0fdf6fd2912b03180d889605ba341c0b7d40,293716480,29,29,/mnt/lis-wam-data/dxl/mattergen_v1/experiments/corrector_residual_distillation_v3_anchor/stage_c/generation/V3_AnchorK16/69045/run_summary.json,41.24105547678984,405,69045,True
0,0,,0,0.0,0,0,0,01dd3e86805165412e0810e2a77a4756f8e1020f3ff2707c74af0a3f88a1bb8e,0.0,0,NdEuPd2,0.0,115.25437288219109,0,0,2000,C0,0,0,4,/mnt/lis-wam-data/dxl/mattergen_v1/experiments/corrector_residual_distillation_v3_anchor/stage_c/generation/C0/69046/generated_crystals.extxyz,fda8bd56d67692f5a94198ac972ee5d9ad4474a4f6c6ea201be24c42a600477a,257636864,0,0,/mnt/lis-wam-data/dxl/mattergen_v1/experiments/corrector_residual_distillation_v3_anchor/stage_c/generation/C0/69046/run_summary.json,31.23525737005911,1000,69046,True
700,700,a2fd0f17c27b760958b60c1d1386577883635a34fb2101eb08e38fd8472702c7,700,700.0,700,0,0,01dd3e86805165412e0810e2a77a4756f8e1020f3ff2707c74af0a3f88a1bb8e,0.7,300,NdEuPd2,0.35,84.95442019402981,0,300,1300,V2_Frozen_Atomic75_Late30,0,0,4,/mnt/lis-wam-data/dxl/mattergen_v1/experiments/corrector_residual_distillation_v3_anchor/stage_c/generation/V2_Frozen_Atomic75_Late30/69046/generated_crystals.extxyz,9d4e7cd20c339b1b1e475357f4c1e18424269ca2a6c7a6fdf6bf8fd935d91124,259077632,0,0,/mnt/lis-wam-data/dxl/mattergen_v1/experiments/corrector_residual_distillation_v3_anchor/stage_c/generation/V2_Frozen_Atomic75_Late30/69046/run_summary.json,42.37566440660601,300,69046,True
659,700,a2fd0f17c27b760958b60c1d1386577883635a34fb2101eb08e38fd8472702c7,16,15.69047619047619,16,16,0,01dd3e86805165412e0810e2a77a4756f8e1020f3ff2707c74af0a3f88a1bb8e,0.659,341,NdEuPd2,0.3295,85.01563315605745,0,300,1341,V3_AnchorK16,0,0,4,/mnt/lis-wam-data/dxl/mattergen_v1/experiments/corrector_residual_distillation_v3_anchor/stage_c/generation/V3_AnchorK16/69046/generated_crystals.extxyz,c8067ed0c25075fbf2008982e1e3f49796d7c0a2617f71b5d3fad2aca0db8051,257652224,41,41,/mnt/lis-wam-data/dxl/mattergen_v1/experiments/corrector_residual_distillation_v3_anchor/stage_c/generation/V3_AnchorK16/69046/run_summary.json,42.345153077807744,341,69046,True
0,0,,0,0.0,0,0,0,01dd3e86805165412e0810e2a77a4756f8e1020f3ff2707c74af0a3f88a1bb8e,0.0,0,LiFe3O4,0.0,114.0889935749583,0,0,2000,C0,0,0,16,/mnt/lis-wam-data/dxl/mattergen_v1/experiments/corrector_residual_distillation_v3_anchor/stage_c/generation/C0/69047/generated_crystals.extxyz,44f0da90e4451d6839b8c9705e834c82403430c4f0c9a98667a6e7f5a319dfe0,346717184,0,0,/mnt/lis-wam-data/dxl/mattergen_v1/experiments/corrector_residual_distillation_v3_anchor/stage_c/generation/C0/69047/run_summary.json,31.554314638026344,1000,69047,True
576,700,a2fd0f17c27b760958b60c1d1386577883635a34fb2101eb08e38fd8472702c7,173,7.111111111111111,18,0,124,01dd3e86805165412e0810e2a77a4756f8e1020f3ff2707c74af0a3f88a1bb8e,0.576,424,LiFe7O8,0.288,94.66268423292786,0,300,1424,V2_Frozen_Atomic75_Late30,0,0,16,/mnt/lis-wam-data/dxl/mattergen_v1/experiments/corrector_residual_distillation_v3_anchor/stage_c/generation/V2_Frozen_Atomic75_Late30/69047/generated_crystals.extxyz,40aee8299e659c9b54867114f6e1b757fbc5f90679bdf8b4b6130187006b7530,342179328,0,0,/mnt/lis-wam-data/dxl/mattergen_v1/experiments/corrector_residual_distillation_v3_anchor/stage_c/generation/V2_Frozen_Atomic75_Late30/69047/run_summary.json,38.029768848956444,424,69047,True
620,700,a2fd0f17c27b760958b60c1d1386577883635a34fb2101eb08e38fd8472702c7,16,8.857142857142858,16,16,56,01dd3e86805165412e0810e2a77a4756f8e1020f3ff2707c74af0a3f88a1bb8e,0.62,380,LiFe7O8,0.31,85.80826788884588,0,300,1380,V3_AnchorK16,0,0,16,/mnt/lis-wam-data/dxl/mattergen_v1/experiments/corrector_residual_distillation_v3_anchor/stage_c/generation/V3_AnchorK16/69047/generated_crystals.extxyz,0060045ef9c6b9f944f59a6673b7e8bc98b66ff8067f8f3c9eb113ad6af29223,344080896,24,24,/mnt/lis-wam-data/dxl/mattergen_v1/experiments/corrector_residual_distillation_v3_anchor/stage_c/generation/V3_AnchorK16/69047/run_summary.json,41.95399917247322,380,69047,True
0,0,,0,0.0,0,0,0,01dd3e86805165412e0810e2a77a4756f8e1020f3ff2707c74af0a3f88a1bb8e,0.0,0,Tb2Fe3Co14,0.0,115.26941533386707,0,0,2000,C0,0,0,19,/mnt/lis-wam-data/dxl/mattergen_v1/experiments/corrector_residual_distillation_v3_anchor/stage_c/generation/C0/69048/generated_crystals.extxyz,175009c3526f1c20f5527c80579f332230c1bf0e0470d354745a54dcff44a786,365552128,0,0,/mnt/lis-wam-data/dxl/mattergen_v1/experiments/corrector_residual_distillation_v3_anchor/stage_c/generation/C0/69048/run_summary.json,31.23118122507117,1000,69048,True
322,700,a2fd0f17c27b760958b60c1d1386577883635a34fb2101eb08e38fd8472702c7,166,4.410958904109589,9,0,378,01dd3e86805165412e0810e2a77a4756f8e1020f3ff2707c74af0a3f88a1bb8e,0.322,678,Li2Fe3Co2F12,0.161,102.67719194781967,0,300,1678,V2_Frozen_Atomic75_Late30,0,0,19,/mnt/lis-wam-data/dxl/mattergen_v1/experiments/corrector_residual_distillation_v3_anchor/stage_c/generation/V2_Frozen_Atomic75_Late30/69048/generated_crystals.extxyz,0ce0cfd844c855e79a5e73519815566e48ae49586a76f3d1a1f50805a766e37d,365627904,0,0,/mnt/lis-wam-data/dxl/mattergen_v1/experiments/corrector_residual_distillation_v3_anchor/stage_c/generation/V2_Frozen_Atomic75_Late30/69048/run_summary.json,35.0613406123291,678,69048,True
313,700,a2fd0f17c27b760958b60c1d1386577883635a34fb2101eb08e38fd8472702c7,16,3.817073170731707,16,16,378,01dd3e86805165412e0810e2a77a4756f8e1020f3ff2707c74af0a3f88a1bb8e,0.313,687,Li2Fe3Co2F12,0.1565,104.47141000395641,0,300,1687,V3_AnchorK16,0,0,19,/mnt/lis-wam-data/dxl/mattergen_v1/experiments/corrector_residual_distillation_v3_anchor/stage_c/generation/V3_AnchorK16/69048/generated_crystals.extxyz,15b60651f7bc3a81a496bda4a12bb7a39c1e7d03c96b4c284f6822d52f2a0f01,365627904,9,9,/mnt/lis-wam-data/dxl/mattergen_v1/experiments/corrector_residual_distillation_v3_anchor/stage_c/generation/V3_AnchorK16/69048/run_summary.json,34.45918840248893,687,69048,True
0,0,,0,0.0,0,0,0,01dd3e86805165412e0810e2a77a4756f8e1020f3ff2707c74af0a3f88a1bb8e,0.0,0,EuAlFe,0.0,122.66871670610271,0,0,2000,C0,0,0,12,/mnt/lis-wam-data/dxl/mattergen_v1/experiments/corrector_residual_distillation_v3_anchor/stage_c/generation/C0/69049/generated_crystals.extxyz,1fcd54e656068b87fb25092627013d3d0b0f3c15041621e1255ae9ac0a14df17,314714624,0,0,/mnt/lis-wam-data/dxl/mattergen_v1/experiments/corrector_residual_distillation_v3_anchor/stage_c/generation/C0/69049/run_summary.json,29.34733562612465,1000,69049,True
616,700,a2fd0f17c27b760958b60c1d1386577883635a34fb2101eb08e38fd8472702c7,129,13.391304347826088,67,0,84,01dd3e86805165412e0810e2a77a4756f8e1020f3ff2707c74af0a3f88a1bb8e,0.616,384,Ti2Fe9Os,0.308,85.74912016210146,0,300,1384,V2_Frozen_Atomic75_Late30,0,0,12,/mnt/lis-wam-data/dxl/mattergen_v1/experiments/corrector_residual_distillation_v3_anchor/stage_c/generation/V2_Frozen_Atomic75_Late30/69049/generated_crystals.extxyz,8bb07f6cd1e0da3b2ddaca3e78bb8318b1064c1d135d4fca2c8b2c82b1185ab4,315097088,0,0,/mnt/lis-wam-data/dxl/mattergen_v1/experiments/corrector_residual_distillation_v3_anchor/stage_c/generation/V2_Frozen_Atomic75_Late30/69049/run_summary.json,41.98293805457717,384,69049,True
577,700,a2fd0f17c27b760958b60c1d1386577883635a34fb2101eb08e38fd8472702c7,16,6.709302325581396,16,16,99,01dd3e86805165412e0810e2a77a4756f8e1020f3ff2707c74af0a3f88a1bb8e,0.577,423,EuFe9B2,0.2885,92.6352839388419,0,300,1423,V3_AnchorK16,0,0,12,/mnt/lis-wam-data/dxl/mattergen_v1/experiments/corrector_residual_distillation_v3_anchor/stage_c/generation/V3_AnchorK16/69049/generated_crystals.extxyz,ef0699910ad316b26ce07f88fe8b776960bc5c508eb761ea3c53ac81f3b246fc,317480448,24,24,/mnt/lis-wam-data/dxl/mattergen_v1/experiments/corrector_residual_distillation_v3_anchor/stage_c/generation/V3_AnchorK16/69049/run_summary.json,38.8620819943374,423,69049,True
0,0,,0,0.0,0,0,0,01dd3e86805165412e0810e2a77a4756f8e1020f3ff2707c74af0a3f88a1bb8e,0.0,0,LiEuMgIn,0.0,112.68867701897398,0,0,2000,C0,0,0,4,/mnt/lis-wam-data/dxl/mattergen_v1/experiments/corrector_residual_distillation_v3_anchor/stage_c/generation/C0/69050/generated_crystals.extxyz,65249eee103f2afff6484163182dd86d65efdc04baad99725f6aa2335df72080,257565184,0,0,/mnt/lis-wam-data/dxl/mattergen_v1/experiments/corrector_residual_distillation_v3_anchor/stage_c/generation/C0/69050/run_summary.json,31.946421727835613,1000,69050,True
700,700,a2fd0f17c27b760958b60c1d1386577883635a34fb2101eb08e38fd8472702c7,700,700.0,700,0,0,01dd3e86805165412e0810e2a77a4756f8e1020f3ff2707c74af0a3f88a1bb8e,0.7,300,KCrO2,0.35,81.76726201712154,0,300,1300,V2_Frozen_Atomic75_Late30,0,0,4,/mnt/lis-wam-data/dxl/mattergen_v1/experiments/corrector_residual_distillation_v3_anchor/stage_c/generation/V2_Frozen_Atomic75_Late30/69050/generated_crystals.extxyz,3f4b3180af786861b1b2f01af7e98cd14a801e83fb243b57cd9942afae246b1d,259247616,0,0,/mnt/lis-wam-data/dxl/mattergen_v1/experiments/corrector_residual_distillation_v3_anchor/stage_c/generation/V2_Frozen_Atomic75_Late30/69050/run_summary.json,44.02740059030206,300,69050,True
659,700,a2fd0f17c27b760958b60c1d1386577883635a34fb2101eb08e38fd8472702c7,16,15.69047619047619,16,16,1,01dd3e86805165412e0810e2a77a4756f8e1020f3ff2707c74af0a3f88a1bb8e,0.659,341,Co3Ir,0.3295,83.96957543003373,0,300,1341,V3_AnchorK16,0,0,4,/mnt/lis-wam-data/dxl/mattergen_v1/experiments/corrector_residual_distillation_v3_anchor/stage_c/generation/V3_AnchorK16/69050/generated_crystals.extxyz,4e9358097d693201171360120c4b1309b64729759c8e3aacaa6c09ab42358cb3,257329152,40,40,/mnt/lis-wam-data/dxl/mattergen_v1/experiments/corrector_residual_distillation_v3_anchor/stage_c/generation/V3_AnchorK16/69050/run_summary.json,42.872671221252524,341,69050,True
0,0,,0,0.0,0,0,0,01dd3e86805165412e0810e2a77a4756f8e1020f3ff2707c74af0a3f88a1bb8e,0.0,0,MnFe,0.0,120.76821761205792,0,0,2000,C0,0,0,4,/mnt/lis-wam-data/dxl/mattergen_v1/experiments/corrector_residual_distillation_v3_anchor/stage_c/generation/C0/69051/generated_crystals.extxyz,ab64756da1bfbf9c7355ceee349fed2433966abc62c0dd945ea500515f1ef9db,257187840,0,0,/mnt/lis-wam-data/dxl/mattergen_v1/experiments/corrector_residual_distillation_v3_anchor/stage_c/generation/C0/69051/run_summary.json,29.809167272504016,1000,69051,True
697,700,a2fd0f17c27b760958b60c1d1386577883635a34fb2101eb08e38fd8472702c7,448,174.25,448,0,3,01dd3e86805165412e0810e2a77a4756f8e1020f3ff2707c74af0a3f88a1bb8e,0.697,303,ZnFe2Co,0.3485,81.65074690012261,0,300,1303,V2_Frozen_Atomic75_Late30,0,0,4,/mnt/lis-wam-data/dxl/mattergen_v1/experiments/corrector_residual_distillation_v3_anchor/stage_c/generation/V2_Frozen_Atomic75_Late30/69051/generated_crystals.extxyz,fc9bcc92f81f6bf9f6014b51b4071094ffb71a2855c58e33d5bead3f1a907797,257779200,0,0,/mnt/lis-wam-data/dxl/mattergen_v1/experiments/corrector_residual_distillation_v3_anchor/stage_c/generation/V2_Frozen_Atomic75_Late30/69051/run_summary.json,44.09022742196856,303,69051,True
659,700,a2fd0f17c27b760958b60c1d1386577883635a34fb2101eb08e38fd8472702c7,16,15.69047619047619,16,16,0,01dd3e86805165412e0810e2a77a4756f8e1020f3ff2707c74af0a3f88a1bb8e,0.659,341,ZnFe2Co,0.3295,85.6951015861705,0,300,1341,V3_AnchorK16,0,0,4,/mnt/lis-wam-data/dxl/mattergen_v1/experiments/corrector_residual_distillation_v3_anchor/stage_c/generation/V3_AnchorK16/69051/generated_crystals.extxyz,113f5f38613be72ce956a8dd49173b39990128558773df4201ed911211c7c06b,257661952,41,41,/mnt/lis-wam-data/dxl/mattergen_v1/experiments/corrector_residual_distillation_v3_anchor/stage_c/generation/V3_AnchorK16/69051/run_summary.json,42.00940232715669,341,69051,True
0,0,,0,0.0,0,0,0,01dd3e86805165412e0810e2a77a4756f8e1020f3ff2707c74af0a3f88a1bb8e,0.0,0,Eu2MnS4,0.0,114.12401287793182,0,0,2000,C0,0,0,14,/mnt/lis-wam-data/dxl/mattergen_v1/experiments/corrector_residual_distillation_v3_anchor/stage_c/generation/C0/69052/generated_crystals.extxyz,0cb0507eb7a8ec8631a25d90a9ede127861b53018b0bcfebf54cb89dcd6c6914,331786752,0,0,/mnt/lis-wam-data/dxl/mattergen_v1/experiments/corrector_residual_distillation_v3_anchor/stage_c/generation/C0/69052/run_summary.json,31.54463209991219,1000,69052,True
299,700,a2fd0f17c27b760958b60c1d1386577883635a34fb2101eb08e38fd8472702c7,101,13.0,93,0,401,01dd3e86805165412e0810e2a77a4756f8e1020f3ff2707c74af0a3f88a1bb8e,0.299,701,Eu4P3,0.1495,107.9727293390315,0,300,1701,V2_Frozen_Atomic75_Late30,0,0,14,/mnt/lis-wam-data/dxl/mattergen_v1/experiments/corrector_residual_distillation_v3_anchor/stage_c/generation/V2_Frozen_Atomic75_Late30/69052/generated_crystals.extxyz,d954ac0487aa46803dfd4bdf4b391713e229b716440b92b67441d195f856619d,329007104,0,0,/mnt/lis-wam-data/dxl/mattergen_v1/experiments/corrector_residual_distillation_v3_anchor/stage_c/generation/V2_Frozen_Atomic75_Late30/69052/run_summary.json,33.34175232985077,701,69052,True
593,700,a2fd0f17c27b760958b60c1d1386577883635a34fb2101eb08e38fd8472702c7,16,8.352112676056338,16,16,81,01dd3e86805165412e0810e2a77a4756f8e1020f3ff2707c74af0a3f88a1bb8e,0.593,407,Eu3SnPt3,0.2965,87.20777306705713,0,300,1407,V3_AnchorK16,0,0,14,/mnt/lis-wam-data/dxl/mattergen_v1/experiments/corrector_residual_distillation_v3_anchor/stage_c/generation/V3_AnchorK16/69052/generated_crystals.extxyz,9d0bfa39875f0edd82d8cb6d5a2af0f2ddb04de6ba40b4a08c6f4a4942262c6e,327784448,26,26,/mnt/lis-wam-data/dxl/mattergen_v1/experiments/corrector_residual_distillation_v3_anchor/stage_c/generation/V3_AnchorK16/69052/run_summary.json,41.28072387804047,407,69052,True
0,0,,0,0.0,0,0,0,01dd3e86805165412e0810e2a77a4756f8e1020f3ff2707c74af0a3f88a1bb8e,0.0,0,GdNO4,0.0,113.75932054989971,0,0,2000,C0,0,0,12,/mnt/lis-wam-data/dxl/mattergen_v1/experiments/corrector_residual_distillation_v3_anchor/stage_c/generation/C0/69053/generated_crystals.extxyz,a75775ce56a8cab0a8797bb9e1711df5dd2d1a5fb75e46a46400192b7239c65d,318387712,0,0,/mnt/lis-wam-data/dxl/mattergen_v1/experiments/corrector_residual_distillation_v3_anchor/stage_c/generation/C0/69053/run_summary.json,31.645758629692992,1000,69053,True
659,700,a2fd0f17c27b760958b60c1d1386577883635a34fb2101eb08e38fd8472702c7,293,23.535714285714285,133,0,41,01dd3e86805165412e0810e2a77a4756f8e1020f3ff2707c74af0a3f88a1bb8e,0.659,341,LiEu2GeHO7,0.3295,89.55668575502932,0,300,1341,V2_Frozen_Atomic75_Late30,0,0,12,/mnt/lis-wam-data/dxl/mattergen_v1/experiments/corrector_residual_distillation_v3_anchor/stage_c/generation/V2_Frozen_Atomic75_Late30/69053/generated_crystals.extxyz,f28448afd8bcc5a6d5ca01d7131e50a8a9fd1daee5ec3a24300f1d1e461ac28e,317749760,0,0,/mnt/lis-wam-data/dxl/mattergen_v1/experiments/corrector_residual_distillation_v3_anchor/stage_c/generation/V2_Frozen_Atomic75_Late30/69053/run_summary.json,40.19800386369067,341,69053,True
629,700,a2fd0f17c27b760958b60c1d1386577883635a34fb2101eb08e38fd8472702c7,16,9.984126984126984,16,16,42,01dd3e86805165412e0810e2a77a4756f8e1020f3ff2707c74af0a3f88a1bb8e,0.629,371,MgFe4O7,0.3145,91.0839325459674,0,300,1371,V3_AnchorK16,0,0,12,/mnt/lis-wam-data/dxl/mattergen_v1/experiments/corrector_residual_distillation_v3_anchor/stage_c/generation/V3_AnchorK16/69053/generated_crystals.extxyz,c81950ab9f596573d89c0502349188803458eed03affef6c26a8fbd1cd7360d5,315622400,29,29,/mnt/lis-wam-data/dxl/mattergen_v1/experiments/corrector_residual_distillation_v3_anchor/stage_c/generation/V3_AnchorK16/69053/run_summary.json,39.523985179089465,371,69053,True
0,0,,0,0.0,0,0,0,01dd3e86805165412e0810e2a77a4756f8e1020f3ff2707c74af0a3f88a1bb8e,0.0,0,FePdPt,0.0,114.59263728698716,0,0,2000,C0,0,0,6,/mnt/lis-wam-data/dxl/mattergen_v1/experiments/corrector_residual_distillation_v3_anchor/stage_c/generation/C0/69054/generated_crystals.extxyz,823b122c111545692f45283b0d47085f01dd5a56cdc25ee4ebe113970997f80a,273016832,0,0,/mnt/lis-wam-data/dxl/mattergen_v1/experiments/corrector_residual_distillation_v3_anchor/stage_c/generation/C0/69054/run_summary.json,31.41563092735284,1000,69054,True
699,700,a2fd0f17c27b760958b60c1d1386577883635a34fb2101eb08e38fd8472702c7,371,349.5,371,0,1,01dd3e86805165412e0810e2a77a4756f8e1020f3ff2707c74af0a3f88a1bb8e,0.699,301,FeHPd,0.3495,79.9369715291541,0,300,1301,V2_Frozen_Atomic75_Late30,0,0,6,/mnt/lis-wam-data/dxl/mattergen_v1/experiments/corrector_residual_distillation_v3_anchor/stage_c/generation/V2_Frozen_Atomic75_Late30/69054/generated_crystals.extxyz,ef1726914d10ee06e50db82d3882019db882bae3d761d8f25219e038cc017a93,273032192,0,0,/mnt/lis-wam-data/dxl/mattergen_v1/experiments/corrector_residual_distillation_v3_anchor/stage_c/generation/V2_Frozen_Atomic75_Late30/69054/run_summary.json,45.0354814691351,301,69054,True
655,700,a2fd0f17c27b760958b60c1d1386577883635a34fb2101eb08e38fd8472702c7,16,14.555555555555555,16,16,7,01dd3e86805165412e0810e2a77a4756f8e1020f3ff2707c74af0a3f88a1bb8e,0.655,345,Fe3PdPt2,0.3275,83.05170247610658,0,300,1345,V3_AnchorK16,0,0,6,/mnt/lis-wam-data/dxl/mattergen_v1/experiments/corrector_residual_distillation_v3_anchor/stage_c/generation/V3_AnchorK16/69054/generated_crystals.extxyz,4563e6a8dce3c898fd35d3b617464c812ee5e806104b3c185fc903e784d7430c,272673280,38,38,/mnt/lis-wam-data/dxl/mattergen_v1/experiments/corrector_residual_distillation_v3_anchor/stage_c/generation/V3_AnchorK16/69054/run_summary.json,43.346492518147905,345,69054,True
0,0,,0,0.0,0,0,0,01dd3e86805165412e0810e2a77a4756f8e1020f3ff2707c74af0a3f88a1bb8e,0.0,0,EuFeO3,0.0,114.92879355698824,0,0,2000,C0,0,0,10,/mnt/lis-wam-data/dxl/mattergen_v1/experiments/corrector_residual_distillation_v3_anchor/stage_c/generation/C0/69055/generated_crystals.extxyz,db490c535981d2fee357a112eb2c92901aa360ecb3afaad64570bd8d6ec21e3e,300317696,0,0,/mnt/lis-wam-data/dxl/mattergen_v1/experiments/corrector_residual_distillation_v3_anchor/stage_c/generation/C0/69055/run_summary.json,31.32374306369896,1000,69055,True
647,700,a2fd0f17c27b760958b60c1d1386577883635a34fb2101eb08e38fd8472702c7,327,21.566666666666666,200,0,53,01dd3e86805165412e0810e2a77a4756f8e1020f3ff2707c74af0a3f88a1bb8e,0.647,353,Eu3TaO6,0.3235,84.1474551318679,0,300,1353,V2_Frozen_Atomic75_Late30,0,0,10,/mnt/lis-wam-data/dxl/mattergen_v1/experiments/corrector_residual_distillation_v3_anchor/stage_c/generation/V2_Frozen_Atomic75_Late30/69055/generated_crystals.extxyz,8fe392187adac949ea2121baace4e0606d51b8a79829252ea417aecd8215fe15,301728768,0,0,/mnt/lis-wam-data/dxl/mattergen_v1/experiments/corrector_residual_distillation_v3_anchor/stage_c/generation/V2_Frozen_Atomic75_Late30/69055/run_summary.json,42.78204247957852,353,69055,True
624,700,a2fd0f17c27b760958b60c1d1386577883635a34fb2101eb08e38fd8472702c7,16,10.576271186440678,16,16,44,01dd3e86805165412e0810e2a77a4756f8e1020f3ff2707c74af0a3f88a1bb8e,0.624,376,Eu3ZnO6,0.312,87.90615802095272,0,300,1376,V3_AnchorK16,0,0,10,/mnt/lis-wam-data/dxl/mattergen_v1/experiments/corrector_residual_distillation_v3_anchor/stage_c/generation/V3_AnchorK16/69055/generated_crystals.extxyz,dd2bb3d693fe95d449595c39b1b17c8227d56d1ec2d8c92e6efdd2ebd8541c2e,303130112,32,32,/mnt/lis-wam-data/dxl/mattergen_v1/experiments/corrector_residual_distillation_v3_anchor/stage_c/generation/V3_AnchorK16/69055/run_summary.json,40.95276236668116,376,69055,True
0,0,,0,0.0,0,0,0,01dd3e86805165412e0810e2a77a4756f8e1020f3ff2707c74af0a3f88a1bb8e,0.0,0,Eu3PtO,0.0,117.76280327606946,0,0,2000,C0,0,0,10,/mnt/lis-wam-data/dxl/mattergen_v1/experiments/corrector_residual_distillation_v3_anchor/stage_c/generation/C0/69056/generated_crystals.extxyz,80b023ba2b870d7745e935cdfd954191476cca88530b7541fcdcc3380c8ac357,303612928,0,0,/mnt/lis-wam-data/dxl/mattergen_v1/experiments/corrector_residual_distillation_v3_anchor/stage_c/generation/C0/69056/run_summary.json,30.569924457050988,1000,69056,True
568,700,a2fd0f17c27b760958b60c1d1386577883635a34fb2101eb08e38fd8472702c7,268,11.591836734693878,29,0,132,01dd3e86805165412e0810e2a77a4756f8e1020f3ff2707c74af0a3f88a1bb8e,0.568,432,Eu(CoGe)2,0.284,96.89745602896437,0,300,1432,V2_Frozen_Atomic75_Late30,0,0,10,/mnt/lis-wam-data/dxl/mattergen_v1/experiments/corrector_residual_distillation_v3_anchor/stage_c/generation/V2_Frozen_Atomic75_Late30/69056/generated_crystals.extxyz,aec0c8164b50f16f915181620a0304058ae48ca42c869732079624ff09079940,303157248,0,0,/mnt/lis-wam-data/dxl/mattergen_v1/experiments/corrector_residual_distillation_v3_anchor/stage_c/generation/V2_Frozen_Atomic75_Late30/69056/run_summary.json,37.15267817685426,432,69056,True
442,700,a2fd0f17c27b760958b60c1d1386577883635a34fb2101eb08e38fd8472702c7,16,7.129032258064516,16,16,237,01dd3e86805165412e0810e2a77a4756f8e1020f3ff2707c74af0a3f88a1bb8e,0.442,558,Eu2CoN2,0.221,95.35253176395781,0,300,1558,V3_AnchorK16,0,0,10,/mnt/lis-wam-data/dxl/mattergen_v1/experiments/corrector_residual_distillation_v3_anchor/stage_c/generation/V3_AnchorK16/69056/generated_crystals.extxyz,ea2811741ea3a62d149ce648d1d74ca0673d49cd77b5d56602fbf71732eff084,301796864,21,21,/mnt/lis-wam-data/dxl/mattergen_v1/experiments/corrector_residual_distillation_v3_anchor/stage_c/generation/V3_AnchorK16/69056/run_summary.json,37.75463465313838,558,69056,True
0,0,,0,0.0,0,0,0,01dd3e86805165412e0810e2a77a4756f8e1020f3ff2707c74af0a3f88a1bb8e,0.0,0,Eu8H3F,0.0,112.34210155694745,0,0,2000,C0,0,0,12,/mnt/lis-wam-data/dxl/mattergen_v1/experiments/corrector_residual_distillation_v3_anchor/stage_c/generation/C0/69057/generated_crystals.extxyz,2373cb7232fa45bc144b6a55cf076c35fb34ef39df91957b54bcd69b2657fbef,318121984,0,0,/mnt/lis-wam-data/dxl/mattergen_v1/experiments/corrector_residual_distillation_v3_anchor/stage_c/generation/C0/69057/run_summary.json,32.04497646125233,1000,69057,True
682,700,a2fd0f17c27b760958b60c1d1386577883635a34fb2101eb08e38fd8472702c7,238,37.888888888888886,238,0,18,01dd3e86805165412e0810e2a77a4756f8e1020f3ff2707c74af0a3f88a1bb8e,0.682,318,EuH2,0.341,82.20932384207845,0,300,1318,V2_Frozen_Atomic75_Late30,0,0,12,/mnt/lis-wam-data/dxl/mattergen_v1/experiments/corrector_residual_distillation_v3_anchor/stage_c/generation/V2_Frozen_Atomic75_Late30/69057/generated_crystals.extxyz,2dd03c191b0df1ed11558b6cfc9e75bfc8525031181b19822043d1ed704aadb3,316697600,0,0,/mnt/lis-wam-data/dxl/mattergen_v1/experiments/corrector_residual_distillation_v3_anchor/stage_c/generation/V2_Frozen_Atomic75_Late30/69057/run_summary.json,43.790653319512614,318,69057,True
584,700,a2fd0f17c27b760958b60c1d1386577883635a34fb2101eb08e38fd8472702c7,16,7.121951219512195,16,16,93,01dd3e86805165412e0810e2a77a4756f8e1020f3ff2707c74af0a3f88a1bb8e,0.584,416,Eu3CoNi3H5,0.292,88.88171479594894,0,300,1416,V3_AnchorK16,0,0,12,/mnt/lis-wam-data/dxl/mattergen_v1/experiments/corrector_residual_distillation_v3_anchor/stage_c/generation/V3_AnchorK16/69057/generated_crystals.extxyz,ed6ada6d4904f7433d208d58ae9e7ca26d5b97cac2c03ab3498ed857137921a8,316265472,23,23,/mnt/lis-wam-data/dxl/mattergen_v1/experiments/corrector_residual_distillation_v3_anchor/stage_c/generation/V3_AnchorK16/69057/run_summary.json,40.50326895992877,416,69057,True
0,0,,0,0.0,0,0,0,01dd3e86805165412e0810e2a77a4756f8e1020f3ff2707c74af0a3f88a1bb8e,0.0,0,Mn3GaN,0.0,117.04343912494369,0,0,2000,C0,0,0,5,/mnt/lis-wam-data/dxl/mattergen_v1/experiments/corrector_residual_distillation_v3_anchor/stage_c/generation/C0/69058/generated_crystals.extxyz,f087404793817142a9126826b150636c6073e87e9ca4b36b2f614457e399d66c,267900416,0,0,/mnt/lis-wam-data/dxl/mattergen_v1/experiments/corrector_residual_distillation_v3_anchor/stage_c/generation/C0/69058/run_summary.json,30.75781117604555,1000,69058,True
700,700,a2fd0f17c27b760958b60c1d1386577883635a34fb2101eb08e38fd8472702c7,700,700.0,700,0,0,01dd3e86805165412e0810e2a77a4756f8e1020f3ff2707c74af0a3f88a1bb8e,0.7,300,EuMnO3,0.35,82.85961603582837,0,300,1300,V2_Frozen_Atomic75_Late30,0,0,5,/mnt/lis-wam-data/dxl/mattergen_v1/experiments/corrector_residual_distillation_v3_anchor/stage_c/generation/V2_Frozen_Atomic75_Late30/69058/generated_crystals.extxyz,084335c6dd59ee7779900d2da4741829ec21180db6912168d9a9038185c1c0a1,264367104,0,0,/mnt/lis-wam-data/dxl/mattergen_v1/experiments/corrector_residual_distillation_v3_anchor/stage_c/generation/V2_Frozen_Atomic75_Late30/69058/run_summary.json,43.44697902586666,300,69058,True
659,700,a2fd0f17c27b760958b60c1d1386577883635a34fb2101eb08e38fd8472702c7,16,15.69047619047619,16,16,0,01dd3e86805165412e0810e2a77a4756f8e1020f3ff2707c74af0a3f88a1bb8e,0.659,341,Eu(MnN)2,0.3295,83.94375845813192,0,300,1341,V3_AnchorK16,0,0,5,/mnt/lis-wam-data/dxl/mattergen_v1/experiments/corrector_residual_distillation_v3_anchor/stage_c/generation/V3_AnchorK16/69058/generated_crystals.extxyz,9ddeadee0c646690281a52289b49aa8b15a54dde7bdfe0ecd53248c43a3f4f4a,264937984,41,41,/mnt/lis-wam-data/dxl/mattergen_v1/experiments/corrector_residual_distillation_v3_anchor/stage_c/generation/V3_AnchorK16/69058/run_summary.json,42.88585674652093,341,69058,True
0,0,,0,0.0,0,0,0,01dd3e86805165412e0810e2a77a4756f8e1020f3ff2707c74af0a3f88a1bb8e,0.0,0,Y3TaFe8,0.0,115.76757539785467,0,0,2000,C0,0,0,12,/mnt/lis-wam-data/dxl/mattergen_v1/experiments/corrector_residual_distillation_v3_anchor/stage_c/generation/C0/69059/generated_crystals.extxyz,968312d0d863631aa7e4c11e6c4e4bbfc47612f7c82d51c2b0bea476825ad41c,317794304,0,0,/mnt/lis-wam-data/dxl/mattergen_v1/experiments/corrector_residual_distillation_v3_anchor/stage_c/generation/C0/69059/run_summary.json,31.096790164499833,1000,69059,True
544,700,a2fd0f17c27b760958b60c1d1386577883635a34fb2101eb08e38fd8472702c7,87,6.886075949367089,21,0,156,01dd3e86805165412e0810e2a77a4756f8e1020f3ff2707c74af0a3f88a1bb8e,0.544,456,Dy3AlFe8,0.272,87.47907143412158,0,300,1456,V2_Frozen_Atomic75_Late30,0,0,12,/mnt/lis-wam-data/dxl/mattergen_v1/experiments/corrector_residual_distillation_v3_anchor/stage_c/generation/V2_Frozen_Atomic75_Late30/69059/generated_crystals.extxyz,057b9848a933826bebb4b374fd0433bb93146dc3a5c03b019e77c3fe5e1fe9a4,315969024,0,0,/mnt/lis-wam-data/dxl/mattergen_v1/experiments/corrector_residual_distillation_v3_anchor/stage_c/generation/V2_Frozen_Atomic75_Late30/69059/run_summary.json,41.15270019425246,456,69059,True
532,700,a2fd0f17c27b760958b60c1d1386577883635a34fb2101eb08e38fd8472702c7,16,5.541666666666667,16,16,150,01dd3e86805165412e0810e2a77a4756f8e1020f3ff2707c74af0a3f88a1bb8e,0.532,468,DyFe5,0.266,90.64234778890386,0,300,1468,V3_AnchorK16,0,0,12,/mnt/lis-wam-data/dxl/mattergen_v1/experiments/corrector_residual_distillation_v3_anchor/stage_c/generation/V3_AnchorK16/69059/generated_crystals.extxyz,c60a288062d69907cac8918f50fb55881ed209da65204c370b03450afb6a5460,314575872,18,18,/mnt/lis-wam-data/dxl/mattergen_v1/experiments/corrector_residual_distillation_v3_anchor/stage_c/generation/V3_AnchorK16/69059/run_summary.json,39.71653523785601,468,69059,True
0,0,,0,0.0,0,0,0,01dd3e86805165412e0810e2a77a4756f8e1020f3ff2707c74af0a3f88a1bb8e,0.0,0,Eu3Zn2Ni7,0.0,120.04997490299866,0,0,2000,C0,0,0,12,/mnt/lis-wam-data/dxl/mattergen_v1/experiments/corrector_residual_distillation_v3_anchor/stage_c/generation/C0/69060/generated_crystals.extxyz,33808405048bf8b903205db527ebed9b0030250056f81f6a6c2db357ea24aab4,317110272,0,0,/mnt/lis-wam-data/dxl/mattergen_v1/experiments/corrector_residual_distillation_v3_anchor/stage_c/generation/C0/69060/run_summary.json,29.98751147519047,1000,69060,True
523,700,a2fd0f17c27b760958b60c1d1386577883635a34fb2101eb08e38fd8472702c7,178,7.8059701492537314,21,0,177,01dd3e86805165412e0810e2a77a4756f8e1020f3ff2707c74af0a3f88a1bb8e,0.523,477,EuZnAs,0.2615,88.80003804713488,0,300,1477,V2_Frozen_Atomic75_Late30,0,0,12,/mnt/lis-wam-data/dxl/mattergen_v1/experiments/corrector_residual_distillation_v3_anchor/stage_c/generation/V2_Frozen_Atomic75_Late30/69060/generated_crystals.extxyz,be6259e40b8b616ef0a2fcd1d98ba7f1f0dfc1e943adc01d3843ca7da111feaa,314778112,0,0,/mnt/lis-wam-data/dxl/mattergen_v1/experiments/corrector_residual_distillation_v3_anchor/stage_c/generation/V2_Frozen_Atomic75_Late30/69060/run_summary.json,40.54052317059963,477,69060,True
354,700,a2fd0f17c27b760958b60c1d1386577883635a34fb2101eb08e38fd8472702c7,16,5.130434782608695,16,16,332,01dd3e86805165412e0810e2a77a4756f8e1020f3ff2707c74af0a3f88a1bb8e,0.354,646,EuZn2Ni3,0.177,97.86917250719853,0,300,1646,V3_AnchorK16,0,0,12,/mnt/lis-wam-data/dxl/mattergen_v1/experiments/corrector_residual_distillation_v3_anchor/stage_c/generation/V3_AnchorK16/69060/generated_crystals.extxyz,1cdae63c9137261d46b3fee041ff2a844b316a860d85a27350eec37a5d8ea91d,315481600,14,14,/mnt/lis-wam-data/dxl/mattergen_v1/experiments/corrector_residual_distillation_v3_anchor/stage_c/generation/V3_AnchorK16/69060/run_summary.json,36.78379930856379,646,69060,True
0,0,,0,0.0,0,0,0,01dd3e86805165412e0810e2a77a4756f8e1020f3ff2707c74af0a3f88a1bb8e,0.0,0,Eu2BPt6,0.0,116.09313209610991,0,0,2000,C0,0,0,9,/mnt/lis-wam-data/dxl/mattergen_v1/experiments/corrector_residual_distillation_v3_anchor/stage_c/generation/C0/69061/generated_crystals.extxyz,786daf1a7ca6e80b5a899eb02218c80a4c78b252ba15ece5cb68a620caa80d5e,294600704,0,0,/mnt/lis-wam-data/dxl/mattergen_v1/experiments/corrector_residual_distillation_v3_anchor/stage_c/generation/C0/69061/run_summary.json,31.00958631230374,1000,69061,True
587,700,a2fd0f17c27b760958b60c1d1386577883635a34fb2101eb08e38fd8472702c7,111,7.246913580246914,17,0,113,01dd3e86805165412e0810e2a77a4756f8e1020f3ff2707c74af0a3f88a1bb8e,0.587,413,Eu6P2Pt,0.2935,87.6046930809971,0,300,1413,V2_Frozen_Atomic75_Late30,0,0,9,/mnt/lis-wam-data/dxl/mattergen_v1/experiments/corrector_residual_distillation_v3_anchor/stage_c/generation/V2_Frozen_Atomic75_Late30/69061/generated_crystals.extxyz,8e3f9d1e081c977c42826f15771b2e1017c5b6f4601366cd2e6944d2c67d4659,294185984,0,0,/mnt/lis-wam-data/dxl/mattergen_v1/experiments/corrector_residual_distillation_v3_anchor/stage_c/generation/V2_Frozen_Atomic75_Late30/69061/run_summary.json,41.09368885833012,413,69061,True
559,700,a2fd0f17c27b760958b60c1d1386577883635a34fb2101eb08e38fd8472702c7,16,5.946808510638298,16,16,126,01dd3e86805165412e0810e2a77a4756f8e1020f3ff2707c74af0a3f88a1bb8e,0.559,441,Eu3In4GePt,0.2795,94.50773456390016,0,300,1441,V3_AnchorK16,0,0,9,/mnt/lis-wam-data/dxl/mattergen_v1/experiments/corrector_residual_distillation_v3_anchor/stage_c/generation/V3_AnchorK16/69061/generated_crystals.extxyz,c7707b1498a4ca38258658ca0e3276474e81ef2a0020777f50c3c9733bb5eaff,294393344,15,15,/mnt/lis-wam-data/dxl/mattergen_v1/experiments/corrector_residual_distillation_v3_anchor/stage_c/generation/V3_AnchorK16/69061/run_summary.json,38.09212036043365,441,69061,True
0,0,,0,0.0,0,0,0,01dd3e86805165412e0810e2a77a4756f8e1020f3ff2707c74af0a3f88a1bb8e,0.0,0,NbFe7,0.0,118.89957557595335,0,0,2000,C0,0,0,8,/mnt/lis-wam-data/dxl/mattergen_v1/experiments/corrector_residual_distillation_v3_anchor/stage_c/generation/C0/69062/generated_crystals.extxyz,3856e13c58be4a8ebbd40c62ef81a85f17afce1eaeca921cb216e0451bfe868e,286732800,0,0,/mnt/lis-wam-data/dxl/mattergen_v1/experiments/corrector_residual_distillation_v3_anchor/stage_c/generation/C0/69062/run_summary.json,30.27765223350449,1000,69062,True
416,700,a2fd0f17c27b760958b60c1d1386577883635a34fb2101eb08e38fd8472702c7,188,6.208955223880597,15,0,284,01dd3e86805165412e0810e2a77a4756f8e1020f3ff2707c74af0a3f88a1bb8e,0.416,584,AlFe7,0.208,96.39952838094905,0,300,1584,V2_Frozen_Atomic75_Late30,0,0,8,/mnt/lis-wam-data/dxl/mattergen_v1/experiments/corrector_residual_distillation_v3_anchor/stage_c/generation/V2_Frozen_Atomic75_Late30/69062/generated_crystals.extxyz,55b3d0c54910e349753ab5c5564e875e1852cb4688e646f97ee00af2dcb1a5d0,286244864,0,0,/mnt/lis-wam-data/dxl/mattergen_v1/experiments/corrector_residual_distillation_v3_anchor/stage_c/generation/V2_Frozen_Atomic75_Late30/69062/run_summary.json,37.344581041658394,584,69062,True
621,700,a2fd0f17c27b760958b60c1d1386577883635a34fb2101eb08e38fd8472702c7,16,9.553846153846154,16,16,50,01dd3e86805165412e0810e2a77a4756f8e1020f3ff2707c74af0a3f88a1bb8e,0.621,379,Li3Eu5,0.3105,84.48321304097772,0,300,1379,V3_AnchorK16,0,0,8,/mnt/lis-wam-data/dxl/mattergen_v1/experiments/corrector_residual_distillation_v3_anchor/stage_c/generation/V3_AnchorK16/69062/generated_crystals.extxyz,33ddb65f18a4d2feed00f37a74030a3a69e798c765265d52953a47bfe283e1f1,289085440,29,29,/mnt/lis-wam-data/dxl/mattergen_v1/experiments/corrector_residual_distillation_v3_anchor/stage_c/generation/V3_AnchorK16/69062/run_summary.json,42.61201569421675,379,69062,True
0,0,,0,0.0,0,0,0,01dd3e86805165412e0810e2a77a4756f8e1020f3ff2707c74af0a3f88a1bb8e,0.0,0,Eu,0.0,113.96059805806726,0,0,2000,C0,0,0,1,/mnt/lis-wam-data/dxl/mattergen_v1/experiments/corrector_residual_distillation_v3_anchor/stage_c/generation/C0/69063/generated_crystals.extxyz,cb75972cda3c338652f0e5941932e749a2c3dc818b5059cae0a05a486a6a95e6,235876864,0,0,/mnt/lis-wam-data/dxl/mattergen_v1/experiments/corrector_residual_distillation_v3_anchor/stage_c/generation/C0/69063/run_summary.json,31.58986580752817,1000,69063,True
297,700,a2fd0f17c27b760958b60c1d1386577883635a34fb2101eb08e38fd8472702c7,47,4.367647058823529,10,0,403,01dd3e86805165412e0810e2a77a4756f8e1020f3ff2707c74af0a3f88a1bb8e,0.297,703,Eu,0.1485,101.6267066639848,0,300,1703,V2_Frozen_Atomic75_Late30,0,0,1,/mnt/lis-wam-data/dxl/mattergen_v1/experiments/corrector_residual_distillation_v3_anchor/stage_c/generation/V2_Frozen_Atomic75_Late30/69063/generated_crystals.extxyz,a4ff5e88375c204c54d946a8915dfbfd94f987cfb18d30ed5c9bfc2694983293,235898880,0,0,/mnt/lis-wam-data/dxl/mattergen_v1/experiments/corrector_residual_distillation_v3_anchor/stage_c/generation/V2_Frozen_Atomic75_Late30/69063/run_summary.json,35.42375934608332,703,69063,True
290,700,a2fd0f17c27b760958b60c1d1386577883635a34fb2101eb08e38fd8472702c7,16,4.084507042253521,16,16,403,01dd3e86805165412e0810e2a77a4756f8e1020f3ff2707c74af0a3f88a1bb8e,0.29,710,Eu,0.145,106.38298994791694,0,300,1710,V3_AnchorK16,0,0,1,/mnt/lis-wam-data/dxl/mattergen_v1/experiments/corrector_residual_distillation_v3_anchor/stage_c/generation/V3_AnchorK16/69063/generated_crystals.extxyz,4fadb59427f5aa9117937f11b20c944c0971ee2cb68f4baf293f1bca15436bff,235898880,7,7,/mnt/lis-wam-data/dxl/mattergen_v1/experiments/corrector_residual_distillation_v3_anchor/stage_c/generation/V3_AnchorK16/69063/run_summary.json,33.83999642952779,710,69063,True
