method,seed,num_atoms,formula,elements,num_elements,min_distance,nearest_neighbor_p05,nearest_neighbor_median,nearest_neighbor_mean,pairs_lt_1A,pairs_lt_1p5A,pairs_lt_2A,mean_neighbors_lt_3A,relaxed_min_distance,cell_a,cell_b,cell_c,cell_alpha,cell_beta,cell_gamma,cell_length_min,cell_length_max,cell_length_aspect_ratio,cell_volume,cell_volume_per_atom,cell_determinant,cell_condition_number,relaxation_volume_change_fraction,initial_atomic_force_mean,initial_max_force,e_hull,stable,nus,novel,unique,rmsd,atomic_force_mean,relaxation_steps,severe
C0,83000,4,AuEu2I,Au;Eu;I,3,3.06428934746378,3.06428934746378,3.0762635921769044,3.18454046633401,0,0,0,0.0,3.083456719965148,4.446822980674696,4.44621666119001,8.71132755279541,75.15130873618949,75.13371966178698,59.939249057224394,4.44621666119001,8.71132755279541,1.959267443900015,142.38986712569925,35.597466781424814,142.38986712569925,2.84416241371681,-0.029021702768348655,0.10655638918018182,0.2128510256519113,0.06751023149942981,True,True,True,True,0.05996102115664132,0.10655638918018182,13,False
C0,83001,2,FeRh,Fe;Rh,2,2.641064007665994,2.641064007665994,2.641064007665994,2.641064007665994,0,0,0,1.0,2.6627741130007174,2.6907277131683074,2.692212322161795,4.551124572753906,90.04769088597808,107.18008514143497,119.96253779795384,2.6907277131683074,4.551124572753906,1.6914103015629918,26.845925480775254,13.422962740387627,26.845925480775254,2.5906225650900856,0.029520719132152696,0.0016972626217082935,0.0016972639965544547,0.07749756651733364,True,False,False,True,0.0012864467038807966,0.0016972626217082935,8,False
C0,83002,8,Fe2Mn2O4,Fe;Mn;O,3,2.120470541249741,2.120470541249741,2.158189336177733,2.15861109373328,0,0,0,3.0,2.1340776580791574,3.119784637477822,4.499377616051072,6.227367401123047,90.16842130496985,90.19031208988893,90.29266242936265,3.119784637477822,6.227367401123047,1.9960888730311648,87.4121068735762,10.926513359197026,87.4121068735762,1.9961670544751342,0.020001978861546678,0.037867475080153826,0.05914642340415437,0.0515257851554356,True,False,False,True,0.0013902488069621893,0.037867475080153826,15,False
C0,83003,12,B4Fe3Ni5,B;Fe;Ni,3,2.0365951710930563,2.0365951710930563,2.048369193711822,2.1016154491053807,0,0,0,7.666666666666667,2.030085264947236,3.1476660742672227,5.401289739195753,6.34190559387207,90.10377356334018,90.03459058109628,90.11690119250657,3.1476660742672227,6.34190559387207,2.0147961836607675,107.82121072363316,8.985100893636096,107.82121072363316,2.014811874335187,-0.0013291493209174467,0.169149127272471,0.3012369084028338,0.07302429542914624,True,True,True,True,0.023374669885295636,0.169149127272471,28,False
C0,83004,12,Eu5Mg3Sn4,Eu;Mg;Sn,3,3.0137878058248666,3.0137878058248666,3.0313698180833826,3.1745121808903836,0,0,0,0.0,3.034507504651108,5.218271654615592,5.218302486236954,15.521069526672363,89.9827562759893,89.95202042458935,119.8947093751726,5.218271654615592,15.521069526672363,2.974369782558922,366.4103296522686,30.534194137689052,366.4103296522686,4.199702828492851,-0.02261045811673459,0.1133840773444257,0.3190280861718994,0.11374275778645782,False,False,True,True,0.08447420629168732,0.1133840773444257,77,False
C0,83005,15,Eu9P6,Eu;P,2,2.815404863709651,2.815404863709651,2.895968775557092,2.911998006909349,0,0,0,1.8666666666666667,2.8073830386579335,4.5343163250548555,9.192737208487626,11.141555786132812,98.69437579513782,90.01948220498603,104.26371821711577,4.5343163250548555,11.141555786132812,2.457163326821497,444.57944697998715,29.63862979866581,444.57944697998715,2.61872812089146,-0.009376065686718399,0.07919801817698251,0.15062606427600803,-0.2232624494166675,True,True,True,True,0.029817118981041186,0.07919801817698251,51,False
C0,83006,10,Eu2Mn2O6,Eu;Mn;O,3,1.9606981012851235,1.9606981012851235,1.9644976440827104,2.0622111511212156,0,0,12,7.6,1.9701337955036997,5.426631933523257,5.429069415094977,5.4882073402404785,119.59547993583212,119.60291201163795,90.03193282977882,5.426631933523257,5.4882073402404785,1.0113468920449231,115.67357812896742,11.567357812896741,115.67357812896742,2.3747232982274435,0.016523611907066558,0.05055447084677593,0.10124636094022983,0.02689341943750101,True,False,False,True,0.0027917813815295065,0.05055447084677593,13,False
C0,83007,7,Eu5Si2,Eu;Si,2,3.0848515665536365,3.0848515665536365,3.0896531160937357,3.102494442694263,0,0,0,0.0,3.153336445858134,4.3911085050960885,6.6584358853518735,8.657228469848633,110.31118072603299,90.08003182972809,109.36418178485421,4.3911085050960885,8.657228469848633,1.9715359936566157,222.00244875940854,31.714635537058363,222.00244875940854,2.374309420472187,0.00740983744169294,0.08314499686011494,0.13981616897076032,0.0385287435816597,True,True,True,True,0.06193849737833815,0.08314499686011494,47,False
C0,83008,11,CdFe4O6,Cd;Fe;O,3,2.013016519823804,2.013016519823804,2.0663373583271514,2.0813477066430925,0,0,0,8.0,2.009937051909552,5.317737518866459,5.328684861369459,5.498441696166992,99.21640692986077,98.72054223499089,118.85146446618197,5.317737518866459,5.498441696166992,1.0339814021770395,129.89840848175896,11.80894622561445,129.89840848175896,1.8454581128867311,-0.00042506713198254376,0.08541572243159377,0.1229900567743592,0.10739423098721268,False,False,True,True,0.007447288660293607,0.08541572243159377,28,False
C0,83009,5,Al2EuGe2,Al;Eu;Ge,3,2.55681237551882,2.55681237551882,2.557367205951895,2.6628714384088625,0,0,0,1.6,2.5754864161753264,4.2402513317506045,4.239709377301314,7.163417816162109,90.0001391082592,90.06407650197346,120.12666321869328,4.239709377301314,7.163417816162109,1.6896011444826466,111.38392373473555,22.276784746947108,111.38392373473555,2.3938914607204578,0.011095489745124202,0.04606092736387172,0.06516463565126716,0.03388122003710947,True,False,False,True,0.001458894115061597,0.04606092736387172,10,False
C0,83010,8,Co2Fe6,Co;Fe,2,2.460740373454304,2.460740373454304,2.467446591493818,2.468434311230499,0,0,0,6.0,2.4540675426084704,2.8781932826470844,5.738094666966076,5.72847843170166,89.85281194278664,89.94999186152303,89.98862340963115,2.8781932826470844,5.738094666966076,1.9936446595027595,94.60745060321244,11.825931325401555,94.60745060321244,1.9950293408079056,-0.0170815086152585,0.047216638038436926,0.06471178074582865,0.030035261477051378,True,False,False,True,0.002064506047603929,0.047216638038436926,15,False
C0,83011,12,Eu8Mg4,Eu;Mg,2,3.5001290975626516,3.5001290975626516,3.506362498272029,3.5343167043888126,0,0,0,0.0,3.4652322938203493,5.784829687663802,7.382304566717309,10.68652629852295,89.83812702733097,90.00898420345757,89.91918770889247,5.784829687663802,10.68652629852295,1.8473363738455528,456.3698277920405,38.03081898267004,456.3698277920405,1.8473479098671988,-0.04885595426958993,0.07177225323649682,0.11784731766136852,0.052009971722005055,True,True,True,True,0.1278716051818342,0.07177225323649682,54,False
C0,83012,5,Eu3PSr,Eu;P;Sr,3,3.017943445088814,3.017943445088814,3.0189446210070057,3.26946420883107,0,0,0,0.0,2.9365938982248267,6.047236976859464,6.048048985724789,6.046574115753174,90.00370446703218,90.00789820308195,90.00870416516389,6.046574115753174,6.048048985724789,1.0002439182822176,221.14730870297436,44.22946174059487,221.14730870297436,1.0003254454508421,-0.07957962411240221,0.008804450400474426,0.014577692459305762,0.05117350907812401,True,False,False,True,0.002858604234052394,0.008804450400474426,6,False
C0,83013,6,Eu2Pd4,Eu;Pd,2,2.645303369154743,2.645303369154743,2.64999637124529,2.8149812906722236,0,0,0,2.0,2.673313492770435,4.489022733876795,5.850112678142591,5.858296871185303,77.50331732352059,67.49921252804418,67.4875672856562,4.489022733876795,5.858296871185303,1.3050272227349535,130.86303922888115,21.810506538146857,130.86303922888115,1.930994993261036,0.005351633367773551,0.09334504566547515,0.12614036077997953,0.13695032215006453,False,False,True,True,0.013570707949672304,0.09334504566547515,24,False
C0,83014,9,Eu2MnO6,Eu;Mn;O,3,1.435032053860085,1.435032053860085,1.8726396433226111,1.974225916347506,0,1,5,4.444444444444445,1.4516727401049767,3.6536903937636316,3.766455263612985,9.035789489746094,96.1228981700747,83.80299247014509,67.67871920974412,3.6536903937636316,9.035789489746094,2.4730583371730117,112.87251042806463,12.541390047562736,112.87251042806463,3.167431870787535,0.05795697209916616,0.3773843439243032,1.1847912823847055,0.47795373836371446,False,False,True,True,0.17680046035585473,0.3773843439243032,97,True
C0,83015,14,Cr2Fe2Li2O8,Cr;Fe;Li;O,4,1.9040053630798168,1.9040053630798168,1.948926877422786,1.9768798809350414,0,0,10,9.857142857142858,1.9017458078997558,5.89114619704144,5.995272242652989,5.892789363861084,90.60553978741498,119.482098662927,118.94815432832333,5.89114619704144,5.995272242652989,1.0176750062091213,149.8470347468954,10.703359624778242,149.8470347468954,2.3531893464833975,-0.0020088471383462336,0.1144198367078358,0.26334164586025094,0.14220053610708305,False,False,True,True,0.020299219226335527,0.1144198367078358,39,False
C0,83016,9,BMnNi6Pd,B;Mn;Ni;Pd,4,1.8937498720348471,1.8937498720348471,1.925475296551141,2.0665808694961756,0,0,5,7.555555555555555,1.8952643330584962,4.5407420217040935,5.282788950897236,5.285810947418213,121.02940720468114,90.40696568921771,106.33640569960212,4.5407420217040935,5.285810947418213,1.164085279928434,102.46531462414389,11.38503495823821,102.46531462414389,1.9948168755020117,-0.00590037125007584,0.19577246488021913,0.33092857617233046,0.1462600716511142,False,False,True,True,0.035638022605314006,0.19577246488021913,31,False
C0,83017,12,Eu4O6Sr2,Eu;O;Sr,3,2.517364477973617,2.517364477973617,2.5230789106367335,2.5337807531970067,0,0,0,6.0,2.5271162264154263,6.259917751895232,6.259030002317198,6.278337001800537,60.15031183587456,80.55368670116862,70.82122646448033,6.259030002317198,6.278337001800537,1.0030846631948067,201.51515456649298,16.79292954720775,201.51515456649298,1.891193849804871,0.0038653725901894626,0.03590898416413836,0.05969296622173252,0.015833871383463816,True,True,True,True,0.0027246009356099283,0.03590898416413836,12,False
C0,83018,8,CEu2F2O3,C;Eu;F;O,4,1.186966609519794,1.186966609519794,2.2554882481831973,1.908568679022697,0,2,2,3.5,1.2127695753054082,3.969187831026857,3.9485900668837792,9.127558708190918,85.7948735304084,90.43345312254371,120.45518215867942,3.9485900668837792,9.127558708190918,2.311599470591378,122.91087623347907,15.363859529184884,122.91087623347907,3.293431660104931,0.07759879756463606,0.79085647507038,1.7480545718202585,0.2813427024902264,False,False,True,True,0.407053805800564,0.79085647507038,337,True
C0,83019,4,Eu2Mg2,Eu;Mg,2,3.5057688505695817,3.5057688505695817,3.5072745936066747,3.5072745936066747,0,0,0,0.0,3.4636135388809817,3.752123836424485,6.092854965948499,5.833567142486572,90.28400858751014,89.99744801357396,89.98916982434898,3.752123836424485,6.092854965948499,1.623841651173904,133.36039126787006,33.340097816967514,133.36039126787006,1.6240605303753954,-0.022164184248416256,0.07325823626855796,0.13932773531251988,0.009876037908934876,True,False,False,True,0.24645485553813085,0.07325823626855796,33,False
C0,83020,5,Fe2Mn3,Fe;Mn,2,2.4779553747226544,2.4779553747226544,2.483378774793608,2.4853035236838545,0,0,0,2.0,2.4719116263870324,2.4898081284732823,2.4915870860991274,10.283576965332031,83.01078568518084,83.00164056437946,60.04147770517315,2.4898081284732823,10.283576965332031,4.130268853944896,54.721850749579986,10.944370149915997,54.721850749579986,5.840890571748292,-0.00798598652010926,0.03567697181528571,0.060405400218150204,0.0965206072394249,True,False,False,True,0.0026296454827923607,0.03567697181528571,2,False
C0,83021,16,Co6Fe6Si4,Co;Fe;Si,3,2.3894981079268733,2.3894981079268733,2.41080416402537,2.411210536902441,0,0,0,6.0,2.3689575467372657,3.977239914907526,3.977618858533086,13.233194351196289,81.28701671373884,81.30542534911017,59.96639791113105,3.977239914907526,13.233194351196289,3.3272306006976122,178.4522345739099,11.153264660869368,178.4522345739099,4.71877275864732,-0.008571459106641257,0.08962396752537846,0.328090667485809,0.08843958632080096,True,False,False,True,0.01831758535890755,0.08962396752537846,58,False
C0,83022,3,AlEu2,Al;Eu,2,3.291067580785691,3.291067580785691,3.291067580785691,3.2924219743249776,0,0,0,0.0,3.287518791514065,3.8723492911333466,3.8725577168571474,7.171023845672607,105.52133305054844,105.61943586654155,90.07770231173033,3.8723492911333466,7.171023845672607,1.8518535665396587,99.47514075397712,33.1583802513257,99.47514075397712,2.1134307489546913,-0.033579543292639624,0.027442853311839672,0.04073538730828025,0.0705991557747403,True,True,True,True,0.025957912190937057,0.027442853311839672,19,False
C0,83023,12,Mn3Pd5Pt4,Mn;Pd;Pt,3,2.7242030046709,2.7242030046709,2.732751032225547,2.734979422008525,0,0,0,8.0,2.718824111822484,3.8319268799936923,6.275563203045433,8.442049980163574,73.3409113849704,76.8944480846174,72.22009725581864,3.8319268799936923,8.442049980163574,2.2030822206548657,183.03100164753874,15.25258347062823,183.03100164753874,2.512655071102112,0.013835769145607494,0.06420711217786704,0.13594461710559524,0.06002709828125585,True,True,True,True,0.012887182362126184,0.06420711217786704,45,False
C0,83024,8,HBCo4Fe2,B;Co;Fe;H,4,1.6649177923149896,1.6649177923149896,2.054029700814684,2.0214967172668605,0,0,2,3.75,1.6371380354757192,2.774276470458389,2.7887439356686357,10.03158950805664,90.021770319128,97.90814612146518,89.95740261391066,2.774276470458389,10.03158950805664,3.6159299964790956,76.87374688659459,9.609218360824324,76.87374688659459,3.6563901132943957,-8.700233045848392e-05,0.14152000720927124,0.2876561643771831,0.1746781127425141,False,False,True,True,0.0426447375475883,0.14152000720927124,24,False
C0,83025,6,Mn4Ni2,Mn;Ni,2,2.3832129738973475,2.3832129738973475,2.391711569646901,2.416717284535021,0,0,0,5.0,2.291635697418045,4.695224690930904,4.6961642688376,4.701371669769287,95.01769135571215,115.35739940237667,118.96338463931976,4.695224690930904,4.701371669769287,1.0013091980135171,76.04694743257583,12.67449123876264,76.04694743257583,2.2801144378694036,-0.022921425007597696,0.32365579274496964,0.6056163540361281,0.23449701187804806,False,False,True,True,0.23160904067914806,0.32365579274496964,48,False
C0,83026,6,CaFe5,Ca;Fe,2,2.454073740488272,2.454073740488272,2.45462048765265,2.535238141443766,0,0,0,4.0,2.4665206999987395,3.933391119624521,5.0919385817453895,5.093956470489502,119.99709377642363,89.99348650424936,90.00210620274184,3.933391119624521,5.093956470489502,1.2950546527332802,88.35860799764167,14.726434666273612,88.35860799764167,1.7319496735785276,0.011488230324795174,0.013792594789314763,0.02188600363282662,0.1684660017399091,False,False,True,True,0.001100282218021719,0.013792594789314763,3,False
C0,83027,4,Fe3Ni,Fe;Ni,2,2.508923164509963,2.508923164509963,2.511215982538374,2.511215982538374,0,0,0,3.0,2.521048088524559,2.4945230935132736,4.151681439184936,4.373397350311279,90.02791748705636,90.12063046952714,90.0117299399119,2.4945230935132736,4.373397350311279,1.7531997846337068,45.29283086179636,11.32320771544909,45.29283086179636,1.7532093724326687,0.022716890432540215,0.07069223075498948,0.14078062108002365,0.10294992388183566,False,False,False,True,0.012397943865735827,0.07069223075498948,14,False
C0,83028,10,Eu2O6Ti2,Eu;O;Ti,3,1.9749187186572676,1.9749187186572676,1.9774112631830556,2.094348488334768,0,0,10,6.0,1.9766770156158682,3.9740688809721703,5.510797886803871,5.513333797454834,89.96004589759461,89.99878673079778,90.00687367474428,3.9740688809721703,5.513333797454834,1.387327185961134,120.74358093511199,12.074358093511199,120.74358093511199,1.3875874356380762,0.0021458069116323288,0.03984916582316482,0.0758837680904487,0.018288521400389612,True,False,False,True,0.006290336429477603,0.03984916582316482,29,False
C0,83029,15,Fe8Mn3Si4,Fe;Mn;Si,3,2.3336797438445624,2.3336797438445624,2.34302616968736,2.3524422420833346,0,0,0,11.2,2.3542906819299936,5.523809360631439,5.527177116104146,6.7696051597595215,114.04247954628097,114.19180290912303,90.1692275510513,5.523809360631439,6.7696051597595215,1.2255320047804243,168.55642567047684,11.237095044698457,168.55642567047684,2.0051517719016254,0.012122524691440591,0.21998569812764268,0.5160311265988765,0.07757123978645986,True,True,True,True,0.04840773756472235,0.21998569812764268,59,False
C0,83030,4,Cu2Fe2,Cu;Fe,2,2.605938520385695,2.605938520385695,2.6061291302125094,2.60713563563593,0,0,0,2.0,2.5958198441233997,2.488708591729408,2.4912694019297894,7.760087490081787,89.93265683681537,90.02968650725347,89.92799864850934,2.488708591729408,7.760087490081787,3.1181181741689126,48.11280278785799,12.028200696964497,48.11280278785799,3.119049759602877,-0.010763862072446673,0.041095324058302435,0.06530060485747433,0.11634287524169906,False,False,True,True,0.002535907401152937,0.041095324058302435,6,False
C0,83031,6,Co2EuFe3,Co;Eu;Fe,3,2.451983587798955,2.451983587798955,2.4521670872760652,2.535664365320098,0,0,0,4.0,2.473015516093321,3.9174977077258797,5.115364339220932,5.11726188659668,120.01224703359269,89.98895125855047,90.00167590147376,3.9174977077258797,5.11726188659668,1.3062577870829866,88.79734467519046,14.799557445865076,88.79734467519046,1.7324787933670593,0.026086073606561153,0.004878801002607391,0.007104631263964373,0.19870827743489627,False,False,True,True,0.0012047578402247302,0.004878801002607391,5,False
C0,83032,6,Co4MnY,Co;Mn;Y,3,2.433314908149025,2.433314908149025,2.4358205643858493,2.583480202475754,0,0,0,4.666666666666667,2.43315520987353,4.919887219016857,4.918150084974906,4.915255069732666,59.98175330230425,60.04179976312296,60.079788118020836,4.915255069732666,4.919887219016857,1.0009424026257996,84.16399070987961,14.027331784979935,84.16399070987961,2.0006977507462214,-0.0019256224732143834,0.02172809168181343,0.0311634560782754,0.03317567144229816,True,False,False,True,0.0011750750672954375,0.02172809168181343,2,False
C0,83033,8,Fe6GeSi,Fe;Ge;Si,3,2.2590283074200603,2.2590283074200603,2.260418158772863,2.3324471144752428,0,0,0,6.75,2.2577738259676385,4.5662631709399735,4.562976647469647,4.5651068687438965,90.04225405763177,89.9635156355513,89.98557714580048,4.562976647469647,4.5662631709399735,1.0007202586653932,95.1173873785856,11.8896734223232,95.1173873785856,1.0012276039817638,-0.006812201585043528,0.06986127242982026,0.09571923989779381,0.05071914131591804,True,True,True,True,0.002110518118584996,0.06986127242982026,7,False
C0,83034,12,Fe5Rh7,Fe;Rh,2,2.579655875556536,2.579655875556536,2.602449344408698,2.6137999175241187,0,0,0,9.0,2.6269437104626205,5.408154730730729,5.357014220435621,7.046807765960693,77.65091814271443,67.36577908576173,59.68129331517689,5.357014220435621,7.046807765960693,1.3154357027985752,162.61193991793928,13.550994993161607,162.61193991793928,2.1569026660651227,0.024347908527190786,0.057559488533629834,0.10130785102520586,0.0545738217024736,True,True,True,True,0.018537691604904635,0.057559488533629834,35,False
C0,83035,8,Cl2Eu2O4,Cl;Eu;O,3,1.677637219545859,1.677637219545859,1.9995360164277693,1.9997461283445188,0,0,2,2.5,1.6794415109542198,3.82353658154331,4.402334907543931,9.111791610717773,88.29500265312306,89.85581720224451,89.9751406145857,3.82353658154331,9.111791610717773,2.3830794910401885,153.30572926846037,19.163216158557546,153.30572926846037,2.3834119160816685,-0.009055893051899388,0.388842993405965,0.9378553151042444,0.1399408461032463,False,False,True,True,0.1586216513905732,0.388842993405965,93,False
C0,83036,8,Eu2Fe3N3,Eu;Fe;N,3,1.7522957640449637,1.7522957640449637,1.7882099713474102,1.9810050332302975,0,0,7,4.75,1.7240023425561293,3.887504905101861,5.7626179004208495,6.046634197235107,88.13034738941681,109.51652288233711,97.90137725730038,3.887504905101861,6.046634197235107,1.5554023325603168,126.45026999028346,15.806283748785432,126.45026999028346,1.8038562356042926,-0.029524421686910704,0.3493105281145008,0.7714927761563379,0.1302041433715786,False,False,True,True,0.08182529037856245,0.3493105281145008,64,False
C0,83037,9,Eu5Sn3Sr,Eu;Sn;Sr,3,3.2272674988640087,3.2272674988640087,3.2766759110911705,3.3574077773912183,0,0,0,0.0,3.2754252321185335,5.0042920743829375,8.621296870709699,8.595470428466797,119.9392169134504,90.0091003168193,90.01360824294157,5.0042920743829375,8.621296870709699,1.7227805137198675,321.3521224768002,35.705791386311134,321.3521224768002,2.106168372607627,0.012845955010662356,0.042857946331345015,0.06176198421229681,0.04582985738498291,True,True,True,True,0.007681062228523651,0.042857946331345015,18,False
C0,83038,5,CaEu3O,Ca;Eu;O,3,2.639903329879732,2.639903329879732,2.6421231362367115,2.8602467721507425,0,0,0,1.2,2.639903329879732,5.285134523649403,5.286279156551236,5.290245056152344,89.96640480614147,90.01608077115613,89.99612295703862,5.285134523649403,5.290245056152344,1.000966963561679,147.80251931722844,29.56050386344569,147.80251931722844,1.001131641655621,0.0,0.0028249088655092677,0.004737952420645442,0.19881907321679648,False,False,True,True,0.0020918072771031293,0.0028249088655092677,1,False
C0,83039,16,As4Eu8Ga4,As;Eu;Ga,3,2.5376915132893063,2.5376915132893063,2.9566340628925847,2.8814600685566014,0,0,0,1.25,2.534372440043955,7.97838870794459,9.137113187159455,8.332560539245605,115.22835117993839,109.53083765368208,105.81202922430892,7.97838870794459,9.137113187159455,1.1452328937121163,452.39486953949114,28.274679346218196,452.39486953949114,2.234476100847131,-0.005925035078726363,0.1465419737725216,0.2514883695474928,0.20451868748209634,False,False,True,True,0.11511509755639267,0.1465419737725216,111,False
C0,83040,4,AuGd2Hg,Au;Gd;Hg,3,3.1277513793691893,3.1277513793691893,3.1308179451168554,3.1565280852173343,0,0,0,0.0,3.1527178398726363,3.6674271323260537,3.670233340459566,7.4255452156066895,90.07554440118524,90.07242982811265,90.0973531825452,3.6674271323260537,7.4255452156066895,2.0247287669754086,99.9498539782869,24.987463494571724,99.9498539782869,2.025847924288453,0.018528611333156846,0.020147193211526537,0.03966614078201962,-0.001229114296874556,True,True,True,True,0.001335395038269736,0.020147193211526537,6,False
C0,83041,10,Fe3O6Ti,Fe;O;Ti,3,1.8860791194032231,1.8860791194032231,1.9691267552653426,1.9517556320501162,0,0,9,8.2,1.890009805963944,5.138834413992326,5.15218192937845,5.517948627471924,62.29542320542513,62.602037950672745,60.05847034993604,5.138834413992326,5.517948627471924,1.0737743587237065,107.0129422889922,10.70129422889922,107.0129422889922,2.0219008349005874,0.0012993716813454732,0.11601078580939042,0.2434327985495788,0.06548503395702987,True,False,False,True,0.015028451392715745,0.11601078580939042,31,False
C0,83042,10,H2Eu5Pb3,Eu;H;Pb,3,2.3138527352244274,2.3138527352244274,2.3351607011232574,2.6187576706905094,0,0,0,1.6,2.2799215141534126,7.025360396460685,6.751417309836566,7.106719493865967,94.0601880878091,119.77873350600969,89.85180111394459,6.751417309836566,7.106719493865967,1.0526263105543392,291.62739826009954,29.162739826009954,291.62739826009954,1.7358725293993396,-0.027598762477308574,0.11428517405878555,0.1659988291837861,0.08509066462695358,True,True,True,True,0.11698972502897184,0.11428517405878555,62,False
C0,83043,15,Au2Eu12Ir,Au;Eu;Ir,3,2.837319336304125,2.837319336304125,3.1000756666526375,2.9921754753191623,0,0,0,0.8,2.855625632714775,6.9722268496441115,8.159995098241092,11.005183219909668,71.65565200190025,85.1300916262197,73.5988333745136,6.9722268496441115,11.005183219909668,1.5784316054592247,570.1147588446598,38.00765058964399,570.1147588446598,1.8842927505199372,0.00828097013255893,0.044905660605782466,0.0904193652078613,0.018971590529513804,True,True,True,True,0.07340401752230727,0.044905660605782466,67,False
C0,83044,14,BaCa2Fe3O8,Ba;Ca;Fe;O,4,2.010946519898396,2.010946519898396,2.0838942106674168,2.1175314500293125,0,0,0,6.428571428571429,2.008751005314882,6.451157895585326,6.456191196656608,6.686950206756592,61.17796484507561,61.18469449499238,60.034118900120525,6.451157895585326,6.686950206756592,1.0365503859908038,200.43380993405162,14.316700709575116,200.43380993405162,2.011072944982004,-0.008418005618449638,0.12037091614138186,0.19988790959563466,0.16588995580172394,False,False,True,True,0.007019917801941598,0.12037091614138186,28,False
C0,83045,6,ErFe4Nb,Er;Fe;Nb,3,2.4535800074624214,2.4535800074624214,2.454055330122534,2.598559919390365,0,0,0,4.666666666666667,2.4786719444453666,4.928283368033648,4.927890276607043,4.927868366241455,60.26120829376683,60.22217475583232,60.24970054580773,4.927868366241455,4.928283368033648,1.0000842152755207,85.09351302113086,14.182252170188477,85.09351302113086,1.989613353709358,0.024911171846580392,0.03213269328747286,0.04156859952127086,0.04501794484049526,True,False,False,True,0.00046510583122773725,0.03213269328747286,4,False
C0,83046,4,AuEuPt2,Au;Eu;Pt,3,2.959108256749257,2.959108256749257,2.959302959662315,2.959302959662315,0,0,0,3.0,2.9885211324829197,4.138872623534625,4.234300154853589,4.239274978637695,89.99467495704896,89.99962001386439,90.00343808946701,4.138872623534625,4.239274978637695,1.024258382471632,74.29426429912985,18.573566074782462,74.29426429912985,1.0242603030780586,0.03131823778937877,0.00915961529738729,0.015682648957016158,0.17756731008666993,False,False,True,True,0.0008694776211248386,0.00915961529738729,17,False
C0,83047,12,Fe2Mn2O8,Fe;Mn;O,3,1.91076393203499,1.91076393203499,1.9175829015194406,1.918272381573778,0,0,24,8.333333333333334,1.9216310165200594,4.5183131739162,5.391637119732989,5.407496452331543,113.56002293705878,90.01878552588131,90.00448993943729,4.5183131739162,5.407496452331543,1.1967954066461164,120.75159347311852,10.062632789426543,120.75159347311852,1.527014465075767,0.014011592147588623,0.11265426009810843,0.2594983820997574,0.0889015923600267,True,True,True,True,0.009410758143220291,0.11265426009810843,40,False
C0,83048,6,Fe4LuTb,Fe;Lu;Tb,3,2.5563826478736833,2.5563826478736833,2.556962092918688,2.706429139124532,0,0,0,2.0,2.5473283085567044,5.129174537966589,5.129405441359765,5.129513263702393,59.97526318668121,59.9864452115116,59.97240670524502,5.129174537966589,5.129513263702393,1.000066039034799,95.38043983287828,15.89673997214638,95.38043983287828,2.0012578526400295,-0.011576985373526317,0.007598944104242119,0.011557940332550606,0.005925286010741715,True,False,False,True,0.0005451348204195672,0.007598944104242119,4,False
C0,83049,12,CB4Eu4Ni3,B;C;Eu;Ni,4,1.6587626407171054,1.6587626407171054,2.061997915265504,2.1715100266593272,0,0,4,5.666666666666667,1.557910164491055,4.200572461877796,6.102588672045692,6.854541301727295,89.6572158249099,90.02646265768404,89.971588916467,4.200572461877796,6.854541301727295,1.6318112266686353,175.70863476693572,14.642386230577976,175.70863476693572,1.6319235402979297,0.011375745045888458,0.3730110579223565,1.0462290679184627,0.21478903941026672,False,False,True,True,0.06326487223940283,0.3730110579223565,39,True
C0,83050,3,IrMnP,Ir;Mn;P,3,2.4362593238596477,2.4362593238596477,2.4362593238596477,2.4373251530596494,0,0,0,2.0,2.462798849628138,3.983005971326281,3.981314801678415,3.9830052852630615,60.088795639296706,60.076009195196185,60.052334270917406,3.981314801678415,3.983005971326281,1.0004247766710517,44.73475372211948,14.911584574039827,44.73475372211948,1.9974674217632753,0.0292621785125002,0.027960197476027914,0.041676921293177356,0.18317059972167904,False,False,True,True,0.0007616422261269177,0.027960197476027914,4,False
C0,83051,20,Fe5GaGd3O11,Fe;Ga;Gd;O,4,1.849755263867151,1.849755263867151,2.0409028343374533,2.033989549295689,0,0,5,6.3,1.8416419489459253,6.504384938842263,6.058029998849478,8.526336669921875,113.11021839660914,107.58782116247004,93.80825620092553,6.058029998849478,8.526336669921875,1.4074437847850159,287.9305679532854,14.39652839766427,287.9305679532854,1.9655528939941456,-0.022561738526428194,0.25228369502744485,0.4658102209778769,0.17128104134375022,False,False,True,True,0.06344164947786232,0.25228369502744485,159,False
C0,83052,3,Eu2Ga,Eu;Ga,2,3.237741930538824,3.237741930538824,3.237741930538824,3.2393087287912876,0,0,0,0.0,3.2473093552969257,3.6312759372512304,5.371406893554727,5.379159450531006,90.03974054522693,90.04249311319383,90.029734319252,3.6312759372512304,5.379159450531006,1.4813414192375784,104.92076281924105,34.97358760641368,104.92076281924105,1.4814597031831975,0.007723387989514883,0.005199864579734287,0.007367989753338423,0.10790746767252557,False,False,True,True,0.0005224393997379569,0.005199864579734287,3,False
C0,83053,8,Eu4Ga2N2,Eu;Ga;N,3,2.4904739777210536,2.4904739777210536,2.5176894382187767,2.5993447341421128,0,0,0,1.75,2.479000830382474,3.5929882217979703,5.00532556772696,9.817292213439941,90.12385432846845,100.57133892164013,89.99908043033756,3.5929882217979703,9.817292213439941,2.732347452151475,173.55788525004965,21.694735656256206,173.55788525004965,2.79390935712128,0.012547378401837967,0.09813379657816068,0.18957740561252492,0.09897672349853615,True,True,True,True,0.018030078308731188,0.09813379657816068,33,False
C0,83054,3,EuNiP,Eu;Ni;P,3,2.2558974018235363,2.2558974018235363,2.2558974018235363,2.523348293827199,0,0,0,0.6666666666666666,2.268072729783389,3.9097593281297223,3.9102430526083496,4.130329132080078,90.0055349577866,89.99130084370951,120.00083644150273,3.9097593281297223,4.130329132080078,1.0564151870841287,54.68464587979087,18.228215293263624,54.68464587979087,1.7320800883035,0.019017066827205206,0.00738676314847098,0.010065595399269732,0.03108289402181086,True,False,False,True,0.0004962816919745987,0.00738676314847098,6,False
C0,83055,4,Co3Mn,Co;Mn,2,2.4577469503288047,2.4577469503288047,2.458002362835612,2.458183915654045,0,0,0,2.0,2.4739170917586724,2.4812147758130556,2.4818536779994465,8.005169868469238,90.05507432136753,89.99389631551608,120.06648764971102,2.4812147758130556,8.005169868469238,3.2263107355734926,42.66287497890423,10.665718744726057,42.66287497890423,4.566697328249195,0.013195161335800652,0.0377425046141241,0.06923856234250751,0.07459671173828131,True,True,True,True,0.004062189948646771,0.0377425046141241,7,False
C0,83056,3,HEuI,Eu;H;I,3,2.411702956358167,2.411702956358167,2.411702956358167,2.7412575646525603,0,0,0,0.6666666666666666,2.398349834745605,4.1810985406042365,4.180546321878035,4.801547527313232,90.00774110866962,90.0111698641114,120.02450865614102,4.180546321878035,4.801547527313232,1.148545466937016,72.66545113235854,24.221817044119515,72.66545113235854,1.7329068279156852,0.0004933441205098164,0.005892919144069302,0.007323178208414704,0.02791235193196595,True,False,False,True,0.0011765106894205248,0.005892919144069302,7,False
C0,83057,20,GdLiMn6O12,Gd;Li;Mn;O,4,1.8444320856843297,1.8444320856843297,1.9060613823613135,1.9219329539773526,0,0,15,6.5,1.8256327551976093,3.591628247266937,8.357669846114291,8.124740600585938,110.39159926502975,90.36859367199388,90.78416290883223,3.591628247266937,8.357669846114291,2.326986333419694,228.5642722468491,11.428213612342455,228.5642722468491,2.6663690351074183,-0.0014629080289818106,0.43273298343881983,1.0468442318297921,0.14167216078706346,False,False,True,True,0.035088878335332425,0.43273298343881983,76,True
C0,83058,8,Eu4FN3,Eu;F;N,3,2.562681614143848,2.562681614143848,2.56402978886444,2.5639033547852534,0,0,0,3.0,2.5634460831007724,5.137330808744742,5.136909461524711,5.132529258728027,89.9655168814526,89.96034642551706,89.9728525034422,5.132529258728027,5.137330808744742,1.0009355134232405,135.4473916128551,16.93092395160689,135.4473916128551,1.0014597423364575,-0.0009580931125554344,0.008575649597618445,0.012195465929438695,0.0030592347216806814,True,True,True,True,0.0005216148596398552,0.008575649597618445,6,False
C0,83059,4,Fe2Pt2,Fe;Pt,2,2.706422219056322,2.706422219056322,2.7065029591763645,2.7065029591763645,0,0,0,3.0,2.702114588014348,3.8612297653997896,3.7984976769543457,3.8585827350616455,90.0004259761942,90.01350578827646,90.0048655992418,3.7984976769543457,3.8612297653997896,1.0165149734922947,56.59333843329149,14.148334608322873,56.59333843329149,1.0165351939621636,0.002359322786467196,0.004600899520411493,0.005135194636992837,0.021378394034424097,True,False,False,True,4.024530930905252e-05,0.004600899520411493,3,False
C0,83060,6,Co5W,Co;W,2,2.3002012349152565,2.3002012349152565,2.3018879930702916,2.4357644404410927,0,0,0,5.0,2.2988141593428635,4.619004276351357,4.617982803866977,4.619359493255615,60.0835363814146,60.05805095020318,60.0452319547442,4.617982803866977,4.619359493255615,1.0002981148798313,69.7717860697865,11.628631011631084,69.7717860697865,1.9978916928177117,0.002673901006135521,0.09281904359391008,0.14063252080465136,0.1617112538932277,False,False,True,True,0.004834760898659915,0.09281904359391008,13,False
C0,83061,16,F2Fe7O7,F;Fe;O,3,1.8682351799144348,1.8682351799144348,2.044271459005242,2.039311094908171,0,0,3,5.125,1.8600426698868087,3.1281271406763276,8.055904133607301,8.417681694030762,113.74629481257683,89.92193344052576,90.01550703502272,3.1281271406763276,8.417681694030762,2.6909653334009906,194.16548300116463,12.13534268757279,194.16548300116463,3.121539633024127,-0.021518044132376235,0.2794644910731972,0.8606514017126106,0.12008702713989283,False,False,True,True,0.031993472074827084,0.2794644910731972,83,False
C0,83062,9,Fe4Mn5,Fe;Mn,2,2.500805169495405,2.500805169495405,2.5084920583797854,2.507709675154268,0,0,0,8.0,2.4730859269955925,3.6052916265255024,5.648390249578911,5.645835876464844,84.17501256372388,71.3120778601589,71.30261950742852,3.6052916265255024,5.648390249578911,1.5666944132956,103.16287567131486,11.462541741257207,103.16287567131486,1.9960926706848612,-0.0176428538265524,0.14573264326321078,0.2619765860711682,0.08937481516418266,True,True,True,True,0.03214502806281388,0.14573264326321078,29,False
C0,83063,9,Al3Eu3Sn3,Al;Eu;Sn,3,2.9181645721951868,2.9181645721951868,2.9249865964288846,2.998207294722058,0,0,0,2.0,2.8728145155554983,4.742473506838574,7.551482710901579,7.5503692626953125,120.06526126782802,90.0429917163011,90.08237458324646,4.742473506838574,7.551482710901579,1.5923088869157533,234.01781442719223,26.00197938079914,234.01781442719223,1.950691845662584,-0.0027943365463566085,0.08626781324322788,0.20782501070270176,0.07658054270724524,True,True,True,True,0.14476139847191807,0.08626781324322788,33,False
C0,83064,10,Eu6Ni4,Eu;Ni,2,2.6727164389405766,2.6727164389405766,2.812057489285791,2.8270455329864936,0,0,0,1.8,2.5968939099668744,4.306497102956511,4.305524106663314,18.73873519897461,90.01890163968355,89.99699039096437,120.0822140760698,4.305524106663314,18.73873519897461,4.35225415878503,300.64963309244274,30.064963309244273,300.64963309244274,6.161980781440146,-0.03823609011909215,0.0729102262222043,0.1571091961643538,0.13063086030273396,False,False,True,True,0.01374820096906223,0.0729102262222043,40,False
C0,83065,8,Co5Fe2Rh,Co;Fe;Rh,3,2.48976710978583,2.48976710978583,2.5104917758518486,2.526295159195778,0,0,0,2.0,2.415304640096881,2.5119144921714835,2.512728565849749,14.689151763916016,89.98280408727209,90.00116363665472,89.97041412088548,2.5119144921714835,14.689151763916016,5.847791320005337,92.71437369126477,11.589296711408096,92.71437369126477,5.8486268846839105,0.01915261562895098,0.06401348912399016,0.165581679243618,0.09085032766845735,True,True,True,True,0.10134285428491492,0.06401348912399016,65,False
C0,83066,12,Ca2Eu6Sb4,Ca;Eu;Sb,3,3.205875581646195,3.205875581646195,3.2446902158347877,3.2775669129608533,0,0,0,0.0,3.1955561421604126,4.801176239200557,8.179445321110784,10.147364616394043,90.00660729750653,90.01515869546168,90.02678367570148,4.801176239200557,10.147364616394043,2.1135163782456106,398.496674851831,33.208056237652585,398.496674851831,2.1135168733122995,0.016922241676890593,0.045084338064748646,0.09316035761356706,0.04706830160253883,True,True,True,True,0.017532837589376536,0.045084338064748646,24,False
C0,83067,10,Eu6Li2O2,Eu;Li;O,3,2.056448237846602,2.056448237846602,2.511516967312035,2.489212862413611,0,0,0,2.4,1.9688005407355398,7.145388769891092,7.217288303717908,7.322869777679443,59.27676666987615,59.17892533340688,81.36732013804537,7.145388769891092,7.322869777679443,1.024838537622503,275.5831283667218,27.55831283667218,275.5831283667218,2.273316998450479,0.01343202615880665,0.045958830115707484,0.13156276042523052,0.11777298391927182,False,False,True,True,0.03377103753903543,0.045958830115707484,42,False
C0,83068,19,Co17V2,Co;V,2,2.3045214205150066,2.3045214205150066,2.3409072589820457,2.3836333174130604,0,0,0,11.68421052631579,2.299413841440162,6.125300521060319,6.12601200043723,6.125323295593262,82.03051775683865,82.02835200187978,82.06391098773551,6.125300521060319,6.12601200043723,1.0001161541992045,223.76417346492548,11.777061761311867,223.76417346492548,1.2177479902764445,-0.003069532844415537,0.1273442326940336,0.3054418501346548,0.23149488143434738,False,False,True,True,0.04848918378816408,0.1273442326940336,66,False
C0,83069,15,Eu3Ge7Mn5,Eu;Ge;Mn,3,2.470214339325472,2.470214339325472,2.516612332281224,2.6290494780378504,0,0,0,2.4,2.468421513081734,3.9763220061037408,3.993200785852096,18.225627899169922,90.02008326118819,90.0225831106824,90.05649499881639,3.9763220061037408,18.225627899169922,4.583539228259982,289.39093457410644,19.292728971607097,289.39093457410644,4.583800374849333,0.018155368349736824,0.24126439045786235,0.5077343630331598,0.18338047885025688,False,False,True,True,0.11193992536710679,0.24126439045786235,98,False
C0,83070,8,Eu2LiNiO4,Eu;Li;Ni;O,4,2.102010451228699,2.102010451228699,2.3066201980412004,2.242235536162008,0,0,0,4.0,2.110180297657242,4.805517500741076,4.8071886450953505,5.731891632080078,114.85547624545465,114.77619143528464,89.94152339565191,4.805517500741076,5.731891632080078,1.1927730220930717,106.5947544770398,13.324344309629975,106.5947544770398,2.0302639581285664,0.005333871958980283,0.015111184617904644,0.03025509633713302,0.13425361185628049,False,False,True,True,0.0014435072821106616,0.015111184617904644,11,False
C0,83071,4,DyEu2K,Dy;Eu;K,3,3.6923902223542995,3.6923902223542995,3.698063607608356,3.8783689357121447,0,0,0,0.0,3.624314572326293,3.8773902235125886,3.8784332479171963,11.927116394042969,89.96471092009551,89.96936910383715,90.08309175119717,3.8773902235125886,11.927116394042969,3.0760681041894222,179.36210336395482,44.840525840988704,179.36210336395482,3.077926373713117,0.005401444678298128,0.030123847569180615,0.06009183243171572,0.17366225562622084,False,False,True,True,0.07347149443239273,0.030123847569180615,26,False
C0,83072,5,Eu2In2Sr,Eu;In;Sr,3,2.9750486266306444,2.9750486266306444,3.350158589331447,3.2730754453688844,0,0,0,0.4,3.2570501714667657,5.840198805503375,5.8452891644257825,6.861614227294922,90.12856716522276,115.04949511713949,120.00990651537663,5.840198805503375,6.861614227294922,1.1748939472452615,176.78890012150595,35.35778002430119,176.78890012150595,2.2508971322161546,-0.034482722414654,0.12703504624456619,0.1845620312940018,0.06649727542996597,True,True,True,True,0.12197068054742807,0.12703504624456619,23,False
C0,83073,12,AlFe8Nb3,Al;Fe;Nb,3,2.400228855859506,2.400228855859506,2.4016859295246347,2.5323466791436,0,0,0,8.333333333333334,2.3902902132559865,4.827787539377768,4.827221934232016,8.336499214172363,73.13449482982094,73.13170300595209,59.94514811501392,4.827221934232016,8.336499214172363,1.7269765773672998,158.4456137050635,13.203801142088624,158.4456137050635,2.5580844254025163,-0.003010319221106935,0.055072042235966075,0.09113135473752433,0.012800479355467687,True,False,False,True,0.007939854086190103,0.055072042235966075,30,False
C0,83074,13,Fe9Nd2Ti2,Fe;Nd;Ti,3,2.069661745280049,2.069661745280049,2.377740275054484,2.4202923464150117,0,0,0,6.769230769230769,2.183006831723633,4.913015825200455,5.406888002435276,8.198310852050781,88.12239030600487,89.91641464507893,116.93410954357165,4.913015825200455,8.198310852050781,1.6686921320299803,194.02111830736817,14.92470140825909,194.02111830736817,2.1637244600673817,0.015379595530744776,0.21741773245978083,0.4418543121294892,0.22783791312049217,False,False,True,True,0.13828384355957027,0.21741773245978083,78,False
C0,83075,12,Eu4Ni4Pt4,Eu;Ni;Pt,3,2.4878436116985583,2.4878436116985583,2.694969660758651,2.7346230101689994,0,0,0,1.6666666666666667,2.465029127601774,4.272892952660324,4.274535537223881,16.537382125854492,89.97654763446576,89.96170563573881,119.98589279669521,4.272892952660324,16.537382125854492,3.8703010604462342,261.61931253249526,21.801609377707937,261.61931253249526,5.4712177251072305,-0.01218080906219588,0.10943013271634862,0.4087400068340918,0.25271618631022363,False,False,True,True,0.023624846006759622,0.10943013271634862,41,False
C0,83076,12,Eu8Mg4,Eu;Mg,2,3.473887340731509,3.473887340731509,3.475988220467045,3.5050205804675376,0,0,0,0.0,3.4578099871695853,5.722649218721248,7.331047058654167,10.595199584960938,89.999298994981,89.96488167451915,89.99609563645436,5.722649218721248,10.595199584960938,1.8514501203917026,444.50043723524357,37.041703102936964,444.50043723524357,1.8514507657894472,-0.02427841895815049,0.0678179902295012,0.1069910893191419,0.05125084696614568,True,False,True,False,0.159657820111217,0.0678179902295012,70,False
C0,83077,14,HFe3GaMn2O7,Fe;Ga;H;Mn;O,5,0.9983857157675148,0.9983857157675148,1.9330431993156807,1.8012391010083293,1,1,9,4.428571428571429,1.008176725145934,3.246739087758459,5.576465856840332,9.776738166809082,105.52779998280778,90.04247945326692,90.08138420842647,3.246739087758459,9.776738166809082,3.0112484873427015,170.5499955618496,12.182142540132116,170.5499955618496,3.0604641344559527,0.02315894145237002,0.31668366303669165,0.6105109752202732,0.0920016702055424,True,True,True,True,0.05526231303051227,0.31668366303669165,95,False
C0,83078,6,Au2Eu2Pt2,Au;Eu;Pt,3,2.593683677723624,2.593683677723624,2.668235733255351,2.8107565497186884,0,0,0,1.3333333333333333,2.5937927218653267,4.113205754028517,4.224750469001883,9.128482818603516,103.44851534251532,102.87007339271449,90.04034151266265,4.113205754028517,9.128482818603516,2.219311010557394,150.17175863702911,25.02862643950485,150.17175863702911,2.379758236644443,-0.013287957536238428,0.1383491975905007,0.25241778766561873,0.12660348631673113,False,False,True,True,0.044928889044138574,0.1383491975905007,24,False
C0,83079,4,EuSrTl2,Eu;Sr;Tl,3,3.4630112281917484,3.4630112281917484,3.463581571723685,3.492098218739331,0,0,0,0.0,3.463776726816787,4.072829957532381,4.072207931895978,8.106005668640137,89.9974002023494,89.98057061559072,90.0170369978492,4.072207931895978,8.106005668640137,1.99056772252444,134.44141737944517,33.61035434486129,134.44141737944517,1.990748567775104,-7.394179210524923e-05,0.011110830488679118,0.02022542478914349,0.017035303804931345,True,False,False,True,0.002878584149720858,0.011110830488679118,5,False
C0,83080,12,As4Eu4Li4,As;Eu;Li,3,2.672704725528181,2.672704725528181,2.6756114047582367,2.817934939237014,0,0,0,2.0,2.658370196755665,4.447218086452426,7.469146812055689,8.10081958770752,89.99143061744056,90.01463960076018,89.97700525650653,4.447218086452426,8.10081958770752,1.8215476350001973,269.08428153817823,22.42369012818152,269.08428153817823,1.8215480885875703,-0.018613215412563333,0.04856614821781338,0.061769928371506154,0.0058982162565097696,True,False,False,True,0.006156278727605478,0.04856614821781338,27,False
C0,83081,19,CdCo17Zr,Cd;Co;Zr,3,2.3347808711143574,2.3347808711143574,2.3526786040684278,2.4132833608939444,0,0,0,10.947368421052632,2.3491896433927986,6.215409034378098,6.212755559700788,6.207033634185791,82.40601374325313,82.44586798579623,82.45741044868048,6.207033634185791,6.215409034378098,1.0013493402301188,233.93206832910704,12.312214122584582,233.93206832910704,1.2069517831502783,-0.003156126749612973,0.11312695019282061,0.2449498299419426,0.09943005719092834,True,True,True,True,0.02530041688392504,0.11312695019282061,73,False
C0,83082,8,AlFe6Re,Al;Fe;Re,3,2.30438803733652,2.30438803733652,2.3052440569879673,2.3735857358024006,0,0,0,6.75,2.3034785553575627,4.6219921251193306,4.62119173526572,4.616486549377441,89.96822846227039,89.97359699367976,89.92170804543046,4.616486549377441,4.6219921251193306,1.0011925900103904,98.60393472186534,12.325491840233168,98.60393472186534,1.001937673552877,0.00988828441636015,0.0893257425819998,0.13186355995571103,0.05138922885986297,True,True,True,True,0.004386936500642497,0.0893257425819998,14,False
C0,83083,11,Eu2O7Si2,Eu;O;Si,3,1.6490421461263192,1.6490421461263192,1.6517963047011655,1.7766857752352807,0,0,8,6.363636363636363,1.6436806108873743,5.860394203760734,4.85035949921629,5.858344554901123,96.98621393503142,105.18835517536135,97.00180602969876,4.85035949921629,5.860394203760734,1.2082391428321226,157.44507786296802,14.313188896633456,157.44507786296802,1.4923420343732572,-0.0036126335805819845,0.10872686939574945,0.21972358058161895,0.00493099449573009,True,False,False,True,0.0030394327142871445,0.10872686939574945,23,False
C0,83084,13,C3Al2Fe8,Al;C;Fe,3,1.8585513056799148,1.8585513056799148,1.8884070967305056,1.9512727475148337,0,0,17,10.153846153846153,1.8735141329021325,4.655218496907498,5.405333091244726,5.905786514282227,77.1176503449801,74.05403596635524,73.30947770778978,4.655218496907498,5.905786514282227,1.2686378777291532,135.18485357877478,10.398834890674983,135.18485357877478,1.6323363765465888,-0.002286943913425179,0.2046003675408149,0.4000439526469611,0.14952402861928782,False,False,True,True,0.026117537633836084,0.2046003675408149,41,False
C0,83085,12,AsEu7N4,As;Eu;N,3,2.423671780460378,2.423671780460378,2.4605820162861916,2.524759920660985,0,0,0,3.8333333333333335,2.359783133616044,6.668330786767136,6.746914327544482,6.935144424438477,118.4373772365291,89.96096114341906,89.85775697401763,6.668330786767136,6.935144424438477,1.040012057920224,274.36671411141157,22.86389284261763,274.36671411141157,1.6801140705720157,-0.02648112742798023,0.1451429766299939,0.2771214672233095,0.28137590749620145,False,False,True,True,0.044954442480471764,0.1451429766299939,50,False
C0,83086,20,B4BeFe10MnW4,B;Be;Fe;Mn;W,5,2.0327763137063064,2.0327763137063064,2.0464624824769357,2.1440579169337854,0,0,0,7.4,2.0422280807608004,2.815735847650563,8.517635299442079,8.518989562988281,89.97354918289302,89.99153990051491,90.00229061764661,2.815735847650563,8.518989562988281,3.0254931655242046,204.3144042552577,10.215720212762886,204.3144042552577,3.0259912030498772,0.022903882193537336,0.15309794523661288,0.281333437615563,0.030245351199218007,True,True,True,True,0.023576279695989088,0.15309794523661288,63,False
C0,83087,18,F10Mn6O2,F;Mn;O,3,1.921028773846659,1.921028773846659,2.057147534455093,2.0487636444958337,0,0,2,7.444444444444445,1.917686083866421,4.86748945319519,5.89693622659529,8.242681503295898,76.83994929393926,89.44076027720197,90.33171064412088,4.86748945319519,8.242681503295898,1.6934153802603753,230.35977545464718,12.797765303035954,230.35977545464718,1.7351618842582135,0.0037374881346833267,0.11072407839822163,0.23157517655954102,0.060213713777121924,True,True,True,True,0.025142831064479055,0.11072407839822163,56,False
C0,83088,12,Fe6Rh6,Fe;Rh,2,2.4471241109105346,2.4471241109105346,2.4882773434778525,2.504225802885725,0,0,0,10.0,2.4715180538593744,5.00327134777368,5.848402166029802,5.984806537628174,90.23741989084257,107.61122856842927,107.06993482678885,5.00327134777368,5.984806537628174,1.1961786842305187,158.72893093689055,13.227410911407546,158.72893093689055,1.6210791610588169,0.04438585172284711,0.15879863532323743,0.22423365062596382,0.0795528936149088,True,False,False,True,0.026016494800337905,0.15879863532323743,26,False
C0,83089,15,Co7Ni8,Co;Ni,2,2.4669992951643462,2.4669992951643462,2.47144912623551,2.472883986707575,0,0,0,8.0,2.4597914391899,4.316502930966571,4.29860875888746,8.962806701660156,94.32007659802323,85.48523384577227,99.4376634165061,4.29860875888746,8.962806701660156,2.085048257329624,163.21466039437857,10.880977359625238,163.21466039437857,2.2799485778143445,-0.0032933932277068286,0.03191103289531179,0.05845273598457561,0.01576925509739535,True,True,True,True,0.0011612593367437793,0.03191103289531179,11,False
C0,83090,4,Gd3Pb,Gd;Pb,2,3.407916812608907,3.407916812608907,3.408337347808656,3.408337347808656,0,0,0,0.0,3.531288085417853,4.82576899365522,4.823892023482564,6.209402561187744,112.84654070904885,112.87292562569321,90.03993205656447,4.823892023482564,6.209402561187744,1.2872183977088532,120.76179347473887,30.190448368684716,120.76179347473887,1.9607386238110096,0.03300415256351495,0.0033306064989494103,0.004960213448179423,-0.10792819630126971,True,True,True,True,0.000992688776529254,0.0033306064989494103,10,False
C0,83091,12,Eu2GeNi8P,Eu;Ge;Ni;P,4,2.2519278993415552,2.2519278993415552,2.382045378290999,2.4366167698024968,0,0,0,3.8333333333333335,2.222436828095497,3.9018788195618708,3.899392024695228,12.023153305053711,90.01508356352255,90.04881786475329,90.00593793910315,3.899392024695228,12.023153305053711,3.0833404871605405,182.93166457573568,15.244305381311307,182.93166457573568,3.083353730236055,-0.025698197852052095,0.1785138702129256,0.5603857724357801,0.18895551876031025,False,False,True,True,0.059378800226192345,0.1785138702129256,83,False
C0,83092,6,AlFe4Re,Al;Fe;Re,3,2.462405586939209,2.462405586939209,2.4775545373586736,2.4959606970139645,0,0,0,5.0,2.4637068626587064,4.1240273159058995,4.844978707337481,4.857778072357178,63.953577859973144,64.82528451361988,64.77297104196656,4.1240273159058995,4.857778072357178,1.1779209254073768,75.4224963848364,12.570416064139401,75.4224963848364,1.9338883148387067,0.0002746721765194516,0.024719787940850255,0.040855503982495434,0.08026411577590231,True,True,True,True,0.0013906893138301876,0.024719787940850255,6,False
C0,83093,18,F8Fe4Li3O3,F;Fe;Li;O,4,1.861685895573303,1.861685895573303,1.932338683838827,1.950948213961935,0,0,14,7.888888888888889,1.8671016115606809,5.429541577456827,6.559144554409464,6.672191619873047,107.88011972386838,96.68532338934058,104.03729122994912,5.429541577456827,6.672191619873047,1.2288683169083074,214.64798707809777,11.924888171005431,214.64798707809777,1.6717515756934187,-0.01091667010470037,0.17599351998327506,0.39248790193896094,0.10392981056495998,False,False,True,True,0.024489762501340953,0.17599351998327506,56,False
C0,83094,19,Fe3Gd2Ni2O11Tb,Fe;Gd;Ni;O;Tb,5,1.8312650269351913,1.8312650269351913,1.95184177502445,1.9958953119926959,0,0,9,7.473684210526316,1.8167306365604237,5.83197000588553,6.357298075146379,7.583742618560791,78.07841892241143,80.97868902948593,70.80389066132018,5.83197000588553,7.583742618560791,1.3003740778686104,258.606075945354,13.610846102387052,258.606075945354,1.642887863309374,0.002988661224002754,0.40056050071352756,0.808125364491579,0.21936857696545786,False,False,True,True,0.0382659630616229,0.40056050071352756,59,False
C0,83095,4,BrEu2Si,Br;Eu;Si,3,3.1587930338865884,3.1587930338865884,3.1620396535179918,3.229706711363601,0,0,0,0.0,3.150155455326613,3.664629430892496,3.6628513548564094,8.191046714782715,89.94898782125944,89.92027370354485,89.84239589627543,3.6628513548564094,8.191046714782715,2.236248736635893,109.9477960964041,27.486949024101026,109.9477960964041,2.238835788185132,-0.021310120835007593,0.037129084824308226,0.06255449432671005,0.18240169744383827,False,False,True,True,0.00954793869432874,0.037129084824308226,13,False
C0,83096,10,Co4Fe4Y2,Co;Fe;Y,3,2.2261150252015147,2.2261150252015147,2.3751475225921874,2.4125336653011464,0,0,0,6.4,2.2563582658434234,3.9885610825289852,6.015353220032193,6.420954704284668,107.73680779051705,90.01660669422128,89.98651971118186,3.9885610825289852,6.420954704284668,1.6098423896302474,146.73253875593147,14.673253875593147,146.73253875593147,1.7859170959285084,0.01414038823798308,0.12200444601301767,0.28262485000359716,0.14664910014115584,False,False,True,True,0.05249493529889674,0.12200444601301767,57,False
C0,83097,10,Eu2Mn4N4,Eu;Mn;N,3,1.8176398568679881,1.8176398568679881,1.8199615451032087,1.9788122916976334,0,0,12,4.4,1.7807621866838086,4.248229920918385,5.196753400741911,6.749638080596924,89.92321068208375,90.12983757454005,90.12095832118987,4.248229920918385,6.749638080596924,1.5888118595845167,149.01093456762712,14.901093456762712,149.01093456762712,1.5888340003279027,-0.0029471152952188183,0.5493643929109308,0.9727163650853852,0.08279716489061961,True,True,True,True,0.033542292922589444,0.5493643929109308,55,False
C0,83098,10,Eu6O4,Eu;O,2,2.21965693120884,2.21965693120884,2.403475781396618,2.3733933999325343,0,0,0,3.4,2.2418748282013663,5.035215087748537,8.079953210844701,7.1964006423950195,117.11855110188766,89.94774472831817,90.05552510929775,5.035215087748537,8.079953210844701,1.6046887908531426,260.59362887619136,26.059362887619137,260.59362887619136,1.840551807065912,0.018247872858833496,0.18220726825294883,0.3315669519085038,0.2542556421601567,False,False,True,True,0.03587417238926936,0.18220726825294883,42,False
C0,83099,10,CrGdO7Re,Cr;Gd;O;Re,4,1.6679793380254793,1.6679793380254793,1.7812263509623056,1.8358147707396775,0,0,7,6.0,1.7276226987686998,5.373820156373176,5.375137937936229,5.578949451446533,76.1817719546221,76.26132177590235,73.98926620023994,5.373820156373176,5.578949451446533,1.0381719687492854,147.849875255309,14.7849875255309,147.849875255309,1.458316502253667,0.011945040065511017,0.7490015199811738,1.6121932888501889,0.19187297347135335,False,False,True,True,0.047741800453086854,0.7490015199811738,75,True
C0,83100,10,H7Fe3,Fe;H,2,1.642768980887601,1.642768980887601,1.6723688573513766,1.6781617349549485,0,0,22,8.0,1.6497405476251739,2.7045900176455757,4.636292468651234,5.143680095672607,87.47916417455659,105.43225430892836,107.07122084132233,2.7045900176455757,5.143680095672607,1.9018335725983084,59.39249345286295,5.939249345286295,59.39249345286295,2.1717180567448238,0.017069985686156024,0.09214339798556123,0.16035178247331522,0.101685944889649,False,False,True,True,0.04020634883636973,0.09214339798556123,19,False
C0,83101,9,CaFe2GdO5,Ca;Fe;Gd;O,4,1.921647212348061,1.921647212348061,2.1195305037813124,2.1277229739360797,0,0,1,2.888888888888889,1.9254903071271938,3.4667748099517177,3.4741134848886714,11.161711692810059,88.92533366790181,88.94510017542791,61.01031060449958,3.4667748099517177,11.161711692810059,3.219624090024327,117.56063965574398,13.062293295082664,117.56063965574398,4.480368442024396,0.0007950953852325341,0.3782473711001096,0.7797622913763879,0.1294701243185763,False,False,True,True,0.027251889020736022,0.3782473711001096,33,False
C0,83102,5,HCoFe2Zn,Co;Fe;H;Zn,4,1.8071879585955726,1.8071879585955726,1.8496093030513474,1.9799452677263054,0,0,3,3.6,1.8246737634275252,3.6158163824789296,3.700841158524223,3.7002856731414795,89.97184163366082,89.96326974736877,90.00224963662392,3.6158163824789296,3.700841158524223,1.0235146830069404,49.515586292624484,9.903117258524897,49.515586292624484,1.023706792035628,0.012942351129806249,0.0032382651298514835,0.005420190447170653,0.0551938204778768,True,False,False,True,0.0008161835398451359,0.0032382651298514835,6,False
C0,83103,6,Fe4HfRh,Fe;Hf;Rh,3,2.5178135080373703,2.5178135080373703,2.5190082778716527,2.5530117858543253,0,0,0,4.333333333333333,2.5287145153267194,4.2229601187223516,4.2246542380796885,5.2555365562438965,90.06715009079463,90.01385412878034,120.0613793763508,4.2229601187223516,5.2555365562438965,1.244514844680548,81.14960359954831,13.524933933258053,81.14960359954831,1.7613027903028127,0.007778390076380522,0.07454567332127265,0.1475329449243446,0.16773371835514617,False,False,True,True,0.00985646659171775,0.07454567332127265,21,False
C0,83104,10,F6Fe2Li2,F;Fe;Li,3,2.0101295343920564,2.0101295343920564,2.0189616694321426,2.036591190018228,0,0,0,7.0,1.9849060728258032,5.293299996481328,6.819929967166203,5.32653284072876,59.624501161856955,57.49795516144482,47.8850052367008,5.293299996481328,6.819929967166203,1.2884079821094003,117.00732030119967,11.700732030119967,117.00732030119967,2.646877558285641,0.009015399319833617,0.0811608514904469,0.21412465940451278,0.05809204636523457,True,True,True,True,0.025635346687882723,0.0811608514904469,28,False
C0,83105,10,Eu2O6Sr2,Eu;O;Sr,3,2.222687508738539,2.222687508738539,2.2496660045104013,2.3093005924985044,0,0,0,4.8,2.2245243957462124,5.9947515589603375,6.0090866013684785,6.1451592445373535,119.27932261741236,119.17105208217902,89.97735842008997,5.9947515589603375,6.1451592445373535,1.0250898947350373,160.15469756202626,16.015469756202627,160.15469756202626,2.3373408023041953,0.014131909034656621,0.018269538915819696,0.04572925710582777,0.07476994751432287,True,True,True,True,0.0019417024175286603,0.018269538915819696,15,False
C0,83106,6,AlFe4Mn,Al;Fe;Mn,3,2.3520223241375664,2.3520223241375664,2.3533367449830225,2.487795176234411,0,0,0,5.0,2.3389135849105953,4.7085621462913725,4.71105301151252,4.713140487670898,59.94740976589566,59.961171091229765,59.9288784602814,4.7085621462913725,4.713140487670898,1.0009723438360332,73.83590771826738,12.30598461971123,73.83590771826738,2.0034473184221966,-0.017528016120299923,0.018100500298879506,0.02569111345540516,0.0969220080499058,True,True,True,True,0.0008256993058467036,0.018100500298879506,6,False
C0,83107,4,CdEu2Nd,Cd;Eu;Nd,3,3.3985015737649653,3.3985015737649653,3.398993631453852,3.507986203677826,0,0,0,0.0,3.3866862029406386,3.8266941961518945,3.825937748468291,9.572802543640137,90.00093824046382,90.03928975333447,90.07039442897107,3.825937748468291,9.572802543640137,2.5020800580126,140.15233187563456,35.03808296890864,140.15233187563456,2.503391261299464,-0.005611447897155353,0.012908460710972458,0.025251137149502795,0.07613801811767651,True,True,True,True,0.003648790728090975,0.012908460710972458,7,False
C0,83108,9,AgEu5OSb2,Ag;Eu;O;Sb,4,2.2989887817863788,2.2989887817863788,2.471822147803216,2.6955408924029287,0,0,0,1.3333333333333333,2.257260908639306,6.987660512873927,6.987072498920016,6.985424995422363,93.60291381640063,117.90085325072614,117.93955295460263,6.985424995422363,6.987660512873927,1.0003200259759468,248.28800277046614,27.587555863385127,248.28800277046614,2.3104383034215625,0.004549823520680991,0.24495867376842828,0.6508593582331152,0.20203203050347085,False,False,True,True,0.2351311203310899,0.24495867376842828,58,False
C0,83109,18,Eu4Nd2O11W,Eu;Nd;O;W,4,1.9642625476723787,1.9642625476723787,2.2955241459187334,2.1811838095376634,0,0,5,6.888888888888889,1.9424340876394222,6.665481654810757,6.6491821622028535,6.862874507904053,99.76625149354487,98.40065057218482,97.27956976605607,6.6491821622028535,6.862874507904053,1.0321381397724263,292.9366303219945,16.274257240110806,292.9366303219945,1.3020170989631779,0.00532912193753015,0.3245310064509435,0.8573627949398493,-0.011273861979887556,True,True,True,True,0.03516345041497432,0.3245310064509435,83,False
C0,83110,18,H2Co4Fe12,Co;Fe;H,3,1.6554251750219107,1.6554251750219107,1.9957206626563457,2.083765213160636,0,0,10,10.333333333333334,1.6260745169377555,4.6953060935686874,4.954287909152038,8.370817184448242,85.90449130914386,98.19650938763421,92.54107904625305,4.6953060935686874,8.370817184448242,1.7828054268738776,192.12477424106353,10.673598568947973,192.12477424106353,1.8268569649110487,-0.008277729981973821,0.129613016286141,0.2934467607127148,0.0969926565256074,True,True,True,True,0.032460370675615725,0.129613016286141,38,False
C0,83111,4,ClEu2N,Cl;Eu;N,3,2.5217563806406225,2.5217563806406225,2.522304813627355,2.6549667090354445,0,0,0,1.0,2.5453755200479526,3.722455555279652,3.7227615786963275,7.3270463943481445,75.3882125624878,75.40154407214263,60.1106185300616,3.722455555279652,7.3270463943481445,1.9683368372138146,84.21285248735435,21.05321312183859,84.21285248735435,2.8468732408579474,0.01000657295060565,0.12564046116332314,0.24251923197189848,-0.04416668447754013,True,False,False,True,0.008823741701040517,0.12564046116332314,19,False
C0,83112,9,Co2Fe5Ni2,Co;Fe;Ni,3,2.4241931586332197,2.4241931586332197,2.450867573348671,2.4465100884109168,0,0,0,8.0,2.4152473470359324,2.950325155254968,6.112597438030004,6.104335308074951,86.30407776219057,76.0456952325345,76.0496354700434,2.950325155254968,6.112597438030004,2.0718385657060745,103.6841438029694,11.520460422552155,103.6841438029694,2.330183008109709,0.004406534778285963,0.07397511126681529,0.1328073312479488,0.08693801710503468,True,True,True,True,0.007709693788196787,0.07397511126681529,12,False
C0,83113,15,BaCeFeGdMn2O9,Ba;Ce;Fe;Gd;Mn;O,6,1.9430734726092673,1.9430734726092673,2.017864585632768,2.092056157920331,0,0,3,4.0,1.8855795435960934,4.03080442586467,3.899121911323614,12.997550010681152,89.74684837019704,87.32218578691096,89.84684233952414,3.899121911323614,12.997550010681152,3.3334556616284265,204.05159024163697,13.603439349442464,204.05159024163697,3.3340426018293767,-0.009371620398441971,0.37095632448425775,0.8488820973123061,0.15871009860417473,False,False,True,True,0.14011812048476843,0.37095632448425775,154,False
C0,83114,6,Fe5Zn,Fe;Zn,2,2.451876650306799,2.451876650306799,2.4641720371781752,2.4791279711947882,0,0,0,5.0,2.440287881694301,2.9567234612685445,4.760312701290687,5.745841979980469,107.1443020631985,89.93894744199572,108.04844171713171,2.9567234612685445,5.745841979980469,1.943313960621562,73.11276012516821,12.185460020861369,73.11276012516821,2.2737870719158435,-0.006636680045988248,0.04233166918154754,0.11106936169078988,0.036008704782986456,True,False,False,True,0.007558621842078514,0.04233166918154754,12,False
C0,83115,10,BaEuGd2O6,Ba;Eu;Gd;O,4,2.276290232886804,2.276290232886804,2.2774288564728242,2.317090728514236,0,0,0,6.0,2.2737672673289957,6.0959413657845,6.096978253647116,6.30190896987915,61.03737856990798,61.15199617224639,59.96256554924432,6.0959413657845,6.30190896987915,1.0337876616154336,168.25808188469307,16.825808188469306,168.25808188469307,2.0128712684295573,0.0009821048203212143,0.12416880967918961,0.24504288097283564,0.06238162334765818,True,True,True,True,0.033596210725898204,0.12416880967918961,39,False
C0,83116,5,Br3EuK,Br;Eu;K,3,2.9895479411880035,2.9895479411880035,2.9921868361215718,3.057043426572002,0,0,0,1.2,2.970400691210208,5.940364420306823,6.011723290973925,6.030516147613525,93.69187026014515,90.0334635985678,90.12431879106198,5.940364420306823,6.030516147613525,1.0151761274103863,214.91326360420322,42.98265272084065,214.91326360420322,1.066747869868695,-0.005401136305168952,0.047463607183671395,0.06946810819607009,0.061128370788088304,True,False,False,True,0.004980420120892863,0.047463607183671395,11,False
C0,83117,20,H12Li2Mn6,H;Li;Mn,3,1.7054801614583754,1.7054801614583754,1.7546565202403372,1.7560686375312216,0,0,41,13.4,1.702790074494776,4.4771406849739215,5.958025012954433,5.555309295654297,117.2045287923448,89.835832076013,89.90918147054094,4.4771406849739215,5.958025012954433,1.3307656453482961,131.79371498580036,6.589685749290018,131.79371498580036,1.6473023316500115,0.01540275871926307,0.12487527270447796,0.31983026515708957,0.07637008412011781,True,True,True,True,0.061059655501550195,0.12487527270447796,18,False
C0,83118,11,Eu3O6Zn2,Eu;O;Zn,3,1.9330731366926879,1.9330731366926879,2.193671465504669,2.1413206974539394,0,0,1,2.5454545454545454,1.9405867009955111,3.7238829605127957,3.73490476332263,14.905351638793945,83.16212950010221,83.01308130914835,60.117379440382074,3.7238829605127957,14.905351638793945,4.002636977812378,177.99984697466158,16.18180427042378,177.99984697466158,5.647899037177761,-0.0017998208234198823,0.35137026374059704,0.5746318817905915,0.08947059867720242,True,True,True,True,0.05790716745632336,0.35137026374059704,72,False
C0,83119,5,AsEu3N,As;Eu;N,3,2.4657627304813605,2.4657627304813605,2.466217171272752,2.670329473223291,0,0,0,1.2,2.4813950686472572,4.934472123562049,4.933819805476023,4.9333977699279785,90.00679171234977,89.9927488434725,90.00180567425637,4.9333977699279785,4.934472123562049,1.0002177715408678,120.10749527274945,24.02149905454989,120.10749527274945,1.0002814599332075,0.018848576835063868,0.007504899551924777,0.01281945362040442,0.09595755812369866,True,False,False,True,0.0010947392532187868,0.007504899551924777,4,False
C0,83120,3,CuGdPb,Cu;Gd;Pb,3,2.8699887149878576,2.8699887149878576,2.8699887149878576,2.87012092250491,0,0,0,1.3333333333333333,2.866107377883904,4.690234578837603,4.691743328840967,4.690475940704346,59.964302256052385,59.96994908871689,59.9831909652584,4.690234578837603,4.691743328840967,1.0003216790073084,72.93896536691167,24.312988455637225,72.93896536691167,2.0016550543701292,-0.005681667108808732,0.09870753662986465,0.14127130689740292,0.3881843022477218,False,False,True,True,0.00023883620409589158,0.09870753662986465,25,False
C0,83121,11,Eu3Mg2Ni2Sb4,Eu;Mg;Ni;Sb,4,2.603797188330924,2.603797188330924,2.8029566421229672,2.8694571125154633,0,0,0,1.0909090909090908,2.6092275703189163,4.513239437938005,4.512815486791697,16.37389373779297,90.00405963713,90.0464751082559,119.95712567680768,4.512815486791697,16.37389373779297,3.628310039645269,288.9387626989217,26.26716024535652,288.9387626989217,5.127643908692824,-0.008827492969619408,0.05979945536023521,0.23130918903612582,0.050260749446022324,True,True,True,True,0.041057654396749146,0.05979945536023521,40,False
C0,83122,10,Eu3FeO6,Eu;Fe;O,3,1.9212097724534098,1.9212097724534098,2.102624243014896,2.124483019080533,0,0,4,6.6,1.9865384228800804,5.679385410702754,5.731457250290759,5.8024797439575195,115.74325112417797,90.08617898963209,118.97080617388758,5.679385410702754,5.8024797439575195,1.0216738827097023,143.36106507403423,14.336106507403423,143.36106507403423,2.176026694420129,-0.024629673036105474,0.38384273378390865,0.7393800635482572,0.13324211839843692,False,False,True,True,0.050768530810754144,0.38384273378390865,50,False
C0,83123,6,H2Eu3N,Eu;H;N,3,2.3270130734637857,2.3270130734637857,2.3750774725443686,2.4117793388162103,0,0,0,2.3333333333333335,2.3134728639708504,3.8130702589826297,3.802252623680842,10.156601905822754,90.11724270281407,100.74942310027026,120.25210728929554,3.802252623680842,10.156601905822754,2.671206495477532,124.16525165004474,20.69420860834079,124.16525165004474,3.8738020979546577,-0.0378478457725214,0.19389424521110446,0.4173076507254087,0.15140160668294378,False,False,True,True,0.0182698720889893,0.19389424521110446,36,False
C0,83124,12,Eu4F8,Eu;F,2,2.455798188064571,2.455798188064571,2.4587019347886288,2.4740050882284046,0,0,0,6.333333333333333,2.4743223656164233,3.823929530750344,6.345455646559253,7.5060577392578125,90.00021424033805,90.01947537514023,90.01140209031514,3.823929530750344,7.5060577392578125,1.9629173809029241,182.13128858770938,15.177607382309114,182.13128858770938,1.9629176348582302,0.018980075146864124,0.07738911542408643,0.15481950146461554,0.03325578486165526,True,False,False,True,0.0052786651362710735,0.07738911542408643,39,False
C0,83125,5,H3EuFe,Eu;Fe;H,3,1.79016860773904,1.79016860773904,1.7906650355515048,1.9373276805377593,0,0,3,3.6,1.8326649931867856,3.582547708586653,3.5827079581516244,3.584104299545288,90.32605525368709,90.29501203645377,90.36948842248654,3.582547708586653,3.584104299545288,1.000434492736804,46.00045505269738,9.200091010539477,46.00045505269738,1.0090035749373463,0.07212037743329916,0.003440843756971139,0.008381568014458869,0.20876827854199842,False,False,True,True,0.0007143316108876883,0.003440843756971139,7,False
C0,83126,4,Fe3Sn,Fe;Sn,2,2.6928482588139255,2.6928482588139255,2.6931287450340733,2.693265099030114,0,0,0,3.0,2.6908263046355647,3.811015907290172,3.809434676417106,3.8129823207855225,90.00644337308165,89.98958646591602,90.00658680691441,3.809434676417106,3.8129823207855225,1.0009312784362412,55.35617468486756,13.83904367121689,55.35617468486756,1.0009611888883376,-0.002528520083619885,0.004801609221190657,0.00538872382996197,0.09453303717651451,True,False,False,True,0.0007308751438490921,0.004801609221190657,2,False
C0,83127,18,F5Mn7O6,F;Mn;O,3,1.9134229558071434,1.9134229558071434,2.000770322034982,2.0112568994553675,0,0,8,7.222222222222222,1.9141633034383587,6.013548776578667,6.57224055248757,7.388486385345459,73.23640309287508,85.30783370353096,59.0341683687026,6.013548776578667,7.388486385345459,1.2286399694838837,238.9612420994972,13.275624561083179,238.9612420994972,1.9959357124610877,-0.003761207952818994,0.22289204776177662,0.7392214238630924,0.16099912329535293,False,False,True,True,0.05785136771278208,0.22289204776177662,77,False
C0,83128,8,Ca3EuO4,Ca;Eu;O,3,2.449727740947151,2.449727740947151,2.450527019756412,2.4505254890481076,0,0,0,3.0,2.454800762106237,4.905602015235692,4.9031451892557305,4.905768871307373,90.02173616774512,90.00703076892525,90.04081971610937,4.9031451892557305,4.905768871307373,1.0005351018479713,117.99782534853382,14.749728168566728,117.99782534853382,1.000931002336516,0.0046585396722256395,0.01094850437225325,0.017572714478958563,0.03476871937011783,True,False,False,True,0.0014021671551282153,0.01094850437225325,7,False
C0,83129,18,F9Fe4O4Zn,F;Fe;O;Zn,4,1.3991989966621288,1.3991989966621288,1.8621932993673913,1.7943663573065314,0,2,16,6.333333333333333,1.4671950717915576,7.089583190915255,6.327496273113282,7.7378621101379395,112.53304791364482,103.85153823191652,104.90198106954568,6.327496273113282,7.7378621101379395,1.2228947716678342,286.76585724942464,15.931436513856925,286.76585724942464,1.9315815462703998,0.0814293325658694,0.76235742832903,1.660629432163782,0.4157875565802245,False,False,True,True,0.4573137931824847,0.76235742832903,656,True
C0,83130,13,Mn9N4,Mn;N,2,1.7950168322586877,1.7950168322586877,1.9252586439494441,1.9013223208465158,0,0,12,6.461538461538462,1.802767825200075,2.7402345519485394,5.780558167137145,8.619474411010742,103.32857634043003,89.97940948283193,103.7939048734085,2.7402345519485394,8.619474411010742,3.1455243146545846,128.80835720362003,9.908335169509233,128.80835720362003,3.3406744907233414,0.011380462632217833,0.28003093187821204,0.6909680533416527,0.1467449459585346,False,False,True,True,0.059061540564575174,0.28003093187821204,57,False
C0,83131,6,Fe5Pt,Fe;Pt,2,2.475056240707193,2.475056240707193,2.4792870646896388,2.5077825471674067,0,0,0,3.0,2.4660089173827235,2.880159918884711,2.8798773368565698,9.084274291992188,89.99573363633574,90.01207827874485,89.99671718345782,2.8798773368565698,9.084274291992188,3.1543962569974635,75.34957721358354,12.55826286893059,75.34957721358354,3.1544207496734717,-0.009807304891125046,0.05223810989593953,0.08625656892847698,0.023836228528645975,True,False,False,True,0.015094988964839252,0.05223810989593953,24,False
C0,83132,4,Fe2NiRh,Fe;Ni;Rh,3,2.428598183780149,2.428598183780149,2.4685162387697996,2.4809000155454246,0,0,0,3.0,2.440980773269027,2.891335681108483,2.8900819298819616,6.002865791320801,90.01037756202159,90.05104451024975,89.98418378562185,2.8900819298819616,6.002865791320801,2.077057307356672,50.16110651003517,12.540276627508792,50.16110651003517,2.077141108137874,0.011372978243596761,0.03782894626008075,0.04606807335800034,0.07834627507592895,True,False,False,True,0.005396940393106981,0.03782894626008075,15,False
C0,83133,6,Co4NiRu,Co;Ni;Ru,3,2.312485216847277,2.312485216847277,2.3142822402777363,2.4471350931068963,0,0,0,5.0,2.320102933849617,4.633054172468953,4.633276512084574,4.634549140930176,59.97477035034918,60.05653693627485,60.043927855558685,4.633054172468953,4.634549140930176,1.0003226745048883,70.38731603485087,11.731219339141811,70.38731603485087,2.000310820907429,0.005639557365978695,0.042412696566097176,0.0729364987824217,0.20582181703287716,False,False,True,True,0.0017604914703353272,0.042412696566097176,7,False
C0,83134,14,Li4Mn3O7,Li;Mn;O,3,1.853765493675953,1.853765493675953,1.919742982704914,1.9054900660927205,0,0,24,8.857142857142858,1.8660119206062253,5.491913182415779,5.753807854917305,6.287492752075195,89.40362452401206,96.07239591402202,125.39655078798856,5.491913182415779,6.287492752075195,1.1448638285482615,160.73126535035593,11.480804667882566,160.73126535035593,1.971035604220157,0.007468277263412473,0.28493972464972417,0.704861919857991,0.16099932905132608,False,False,True,True,0.03296365253999276,0.28493972464972417,54,False
C0,83135,12,Co4Fe4Nb2V2,Co;Fe;Nb;V,4,2.3888156748810143,2.3888156748810143,2.4484817723696604,2.4551698863462135,0,0,0,5.0,2.4081891271411893,2.7572109109820175,4.3495783934027035,12.429925918579102,85.4972959321607,96.47425695931857,90.10645104561893,2.7572109109820175,12.429925918579102,4.508152012989103,147.65694118094743,12.304745098412285,147.65694118094743,4.542229836874729,0.003744531254834191,0.15048379075066817,0.3845757547039134,0.11385609666883667,False,False,True,True,0.3128825570549388,0.15048379075066817,157,False
C0,83136,8,H2Al2Eu2Ge2,Al;Eu;Ge;H,4,2.394937319512973,2.394937319512973,2.5016586800104044,2.5005776402685744,0,0,0,2.5,2.4292347767575584,4.124674388770265,4.123942441057783,8.278800010681152,90.01024095790123,90.01044586391248,90.00804163676113,4.123942441057783,8.278800010681152,2.0074964985587087,140.82171797451068,17.602714746813835,140.82171797451068,2.0075455751956905,0.06265004924335604,0.07591014353502137,0.13581419200626307,0.02163632439819363,True,True,True,True,0.04808810086601657,0.07591014353502137,33,False
C0,83137,16,AlFe8Mn3Si4,Al;Fe;Mn;Si,4,2.2594989775315777,2.2594989775315777,2.377722824685157,2.36707594552522,0,0,0,5.25,2.253973521052685,3.9407266475062523,3.9378894470646273,14.576692581176758,89.9013950533676,90.01465326053824,59.973078981256045,3.9378894470646273,14.576692581176758,3.70165104356662,195.84413731733392,12.24025858233337,195.84413731733392,5.235183275554156,-0.015394755773400739,0.2168778153168719,0.6596731414363015,0.1900351873217785,False,False,True,True,0.032528979208468756,0.2168778153168719,68,False
C0,83138,20,CrGdLi3Ni2O11V2,Cr;Gd;Li;Ni;O;V,6,1.7245814666152661,1.7245814666152661,1.8819469224726082,1.8935789411533808,0,0,15,9.7,1.7363525252115655,4.898290276739208,5.947712276985063,8.449272155761719,81.96259843993579,77.02360621746844,70.3777657566728,4.898290276739208,8.449272155761719,1.7249431288066497,225.3846411520774,11.269232057603869,225.3846411520774,2.0464676585781363,0.01720992524710396,0.36420938231623223,0.716122529734011,0.26852936380078773,False,False,True,True,0.07508186503617223,0.36420938231623223,125,False
C0,83139,4,AuEu3,Au;Eu,2,3.0709524117621188,3.0709524117621188,3.0725608411289635,3.336231921909971,0,0,0,0.0,3.0641833172675303,4.217985017557395,4.216935922939576,10.721726417541504,78.71130497977977,78.7484064656182,60.092476519962446,4.216935922939576,10.721726417541504,2.5425395627229537,161.0424196194326,40.26060490485815,161.0424196194326,3.617219929010571,-0.0021900714727846634,0.015779454167199076,0.024140536746980173,0.10236605486002581,False,False,True,True,0.0018829121956774467,0.015779454167199076,6,False
C0,83140,8,C4Eu2Ni2,C;Eu;Ni,3,1.2558252529825953,1.2558252529825953,1.5258566118207542,1.7786586132874684,0,2,7,3.5,1.2859211054582675,3.840908767984752,3.7977063277955927,8.254110336303711,91.03719397419033,91.61192715804542,90.13364882860375,3.7977063277955927,8.254110336303711,2.173446186686813,120.3319151641394,15.041489395517425,120.3319151641394,2.1746663573848943,0.004930739599679129,0.775380004540818,2.6978021950487676,0.10413204159423906,False,False,True,True,0.1118181984960821,0.775380004540818,111,True
C0,83141,15,Eu13Li2,Eu;Li,2,3.4393480861279633,3.4393480861279633,3.4977581907336215,3.56294106100358,0,0,0,0.0,3.438714176590735,7.369852240478067,9.77190259100786,9.458401679992676,65.31084097504502,82.8460350083868,80.04803470039364,7.369852240478067,9.77190259100786,1.3259292414760784,608.5461070750838,40.569740471672255,608.5461070750838,1.6327431727738582,0.012468908909467105,0.0372083771466027,0.048092755191989155,0.06757063162586796,True,True,True,True,0.041420820822904166,0.0372083771466027,34,False
C0,83142,4,CrMnNiRh,Cr;Mn;Ni;Rh,4,2.5125580981947766,2.5125580981947766,2.541903054673174,2.543813707756478,0,0,0,2.0,2.52624447494921,2.6921306805917204,2.6933014940135966,6.996663570404053,90.03599759901286,90.01674329953893,90.00870416540555,2.6921306805917204,6.996663570404053,2.59893162722183,50.730832807963246,12.682708201990812,50.730832807963246,2.5989654805109113,0.042124859788545584,0.09768866382016722,0.19523821354018098,0.1445125764778652,False,False,True,True,0.036710081747034086,0.09768866382016722,41,False
C0,83143,5,CaEu3Rh,Ca;Eu;Rh,3,2.8379348041874994,2.8379348041874994,2.838143101058775,3.0717801892650094,0,0,0,1.2,2.870596032647353,5.683165105228121,5.67919762680012,5.680117130279541,90.18286716155997,90.1677246304656,90.26386637872379,5.67919762680012,5.683165105228121,1.000698598409268,183.32675414868197,36.6653508297364,183.32675414868197,1.0060311419497203,0.03434432926626922,0.006357554380661887,0.009895678737838047,0.08860130032031144,True,False,False,True,0.0018398547237447876,0.006357554380661887,6,False
C0,83144,8,Fe6Si2,Fe;Si,2,2.2171115026764094,2.2171115026764094,2.2491619510449046,2.2979097902473926,0,0,0,6.75,2.2090156026484578,4.489463365686635,4.492452874833081,4.551177501678467,90.01924314874222,90.0878865458144,90.12162768588946,4.489463365686635,4.551177501678467,1.013746439377035,91.79102544377133,11.473878180471416,91.79102544377133,1.0146188449061389,0.0006841702164929726,0.2790966855570744,0.4277832654926792,0.15430891379638734,False,False,False,True,0.024430004222836067,0.2790966855570744,26,False
C0,83145,10,Eu6N4,Eu;N,2,2.4192799962663276,2.4192799962663276,2.4216791001626627,2.4597991241680237,0,0,0,4.0,2.434079080338494,5.205258261938817,6.432731659877029,7.219116687774658,106.46633754237848,89.93616755034526,113.85442302406656,5.205258261938817,7.219116687774658,1.3868892424726171,210.2255861981775,21.02255861981775,210.2255861981775,1.8975387708845133,0.00823660744347638,0.11108297047963242,0.1927976551996621,0.11033699000781283,False,False,True,True,0.024489983018485675,0.11108297047963242,23,False
C0,83146,6,AlFe5,Al;Fe,2,2.454283610814448,2.454283610814448,2.4555286768424343,2.4633795898117556,0,0,0,5.0,2.4701963344684534,2.9594886712042934,4.019182734506007,6.304905891418457,108.53238802393749,89.97510646428897,89.94753299012916,2.9594886712042934,6.304905891418457,2.1304037933190756,71.10613905530349,11.851023175883915,71.10613905530349,2.1960374426986875,0.008493312669062414,0.07139182684809685,0.14552587117734428,0.01928967833170603,True,False,False,True,0.01616525746762558,0.07139182684809685,27,False
C0,83147,6,Gd2Ge2Ni2,Gd;Ge;Ni,3,2.4261744263732163,2.4261744263732163,2.4263907156155677,2.604560228831787,0,0,0,2.6666666666666665,2.4116585849229,4.173830363027527,5.6131926795699645,5.527644157409668,86.70384208674335,67.873685997016,68.19518384873372,4.173830363027527,5.6131926795699645,1.344854052836585,110.8716714774719,18.478611912911983,110.8716714774719,1.9332545560894,0.0007415857460677018,0.10049299604750528,0.15729539728459985,0.01424890424788039,True,True,True,True,0.03866921408624976,0.10049299604750528,30,False
C0,83148,20,Eu7F3O10,Eu;F;O,3,1.4947630484799872,1.4947630484799872,2.293204062907087,2.1507328824384744,0,1,2,6.3,1.4857250317622621,5.897704726884754,6.754768086663142,9.032167434692383,98.40287016286143,94.9215638636697,114.22112385718751,5.897704726884754,9.032167434692383,1.5314716237859696,320.3582443500504,16.01791221750252,320.3582443500504,1.9663027835563265,0.01458104939086734,0.2012394503111002,0.3753125945442957,0.17737561274543268,False,False,True,True,0.02774729505336319,0.2012394503111002,61,False
C0,83149,12,GdNi10Pb,Gd;Ni;Pb,3,2.4043682916421014,2.4043682916421014,2.405815927366236,2.4773833824061535,0,0,0,6.0,2.3963628926791762,4.868360207912942,4.8676525170846014,7.888230800628662,89.98833654213772,89.96115239165339,120.00605561669774,4.8676525170846014,7.888230800628662,1.6205410663440671,161.87725215711154,13.489771013092628,161.87725215711154,2.2918357995347485,-0.0002102975800012476,0.04026803875837503,0.08448121264751057,0.17620842774577028,False,False,True,True,0.0023636076275179844,0.04026803875837503,32,False
C0,83150,12,Fe9Sm3,Fe;Sm,2,2.450883161793678,2.450883161793678,2.4707953485030525,2.595321629362814,0,0,0,5.5,2.4638751029866994,5.106634593783376,5.108674509845995,8.711006164550781,73.25386657831615,73.2781816717882,60.31678926465878,5.106634593783376,8.711006164550781,1.7058213202008288,186.16447037212419,15.513705864343683,186.16447037212419,2.5149275500095922,0.02041400482747287,0.0656844751107258,0.10855400986670966,0.014710837042644087,True,False,False,True,0.0035650755367698864,0.0656844751107258,19,False
C0,83151,4,Fe3Ge,Fe;Ge,2,2.474343535879294,2.474343535879294,2.474508381921707,2.4745537302753915,0,0,0,3.0,2.474343535879294,4.045612854758674,4.046279033978045,4.045690536499023,59.9696632764224,59.99490039035755,59.98206059407187,4.045612854758674,4.046279033978045,1.000164667071044,46.81041863773226,11.702604659433065,46.81041863773226,2.0011549255871492,0.0,0.020193648801174018,0.023854015666864143,0.028817032867431536,True,False,False,True,0.001632223802702118,0.020193648801174018,1,False
C0,83152,12,Cu4Eu4Ni4,Cu;Eu;Ni,3,2.478583816155686,2.478583816155686,2.4801544533220055,2.63343763282254,0,0,0,4.0,2.477115787790402,4.261156627172029,7.015282975084023,7.319148063659668,89.98205276657241,89.98975039053133,90.02792431665905,4.261156627172029,7.319148063659668,1.717643518895271,218.79285969272607,18.23273830772717,218.79285969272607,1.7176448497541548,-0.006919145591679689,0.07076074278729065,0.12583320683070984,0.08082151692057238,True,True,True,True,0.012154600804996316,0.07076074278729065,20,False
C0,83153,12,H4Fe3Ni5,Fe;H;Ni,3,1.7920619535200513,1.7920619535200513,1.8209302260688829,1.825695682395936,0,0,24,9.666666666666666,1.7605838924457209,4.470612374626302,5.1469090717451484,5.213803768157959,119.31231392667753,89.33700285128265,106.67683090202706,4.470612374626302,5.213803768157959,1.1662392825085357,99.00768802236816,8.25064066853068,99.00768802236816,1.9215933023858796,-0.015827840733026528,0.09031103627962529,0.16579362735846545,0.04565908075195324,True,True,True,True,0.036306959476554976,0.09031103627962529,23,False
C0,83154,11,Eu3NO7,Eu;N;O,3,1.244522972175367,1.244522972175367,2.2156316586431744,1.9339295618047054,0,3,3,5.636363636363637,1.24886699999441,3.631622276815002,7.091047492186094,6.767622470855713,67.4372624838725,74.34272102488907,75.1449546166603,3.631622276815002,7.091047492186094,1.9525839835978398,152.66261329910876,13.87841939082807,152.66261329910876,2.4260697189381193,0.03507919023328481,0.37446518362257136,0.9823613408920995,0.05823569273753293,True,True,True,True,0.0805845898022226,0.37446518362257136,66,False
C0,83155,12,Co3Eu5P4,Co;Eu;P,3,2.249928044028284,2.249928044028284,2.502905569709256,2.587322222819965,0,0,0,1.1666666666666667,2.2714860603754556,3.9014647490472836,3.901587031026867,19.762447357177734,89.99397144755085,89.99097982464612,120.02728258295748,3.9014647490472836,19.762447357177734,5.065391751137471,260.44790481289175,21.70399206774098,260.44790481289175,7.166389165325977,0.021783615369952516,0.09211231934432446,0.22964012821746138,-0.03766242702734246,True,True,True,True,0.0363669100751061,0.09211231934432446,46,False
C0,83156,10,Eu4Lu2O4,Eu;Lu;O,3,2.2155466898846474,2.2155466898846474,2.340156933073371,2.3298217992258925,0,0,0,2.4,2.055920240249007,6.814241965612521,6.82811056012959,6.940033912658691,111.54172154247289,95.4696108847024,121.97090728869787,6.814241965612521,6.940033912658691,1.018460152674497,236.99678908879142,23.699678908879143,236.99678908879142,2.276087218708833,0.11428563351709549,0.847811839196887,1.7932275324020877,0.2579868313886706,False,False,True,True,1.6850458519986173,0.847811839196887,217,True
C0,83157,12,Eu4FO7,Eu;F;O,3,2.335302672258107,2.335302672258107,2.3438021828426523,2.361882392737479,0,0,0,6.0,2.3412726338959247,3.8913708663235576,5.568795165558315,7.782925128936768,90.07081107059835,89.95797634732148,90.03965175470348,3.8913708663235576,7.782925128936768,2.0000471289671307,168.65769755791663,14.054808129826386,168.65769755791663,2.0000505610290933,-0.0019924725495252763,0.07312928584193802,0.2319756881916896,0.029184075434571355,True,True,True,True,0.012985129435996265,0.07312928584193802,33,False
C0,83158,4,CdEu2Zn,Cd;Eu;Zn,3,3.190381615830093,3.190381615830093,3.1909259219941277,3.191137126291515,0,0,0,0.0,3.3421486498231894,5.224114844005764,5.230558375826743,5.231631755828857,60.022304293041344,59.925205306918386,59.93674555535368,5.224114844005764,5.231631755828857,1.001438887169894,100.9955035564194,25.24887588910485,100.9955035564194,2.0044909071300547,0.15050493821408462,0.048168950353524705,0.06786754913663304,0.029060217460937565,True,False,False,True,0.001987645726429461,0.048168950353524705,7,False
C0,83159,10,Cu2Mn2O6,Cu;Mn;O,3,1.9364510769276821,1.9364510769276821,1.9400015902183239,1.9503783683533258,0,0,18,8.6,1.945898020348687,5.012924850770583,5.015004887242557,5.4226789474487305,62.41082380835594,62.420347187118246,60.03895420104556,5.012924850770583,5.4226789474487305,1.081739525102827,99.7986928143695,9.979869281436951,99.7986928143695,2.0294304828773213,0.008029237092757529,0.12029399461250392,0.2657668453292192,0.053765584203127936,True,False,False,True,0.01880734034952812,0.12029399461250392,45,False
C0,83160,4,Eu2Ga2,Eu;Ga,2,2.6728108032010014,2.6728108032010014,2.9764815548034935,2.976991512307572,0,0,0,0.5,2.65133526421585,3.639542778410572,5.32433125722348,6.332062721252441,114.68170273391902,106.66450832247232,90.01935278242661,3.639542778410572,6.332062721252441,1.7397962070438204,105.78960617002735,26.44740154250684,105.78960617002735,2.156804572177786,-0.005849991442175217,0.10976445453766741,0.14226560274491268,0.05824782732055667,True,True,True,True,0.06347201070162342,0.10976445453766741,26,False
C0,83161,6,Fe5Ga,Fe;Ga,2,2.4297844243562605,2.4297844243562605,2.434887996355944,2.459096371436272,0,0,0,5.0,2.435239166501473,4.058983901502992,4.055822224743008,4.79189920425415,90.0718629241164,115.14099237065555,89.95958144269225,4.055822224743008,4.79189920425415,1.1814864998324188,71.41333729403637,11.902222882339395,71.41333729403637,1.6240689273662323,0.005227849109625775,0.03739392127094165,0.06365990574580596,0.019897597483724994,True,False,False,True,0.003185652360383633,0.03739392127094165,4,False
C0,83162,5,CHMn3,C;H;Mn,3,1.7223676747072774,1.7223676747072774,1.7462893467191414,1.814466200632527,0,0,4,3.2,1.6803965636430402,2.8379265955438733,2.841276166939309,6.634542942047119,102.28719837134466,90.08425971093651,119.94739809584748,2.8379265955438733,6.634542942047119,2.337813441850368,44.92406124074447,8.984812248148895,44.92406124074447,3.407011556271198,-0.04122687097452458,0.08380678888128575,0.12255836841099428,0.22972177401853866,False,False,True,True,0.040079380060647596,0.08380678888128575,18,False
C0,83163,14,Fe2GaMn2O9,Fe;Ga;Mn;O,4,1.3479035335041014,1.3479035335041014,1.9259447393838611,1.863340006843625,0,1,15,9.142857142857142,1.307460047852731,5.74439507583122,5.977167122341184,6.640313148498535,116.4852680574154,123.01217103867528,90.41013554932877,5.74439507583122,6.640313148498535,1.1559638675335495,161.3399575575997,11.524282682685692,161.3399575575997,2.4435762112680317,0.05651292511048608,0.9074801378274812,4.046093190664072,0.5354173076171866,False,False,True,True,0.16964165055195907,0.9074801378274812,213,True
C0,83164,14,H2Eu8Si4,Eu;H;Si,3,2.362998190482839,2.362998190482839,2.5192754385767966,2.5568643789871346,0,0,0,2.0,2.433331040951197,7.4213586769118045,8.077011317161821,7.487260341644287,105.20337479491747,112.73626027451483,106.00211779192499,7.4213586769118045,8.077011317161821,1.0883467123465926,361.8307344079657,25.845052457711834,361.8307344079657,1.8777244548049181,0.03260386239421053,0.09498300105509552,0.1850251333502957,0.16236911304175905,False,False,True,True,0.09537757351940813,0.09498300105509552,67,False
C0,83165,15,Eu6O4S5,Eu;O;S,3,2.1593804090023294,2.1593804090023294,2.3195643863307445,2.3990879174666238,0,0,0,3.066666666666667,2.1121940682339937,4.0796890727923705,6.94302027296529,11.34011459350586,91.86002004026008,89.97096737007625,89.98447065373351,4.0796890727923705,11.34011459350586,2.779651682069007,321.04357389691893,21.40290492646126,321.04357389691893,2.780529266093583,-0.003959687551962831,0.21519534036374333,0.5809475362487366,0.02438818426446865,True,True,True,True,0.06664648048505724,0.21519534036374333,84,False
C0,83166,11,F6Gd3O2,F;Gd;O,3,2.0621085208390673,2.0621085208390673,2.21301089989055,2.2010694981521763,0,0,0,5.2727272727272725,2.1657787503906443,6.021026951151601,6.072100686170529,5.960744380950928,107.45165468676115,107.14402929339691,73.57093125587748,5.960744380950928,6.072100686170529,1.0186816105678795,194.08692725441918,17.644266114038107,194.08692725441918,1.5145016778406089,0.0116077826167478,0.5985306450611216,1.7214703852471271,0.12436731262251577,False,False,True,True,0.09134073045618885,0.5985306450611216,94,True
C0,83167,10,EuFe3O6,Eu;Fe;O,3,1.9008489823556174,1.9008489823556174,1.9708643591620598,1.9856021981252117,0,0,6,4.4,1.8801357248124697,3.3187664451240093,4.888650885599643,8.02785873413086,95.93015016608086,90.0133145432009,89.97473763377947,3.3187664451240093,8.02785873413086,2.418928498546661,129.5492958006507,12.95492958006507,129.5492958006507,2.426451911078906,0.004998605751518794,0.16932225681381988,0.41625523148236193,0.13809568794271243,False,False,True,True,0.026080518438868983,0.16932225681381988,36,False
C0,83168,4,Eu2GaPb,Eu;Ga;Pb,3,3.3938399478845516,3.3938399478845516,3.3940699624679422,3.3940699624679422,0,0,0,0.0,3.392121612522808,5.546692455544627,5.544222276646991,5.54542875289917,60.0116522158145,60.0040272314593,60.00208600063367,5.544222276646991,5.546692455544627,1.000445541101056,120.60162193970956,30.15040548492739,120.60162193970956,1.9998992537079954,-0.001728830786978002,0.0023030448694436978,0.004023963690802888,0.04563903395629865,True,False,False,True,0.0012214247715357067,0.0023030448694436978,2,False
C0,83169,9,CdEu5Pt3,Cd;Eu;Pt,3,2.979276175132157,2.979276175132157,3.0034153216703263,3.0664825156229027,0,0,0,0.4444444444444444,2.949874109275125,4.491189988984504,7.854621443041576,7.910728931427002,119.71420162957567,90.00687367515172,90.0323297860518,4.491189988984504,7.910728931427002,1.7613881734750847,242.36909312178454,26.929899235753837,242.36909312178454,2.1465416635617203,-0.005368308151482507,0.06749583282856259,0.14032364039065479,0.016124254762974743,True,True,True,True,0.03405875817395393,0.06749583282856259,27,False
C0,83170,4,Eu3Nd,Eu;Nd,2,3.8623824053489564,3.8623824053489564,3.873409833941248,3.8788228293583162,0,0,0,0.0,3.8088047481365246,3.887610277522319,6.364355563047293,6.828383445739746,89.9556540872736,89.98834337174108,90.01987835510788,3.887610277522319,6.828383445739746,1.7564475238736283,168.94871460020187,42.23717865005047,168.94871460020187,1.756451244480036,-0.03621473853165032,0.016519894666903144,0.03131155443959466,0.07695072128906233,True,False,False,True,0.0017695434230484467,0.016519894666903144,6,False
C0,83171,12,F3Li2MnNi3O3,F;Li;Mn;Ni;O,5,2.0033611402676272,2.0033611402676272,2.084251367140742,2.0993154829631706,0,0,0,2.8333333333333335,1.966588794821599,3.0400179513042254,3.047677308587755,14.953165054321289,90.00804846759179,89.984723370424,119.99484115602117,3.0400179513042254,14.953165054321289,4.918775248648153,119.98624080389666,9.998853400324721,119.98624080389666,6.946932466719598,0.06745548559170454,0.45848530899163215,1.0296192253010188,0.3091139113962127,False,False,True,True,0.2623968245626079,0.45848530899163215,142,True
C0,83172,8,HFe5Rh2,Fe;H;Rh,3,1.8546329541733282,1.8546329541733282,1.8960848013223757,2.144034233265272,0,0,4,4.5,1.710121336535019,2.6623597500655665,4.571786664853622,7.89724588394165,84.73374210730225,90.06012865422743,73.01171595339943,2.6623597500655665,7.89724588394165,2.966257991147576,91.50160926389769,11.437701157987211,91.50160926389769,3.174553445247413,0.03533133535049805,0.10266551094092721,0.2058762429730315,0.1207952747314458,False,False,True,True,0.059728631679994995,0.10266551094092721,46,False
C0,83173,8,N2O6,N;O,2,1.2565757230617007,1.2565757230617007,1.2633364660031257,1.262277483227804,0,6,6,3.0,1.2508972959957476,4.908603190786598,4.914711818695551,6.154325485229492,102.1629501136716,102.39220616691408,116.98603164474973,4.908603190786598,6.154325485229492,1.2537834585572334,120.85516344816722,15.106895431020902,120.85516344816722,2.002263358696562,0.12423842572573428,0.6775417713311029,0.9610256311334936,0.023547474416504066,True,True,True,True,0.0176653647256259,0.6775417713311029,36,False
C0,83174,16,Co4Mn6Zn6,Co;Mn;Zn,3,2.43497310679347,2.43497310679347,2.5438337164532343,2.5375659536183264,0,0,0,9.0,2.414649245657538,4.555618514613785,4.992763982540549,8.942017555236816,88.34420742059382,90.22163532959983,90.12977609782945,4.555618514613785,8.942017555236816,1.9628547751643555,203.3004174884588,12.706276093028675,203.3004174884588,1.963277134940593,0.0008360215338561151,0.08716015663134925,0.14581374772156774,0.1319423764529306,False,False,True,True,0.02938910651708504,0.08716015663134925,24,False
C0,83175,11,Eu5Ge4Mg2,Eu;Ge;Mg,3,2.8482379540196527,2.8482379540196527,3.055855545171634,2.982195328137566,0,0,0,0.7272727272727273,2.808002639041691,4.589937772333757,9.027617210167582,9.024470329284668,59.877880858007096,75.27039854229685,75.27633447222425,4.589937772333757,9.027617210167582,1.9668277998412784,309.21197597829394,28.11017963439036,309.21197597829394,2.5650152468847867,-0.02696932593331766,0.11992610092327759,0.15479313054898333,0.08017370558238568,True,True,True,True,0.03369519320974706,0.11992610092327759,36,False
C0,83176,11,Eu2Nb2O7,Eu;Nb;O,3,1.8760195549533376,1.8760195549533376,1.883168915684855,1.994680031328822,0,0,8,5.636363636363637,1.8803562822657065,5.628811000378184,6.188750415843332,6.1888837814331055,110.81382015244219,96.44265384769359,96.42201960606441,5.628811000378184,6.1888837814331055,1.0995010813149155,197.559870767036,17.959988251548726,197.559870767036,1.5483074593740178,-0.0031827142476744813,0.11526415606083087,0.3944025837006623,-0.001168855759942744,True,False,False,True,0.011034857333066658,0.11526415606083087,28,False
C0,83177,5,HFe2IrNi,Fe;H;Ir;Ni,4,1.8349054085556997,1.8349054085556997,1.873575410655564,2.008065628631475,0,0,3,3.6,1.8606955368471407,3.672128660076959,3.747285252644097,3.7499351501464844,89.96163050150788,89.95908284012818,89.9542470640562,3.672128660076959,3.7499351501464844,1.0211883888806594,51.600992373045926,10.320198474609185,51.600992373045926,1.0213497399667313,0.01904330763636587,0.0018511691602297671,0.002934442511380995,0.07214597913020881,True,False,False,True,0.0009060659337444774,0.0018511691602297671,4,False
C0,83178,6,Fe5Pt,Fe;Pt,2,2.3595412589189695,2.3595412589189695,2.3603187640284746,2.497497822062647,0,0,0,5.0,2.3676647535339685,4.735647436945582,4.736046311909215,4.734676837921143,120.00273776738759,119.94854367224355,90.04742466778862,4.734676837921143,4.736046311909215,1.0002892433918835,75.1121966361309,12.518699439355151,75.1121966361309,2.413113358952048,0.00912123838321973,0.020570358380670246,0.03322647497237406,0.09994198210937633,True,True,True,True,0.0020339485368796825,0.020570358380670246,4,False
C0,83179,5,EuMn2P2,Eu;Mn;P,3,2.2835866433864136,2.2835866433864136,2.287947405156521,2.418747460701358,0,0,0,2.8,2.265016424305178,3.8324742961756324,3.830448443609161,6.851807117462158,89.96981989620586,90.05060737858213,120.03258725901179,3.830448443609161,6.851807117462158,1.7887741391987473,87.08066918124844,17.41613383624969,87.08066918124844,2.5302876803604697,0.0009065003559383146,0.16148256207538986,0.39942525441823157,0.1274416693613194,False,False,False,True,0.022420830879892342,0.16148256207538986,17,False
C0,83180,12,Co6Ge2Mn2N2,Co;Ge;Mn;N,4,1.7694989900925904,1.7694989900925904,1.8473794617117796,1.919584092630725,0,0,10,9.0,1.8128588559031495,5.6580421448033125,5.104637112337626,5.555552005767822,91.36905920618561,67.3729860364286,74.90985282167807,5.104637112337626,5.6580421448033125,1.1084122182021787,141.60708740193223,11.800590616827686,141.60708740193223,1.683303830593284,-0.007341713162458963,0.3037832558934512,0.6530255745693978,0.2142329500748703,False,False,True,True,0.13023085062240414,0.3037832558934512,92,False
C0,83181,14,CoFe6O7,Co;Fe;O,3,1.9822219426987102,1.9822219426987102,2.0454427568376343,2.041304449501547,0,0,1,7.428571428571429,1.9508796767777616,5.352997422825296,5.413081429411587,6.140392780303955,90.69516548875065,90.86091368665909,111.03822861601407,5.352997422825296,6.140392780303955,1.1470942904103014,166.0169810351679,11.858355788226278,166.0169810351679,1.4571615696165934,0.032169223695826234,0.21735774860928123,0.39157204736117734,1.3378470241782905,False,False,True,True,0.06939342034410995,0.21735774860928123,53,False
C0,83182,12,Eu2Li2Mn2O6,Eu;Li;Mn;O,4,1.9356053237589883,1.9356053237589883,2.1397088088246967,2.0931624217117593,0,0,2,4.166666666666667,1.994575765882956,3.3822191002900763,6.534174462477339,6.987337112426758,103.95299354954241,104.02396452810413,90.11362261199703,3.3822191002900763,6.987337112426758,2.0659031556611716,145.0974934100589,12.091457784171574,145.0974934100589,2.34448965163051,0.02006883211324268,0.15438697847397892,0.30118448804332854,0.08499578604329905,True,True,True,True,0.020241107057020494,0.15438697847397892,39,False
C0,83183,16,AlFe11Ga2Mn2,Al;Fe;Ga;Mn,4,2.4170766377171784,2.4170766377171784,2.4743140474873746,2.465809870073688,0,0,0,11.0,2.4264739262436423,5.739298762302454,5.882589491533034,5.745502471923828,89.85534594078884,90.54618543451043,90.01515186353843,5.739298762302454,5.882589491533034,1.0249665917675796,193.9698641439393,12.123116508996207,193.9698641439393,1.0294566291620486,0.007852644241916529,0.052612375259993543,0.14439873422431374,0.087556167437576,True,True,True,True,0.013897656803497981,0.052612375259993543,37,False
C0,83184,10,H2Al2Fe6,Al;Fe;H,3,1.7216672264376287,1.7216672264376287,1.8229984242966135,1.9174910109092138,0,0,11,8.2,1.7107856663327747,5.213014582388627,5.053380193276746,5.216733932495117,104.76665836280608,120.42745340612149,104.79972479967704,5.053380193276746,5.216733932495117,1.0323256380819523,101.67207281318925,10.167207281318925,101.67207281318925,2.234560026415969,0.0015350249503343896,0.06376855041503077,0.11576925524473498,0.09138352752148471,True,True,True,True,0.014293828785147589,0.06376855041503077,16,False
C0,83185,2,Fe2,Fe,1,2.388000069291024,2.388000069291024,2.388000069291024,2.388000069291024,0,0,0,1.0,2.4543289319974777,2.463952216898907,2.4587822127474723,3.852834939956665,89.87366450599055,90.05428885289525,119.91512064130531,2.4587822127474723,3.852834939956665,1.566968770142298,20.231735301987356,10.115867650993678,20.231735301987356,2.210879842819593,0.04738019103447888,0.01835894440356675,0.018358951107310024,0.13979240445800833,False,False,False,True,0.001971708809802655,0.01835894440356675,24,False
C0,83186,18,Fe5LiNi2O9Zn,Fe;Li;Ni;O;Zn,5,1.9002302095707144,1.9002302095707144,2.0167557570365533,2.017535706059282,0,0,3,6.777777777777778,1.9576180540052637,3.137289769122442,8.065189472929763,8.039535522460938,105.48246370529161,90.18692429967888,90.24527460063375,3.137289769122442,8.065189472929763,2.570750573411568,196.037432900778,10.890968494487666,196.037432900778,2.8890936186807736,0.003063878307814643,0.2354539054311717,0.6535906533856877,0.16355665226707483,False,False,True,True,0.048951590046416256,0.2354539054311717,63,False
C0,83187,15,As7Eu8,As;Eu,2,2.9571405298486364,2.9571405298486364,2.961080597420624,2.967318426346812,0,0,0,3.066666666666667,2.982418598395761,7.795738015164761,8.918271070214045,8.969449996948242,120.14276879999959,125.25575187225817,72.7749619719984,7.795738015164761,8.969449996948242,1.1505581613312688,440.3432209633089,29.35621473088726,440.3432209633089,2.3212298865364587,0.0393766512459374,0.13700892671219422,0.23901993765586355,0.1337704690494803,False,False,True,True,0.05469599891131965,0.13700892671219422,70,False
C0,83188,4,HEuSbZn,Eu;H;Sb;Zn,4,1.7001077767578494,1.7001077767578494,2.1416491199083083,2.162645927365759,0,0,1,1.5,1.702938557118983,4.463429838994256,4.458448163565694,4.795740604400635,89.94389249934018,90.06385793828963,120.04000241197936,4.458448163565694,4.795740604400635,1.0756524307249515,82.61582193424904,20.65395548356226,82.61582193424904,1.733454430303647,0.015026570194949528,0.11858681216007785,0.19292722692578176,-0.0717569410461758,True,True,True,True,0.04923425797996023,0.11858681216007785,18,False
C0,83189,12,Fe9Tm3,Fe;Tm,2,2.4386604540275125,2.4386604540275125,2.4409160279760087,2.559516193450213,0,0,0,6.833333333333333,2.448790270307585,5.043100552148316,5.041561696256845,8.495240211486816,72.76927870874543,72.7894556062431,59.97131609981878,5.041561696256845,8.495240211486816,1.6850414064741464,175.738076318473,14.644839693206082,175.738076318473,2.507745659816437,0.01069589223418777,0.04383662779900313,0.06138183747363222,0.002175864353841206,True,False,False,True,0.0014610590325481194,0.04383662779900313,20,False
C0,83190,5,Au2Eu2Sn,Au;Eu;Sn,3,2.873273177337671,2.873273177337671,2.9722130936348514,3.0248077240010183,0,0,0,1.2,2.8511449661653905,3.746497280260344,4.737739157040955,7.934502124786377,107.2246658593705,89.96160317874447,89.9537962707792,3.746497280260344,7.934502124786377,2.11784542500322,134.52033262722088,26.904066525444176,134.52033262722088,2.165376706585324,-0.010915391163942006,0.03879892089625732,0.08211621058032878,0.04220882677343418,True,True,True,True,0.0033824396394240243,0.03879892089625732,12,False
C0,83191,9,Eu6In2Zn,Eu;In;Zn,3,3.1891497297241567,3.1891497297241567,3.552689621424888,3.3947394824721777,0,0,0,0.0,3.1402746292514228,4.176673414262345,9.425257082544741,9.42985725402832,119.97956680788687,89.99825397605294,89.98009250157195,4.176673414262345,9.42985725402832,2.2577435003243496,321.55022547103357,35.72780283011484,321.55022547103357,2.7642012947984953,-0.04562638969306575,0.026761906131226223,0.06417103110620945,0.034944074802519154,True,True,True,True,0.002145658795118346,0.026761906131226223,11,False
C0,83192,4,Eu3Ga,Eu;Ga,2,3.1482462396510087,3.1482462396510087,3.149520436973157,3.2208776582469025,0,0,0,0.0,3.1453827284379803,3.850495297639714,5.698953601079287,6.984408855438232,114.11196475552313,105.99766366250095,90.00554810483773,3.850495297639714,6.984408855438232,1.813898814451105,133.36069636199622,33.340174090499055,133.36069636199622,2.190027374108931,0.018985278190659607,0.013814844903910975,0.022987074371953034,0.07481389382812509,True,False,False,True,0.0033690533072766793,0.013814844903910975,15,False
C0,83193,6,H2Fe3Zn,Fe;H;Zn,3,1.8111232187661572,1.8111232187661572,1.835496156785129,1.8633110569938272,0,0,6,4.333333333333333,1.83854739306465,2.5937629177662602,3.8888352521494394,5.191337585449219,89.97753801184574,90.01045269425072,89.9744097880626,2.5937629177662602,5.191337585449219,2.001469583010301,52.36354124468278,8.727256874113797,52.36354124468278,2.0014701948716698,0.013512690737102703,0.05912545686266993,0.1708017232776145,0.103711851858594,False,False,True,True,0.011731127298619706,0.05912545686266993,14,False
C0,83194,12,As5Eu6Li,As;Eu;Li,3,2.650792394185319,2.650792394185319,2.902680948980737,2.8842036246986695,0,0,0,0.6666666666666666,2.666481251345866,4.591852563111751,4.589209363718815,17.993297576904297,83.06070099552596,83.05835798192348,60.74893223362104,4.589209363718815,17.993297576904297,3.920783767059088,327.5617720358744,27.296814336322868,327.5617720358744,5.487051042266756,0.02474187301336279,0.1790795452950925,0.3696559189603333,0.12196530751464607,False,False,True,True,0.042364736402128254,0.1790795452950925,54,False
C0,83195,4,CoFeIrRh,Co;Fe;Ir;Rh,4,2.62134449253764,2.62134449253764,2.6214906441275323,2.6214906441275323,0,0,0,3.0,2.62547182049145,3.7124120627996002,3.7071037806420217,4.611936092376709,113.76754348746161,113.7062361332405,90.02495237547014,3.7071037806420217,4.611936092376709,1.244080653058486,52.17695616123303,13.044239040308257,52.17695616123303,1.9878363583563172,0.005241991902349811,0.0036984957306309086,0.004769828297370881,0.07232146738240441,True,False,False,True,0.0014302384548383219,0.0036984957306309086,3,False
C0,83196,18,B6Co11Gd,B;Co;Gd,3,1.891736110005481,1.891736110005481,1.955672987612024,2.0147302549301487,0,0,15,10.333333333333334,1.8576703413136404,4.952738182139384,5.615617792577825,6.5929975509643555,100.14255373253808,89.95109151910822,90.22013949301376,4.952738182139384,6.5929975509643555,1.3311823295525882,180.50205806200145,10.027892114555636,180.50205806200145,1.3745071720472182,0.00034195531839436373,0.44887358614478473,0.807784036837106,0.5109347374269406,False,False,True,True,0.054411323817557644,0.44887358614478473,82,False
C0,83197,12,F4Fe4O4,F;Fe;O,3,1.8918257393358184,1.8918257393358184,1.9194951914260467,1.9578980427043629,0,0,12,6.833333333333333,1.8951025620137523,5.650637589872382,5.662227278926139,5.592613220214844,119.95970575389283,89.92220664806298,90.26385269590618,5.592613220214844,5.662227278926139,1.0124475010107388,155.0249146718903,12.918742889324191,155.0249146718903,1.730949454359996,0.0021315269220089747,0.07322303435105962,0.11837185123965789,0.10826467870044887,False,False,True,True,0.005508619470607444,0.07322303435105962,27,False
C0,83198,20,BaEu4Fe4O11,Ba;Eu;Fe;O,4,1.8990910299029327,1.8990910299029327,1.970107779235029,2.066923197842894,0,0,10,6.1,1.8979181965409209,5.79890512652148,6.424995331874157,10.542800903320312,101.15700763919696,97.88292155471922,119.48634782907448,5.79890512652148,10.542800903320312,1.818067492620714,322.80349762291945,16.140174881145974,322.80349762291945,2.6347407561215386,0.0011110390657225388,0.25989906875834334,0.711450386655536,0.08395684398439762,True,True,True,True,0.24908446520550206,0.25989906875834334,547,True
C0,83199,8,Eu3O4Sr,Eu;O;Sr,3,2.5576450545829776,2.5576450545829776,2.5577774557929773,2.5579741624169996,0,0,0,3.0,2.557381397046468,5.122291045557219,5.118109317399076,5.118670463562012,90.01081469400374,90.03417393883466,90.0204794111126,5.118109317399076,5.122291045557219,1.0008170454945007,134.19331053940297,16.77416381742537,134.19331053940297,1.0011046275789894,-0.0010086879535720736,0.00637667137081366,0.010556858570450776,0.017238101943359396,True,False,False,True,0.0015602439830921398,0.00637667137081366,2,False
C0,83200,4,GdRh2Y,Gd;Rh;Y,3,2.975981461281073,2.975981461281073,2.976142581918361,2.9764824257701847,0,0,0,2.0,2.990226727151568,3.4390051467875913,4.865922938829758,4.865653991699219,90.003847900967,90.02179080860516,90.02322514902397,3.4390051467875913,4.865922938829758,1.4149216797116646,81.42152015002232,20.35538003750558,81.42152015002232,1.4149445754231813,0.013870094752634248,0.007081264011235154,0.0095496233713901,0.015266130061034389,True,False,False,True,0.0014356765576194323,0.007081264011235154,4,False
C0,83201,5,Eu4Na,Eu;Na,2,3.9245520088682424,3.9245520088682424,3.9260515512358496,3.9281893420766187,0,0,0,0.0,3.939136346603856,3.9015463310011302,3.9022029206149047,16.311779022216797,83.14262900252525,83.15566826907182,59.96351589349453,3.9015463310011302,16.311779022216797,4.18084975503321,212.94186030386393,42.588372060772784,212.94186030386393,5.920635516755824,0.013226770824692305,0.012350614467735128,0.020307251949473616,0.06521129012910798,True,True,True,True,0.0009304684881346092,0.012350614467735128,3,False
C0,83202,12,Co5Fe2Ir2Ni2Rh,Co;Fe;Ir;Ni;Rh,5,2.4486549129311355,2.4486549129311355,2.4687104041784,2.4903253456862866,0,0,0,7.0,2.4968019288535825,3.6489475274613277,5.1402626698821505,7.7006306648254395,90.72379760817884,90.00949646737266,90.00896371358044,3.6489475274613277,7.7006306648254395,2.1103703484009753,144.42572597107986,12.035477164256655,144.42572597107986,2.1105057340365496,0.021103190293637275,0.06565294627083947,0.12092845881631792,0.08114186450683558,True,True,True,True,0.030842603587610713,0.06565294627083947,30,False
C0,83203,16,B3Fe3Ni10,B;Fe;Ni,3,1.7636637003252729,1.7636637003252729,2.0238257769122905,2.0908929571151473,0,0,6,6.375,1.794428349509932,2.630417323506944,7.661524895570567,8.359158515930176,102.77522829596346,99.06418274684374,90.03569055058207,2.630417323506944,8.359158515930176,3.17788300785121,162.1303070655919,10.133144191599493,162.1303070655919,3.4431513900601116,0.006343345067208486,0.2184652866587309,0.4951677038523184,0.17028400636881358,False,False,True,True,0.03724809421213184,0.2184652866587309,83,False
C0,83204,8,Fe6Pt2,Fe;Pt,2,2.5339549876165735,2.5339549876165735,2.539834010693442,2.565477709827159,0,0,0,6.0,2.566558740975824,4.298532578757969,5.305152602554668,5.306061267852783,119.94329991886536,90.0552723897769,90.00834899981774,4.298532578757969,5.306061267852783,1.2343889852257284,104.85002283910475,13.106252854888094,104.85002283910475,1.7300779903040144,0.0009251045495161744,0.1254329721405138,0.17538139850599094,0.05331913528442378,True,False,False,True,0.014874957415712244,0.1254329721405138,11,False
C0,83205,12,Cd2Eu6Sb4,Cd;Eu;Sb,3,3.0836848900168445,3.0836848900168445,3.095442650213782,3.241006706090847,0,0,0,0.0,3.109829621418767,5.350357581962471,5.348677868518122,15.326533317565918,89.95480714551168,89.9922092589248,119.92077502014249,5.348677868518122,15.326533317565918,2.8654807214651368,380.14541295530137,31.67878441294178,380.14541295530137,4.046922591007366,-0.038450361354051825,0.1348360672181527,0.3776927176227335,0.17728832292258545,False,False,True,True,0.11316831467828227,0.1348360672181527,76,False
C0,83206,4,Eu3Ga,Eu;Ga,2,3.1702046731429308,3.1702046731429308,3.170506973755729,3.244478370034611,0,0,0,0.0,3.14231138020584,3.9098763588633014,5.728600871757882,7.043737888336182,114.07611147125523,106.07893614405435,89.98190927578395,3.9098763588633014,7.043737888336182,1.8015244580224967,137.26052713256678,34.315131783141695,137.26052713256678,2.177157227359769,-0.007718894485468199,0.0044802187892045,0.006951890889045943,0.07502084115478524,True,False,False,False,0.004610713229623369,0.0044802187892045,12,False
C0,83207,6,Fe2Rh4,Fe;Rh,2,2.54678679588247,2.54678679588247,2.5471680140983883,2.5858439215792406,0,0,0,4.0,2.6039145122205554,2.7046008717281516,3.7490336709680046,8.013435363769531,90.07345435336462,90.0770402081886,89.96958084014638,2.7046008717281516,8.013435363769531,2.9628901800394702,81.253196023719,13.5421993372865,81.253196023719,2.9628950938310967,0.02963795530332229,0.08648153418706128,0.1379041017364509,0.05793922203938706,True,False,False,True,0.03838786191614817,0.08648153418706128,34,False
C0,83208,4,CoFeNi2,Co;Fe;Ni,3,2.4588858084875373,2.4588858084875373,2.4806448226919047,2.4806448226919042,0,0,0,2.0,2.4635646362103496,2.491536354562373,2.491091229002726,7.107899188995361,89.9572660086402,90.0426706969912,90.06562696623571,2.491091229002726,7.107899188995361,2.853327532224065,44.1161489936089,11.029037248402226,44.1161489936089,2.8547280133217257,0.002456194527699087,0.04621654035192855,0.09200446019989683,0.07526259024902426,True,False,False,True,0.0050366386962823265,0.04621654035192855,5,False
C0,83209,16,H4Au2Fe6Ni4,Au;Fe;H;Ni,4,1.6193724349227747,1.6193724349227747,1.7938850992132427,1.838091827419276,0,0,21,11.75,1.5929923477511632,5.884942940694475,5.337669445740674,5.877010345458984,65.06009752071441,73.27321672366735,77.62810570418667,5.337669445740674,5.884942940694475,1.1025304209106677,159.39068413187226,9.961917758242016,159.39068413187226,1.7211622799616688,0.013194951758789366,0.09233750856056816,0.21043100992027028,0.1503980942773433,False,False,True,True,0.04435261527078915,0.09233750856056816,31,False
C0,83210,10,CAlEu5O3,Al;C;Eu;O,4,2.295613047176667,2.295613047176667,2.5055450424101067,2.5020294462147072,0,0,0,2.2,2.374003952148724,3.593790929542815,4.591645813921751,13.713109016418457,99.5227951843033,97.46585657806226,89.99156718416434,3.593790929542815,13.713109016418457,3.815778181109432,221.22280201379718,22.122280201379716,221.22280201379718,3.8625745521153743,-0.006435030323844501,0.30935468864382637,0.6933007954998739,0.4761074161191381,False,False,True,True,0.05563762125063801,0.30935468864382637,36,False
C0,83211,12,Co9Eu3,Co;Eu,2,2.415029944451464,2.415029944451464,2.4193772121202892,2.5583016269459367,0,0,0,5.833333333333333,2.4433810683466044,5.0507532373502935,5.062488317784452,8.631081581115723,73.05939811970845,72.91319237395423,60.0611605508069,5.0507532373502935,8.631081581115723,1.708870177479454,179.98816969232428,14.999014141027024,179.98816969232428,2.5297891391566645,0.03434587405938985,0.06235501418810191,0.10698683186374153,0.09416492596516957,True,True,True,True,0.00270374001010591,0.06235501418810191,36,False
C0,83212,9,BCo6Eu2,B;Co;Eu,3,2.0636221423215195,2.0636221423215195,2.0642892663582075,2.2247575848791814,0,0,0,6.666666666666667,2.0688593934241815,5.577959649469093,5.572974693811009,5.573057174682617,60.08861941821855,60.046129186609036,60.05773225628757,5.572974693811009,5.577959649469093,1.0008944874025032,122.67945975430008,13.631051083811121,122.67945975430008,1.9973381010501834,-0.0016447723885312877,0.05232508228055074,0.07597409773103331,0.3153785909027782,False,False,True,True,0.004671418635966753,0.05232508228055074,10,False
C0,83213,10,Gd2MnO3Sb2Ti2,Gd;Mn;O;Sb;Ti,5,2.18657494732964,2.18657494732964,2.194079616011078,2.4005865196251994,0,0,0,2.8,2.1333048625155495,3.5718773477028387,4.39448939963906,11.388077735900879,100.98715403233751,98.98313601947572,90.0092710010177,3.5718773477028387,11.388077735900879,3.1882611375849255,173.24238508169526,17.324238508169525,173.24238508169526,3.2522286285040507,-0.010996982826130574,0.33198699102043255,0.7034995655501343,0.45057936245156505,False,False,True,True,0.11413783783537403,0.33198699102043255,57,False
C0,83214,14,F3Fe3O8,F;Fe;O,3,1.1865202538924258,1.1865202538924258,1.9137956165565464,1.633192993177077,0,3,10,4.571428571428571,1.2394248511279498,3.774982623389315,6.444377464676577,9.118276596069336,76.70842683845189,88.75869066854906,104.29681976148126,3.774982623389315,9.118276596069336,2.4154486273853677,208.47119582183748,14.89079970155982,208.47119582183748,2.6099203118288306,-0.050159920360941856,1.3415851025217536,4.243140910048079,0.2899527533031101,False,False,True,True,0.26474836874891944,1.3415851025217536,449,True
C0,83215,18,C6Cr2Fe3Mn7,C;Cr;Fe;Mn,4,1.8701689776859394,1.8701689776859394,1.9001809320340781,1.9154319799907513,0,0,23,11.222222222222221,1.8942968428343818,4.888421819693411,6.944430850617032,6.063791275024414,112.89140028397588,114.09122761514529,89.56800734977826,4.888421819693411,6.944430850617032,1.4205874833961378,170.2970380877279,9.460946560429328,170.2970380877279,2.081416850431556,0.003519644638218779,0.41887845552934144,0.8417387255585032,0.1354082068516007,False,False,True,True,0.04583316874994225,0.41887845552934144,76,False
C0,83216,10,Eu2Ge4MnPd3,Eu;Ge;Mn;Pd,4,2.5548525102804724,2.5548525102804724,2.5561233065381526,2.705507532205707,0,0,0,2.0,2.5240429892311624,4.321021447655541,4.319078350438408,10.593889236450195,90.02409258330964,90.02363496079074,89.99765974980534,4.319078350438408,10.593889236450195,2.4528124699045715,197.7119213684171,19.771192136841712,197.7119213684171,2.452815062625594,-0.011921068198330716,0.03710249591838043,0.13730111588303462,-0.0049300526237017195,True,True,True,True,0.00566716771063449,0.03710249591838043,41,False
C0,83217,4,HFe3,Fe;H,2,1.8710754679523494,1.8710754679523494,1.8762996694081386,2.029333287019007,0,0,2,2.5,1.8883288585006455,2.5673298569356255,2.5676945207727053,6.50053596496582,78.56801351104212,78.54281085944875,59.78198858733687,2.5673298569356255,6.50053596496582,2.532022111379519,36.04655975790057,9.011639939475142,36.04655975790057,3.620543807557318,0.05160751304808068,0.06451194676877975,0.11896152268618874,0.10289358532104576,False,False,True,True,0.019774777945960016,0.06451194676877975,24,False
C0,83218,5,C3Eu2,C;Eu,2,1.3647706540648754,1.3647706540648754,1.365016473800332,1.8404000806649043,0,2,2,2.8,1.346668211895026,3.839389997347958,3.838247857095491,6.18921422958374,108.11877875002914,108.197599800802,90.0224392950008,3.838247857095491,6.18921422958374,1.6125103067906852,81.86770177043897,16.373540354087794,81.86770177043897,1.983185802607903,0.005426102239502732,0.45098235792283703,0.9726619179360597,-0.028577757595702025,True,True,True,True,0.015753014993835343,0.45098235792283703,26,False
C0,83219,12,CuEu3NdO7,Cu;Eu;Nd;O,4,1.8580588988398612,1.8580588988398612,2.18585409457881,2.1493610170544133,0,0,3,5.0,1.855201164736985,3.9789684109468677,6.069742055152626,8.355088233947754,84.10824061325583,89.183849560841,80.11227968558859,3.9789684109468677,8.355088233947754,2.0998126577133367,197.73777501255478,16.4781479177129,197.73777501255478,2.1672114682536585,-0.008781052207548405,0.2839838124082749,0.6500402841632515,0.132462324048765,False,False,True,True,0.0814308695171975,0.2839838124082749,97,False
C0,83220,5,AlEu3O,Al;Eu;O,3,2.491801020583421,2.491801020583421,2.4925381914724425,2.6977046233670157,0,0,0,1.2,2.502733401520832,4.988207972094533,4.987920017568318,4.9877777099609375,90.22188803859746,90.1260741417233,90.13071184630249,4.9877777099609375,4.988207972094533,1.0000862632937182,124.0982554461893,24.81965108923786,124.0982554461893,1.0047610282306523,0.012877791930978207,0.005852073436756001,0.00933521777419788,0.0493521339121088,True,True,True,True,0.0010457901986943067,0.005852073436756001,4,False
C0,83221,4,FeNi2Pd,Fe;Ni;Pd,3,2.4630482048648252,2.4630482048648252,2.4639805805086232,2.502688377935793,0,0,0,3.0,2.451098360452284,3.0050918753008733,3.0072549541338027,5.572052478790283,89.95169257668975,89.90084864421776,89.93907038455364,3.0050918753008733,5.572052478790283,1.8542037015864625,50.35494800181134,12.588737000452834,50.35494800181134,1.8547306832019448,-0.014151702765917578,0.03805424667669976,0.07320495143533667,0.10065022423992609,False,False,True,True,0.002926938741086633,0.03805424667669976,6,False
C0,83222,8,Eu6Ge2,Eu;Ge,2,3.04450922750706,3.04450922750706,3.098468473927041,3.0965986888098525,0,0,0,0.0,3.0607455760417777,6.37182217803577,6.422865259565899,6.391308307647705,90.1005087345877,99.83440266173085,90.14387361536139,6.37182217803577,6.422865259565899,1.008010751101322,257.7215336843252,32.21519171054065,257.7215336843252,1.1883312992001291,0.008103643113161548,0.08188439949106402,0.11325990190956815,0.1007444518530285,False,False,True,True,0.013765274031170832,0.08188439949106402,22,False
C0,83223,16,Fe3Li3Mn2O8,Fe;Li;Mn;O,4,1.9450971768117147,1.9450971768117147,2.01109256605133,2.0174467192688033,0,0,6,7.75,1.944658572144679,3.042081548133419,6.613199996680497,8.009340286254883,87.37710085972309,82.2311751451571,76.91263648534218,3.042081548133419,8.009340286254883,2.632848646404403,155.48613563851396,9.717883477407122,155.48613563851396,2.7580657056219047,0.018265582487971246,0.20746687229231622,0.35271479979036474,0.056048680842285314,True,True,True,True,0.09162098064884361,0.20746687229231622,173,False
C0,83224,16,Fe4Mg3O9,Fe;Mg;O,3,1.9080646994284627,1.9080646994284627,2.00044486928207,1.9930822116345328,0,0,4,4.0,1.8987341223716252,3.0102720156565828,4.019025673140898,14.573419570922852,82.10402370642045,95.90122479044865,89.99115060791715,3.0102720156565828,14.573419570922852,4.841230126422373,173.6991244622519,10.856195278890743,173.6991244622519,4.8743673950452635,0.07357549443247034,0.4075862213860945,1.160491339506494,0.24712707507568332,False,False,True,True,0.2217694036335515,0.4075862213860945,134,True
C0,83225,4,Fe2Pt2,Fe;Pt,2,2.6927557516456075,2.6927557516456075,2.6931474205174264,2.6931474205174264,0,0,0,2.0,2.7016284960286723,2.736239921138874,2.7353980624776613,7.503241539001465,89.99552190044962,89.99485937224718,90.01213975087992,2.7353980624776613,7.503241539001465,2.743016324360923,56.15955064685736,14.03988766171434,56.15955064685736,2.743106744666178,0.009814597973422547,0.008477047429504853,0.012116985432181555,0.02138506975463894,True,False,False,False,0.0005236812845300761,0.008477047429504853,4,False
C0,83226,10,Al2Gd2O6,Al;Gd;O,3,1.9127176735163691,1.9127176735163691,1.913656718620619,1.9895694108675666,0,0,12,7.2,1.911740140974865,5.275142121293618,5.275413826982266,5.276132106781006,60.872684171457934,60.84333861336964,60.83803819318349,5.275142121293618,5.276132106781006,1.0001876699176298,105.81540835361137,10.581540835361137,105.81540835361137,1.9625638561965542,-0.0015654170128098822,0.05143997664371429,0.08358946494929609,0.022029093339451578,True,False,False,True,0.003948550995694444,0.05143997664371429,24,False
C0,83227,11,Eu5O6,Eu;O,2,2.3348152800063855,2.3348152800063855,2.3452655407054643,2.369277722296125,0,0,0,5.454545454545454,2.339262204270843,6.177437984356147,6.177563553392514,6.1364569664001465,99.67484956976418,99.68432965575809,119.73871171866197,6.1364569664001465,6.177563553392514,1.0066987493300197,191.58888194771637,17.417171086156035,191.58888194771637,1.9157801790212632,0.009339622672436192,0.13444190100623488,0.23158543739570933,-0.06853978756569568,True,True,True,True,0.01730904917292165,0.13444190100623488,29,False
C0,83228,3,MnO2,Mn;O,2,1.9418367026481014,1.9418367026481014,1.9418367026481014,1.9428447390319097,0,0,2,2.0,1.9423032563884,2.9110431763570888,2.9155759731670607,7.183624744415283,78.17635034953587,77.79183935680071,59.99809120747163,2.9110431763570888,7.183624744415283,2.467714942450613,51.25118918826685,17.083729729422284,51.25118918826685,3.5194334687663194,-0.005673565098175983,0.21196592456130667,0.30703584338003453,0.018388518779296703,True,False,False,True,0.005536856341835978,0.21196592456130667,10,False
C0,83229,8,Eu4Si4,Eu;Si,2,2.353073930504091,2.353073930504091,2.7321076003337543,2.7420917232025985,0,0,0,0.5,2.335585471120892,5.0723581605135255,5.068152114272533,8.906953811645508,90.01455080898937,89.99386216456982,120.10060463690557,5.068152114272533,8.906953811645508,1.7574361642702951,198.09714085662276,24.762142607077845,198.09714085662276,2.4881448586050166,0.05353434979245133,0.026099854916565947,0.06595577120190924,0.21581746706787186,False,False,True,True,0.007244272379485461,0.026099854916565947,30,False
C0,83230,5,CaEu3Rh,Ca;Eu;Rh,3,2.8857865999568055,2.8857865999568055,2.8878158823909477,3.126081578616966,0,0,0,1.2,2.868665004874612,5.7769422830752095,5.773638745939692,5.776698589324951,89.99515307009193,90.00583548600088,90.0237579030953,5.773638745939692,5.7769422830752095,1.0005721759328707,192.67585824549062,38.535171649098125,192.67585824549062,1.0007355067367398,-0.01891734960854067,0.002268732925003048,0.0027693811420243333,0.08858833034960689,True,False,False,False,0.001321477934810097,0.002268732925003048,6,False
C0,83231,10,EuFe2O6W,Eu;Fe;O;W,4,1.9358581011377527,1.9358581011377527,1.975219502304411,2.0287079724846864,0,0,6,7.2,1.9496697793855935,5.697101500080454,5.485022312238188,5.482809066772461,119.41842668731104,117.50776240521185,91.54380226552257,5.482809066772461,5.697101500080454,1.0390844238233048,125.02053964158765,12.502053964158765,125.02053964158765,2.3086649694366783,0.016569596185807785,0.36576175623878704,0.5692483402304008,0.04020724458007585,True,True,True,True,0.05820935832864531,0.36576175623878704,57,False
C0,83232,4,HEu3,Eu;H,2,2.669778867859401,2.669778867859401,2.6925214593390585,3.0182837455261424,0,0,0,1.0,2.643228376862965,3.893421187574003,3.889451238171641,9.963563919067383,78.52008716014423,78.5833341824978,59.67938670183757,3.889451238171641,9.963563919067383,2.561688862758714,126.78696931056095,31.696742327640237,126.78696931056095,3.666302977540474,-0.030302970855608388,0.030289045219422737,0.03451998419504997,0.07462340784912058,True,True,True,True,0.002394008900336882,0.030289045219422737,8,False
C0,83233,10,Eu4O6,Eu;O,2,2.223566052811184,2.223566052811184,2.27449995133206,2.289228776926848,0,0,0,5.0,2.2297440372523214,3.793265335507902,7.005541040854125,6.762918949127197,86.62365569177027,73.7112844414797,74.3153269393309,3.793265335507902,7.005541040854125,1.8468365435122176,166.05204025953506,16.605204025953505,166.05204025953506,2.132339943144775,0.01908258582460768,0.14200492748520183,0.28621467818412477,0.1110651109192684,False,False,True,True,0.03233574736176576,0.14200492748520183,52,False
C0,83234,10,Eu2Na3O5,Eu;Na;O,3,2.1392813968360023,2.1392813968360023,2.338278996644556,2.2982349522918293,0,0,0,4.0,2.1335123708956654,3.5110095667064383,6.002441071742193,7.632941246032715,103.40277296013703,102.97470401969237,72.88214292107853,3.5110095667064383,7.632941246032715,2.174001836512489,147.4198715508191,14.74198715508191,147.4198715508191,2.458552341871076,-0.0019388902651578332,0.12089829907199554,0.2423444332497095,0.04123100705859173,True,True,True,True,0.035875736919956755,0.12089829907199554,30,False
C0,83235,8,FeMn2O4Zn,Fe;Mn;O;Zn,4,2.104495216559029,2.104495216559029,2.117274657943516,2.1366118134306262,0,0,0,4.0,2.114256808699248,3.1392768594086093,5.4277811093398745,5.432585716247559,109.381598282773,89.76211385078179,89.76516011999935,3.1392768594086093,5.432585716247559,1.730521377866294,87.31940910620129,10.914926138275161,87.31940910620129,1.9963478549192595,0.006554500302573801,0.06365638945419669,0.10271634265832336,0.0761476294649226,True,False,False,True,0.00444999170105395,0.06365638945419669,27,False
C0,83236,4,Al2EuLi,Al;Eu;Li,3,2.643876018944568,2.643876018944568,2.645233143949959,2.8066772685135772,0,0,0,1.5,2.631468197601661,4.495341992610975,4.4923464155243265,6.103249549865723,90.0137175236638,111.40283115553504,120.00367872781132,4.4923464155243265,6.103249549865723,1.3585883601439448,96.78988266342608,24.19747066585652,96.78988266342608,2.281235738542708,-0.01598867338658188,0.013611344273374598,0.017995899123214157,0.13368849063273114,False,False,True,True,0.0009888123397094899,0.013611344273374598,6,False
C0,83237,9,CaEu4O4,Ca;Eu;O,3,2.43015353183608,2.43015353183608,2.4312950296199247,2.433137833791379,0,0,0,4.444444444444445,2.424310201431545,5.159324562662869,6.246532823058853,6.240474224090576,79.99626164503266,65.55500656344464,65.57170650254511,5.159324562662869,6.246532823058853,1.2107268591442997,166.69794578029104,18.521993975587893,166.69794578029104,1.9515286729653625,0.0001746508773526104,0.08070966817595032,0.14658126329696472,0.1289164144184003,False,False,True,True,0.020796121927515673,0.08070966817595032,25,False
C0,83238,13,DyMn3O8Tl,Dy;Mn;O;Tl,4,1.77516981404189,1.77516981404189,1.9187849461187867,1.9389009597731905,0,0,8,4.769230769230769,1.861084113751516,3.2846631870136442,5.750171624308067,9.290037155151367,94.18981835638219,90.40486197881144,90.40194548525552,3.2846631870136442,9.290037155151367,2.828307386851953,174.9861429130845,13.460472531775732,174.9861429130845,2.8331793022079745,-0.00719332414038643,0.4648088387844081,1.2819693449106075,0.22232493666915776,False,False,True,True,0.3748452942137722,0.4648088387844081,351,True
C0,83239,8,Co2Fe5Ni,Co;Fe;Ni,3,2.4533683874936827,2.4533683874936827,2.4595804981846396,2.46098289077224,0,0,0,7.0,2.459820685101475,4.031596832620905,4.037732026213658,6.382608890533447,108.44903186955563,108.4043065261094,89.9832212566013,4.031596832620905,6.382608890533447,1.5831466179578702,92.94385021384882,11.617981276731102,92.94385021384882,1.9663449931925778,0.005383367524300823,0.059152620156658384,0.08033499508578998,0.05634216106079126,True,True,True,True,0.002796953301792561,0.059152620156658384,13,False
C0,83240,6,CoFe2Mn3,Co;Fe;Mn,3,2.4733919163638034,2.4733919163638034,2.477142661370317,2.4788265735220376,0,0,0,4.0,2.44242034498384,2.859833946941383,2.860962629749383,8.643159866333008,89.99900529686751,90.02295877008635,89.99095250387592,2.859833946941383,8.643159866333008,3.022259343266046,70.71727341878437,11.786212236464062,70.71727341878437,3.0223056332490756,-0.037746239067892116,0.06266530233062494,0.12056858434423164,0.12165793001234704,False,False,True,True,0.0021257096315396755,0.06266530233062494,6,False
C0,83241,10,Co4Eu2N4,Co;Eu;N,3,1.7305031820420094,1.7305031820420094,1.7994240347789354,1.9147273111214331,0,0,9,5.0,1.7521105796141174,3.717651079847526,5.8073053175019,6.79872465133667,85.82147689771634,74.15735033224871,71.350949977537,3.717651079847526,6.79872465133667,1.828768893399084,133.77504068155648,13.377504068155648,133.77504068155648,2.136070580825118,-0.010609354614477694,0.4325467188070742,1.0536183602496678,0.0796601375234367,True,True,True,True,0.04286570995059225,0.4325467188070742,46,True
C0,83242,6,Cl4EuSr,Cl;Eu;Sr,3,3.0317517340651388,3.0317517340651388,3.033056455803778,3.035363257274108,0,0,0,0.0,3.0203578543190783,4.967418024914422,4.967850692156302,7.022733688354492,89.95641223776207,89.9591648051188,89.98349393844093,4.967418024914422,7.022733688354492,1.4137593520681158,173.30264430323257,28.88377405053876,173.30264430323257,1.413911356748236,-0.011805784633204107,0.006142185570403604,0.009874507027092543,0.003119377600914852,True,False,False,True,0.0020877309801603156,0.006142185570403604,4,False
C0,83243,20,Mn8O12,Mn;O,2,1.932693596843846,1.932693596843846,1.938048839831921,1.942840486426641,0,0,28,6.7,1.932268164114261,5.96313463943689,5.360911561612999,9.898835182189941,81.6963097059328,72.33446363530915,61.494577639436955,5.360911561612999,9.898835182189941,1.846483581835393,264.96918853020577,13.248459426510289,264.96918853020577,2.5453106918899153,0.0106961300976007,0.2866724448796797,0.5920113884651063,0.18812514638281286,False,False,True,True,0.052244903486915274,0.2866724448796797,100,False
C0,83244,6,Eu2Fe2Mn2,Eu;Fe;Mn,3,2.2292422150294486,2.2292422150294486,2.233987662600956,2.487966019475984,0,0,0,2.3333333333333335,2.2948284307150675,3.8091518600578973,5.901676791612842,5.618156433105469,92.909239548418,70.49323444836979,71.43965269276708,3.8091518600578973,5.901676791612842,1.5493414304367323,111.10064540548154,18.516774234246924,111.10064540548154,1.9497874076237,0.07368317055102377,0.19041802645689265,0.27515897433764014,0.3236036233475339,False,False,True,True,0.060546846726951466,0.19041802645689265,23,False
C0,83245,14,Fe3Li5O6,Fe;Li;O,3,1.9144849546209386,1.9144849546209386,1.9822536639438644,1.981713379396954,0,0,6,7.714285714285714,1.8813871291026458,5.981497276959369,5.98461291508579,6.000640392303467,90.41356362820939,120.39387483632002,118.95345780509949,5.981497276959369,6.000640392303467,1.0032003885411496,152.81101155510993,10.915072253936424,152.81101155510993,2.393525749102396,-0.0026961898471586877,0.22101729132853443,0.6459108636511333,0.06712424385463134,True,True,True,True,0.09403502156445934,0.22101729132853443,72,False
C0,83246,9,Cl3Eu4Ge2,Cl;Eu;Ge,3,2.8674444024779486,2.8674444024779486,3.019061979459826,2.967777761758662,0,0,0,0.4444444444444444,2.870937465246956,4.2545282892303575,4.259942586143776,17.794187545776367,89.90564343896158,89.94917223445361,119.94815111660694,4.2545282892303575,17.794187545776367,4.182411382906876,279.4403966617762,31.04893296241958,279.4403966617762,5.906459537148535,-0.02485647944956673,0.04996063570072659,0.16069478137503815,0.1561225491145839,False,False,True,True,0.03831410816193966,0.04996063570072659,28,False
C0,83247,10,Eu3O6Si,Eu;O;Si,3,1.6759335098215926,1.6759335098215926,1.951548370876103,1.9479164339074404,0,0,4,6.2,1.6366313519157099,5.54036682496836,5.96409195935431,6.7207136154174805,118.76983235160675,113.98070104856652,97.37529565072495,5.54036682496836,6.7207136154174805,1.2130448809146968,162.6570244227929,16.265702442279288,162.6570244227929,2.3597068207450485,0.003582442531106164,0.31536592773075633,0.9988560384299119,0.05817766569725613,True,True,True,True,0.17571123426926671,0.31536592773075633,212,True
C0,83248,10,Mn4O6,Mn;O,2,1.9228390249158527,1.9228390249158527,1.9259350692793884,1.9803346959003743,0,0,12,7.8,1.9542758756439373,4.890151644962866,5.144989215649884,5.162849426269531,120.31797612526671,90.10824733813303,90.11024858542558,4.890151644962866,5.162849426269531,1.0557646881130076,112.13036137862173,11.213036137862172,112.13036137862173,1.7432530800258563,0.021595220188627973,0.23775347344219205,0.3852934894523594,0.1404093871054677,False,False,True,True,0.010506670261208995,0.23775347344219205,44,False
C0,83249,18,CoF12Fe5,Co;F;Fe,3,2.0255611747899196,2.0255611747899196,2.0468345935369796,2.0450292328727246,0,0,0,6.0,2.026853559232505,3.2737089828418715,6.819920964873471,10.764695167541504,108.59316921753019,89.9641918250967,89.90814329079944,3.2737089828418715,10.764695167541504,3.288226053067426,227.79276602053454,12.655153667807475,227.79276602053454,3.388299546806732,0.002591238451043889,0.08205544454692788,0.16018086916822527,0.03011009887478533,True,True,True,True,0.008063072600217061,0.08205544454692788,31,False
C0,83250,9,Eu3Zn6,Eu;Zn,2,2.742343830987498,2.742343830987498,2.9153203135771872,2.892039116931899,0,0,0,2.0,2.7574813169495718,4.229692093217289,7.444818325446642,7.4397478103637695,119.89308514678925,90.01312329815947,89.95918529421989,4.229692093217289,7.444818325446642,1.7601324544131975,203.10399518368897,22.56711057596544,203.10399518368897,2.1538188982661852,0.00959480132681421,0.025587530391176814,0.061772354595262924,0.07348138357096357,True,False,False,True,0.0023692839205947205,0.025587530391176814,9,False
C0,83251,15,Fe2Li2Mn4O7,Fe;Li;Mn;O,4,2.005451894895252,2.005451894895252,2.1084321154973846,2.0985555600207833,0,0,0,7.333333333333333,1.9519905591438342,5.356351067012457,6.182004047826882,6.190284729003906,60.9928035861225,74.0117030624239,73.8058201149015,5.356351067012457,6.190284729003906,1.155690628108247,169.73748807305972,11.315832538203981,169.73748807305972,1.7722448905537944,0.008598949861336242,0.37981025240260036,0.7803803853288173,0.1094608477747423,False,False,True,True,0.045897204606427475,0.37981025240260036,72,False
C0,83252,12,Fe9HoNi2,Fe;Ho;Ni,3,2.3283138388340703,2.3283138388340703,2.345293662105397,2.4769539306118675,0,0,0,7.5,2.322891447990761,4.785815044488765,4.784685763423718,7.829723358154297,90.01442786551206,89.98031789785088,120.05923861948409,4.784685763423718,7.829723358154297,1.6364132871605093,155.17680333765136,12.931400278137614,155.17680333765136,2.3160391333609063,-0.0062294751309008205,0.05882638951135027,0.21140167561056725,0.23863143950520893,False,False,True,True,0.005957968202557351,0.05882638951135027,27,False
C0,83253,16,H2Co4Fe8Ni2,Co;Fe;H;Ni,4,1.8000693943622452,1.8000693943622452,1.8578069279213958,2.059766087781788,0,0,10,8.375,1.7780039712754354,3.706946034642493,7.248450401941491,6.833209037780762,71.1783955538899,74.19545681003709,75.1684916013708,3.706946034642493,7.248450401941491,1.9553698203865406,164.34471242255105,10.271544526409441,164.34471242255105,2.3777547055353767,0.009363814595116449,0.09010103424251506,0.29878276868974946,0.10796575798705987,False,False,True,True,0.025181114854231648,0.09010103424251506,32,False
C0,83254,20,HEu2Fe6O11,Eu;Fe;H;O,4,1.0178727500397717,1.0178727500397717,1.9718801980190972,1.9141726242829944,0,1,8,5.0,1.0024016276588845,3.2087023556989465,5.377559741168245,14.499406814575195,89.32648443386795,96.3656908572375,90.01870355136123,3.2087023556989465,14.499406814575195,4.518775881104377,248.62726925415302,12.431363462707651,248.62726925415302,4.549739541302765,0.011796435284846267,0.437924141994504,1.1872835329791849,0.17609314873502413,False,False,True,True,0.0787114555987829,0.437924141994504,144,True
C0,83255,9,Eu6Si3,Eu;Si,2,3.0497886067984035,3.0497886067984035,3.0521264497945686,3.1560831334304265,0,0,0,0.0,3.045374466666762,4.731021938407862,8.097283486100523,8.094528198242188,119.93982789907042,89.99108227796224,89.98872586155527,4.731021938407862,8.097283486100523,1.71152947323375,268.70729647459586,29.856366274955096,268.70729647459586,2.0951951312833392,0.001204614671797938,0.06336934590810446,0.10590134597068397,0.015111744001735872,True,True,True,True,0.020043571596619656,0.06336934590810446,11,False
FT0,83000,4,As2Mn2,As;Mn,2,2.4688537775852586,2.4688537775852586,2.472107171771766,2.472107171771766,0,0,0,3.0,2.459129510630785,3.1592551885662616,4.534056607143303,4.689427852630615,89.37380393068057,70.06337066680159,68.98340123620132,3.1592551885662616,4.689427852630615,1.4843460159857422,58.46957071373697,14.617392678434243,58.46957071373697,1.962409318752855,0.00827173408316692,0.3106284023124085,0.34966943795536626,0.13431787076171897,False,False,True,True,0.04397681524522625,0.3106284023124085,26,False
FT0,83001,2,EuLu,Eu;Lu,2,3.70375670924588,3.70375670924588,3.70375670924588,3.70375670924588,0,0,0,0.0,3.665687747336819,3.6196676946824358,3.622140826137426,5.373291492462158,89.88660088399689,89.97296178573616,89.98144488086453,3.6196676946824358,5.373291492462158,1.484470936477381,70.44878582174331,35.22439291087166,70.44878582174331,1.4845276354837142,-0.023943403764918426,0.0034259660016823217,0.0034259701060137693,0.15500587660400456,False,False,True,True,0.000708918498292013,0.0034259660016823217,9,False
FT0,83002,8,C2Mn6,C;Mn,2,1.8651670266377534,1.8651670266377534,1.8697358979158514,1.877698099210408,0,0,10,6.5,1.8894884046331066,3.8142235678145,4.550234934949041,5.866739273071289,104.19930235132973,108.97528411397434,116.01377898827242,3.8142235678145,5.866739273071289,1.5381214993731618,76.99288484861202,9.624110606076503,76.99288484861202,2.4942528872346466,0.007659324379828308,0.18468435112992487,0.2956165047601851,0.1690501214797031,False,False,True,True,0.0020634562914534586,0.18468435112992487,21,False
FT0,83003,12,C3Mn9,C;Mn,2,1.9293008515611243,1.9293008515611243,1.9488514684545408,1.9804249441203738,0,0,7,9.5,1.8830421874700605,4.665925428166545,5.215864379138099,5.377490520477295,109.05511592317444,93.55647508648563,95.24954933614899,4.665925428166545,5.377490520477295,1.1525024570721345,122.59257843596431,10.216048202997026,122.59257843596431,1.4696184111480293,-0.05978404454436086,0.35030458156589067,0.5419363461809257,0.18998772320496293,False,False,True,True,0.4038488649591508,0.35030458156589067,389,True
FT0,83004,12,C4Mn8,C;Mn,2,1.9512390030855435,1.9512390030855435,1.9835435135876933,1.9854269992346565,0,0,6,9.0,1.9443714247084976,5.02283369037702,5.042353454034893,5.587754726409912,109.41773967541764,108.95384594873649,104.43917815261555,5.02283369037702,5.587754726409912,1.1124705835104982,115.66198507314597,9.638498756095498,115.66198507314597,1.923236623958813,-0.03702261565741152,0.22627485454564364,0.5349824053816056,0.09799664273890407,True,True,True,True,0.051493227876599025,0.22627485454564364,43,False
FT0,83005,15,Mn15,Mn,1,2.4153156754500564,2.4153156754500564,2.431066059967396,2.430829350274139,0,0,0,10.266666666666667,2.407563922805031,4.997892022735229,5.844621670298502,5.858792781829834,86.8901697095694,91.41545665660422,90.10936748588185,4.997892022735229,5.858792781829834,1.1722527728046943,170.83575735895516,11.389050490597011,170.83575735895516,1.2040412422007067,-0.012745857611468072,0.20780410036090816,0.3609943167469713,0.1955612311965691,False,False,True,True,0.02656864730075109,0.20780410036090816,65,False
FT0,83006,10,As3Mn7,As;Mn,2,2.256573568844009,2.256573568844009,2.401740812704353,2.3882294093366445,0,0,0,4.2,2.3694161508658365,3.9430269058637473,3.958688335221566,10.171465873718262,90.48109370385856,90.66518100161863,120.74132382362605,3.9430269058637473,10.171465873718262,2.5796085384535643,136.43087093699887,13.643087093699886,136.43087093699887,3.6831349468443606,0.018786959912528486,0.45701973643838045,0.6803825871461668,0.1926113473412574,False,False,True,True,0.2608084774865834,0.45701973643838045,90,False
FT0,83007,7,As3Eu2Fe2,As;Eu;Fe,3,2.1714578496774104,2.1714578496774104,2.2986239825651644,2.415828675032908,0,0,0,2.5714285714285716,2.2492922087419434,4.102081893961306,6.177092783332446,6.363761901855469,71.71950761990657,71.77072674366721,70.34158378640164,4.102081893961306,6.363761901855469,1.551349306610283,140.26064894116737,20.03723556302391,140.26064894116737,2.048690365781717,0.004702016041996992,0.28235506118351067,0.44326379455851994,0.08274395797433165,True,True,True,True,0.04138319488929241,0.28235506118351067,38,False
FT0,83008,11,B4Mg2Mn5,B;Mg;Mn,3,1.9679081553521869,1.9679081553521869,1.9818582005476946,2.140689451479874,0,0,3,8.545454545454545,1.964644223968788,5.463935219066398,5.466220639605581,5.525984287261963,114.15654344326798,106.63130818071726,107.63124781263419,5.463935219066398,5.525984287261963,1.0113561134434839,126.54952034963091,11.504501849966447,126.54952034963091,2.066381706492363,-0.0170567121531862,0.49456299757066985,1.0706269046037178,0.4467626661425985,False,False,True,True,0.2631677849981706,0.49456299757066985,169,True
FT0,83009,5,Al2EuPt2,Al;Eu;Pt,3,2.4875973297049523,2.4875973297049523,2.488143527117998,2.6231800294476537,0,0,0,2.4,2.536350705857595,4.138770474933174,4.128446653499515,6.382575035095215,108.9900591219021,109.57837887277337,91.55529767185527,4.128446653499515,6.382575035095215,1.5459991543514235,96.01776218495193,19.203552436990385,96.01776218495193,2.003520862608224,0.03158183430044705,0.11591112161463923,0.1670515565154791,-0.04500756695898822,True,True,True,True,0.0028523736714109174,0.11591112161463923,16,False
FT0,83010,8,C4MgMn3,C;Mg;Mn,3,1.953497320241239,1.953497320241239,1.9955014235762185,2.0153106293611946,0,0,4,6.25,2.0106165155696356,2.959672466518296,5.10068215581512,5.10381555557251,107.33732345496814,89.45525396322547,89.41794746522042,2.959672466518296,5.10381555557251,1.724452828247088,73.5382664955725,9.192283311946563,73.5382664955725,1.9645804665961437,0.0018840532204910667,0.25092715460104464,0.5168352053487572,0.46921745740909593,False,False,True,True,0.01734784181494695,0.25092715460104464,20,False
FT0,83011,12,C4Mn8,C;Mn,2,1.9838658856933238,1.9838658856933238,1.9915304281330823,1.9920973737752556,0,0,5,9.0,1.9592323933636253,4.570286768600478,4.974880937801649,5.072470188140869,89.10441437369924,89.92131872447126,89.56132677458362,4.570286768600478,5.072470188140869,1.1098800676995966,115.31333132355363,9.609444276962803,115.31333132355363,1.1131165390956193,-0.04781410308676672,0.26467819987388425,0.45690124803302007,0.07072600776982796,True,True,True,True,0.01845910986261888,0.26467819987388425,48,False
FT0,83012,5,Eu2LiOP,Eu;Li;O;P,4,2.02823531424086,2.02823531424086,2.453368808140172,2.429997553856535,0,0,0,1.2,1.9960394316737415,4.057776975733947,4.914327611042041,4.926083087921143,89.40005914994646,90.24231028744092,90.2079681129991,4.057776975733947,4.926083087921143,1.2139856668761697,98.22533693794583,19.645067387589165,98.22533693794583,1.2191276538643505,-0.011614847363785364,0.015166772182541654,0.027835883308443797,0.07923488623242214,True,True,True,True,0.0015044916640727332,0.015166772182541654,10,False
FT0,83013,6,Mn4P2,Mn;P,2,2.233341869648979,2.233341869648979,2.2753263792497624,2.2799958578614947,0,0,0,4.666666666666667,2.2712716508456237,3.738580347300878,3.7312078627249234,6.241856575012207,73.18051825592896,72.64626003657347,60.22072576905653,3.7312078627249234,6.241856575012207,1.6728782755227531,71.07656344280251,11.846093907133751,71.07656344280251,2.479762167769368,0.029836728224525506,0.3581361817947262,0.5230885085824636,0.17169712617513078,False,False,True,True,0.04590901917486619,0.3581361817947262,38,False
FT0,83014,9,H2Mn7,H;Mn,2,1.6728326169311643,1.6728326169311643,1.7264015848518552,1.8573714166609543,0,0,6,4.666666666666667,1.7568605135847397,2.4514308205584854,4.252715233367662,8.309130668640137,77.25522564567943,74.35821979719154,76.13341299249895,2.4514308205584854,8.309130668640137,3.3895024077192395,79.85029867269255,8.87225540807695,79.85029867269255,3.668495928581527,0.001944057785509236,0.2995613458774731,0.544095715077112,0.10874687445267472,False,False,True,True,1.0502516581664372,0.2995613458774731,78,True
FT0,83015,14,C5Mn9,C;Mn,2,1.8687482890228653,1.8687482890228653,1.9279895756354937,1.9204397554779227,0,0,12,6.857142857142857,1.8638111562045585,2.8284365957042286,6.978527259924198,7.405453205108643,112.13532776709663,90.20633570845014,89.3176051013266,2.8284365957042286,7.405453205108643,2.618214322483273,135.3882208374855,9.670587202677536,135.3882208374855,2.989482181691701,-0.013482239136710076,0.5024243750539605,0.9569949277172042,0.19638014501134293,False,False,True,True,0.09887771024770446,0.5024243750539605,78,False
FT0,83016,9,AlMn8,Al;Mn,2,2.4167896271439666,2.4167896271439666,2.482632443308543,2.467678636186162,0,0,0,8.0,2.3159183922831343,3.555542472094006,5.6561949514044425,5.73309850692749,84.99067350031892,72.52950358434144,71.15137116147774,3.555542472094006,5.73309850692749,1.6124398884064044,104.07540457045843,11.563933841162047,104.07540457045843,2.005589280744384,-0.019788472247680048,0.23547958865602311,0.3561428978235274,0.10183103127514315,False,False,True,True,0.05635914951320104,0.23547958865602311,40,False
FT0,83017,12,C6Mn6,C;Mn,2,1.9366372808689378,1.9366372808689378,1.9402643984561037,1.9423417032940018,0,0,24,7.0,1.9129301908138892,3.9048227499299046,5.847759827058194,5.878696441650391,119.97600370166475,90.08653416574214,90.8570682532782,3.9048227499299046,5.878696441650391,1.5054963613280319,116.26139440250442,9.688449533542036,116.26139440250442,1.841061070073658,-0.0383116265770147,0.13902329282685036,0.2160722021792484,0.29089767069024575,False,False,True,True,0.0015574971799276044,0.13902329282685036,29,False
FT0,83018,8,C2Mn6,C;Mn,2,1.8356440974468455,1.8356440974468455,1.8625086317253894,1.8708832947384764,0,0,8,6.0,1.8390156666387345,3.7751304038698072,3.847882054167147,5.836442947387695,90.361982050697,110.15682608682077,90.46560282272885,3.7751304038698072,5.836442947387695,1.5460241959866816,79.58265799470647,9.947832249338308,79.58265799470647,1.7719904172509997,0.005376758675548538,0.21875816847321994,0.4105960885457062,0.18292703645773045,False,False,True,True,0.03919124398403457,0.21875816847321994,27,False
FT0,83019,4,Mn2Pt2,Mn;Pt,2,2.6854680831844995,2.6854680831844995,2.6858067838927813,2.6858067838927813,0,0,0,3.0,2.7014991250734983,3.8068267283938044,3.823716708565854,4.925857067108154,113.13116806754385,112.75944793013608,89.51779226461554,3.8068267283938044,4.925857067108154,1.2939535782829015,59.92592552386262,14.981481380965654,59.92592552386262,1.9582238676366024,0.026204518506791025,0.03265389794915125,0.042060737452228526,0.08415766464355467,True,False,False,True,0.002166923318076655,0.03265389794915125,14,False
FT0,83020,5,CoEuFeGe2,Co;Eu;Fe;Ge,4,2.305447747838028,2.305447747838028,2.3103920143828023,2.483662934833608,0,0,0,2.4,2.3473454237603373,4.056435167327333,4.041412883622474,5.873030185699463,109.63393963217109,110.06061528254286,89.72590706080668,4.041412883622474,5.873030185699463,1.4532121203204658,84.51457320040785,16.90291464008157,84.51457320040785,1.9130155152153296,0.00776668084457936,0.23425450597603872,0.43382406270893775,0.04546780389583116,True,True,True,True,0.02421998550979593,0.23425450597603872,34,False
FT0,83021,16,C3Mn10N3,C;Mn;N,3,1.8794380738082834,1.8794380738082834,1.9078862278378357,1.9236464294486844,0,0,18,10.125,1.8430339675587628,5.6111708498350135,5.676493344988268,6.974958896636963,75.84918330439854,66.17714711537684,56.957912801681275,5.6111708498350135,6.974958896636963,1.243048747453849,170.2816123489842,10.642600771811512,170.2816123489842,2.2139402760290565,-0.06525628467172043,0.482541244571583,0.8272273933870622,0.19608270350267532,False,False,True,True,0.13712201997967519,0.482541244571583,106,False
FT0,83022,3,EuPPd,Eu;P;Pd,3,2.404960233778835,2.404960233778835,2.404960233778835,2.6694145192251426,0,0,0,0.6666666666666666,2.4081857337893373,4.235015877465391,4.1856894592241245,4.168889045715332,119.37895014876815,89.62225890312743,89.8730361195566,4.168889045715332,4.235015877465391,1.0158619793007018,64.39306061371464,21.46435353790488,64.39306061371464,1.7107429980991875,-0.02256851866868117,0.04778723529201564,0.06887528476759497,0.015967737805990367,True,False,False,True,0.0010295953610736876,0.04778723529201564,12,False
FT0,83023,12,C4Mn8,C;Mn,2,1.8729995970576407,1.8729995970576407,1.910116158163606,1.915233970424212,0,0,22,9.166666666666666,1.9023440253143649,5.177765477836052,4.841592357676599,5.492404460906982,90.73353065971106,105.12270302231725,117.72319834700114,4.841592357676599,5.492404460906982,1.1344210861119868,116.20127343541472,9.683439452951227,116.20127343541472,1.8426171126079665,0.030589414919047694,0.3373998627357821,0.590315798783738,0.10464566007288845,False,False,True,True,0.03742504546631027,0.3373998627357821,54,False
FT0,83024,8,C3Mn5,C;Mn,2,1.9012714727151137,1.9012714727151137,1.963084929959149,2.035708973669336,0,0,2,3.25,1.9098609914216225,2.859862853654082,2.8635460059514375,11.036275863647461,82.8257973634486,82.57502031112773,61.74245154056627,2.859862853654082,11.036275863647461,3.85902276731427,78.73141063905132,9.841426329881415,78.73141063905132,5.321063117178581,-0.021445167960033613,0.17778074296149066,0.32389958622012993,0.2423595823235818,False,False,True,True,0.02757973055685585,0.17778074296149066,36,False
FT0,83025,6,C2Mn4,C;Mn,2,1.8611338371169317,1.8611338371169317,1.8696030354958073,1.8882050599597988,0,0,8,5.0,1.9539513123692087,2.7201053714992254,4.692712025739287,4.68723726272583,111.37681862970713,90.92346446049883,90.99959383270708,2.7201053714992254,4.692712025739287,1.7251949409418765,55.69015611467739,9.281692685779566,55.69015611467739,2.0159533974811903,0.11965936041359164,0.13703231128048596,0.1805645296262566,0.2103801673157264,False,False,True,True,0.0014256100183523083,0.13703231128048596,33,False
FT0,83026,6,C3Mn3,C;Mn,2,1.4309886581901483,1.4309886581901483,1.9681207162575345,1.8100863142896966,0,1,4,5.0,1.4342177072718596,2.8461341128967024,3.8228499515423398,5.25141716003418,72.799536127154,70.60785871681419,74.14293068806441,2.8461341128967024,5.25141716003418,1.8451053083684306,50.50441738476757,8.417402897461262,50.50441738476757,2.1868284457425946,-0.011493340796135891,0.8137277579552854,1.348639357248888,0.3944495353142692,False,False,True,True,0.07126386005744624,0.8137277579552854,31,True
FT0,83027,4,Eu2PSe,Eu;P;Se,3,2.9344521465181317,2.9344521465181317,2.937495883812356,2.9604691324007546,0,0,0,1.0,2.9505494083676966,4.213622649512142,4.200020434785628,7.3787760734558105,73.53454749588131,73.54468260353629,60.3747718025114,4.200020434785628,7.3787760734558105,1.7568428982732862,107.24179443232218,26.810448608080545,107.24179443232218,2.5714521421509073,0.010146423818718737,0.05817093008538994,0.10729852556520524,0.03567358117187425,True,False,False,True,0.005852570203558815,0.05817093008538994,16,False
FT0,83028,10,H2Mn8,H;Mn,2,1.8247740092035032,1.8247740092035032,1.8328209537281952,1.9633402038633416,0,0,8,6.6,1.749900734951222,2.563447503028585,5.6509426419602455,6.701491832733154,85.12626616443761,78.72479439721836,77.0854463800679,2.563447503028585,6.701491832733154,2.61424968711693,92.70874144066045,9.270874144066045,92.70874144066045,2.7848183412795966,-0.033506422026058164,0.10327791799047978,0.18809876423127744,0.09052024941742864,True,True,True,True,0.16635716465240258,0.10327791799047978,56,False
FT0,83029,15,C4Mn11,C;Mn,2,1.9741143962374266,1.9741143962374266,1.9975692799446514,2.0194602451094297,0,0,6,10.0,1.9304549498289765,4.04991284840172,6.1136555361967835,6.2845048904418945,87.05830150756671,73.43681325521108,69.20506709207703,4.04991284840172,6.2845048904418945,1.5517629948313691,139.2142254677347,9.280948364515647,139.2142254677347,1.9513126943907524,0.005904053281360079,0.3649693602069499,0.6940801673166964,0.12879775906487723,False,False,True,True,0.30811699046967034,0.3649693602069499,239,True
FT0,83030,4,Mn2Pt2,Mn;Pt,2,2.669849880392921,2.669849880392921,2.670191711139219,2.670191711139219,0,0,0,2.0,2.7200481822566074,4.41360942369023,4.411859055711898,4.447587966918945,58.760369043198196,59.653707387446154,59.63755870663183,4.411859055711898,4.447587966918945,1.0080983800152885,60.32350638825618,15.080876597064044,60.32350638825618,2.0466542652486917,0.007715587863246782,0.016144467698312077,0.024951132644553432,0.019510466920166003,True,False,False,False,0.00024379796224282497,0.016144467698312077,31,False
FT0,83031,6,As2Mn4,As;Mn,2,2.413109047535962,2.413109047535962,2.4400382175580497,2.4398374526200137,0,0,0,4.666666666666667,2.399069317576218,3.48842254489334,4.5960867972416795,5.537607669830322,100.02780003077682,90.34848554761001,112.64584774963281,3.48842254489334,5.537607669830322,1.5874245733037013,80.42647145497028,13.404411909161714,80.42647145497028,1.9259587355102052,-0.0008424190122134945,0.16783178581605931,0.24560216367652749,0.1414872290929745,False,False,True,True,0.08005834610414964,0.16783178581605931,43,False
FT0,83032,6,Mn6,Mn,1,2.459679589797092,2.459679589797092,2.4660856562685507,2.466336767701421,0,0,0,5.0,2.4684607349634993,3.5133267005080637,3.527795585760352,5.604709625244141,108.89649964837803,90.71868184025993,90.27614023449709,3.5133267005080637,5.604709625244141,1.5952714059963855,65.7144933509093,10.952415558484882,65.7144933509093,1.7847991459271795,-0.014137891002184055,0.030815258383109112,0.04106928982611216,0.08561008475288467,True,False,False,True,0.0,0.030815258383109112,16,False
FT0,83033,8,Mn5Si3,Mn;Si,2,2.3931096402934027,2.3931096402934027,2.407963662175078,2.4123064974578696,0,0,0,7.0,2.388994184808191,4.00466580550949,4.885326843657306,4.8845109939575195,108.87838527011243,90.20905411301182,90.44401262762227,4.00466580550949,4.885326843657306,1.2199087466764968,90.41596950514615,11.301996188143269,90.41596950514615,1.4083636857909092,-0.018821363456426377,0.10927405493068723,0.21797029930499476,0.06968973008056523,True,True,True,True,0.011782638870906453,0.10927405493068723,35,False
FT0,83034,12,C4Mn8,C;Mn,2,1.9168770402548703,1.9168770402548703,1.9333408981992894,1.9307768047298604,0,0,24,8.333333333333334,1.9474838241448928,5.50379849253235,4.429725496088165,4.860875606536865,89.17728575229587,89.4051681487925,90.15997920735411,4.429725496088165,5.50379849253235,1.2424694255643347,118.49057013464818,9.874214177887348,118.49057013464818,1.24348773600821,0.006357429530423316,0.24068460393506863,0.4130735040866032,0.05057232633265407,True,False,False,True,0.01641447828092116,0.24068460393506863,32,False
FT0,83035,8,C3FeMn4,C;Fe;Mn,3,1.534974658928963,1.534974658928963,1.9683746547044458,1.8778639296310338,0,0,4,6.25,1.49082803012776,2.7451013023866273,4.3936214710192125,6.331577777862549,102.65455398034231,102.51122850053294,89.96832410421884,2.7451013023866273,6.331577777862549,2.306500591565707,72.65216510731572,9.081520638414466,72.65216510731572,2.442087590074176,-0.009314250222396759,0.311840087125271,0.5595084662611196,0.24546619340183362,False,False,True,True,0.09055102989782429,0.311840087125271,36,False
FT0,83036,8,Co2FeMn5,Co;Fe;Mn,3,2.324154202915767,2.324154202915767,2.3429493267069352,2.396999144864875,0,0,0,5.0,2.3497492864141445,2.46651238854502,4.924718292363039,7.554166316986084,90.33049486751788,90.06055212754052,89.71005415153388,2.46651238854502,7.554166316986084,3.0626914148370603,91.75679188663203,11.469598985829004,91.75679188663203,3.0627834087746186,-0.022062224426138553,0.3355191382512125,0.6749523243241462,0.2136733413567491,False,False,True,True,0.055960677728677424,0.3355191382512125,33,False
FT0,83037,9,Mn7N2,Mn;N,2,1.8816156302176485,1.8816156302176485,1.9144514095797533,1.9127173830248738,0,0,12,7.555555555555555,1.8804819725770545,4.629580745465782,4.6184855070103294,4.657475471496582,99.79356469245138,99.36519549020299,100.19577315200183,4.6184855070103294,4.657475471496582,1.0084421536945543,94.65527455246527,10.517252728051696,94.65527455246527,1.3333558856397738,-0.0684460339397042,0.11463599228350432,0.3725076374085541,0.09236642757363533,True,True,True,True,0.03268128735030415,0.11463599228350432,41,False
FT0,83038,5,As2EuMn2,As;Eu;Mn,3,2.3750073009952377,2.3750073009952377,2.3764108472141405,2.5394694995803833,0,0,0,2.0,2.405566419848175,3.870152089079963,3.897939838011861,6.7049455642700195,107.41909405284402,106.51310432947318,90.10772840413406,3.870152089079963,6.7049455642700195,1.7324759880079963,92.11000122453589,18.422000244907178,92.11000122453589,2.0435447623036977,3.8366339842560985e-05,0.19382906087425028,0.3588490000576149,0.00905281223242227,True,False,False,True,0.019855094464432507,0.19382906087425028,15,False
FT0,83039,16,C6Fe2Mn8,C;Fe;Mn,3,1.6613910818377076,1.6613910818377076,2.0029663187697135,1.9588477787375613,0,0,5,11.125,1.6988263880912602,5.253063226602207,5.393008801737472,5.366248607635498,103.6483526221248,90.86624810260307,86.06455708097407,5.253063226602207,5.393008801737472,1.0266407558977326,147.3835513844639,9.211471961528995,147.3835513844639,1.2838487749714942,-0.03834034194037256,0.3909177081115137,0.7101299180156285,0.2745189277768336,False,False,True,True,0.17772255700184286,0.3909177081115137,273,True
FT0,83040,4,Au2MnPt,Au;Mn;Pt,3,2.7404508217054704,2.7404508217054704,2.7417369192901666,2.7426451841726207,0,0,0,2.0,2.79095962088203,4.507857905335341,4.499844995280095,4.5057830810546875,60.46481227770306,60.621884961333684,60.540141520766234,4.499844995280095,4.507857905335341,1.0017807080163097,65.41993696403699,16.354984241009248,65.41993696403699,1.979310280758995,0.033271631494998316,0.04367628915494816,0.07747634393389895,0.0978383199084476,True,False,False,True,0.0014824300706775258,0.04367628915494816,10,False
FT0,83041,10,C2As2Mn6,As;C;Mn,3,1.9201625905404682,1.9201625905404682,2.030002625607006,2.080608348481234,0,0,4,5.8,1.9250816500958303,3.0878642104406677,5.282252576946652,7.421049118041992,90.01815714863717,90.46700301511011,106.75379373895294,3.0878642104406677,7.421049118041992,2.4032951620573164,115.90149729452331,11.590149729452332,115.90149729452331,2.5604383613248447,-0.015435533205834493,0.14500874400309197,0.34621607986369696,0.0679488705202953,True,False,False,True,0.031082520440901276,0.14500874400309197,33,False
FT0,83042,10,C3Mn7,C;Mn,2,1.818090012978662,1.818090012978662,1.896923015968193,1.892737307717694,0,0,11,8.6,1.8886606866420912,4.680710705002822,4.66292501690731,6.295502185821533,111.89734779239707,124.31381520772882,91.3319861283205,4.66292501690731,6.295502185821533,1.3501186836577166,100.29687614088897,10.029687614088896,100.29687614088897,2.4650568666470782,-0.03881561028424557,0.45456271136325865,0.8592767155569077,0.204111210504756,False,False,True,True,0.17558285092858925,0.45456271136325865,156,False
FT0,83043,15,C4Mn11,C;Mn,2,1.9653217962980472,1.9653217962980472,2.0082925476695905,2.003086067640564,0,0,6,9.466666666666667,1.954887886539906,4.513596763836197,5.049542445085235,6.570001125335693,89.6198888228615,89.31651911033063,89.89532985425613,4.513596763836197,6.570001125335693,1.455602143721788,149.72664969794863,9.981776646529909,149.72664969794863,1.455947468752028,-0.04496137628951412,0.3266287527371955,0.6453336452657755,0.13141006375237652,False,False,True,True,0.06471783998280485,0.3266287527371955,120,False
FT0,83044,14,C4Mn10,C;Mn,2,2.0074778390800985,2.0074778390800985,2.015088012807328,2.020014193439088,0,0,0,10.428571428571429,1.968511673044452,4.575162922236361,5.074957794769644,6.241491794586182,96.69457148032693,111.26833613517269,89.83409724257882,4.575162922236361,6.241491794586182,1.3642119200282625,134.0071362765707,9.571938305469335,134.0071362765707,1.6647361601262003,-0.04937479265913819,0.21099844448309696,0.46193132212864746,0.0379560175885576,True,False,False,True,0.03332784184146025,0.21099844448309696,68,False
FT0,83045,6,AsMn5,As;Mn,2,2.394732216433253,2.394732216433253,2.456668453607936,2.445852602846023,0,0,0,5.0,2.4620058072986852,3.5871060578220035,5.113915665841378,4.451366901397705,108.6273076457245,114.82816916913396,90.55931340427055,3.5871060578220035,5.113915665841378,1.4256382675639128,69.23727747906212,11.539546246510353,69.23727747906212,2.011393103214551,0.029493651273714647,0.13351923996921,0.23302782098303798,0.07362276377514299,True,False,False,True,0.011074653886381973,0.13351923996921,19,False
FT0,83046,4,EuPt3,Eu;Pt,2,2.636015289506597,2.636015289506597,2.6366150262136756,2.7075722961489057,0,0,0,2.5,2.6668202801608314,4.509915742092172,4.483135411290257,5.537487983703613,66.21166395276927,66.06195099881853,60.174646778501774,4.483135411290257,5.537487983703613,1.2351819598752454,85.85972405725335,21.464931014313336,85.85972405725335,2.097680131845917,0.03630715439960446,0.05449703575855523,0.09266119459279921,0.1369290063586428,False,False,True,True,0.055872793129407475,0.05449703575855523,27,False
FT0,83047,12,C3Mn8N,C;Mn;N,3,1.847886252634391,1.847886252634391,1.9011213451630795,1.9010863127119944,0,0,22,9.166666666666666,1.8790235490379963,4.795793736221718,5.420971095888025,5.299106597900391,105.94406604356072,117.55260910907985,90.49197438810076,4.795793736221718,5.420971095888025,1.1303595179551742,115.9458207949732,9.662151732914433,115.9458207949732,1.8568316345505034,0.04104559821216845,0.3037503319619706,0.5528564512348801,0.09791639656101303,True,True,True,True,0.040013938592909415,0.3037503319619706,61,False
FT0,83048,6,EuMn5,Eu;Mn,2,2.4499195883512748,2.4499195883512748,2.457093072609191,2.530984136633741,0,0,0,4.0,2.4589442503175043,3.9816134351002805,5.065827006188652,5.095563888549805,118.6874588317888,89.57327961574407,89.17234065870302,3.9816134351002805,5.095563888549805,1.2797736323746025,90.14092363976931,15.023487273294885,90.14092363976931,1.6896982709377157,0.014255506042940305,0.04383690891268022,0.0983490316363908,0.3011492738969892,False,False,True,True,0.0022298457746998115,0.04383690891268022,12,False
FT0,83049,12,C2Mn9Ta,C;Mn;Ta,3,1.9428810135690922,1.9428810135690922,1.9749571856464543,2.1323946926200272,0,0,10,9.5,1.939655844478712,4.906432439949465,4.461287391406357,6.735946178436279,107.39029848604675,112.78204307012614,90.79894268568623,4.461287391406357,6.735946178436279,1.5098660067072858,128.30984570905756,10.692487142421463,128.30984570905756,1.9486125547478723,-0.0037582606550245765,0.40768903984080995,0.6356031828486681,0.1821744983171829,False,False,True,True,0.11075910852548408,0.40768903984080995,83,False
FT0,83050,3,AuEuSb,Au;Eu;Sb,3,2.693741863423689,2.693741863423689,2.693741863423689,2.9467364368090245,0,0,0,0.6666666666666666,2.7233864046783856,4.65536723488203,4.677198011587535,4.383362770080566,89.2139091751466,89.83865977311487,119.70209858111366,4.383362770080566,4.677198011587535,1.067034205681673,82.89076386644255,27.63025462214752,82.89076386644255,1.722329864508012,0.002173285090439858,0.029534449839099346,0.04224891764551963,0.026230279205729623,True,False,False,True,0.0010345932085768462,0.029534449839099346,26,False
FT0,83051,20,C6Mn14,C;Mn,2,1.880470017869328,1.880470017869328,1.9836373867344022,1.9705535482788286,0,0,15,10.0,1.870980433015544,4.855687427360021,7.491161880579714,6.444538116455078,114.82807475613802,96.40608488729846,88.88692075525232,4.855687427360021,7.491161880579714,1.5427603182135983,211.3253746698014,10.56626873349007,211.3253746698014,1.7803131752908228,-0.05951725459523478,1.3233011857279782,4.170680083013473,0.2252629439031928,False,False,True,True,0.42023184737422764,1.3233011857279782,501,True
FT0,83052,3,AsEuPt,As;Eu;Pt,3,2.81781441970686,2.81781441970686,2.81781441970686,2.8181820219148928,0,0,0,1.3333333333333333,2.823496577113261,4.6017884552877835,4.601845141790117,4.602473735809326,60.268346728066746,60.34795317695638,60.02331334490155,4.6017884552877835,4.602473735809326,1.0001489161286314,69.24985979851702,23.083286599505673,69.24985979851702,1.9963251771349637,0.009277645838909098,0.036411814227711704,0.05408835363266569,0.41795344363606723,False,False,True,True,0.002939694312705183,0.036411814227711704,9,False
FT0,83053,8,As3Mn5,As;Mn,2,2.322931339885003,2.322931339885003,2.4666147534345164,2.42389446191444,0,0,0,4.0,2.47394895108748,3.60051690159779,3.536414775590577,8.37703800201416,90.70618941456712,89.84059954455668,90.77324824917807,3.536414775590577,8.37703800201416,2.368793971746486,106.64598504963169,13.330748131203961,106.64598504963169,2.3744545702283197,0.09874038805379666,0.37073631662180406,0.73534952262719,0.10905857893276849,False,False,True,True,0.27062104285299643,0.37073631662180406,88,False
FT0,83054,3,Eu2Ga,Eu;Ga,2,3.1066972557349444,3.1066972557349444,3.1066972557349444,3.1099370867420926,0,0,0,0.0,3.1645382713172236,3.754799212183196,3.7683131228292153,8.092203140258789,77.0781930371048,76.63108812640152,60.115294889211725,3.754799212183196,8.092203140258789,2.1551626819356997,95.78257033413564,31.92752344471188,95.78257033413564,3.084838177414719,0.10751296015379706,0.03643770499431018,0.04951455280460988,0.193422807841797,False,False,True,True,0.04811402488373393,0.03643770499431018,30,False
FT0,83055,4,Eu2KPt,Eu;K;Pt,3,2.941599586427466,2.941599586427466,2.946348083550646,3.2572768404201353,0,0,0,1.0,2.939150738631183,4.34755750907411,4.334503789230653,11.781450271606445,79.43505275831826,79.38009650461494,60.2718393122918,4.334503789230653,11.781450271606445,2.7180620538106806,188.39020705491322,47.097551763728305,188.39020705491322,3.8441026832050773,0.0699873243912783,0.08867625180552483,0.17517682500311535,0.09167484247436342,True,True,True,True,0.09007827514474792,0.08867625180552483,17,False
FT0,83056,3,HoMn2,Ho;Mn,2,2.1530926700300834,2.1530926700300834,2.1530926700300834,2.45395282331401,0,0,0,0.6666666666666666,2.142402049081813,3.7609266874856475,3.7696504426291835,4.346529960632324,89.88666918273492,90.06068872927403,120.72441235297268,3.7609266874856475,4.346529960632324,1.1557071758657915,52.972649421277175,17.65754980709239,52.972649421277175,1.7576483605897735,0.008268679666857305,0.0291374946161246,0.04235835555425281,0.11215320026041553,False,False,True,True,0.003726382864376326,0.0291374946161246,8,False
FT0,83057,20,C4Mn16,C;Mn,2,1.8522953751864144,1.8522953751864144,1.8999996803817072,1.9870047482878008,0,0,17,11.9,1.9213735032011694,6.237765381666074,6.570489212201652,6.600365161895752,110.63328738282655,105.10810031381864,111.74968147086832,6.237765381666074,6.600365161895752,1.0581297560975,209.9802099810941,10.499010499054705,209.9802099810941,2.0414992005687616,-0.06826280962556987,0.40126248108077645,0.9194294440775603,0.13888750203445888,False,False,True,True,0.5047494928616397,0.40126248108077645,604,True
FT0,83058,8,C2Mn6,C;Mn,2,1.9206186553525562,1.9206186553525562,1.9249537204686444,1.9257736413364024,0,0,12,6.75,1.9017510841598702,4.731994405489276,4.722005418345548,5.170288562774658,62.04531450318546,61.77129830219826,59.32645106060372,4.722005418345548,5.170288562774658,1.0949349068273995,83.50863031559508,10.438578789449386,83.50863031559508,2.0697680447052362,-0.05213765853220646,0.22067664882984722,0.3905411345242867,0.13303270357198826,False,False,True,True,0.007482702652996221,0.22067664882984722,27,False
FT0,83059,4,Au2EuPt,Au;Eu;Pt,3,2.9871395347015666,2.9871395347015666,2.988190682543479,2.9886628001170177,0,0,0,2.0,2.9956872963744194,4.8970556047128655,4.901799398771684,4.896170139312744,59.76448409822117,59.99816706410986,59.71682799157027,4.896170139312744,4.901799398771684,1.0011497270925576,82.77750984606422,20.694377461516055,82.77750984606422,2.0124954785745994,0.006629276043626389,0.01554391784868653,0.025227312225274814,0.20803243547770123,False,False,True,True,0.002104715893279134,0.01554391784868653,4,False
FT0,83060,6,AsMn5,As;Mn,2,2.452628683511461,2.452628683511461,2.4781173658775906,2.4980575920526538,0,0,0,5.0,2.4326249539982756,3.6660739200579737,3.615052871960737,5.688101768493652,108.26360773155612,89.78082173628054,90.48480938569682,3.615052871960737,5.688101768493652,1.5734491223107707,71.58456045530006,11.930760075883343,71.58456045530006,1.7572925682218776,0.001046453105589043,0.16393385974173552,0.2585268330705192,0.06298611623282468,True,False,False,False,0.02757686162187968,0.16393385974173552,17,False
FT0,83061,16,C3As3Mn10,As;C;Mn,3,1.9375588202047787,1.9375588202047787,1.976367356004521,2.05941393521063,0,0,9,10.0,1.8670557149599352,6.055676006723505,6.509910609680994,6.363037109375,64.49831499510303,65.20380595106802,63.82336235946358,6.055676006723505,6.509910609680994,1.0750097268171481,194.86024585100373,12.178765365687733,194.86024585100373,1.851635722757888,-0.04861127707965217,0.36302057494364887,0.6315640335871298,0.18764329794486656,False,False,True,True,0.1024354390518515,0.36302057494364887,121,False
FT0,83062,9,C3Mn6,C;Mn,2,1.9036412970570458,1.9036412970570458,1.9422716365444719,1.9520434513494043,0,0,10,7.777777777777778,1.9098109521998565,4.966440188950712,4.926357622160611,5.3915886878967285,61.28588690100091,61.31684843571039,58.42200379510887,4.926357622160611,5.3915886878967285,1.094437128080863,93.84371902021667,10.427079891135186,93.84371902021667,2.1073141214282702,-0.03432542836884949,0.35611837033532867,0.8284221074941597,0.1270756561395121,False,False,True,True,0.0416452424727238,0.35611837033532867,41,False
FT0,83063,9,C3Mn6,C;Mn,2,1.8817249432910361,1.8817249432910361,1.9045908290698936,1.9086069408511317,0,0,16,7.777777777777778,1.9083553198658072,4.709649740320301,4.716817862454101,5.155690670013428,63.5254298206622,64.08606565487152,61.59170487516025,4.709649740320301,5.155690670013428,1.094707877291697,86.41703411174089,9.60189267908232,86.41703411174089,1.9697241233283405,0.04720572763092404,0.4440997868543583,0.7735140636973501,0.1271129554016639,False,False,True,False,0.06008171248714784,0.4440997868543583,34,False
FT0,83064,10,Mn10,Mn,1,2.357017190829542,2.357017190829542,2.369996319085458,2.399307476473623,0,0,0,8.2,2.459844486467501,4.278031770114147,5.533232593707963,6.091856479644775,73.46690055475219,68.78811819593699,58.78590746993818,4.278031770114147,6.091856479644775,1.4239857969736938,114.1165218395204,11.41165218395204,114.1165218395204,2.2225344456487006,-0.053787935909540334,0.12407553983615453,0.18327864310878694,0.08588690461779258,True,False,False,False,0.6759968746295058,0.12407553983615453,230,True
FT0,83065,8,C2Mn6,C;Mn,2,1.9076263576784565,1.9076263576784565,1.9108956734668945,1.9129371846338286,0,0,12,6.75,1.905839774208571,4.62829443412834,4.609309206128672,4.370767116546631,90.12229704705373,90.58152483653177,59.93052299079393,4.370767116546631,4.62829443412834,1.0589203933119142,80.68926373787514,10.086157967234392,80.68926373787514,1.7346980685437072,-0.012495967111331972,0.1066537224657047,0.1584589367620697,0.13432779329366795,False,False,True,True,0.006569292869106088,0.1066537224657047,27,False
FT0,83066,12,As4Mn8,As;Mn,2,2.323647056022572,2.323647056022572,2.414208652936578,2.4001595911365285,0,0,0,7.0,2.3943037884543,3.6082274892953414,7.181795356484761,6.735136032104492,72.5893097061512,75.11258680132728,76.32409995453366,3.6082274892953414,7.181795356484761,1.99039428023628,158.5174942361469,13.209791186345575,158.5174942361469,2.371044024405414,0.04246955777721077,0.18187228935248836,0.38917237853974435,0.11018318754837875,False,False,True,True,0.04184213214327726,0.18187228935248836,49,False
FT0,83067,10,Mn10,Mn,1,2.4691179064661797,2.4691179064661797,2.473074533712994,2.474630144542029,0,0,0,8.0,2.451995483457513,4.364395844285128,4.751894188581264,6.462289810180664,108.64007253729578,90.21671755475133,115.74598355948308,4.364395844285128,6.462289810180664,1.480683705315727,112.77720829463564,11.277720829463565,112.77720829463564,2.1276332551721446,-0.0465752968668063,0.03985930464565191,0.062415049054446795,0.05498480500841829,True,False,False,True,0.0018876935421758563,0.03985930464565191,37,False
FT0,83068,19,C6CoMn12,C;Co;Mn,3,1.9177201001851742,1.9177201001851742,1.9656326068366976,1.9746341926387085,0,0,15,11.578947368421053,1.8741993878999101,5.9984759178638605,6.727809851289126,6.032567977905273,110.967569964986,106.98650438087869,111.0667218241933,5.9984759178638605,6.727809851289126,1.1215865402165341,185.76632435836476,9.777174966229724,185.76632435836476,2.142222074654394,-0.056272838280665836,0.28084764325684153,0.5681579642135358,0.13567493529211916,False,False,True,True,0.17996228969970413,0.28084764325684153,632,True
FT0,83069,15,C5Mn10,C;Mn,2,1.879634626625776,1.879634626625776,1.9772231379795493,1.9627068789682558,0,0,13,9.733333333333333,1.8378577316726963,5.2529378127703605,4.782406068925823,6.763747692108154,91.59120409861258,91.98252648503944,60.82015878534175,4.782406068925823,6.763747692108154,1.4142980739457285,148.2528374242372,9.883522494949148,148.2528374242372,1.8993367100679548,-0.04192110395736383,0.3883371829186901,0.5612073990860318,0.20389975960088336,False,False,True,True,0.17635944711573234,0.3883371829186901,243,True
FT0,83070,8,Mn5O3,Mn;O,2,2.119478521479818,2.119478521479818,2.136444157211216,2.1384243812536377,0,0,0,4.0,2.034613737490155,4.466916764394404,4.477694159997636,5.360894203186035,114.74368055125237,115.45420845794725,89.53462841873448,4.466916764394404,5.360894203186035,1.2001329968620607,85.97782461754997,10.747228077193746,85.97782461754997,2.0442954827117363,0.5180545396906293,0.9692841121459902,3.264755774062401,0.4953303962606501,False,False,True,True,0.8106599035892186,0.9692841121459902,301,True
FT0,83071,4,AuEu3,Au;Eu,2,3.0483056187614825,3.0483056187614825,3.0543772391568504,3.1635802679026996,0,0,0,0.0,3.066736187718051,3.912938800297902,5.8221239333682755,7.082459926605225,113.85602965955248,105.99723477088283,90.35323921874226,3.912938800297902,7.082459926605225,1.810010400895107,140.57506988358338,35.143767470895845,140.57506988358338,2.1896363667546095,-0.0006169913575385971,0.04762368779788134,0.09486397817462379,0.07352026781168597,True,True,True,True,0.010190734584378384,0.04762368779788134,14,False
FT0,83072,5,EuMn2P2,Eu;Mn;P,3,2.253247682902454,2.253247682902454,2.3128110362430694,2.3724169531414843,0,0,0,3.2,2.2980414461723377,4.236048727408461,4.06238888039944,6.607485294342041,115.65082437909983,109.3305851330883,89.85915056725902,4.06238888039944,6.607485294342041,1.6265024075421235,95.38572630149588,19.077145260299176,95.38572630149588,2.200289102504154,0.02448191883218931,0.3032326136921451,0.5301817762301005,0.45334498967381975,False,False,True,True,1.4114334263043005,0.3032326136921451,44,True
FT0,83073,12,C4Mn8,C;Mn,2,1.9450409183730704,1.9450409183730704,1.948796327884112,1.9522918477960458,0,0,24,8.333333333333334,1.9530106280670398,5.462367293164764,5.451163570602848,5.466984272003174,106.68394274667533,105.69188343543041,115.18123659533599,5.451163570602848,5.466984272003174,1.0029022613604266,125.81137378480628,10.484281148733857,125.81137378480628,2.0492342390762683,-0.016728661833448736,0.14698786400255903,0.2542389445359544,0.07891870593063643,True,False,False,True,0.008743527747899254,0.14698786400255903,40,False
FT0,83074,13,C5Mn8,C;Mn,2,1.887063711728821,1.887063711728821,1.9161080800193437,1.9180649637493092,0,0,19,10.0,1.9212875480685074,5.2729733637867096,5.24558918887324,5.61035680770874,104.94629240444722,105.03962040655387,115.54625450612119,5.24558918887324,5.61035680770874,1.069537969082526,122.4321164367362,9.417855110518168,122.4321164367362,1.966057260608004,0.029981566102364438,0.3838555388708533,0.6747151580783676,0.156706023534829,False,False,True,True,0.041737491700186334,0.3838555388708533,40,False
FT0,83075,12,C4Mn8,C;Mn,2,1.8808966498723185,1.8808966498723185,1.8883418117488249,1.9066706794345294,0,0,20,9.5,1.8834556803331792,4.6870186369912625,5.300134212888922,5.701284885406494,118.19628801217611,106.62444252064927,90.0505115051334,4.6870186369912625,5.701284885406494,1.2163990218452212,118.0435144845104,9.836959540375867,118.0435144845104,1.9004202527534846,-0.006922139595517096,0.46435500716549205,0.7501373100054959,0.17412337715459358,False,False,True,True,0.04970385471123029,0.46435500716549205,52,False
FT0,83076,12,C4Fe2Mn6,C;Fe;Mn,3,1.9035915121712237,1.9035915121712237,1.9229727707432085,1.9230636760146707,0,0,24,9.0,1.9286455702046972,5.453716168728779,5.458642555859832,5.235004901885986,106.71026987312025,105.85212573563744,117.3867290538017,5.235004901885986,5.458642555859832,1.0427196646737193,116.50531766575016,9.708776472145846,116.50531766575016,2.188332533255868,0.015703067010374522,0.1861570663375658,0.34757815083355814,0.05731228327488047,True,True,True,True,0.029927888788572204,0.1861570663375658,39,False
FT0,83077,14,C3Mn11,C;Mn,2,1.91900963872638,1.91900963872638,1.951489309606742,2.0211819120060563,0,0,14,10.142857142857142,1.924340196816169,4.329793421780393,6.926080194469028,6.527859687805176,128.05117027306102,117.21268518269441,77.19902011482377,4.329793421780393,6.926080194469028,1.599632943139595,136.58226202582736,9.755875858987668,136.58226202582736,2.594271632044767,-0.007310472854324251,0.33876789932165446,0.5974593345118164,0.158096888247524,False,False,True,True,0.04945938565840426,0.33876789932165446,94,False
FT0,83078,6,AsMn5,As;Mn,2,2.4930719930754326,2.4930719930754326,2.503081574855475,2.5250966144867593,0,0,0,5.0,2.4417313294070584,3.639121365343926,3.6626712442808893,5.761743068695068,90.28842772841602,107.96419698223893,89.94221910473311,3.639121365343926,5.761743068695068,1.5832786242210248,73.0528564207972,12.175476070132866,73.0528564207972,1.760330975666568,-0.01865055536366736,0.1716667011153072,0.28638977134981447,0.06304651560619767,True,False,False,True,0.026005994744969986,0.1716667011153072,28,False
FT0,83079,4,Eu2GeHg,Eu;Ge;Hg,3,3.220726973155185,3.220726973155185,3.221235299340134,3.2563305595511833,0,0,0,0.0,3.2250029091803714,3.8495804641305367,3.8645562110171965,7.494381904602051,90.28996454799712,90.14077952740239,89.32533008105442,3.8495804641305367,7.494381904602051,1.946804846510651,111.48384310299998,27.870960775749996,111.48384310299998,1.955192731742775,0.002134859622280836,0.032957604548868924,0.05199767546122134,0.07066826767334078,True,False,False,True,0.006128416944324596,0.032957604548868924,10,False
FT0,83080,12,C4Mn8,C;Mn,2,1.915164975591385,1.915164975591385,1.9213446603457767,1.9213155040573782,0,0,24,9.0,1.9435231073144916,5.269016104254811,5.267801113011001,5.497023105621338,106.33998539285562,106.48832468760226,114.77589247414674,5.267801113011001,5.497023105621338,1.043513790231028,117.96328834852734,9.830274029043945,117.96328834852734,2.0233699365862425,0.007481772124960983,0.24918641551467868,0.3470006610113423,0.04905407682093532,True,False,False,False,0.06266520682947202,0.24918641551467868,39,False
FT0,83081,19,C6Mn13,C;Mn,2,1.8233106264372074,1.8233106264372074,1.9421474575949462,1.9308742299488961,0,0,18,10.736842105263158,1.8722519970138696,6.2074646719763145,5.169551802687762,6.706827163696289,101.33191400831925,104.5674359811417,107.08141042590702,5.169551802687762,6.706827163696289,1.297371110626895,190.42093752743452,10.02215460670708,190.42093752743452,1.7632295765771555,-0.04613980520753016,1.443773186048897,3.760956167976295,0.23377837710991045,False,False,True,True,0.5644513154238306,1.443773186048897,672,True
FT0,83082,8,C2Mn6,C;Mn,2,1.921168633045365,1.921168633045365,1.9409409758457792,1.936210478329776,0,0,12,6.75,1.9011108655303184,4.775903284655701,4.768695706988704,5.227747440338135,62.11534484608133,61.660775496316546,58.565008552286926,4.768695706988704,5.227747440338135,1.0962635826556668,85.48443664708942,10.685554580886178,85.48443664708942,2.09934949256225,-0.07324378729606698,0.28359234877163497,0.49110972123992525,0.1330689431960117,False,False,True,False,0.010247210011911182,0.28359234877163497,27,False
FT0,83083,11,C4Mn7,C;Mn,2,1.9911909386128164,1.9911909386128164,1.999803901614064,2.0021929877474793,0,0,5,9.454545454545455,1.926125660487303,4.806475582357992,4.913900969413375,5.640149116516113,114.91171680446932,111.74988632026421,93.50470718599432,4.806475582357992,5.640149116516113,1.173447991126407,108.42197850533816,9.856543500485287,108.42197850533816,1.9906376967849972,-0.052867974508128454,0.37567056974867624,0.5734801693714552,0.1906310267124205,False,False,True,True,0.06418447291344727,0.37567056974867624,79,False
FT0,83084,13,C6FeMn6,C;Fe;Mn,3,1.876930118748963,1.876930118748963,1.896477407286951,1.8937398784417445,0,0,32,10.461538461538462,1.8080870782754395,4.8337958297772925,4.8535046419321795,6.199499130249023,106.2061079087708,105.54612531796056,109.40757177719033,4.8337958297772925,6.199499130249023,1.2825322683384113,120.8293317769735,9.294563982844116,120.8293317769735,2.0042716726253444,0.054349171257146695,0.7543460947024272,1.2891195069263268,0.304084832968881,False,False,True,True,0.09881487031340881,0.7543460947024272,68,True
FT0,83085,12,C4Fe2Mn6,C;Fe;Mn,3,1.9765308170349236,1.9765308170349236,1.9941928097503403,1.993101581143554,0,0,6,9.666666666666666,1.9562601359637959,4.922777923484319,4.906171985766953,5.699815273284912,105.37824823419551,106.39004348508672,107.6050934554889,4.906171985766953,5.699815273284912,1.161764261387566,116.26585468905853,9.68882122408821,116.26585468905853,1.8352224777937243,-0.06368600565141831,0.30416219292228014,0.5881782919489902,0.06578917638197623,True,True,True,True,0.02564913852486581,0.30416219292228014,64,False
FT0,83086,20,C6Fe3IrMn10,C;Fe;Ir;Mn,4,1.8047981940073525,1.8047981940073525,1.8826280824803387,1.8885580497315035,0,0,26,11.1,1.8269310986563696,5.466121596428763,5.728896467038658,8.274347305297852,112.21890837633424,116.73544544959886,99.33926733550604,5.466121596428763,8.274347305297852,1.5137510498675726,196.15026387693052,9.807513193846527,196.15026387693052,2.519678546234556,0.0010306449824328378,2.508264809079012,6.530123160565337,0.2910839861905554,False,False,True,True,0.48465964299955067,2.508264809079012,439,True
FT0,83087,18,C5Mn13,C;Mn,2,1.8537023082758097,1.8537023082758097,1.9295647927901844,1.9299570899132743,0,0,21,12.11111111111111,1.8801923842363213,5.205273293236313,6.356109522355759,6.686570644378662,105.00108504059389,111.5506413387927,108.82958994720201,5.205273293236313,6.686570644378662,1.284576287870828,175.94624000679332,9.774791111488518,175.94624000679332,2.0788039106320073,-0.008495119944155827,0.42521405518508454,0.6710514439507246,0.22046175893719777,False,False,True,True,0.1536658299433132,0.42521405518508454,258,True
FT0,83088,12,C4Mn8,C;Mn,2,1.7219165873580364,1.7219165873580364,1.840702876299344,1.8356468597659195,0,0,22,9.833333333333334,1.8619727565039599,4.608302039466385,5.208005263940171,5.161374568939209,108.69256092544155,109.49805400170072,94.98639698184638,4.608302039466385,5.208005263940171,1.1301353989686032,107.97104596473807,8.997587163728172,107.97104596473807,1.7387526617647566,0.07301543624629762,0.8626646125036741,1.503114868335762,0.1581188147766639,False,False,True,True,0.05993468618260215,0.8626646125036741,62,True
FT0,83089,15,C5Mn10,C;Mn,2,1.8658450886988949,1.8658450886988949,1.9310835969844202,1.9291228269707204,0,0,17,9.733333333333333,1.8940321909726858,5.034953585722018,5.962922244665997,7.104371070861816,63.93714821623638,66.0125965607226,66.22455904854937,5.034953585722018,7.104371070861816,1.41101024069183,168.3785920063563,11.225239467090422,168.3785920063563,2.038576276691488,-0.03450585519356348,0.6189806832921796,0.8993778604364643,0.33812827522588407,False,False,True,True,0.12760199784636903,0.6189806832921796,221,True
FT0,83090,4,Gd2LiPb,Gd;Li;Pb,3,3.1726926959070565,3.1726926959070565,3.17722261343585,3.199031667712402,0,0,0,0.0,3.3294984636996396,3.7547361255587943,3.7487694910477343,7.44309663772583,90.36717983920607,89.73475895552353,89.76453173041266,3.7487694910477343,7.44309663772583,1.9854772760769501,104.76217903401299,26.190544758503247,104.76217903401299,1.9883880935900606,0.046205656566406614,0.041073968630032404,0.07021541947639208,0.06629724998290953,True,True,True,True,0.042267086040509896,0.041073968630032404,42,False
FT0,83091,12,C4Mn8,C;Mn,2,1.9411612210784366,1.9411612210784366,1.946812358515133,1.947213503436566,0,0,24,9.0,1.9431285891365535,5.299648222605613,5.290741301695493,5.536456108093262,105.98092275946868,105.67314767411769,114.05586519125768,5.290741301695493,5.536456108093262,1.046442415606113,122.66910199748368,10.222425166456974,122.66910199748368,1.955607970233996,-0.030374548293649953,0.17173985275536482,0.22106264535601872,0.04904771899215987,True,False,False,False,0.05547115005548886,0.17173985275536482,39,False
FT0,83092,6,FeMn5,Fe;Mn,2,2.4620975148151163,2.4620975148151163,2.463369864434042,2.4641352406673644,0,0,0,5.0,2.4686741399165366,3.530897558607204,4.33428105699963,5.6024346351623535,58.61828857078761,70.4821839821759,65.04513625352321,3.530897558607204,5.6024346351623535,1.586688523858587,65.63446506442321,10.939077510737201,65.63446506442321,2.2478094931820687,-0.010545442882144578,0.028822098943651498,0.041001034592991675,0.08024592316619561,True,False,False,True,0.0021632506557735386,0.028822098943651498,11,False
FT0,83093,18,C6Mn12,C;Mn,2,1.8211093204678657,1.8211093204678657,1.9377065974868861,1.9144645877525086,0,0,23,9.222222222222221,1.8543076326309011,4.720754557980514,6.794562159202547,6.327104091644287,93.71608997184067,97.35877996211485,91.97637922850144,4.720754557980514,6.794562159202547,1.439295789635203,200.66223934371527,11.147902185761959,200.66223934371527,1.48640048675297,-0.10630384666703219,0.6101946945808334,1.317504103810919,0.297388325681613,False,False,True,True,0.3192593444354671,0.6101946945808334,538,True
FT0,83094,19,C5Au2Mn12,Au;C;Mn,3,1.888719968659415,1.888719968659415,1.963476566753467,2.0303736822423004,0,0,14,11.157894736842104,1.8841874167497548,6.100515530388667,6.544037937330207,6.584840297698975,64.26505728846705,75.83613681598746,66.43375454395442,6.100515530388667,6.584840297698975,1.0793907932694748,216.24949734356795,11.381552491766735,216.24949734356795,1.818147475142197,-0.05251257662945805,0.3870191445418021,0.7327983478618995,0.3165279666466141,False,False,True,True,0.22776727986994,0.3870191445418021,211,True
FT0,83095,4,Eu2MgSi,Eu;Mg;Si,3,3.136527719910645,3.136527719910645,3.1479117710600355,3.218089094445692,0,0,0,0.0,3.136911688071691,3.7994304865728563,3.790351686034047,7.795781135559082,89.95348891616885,89.73034661910785,88.96948404542427,3.790351686034047,7.795781135559082,2.0567434848548394,112.24899849997081,28.062249624992702,112.24899849997081,2.073190910724008,0.012339928967999557,0.09127649047857825,0.17309253609684877,0.1215274654028331,False,False,True,True,0.044427347247073506,0.09127649047857825,14,False
FT0,83096,10,CoMn9,Co;Mn,2,2.4517576188809778,2.4517576188809778,2.4660816897754536,2.4667066075783457,0,0,0,6.0,2.47190805071304,3.526511984889585,4.3305998677402675,7.930039882659912,90.44439512084563,89.618242750402,114.74541439804817,3.526511984889585,7.930039882659912,2.2486921685332657,109.98235194780874,10.998235194780873,109.98235194780874,2.7257095599229046,-0.01870270178000478,0.08972861265146563,0.21574912183201372,0.07250034152821883,True,True,True,True,0.014908025673071524,0.08972861265146563,30,False
FT0,83097,10,As3Mn7,As;Mn,2,2.2851371286574884,2.2851371286574884,2.3848434634875106,2.371917047680212,0,0,0,7.4,2.3626238677397073,4.6881535762493645,4.593973435157718,7.060918807983398,109.07530433808355,111.21391560617565,90.08803641187521,4.593973435157718,7.060918807983398,1.5369960030561183,132.73898739067783,13.273898739067784,132.73898739067783,1.995340248377947,0.060207581384220894,0.42170374402191746,0.6670740254653637,0.17762492766352356,False,False,True,True,0.17887003125756765,0.42170374402191746,48,False
FT0,83098,10,Mn10,Mn,1,2.447656121001242,2.447656121001242,2.456294150094372,2.455372538211208,0,0,0,9.0,2.4506786752819814,4.325476885986896,4.751982914238181,6.67754602432251,120.42626342747592,108.6451411276505,90.58182441359575,4.325476885986896,6.67754602432251,1.5437710570031096,109.62536122909381,10.96253612290938,109.62536122909381,2.2447220818953557,-0.01956017041951058,0.06775429034421662,0.09876610815445852,0.05498022737169883,True,False,False,False,0.0011391048050243822,0.06775429034421662,38,False
FT0,83099,10,HAsMn7P,As;H;Mn;P,4,1.743712911590944,1.743712911590944,1.969314595594701,2.072846729296036,0,0,5,8.0,1.7117754305450985,3.6588510044781803,5.666795545175305,7.073436737060547,62.96756662333415,58.86020976230569,70.42599670864088,3.6588510044781803,7.073436737060547,1.9332398964601591,110.84795447769382,11.084795447769382,110.84795447769382,2.7080399532009496,-0.02336741100759089,0.18661596860513943,0.30977825600291464,0.11252634562472963,False,False,True,True,0.1386101511609064,0.18661596860513943,66,False
FT0,83100,10,Mn7N2Pt,Mn;N;Pt,3,1.8600272335440688,1.8600272335440688,1.881037036926788,1.930898379124331,0,0,6,6.4,1.8283657424904618,2.674478622717106,6.280514473106467,6.73021125793457,96.33636859186309,90.48045163605988,103.16088161627545,2.674478622717106,6.73021125793457,2.5164573015345657,109.34070858903304,10.934070858903304,109.34070858903304,2.6765369672506503,0.004173199207616162,0.3440332622804805,0.5195015669897124,0.22530451204882773,False,False,True,True,0.13214508396986815,0.3440332622804805,54,False
FT0,83101,9,C3Mn6,C;Mn,2,2.0690886429970257,2.0690886429970257,2.086083374265897,2.138799222279258,0,0,0,7.333333333333333,2.0642893522462256,3.164107765826243,5.526788686064838,5.505414009094238,119.38134090001594,90.14730236683965,89.73212250979174,3.164107765826243,5.526788686064838,1.7467131637413205,83.89068807256837,9.321187563618707,83.89068807256837,2.128509494226979,-0.033305718660977535,0.14297835007994675,0.2959299543409624,0.23306490038864425,False,False,True,True,0.008771957953277763,0.14297835007994675,25,False
FT0,83102,5,As3EuFe,As;Eu;Fe,3,2.1494724878692466,2.1494724878692466,2.3177827464672114,2.4139218477767903,0,0,0,1.2,2.2927771672055233,4.401643170215115,4.413326212269723,5.947417259216309,111.7593316583146,111.86425015544549,90.08909510522436,4.401643170215115,5.947417259216309,1.3511811451371352,98.26865839870953,19.653731679741906,98.26865839870953,1.9438810694773765,-0.02401498847520793,0.8478267828913039,2.1179263948473976,0.1483362173789038,False,False,True,True,0.1169712970668301,0.8478267828913039,38,True
FT0,83103,6,Mn6,Mn,1,2.440627157788581,2.440627157788581,2.444600393279325,2.444197107855124,0,0,0,5.0,2.4568752973321852,3.9771681196948023,4.299187125146957,4.310094833374023,119.83374374444874,90.21103485634829,89.68672222478163,3.9771681196948023,4.310094833374023,1.0837094896820125,63.92873900529766,10.654789834216276,63.92873900529766,1.7263117355736168,0.009532174678606375,0.05982306311183206,0.08438625023436579,0.05494436921740231,True,False,False,False,0.0004569734316065759,0.05982306311183206,26,False
FT0,83104,10,Mn8P2,Mn;P,2,2.1878805350903243,2.1878805350903243,2.241373290361459,2.272175781257543,0,0,0,6.4,2.216573770725085,2.6977892122701737,6.2472181605672965,6.963040351867676,106.2501965728574,89.89476977406817,89.98671095779756,2.6977892122701737,6.963040351867676,2.5810171974141443,112.66423865827083,11.266423865827083,112.66423865827083,2.7939746965133603,0.03013392636820589,0.2314269052717818,0.4123882294647123,0.21340773603852448,False,False,True,True,0.047001753292523804,0.2314269052717818,45,False
FT0,83105,10,Mn9Ti,Mn;Ti,2,2.238373812049552,2.238373812049552,2.361568666843283,2.3371000218497615,0,0,0,5.0,2.3736369294468926,3.916614987754628,3.9257009185481313,9.53071403503418,90.65076929293718,90.75650742012917,120.05808792834216,3.916614987754628,9.53071403503418,2.433405904035025,126.79383815463046,12.679383815463046,126.79383815463046,3.4416338969283267,-0.10037532149368279,0.3108874315581799,0.7235694906493029,0.12206115537796336,False,False,True,True,1.2072027577903681,0.3108874315581799,259,True
FT0,83106,6,C2Mn4,C;Mn,2,1.9643536240562238,1.9643536240562238,1.972372427952728,1.980873985843683,0,0,5,5.0,1.9027113322388407,2.8983058771662367,4.695757997439302,4.542677402496338,90.55994824431167,89.9676820498272,89.38796289603359,2.8983058771662367,4.695757997439302,1.6201733690132423,61.81817865370602,10.30302977561767,61.81817865370602,1.6214833204777566,-0.07457404038508117,0.33799046093784074,0.5596118540693688,0.28395105456344893,False,False,True,True,0.06041694890899144,0.33799046093784074,42,False
FT0,83107,4,As2EuPt,As;Eu;Pt,3,2.566566526788469,2.566566526788469,2.5772028551314046,2.679690159863792,0,0,0,1.5,2.6292534169495134,4.085065403612893,4.075412645581213,6.347684383392334,71.42070458899735,71.71229410483548,60.56259719465563,4.075412645581213,6.347684383392334,1.5575562367346636,85.64171032202793,21.410427580506983,85.64171032202793,2.3433455239857435,-0.018144203140624836,0.200840910957717,0.36689067770016376,0.11876289362060533,False,False,False,True,0.01371908341737491,0.200840910957717,18,False
FT0,83108,9,Mn8Os,Mn;Os,2,2.4419870160399038,2.4419870160399038,2.4450770017179497,2.4545665393883214,0,0,0,8.0,2.4465740699326473,3.516448811655718,5.677962522123961,5.689114570617676,108.41187111131887,108.79180495992922,90.6077456212016,3.516448811655718,5.689114570617676,1.6178579229592025,101.22952261498925,11.247724734998805,101.22952261498925,2.0825771422701713,0.01354415464018911,0.05549594728891402,0.09224218655644498,0.07266423039825654,True,False,False,True,0.006306860909206865,0.05549594728891402,31,False
FT0,83109,18,C3Mn15,C;Mn,2,1.887769427034445,1.887769427034445,1.9913880659401046,2.0683318373521042,0,0,7,6.444444444444445,1.9216962138716653,2.6461993689060086,9.572287914528754,7.766887187957764,105.0250924992971,99.67133885401323,90.1119082790625,2.6461993689060086,9.572287914528754,3.617372155328617,187.09614402447113,10.39423022358173,187.09614402447113,3.8624929982369096,-0.0334070831730582,0.333165895578019,0.6132858737477133,0.19437300155898107,False,False,True,True,0.2341189288175794,0.333165895578019,275,True
FT0,83110,18,C4Mn12P2,C;Mn;P,3,1.888023457427371,1.888023457427371,1.9603339514947593,1.997509101700478,0,0,15,10.555555555555555,1.8723359607869432,6.253869149839361,6.202276554109809,7.32965612411499,93.77948125734838,117.35977732406721,121.92551339474237,6.202276554109809,7.32965612411499,1.181768671578849,195.4803298996279,10.860018327757105,195.4803298996279,2.560825008273511,-0.041541902934818846,0.3683614861951743,0.5904839178688267,0.23877313648522325,False,False,True,True,0.18582013743826406,0.3683614861951743,179,False
FT0,83111,4,AsEu2Li,As;Eu;Li,3,3.208342890989489,3.208342890989489,3.2094368404846216,3.2094368404846216,0,0,0,0.0,3.2530364872752666,4.0709771351733535,5.036935921254949,5.053584575653076,90.50803199992397,91.01925109059229,90.91420981214469,4.0709771351733535,5.053584575653076,1.241368941129629,103.59109547116309,25.89777386779077,103.59109547116309,1.246253453905687,0.014414057497367233,0.011429492926146796,0.014512334438607733,0.1938340319873042,False,False,True,True,0.0018795734935325632,0.011429492926146796,12,False
FT0,83112,9,As3Mn6,As;Mn,2,2.249215527075056,2.249215527075056,2.3645382173633354,2.3914630128493446,0,0,0,6.0,2.3350096741157356,3.0894229516735017,6.550339422762357,6.4986186027526855,93.41024094940217,75.74265826394222,76.16255069248169,3.0894229516735017,6.550339422762357,2.1202468956910288,122.77808155081885,13.642009061202096,122.77808155081885,2.368089464956287,-0.0453139215277958,0.3033364148017471,0.7788134891460381,0.22954548884503634,False,False,True,True,0.0811114530775957,0.3033364148017471,41,False
FT0,83113,15,C4Mn11,C;Mn,2,1.9428798115361783,1.9428798115361783,2.0027851001345276,2.007818797761062,0,0,5,9.733333333333333,1.9268700873965008,4.524164871600498,5.073500963818253,7.048125267028809,108.0612010998568,103.39725620534719,88.64683239086274,4.524164871600498,7.048125267028809,1.5578842652866047,149.41760320536025,9.961173547024016,149.41760320536025,1.7669193260781286,-0.04897433686149252,0.24499312493157033,0.47713643452281485,0.12359247748935687,False,False,True,True,0.06379637637614635,0.24499312493157033,118,False
FT0,83114,6,C2Mn4,C;Mn,2,1.9477166079846124,1.9477166079846124,1.9478542719989358,1.9954741984952957,0,0,2,5.0,1.9730421407878518,2.7564016185523936,4.7267913040128455,5.092133522033691,114.64408268705704,104.61485687001246,90.45471556151585,2.7564016185523936,5.092133522033691,1.8473844623222855,57.866031115715835,9.644338519285972,57.866031115715835,2.2909011571437863,-0.07870642793849905,0.4830043035932392,0.896967774712458,0.23504727140101345,False,False,True,True,0.173398756047146,0.4830043035932392,64,False
FT0,83115,10,As4Mn6,As;Mn,2,2.3530866068669942,2.3530866068669942,2.425577500665706,2.405684975937778,0,0,0,5.6,2.364178640368336,3.361499828540931,6.592571757479528,7.151713848114014,89.80261003571823,75.50190052090717,75.1466495330047,3.361499828540931,7.151713848114014,2.1275365797707733,148.0018165361309,14.80018165361309,148.0018165361309,2.34465186673383,0.017603742159861387,0.36345354165840105,0.6777866589423339,0.1633978518493393,False,False,True,True,0.0893858774136117,0.36345354165840105,38,False
FT0,83116,5,Eu2GePd2,Eu;Ge;Pd,3,2.55219467933855,2.55219467933855,2.600022675167794,2.7990655113450202,0,0,0,1.2,2.552951281991397,4.633482883692172,5.277783908959551,5.919620513916016,115.81212706911504,112.7743465545242,90.34937990936383,4.633482883692172,5.919620513916016,1.2775747019052308,117.4680932413426,23.49361864826852,117.4680932413426,2.0286227540362063,-0.021915427899373698,0.1377506065450402,0.18724023836544884,0.02088841447656442,True,False,False,True,0.022304309868777485,0.1377506065450402,26,False
FT0,83117,20,C7Mn13,C;Mn,2,1.6818575295835756,1.6818575295835756,2.021023455969366,1.9387959299679511,0,0,5,12.4,1.5417289229856876,4.972926141808581,7.6821818823458345,5.9285383224487305,103.29678227620539,104.93608166719943,113.08939396212136,4.972926141808581,7.6821818823458345,1.5448011217701167,186.8188439525301,9.340942197626505,186.8188439525301,2.220310789334038,-0.008756773820162902,1.2237194471984902,3.2711472020086756,0.3219237643735564,False,False,True,True,0.3536852870110783,1.2237194471984902,325,True
FT0,83118,11,C3Mn8,C;Mn,2,1.8596195234022233,1.8596195234022233,1.9183794536425052,1.9105022329121155,0,0,15,7.454545454545454,1.881554859670714,3.8833116064545234,4.7030346128247436,7.174309253692627,89.08217526382244,74.30057944483865,65.06084127790535,3.8833116064545234,7.174309253692627,1.8474719468219023,113.65297962946966,10.332089057224515,113.65297962946966,2.3972989407185676,-0.010381712094837157,0.20830747218278597,0.5290885214696258,0.19443979995167382,False,False,True,True,0.05354376344633901,0.20830747218278597,39,False
FT0,83119,5,As2Eu2Fe,As;Eu;Fe,3,2.5145529350549274,2.5145529350549274,2.5198224584651103,2.7894782908358495,0,0,0,1.2,2.462429770112054,4.09714810232054,6.016558811518951,6.031978607177734,61.78988076161538,69.80602929498852,69.79676150699545,4.09714810232054,6.031978607177734,1.4722383610593295,119.956022036997,23.9912044073994,119.956022036997,2.0806480527148463,-0.06131350862899752,0.0567527244726283,0.10088239947327086,0.17093007163086504,False,False,True,True,0.03024094835405964,0.0567527244726283,38,False
FT0,83120,3,CuGdIn,Cu;Gd;In,3,2.8304011397325537,2.8304011397325537,2.8304011397325537,2.8330135307655993,0,0,0,1.3333333333333333,2.848047837360822,4.656476629387206,4.658785731327349,4.657662391662598,59.64944701446933,59.45825775575514,59.53263166418589,4.656476629387206,4.658785731327349,1.000495890374617,70.71023154223477,23.57007718074492,70.71023154223477,2.024408288521601,0.010112604987035412,0.018708805275161583,0.02804543064410137,0.08882063235351634,True,True,True,True,0.001566208926466122,0.018708805275161583,10,False
FT0,83121,11,C4Mn7,C;Mn,2,1.8044553000017114,1.8044553000017114,1.830650779648868,1.842277844396694,0,0,21,7.454545454545454,1.889389165279623,5.337860673055691,5.30851173439638,5.313855171203613,108.12320611367589,107.23808175083217,115.43940384512307,5.30851173439638,5.337860673055691,1.0055286566419634,111.84199707620544,10.16745427965504,111.84199707620544,2.166309162036974,0.05214848796485263,0.7448018840790606,1.645669603719911,0.2516079221314538,False,False,True,True,0.06373541786145577,0.7448018840790606,53,True
FT0,83122,10,C2Mn6N2,C;Mn;N,3,1.9258358227585097,1.9258358227585097,1.962943093687266,1.9504677613613535,0,0,16,9.0,1.9341799497488865,5.042025487061446,4.9899507169125314,5.034085750579834,77.82174171161306,67.05099577340735,57.877179457513925,4.9899507169125314,5.042025487061446,1.0104359287502414,98.77443053257103,9.877443053257103,98.77443053257103,2.031240430771488,-0.014365264688204368,0.33234212708312916,0.5828594402479097,0.12106685973964026,False,False,True,True,0.030310659162124078,0.33234212708312916,41,False
FT0,83123,6,Mn2Pt4,Mn;Pt,2,2.672413104007843,2.672413104007843,2.676105542718008,2.6774131883022854,0,0,0,4.0,2.6639334770660597,2.815716467412611,4.534130196707064,7.230839252471924,90.67466810396985,101.43675858561075,90.60345656412433,2.815716467412611,7.230839252471924,2.5680281861321115,90.4678008855751,15.077966814262517,90.4678008855751,2.6388039610337533,0.02132679995979089,0.14057020021694333,0.2735222729046746,0.09779784584309947,True,False,False,True,0.024939990430524646,0.14057020021694333,24,False
FT0,83124,12,C4Mn8,C;Mn,2,1.9241838670796965,1.9241838670796965,1.9297610421596205,1.9365585440705493,0,0,18,9.333333333333334,1.9259025993078083,4.712506177913538,4.665574438709919,6.368747711181641,111.608357613426,110.71707256444843,89.72784682686762,4.665574438709919,6.368747711181641,1.3650511410429167,120.49285118649928,10.041070932208273,120.49285118649928,1.908659737500346,-0.03617006759525797,0.32187633762394857,0.561446842376824,0.12956516996058376,False,False,True,True,0.08472474644438738,0.32187633762394857,61,False
FT0,83125,5,EuMnPt3,Eu;Mn;Pt,3,2.5417791465086257,2.5417791465086257,2.6285088069590445,2.677560440867686,0,0,0,2.4,2.589419349114608,3.9998428606513015,3.9823306996281196,6.703644752502441,107.94159078277274,107.5903005861942,90.93159892850232,3.9823306996281196,6.703644752502441,1.683347079419709,96.13107979943092,19.226215959886183,96.13107979943092,2.048611792996918,0.025794568540510807,0.13658033519329765,0.19965164988075154,0.21405841858984864,False,False,True,True,0.021935697988968203,0.13658033519329765,26,False
FT0,83126,4,Fe2Pt2,Fe;Pt,2,2.580214434385802,2.580214434385802,2.5966432567459843,2.597438700914857,0,0,0,3.0,2.661473739875702,2.7613376731983688,4.707746795783299,4.619384765625,103.32971852849066,90.1251930533953,107.48292471718158,2.7613376731983688,4.707746795783299,1.704879066938042,55.56811714617689,13.892029286544222,55.56811714617689,2.042081522005315,0.021855472323411274,0.05423058644616211,0.0922720926648892,0.057889338400879176,True,False,False,True,0.011668395435502549,0.05423058644616211,22,False
FT0,83127,18,C4FeMn13,C;Fe;Mn,3,1.8555973458186117,1.8555973458186117,1.9689392081254873,2.026353628465226,0,0,11,6.555555555555555,1.8724637598129832,2.6754191004536856,8.353298120912036,8.357484817504883,77.78965910500283,89.7605019315677,79.91198350901661,2.6754191004536856,8.357484817504883,3.123803973772804,179.62536585321456,9.979186991845253,179.62536585321456,3.502564390524728,-0.01922209525915669,0.3497989648570977,0.663497670787708,0.155337661157251,False,False,True,True,0.04566044298788747,0.3497989648570977,79,False
FT0,83128,8,AsMn4P3,As;Mn;P,3,2.1774619086052187,2.1774619086052187,2.247130522651516,2.2590003589071417,0,0,0,6.25,2.224645423807332,3.344315639026659,5.750422385527068,5.405309677124023,106.06241371561205,90.25457734672199,90.99497660681726,3.344315639026659,5.750422385527068,1.7194616197174173,99.87290539968592,12.48411317496074,99.87290539968592,1.8908039288701999,0.016160780589209927,0.3659642904248342,0.8836258498648025,0.21861976268798866,False,False,True,True,0.11746707833781948,0.3659642904248342,76,False
FT0,83129,18,C5Mn11PtW,C;Mn;Pt;W,4,1.874706003829147,1.874706003829147,1.9557213835414347,1.9667738333952722,0,0,14,10.222222222222221,1.9011206303795087,7.213997321081222,5.614591029480875,5.93365478515625,106.2878100750233,112.86276186461082,107.3656148823112,5.614591029480875,7.213997321081222,1.2848660362263693,188.66799464034074,10.481555257796707,188.66799464034074,2.1778660628408257,-0.007528230344100516,1.1857516832663113,3.2813215411991545,0.30160921986705524,False,False,True,True,0.37579600397434093,1.1857516832663113,257,True
FT0,83130,13,C4Mn9,C;Mn,2,1.941570243776982,1.941570243776982,1.9670760513156211,1.997077145907646,0,0,8,9.384615384615385,1.909791507601037,4.279697558257953,5.127442463098891,6.769141674041748,114.86869846851252,101.66769993546312,95.9121540261162,4.279697558257953,6.769141674041748,1.5816869257455475,128.9931743601331,9.922551873856394,128.9931743601331,2.006830265594813,-0.05491679630202078,0.5224249617341906,0.8549717073040715,0.21700022401311614,False,False,True,True,0.08958790009588485,0.5224249617341906,84,False
FT0,83131,6,AsMn5,As;Mn,2,2.4373207630448097,2.4373207630448097,2.5054123311836918,2.4890069596181097,0,0,0,5.0,2.465679717116716,3.5645950470748646,4.45720638996808,5.187412261962891,107.3339082460616,90.11336315242647,114.26219394917688,3.5645950470748646,5.187412261962891,1.455259908476763,70.98958808182849,11.83159801363808,70.98958808182849,1.9829153377602187,0.004083464244771626,0.1480210932165269,0.29990209679502977,0.07362085642651017,True,False,False,False,0.020425234638176543,0.1480210932165269,21,False
FT0,83132,4,Au2MnPt,Au;Mn;Pt,3,2.7738825624465293,2.7738825624465293,2.7762815540898744,2.7762815540898744,0,0,0,2.0,2.8605428376240365,4.555898755924837,4.554905781423943,4.56438684463501,60.46692022960688,60.48006972267751,60.11267548311353,4.554905781423943,4.56438684463501,1.002081505889701,67.5096655564625,16.877416389115623,67.5096655564625,1.9925662399201125,-0.01743123201581465,0.06025961995665877,0.10789268037529422,0.02019349492675815,True,False,False,True,1.286274061507186,0.06025961995665877,46,True
FT0,83133,6,C2Mn4,C;Mn,2,1.9178229834094473,1.9178229834094473,1.9787823461101022,1.9680994626169748,0,0,3,2.6666666666666665,1.9219095935694033,2.759837766895133,2.7625594917444953,9.188863754272461,90.58275426000169,89.35538973905196,119.2481524865734,2.759837766895133,9.188863754272461,3.3294941697279903,61.121580665652,10.186930110941999,61.121580665652,4.6535739153996944,-0.09242668826058678,0.18961452884994487,0.29591917439198595,0.18696619128219893,False,False,True,True,0.30809079561902775,0.18961452884994487,75,False
FT0,83134,14,As3Mn11,As;Mn,2,2.3867295444631567,2.3867295444631567,2.4178555433363553,2.4188827393811074,0,0,0,9.428571428571429,2.43556412952752,4.494894799789433,6.429981397502701,6.644352912902832,113.46065584790603,79.59089752730793,106.18174416952321,4.494894799789433,6.644352912902832,1.4781998709322612,168.65106030740677,12.046504307671912,168.65106030740677,1.8826605018468134,0.040836495192705116,0.31412828948972515,0.5275989930269035,0.1471253632874543,False,False,True,True,0.11637738097818591,0.31412828948972515,115,False
FT0,83135,12,C4Mn8,C;Mn,2,1.8912350544876635,1.8912350544876635,1.928091035884652,1.939076200664891,0,0,9,6.5,1.8795798695307424,2.839178386291367,5.092883332885827,8.405415534973145,85.66919159508494,80.49469497698782,91.13475642266549,2.839178386291367,8.405415534973145,2.960509834661213,119.4636396552427,9.955303304603559,119.4636396552427,3.019621958539249,-0.015418747701713734,0.46625715531940265,0.6975194319978479,0.2051489457988005,False,False,True,True,0.14661250446015736,0.46625715531940265,84,False
FT0,83136,8,C2Mn6,C;Mn,2,1.8532615941240136,1.8532615941240136,1.8841163774687422,1.8802345150207131,0,0,12,6.75,1.9016102603198044,4.549936926116536,4.5131720787397445,5.036451816558838,64.9073549262392,63.99892761723126,61.23193623240029,4.5131720787397445,5.036451816558838,1.1159450002547242,78.443904224067,9.805488028008375,78.443904224067,1.9872857496987684,0.009272044814633403,0.16837858942494893,0.42538531004621255,0.1330365182692539,False,False,True,False,0.006961060324252339,0.16837858942494893,28,False
FT0,83137,16,C4Mn12,C;Mn,2,1.965717767825977,1.965717767825977,1.9867089516313265,1.9919267000511982,0,0,12,10.0,1.9329701327481863,4.41744705188528,6.628246348016059,6.142167091369629,72.50091386011553,74.990210519654,77.4215676979637,4.41744705188528,6.628246348016059,1.5004699026754047,163.74573866249634,10.234108666406021,163.74573866249634,1.8187634713788048,-0.07293813331467625,0.24421486821153907,0.5761612810661304,0.14144887941427342,False,False,True,True,0.018794313938154082,0.24421486821153907,59,False
FT0,83138,20,C7Mn13,C;Mn,2,1.831865410501373,1.831865410501373,1.9556674787457153,1.9423512894248052,0,0,14,11.6,1.9095471582618404,5.3466900661426715,5.877370651491104,6.062885284423828,93.72913595332234,99.74521425244761,94.57153027950632,5.3466900661426715,6.062885284423828,1.133951137885546,186.577470976108,9.3288735488054,186.577470976108,1.267309462666587,-0.012687524152712553,0.4976036835881549,1.3670937601455073,0.20849831881691472,False,False,True,True,0.10627062821791973,0.4976036835881549,181,True
FT0,83139,4,AuEu2P,Au;Eu;P,3,2.9303686031753413,2.9303686031753413,2.934581619612433,2.9953218200621192,0,0,0,1.0,2.9433826425591416,4.299861845030785,4.2948659033191445,7.571763515472412,73.45652546943641,73.68385429970314,60.273900102443775,4.2948659033191445,7.571763515472412,1.7629801921454231,114.75080504831999,28.687701262079997,114.75080504831999,2.5853286427808797,0.007992098606310914,0.04545703050765027,0.08768302181174073,0.05289357161865205,True,False,False,True,0.006829034528833439,0.04545703050765027,11,False
FT0,83140,8,As4Mn4,As;Mn,2,2.332181682719783,2.332181682719783,2.336734249457029,2.337610986761283,0,0,0,5.5,2.377843052382766,3.4045590204181346,5.9526080869148155,5.515748023986816,90.14854546870689,89.95442465310549,90.41197900048891,3.4045590204181346,5.9526080869148155,1.748422644816931,111.77888105957348,13.972360132446685,111.77888105957348,1.748548362983839,0.038115077145494995,0.16516591222774632,0.3371796002341406,0.02954339566406272,True,False,False,True,0.009453636456973242,0.16516591222774632,18,False
FT0,83141,15,C6Mn9,C;Mn,2,1.87197376501856,1.87197376501856,1.9075222582133515,1.945006683694978,0,0,9,7.466666666666667,1.8759782752513918,2.9274129720043476,6.491952677225692,7.537198543548584,99.60358334936363,90.21561108461195,103.64559366658143,2.9274129720043476,7.537198543548584,2.5746960253400797,137.108602106152,9.140573473743467,137.108602106152,2.7582536163479374,-0.01646574872733049,0.40449454003472307,0.7083284486310059,0.08855884835303307,True,True,True,True,0.058253945513132205,0.40449454003472307,78,False
FT0,83142,4,C2MnMo,C;Mn;Mo,3,2.00277671350753,2.00277671350753,2.045452508893395,2.0505667620533465,0,0,0,3.0,2.018573939052907,2.9350440244595366,2.9360995169513484,5.236510276794434,73.49788119445103,73.83054635444975,60.14784437137357,2.9350440244595366,5.236510276794434,1.7841334689208597,37.012835492684104,9.253208873171026,37.012835492684104,2.6175959989272144,0.029728077639992502,0.32896076205861013,0.5818556894798436,0.19319330199144424,False,False,True,True,0.0167856649608129,0.32896076205861013,20,False
FT0,83143,5,CAuMn3,Au;C;Mn,3,1.949107673159548,1.949107673159548,1.9507006210322972,2.1100129340246805,0,0,3,3.6,1.9734386212059567,3.9253623870491468,3.905728923809566,3.9059948921203613,90.63036748085885,90.57848540526783,91.21471049781503,3.905728923809566,3.9253623870491468,1.0050268371468112,59.86409873588711,11.972819747177422,59.86409873588711,1.0265996769723629,0.02889933833089594,0.03147919290026191,0.05443768588545439,0.11763425874948918,False,False,False,True,0.0020834965531014485,0.03147919290026191,6,False
FT0,83144,8,AsMn7,As;Mn,2,2.4545907380342893,2.4545907380342893,2.468800800598479,2.4912317221422646,0,0,0,6.0,2.4031486978047063,3.609555964474902,4.421429409454214,6.774102687835693,76.63202495184525,75.08199347625643,66.64078883634717,3.609555964474902,6.774102687835693,1.8767135776550155,94.88281495787513,11.86035186973439,94.88281495787513,2.3299691150006647,-0.01911019523285109,0.09388171521213476,0.19783150402571606,0.07202113541158717,True,False,False,True,0.017063094675856632,0.09388171521213476,16,False
FT0,83145,10,C4Mn6,C;Mn,2,1.7800692493490555,1.7800692493490555,1.8129330843698006,1.8270047083185452,0,0,11,6.0,1.8361647134839194,3.0681406345730866,5.567127670663504,6.2744035720825195,102.09324878081087,104.74244583786471,90.0600536978627,3.0681406345730866,6.2744035720825195,2.0450182437466937,101.17560277375154,10.117560277375153,101.17560277375154,2.269699219456076,-0.04319161472692709,0.7497859559150386,1.3187435572664061,0.29402251209001307,False,False,True,True,0.21605143199609742,0.7497859559150386,122,True
FT0,83146,6,FeMn5,Fe;Mn,2,2.431269802500888,2.431269802500888,2.4322677708463556,2.433122818081879,0,0,0,4.0,2.444398852486321,2.505700660030913,3.9844309136191938,6.592827796936035,89.81885906110539,100.7949115743049,88.49700555028721,2.505700660030913,6.592827796936035,2.631131444429878,64.63220313922103,10.772033856536838,64.63220313922103,2.6959194469239987,-0.00525001492857602,0.07948743613902903,0.13172683059568313,0.05137629425994561,True,False,False,True,0.008604924496452135,0.07948743613902903,20,False
FT0,83147,6,Mn5Ni,Mn;Ni,2,2.433043663271207,2.433043663271207,2.4704673948234936,2.4584002497557784,0,0,0,5.0,2.4170049919311287,2.50524740864785,4.366888105948088,6.267187595367432,97.70331524085348,101.6422722534697,89.73199281180534,2.50524740864785,6.267187595367432,2.5016242203200214,66.5295790823754,11.0882631803959,66.5295790823754,2.595765513241789,-0.03076887122699215,0.0728587027192756,0.10497016892387331,0.08584497084150833,True,True,True,True,0.01682258238995283,0.0728587027192756,23,False
FT0,83148,20,C6Mn14,C;Mn,2,1.8521452660334474,1.8521452660334474,1.9349936864981272,1.9337372660221415,0,0,21,10.6,1.8904122365783953,5.056956798774469,6.537930789847657,7.493335723876953,108.2029257844744,110.77002090690533,101.96215096546527,5.056956798774469,7.493335723876953,1.481787569490989,205.4615765131693,10.273078825658464,205.4615765131693,2.132277786387204,-0.09352775100413023,0.5368261432107666,1.1403456460717782,0.11677066485045806,False,False,True,True,0.6009472933250378,0.5368261432107666,828,True
FT0,83149,12,C5Mn7,C;Mn,2,1.9036664100777752,1.9036664100777752,1.9380904013791773,1.9352554720726995,0,0,22,10.166666666666666,1.886112498822744,4.875277300182007,4.868036459777794,4.878805160522461,99.02667114869978,99.78256837328566,99.90871558232114,4.868036459777794,4.878805160522461,1.0022121240943127,110.31759351128417,9.193132792607015,110.31759351128417,1.3275466894115004,0.04698156644539825,0.5370555526043966,0.823668018216402,0.13051982415435326,False,False,True,True,0.06473958959362822,0.5370555526043966,58,False
FT0,83150,12,C4Mn8,C;Mn,2,1.8614050436232452,1.8614050436232452,1.8711400725057403,1.8739775067566817,0,0,24,9.0,1.9421610332525436,5.231175322967139,4.6016304612237535,5.257460594177246,91.06865374088852,117.2560173427718,90.78384861651823,4.6016304612237535,5.257460594177246,1.1425212516476349,112.45075141852061,9.370895951543384,112.45075141852061,1.6427738377997785,0.057620051610033765,0.43545466265337623,0.6701463861484814,0.04905979886683376,True,False,False,False,0.0620498532861471,0.43545466265337623,53,False
FT0,83151,4,Eu2NiPt,Eu;Ni;Pt,3,3.020583931998663,3.020583931998663,3.020990424916194,3.0215039108085318,0,0,0,0.0,3.0729005976597144,4.940221171202814,4.946528166163624,4.960452556610107,60.391175978962316,60.501858201179544,60.19742256400619,4.940221171202814,4.960452556610107,1.0040952387972475,86.417789495392,21.604447373848,86.417789495392,1.990946875808181,0.03573241530259443,0.01734222329729524,0.03167419822263383,0.15797716329590017,False,False,True,True,0.0011721806184522253,0.01734222329729524,13,False
FT0,83152,12,C4Mn8,C;Mn,2,1.881480634363397,1.881480634363397,1.9239123992013367,1.9235557472194902,0,0,18,9.166666666666666,1.9019746313574346,4.81340427004451,5.462606502027109,5.272305488586426,105.42644136793655,116.32602969849633,89.56311024994467,4.81340427004451,5.462606502027109,1.1348738222598111,118.7935610272635,9.899463418938625,118.7935610272635,1.7964134581734261,0.008554724455350271,0.3432467803135357,0.6879585061604313,0.10459543322555831,False,False,True,False,0.035374894122716716,0.3432467803135357,45,False
FT0,83153,12,C4Mn8,C;Mn,2,1.9574574855143396,1.9574574855143396,1.9704402723600332,2.0131804387492513,0,0,4,7.333333333333333,1.969647411337865,2.6834153020356117,6.6735846220558965,6.032690525054932,89.30678614317789,89.0541647231486,89.06865823526161,2.6834153020356117,6.6735846220558965,2.486974199257708,107.99686411404278,8.999738676170232,107.99686411404278,2.488657819559159,-0.028409008742154355,0.19955735053089976,0.37388659179282235,0.1051555579407264,False,False,True,True,0.03450725267491894,0.19955735053089976,60,False
FT0,83154,11,C4Mn7,C;Mn,2,1.8820069703546978,1.8820069703546978,1.9248776654969615,1.940942558549291,0,0,13,8.181818181818182,1.9062480231480796,5.017967334072854,4.957284014472051,5.644713878631592,108.92631837917682,112.3576410250136,104.28912770137701,4.957284014472051,5.644713878631592,1.1386706636441835,111.29875095449566,10.118068268590514,111.29875095449566,2.0439543918373446,-0.016272094033272972,0.39952738746813926,0.7494893216427635,0.19371191494040296,False,False,True,True,0.09417766990772236,0.39952738746813926,55,False
FT0,83155,12,C4FeMn7,C;Fe;Mn,3,1.8748047172668583,1.8748047172668583,1.8977743460298317,1.9026282641095287,0,0,24,8.333333333333334,1.9315902742094664,5.375992189551157,4.429831046122548,4.796163082122803,89.31236637398102,89.90416129246901,91.00504423663862,4.429831046122548,5.375992189551157,1.2135885395125372,114.19336378291904,9.516113648576587,114.19336378291904,1.2151645711586805,0.04058476860246648,0.24435251963163215,0.3729276810934797,0.05462577139718938,True,True,True,True,0.02027640196325775,0.24435251963163215,38,False
FT0,83156,10,HAs3Mn6,As;H;Mn,3,1.9124906855207549,1.9124906855207549,1.947964598811257,2.122802004633882,0,0,5,7.0,1.787862437204604,3.8417926720073754,6.13734976825224,6.09568977355957,80.27078746127786,71.37889739265428,71.55558868145171,3.8417926720073754,6.13734976825224,1.5975223788027615,128.8363827283508,12.88363827283508,128.8363827283508,2.0417588035479026,-0.06747699935680898,0.3302272667591601,1.2458158906621746,0.12701000521470895,False,False,True,True,0.1173480918649173,0.3302272667591601,26,True
FT0,83157,12,C6Mn6,C;Mn,2,2.006797287150877,2.006797287150877,2.0105263360158863,2.0112442831786583,0,0,0,11.0,2.0214993168567412,4.969465514362793,4.972791413753396,4.945999622344971,99.61064624588717,99.21848968544408,120.42474716530646,4.945999622344971,4.972791413753396,1.005416860787329,99.51693851656411,8.293078209713675,99.51693851656411,1.9327300921991106,0.008828216362783253,0.06143532567609217,0.10246265311133662,0.3135938478549587,False,False,True,True,0.00031998448639736075,0.06143532567609217,34,False
FT0,83158,4,Cu2EuSn,Cu;Eu;Sn,3,2.8741814359526723,2.8741814359526723,2.8758632211510164,2.876846340006378,0,0,0,2.0,2.9199014214033814,4.702818487548088,4.7171925797725445,4.721488952636719,60.28105893937145,60.11546832518589,60.05742397280051,4.702818487548088,4.721488952636719,1.003970058622944,74.31701032567132,18.57925258141783,74.31701032567132,1.9995913590080792,0.03827462214589149,0.04552297978858702,0.0562555888670788,0.11548341303832999,False,False,True,True,0.0022871621337642316,0.04552297978858702,5,False
FT0,83159,10,C4Mn6,C;Mn,2,1.9140605317668733,1.9140605317668733,1.9221504099065205,1.9221080729338618,0,0,12,8.6,1.9447978462550517,4.879387977923822,4.8728475889116405,5.327678680419922,62.96691347044312,62.913328723066826,60.87259336542754,4.8728475889116405,5.327678680419922,1.0933398968897095,93.99783636351341,9.39978363635134,93.99783636351341,2.002593275154431,0.003340394044218842,0.3700456681720595,0.494406044938053,0.07581267322282415,True,False,False,True,0.014693175348999813,0.3700456681720595,19,False
FT0,83160,4,CoMn2Pt,Co;Mn;Pt,3,2.6525481144903824,2.6525481144903824,2.6526531883455045,2.652779995360328,0,0,0,3.0,2.618194858001427,3.7809727138323113,3.7875994482151163,4.595187664031982,113.95075699121941,114.01509067881848,89.32085607682681,3.7809727138323113,4.595187664031982,1.2153453652868076,53.99965394652678,13.499913486631694,53.99965394652678,1.9738239143615186,0.02423854534481985,0.04408947153073796,0.07959909652857249,0.05326830698388463,True,False,False,True,0.0016021685724749075,0.04408947153073796,35,False
FT0,83161,6,Ga2Mn4,Ga;Mn,2,2.5769171117871514,2.5769171117871514,2.596839161784204,2.596793766347705,0,0,0,5.0,2.5496841304102564,3.6437404455091627,3.773071750633711,6.076691150665283,108.26551993476156,89.6279962498837,90.28960252918257,3.6437404455091627,6.076691150665283,1.6677069186293672,79.33147712060854,13.221912853434757,79.33147712060854,1.7917991077040138,-0.02553188794180277,0.06961042895511742,0.1359706025266973,0.062000342320514434,True,False,False,True,0.018652450839814965,0.06961042895511742,25,False
FT0,83162,5,Au2Mn3,Au;Mn,2,2.7341619848572023,2.7341619848572023,2.734945237506719,2.7431282643702373,0,0,0,3.6,2.7109078123747086,3.2542274223533667,3.3725007074434,7.682036876678467,102.17360557926135,102.3577615244124,89.89716053451559,3.2542274223533667,7.682036876678467,2.3606330718960726,80.42116358556939,16.084232717113878,80.42116358556939,2.4910536592391974,-0.001534492243123037,0.19574870835388186,0.3525959928589676,0.18169267942914757,False,False,False,True,0.03409623177686921,0.19574870835388186,24,False
FT0,83163,14,C3Mn10Re,C;Mn;Re,3,1.7985683049278527,1.7985683049278527,1.8605091924304853,1.860480886210213,0,0,15,9.714285714285714,1.8488212244229023,4.5612331135541035,6.392172896181878,6.432305812835693,109.29047746882375,117.83742709895563,89.98859590729555,4.5612331135541035,6.432305812835693,1.410212030979415,153.83774415804132,10.988410297002952,153.83774415804132,2.150490205051263,-0.029814823423774305,0.7834123189678378,2.0119486019726476,0.2876261459083018,False,False,True,True,0.06721802144315243,0.7834123189678378,77,True
FT0,83164,14,C5Mn9,C;Mn,2,1.3936350532293176,1.3936350532293176,1.8296779889606385,1.7900150193671465,0,2,16,6.428571428571429,1.3956691390820835,2.7912346369445573,6.912031603147862,7.660894870758057,106.4670827365886,89.88017367036711,90.86476593652851,2.7912346369445573,7.660894870758057,2.7446258975720164,141.72346452520026,10.123104608942876,141.72346452520026,2.9807990440079766,0.009623380021305356,0.7513661234765973,2.1185619658038095,0.49172654132133253,False,False,True,True,0.2709367440756721,0.7513661234765973,248,True
FT0,83165,15,C4Mn11,C;Mn,2,1.9693963802629078,1.9693963802629078,2.015736250081983,2.0089363666596722,0,0,3,9.466666666666667,1.9554080005940087,4.5073607117685786,5.072358911408093,6.64880895614624,88.6343197599354,89.23682454256632,90.06130344482837,4.5073607117685786,6.64880895614624,1.4751002596234215,151.95458832742972,10.130305888495315,151.95458832742972,1.4760445310979393,-0.05914304944913766,0.420588196357571,0.7318324924594428,0.1313449595857108,False,False,True,False,0.07282690605381023,0.420588196357571,122,False
FT0,83166,11,C5Mn6,C;Mn,2,1.9323085221658518,1.9323085221658518,1.9534711429327392,1.960680101014921,0,0,15,10.0,1.8400970670580137,4.881702386409295,4.916504764087573,4.9350080490112305,108.63753858863541,118.96792216603265,80.22928670161268,4.881702386409295,4.9350080490112305,1.0109194822589633,98.17604537708934,8.925095034280849,98.17604537708934,1.8494032653814196,0.02587409609237723,0.6461773925264321,1.125661043377794,0.13980437572103455,False,False,True,True,0.11507136133227192,0.6461773925264321,54,True
FT0,83167,10,As2Mn8,As;Mn,2,2.47807823132479,2.47807823132479,2.501099639036634,2.5046368309657643,0,0,0,7.0,2.48470171064059,4.0901354868104,4.498761444919782,6.8190388679504395,109.05956080420486,89.70875640426787,89.81816237012303,4.0901354868104,6.8190388679504395,1.6671914389975657,118.5924077622843,11.859240776228429,118.5924077622843,1.729738383372907,0.0037934409447886517,0.17911143478259867,0.25608682836546437,0.09681263580192478,True,True,True,True,0.02740397695579721,0.17911143478259867,38,False
FT0,83168,4,CGaMn2,C;Ga;Mn,3,1.9340483373202975,1.9340483373202975,1.9391148569738026,2.109018937334468,0,0,2,2.5,1.96632676215096,2.889344202614067,2.8902657107697376,6.413757801055908,76.29950340342714,76.92691070633974,59.07303639882217,2.889344202614067,6.413757801055908,2.2197970720321964,44.28658860695687,11.071647151739217,44.28658860695687,3.2313000000002403,0.028599174875630906,0.09493324421091123,0.14557388407724134,0.05245343345703102,True,False,False,True,0.007581954220103407,0.09493324421091123,28,False
FT0,83169,9,As3Mn6,As;Mn,2,2.328926418280058,2.328926418280058,2.4153073880222196,2.4170281687574318,0,0,0,6.444444444444445,2.3566945640114736,3.54706062986537,5.926270637331874,5.941905975341797,91.1666465700734,89.95034020082514,89.06031870999504,3.54706062986537,5.941905975341797,1.675163352245074,124.86108600935293,13.873454001039214,124.86108600935293,1.6904494701864625,0.0038814124066389485,0.19374458268996866,0.3903060230156344,0.18338510879946313,False,False,True,True,0.048604240777657674,0.19374458268996866,32,False
FT0,83170,4,Eu2GeHg,Eu;Ge;Hg,3,3.3607277381768244,3.3607277381768244,3.3613822959459014,3.3613822959459014,0,0,0,0.0,3.313799444587995,5.496369306541651,5.529321254431097,5.531148433685303,59.73182870655217,60.03419641264637,59.74574319898127,5.496369306541651,5.531148433685303,1.006327654712404,118.42222438522789,29.605556096306973,118.42222438522789,2.012826547136907,-0.05058317878333263,0.009554543586999911,0.016091220764364027,0.03566889709838961,True,False,False,False,0.0006722704966449804,0.009554543586999911,14,False
FT0,83171,12,As4Mn8,As;Mn,2,2.3572691201536133,2.3572691201536133,2.366084118102524,2.4303114780014385,0,0,0,6.333333333333333,2.3685645777083524,3.5768074635824916,6.2431034970178905,7.350133895874023,90.20276349919845,89.36586046088414,89.34722085224637,3.5768074635824916,7.350133895874023,2.0549425628049347,164.10947016786167,13.675789180655139,164.10947016786167,2.0553794933744762,-0.0038005225546249343,0.2083562557035116,0.2896023230529503,0.023265310351113122,True,False,False,True,0.056955240395766514,0.2083562557035116,48,False
FT0,83172,8,C2Mn6,C;Mn,2,1.9289357252134045,1.9289357252134045,1.9354911068693221,1.936458669020343,0,0,10,6.5,1.888746540790303,3.896204650888659,4.644998965304122,6.015685558319092,59.32285686137643,70.3421647072053,63.70831976733134,3.896204650888659,6.015685558319092,1.543986031880285,83.0836047542022,10.385450594275275,83.0836047542022,2.252271194610256,-0.06621361932710629,0.24663119867220634,0.481541335732349,0.16905202882833592,False,False,True,False,0.002225622679734825,0.24663119867220634,32,False
FT0,83173,8,C3Mn5,C;Mn,2,1.8030212423673977,1.8030212423673977,1.8504189785859437,1.8505114454619387,0,0,13,6.75,1.8275391728737844,5.00977605515391,4.733306858741631,5.041606426239014,117.1838899456367,118.26658434515362,89.55032108061377,4.733306858741631,5.041606426239014,1.0651340757525585,90.28658282991651,11.285822853739564,90.28658282991651,2.198464629949851,0.00310152255611708,0.5820142031002413,1.0741542735435072,0.4148601926751443,False,False,True,True,0.11885736797359894,0.5820142031002413,53,True
FT0,83174,16,C4Mn12,C;Mn,2,1.851559296942499,1.851559296942499,1.9314818035577164,1.9395330907744963,0,0,12,10.25,1.8631070018944542,4.372545204193894,6.184207565187986,6.230082035064697,79.10222482663993,95.58504144295337,74.03931850232351,4.372545204193894,6.230082035064697,1.4248182109333394,157.0491105365664,9.8155694085354,157.0491105365664,1.7284822328189666,-0.0181230221108804,0.4681868959901905,1.0696839582089488,0.13685503023214451,False,False,True,True,0.057323567401131655,0.4681868959901905,71,True
FT0,83175,11,As4Mn7,As;Mn,2,2.416707045251223,2.416707045251223,2.4249936042248965,2.435049104280898,0,0,0,5.636363636363637,2.3821533277997706,3.0063641260225524,7.698738861970052,6.981668472290039,88.48960174339236,76.79241132119392,77.94839334711432,3.0063641260225524,7.698738861970052,2.560813839990685,153.81189744565978,13.982899767787252,153.81189744565978,2.73163705205312,0.007029031152626889,0.2552490243145109,0.3903526117698716,0.22542468035474617,False,False,True,True,0.08129782560685885,0.2552490243145109,47,False
FT0,83176,11,C3Mn8,C;Mn,2,1.8799795839151288,1.8799795839151288,1.9244558878944498,1.9161660300424268,0,0,18,8.545454545454545,1.9162514149778995,5.121668351315749,5.10767745922129,5.3960957527160645,105.1242810187221,105.96317135538091,115.94592065607748,5.10767745922129,5.3960957527160645,1.056467601135242,109.53146601198453,9.957406001089502,109.53146601198453,2.020660551342209,-0.002303407712742827,0.22996914075204494,0.5487833055999587,0.1230009238863321,False,False,True,True,0.026273786310675604,0.22996914075204494,28,False
FT0,83177,5,As2EuFe2,As;Eu;Fe,3,2.311518512316861,2.311518512316861,2.3221449248539434,2.49951215866392,0,0,0,2.0,2.31236784611744,4.0212526511051045,4.0098228744261535,6.267495155334473,108.07878180983977,107.40962106665172,90.13448901963957,4.0098228744261535,6.267495155334473,1.5630354136855522,91.16378572498536,18.232757144997073,91.16378572498536,1.9212649912759237,-0.06388091220201947,0.17431293747724985,0.293901040239887,0.007521982671867988,True,False,False,True,0.022541839693851158,0.17431293747724985,29,False
FT0,83178,6,C2Mn4,C;Mn,2,1.9880796343908096,1.9880796343908096,2.0024740007787645,2.003162701593557,0,0,1,4.666666666666667,1.9382257578828719,2.7073821162039664,4.977664747921214,4.483020305633545,89.91465245484875,107.60476101431345,89.73920539413524,2.7073821162039664,4.977664747921214,1.8385527178189467,57.5847883019062,9.597464716984367,57.5847883019062,1.9754211069924188,-0.05658747617060194,0.1132395087218759,0.21534072759860037,0.11893170133265407,False,False,False,True,0.03446315762740774,0.1132395087218759,32,False
FT0,83179,5,As2EuMn2,As;Eu;Mn,3,2.400485146229333,2.400485146229333,2.401911234510225,2.5538619747344864,0,0,0,2.0,2.4083355587306117,3.9482310656783888,3.9137531435723907,6.537783145904541,107.22750107048256,107.95978707200062,89.64013987629166,3.9137531435723907,6.537783145904541,1.6704638504453533,91.38741997613218,18.277483995226437,91.38741997613218,1.9993024801961354,0.0062942833183583,0.08484951747744066,0.1495847612851122,0.009023820533203164,True,False,False,False,0.015505606889898684,0.08484951747744066,22,False
FT0,83180,12,CMn9Pt2,C;Mn;Pt,3,1.9469060650597036,1.9469060650597036,2.1332832581327654,2.1895107945426084,0,0,2,9.833333333333334,1.9096772878487487,6.199977867575176,5.9112631334424925,6.487396240234375,112.07789126400681,121.07693343090268,107.2686075892705,5.9112631334424925,6.487396240234375,1.0974636205132633,148.28432313989012,12.357026928324176,148.28432313989012,2.822388950240988,-0.032134150461533915,0.49295526309476045,0.7203164745444967,0.2754425507228415,False,False,True,True,0.27183420279540244,0.49295526309476045,123,False
FT0,83181,14,As4Mn10,As;Mn,2,2.2669290907968795,2.2669290907968795,2.4108379957739547,2.397107738627686,0,0,0,6.428571428571429,2.2822079620265807,3.501334988121567,6.794611110516907,8.020642280578613,98.97334090105636,90.50496521070036,105.62998897952797,3.501334988121567,8.020642280578613,2.2907383348891193,181.24844054195194,12.946317181567995,181.24844054195194,2.4790920975428183,0.02788329501515514,0.2999021719019655,0.5079625365726311,0.17520169166794997,False,False,True,True,0.18680642616369475,0.2999021719019655,157,False
FT0,83182,12,C4Mn8,C;Mn,2,1.8681649448784579,1.8681649448784579,1.8782255797139396,1.881479749605184,0,0,24,9.0,1.942648766654529,5.318815510279186,5.289302482615227,5.422183513641357,106.79324402024346,106.8153072110985,116.66352145063676,5.289302482615227,5.422183513641357,1.025122600090065,113.78890949781798,9.482409124818165,113.78890949781798,2.1525271576206477,0.04716875564095391,0.399048029144639,0.5972180254323854,0.049100488970999834,True,False,False,False,0.07024418035779811,0.399048029144639,40,False
FT0,83183,16,C4Mn12,C;Mn,2,1.9822402811735258,1.9822402811735258,1.9991576588454283,2.0023100136946796,0,0,8,10.25,1.9654322232540058,4.462553094542217,5.070898056362891,6.708630561828613,89.31861602281354,90.05394051013236,89.5598856068103,4.462553094542217,6.708630561828613,1.5033166933147282,151.79532496029208,9.487207810018255,151.79532496029208,1.5036576773214898,-0.029101991226041,0.22402768245724977,0.32664638427196174,0.03841581361837498,True,False,False,True,0.0344172340082573,0.22402768245724977,70,False
FT0,83184,10,C2Fe2Mn6,C;Fe;Mn,3,1.8468878956881853,1.8468878956881853,1.9214464180067723,1.9616003547790384,0,0,10,7.8,1.8851609460679355,4.274010668613121,4.967404124577794,6.981828689575195,114.99363657539924,120.08616110138715,98.64890827444273,4.274010668613121,6.981828689575195,1.6335543429611368,103.10822739642883,10.310822739642884,103.10822739642883,2.889688626655383,-0.0008720328748669874,0.3375598281802847,0.5333485293952744,0.20986109943766884,False,False,True,True,0.06954445576217316,0.3375598281802847,46,False
FT0,83185,2,AuGd,Au;Gd,2,2.874291042335598,2.874291042335598,2.874291042335598,2.874291042335598,0,0,0,1.0,3.127875868368505,3.661065008017185,4.805955453679692,3.7079172134399414,93.75465303990116,95.28522333067548,131.23268507028027,3.661065008017185,4.805955453679692,1.3127205999225275,48.15605440063107,24.078027200315535,48.15605440063107,2.4020778146020367,0.010345339274601349,0.316917109064358,0.3169171125006673,-0.00818620327392594,True,False,False,True,1.5159046001250451,0.316917109064358,31,True
FT0,83186,18,C5Mn12Pt,C;Mn;Pt,3,1.8952813577151122,1.8952813577151122,1.918279031210449,1.9595522533813303,0,0,30,13.11111111111111,1.9039936774656832,6.060108534812865,6.133620214714005,6.104058265686035,107.93614057842314,106.64453179994068,107.66071760068408,6.060108534812865,6.133620214714005,1.0121304229914112,186.76224671427522,10.37568037301529,186.76224671427522,1.8140643052236218,-0.021039404204487726,0.3816062353605113,0.644481193901941,0.15501923811830132,False,False,True,True,0.040768964265268645,0.3816062353605113,55,False
FT0,83187,15,Mn14V,Mn;V,2,2.2886611303747855,2.2886611303747855,2.361116267677212,2.352250765209401,0,0,0,9.866666666666667,2.387394219811488,4.32435505290152,5.885003910108792,7.575822830200195,90.10498933944996,65.85500945385618,72.31517394632046,4.32435505290152,7.575822830200195,1.7518965805356412,165.8425078114894,11.056167187432628,165.8425078114894,2.2620649614702724,0.010347048266532193,0.25416122934714364,0.5276992523758234,0.1036343889519582,False,False,True,True,1.1318571206904426,0.25416122934714364,326,True
FT0,83188,4,EuHg2Zn,Eu;Hg;Zn,3,3.137264238387664,3.137264238387664,3.14110253149021,3.1416587121878043,0,0,0,0.0,3.1589538598997864,5.153009462448157,5.129726767678924,5.16196346282959,60.53549442797345,60.40600883214277,60.086062440262076,5.129726767678924,5.16196346282959,1.0062842908814913,97.22846609469752,24.30711652367438,97.22846609469752,1.9949133124176277,0.007461462652723038,0.033984676606197965,0.06373726723351182,0.0894611230178266,True,False,False,True,0.0021263528135424233,0.033984676606197965,7,False
FT0,83189,12,C4Mn8,C;Mn,2,1.923253225839771,1.923253225839771,1.932009583940571,1.9316898822273645,0,0,22,9.0,1.9300387807890353,4.694709311333315,4.632583583261748,6.308654308319092,111.80427383042363,111.50145860721967,89.89370416551264,4.632583583261748,6.308654308319092,1.3618004284074336,117.08270507411531,9.75689208950961,117.08270507411531,1.9341104422706927,-0.0073971905633302614,0.2512897090953599,0.3708816236639924,0.12978896553349983,False,False,True,False,0.045540192320730886,0.2512897090953599,40,False
FT0,83190,5,AsEu2PSn,As;Eu;P;Sn,4,2.461665160633872,2.461665160633872,2.776684069789379,2.8376934216222445,0,0,0,1.2,2.502363445686596,4.947836290559737,5.5621425954201325,5.566215515136719,89.31424467429231,89.6088717031031,89.6148413011947,4.947836290559737,5.566215515136719,1.1249797261394487,153.1675106199959,30.633502123999182,153.1675106199959,1.131707750214216,0.008449387921000157,0.07944106527947133,0.1776591345418504,0.5158079837792906,False,False,True,True,0.004786890698722941,0.07944106527947133,13,False
FT0,83191,9,C5Mn4,C;Mn,2,1.4927543039902356,1.4927543039902356,1.8497775465645347,1.7496095398041633,0,1,5,6.222222222222222,1.4065909995441637,2.9971199046188217,5.298160012852789,5.353510856628418,102.01959860912163,90.02290413020829,89.30124005772325,2.9971199046188217,5.353510856628418,1.7862184453742387,83.13948495843064,9.237720550936737,83.13948495843064,1.9537451885879238,-0.08509370787633913,0.8307320773691528,1.4640335548374608,0.34252558902428554,False,False,True,True,0.07647343957019515,0.8307320773691528,51,True
FT0,83192,4,HEuPtSn,Eu;H;Pt;Sn,4,1.8906000910193685,1.8906000910193685,2.3119049006914834,2.3127898451071203,0,0,1,1.5,1.8562834698386501,3.7880430735825823,4.74388842515922,4.731072425842285,119.7301424346185,89.89395015505784,90.10119858261855,3.7880430735825823,4.74388842515922,1.2523322288076932,73.82665676798848,18.45666419199712,73.82665676798848,1.7226848047866103,0.009711379972449405,0.012986985026515198,0.02042915033618383,0.0580191917529298,True,True,True,True,0.0013146533116139194,0.012986985026515198,14,False
FT0,83193,6,Mn4Pt2,Mn;Pt,2,2.572074419316577,2.572074419316577,2.5809386852984098,2.585257989029487,0,0,0,4.0,2.7157144150232164,3.111861469655993,3.089512501069798,8.694279670715332,90.55759863179436,90.46237901021266,90.88221017686591,3.089512501069798,8.694279670715332,2.814126716659921,83.57128715241083,13.928547858735138,83.57128715241083,2.8283996969475202,0.060336053545289384,0.1807220018821175,0.27657935420954854,0.1787594991108783,False,False,True,True,0.020398312033557728,0.1807220018821175,70,False
FT0,83194,12,C5Fe2Mn5,C;Fe;Mn,3,1.8614424872369735,1.8614424872369735,1.908031275128591,1.9169434531636478,0,0,17,7.333333333333333,1.8747023063013604,2.727756005084266,6.089029170803479,7.110419750213623,71.18307644272451,80.90193776062469,79.01473520060149,2.727756005084266,7.110419750213623,2.6066919977301883,109.14400082301326,9.095333401917772,109.14400082301326,2.9117755722507606,0.026253285353409737,0.6154812690275294,1.0689265757287112,0.21435799174924952,False,False,True,True,0.061752459547942715,0.6154812690275294,56,True
FT0,83195,4,H2EuRh,Eu;H;Rh,3,1.8251974142916572,1.8251974142916572,1.830000222817041,2.029405460454651,0,0,2,2.5,1.8321682822672654,3.8170495699489453,3.654115698603615,3.6754207611083984,89.91443389142214,89.77698317178414,90.24808863978654,3.654115698603615,3.8170495699489453,1.044589138599961,51.2636236548457,12.815905913711426,51.2636236548457,1.0450360050175678,0.004858928764283673,0.016826657464061853,0.029641066047674466,0.059202521113284945,True,True,True,True,0.002357330425109562,0.016826657464061853,7,False
FT0,83196,18,C7Mn11,C;Mn,2,1.9018537905356263,1.9018537905356263,1.9594782766079835,1.9579371768217737,0,0,15,7.888888888888889,1.8834447660018565,2.832482622298485,6.545941324579614,9.097345352172852,85.33222362671522,89.181172104375,90.42704643076479,2.832482622298485,9.097345352172852,3.2117921150000193,168.09339419024533,9.338521899458074,168.09339419024533,3.2235750865932085,-0.009625917105737809,0.36208884801491714,1.0499960047577037,0.1435333372502452,False,False,True,True,0.10440175677603422,0.36208884801491714,230,True
FT0,83197,12,C4Mn8,C;Mn,2,1.8689695343101427,1.8689695343101427,1.909531259455485,1.912515604700643,0,0,22,9.166666666666666,1.9008012326493164,5.220156180043807,4.834364970396117,5.503493309020996,90.21010595852967,105.52932563946588,117.71985486162838,4.834364970396117,5.503493309020996,1.1384108032228382,117.11302750704388,9.759418958920323,117.11302750704388,1.8491083567321724,0.02406001329292616,0.42755536881068407,0.7714596313372045,0.10462022875778487,False,False,True,False,0.04717740532364257,0.42755536881068407,42,False
FT0,83198,20,C7Mn13,C;Mn,2,1.856727924364114,1.856727924364114,1.9156860704155978,1.9075489883378172,0,0,41,14.1,1.9168709490055411,6.2094282492683455,6.104586523299272,6.114593982696533,106.04400015850493,107.78224950459217,108.4470521593374,6.104586523299272,6.2094282492683455,1.0171742550570666,190.68081085914608,9.534040542957303,190.68081085914608,1.8259559418560867,0.04296756126081432,0.3870937251532436,0.8343181148520138,0.16519769015480534,False,False,True,True,0.044641717820775396,0.3870937251532436,49,False
FT0,83199,8,As4Mn4,As;Mn,2,2.3672765471087875,2.3672765471087875,2.3678388369742915,2.3681143307653985,0,0,0,5.5,2.3779226433469542,3.429310023890411,5.557368613481794,6.124317646026611,89.94853019571346,90.26319017328427,89.61559263891344,3.429310023890411,6.124317646026611,1.7858745938283016,116.7129689537443,14.589121119218037,116.7129689537443,1.7859789309556704,-0.0044908685201396495,0.16403670094165007,0.2816718073676787,0.029519553806152565,True,False,False,False,0.015583289407943552,0.16403670094165007,15,False
FT0,83200,4,MnRh2Zn,Mn;Rh;Zn,3,2.589236720283659,2.589236720283659,2.5899465782272815,2.5899465782272815,0,0,0,3.0,2.617843324865981,3.0502794754645692,4.207135416202863,4.201131820678711,90.05756050789144,90.16083296477476,90.08128175203859,3.0502794754645692,4.207135416202863,1.3792622774547898,53.91257351110858,13.478143377777146,53.91257351110858,1.3794958749714916,0.02679593298944457,0.026760742769533382,0.034563249200915705,0.0025867382080075885,True,False,False,True,0.0015797106492159891,0.026760742769533382,19,False
FT0,83201,5,ErFeMn3,Er;Fe;Mn,3,2.2680640084444414,2.2680640084444414,2.2833155467760324,2.415499891073323,0,0,0,3.2,2.2802214862723305,3.8746370544222613,3.908388778064879,5.494964122772217,110.9804519100745,110.80777562494276,89.80162597874512,3.8746370544222613,5.494964122772217,1.4181880897723358,71.89558817564289,14.379117635128576,71.89558817564289,1.936194700431008,-0.004374038902503024,0.05855029678672881,0.1306848120396498,0.104414083667967,False,False,True,True,0.016193102037725785,0.05855029678672881,16,False
FT0,83202,12,C4Mn8,C;Mn,2,1.9713228840855634,1.9713228840855634,1.9824884887464427,1.9820858975853135,0,0,17,9.666666666666666,1.9756687004300928,4.901412208782325,4.859286608744988,4.853654384613037,89.83042941435248,89.50835864108556,89.34599140328692,4.853654384613037,4.901412208782325,1.00983956013034,115.58900652048561,9.632417210040467,115.58900652048561,1.0163193403975752,-0.021882847721013215,0.08637573663671201,0.1585116654643894,0.12891857877406032,False,False,True,False,0.012599094875166694,0.08637573663671201,29,False
FT0,83203,16,C4Mn12,C;Mn,2,1.8483105438218528,1.8483105438218528,1.8793155745577592,1.9039410796297946,0,0,19,9.5,1.8994539958004215,4.231050711638278,6.198461996074508,6.264567852020264,100.0683574036917,82.18642305804087,97.10250417373416,4.231050711638278,6.264567852020264,1.4806175295390398,159.42027313029635,9.963767070643522,159.42027313029635,1.6492966531823046,-0.008197038497123147,0.488208642859034,0.7430194606198627,0.14508810060567967,False,False,True,True,0.05747675450598321,0.488208642859034,56,False
FT0,83204,8,C3Mn5,C;Mn,2,1.8537575721319761,1.8537575721319761,1.9085100208761536,1.9203328599692209,0,0,6,6.75,1.8538914342818968,3.9592672563522227,5.771673727816831,4.942176342010498,124.99967403115538,110.50786438745642,92.14289392383904,3.9592672563522227,5.771673727816831,1.4577631046645803,82.3628470396689,10.295355879958613,82.3628470396689,2.494687948513774,-0.02623979891410806,0.3996786771557663,0.6824596460108017,0.25614875926449976,False,False,True,True,0.0693493781006236,0.3996786771557663,72,False
FT0,83205,12,Mn8Sb4,Mn;Sb,2,2.613560394647604,2.613560394647604,2.636563793067593,2.6399042582772263,0,0,0,6.666666666666667,2.5645590811108074,3.9837143638479176,6.339953517194416,7.906668663024902,90.08373379549816,90.62813403434889,90.56895044840648,3.9837143638479176,7.906668663024902,1.984747886238449,199.67319080203436,16.639432566836195,199.67319080203436,1.9851143544118328,-0.017643346377150235,0.09544694939341987,0.25249043522991776,0.11321584353633529,False,False,False,True,0.04143338296029074,0.09544694939341987,51,False
FT0,83206,4,AsEu2Hg,As;Eu;Hg,3,3.322664845037721,3.322664845037721,3.3237044359710697,3.3241062090026507,0,0,0,0.0,3.3016110584105687,5.455973800242592,5.446516688056165,5.4547295570373535,59.84861352618835,60.23724335258139,59.8480785073568,5.446516688056165,5.455973800242592,1.001736359719078,114.55631558851879,28.639078897129696,114.55631558851879,2.0099797044935825,-0.024322723931066218,0.007986566267831265,0.012275939391268597,0.17275508759847114,False,False,False,True,0.0012341717134398437,0.007986566267831265,12,False
FT0,83207,6,As2Mn4,As;Mn,2,2.4037136734236224,2.4037136734236224,2.410925201231899,2.4468422069100977,0,0,0,4.0,2.4076115051442954,3.985426660272428,4.001646549526247,5.83831262588501,90.41304452465427,90.42689616485703,120.23313221506325,3.985426660272428,5.83831262588501,1.4649153336787097,80.43766906259135,13.406278177098558,80.43766906259135,2.0751932263617725,-0.04570630403084728,0.3259214802620041,0.6400884098782285,0.16866949024206335,False,False,True,True,0.15028878951545366,0.3259214802620041,40,False
FT0,83208,4,Eu3Rh,Eu;Rh,2,2.772575004818098,2.772575004818098,2.8153218234141635,3.1097448693223684,0,0,0,1.0,2.8432236730909657,4.05449627593142,4.045055410924036,10.136896133422852,78.60844243514168,78.94181737898973,60.48302749577839,4.045055410924036,10.136896133422852,2.5059968538495796,140.95113050910703,35.23778262727676,140.95113050910703,3.541588566742406,0.023132541551439123,0.13834532921396234,0.2639175280706073,0.1802574037231448,False,False,True,True,0.019881015030706304,0.13834532921396234,38,False
FT0,83209,16,As2Mn14,As;Mn,2,2.3928100422812717,2.3928100422812717,2.4464352444069326,2.4535410675373095,0,0,0,10.0,2.399336561878419,4.424306027954731,7.087024193060354,6.765966892242432,75.4555372475048,77.6091389300659,66.87856777368121,4.424306027954731,7.087024193060354,1.6018386043554373,187.24528428490936,11.702830267806835,187.24528428490936,2.0664320365134468,-0.014957362089876669,0.11616941785258235,0.20789205176831796,0.07577861221822779,True,False,False,False,0.017954597767096857,0.11616941785258235,34,False
FT0,83210,10,C2Al2Mn6,Al;C;Mn,3,1.887272053403352,1.887272053403352,1.9053738033262886,2.0589978992410107,0,0,12,7.2,1.8970456683205537,5.374119844653726,5.371880942949443,5.373106956481934,119.28924151319147,119.80487972224205,89.41208746257341,5.371880942949443,5.374119844653726,1.000416781706084,111.69424834180634,11.169424834180635,111.69424834180634,2.352302016929061,-0.01583457999090974,0.05654814248823088,0.13482926488489247,0.0051323294257805685,True,False,False,True,0.0011621919300572221,0.05654814248823088,31,False
FT0,83211,12,C4Mn8,C;Mn,2,1.985409623289498,1.985409623289498,1.992636775091945,2.028240960312071,0,0,4,7.333333333333333,1.9689334125098292,2.6816067630676392,5.9949767748061475,6.717752456665039,90.34470850759456,89.63520208663603,90.32695681951319,2.6816067630676392,6.717752456665039,2.5051221339329515,107.98985397456657,8.999154497880548,107.98985397456657,2.5054199559525197,-0.028253834060160396,0.2228958084227309,0.4068224369254632,0.10511804675094893,False,False,True,False,0.0337860597437324,0.2228958084227309,61,False
FT0,83212,9,C3Mn6,C;Mn,2,1.9508741353599124,1.9508741353599124,1.9526263770311196,1.9548457788435054,0,0,18,7.555555555555555,1.9520303226874245,4.438283439677346,4.8479758533876325,4.822940349578857,119.4488615460257,89.50383707942449,89.77094528722431,4.438283439677346,4.8479758533876325,1.0923087538861804,90.35816958429055,10.039796620476729,90.35816958429055,1.7133665577758705,-0.009640111754582842,0.07814917504330132,0.14333522502252857,0.058097452471976396,True,False,False,True,0.0017676311361362388,0.07814917504330132,20,False
FT0,83213,10,As2Mn8,As;Mn,2,2.4463630615130434,2.4463630615130434,2.4790808890778324,2.48807733591315,0,0,0,8.0,2.3900272646741416,4.372414670627261,4.55092077795369,6.93187141418457,107.79294547563302,102.17675391573682,98.45473168641404,4.372414670627261,6.93187141418457,1.5853645951631876,125.02329756588438,12.502329756588438,125.02329756588438,1.9770571643662436,-0.028923908123499924,0.18793585444200303,0.37143967955968427,0.13236027374137826,False,False,True,True,0.02864027077724353,0.18793585444200303,37,False
FT0,83214,14,Mn12Sb2,Mn;Sb,2,2.2735360393673294,2.2735360393673294,2.3918841209130486,2.4222596972040504,0,0,0,7.0,2.310455465013008,3.6015780861295488,7.979872908504307,7.377799034118652,105.15314522582577,91.01801474293698,103.06105225988681,3.6015780861295488,7.979872908504307,2.2156601127812587,198.704839533441,14.193202823817215,198.704839533441,2.5083762590907113,-0.006765516715420977,0.29169660895163263,0.5124629549912918,0.31735742250740806,False,False,True,True,0.0639231016266241,0.29169660895163263,50,False
FT0,83215,18,C6FeMn11,C;Fe;Mn,3,1.8334303516996708,1.8334303516996708,1.8959181728282934,1.8779233832200535,0,0,25,9.88888888888889,1.8939383973304453,3.822991801194389,7.121695691831782,7.160315990447998,65.41399864547527,74.71473378396969,75.0335596660828,3.822991801194389,7.160315990447998,1.872961377581546,168.5319751139794,9.36288750633219,168.5319751139794,2.3935354444463774,0.0887799815024607,0.24959626258326026,0.7504829433926605,0.1926712905228154,False,False,True,True,0.053106013287102294,0.24959626258326026,57,False
FT0,83216,10,C2Mn8,C;Mn,2,1.8905642319083882,1.8905642319083882,1.9127023991176104,2.0165605333649563,0,0,10,6.8,1.8734754842066308,3.932663474342919,5.248253179033582,5.256526947021484,89.40141154796086,89.2867258439772,89.7819077173424,3.932663474342919,5.256526947021484,1.3366327887742189,108.47762454801459,10.847762454801458,108.47762454801459,1.3429910608168767,-0.03041498353565309,0.17466321701961193,0.47657533319017265,0.16659059651688146,False,False,True,True,0.2681224150529066,0.17466321701961193,127,False
FT0,83217,4,As2EuMn,As;Eu;Mn,3,2.565848676673276,2.565848676673276,2.57140923078729,2.6737957435614663,0,0,0,2.0,2.60586292568779,3.997155300417743,4.012552610326658,6.565402984619141,71.69650847731401,72.11969263568893,59.867810595461876,3.997155300417743,6.565402984619141,1.642518864336592,85.02130238500436,21.25532559625109,85.02130238500436,2.465660946701636,-0.003157335246806938,0.030594956852800337,0.05267049034429241,0.08333240464477498,True,False,False,True,0.011084803547178666,0.030594956852800337,21,False
FT0,83218,5,C2EuMn2,C;Eu;Mn,3,1.939644112452351,1.939644112452351,1.9399477250112087,2.143356026486388,0,0,4,2.8,1.9444018658841662,3.4336530855821827,3.412906914219876,5.862053871154785,107.21153123983339,107.39697881048458,90.10063808863093,3.412906914219876,5.862053871154785,1.7176131721408923,62.31037147998285,12.462074295996569,62.31037147998285,2.043512526934211,0.03954940239964503,0.12117455598683473,0.19262744813067556,-0.05352028223946981,True,True,True,True,0.061574118844864856,0.12117455598683473,25,False
FT0,83219,12,C3Mn8N,C;Mn;N,3,1.7815834574750005,1.7815834574750005,1.9313033827487562,1.901198981949723,0,0,18,9.0,1.8586061745183822,5.210270802652944,4.554253490513162,5.377955913543701,90.14554701008018,104.18223498636252,81.56565472010745,4.554253490513162,5.377955913543701,1.18086442152295,122.3111300210103,10.192594168417525,122.3111300210103,1.3948715990847487,-0.05150012769639058,0.4683735477007702,1.4107048678400473,0.15462695767755008,False,False,True,True,0.25180567067218346,0.4683735477007702,147,True
FT0,83220,5,CMn3Zn,C;Mn;Zn,3,1.888367522698822,1.888367522698822,1.8908433871973513,2.0431265378952146,0,0,3,3.6,1.928793790241632,3.7854841790017275,3.781671302566737,3.800137519836426,91.19816794055188,90.59336834775749,90.49235664552604,3.781671302566737,3.800137519836426,1.0048830836400708,54.38378198675514,10.876756397351027,54.38378198675514,1.0254836773254257,0.05774697779524126,0.050474411864276515,0.08029675027379875,0.06770065786259583,True,False,False,True,0.0012716403355077296,0.050474411864276515,11,False
FT0,83221,4,Mn2Pt2,Mn;Pt,2,2.7275869336679937,2.7275869336679937,2.730421697577638,2.730421697577638,0,0,0,3.0,2.7194760399968456,4.013622073787848,3.752031586618339,4.018714904785156,89.37173441849983,88.6092394984541,89.59873571981049,3.752031586618339,4.018714904785156,1.0710770450648512,60.49594036620391,15.123985091550978,60.49594036620391,1.0844350055001495,0.004426411569611183,0.031184906211815668,0.0432848558226431,0.019519526826171862,True,False,False,False,0.002069475246263423,0.031184906211815668,27,False
FT0,83222,8,C4Mn4,C;Mn,2,1.8314002376484528,1.8314002376484528,1.8791844093943046,1.909776648063166,0,0,6,6.75,1.8812656455508259,2.85669162071289,4.9284802588029,6.03739070892334,125.38708135663373,103.82605409066636,90.53966289497987,2.85669162071289,6.03739070892334,2.1134205264398482,66.10685077915747,8.263356347394684,66.10685077915747,2.692730545917776,0.012536778825872995,0.41757170869944943,0.8945690018458039,0.42651556263767354,False,False,True,True,0.043701027183967435,0.41757170869944943,43,False
FT0,83223,16,Mn12Os2Re2,Mn;Os;Re,3,2.4737475618022056,2.4737475618022056,2.5024732570372348,2.506318969799275,0,0,0,8.0,2.4854004219420585,3.617403587241807,7.296714336427445,7.246492862701416,90.4608831998091,90.4051556425021,91.04634642340203,3.617403587241807,7.296714336427445,2.0171137006006656,191.22927761747377,11.95182985109211,191.22927761747377,2.0213908149108364,0.028198002799747757,0.10676484004270702,0.2339395921146179,0.09568234296824407,True,True,True,True,0.027777482462757894,0.10676484004270702,42,False
FT0,83224,16,C4Mn10N2,C;Mn;N,3,1.8128812517256607,1.8128812517256607,1.9161541894987248,1.8996962018714512,0,0,22,11.125,1.8354888631406787,5.663197597564331,4.931933496783088,6.258607387542725,97.66146651466728,102.69804841488578,105.85360922935148,4.931933496783088,6.258607387542725,1.2689967112543132,160.52392358277626,10.032745223923516,160.52392358277626,1.6159127989156958,-0.0002645933130981383,0.4107317794108604,0.7399347938743938,0.2114431620313546,False,False,True,True,0.05385289078833131,0.4107317794108604,57,False
FT0,83225,4,BeEu2Pt,Be;Eu;Pt,3,2.327978548240139,2.327978548240139,2.7121159206249987,2.714330854042796,0,0,0,0.5,2.335099033734284,4.0480325141094315,4.028394525221592,8.142909049987793,90.02222111076729,90.09423863159562,60.590697080465446,4.028394525221592,8.142909049987793,2.02137824361676,115.67511669982052,28.91877917495513,115.67511669982052,2.8265574578890407,-0.0019074381347823062,0.0683588081019853,0.1360670656236115,0.08546303401122834,True,True,True,True,0.020749944882613176,0.0683588081019853,17,False
FT0,83226,10,C4Mn6,C;Mn,2,1.9300920428513022,1.9300920428513022,1.9470702742778045,1.9472763564441316,0,0,19,9.0,1.9227123596021665,4.958919204700985,4.87437110631052,4.887146472930908,79.46570605280908,109.31635071567436,120.50996323335889,4.87437110631052,4.958919204700985,1.0173454372977482,96.0286954150614,9.602869541506141,96.0286954150614,1.9075743128245797,0.012699965827954495,0.19598399862567076,0.3288747067550641,0.12110381091813771,False,False,True,True,0.03523082755214108,0.19598399862567076,25,False
FT0,83227,11,As4Mn7,As;Mn,2,2.298453411483185,2.298453411483185,2.3706024667234145,2.3965718381901038,0,0,0,6.0,2.3523036578071337,3.449684704616866,6.166629305906102,7.203796863555908,92.2154975258912,90.59200922963025,90.4471271770003,3.449684704616866,7.203796863555908,2.0882479068057282,153.11795705319653,13.91981427756332,153.11795705319653,2.092737141470591,0.029956750085859254,0.29984037430299576,0.7025929272223592,0.06586421670950493,True,True,True,True,0.05182565463105377,0.29984037430299576,41,False
FT0,83228,3,Au2Eu,Au;Eu,2,2.752481540475047,2.752481540475047,2.752481540475047,2.9379093067259667,0,0,0,0.6666666666666666,2.7713133532941727,3.6987202167396167,4.796704166115845,4.780848979949951,120.35820771574129,89.79530857001949,90.19577622398421,3.6987202167396167,4.796704166115845,1.2968550971784747,73.18930059862116,24.39643353287372,73.18930059862116,1.744651076965381,0.012849786046273704,0.028534036282322983,0.041694363156864506,0.012522721822915805,True,True,True,True,0.0015205473236322305,0.028534036282322983,6,False
FT0,83229,8,C4Mn3Sc,C;Mn;Sc,3,1.9253224204412118,1.9253224204412118,1.9811622800599098,1.9876201719019373,0,0,4,7.0,2.019305839780991,2.9053364524648932,5.050613704592826,5.0601959228515625,110.19114057760056,90.99034569897324,90.83701480780744,2.9053364524648932,5.0601959228515625,1.7416901641661784,69.6617512917364,8.70771891146705,69.6617512917364,2.019701537130437,0.09094795231620353,0.04168390166208345,0.11224523224571814,0.2992760164011923,False,False,True,True,0.0032180939635884677,0.04168390166208345,36,False
FT0,83230,5,HMn3P,H;Mn;P,3,1.6752563902014572,1.6752563902014572,1.6824800393153116,1.8006108409559167,0,0,3,4.0,1.6549401650185789,2.763125393033706,4.464856391122985,4.452630043029785,103.89107687233009,89.29316674280935,90.80175742271177,2.763125393033706,4.464856391122985,1.6158717958944688,53.31786394933846,10.663572789867692,53.31786394933846,1.7974428652651084,-0.0789404710039098,0.17792581147470385,0.25854103337156714,0.28623268917773625,False,False,True,True,0.02934956382698515,0.17792581147470385,28,False
FT0,83231,10,C3Mn7,C;Mn,2,1.8600017264831377,1.8600017264831377,1.921930773433259,1.904545799498024,0,0,16,8.4,1.883100930001278,4.73541280498124,4.792755627551926,4.614154815673828,100.10414000064003,99.22095024377381,100.56574510713901,4.614154815673828,4.792755627551926,1.0387071563510197,99.32600054684092,9.932600054684091,99.32600054684092,1.362525235588883,-0.027929067169960863,0.4067667168835486,0.7608559651672602,0.1693852583563178,False,False,True,True,0.03419361489039505,0.4067667168835486,43,False
FT0,83232,4,Mn3Sb,Mn;Sb,2,2.5939355950050738,2.5939355950050738,2.594972228662817,2.5949722286628165,0,0,0,2.0,2.595017931457897,4.297324329128965,4.303552051362881,4.322447776794434,59.09408795939675,60.00912210006984,59.1167382175301,4.297324329128965,4.322447776794434,1.0058463001024085,55.75224020017387,13.938060050043468,55.75224020017387,2.047362545083328,-0.03268135374335416,0.06425723356092558,0.11092103318938704,0.15981902979668927,False,False,False,True,0.005676913527496795,0.06425723356092558,18,False
FT0,83233,10,HMn9,H;Mn,2,1.7872618575871724,1.7872618575871724,1.8270978724281417,1.8357989134251114,0,0,12,8.0,1.7373631557063973,4.905913578309762,5.107045816195816,4.869319915771484,104.02355547410617,116.91031479111733,105.91294799844867,4.869319915771484,5.107045816195816,1.0488211710334228,94.58899644271101,9.458899644271101,94.58899644271101,2.037702301364952,0.05081482039778253,4.619371417312242,8.433248979246752,0.0901227512119469,True,True,True,True,1.036998614693748,4.619371417312242,521,True
FT0,83234,10,BrClEu4Mn4,Br;Cl;Eu;Mn,4,2.2286866678899493,2.2286866678899493,3.090469953362053,2.768327848636834,0,0,0,0.4,2.2732405205659827,3.8702767540800997,3.9001823479989666,18.13143539428711,89.22994648135202,88.99276811378525,118.18559038199169,3.8702767540800997,18.13143539428711,4.684790402953147,241.1258751996296,24.11258751996296,241.1258751996296,6.427749776669783,-0.012930631714319508,0.06710992270630063,0.1205637622778673,0.272585911403759,False,False,True,True,0.008330564090584533,0.06710992270630063,22,False
FT0,83235,8,CMn7,C;Mn,2,2.1085710104341326,2.1085710104341326,2.4518151175440863,2.3284099312523883,0,0,0,2.25,2.103496840079281,2.46813267972703,2.4813533863225357,13.118273735046387,89.98345978558876,90.21186132163932,88.83970355294501,2.46813267972703,13.118273735046387,5.315060184081044,80.32333914490347,10.040417393112934,80.32333914490347,5.357265511191421,-0.0011080084672430853,0.2401649534455041,0.8662434265936196,0.23634702531766294,False,False,True,True,0.022234705022854902,0.2401649534455041,42,False
FT0,83236,4,Eu3Pt,Eu;Pt,2,2.9402037323419026,2.9402037323419026,2.9744706524274713,2.9994397612184938,0,0,0,0.5,2.917909788521766,4.025804860391902,6.356576634900818,6.816277503967285,117.8889392534079,90.2973752911624,108.38783535725184,4.025804860391902,6.816277503967285,1.6931465235758443,143.85369304007406,35.963423260018516,143.85369304007406,2.3058891747929833,-0.028831226461497928,0.0940715112860923,0.15921895732449545,0.06633002887695305,True,True,True,True,0.025208884552956695,0.0940715112860923,25,False
FT0,83237,9,As2Mn7,As;Mn,2,2.4126963478807264,2.4126963478807264,2.435569515152138,2.4381777037269807,0,0,0,6.0,2.4122564812008216,4.041690154766525,4.063383326840022,7.533222675323486,89.36250003076235,89.4642151280751,119.18531336605167,4.041690154766525,7.533222675323486,1.863879314558356,107.98916554623047,11.998796171803384,107.98916554623047,2.597720270696122,-0.022639263263783998,0.2605315167811057,0.4704220251998808,0.08622113514899077,True,True,True,True,0.0312723778504867,0.2605315167811057,42,False
FT0,83238,13,C4LiMn8,C;Li;Mn,3,1.7308959604710936,1.7308959604710936,1.8174414640513687,1.8528627053626947,0,0,15,8.76923076923077,1.8565109883034256,3.9008976203297134,7.437660194931847,6.273520469665527,121.12973257804516,108.60358645841151,106.76309555759998,3.9008976203297134,7.437660194931847,1.906653524094077,122.45896264162467,9.419920203201897,122.45896264162467,3.271344310105134,0.09165236938608477,1.0177963083846,1.941255057559677,0.22963809906098298,False,False,True,True,0.18213553208635117,1.0177963083846,162,True
FT0,83239,8,C2GaMn5,C;Ga;Mn,3,1.8842450128182584,1.8842450128182584,1.8923180284065668,1.9984951186043316,0,0,8,6.0,1.8982880641526212,3.7897964420419172,3.8517183266378483,6.113513469696045,108.74837907127674,89.96867242238758,90.12516574027069,3.7897964420419172,6.113513469696045,1.6131508811069875,84.5049872661133,10.563123408264163,84.5049872661133,1.7795815511135553,0.00854617972581511,0.1770777771345231,0.43044011722085956,0.07321706372324854,True,True,True,True,0.03301858152484523,0.1770777771345231,32,False
FT0,83240,6,AuMn5,Au;Mn,2,2.5247711119928233,2.5247711119928233,2.534356297822069,2.5569121967633546,0,0,0,3.6666666666666665,2.4980168455007217,4.286062590547115,4.279559145437319,5.407407760620117,89.7491433147023,90.08432118500731,120.65383199230256,4.279559145437319,5.407407760620117,1.2635431774287456,85.32450262061064,14.22075043676844,85.32450262061064,1.803614236658684,-0.08614976863506049,0.10743731896852483,0.1620410141270734,0.24755973366109796,False,False,True,True,1.2027958281573499,0.10743731896852483,61,True
FT0,83241,10,C2As2Mn6,As;C;Mn,3,1.5294196560595916,1.5294196560595916,2.08575021873593,2.0393795616053816,0,0,1,7.8,1.454572534028006,6.6458723925326435,6.150630611640432,5.290297985076904,104.9555209060691,119.67648421151806,121.34478330954299,5.290297985076904,6.6458723925326435,1.2562378170907575,115.39426967854342,11.539426967854343,115.39426967854342,3.551553127171834,0.014278984665858795,0.3844725365106253,0.6821660210170836,0.2654349850222477,False,False,True,True,0.4029489146635535,0.3844725365106253,293,True
FT0,83242,6,FeMn5,Fe;Mn,2,2.39930239902567,2.39930239902567,2.416417049132962,2.4109463155163273,0,0,0,5.0,2.449668769378275,4.328284501744721,4.338463479873262,4.679093360900879,61.698811966792896,62.433679923515186,59.73467104000239,4.328284501744721,4.679093360900879,1.0810503235207267,63.8578098437311,10.642968307288516,63.8578098437311,2.0437006899279133,0.006297533244757657,0.08439850734878278,0.16798949557578474,0.049930523996273735,True,False,False,False,0.015639747387045412,0.08439850734878278,16,False
FT0,83243,20,C8Mn12,C;Mn,2,1.8376527198871662,1.8376527198871662,1.9723153042605026,1.9632956619701496,0,0,10,10.6,1.8992561908206178,5.72084573898254,7.317129489990724,6.6881890296936035,110.96962424082095,114.89113105440039,105.21225887236488,5.72084573898254,7.317129489990724,1.2790293295501594,207.03961592890863,10.351980796445432,207.03961592890863,2.3273190862863844,-0.08882302888150784,0.9328811799266343,1.9997298332912605,0.28925948108415334,False,False,True,True,0.44493603823294947,0.9328811799266343,1043,True
FT0,83244,6,Au4Mn2,Au;Mn,2,2.7326144275721447,2.7326144275721447,2.735637247868062,2.7380263357311647,0,0,0,4.0,2.793761961341949,4.7153027916340475,4.734450230280389,5.079420566558838,118.62567381471297,90.33066560368728,90.77020192841789,4.7153027916340475,5.079420566558838,1.0772204439491804,99.51578534166815,16.58596422361136,99.51578534166815,1.694445510288419,0.027462985110038435,0.0592551025984003,0.09465740164976481,0.03447794002929605,True,False,False,True,0.009560659018989389,0.0592551025984003,35,False
FT0,83245,14,C4Mn10,C;Mn,2,1.8596270288658505,1.8596270288658505,1.8874487109355753,1.8842622194841268,0,0,24,10.142857142857142,1.9083107305514386,4.664404472423701,5.123280577879299,6.375707149505615,104.65112606768244,112.20348475738903,90.57188107540817,4.664404472423701,6.375707149505615,1.366885566463899,135.52484049625195,9.680345749732282,135.52484049625195,1.7924306832821557,0.025587776691581354,0.2542145891210611,0.5302426106586418,0.10266418234860275,False,False,True,True,0.034533038089569104,0.2542145891210611,61,False
FT0,83246,9,CAs3Mn5,As;C;Mn,3,1.8607713753051978,1.8607713753051978,1.8991904022691675,2.0912767213242853,0,0,5,6.222222222222222,1.8654034312274026,3.728468958776817,5.259455321814791,6.746225357055664,112.88991831909954,105.79117983855643,89.78679162949521,3.728468958776817,6.746225357055664,1.809382197262243,116.4937225936609,12.943746954851212,116.4937225936609,2.1394572436812935,0.05120886750469064,0.28178542393846695,0.5417144133371249,0.18754045241470418,False,False,True,True,0.038521680860280856,0.28178542393846695,43,False
FT0,83247,10,C2Mn8,C;Mn,2,1.9177698426365037,1.9177698426365037,1.9282302636059039,2.0258929595956343,0,0,8,5.6,1.8891356717404844,2.711330065414259,5.138498089084965,7.870172023773193,89.05569462763815,89.68898984455191,103.5414464295884,2.711330065414259,7.870172023773193,2.902697876649232,106.58104627503006,10.658104627503006,106.58104627503006,3.016752626519769,-0.034030029486429705,0.433243642636351,0.9481309385836723,0.19369020589188146,False,False,True,True,0.023395208318544004,0.433243642636351,40,False
FT0,83248,10,As3Mn7,As;Mn,2,2.4163698430086518,2.4163698430086518,2.4603239017417105,2.4675915563972652,0,0,0,7.6,2.386950500485848,3.520891608358665,5.902091649380177,6.217015743255615,96.1892057009828,90.52703356489506,90.20460764262404,3.520891608358665,6.217015743255615,1.7657503935924352,128.43365510190046,12.843365510190045,128.43365510190046,1.821768007136215,0.03142025882925225,0.2819134426944852,0.6688707059275394,0.16304820647211749,False,False,True,True,0.22915608049405203,0.2819134426944852,164,False
FT0,83249,18,C6Mn12,C;Mn,2,1.8856203104738272,1.8856203104738272,1.9056834164527943,1.9174551771451658,0,0,18,7.222222222222222,1.8908412638519319,2.6888274388781466,7.266212595889702,8.665984153747559,92.08889975656525,90.69164109178908,90.4217734912226,2.6888274388781466,8.665984153747559,3.222960324059787,169.18246477454608,9.399025820808115,169.18246477454608,3.228370453350164,0.031839084777840095,0.4003503104544569,0.756235184866339,0.1760419579515773,False,False,True,True,0.04335418868676723,0.4003503104544569,65,False
FT0,83250,9,C3Mn6,C;Mn,2,2.0645693852193676,2.0645693852193676,2.0712180678540038,2.130964211828591,0,0,0,7.333333333333333,2.0650155312776843,3.170994881640967,5.506021904918341,5.493462562561035,119.32693113226217,90.17284043278829,89.40728552662648,3.170994881640967,5.506021904918341,1.7363704800649233,83.61642049065605,9.290713387850673,83.61642049065605,2.117209032152344,-0.030123171234242126,0.15743816181646014,0.2931392253497578,0.2330699866516639,False,False,True,False,0.013360534834549851,0.15743816181646014,37,False
FT0,83251,15,C3Mn12,C;Mn,2,1.9131376371016726,1.9131376371016726,1.934822448888304,1.973465460843337,0,0,14,10.4,1.8796213103727264,4.376374092207993,6.077610417878641,6.613858699798584,81.84880648265631,61.813655631900325,82.22385193615943,4.376374092207993,6.613858699798584,1.5112644761274792,153.01618496628265,10.201078997752177,153.01618496628265,2.0113028394100185,-0.02473846709548512,0.42688157884560923,0.7582097985428382,0.19323447672521432,False,False,True,True,0.16298568303135053,0.42688157884560923,216,True
FT0,83252,12,C4Mn8,C;Mn,2,1.9284536596152122,1.9284536596152122,1.942296220757357,1.9409108328431888,0,0,18,9.166666666666666,1.92777973081914,4.677675932781401,4.66302637960805,6.379558563232422,110.98133932896373,111.38220822098958,90.06293591814516,4.66302637960805,6.379558563232422,1.3681154777787585,119.58779196341334,9.965649330284444,119.58779196341334,1.9211587033589275,-0.028528151004953095,0.334698766617386,0.5213637224571079,0.12959314440719893,False,False,True,False,0.05709994443889662,0.334698766617386,50,False
FT0,83253,16,C6FeMn9,C;Fe;Mn,3,1.857499345780589,1.857499345780589,1.930884359526079,1.9261801261821891,0,0,14,11.0,1.8748876027562191,5.806462653147184,6.268230769871054,5.8059210777282715,96.61639342824074,124.44084381933943,109.39838041600362,5.8059210777282715,6.268230769871054,1.079627278075863,151.39147989637866,9.461967493523666,151.39147989637866,2.3496758796529886,-0.02883169013831501,0.4614601000497627,0.9218915538374364,0.22878570585587177,False,False,True,True,0.08240746623145535,0.4614601000497627,101,False
FT0,83254,20,C8Mn12,C;Mn,2,1.8857681762158667,1.8857681762158667,1.9132985912783678,1.9385613231029004,0,0,24,11.8,1.9090548516134729,5.6868337097609185,6.051051701632186,5.212430477142334,90.73887871255795,90.0730308877055,89.69684456034544,5.212430477142334,6.051051701632186,1.1608887117377187,179.34908265966934,8.967454132983466,179.34908265966934,1.16166740710557,0.03617605264383021,0.6048807564189523,1.3867364779271945,0.16721663440446477,False,False,True,True,0.01486003516623266,0.6048807564189523,55,True
FT0,83255,9,As3Mn6,As;Mn,2,2.390259255540901,2.390259255540901,2.3948698036097564,2.4488836399293032,0,0,0,6.666666666666667,2.3832920509133118,3.5466809989320933,6.323794896321652,6.354805946350098,119.81781597361449,89.41881487946532,89.82547751059721,3.5466809989320933,6.354805946350098,1.7917613532943988,123.64767693402258,13.738630770446953,123.64767693402258,2.187632427630145,-0.01688591431214571,0.1208499374774245,0.17608103296151179,0.012033993890609551,True,False,False,True,0.026538697384260283,0.1208499374774245,34,False
TCL,83000,4,Eu2IIr,Eu;I;Ir,3,2.8766983218284325,2.8766983218284325,2.8775456338816663,3.0312577915510364,0,0,0,1.0,2.894415034016815,4.2572214403793165,4.253491150002773,8.49114990234375,75.28063081440212,75.32828475480449,59.43433340772453,4.253491150002773,8.49114990234375,1.9962777875623918,126.61907942021006,31.654769855052514,126.61907942021006,2.9142125626298268,-0.009168279414749056,0.1457068606165769,0.28373385964987224,0.05994735569335852,True,True,True,True,0.037616550591828335,0.1457068606165769,11,False
TCL,83001,2,Eu2,Eu,1,3.875968099857887,3.875968099857887,3.875968099857887,3.875968099857887,0,0,0,0.0,3.9164194669372017,3.813168387122349,3.943581530711305,6.955962181091309,87.4461947847726,106.31326726404625,118.18285795486928,3.813168387122349,6.955962181091309,1.8241948623571551,88.00650075290388,44.00325037645194,88.00650075290388,2.6083582771286338,-0.004924900698285037,0.03438870275385653,0.03438870275385653,0.036149665520019525,True,False,False,True,0.0,0.03438870275385653,14,False
TCL,83002,8,Eu6Pt2,Eu;Pt,2,3.011115093565025,3.011115093565025,3.0275612957803304,3.0316939269809104,0,0,0,0.0,3.071721653411634,4.818992262765165,7.744444801762455,7.7203450202941895,120.59714090598102,90.21365082786359,90.58376517166386,4.818992262765165,7.744444801762455,1.6070672828427928,247.98374461120096,30.99796807640012,247.98374461120096,1.9720275700170995,0.12754589505699873,0.07546564434463574,0.11118484633364296,0.021228863105468676,True,True,True,True,0.1433995210552796,0.07546564434463574,38,False
TCL,83003,12,Mn8SnTi3,Mn;Sn;Ti,3,2.302637708929254,2.302637708929254,2.3793715678399208,2.465466595889532,0,0,0,7.5,2.252494383508401,4.839353928249213,4.836004935516664,8.032069206237793,90.42683472374426,89.68459803087347,118.28903993413884,4.836004935516664,8.032069206237793,1.66088937321973,165.52032543157713,13.793360452631427,165.52032543157713,2.289179533503193,-0.00552940121833354,0.22710992633497373,0.5252606584817346,0.35108589021852943,False,False,True,True,0.04003404982489731,0.22710992633497373,45,False
TCL,83004,12,Eu6Pt5Sn,Eu;Pt;Sn,3,3.0164812125440994,3.0164812125440994,3.0609436205316825,3.0715799843422915,0,0,0,0.0,3.0269984812952555,5.149103031972841,5.147491890965125,12.745611190795898,89.87445680682292,89.86557072225892,119.8498781459095,5.147491890965125,12.745611190795898,2.4760818396172684,293.0009862789619,24.416748856580156,293.0009862789619,3.493279528973239,0.0002850179272462323,0.06360457914885881,0.13506629504100087,0.10426083751627857,False,False,True,True,0.03950992211663528,0.06360457914885881,41,False
TCL,83005,15,Mn12Mo3,Mn;Mo,2,2.4329211222660305,2.4329211222660305,2.478168593985247,2.4721975203950697,0,0,0,10.266666666666667,2.3806806277611643,5.745604941285691,5.809863586196519,5.734683036804199,89.99538529663471,90.27609242488784,90.10630756488361,5.734683036804199,5.809863586196519,1.0131098002993058,191.4279395174468,12.761862634496453,191.4279395174468,1.014876151259396,-0.016432428373668952,0.16736631667018406,0.3242136750927886,0.2351388697390444,False,False,True,True,0.041094419670149464,0.16736631667018406,70,False
TCL,83006,10,H2Gd2Pt3Si3,Gd;H;Pt;Si,4,1.7677789705023212,1.7677789705023212,1.827688005361375,2.09402263338125,0,0,4,4.0,1.7228383508904164,3.8633400600614336,5.771644127314171,7.057957172393799,89.50100936948873,90.11327436413717,109.73996606226319,3.8633400600614336,7.057957172393799,1.8269054917939493,148.1231549142473,14.81231549142473,148.1231549142473,2.0180340201759646,0.042008922504350205,0.2991393167338136,0.5970193050798265,0.23297284582492672,False,False,True,True,0.13988369370873752,0.2991393167338136,103,False
TCL,83007,7,Eu5Pt2,Eu;Pt,2,2.9759334066412797,2.9759334066412797,2.993714547069481,3.024691576071022,0,0,0,0.5714285714285714,3.0046444895692965,4.993895505155184,4.992315591299759,10.306549072265625,90.09244227978819,90.1640841451381,120.26008557762003,4.992315591299759,10.306549072265625,2.0644826801869502,221.94057973028802,31.70579710432686,221.94057973028802,2.930724127865198,0.032025725179797265,0.14957774484687775,0.199602944851062,0.14622006269252275,False,False,True,True,0.028239499986070598,0.14957774484687775,28,False
TCL,83008,11,Fe4Gd4O3,Fe;Gd;O,3,1.977586524558275,1.977586524558275,2.05269328462045,2.1487358146989073,0,0,1,4.909090909090909,2.0727978073960927,6.4092846505778605,6.056448599151311,5.73368501663208,115.37536374872118,96.92093070408527,101.49294302225519,5.73368501663208,6.4092846505778605,1.117829917755514,191.66007685302614,17.423643350275103,191.66007685302614,1.7396731541906525,0.2527239451106034,1.061852897009667,1.7491826661719365,0.9276173284232971,False,False,True,True,0.7827682928678094,1.061852897009667,588,True
TCL,83009,5,Al2Gd2Pt,Al;Gd;Pt,3,2.4125671349984295,2.4125671349984295,2.7279068071866392,2.7228312778805734,0,0,0,2.0,2.428152877744604,4.356777488950586,4.444495854685836,6.699503421783447,109.60271996162051,109.42286850728505,90.36116184572784,4.356777488950586,6.699503421783447,1.5377198947557802,114.23456625360025,22.84691325072005,114.23456625360025,1.9712182416815187,0.005870275376719326,0.1221141425996947,0.23529887625467,0.09490370807617587,True,True,True,True,0.049944444170351626,0.1221141425996947,33,False
TCL,83010,8,Fe5Pt3,Fe;Pt,2,2.6246195528571943,2.6246195528571943,2.6484574432493515,2.6569309619774835,0,0,0,6.0,2.623439585855977,3.8114220038898248,5.417521790433079,5.4175214767456055,89.4162535356711,89.92538268269337,89.96860412064385,3.8114220038898248,5.417521790433079,1.4213912248247809,111.85756844675993,13.982196055844991,111.85756844675993,1.428617434630155,-0.029356299154549372,0.06214250243110803,0.1851124546712884,0.03813888383056607,True,False,False,True,0.029017481377637978,0.06214250243110803,28,False
TCL,83011,12,Eu5Mg3Pt4,Eu;Mg;Pt,3,2.753622473118052,2.753622473118052,2.844319799177499,2.9147098546060284,0,0,0,1.8333333333333333,2.7470847611882983,4.399344357979006,7.578915501808398,8.815247535705566,89.73437644905957,89.9758577847807,89.86408858494089,4.399344357979006,8.815247535705566,2.00376392898581,293.9162576227868,24.49302146856557,293.9162576227868,2.003833725635785,0.0021283670050851835,0.054398882494767896,0.09268731843810457,0.00451106804524759,True,True,True,True,0.01523518921357991,0.054398882494767896,23,False
TCL,83012,5,Eu2Li2Sr,Eu;Li;Sr,3,2.9215101308378055,2.9215101308378055,3.4085112470619547,3.3386002962770363,0,0,0,0.4,2.85520875449363,5.42331205683845,7.07216071537321,6.863327980041504,120.7003293912708,113.19246326087364,90.09560610062964,5.42331205683845,7.07216071537321,1.3040298329238988,201.0938235666187,40.21876471332374,201.0938235666187,2.25886327642994,-0.048308287073405606,0.024566079234654103,0.03772110122422992,0.08266980537730717,True,True,True,True,0.0035150429981250547,0.024566079234654103,16,False
TCL,83013,6,BaCdEu4,Ba;Cd;Eu,3,3.365852223203556,3.365852223203556,3.6446497044963637,3.6837570868312643,0,0,0,0.0,3.430864791723214,3.947823529890144,3.949543616104516,15.621408462524414,90.05833914634312,90.00300095753508,89.98929276780886,3.947823529890144,15.621408462524414,3.9569672616443197,243.57045110052312,40.59507518342052,243.57045110052312,3.9570434473464844,0.054174978911875005,0.03194651662770892,0.062424247606551096,0.04279467279296778,True,True,True,True,0.0066640048445073055,0.03194651662770892,20,False
TCL,83014,9,Eu5O2Sn2,Eu;O;Sn,3,2.2427520884388414,2.2427520884388414,2.3108010745890626,2.4634827640217267,0,0,0,1.7777777777777777,2.2351178403041914,4.99273127784868,6.553740704454682,9.487730979919434,119.05773764008786,90.45170337682167,112.81210006768123,4.99273127784868,9.487730979919434,1.9003087592584404,242.61797562889086,26.95755284765454,242.61797562889086,2.673177937895775,0.0739273383609391,0.2638608079115057,0.42760933339383356,0.22848452399305508,False,False,True,True,0.15537430328756882,0.2638608079115057,72,False
TCL,83015,14,C5Mn9,C;Mn,2,1.7997679026434112,1.7997679026434112,1.9180179029632032,1.91105360113902,0,0,18,10.142857142857142,1.8652204974782716,4.822588238650542,5.15861072091026,5.537046432495117,84.38536859949667,109.86626190370445,103.81501701019819,4.822588238650542,5.537046432495117,1.1481482885307446,125.78339613421554,8.984528295301109,125.78339613421554,1.572300348683228,0.02777862891188704,0.4755349685907882,1.0940008824939689,0.12654557208305128,False,False,True,True,0.06175718092167511,0.4755349685907882,57,True
TCL,83016,9,Eu3NiPd2Sn3,Eu;Ni;Pd;Sn,4,2.7601527804450954,2.7601527804450954,2.9528269455814526,2.9150895524307825,0,0,0,2.0,2.767569535559145,4.064931394063743,7.702741828726979,7.709374904632568,120.3692571724294,90.03927609144128,90.0558188110241,4.064931394063743,7.709374904632568,1.8965572004218865,208.26665192914578,23.14073910323842,208.26665192914578,2.3261150481431385,-0.004751874326449178,0.03740311326281998,0.08188223769870118,0.012029465430411612,True,True,True,True,0.007622856594810302,0.03740311326281998,20,False
TCL,83017,12,Eu8Ge4,Eu;Ge,2,3.066649109998215,3.066649109998215,3.0899559480726824,3.1290602048835194,0,0,0,0.0,3.088945551022745,4.975204853931732,7.712140694794583,9.452165603637695,90.03650303447402,90.08620631967091,91.00017435674995,4.975204853931732,9.452165603637695,1.8998545549673147,362.6189307475422,30.21824422896185,362.6189307475422,1.9003549388076593,-0.003737742287103168,0.05991897853724637,0.11282579516362914,-0.0033187275846344733,True,False,False,True,0.017144485588391538,0.05991897853724637,16,False
TCL,83018,8,Eu4In2Pd2,Eu;In;Pd,3,2.7964874159782607,2.7964874159782607,2.863373814573052,3.0030061925034097,0,0,0,1.75,2.8040846137816797,4.73188758237134,5.596758912182711,9.792678833007812,114.58405047161223,104.15884202695423,90.06709579820686,4.73188758237134,9.792678833007812,2.0695079210018563,227.10506592048765,28.388133240060956,227.10506592048765,2.3607281232283603,0.010038720384928458,0.12311778901598036,0.2356488241613673,0.08022308419799806,True,True,True,True,0.03779933652257068,0.12311778901598036,33,False
TCL,83019,4,Eu3Mg,Eu;Mg,2,3.4374893578053327,3.4374893578053327,3.4411186692591462,3.495048823818756,0,0,0,0.0,3.4451618773521484,4.107798498312599,7.127080194078789,6.066954135894775,115.19283534056379,90.02524688479936,73.23911262043653,4.107798498312599,7.127080194078789,1.7350121231619442,152.355417029995,38.08885425749875,152.355417029995,2.1698985447820167,0.0026568265786399946,0.012334049680713808,0.021025048067283936,0.0539135684960943,True,False,False,True,0.00201974102601297,0.012334049680713808,3,False
TCL,83020,5,Fe3GeN,Fe;Ge;N,3,1.8930608808145584,1.8930608808145584,1.8943428485472138,2.050947062052233,0,0,3,3.6,1.8857692773676635,3.795378992345052,3.7915397032934424,3.7931182384490967,89.94963668949683,89.96927348341872,89.93485615594723,3.7915397032934424,3.795378992345052,1.0010125936564174,54.58415951780413,10.916831903560826,54.58415951780413,1.0018303718094776,-0.015950572557202645,0.022737077704113873,0.03612069680285529,0.0683713680748701,True,False,False,True,0.0029949245383761136,0.022737077704113873,6,False
TCL,83021,16,Cu2Mg11Mn3,Cu;Mg;Mn,3,2.7713170502800044,2.7713170502800044,2.855720784485521,2.852170083035836,0,0,0,7.25,2.7258499271060264,6.300744380665835,6.599442197242581,7.342570781707764,89.83213011598662,89.87653317640044,89.84955394123774,6.300744380665835,7.342570781707764,1.1653497329996163,305.3112937170237,19.081955857313982,305.3112937170237,1.1654333593037671,-0.0173738884272597,0.0679386162635991,0.13255010879479542,0.21776836700719837,False,False,True,True,0.017974355543588325,0.0679386162635991,48,False
TCL,83022,3,AlEu2,Al;Eu,2,3.291243074830007,3.291243074830007,3.291243074830007,3.2950318777214704,0,0,0,0.0,3.287814867643743,3.816869384331817,3.820229320328212,7.306684494018555,104.93472943233652,105.04947033598843,90.17193174741988,3.816869384331817,7.306684494018555,1.914313474810631,99.13193048939863,33.04397682979954,99.13193048939863,2.156737062412663,-0.027740256035672563,0.05388611941866006,0.08061350803825684,0.07060424203776172,True,True,True,True,0.009465412814074835,0.05388611941866006,29,False
TCL,83023,12,CAl2Mn9,Al;C;Mn,3,1.8657910468778676,1.8657910468778676,2.464442310484357,2.324524215987159,0,0,2,2.1666666666666665,1.921628185923872,2.617555678521857,2.6209371518761393,22.340726852416992,90.12017285230078,89.98770816462226,120.18430828532809,2.617555678521857,22.340726852416992,8.534957646071115,132.48592085313527,11.04049340442794,132.48592085313527,12.09620942759162,0.012484783486718744,0.47986718667357603,1.5469404663075357,0.20008786908081433,False,False,True,True,0.05767452703584521,0.47986718667357603,70,True
TCL,83024,8,Eu6Sn2,Eu;Sn,2,3.472547324529644,3.472547324529644,3.477947094622665,3.494019966207361,0,0,0,0.0,3.4511150648682865,5.8579409131050015,7.326941055213667,7.325076103210449,120.22299544981298,89.98362371062235,89.98927910763379,5.8579409131050015,7.326941055213667,1.250770733931835,271.66277582388466,33.95784697798558,271.66277582388466,1.7398621439927298,-0.019226499125658873,0.024604875973346603,0.04029602153552507,0.040336150485840605,True,False,False,True,0.0013371309985281275,0.024604875973346603,9,False
TCL,83025,6,C2Mn4,C;Mn,2,1.861637640698206,1.861637640698206,1.8749920631603705,1.8869968923933573,0,0,8,5.0,1.9179221227420904,2.7541671685100724,4.6546275789341065,4.75811243057251,100.69788227126082,107.00849747465934,89.99709997335648,2.7541671685100724,4.75811243057251,1.7276048037223957,57.21988856729124,9.536648094548541,57.21988856729124,2.012713978415247,0.053482648860963655,0.3127133274962571,0.6527293116779666,0.17230185921025765,False,False,True,True,0.024386961512738194,0.3127133274962571,30,False
TCL,83026,6,Fe5Ge,Fe;Ge,2,2.5351949611964564,2.5351949611964564,2.548616656281093,2.5504494488513823,0,0,0,5.0,2.451770732982672,3.6307735017290153,3.637495051459491,5.78447151184082,108.40770352203674,90.07434911220943,90.04953503235217,3.6307735017290153,5.78447151184082,1.5931788389130277,72.48606703662799,12.081011172771332,72.48606703662799,1.775538409525433,-0.014552276097408091,0.08167659302675064,0.15786898881986355,0.026194781751302187,True,False,False,True,0.012040616949751781,0.08167659302675064,44,False
TCL,83027,4,Eu3Ni,Eu;Ni,2,2.842961122877693,2.842961122877693,2.8490640555954814,2.9799986509815994,0,0,0,1.0,2.8452883377706284,3.6623144204217453,5.707402891019071,6.877408981323242,114.99400735525296,105.5502862244743,90.21055020622802,3.6623144204217453,6.877408981323242,1.877886000987117,124.39129863082258,31.097824657705644,124.39129863082258,2.2719739419278766,0.003176065360941985,0.02930513187230275,0.039352770406600346,0.09767865417968835,True,True,True,True,0.004685899089984549,0.02930513187230275,11,False
TCL,83028,10,Eu4Hg2Pt4,Eu;Hg;Pt,3,2.7714125106438767,2.7714125106438767,2.963501544185797,2.905285021760394,0,0,0,1.2,2.790175950354409,3.990269377265704,7.751705351647823,7.7522807121276855,89.98758522059256,89.90750124772988,89.96090650509068,3.990269377265704,7.7522807121276855,1.9427963325723803,239.788463499921,23.9788463499921,239.788463499921,1.9429517875171998,0.025241912193746316,0.016069895308888565,0.03686578397106184,0.016610226949218543,True,True,True,True,0.00236335284169467,0.016069895308888565,16,False
TCL,83029,15,Ga2Mn11Pt2,Ga;Mn;Pt,3,2.4126123646365687,2.4126123646365687,2.4541589296077024,2.4655117445415584,0,0,0,12.0,2.5435882197589774,5.786951096523786,5.776566180438468,6.745136260986328,120.33957301501455,106.10703514762042,95.84658271657517,5.776566180438468,6.745136260986328,1.1676722901276173,178.82153403027817,11.921435602018544,178.82153403027817,2.082380681709188,0.10023309729134158,0.12764104654271974,0.2696044576193951,0.16553009445492073,False,False,True,True,0.02998645742859574,0.12764104654271974,45,False
TCL,83030,4,Eu2LaTb,Eu;La;Tb,3,3.6806607231318145,3.6806607231318145,3.6941065321440387,3.722537656100606,0,0,0,0.0,3.714194770444844,3.724070863152287,3.732357249954147,12.34432601928711,89.89174400193309,90.0373431484393,120.02546545226376,3.724070863152287,12.34432601928711,3.3147398298533175,148.55485755933856,37.13871438983464,148.55485755933856,4.684362828441435,0.01749617183591419,0.016615593499947956,0.028050762124380863,0.08718054669189446,True,True,True,True,0.001919606362600928,0.016615593499947956,7,False
TCL,83031,6,Co4Pt2,Co;Pt,2,2.4517150719464995,2.4517150719464995,2.5088043447232278,2.5081617396924916,0,0,0,5.0,2.4718486783401916,2.6560347650550518,4.971267447754267,6.260119438171387,105.41456233549941,90.06968408455877,105.6511823972358,2.6560347650550518,6.260119438171387,2.356941829427309,76.49269123820996,12.748781873034993,76.49269123820996,2.617481226169712,0.00716720736681444,0.07125962464195529,0.10810731441306688,0.05139437949121195,True,False,False,True,0.022474065502572263,0.07125962464195529,16,False
TCL,83032,6,Gd2Ge2Ni2,Gd;Ge;Ni,3,2.4374345770826498,2.4374345770826498,2.441398649933042,2.641997329392606,0,0,0,0.6666666666666666,2.386923360358803,4.231609193405668,4.22939591473978,7.313443183898926,90.00866318431345,89.93515668466605,119.95507463587853,4.22939591473978,7.313443183898926,1.7291933248459896,113.4050816169987,18.90084693616645,113.4050816169987,2.4431528703483663,0.025484809192717,0.022020588453618494,0.03497296838832672,-0.05695559912939885,True,True,True,True,0.002291198560778177,0.022020588453618494,19,False
TCL,83033,8,Fe3Mn5,Fe;Mn,2,2.4521651955528343,2.4521651955528343,2.4539248343096594,2.4541023481620896,0,0,0,7.0,2.472449184044645,4.333818732238943,4.710450071419158,4.704427719116211,115.48256943883207,90.0211965836057,89.93745846028735,4.333818732238943,4.710450071419158,1.086905189729899,86.69437672286281,10.836797090357852,86.69437672286281,1.584374982538046,0.024582497919558556,0.06298793578164628,0.12230206717885393,0.05682773773353311,True,False,False,True,0.01313698419595429,0.06298793578164628,15,False
TCL,83034,12,Fe7Ge2Si2V,Fe;Ge;Si;V,4,2.4097345400302546,2.4097345400302546,2.439612393921302,2.4379461143340775,0,0,0,6.0,2.383542461919063,3.994257543388026,3.9938505777915,10.259554862976074,89.86800226607372,90.14733651657909,120.23571425724413,3.9938505777915,10.259554862976074,2.56883793300283,141.3998160419999,11.783318003499993,141.3998160419999,3.645701455337503,-0.0022985461552596812,0.25487693067233524,0.6892293103219603,0.12210141339626901,False,False,True,True,0.03192619550983014,0.25487693067233524,36,False
TCL,83035,8,Eu6Sn2,Eu;Sn,2,3.477737768586355,3.477737768586355,3.4933616134275436,3.5002691801430514,0,0,0,0.0,3.454245763074434,5.820057954071181,7.356610663558581,7.332586765289307,120.29057511228598,89.99020118372371,90.00566473132804,5.820057954071181,7.356610663558581,1.264009864096382,271.0902074827933,33.88627593534916,271.0902074827933,1.7422570747536592,-0.017672883578011597,0.01392610976447271,0.022023252360253244,0.04030658658203201,True,False,False,False,0.0007743337205424019,0.01392610976447271,10,False
TCL,83036,8,Co5Eu3,Co;Eu,2,2.2849708273082636,2.2849708273082636,2.3446374293743517,2.5621930437292493,0,0,0,2.25,2.268446455948721,4.600416031862904,5.944464314286237,7.604799270629883,103.41922741138505,90.05644718885432,112.65794644894275,4.600416031862904,7.604799270629883,1.653067726474811,185.72917217702445,23.216146522128057,185.72917217702445,2.0434226568367633,-0.0411500643008472,0.1628201172667863,0.3115917139466974,0.22093000603515556,False,False,True,True,0.07583487982701553,0.1628201172667863,45,False
TCL,83037,9,HFe2Mn6,Fe;H;Mn,3,1.7934772553142626,1.7934772553142626,1.8255151896798523,1.9626479050847137,0,0,6,7.555555555555555,1.8377805709254402,4.335329993481665,4.372947765683861,5.009217739105225,90.33649178003856,106.41320586680797,100.03472547122053,4.335329993481665,5.009217739105225,1.1554409345163519,89.54931112775812,9.949923458639791,89.54931112775812,1.467795071100547,0.06230980194195287,0.10766618610327577,0.23289805276183867,0.10134372919427825,False,False,True,True,0.01835672632323357,0.10766618610327577,36,False
TCL,83038,5,Al2Eu3,Al;Eu,2,2.6805385773857417,2.6805385773857417,3.3682498483651058,3.096649728813277,0,0,0,0.4,2.611822076509853,5.094317323100484,7.131327828315418,6.190597057342529,125.43055066982379,114.42949811712428,90.06072445704908,5.094317323100484,7.131327828315418,1.3998593680016729,157.81128151563232,31.562256303126464,157.81128151563232,2.5943660143483127,-0.03819833118879078,0.014860416272393462,0.019491183537807547,0.08489586077148381,True,True,True,True,0.0030477642863057106,0.014860416272393462,16,False
TCL,83039,16,As2Ga5Gd9,As;Ga;Gd,3,2.688195218515289,2.688195218515289,2.9465809894692896,2.8807281495040202,0,0,0,1.625,2.7557182942292595,7.022251494830753,8.464178095171185,8.334559440612793,117.0945362254345,105.17441407295033,96.98337268819901,7.022251494830753,8.464178095171185,1.2053367928223404,408.5859951476956,25.536624696730975,408.5859951476956,1.963794277993853,-0.002324880078569163,0.16741138131942918,0.2805488356621144,-0.279200433552246,True,True,True,True,0.08592288267884296,0.16741138131942918,86,False
TCL,83040,4,Fe3Mn,Fe;Mn,2,2.4198403318456956,2.4198403318456956,2.422118772281308,2.422118772281308,0,0,0,3.0,2.439160734014142,3.9711482132016678,3.973164644068506,3.9738662242889404,60.131225322416995,60.164929822007394,60.16092818547197,3.9711482132016678,3.9738662242889404,1.0006844395981587,44.48842353539918,11.122105883849795,44.48842353539918,1.9934001185819565,0.013690363500427884,0.05244777533282963,0.07195011699103553,0.07934671110806235,True,False,False,True,0.0017225942359209842,0.05244777533282963,8,False
TCL,83041,10,AgMn4PdSn4,Ag;Mn;Pd;Sn,4,2.6458806054347006,2.6458806054347006,2.793686996872669,2.764667490825057,0,0,0,5.2,2.6871363047654304,4.534438764327322,5.326663390261585,7.882730960845947,91.63155019975831,106.85060356318468,90.02989830176263,4.534438764327322,7.882730960845947,1.738413808310705,182.13861811256578,18.213861811256578,182.13861811256578,1.8886627603652653,0.02530404200748433,0.20074548834616865,0.31055137595643434,0.21049178522603107,False,False,True,True,0.09530175333246745,0.20074548834616865,46,False
TCL,83042,10,Eu5Pb2Pd3,Eu;Pb;Pd,3,2.7967866696892116,2.7967866696892116,3.0137149968725745,2.9865246831696064,0,0,0,1.0,2.7724824707584554,4.296125405211598,7.730951768297007,9.528470039367676,110.42051067683347,103.09770275332517,89.54274861597834,4.296125405211598,9.528470039367676,2.217921764529676,287.98956973537116,28.798956973537116,287.98956973537116,2.495741801891728,0.025332182733107785,0.10810320731609321,0.18456696432419264,0.10239195612304552,False,False,True,True,0.04628272487141,0.10810320731609321,42,False
TCL,83043,15,C8Eu7,C;Eu,2,1.2316578319414433,1.2316578319414433,2.427834744186598,1.9606058756171365,0,5,5,4.4,1.3243649687624763,5.113717041379427,6.66767036756795,8.30866813659668,103.03634070820456,89.96570812591476,90.16961657922387,5.113717041379427,8.30866813659668,1.6247805792467964,275.9945903567869,18.399639357119124,275.9945903567869,1.6853129137696954,0.038201471327519686,1.6035753688047094,5.597731819176095,0.16165401307031324,False,False,True,True,0.08909492268903674,1.6035753688047094,90,True
TCL,83044,14,Fe12Re2,Fe;Re,2,2.461664157402335,2.461664157402335,2.480471952814157,2.479344331162884,0,0,0,10.0,2.45718721647759,4.791371011674956,4.811272062909884,8.173697471618652,115.61017111660699,89.85929377513673,95.28646684735138,4.791371011674956,8.173697471618652,1.7059203830599023,169.0439281040224,12.074566293144457,169.0439281040224,2.0867342319553868,-0.00609049342726803,0.05336243595780563,0.09941826057466555,0.021668670563615322,True,True,True,True,0.004317558614754755,0.05336243595780563,16,False
TCL,83045,6,Eu4Ge2,Eu;Ge,2,3.0575476074939183,3.0575476074939183,3.0623104935587326,3.1029120852525423,0,0,0,0.0,3.090680063770877,4.671954454040791,4.669212027205064,8.955893516540527,105.71513252828188,105.55814748954879,90.45807577429562,4.669212027205064,8.955893516540527,1.9180738557939125,180.48695851727595,30.081159752879326,180.48695851727595,2.1893523488246025,0.011613242938349807,0.0881063478844918,0.18035146002814229,0.05693250837727959,True,True,True,True,0.02745937283696238,0.0881063478844918,26,False
TCL,83046,4,Fe2IrPt,Fe;Ir;Pt,3,2.6660188894029964,2.6660188894029964,2.6662273401066443,2.666606183267318,0,0,0,3.0,2.670811691192293,3.8179437728016468,3.8110380598886446,3.7377896308898926,89.95857057699492,89.84869331677625,89.87434752388504,3.7377896308898926,3.8179437728016468,1.02144426247249,54.385734555621596,13.596433638905399,54.385734555621596,1.0221442535227283,0.01714332459040594,0.004244415184583824,0.006503097445648497,0.05692967513183689,True,False,False,True,0.0009999885400606408,0.004244415184583824,7,False
TCL,83047,12,Eu4Mg4Pd4,Eu;Mg;Pd,3,2.7668717709958135,2.7668717709958135,2.7766136266376726,2.891065959636643,0,0,0,2.0,2.796780771294035,4.33740822451528,7.410535688097239,8.628795623779297,90.1042789967373,90.01550020579322,90.21287902713757,4.33740822451528,8.628795623779297,1.989389786972056,277.3488381071155,23.11240317559296,277.3488381071155,1.9894200595290406,0.041150272415563974,0.024543564672286067,0.04554517522969694,-0.0005663307633456682,True,False,False,True,0.0017017917164079707,0.024543564672286067,21,False
TCL,83048,6,EuFe3Ge2,Eu;Fe;Ge,3,2.434657793812023,2.434657793812023,2.454634847252864,2.5523325652318634,0,0,0,4.0,2.42141921427599,4.125782268847815,4.923269807602518,5.467154026031494,116.92577512672301,89.94819551704836,90.01759024208708,4.125782268847815,5.467154026031494,1.3251193761027715,99.01207514837675,16.50201252472946,99.01207514837675,1.6491153306086646,-0.02816114376443784,0.23084880563409152,0.43382198030736263,0.1563503485839819,False,False,True,True,0.04712213934582293,0.23084880563409152,45,False
TCL,83049,12,CInIrMn8Zn,C;In;Ir;Mn;Zn,5,1.9498071963658157,1.9498071963658157,2.4098623600064686,2.3346169712105893,0,0,2,2.1666666666666665,1.9284727709921918,2.681659228279421,2.6897467043968244,22.926000595092773,90.03706994261339,89.81754767113024,119.81060297337109,2.681659228279421,22.926000595092773,8.549184905123953,143.48190577933676,11.956825481611396,143.48190577933676,12.037833367782287,0.03990416128276242,0.4141988828528161,1.2681529728721175,0.2673740570279861,False,False,True,True,0.12979387047766142,0.4141988828528161,71,True
TCL,83050,3,IrPt2,Ir;Pt,2,2.7381789592099652,2.7381789592099652,2.7381789592099652,2.7382953710949365,0,0,0,2.0,2.748158947644464,2.7923811425131526,2.794271955688302,6.799448490142822,89.71495138848452,89.83872809402516,119.86027311293627,2.7923811425131526,6.799448490142822,2.4350001461560136,46.00912633584288,15.336375445280959,46.00912633584288,3.4353171480633695,-0.00012188518339161628,0.020213874482313186,0.025676834537952685,0.04832691924804777,True,False,False,True,0.0015942393091127858,0.020213874482313186,4,False
TCL,83051,20,Fe2Mn18,Fe;Mn,2,2.2879262077035465,2.2879262077035465,2.4516636451616582,2.4031810403136804,0,0,0,12.0,2.268260178731471,6.15729032496732,6.149390741069128,6.152278423309326,89.19428607383612,89.09585618171748,89.1720742391081,6.149390741069128,6.15729032496732,1.0012846124487478,232.87169507435715,11.643584753717857,232.87169507435715,1.0225282569573793,-0.05951697214137775,0.14812416948136958,0.2672733216104114,0.06436587165503838,True,True,True,True,0.01896615314628543,0.14812416948136958,40,False
TCL,83052,3,EuGaZn,Eu;Ga;Zn,3,2.652879207628087,2.652879207628087,2.652879207628087,2.851835368945,0,0,0,0.6666666666666666,2.6553067012081972,3.765701937262811,4.598153897082348,4.5963263511657715,120.02336521079863,89.95133057675474,89.99147159758377,3.765701937262811,4.598153897082348,1.2210615640027591,68.90779949519067,22.96926649839689,68.90779949519067,1.7328704686914134,0.0025531226421560155,0.0063956878746738825,0.006881813135656911,0.042136486009114016,True,False,False,True,0.0022200119732610304,0.0063956878746738825,2,False
TCL,83053,8,Eu6Pd2,Eu;Pd,2,3.0074815439612186,3.0074815439612186,3.034269474591346,3.042882820745911,0,0,0,0.0,3.075149593076377,4.953601655971378,7.764244853929637,7.764913082122803,120.63029588975773,90.05403613188471,90.22904607089343,4.953601655971378,7.764913082122803,1.567528764199781,256.9732667887407,32.12165834859259,256.9732667887407,1.925953397694689,0.03815960340736575,0.06590210792292156,0.09694701802854071,0.031013602734375922,True,True,True,True,0.0037633541217708673,0.06590210792292156,17,False
TCL,83054,3,Eu2Ni,Eu;Ni,2,2.96963184902939,2.96963184902939,2.96963184902939,2.9703895877355477,0,0,0,1.3333333333333333,3.025181366289151,3.4874646109661387,3.4965545530844717,6.904726505279541,104.98858580736788,104.7426854600396,89.80109331796466,3.4874646109661387,6.904726505279541,1.9798699845062262,78.4794545276575,26.15981817588583,78.4794545276575,2.20836146546563,0.05478810067969794,0.045861606354975125,0.06695700516705477,0.07507492646158731,True,False,False,True,0.002710277162936845,0.045861606354975125,3,False
TCL,83055,4,LiSiTb2,Li;Si;Tb,3,3.0860537819432388,3.0860537819432388,3.086766298981282,3.0867662989812814,0,0,0,0.0,3.0974568353504175,3.9406874391942885,4.77137263485971,4.782731533050537,90.10456586441774,90.14521915919075,90.17687709341547,3.9406874391942885,4.782731533050537,1.2136794929436,89.92638486244282,22.481596215610704,89.92638486244282,1.2140876280764425,0.0005812587047814095,0.01658933776430887,0.02336132946314914,0.11115838143147894,False,False,True,True,0.0012324631793803737,0.01658933776430887,7,False
TCL,83056,3,Eu2Ho,Eu;Ho,2,3.6653364335648315,3.6653364335648315,3.6653364335648315,3.6688396577341558,0,0,0,0.0,3.675652850257323,3.6867745862142702,3.6886316314508076,9.252169609069824,89.96804404585279,89.91915354815242,120.4777641868222,3.6867745862142702,9.252169609069824,2.5095566307921002,108.43617137502282,36.14539045834094,108.43617137502282,3.574004582489879,0.039626309382575116,0.05480144551104956,0.08201489106920402,0.0873824140592454,True,False,False,True,0.020444868621315483,0.05480144551104956,16,False
TCL,83057,20,Co2Fe16Rh2,Co;Fe;Rh,3,2.272701686423254,2.272701686423254,2.441340500642297,2.409525870180474,0,0,0,12.3,2.254984000963865,6.4114047010377,6.393799597462354,6.397433757781982,101.12428285609053,101.11632627204155,101.08106290422414,6.393799597462354,6.4114047010377,1.0027534650260752,245.224605886579,12.26123029432895,245.224605886579,1.3939833905552608,0.0006911198630956061,0.21453313763247203,0.4145875664526172,0.11513158319843697,False,False,True,True,0.031060078503250866,0.21453313763247203,49,False
TCL,83058,8,Eu4Si2Zn2,Eu;Si;Zn,3,2.64053842672551,2.64053842672551,2.8841565344384383,2.887674702443091,0,0,0,0.5,2.557482056282822,4.356871226935197,6.277867647129537,8.197571754455566,108.99617294820119,89.87655366914687,89.81513658424201,4.356871226935197,8.197571754455566,1.88152720782204,212.00563474372092,26.500704342965115,212.00563474372092,1.988701496189518,0.013903841478952853,0.11915703218686552,0.18782316871961324,0.0583750724438481,True,True,True,True,0.044295078520213325,0.11915703218686552,32,False
TCL,83059,4,HFe2Pt,Fe;H;Pt,3,1.673541708439015,1.673541708439015,1.693506321525025,1.7283569258394507,0,0,3,3.0,1.7583189869634452,2.688702329613629,3.8937772303572555,4.779521942138672,115.4109071629419,106.34553317997255,89.98464840708222,2.688702329613629,4.779521942138672,1.7776314951255676,42.948919356054546,10.737229839013636,42.948919356054546,2.1860520461292,0.04057218508712383,0.1293351717341373,0.22062226954010197,0.18665716688598621,False,False,True,True,0.05143475455133124,0.1293351717341373,24,False
TCL,83060,6,Eu4Pd2,Eu;Pd,2,3.0753317335164394,3.0753317335164394,3.0865519618942714,3.0854549069512376,0,0,0,0.0,3.1516190005356703,3.63701246113839,3.62975076883353,13.37010669708252,89.92183098465455,89.88653258366158,89.95913064913344,3.62975076883353,13.37010669708252,3.683477888312201,176.50422375772288,29.41737062628715,176.50422375772288,3.6837086383342967,0.040264322127279435,0.1839213968312229,0.32212598257091296,0.03949222765950644,True,False,False,True,0.02696748830405911,0.1839213968312229,25,False
TCL,83061,16,C6Mn9S,C;Mn;S,3,1.8863602404671012,1.8863602404671012,1.9054669260204062,1.9522896597854453,0,0,14,6.75,1.8794795370604833,2.913790317257298,7.235250408121957,7.855505466461182,102.76946544356919,89.90062324487693,89.8964295184526,2.913790317257298,7.855505466461182,2.6959748681763203,161.51315640187931,10.094572275117457,161.51315640187931,2.8802999657690247,-0.00756035779388318,0.43818926418577653,0.8051969467019766,0.1960422064755658,False,False,True,True,0.07595818208075289,0.43818926418577653,64,False
TCL,83062,9,C3Mn6,C;Mn,2,2.0923778740484007,2.0923778740484007,2.113080937563846,2.1528693872911,0,0,0,7.333333333333333,2.0620832248637653,3.18183377413794,5.555462379449966,5.569889545440674,118.96898791089411,89.40643858929919,89.35830625123194,3.18183377413794,5.569889545440674,1.7505281359173874,86.11837423068017,9.568708247853353,86.11837423068017,2.131282276059188,-0.05835635061025911,0.12469651623180367,0.2739552808886919,0.2330301442580005,False,False,True,True,0.010793815467572092,0.12469651623180367,46,False
TCL,83063,9,Eu6Pt3,Eu;Pt,2,2.982900296787948,2.982900296787948,2.996806845058641,3.074155640575104,0,0,0,0.8888888888888888,3.0349391521066384,4.444423425287747,7.988741932946033,7.967599868774414,120.3497505234343,90.27642708296807,90.5592925884144,4.444423425287747,7.988741932946033,1.7974754357318723,244.09681215449987,27.12186801716665,244.09681215449987,2.203053656372159,0.04688651954353795,0.03328549103401614,0.05562125244437597,0.021983886067708625,True,True,True,True,0.001944733538576449,0.03328549103401614,18,False
TCL,83064,10,CaGd4Hg3PTe,Ca;Gd;Hg;P;Te,5,2.843709779965849,2.843709779965849,3.0743733369871995,3.0162334157779367,0,0,0,0.4,2.811928325151932,4.103009311128026,4.105119933622402,19.624231338500977,89.83093484194609,90.01181190137186,119.99232648341474,4.103009311128026,19.624231338500977,4.7828873517973465,286.2746274132773,28.62746274132773,286.2746274132773,6.761529144626077,0.004945520164866442,0.1487592453263972,0.35944296303839585,0.21231098877148558,False,False,True,True,0.12363423730520125,0.1487592453263972,55,False
TCL,83065,8,FeMn7,Fe;Mn,2,2.45027171093764,2.45027171093764,2.456542293298594,2.4567823197464067,0,0,0,6.0,2.452254037644449,4.004054088480019,4.979866942136251,4.987694263458252,120.30032807301299,90.00557593890697,90.01322575134397,4.004054088480019,4.987694263458252,1.245661060825388,85.86690843827404,10.733363554784255,85.86690843827404,1.7425867365164216,-0.0010261764219385878,0.07257917094012169,0.13942496129389528,0.04967241151005197,True,True,True,True,0.00979163802176072,0.07257917094012169,12,False
TCL,83066,12,Eu8Ge3Pd,Eu;Ge;Pd,3,3.0372857929241466,3.0372857929241466,3.058348629779255,3.0998443772558724,0,0,0,0.0,3.059578419449503,4.825668603212414,7.697463554456367,9.357003211975098,90.43632865003252,90.24637425329425,90.37161943503698,4.825668603212414,9.357003211975098,1.9390065877599234,347.5490271322072,28.96241892768393,347.5490271322072,1.9392229867121933,0.035616015846877486,0.07138165574061124,0.11985601053538908,0.015150416967772529,True,True,True,True,0.04026494768748144,0.07138165574061124,40,False
TCL,83067,10,Eu6Mg2O2,Eu;Mg;O,3,2.2506116112104486,2.2506116112104486,2.4742216230424194,2.4299461573921226,0,0,0,2.4,2.2313820723248696,7.170002275459912,7.185869603849779,7.1816935539245605,110.28140237842663,117.70022270664647,100.57918017672125,7.170002275459912,7.185869603849779,1.0022130158095173,279.57806355645766,27.957806355645765,279.57806355645766,2.1540684700516137,-0.0023102513014491145,0.07936678530253055,0.18286038730308843,0.14524284345117167,False,False,True,True,0.023592199599980716,0.07936678530253055,26,False
TCL,83068,19,Co11Dy2Gd3Sn3,Co;Dy;Gd;Sn,4,2.2046624010214435,2.2046624010214435,2.372496612029422,2.4771127660298147,0,0,0,6.105263157894737,2.2225120794084794,7.5006895902177755,8.326402484542164,7.368176460266113,115.50909879525166,110.09454626095723,102.2604705974017,7.368176460266113,8.326402484542164,1.130049277381373,353.0320884298466,18.58063623314982,353.0320884298466,2.129877718091033,-0.03505339198856344,0.37132143126536993,0.7903481638432842,0.20201368151946042,False,False,True,True,0.3214618416315301,0.37132143126536993,499,True
TCL,83069,15,Eu4Ge5Mn6,Eu;Ge;Mn,3,2.2692299444066033,2.2692299444066033,2.675016311821374,2.6715350953027133,0,0,0,2.533333333333333,2.2737338753757,3.9839062721867484,4.196855013714504,18.093801498413086,90.0257045062125,89.99773488151149,90.00535054288282,3.9839062721867484,18.093801498413086,4.5417236908240515,302.52610374444504,20.168406916296338,302.52610374444504,4.54172392086898,0.012646083916335506,0.3255953051146508,0.7619035246810735,0.3201866800596278,False,False,True,True,1.3670401587399768,0.3255953051146508,490,True
TCL,83070,8,BrEu3O4,Br;Eu;O,3,2.2810072334098166,2.2810072334098166,2.2861872092107776,2.4558916919607583,0,0,0,3.0,2.2544731106628277,4.008904813453167,4.013319928715648,9.163108825683594,90.06792873705366,90.03694016963586,89.93904306730003,4.008904813453167,9.163108825683594,2.2856887983306162,147.4252014200344,18.4281501775043,147.4252014200344,2.2861815834718744,0.007609077896786309,0.43132824098749095,0.7393489637627149,-0.004762681511767397,True,True,True,True,0.0321972974458923,0.43132824098749095,39,False
TCL,83071,4,Dy2Eu2,Dy;Eu,2,3.509736850263153,3.509736850263153,3.532480030007422,3.532480030007422,0,0,0,0.0,3.5644360479219257,3.682356767063065,6.491523098665615,6.9451446533203125,117.07758310826036,105.46314117192924,90.12963282695934,3.682356767063065,6.9451446533203125,1.886059687491809,140.98356814590989,35.24589203647747,140.98356814590989,2.402110158930379,0.017162950218555458,0.038114398363853504,0.041833881365068194,0.12122859440429679,False,False,True,True,0.004146454899482674,0.038114398363853504,8,False
TCL,83072,5,CEuMn3,C;Eu;Mn,3,1.8856843885777004,1.8856843885777004,1.9212412503861556,2.1044891808215236,0,0,3,3.2,1.9066867307102802,2.7996637787735206,4.539850083750541,6.106633186340332,89.17972408164022,103.45815231401214,89.97966902894454,2.7996637787735206,6.106633186340332,2.1812023403094254,75.47604598280101,15.095209196560202,75.47604598280101,2.274855967890809,0.003248097930053119,0.5809455046388103,0.8868393635656204,0.43079257384001224,False,False,True,True,0.08028368074735541,0.5809455046388103,43,False
TCL,83073,12,HFe8P3,Fe;H;P,3,1.664683573897389,1.664683573897389,2.176518832764578,2.0484090153143018,0,0,3,8.166666666666666,1.6884695423614373,4.264677639842736,4.949453004030255,6.505779266357422,90.57421656714365,87.8861274355604,90.3780124926056,4.264677639842736,6.505779266357422,1.5255031718170682,137.21982190619912,11.434985158849926,137.21982190619912,1.528317299679637,-0.03462450163619731,0.22422562809121518,0.495058733572816,0.23751581287597734,False,False,True,True,0.1571780830741063,0.22422562809121518,185,False
TCL,83074,13,Eu6Li3P4,Eu;Li;P,3,2.5524089306013997,2.5524089306013997,2.704575103951298,2.7593256046174806,0,0,0,3.230769230769231,2.5377333990070317,6.379919323445161,7.498351863237003,6.42645263671875,90.9293589620434,94.20491954561305,88.81210960051914,6.379919323445161,7.498351863237003,1.1753051226967377,306.5075328554141,23.577502527339547,306.5075328554141,1.2181335541115859,0.01623628960356663,0.14824093531720087,0.27551387573801106,0.11319093769682187,False,False,True,True,0.047769747190930544,0.14824093531720087,51,False
TCL,83075,12,C2HFeMn8,C;Fe;H;Mn,4,1.7866234786240343,1.7866234786240343,1.8112901788046414,1.9135956628819046,0,0,12,9.5,1.8125533673675445,4.813760188292687,4.4284480767795085,6.702688694000244,109.4940458293487,119.93541986214186,89.84374750493183,4.4284480767795085,6.702688694000244,1.5135525081903245,114.35353956223894,9.529461630186578,114.35353956223894,2.2151676007405743,-0.012439484847514419,0.8022184213183557,1.474709875852694,0.20412061051494135,False,False,True,True,0.6259781056508915,0.8022184213183557,355,True
TCL,83076,12,Fe3Mn9,Fe;Mn,2,2.45731240919228,2.45731240919228,2.462051855098004,2.4611684869628605,0,0,0,8.0,2.4453785167842725,4.007676105494096,4.98557290661353,6.601395130157471,100.80323015709239,90.08820756710925,90.11052180143437,4.007676105494096,6.601395130157471,1.6471877857363928,129.56139930365225,10.796783275304355,129.56139930365225,1.681804030651115,-0.008206989903156476,0.036748539349697795,0.06516145398182349,0.05350740774150253,True,False,False,True,0.0011116136143701479,0.036748539349697795,8,False
TCL,83077,14,EuFe2Mn3O8,Eu;Fe;Mn;O,4,1.8977809037190063,1.8977809037190063,2.009432574615097,2.0640434875516656,0,0,4,2.857142857142857,1.9157519868572663,3.296212601203521,3.3076841056451456,17.417598724365234,90.11850629674812,89.97160257672326,120.44234067046584,3.296212601203521,17.417598724365234,5.284124791588285,163.7208682262637,11.694347730447406,163.7208682262637,7.510234815830735,0.029719700626774766,0.6478250473701859,3.3074845378370896,0.2760158333077616,False,False,True,True,0.06971814832434065,0.6478250473701859,81,True
TCL,83078,6,AuEu3Zn2,Au;Eu;Zn,3,3.2346836808229202,3.2346836808229202,3.241528211489389,3.2406695911593153,0,0,0,0.0,3.235395993071793,3.7606622620532146,3.7622608539713416,11.279326438903809,90.0269749211009,90.01788394040732,90.00994726058161,3.7606622620532146,11.279326438903809,2.9992925854356347,159.58656461352118,26.597760768920196,159.58656461352118,2.999344062545525,0.0005351789258877719,0.018058535617261205,0.030520923292629926,0.03414604439724478,True,True,True,True,0.001025489633114773,0.018058535617261205,2,False
TCL,83079,4,Eu2GeHg,Eu;Ge;Hg,3,3.2223201075612486,3.2223201075612486,3.223097618796662,3.260840263911878,0,0,0,0.0,3.230671487469936,3.8340495076731904,3.845259870515787,7.5179572105407715,90.13513098127848,90.06758039876581,89.95109151877546,3.8340495076731904,7.5179572105407715,1.9608398888681207,110.83619153254452,27.70904788313613,110.83619153254452,1.9609634159192277,0.007639320348715057,0.01781403568818883,0.030722713998359585,0.07061963028320406,True,False,False,True,0.003148822265740996,0.01781403568818883,12,False
TCL,83080,12,Eu5Ge3Ir4,Eu;Ge;Ir,3,2.442011185555372,2.442011185555372,2.6056157898202987,2.6925950012189968,0,0,0,1.8333333333333333,2.490011794425624,4.300169813415535,5.825153686771204,11.88899040222168,90.11522779771931,89.97703257732665,112.0611634756222,4.300169813415535,11.88899040222168,2.764772303905483,276.003965633458,23.000330469454834,276.003965633458,3.17278734515216,-0.011119333756473133,0.18521826031493513,0.5930281988421809,0.11097005806704097,False,False,True,True,0.1187561211231737,0.18521826031493513,88,False
TCL,83081,19,C6Mn13,C;Mn,2,1.9121009243737808,1.9121009243737808,1.9478092907487925,1.9714400032177082,0,0,10,11.368421052631579,1.9456768801993047,6.031698077246185,6.022244451942547,6.215198516845703,109.6050979656948,109.57174534273577,107.63686779683948,6.022244451942547,6.215198516845703,1.0320402246110945,177.08958611401803,9.320504532316738,177.08958611401803,1.978954643517917,-0.009768441056618154,0.4023585716052789,0.6974313017401761,0.11887728618680171,False,False,True,True,0.054040565395644946,0.4023585716052789,82,False
TCL,83082,8,FeGeMn5Si,Fe;Ge;Mn;Si,4,2.419885782204984,2.419885782204984,2.5104348827300984,2.4974082016025467,0,0,0,6.0,2.4945353553886256,4.159020209426513,5.105690459984081,5.148094654083252,119.59899030025227,89.94147461294841,89.9129722253847,4.159020209426513,5.148094654083252,1.2378142915523658,95.05216963395388,11.881521204244235,95.05216963395388,1.7182799784542,-0.005271066155694493,0.2541938250384869,0.4668157103669122,0.11048202115722816,False,False,True,True,0.027807899478491778,0.2541938250384869,41,False
TCL,83083,11,As3EuMn7,As;Eu;Mn,3,2.4304434685064558,2.4304434685064558,2.457197017971185,2.5145415360684265,0,0,0,5.2727272727272725,2.4058483469939174,3.8942156241591133,6.977020846857811,6.991364002227783,116.25544662595001,90.02952941186332,89.94687729274325,3.8942156241591133,6.991364002227783,1.7953202074519035,170.35787058933528,15.487079144485024,170.35787058933528,2.153953183800889,-0.03594749403345704,0.31869730484923076,0.6324474367107475,0.177513572266907,False,False,True,True,0.06963201068273193,0.31869730484923076,50,False
TCL,83084,13,Gd4Pt7Si2,Gd;Pt;Si,3,2.307701533321093,2.307701533321093,2.4181324700910483,2.558699944480793,0,0,0,4.769230769230769,2.3584662654210526,5.7132527450700685,5.702816141394746,8.152960777282715,109.14488650126656,84.9169619627336,94.5684361186492,5.702816141394746,8.152960777282715,1.4296376693793837,249.59655150241355,19.199734730954887,249.59655150241355,1.6577875699149263,0.022621798468374518,0.2719780250567775,0.5241757599529381,0.08599921490084661,True,True,True,True,0.06275295440235755,0.2719780250567775,88,False
TCL,83085,12,Eu8Ir4,Eu;Ir,2,2.9738602700390353,2.9738602700390353,2.9847765217674977,3.0372866214246304,0,0,0,0.6666666666666666,2.959725073640123,4.675323031445394,7.714535685240227,9.221473693847656,89.20306974187524,89.28424650965135,89.20689464241558,4.675323031445394,9.221473693847656,1.9723714557958152,332.5104225833653,27.70920188194711,332.5104225833653,1.973368700559344,-0.025599982283325363,0.0882996301675214,0.15318352548276104,-0.04039277076497605,True,True,True,True,0.040072142928934934,0.0882996301675214,57,False
TCL,83086,20,H6Cu2Mn5Pd7,Cu;H;Mn;Pd,4,1.7875864050313448,1.7875864050313448,1.8778840031451054,1.8768755690783394,0,0,23,11.6,1.7511356547528751,5.436111510681881,6.742567299168147,6.941129684448242,116.09507385435947,100.1018317516728,102.58981767368999,5.436111510681881,6.941129684448242,1.2768556477932842,212.0387491948942,10.60193745974471,212.0387491948942,1.9703903486295977,0.06311023570465543,0.12998418264000344,0.24948226724251343,0.10933881155175929,False,False,True,True,0.14331092189687517,0.12998418264000344,120,False
TCL,83087,18,C6Mn12,C;Mn,2,1.873134635667459,1.873134635667459,1.8822793392504216,1.8949928444194784,0,0,21,11.333333333333334,1.8942577580401694,4.583500592317018,5.026270302186272,6.907372951507568,89.95124178538329,87.70212189090095,90.11252305285383,4.583500592317018,6.907372951507568,1.5070081943669618,159.00312033204787,8.83350668511377,159.00312033204787,1.5101428750490506,0.02586837153565463,0.5448814342727016,0.9129903482063931,0.09572138774758443,True,True,True,True,0.06707644316217976,0.5448814342727016,64,False
TCL,83088,12,Ca8N2Rh2,Ca;N;Rh,3,2.337055411495934,2.337055411495934,2.4747280644085077,2.494853881080101,0,0,0,4.0,2.469030743674032,6.280301915310946,6.545416697663689,7.12899112701416,91.87337316336803,91.8546722824221,95.88433353234919,6.280301915310946,7.12899112701416,1.13513509750768,291.1648144594515,24.263734538287625,291.1648144594515,1.1869432419605201,0.04993314524509711,0.13945137035933197,0.23898643521862345,0.12005446370930972,False,False,True,True,0.01505313128616678,0.13945137035933197,36,False
TCL,83089,15,Mn15,Mn,1,2.46424471688113,2.46424471688113,2.4851970208571643,2.4861358551912427,0,0,0,12.0,2.4743674658488817,6.044443641976383,5.934165427806918,5.763093948364258,81.22878949062408,105.81370511924497,109.62507580943146,5.763093948364258,6.044443641976383,1.0488192099821627,186.91345923395903,12.460897282263936,186.91345923395903,1.5372788586384163,-0.133478337960174,0.1087668036073106,0.2094899489484085,0.0855565518345891,True,False,False,True,0.0,0.1087668036073106,60,False
TCL,83090,4,HFe2N,Fe;H;N,3,1.743026845743629,1.743026845743629,1.7477010899943228,1.7537201247407546,0,0,4,3.0,1.7374736781285922,2.6474357908986867,2.9543916247683275,5.013417720794678,107.62034663488022,104.36924440984266,89.84756617678646,2.6474357908986867,5.013417720794678,1.8936881257062879,36.09218564462979,9.023046411157447,36.09218564462979,2.0990523091858213,0.03944815190878415,0.86597392850247,1.5458082536732243,0.2755199780814621,False,False,True,True,0.07335340217825427,0.86597392850247,34,True
TCL,83091,12,Eu5Ga3Ir4,Eu;Ga;Ir,3,2.458925787080934,2.458925787080934,2.5059720771997576,2.6857305963913416,0,0,0,2.5,2.482106742003289,6.0861655995274475,7.122382077984333,7.674005508422852,112.36396815207489,88.29809694601785,86.80436870931868,6.0861655995274475,7.674005508422852,1.260893313356227,306.68685940891476,25.55723828407623,306.68685940891476,1.5390151977819606,-0.031055739027593666,0.1710819165326591,0.37540595389300757,0.1087624736946573,False,False,True,True,0.029089574356908,0.1710819165326591,49,False
TCL,83092,6,Eu2In2Ni2,Eu;In;Ni,3,2.646301171852641,2.646301171852641,2.6470379836094398,2.8120531400707,0,0,0,1.3333333333333333,2.6279235349010728,4.591253990968161,4.599384403376077,7.000015735626221,89.9166741940705,89.81629775341267,89.83224623470258,4.591253990968161,7.000015735626221,1.5246413614660692,147.817378619332,24.63622976988867,147.817378619332,1.5259171816272799,-0.004769204237446608,0.13900463188929676,0.2548173937716486,0.07939763535644584,True,True,True,True,0.029109897364473405,0.13900463188929676,18,False
TCL,83093,18,C5Mn12Tl,C;Mn;Tl,3,1.8305968442583291,1.8305968442583291,1.937360171860457,1.9720007673662185,0,0,15,11.0,1.9112950625288994,4.99006942235979,6.088565866911134,7.0657429695129395,104.09400235039993,94.66058202023602,112.41164803265175,4.99006942235979,7.0657429695129395,1.4159608557452832,188.8220948255521,10.490116379197339,188.8220948255521,1.875825469590108,-0.01769066065371005,0.41718258091859084,0.8070979450077717,0.21885672942871892,False,False,True,True,0.15163962968308195,0.41718258091859084,115,False
TCL,83094,19,C4Mn15,C;Mn,2,1.7835516078102023,1.7835516078102023,1.9885592544036286,1.9755010035707683,0,0,8,9.473684210526315,1.950595550203022,4.189545925188314,5.837140763174863,7.770626544952393,92.81156100672386,86.57430728185436,88.60705374944628,4.189545925188314,7.770626544952393,1.8547658108326175,189.39180798563666,9.967989893980876,189.39180798563666,1.865148685772362,-0.0038549571704151703,0.6050322845533946,2.2043546338821893,0.23370084542477088,False,False,True,True,0.14262931225446374,0.6050322845533946,181,True
TCL,83095,4,Eu2MgSi,Eu;Mg;Si,3,3.2831270406025523,3.2831270406025523,3.284494646498268,3.284494646498268,0,0,0,0.0,3.268989167857475,5.3830037241434265,5.383670708653774,5.381738185882568,59.85399426047469,59.776575826415666,59.77416757456886,5.381738185882568,5.383670708653774,1.0003590889605658,109.78666333656336,27.44666583414084,109.78666333656336,2.0105942667649264,-0.0161067964531849,0.011536940223826824,0.02117127851073241,0.126212867319337,False,False,True,True,0.003585073566172575,0.011536940223826824,6,False
TCL,83096,10,Fe8TbY,Fe;Tb;Y,3,2.3689490827526356,2.3689490827526356,2.371224694551634,2.496429365856852,0,0,0,4.8,2.309941793374048,3.876408596593548,5.1095572388306785,7.823116302490234,89.93366087535608,89.93943921663796,90.0157870709129,3.876408596593548,7.823116302490234,2.018135113353354,154.9501685682846,15.49501685682846,154.9501685682846,2.01813816326355,0.001847930850143457,0.14315664633325717,0.32620781580337804,0.14655480859700187,False,False,True,True,0.019110783612848972,0.14315664633325717,20,False
TCL,83097,10,CGa2Mn7,C;Ga;Mn,3,1.8823183024834076,1.8823183024834076,1.9865411961991963,2.11229604566609,0,0,4,7.8,1.933988698992017,4.876966021518603,4.89286320038333,6.2100114822387695,107.77495536889265,91.01222289284036,119.93081757116818,4.876966021518603,6.2100114822387695,1.273334990409689,119.66879340682131,11.96687934068213,119.66879340682131,2.090269568512648,0.0006461304397595115,0.3987991581576848,0.8161596434847739,0.27902618269580604,False,False,True,True,0.06783856807590251,0.3987991581576848,61,False
TCL,83098,10,Eu4Ge4Pt2,Eu;Ge;Pt,3,2.530670432358501,2.530670432358501,2.5598822029731516,2.7699630555912504,0,0,0,1.4,2.5281906152477807,4.331871215796612,7.693178642378413,7.690492630004883,112.72449111172166,89.92215884196052,90.08617216866571,4.331871215796612,7.693178642378413,1.7759481432237527,236.39673489564532,23.639673489564533,236.39673489564532,2.09066371787753,0.04586711077391566,0.1698547173714409,0.32574631298221335,0.07516920720897957,True,True,True,True,0.2154921940873944,0.1698547173714409,90,False
TCL,83099,10,Au3Eu4Gd3,Au;Eu;Gd,3,2.99494255068371,2.99494255068371,3.038274099321609,3.1069738304569885,0,0,0,0.4,2.9741299207180645,4.33425546327069,7.142251115985782,12.284916877746582,98.7265185054258,79.841551626785,72.18684849986755,4.33425546327069,12.284916877746582,2.8343776645957575,347.6995765167127,34.76995765167127,347.6995765167127,3.1927451531105664,-0.05605085579511111,0.1390888414429082,0.3129018676638971,0.09118819827126856,True,True,True,True,0.10112077625283492,0.1390888414429082,49,False
TCL,83100,10,Eu4Pt4Sn2,Eu;Pt;Sn,3,2.819419901255299,2.819419901255299,2.929539122131671,2.902443477665017,0,0,0,1.2,2.7983639015971926,3.9980240266535523,7.667987554371933,7.663748741149902,90.1346938381662,90.11046715433658,90.12731040180878,3.9980240266535523,7.667987554371933,1.9179443403170926,234.94433249712964,23.494433249712962,234.94433249712964,1.9197397375670584,0.031140535717680277,0.02581456617838431,0.060546435729513425,0.09626354402148252,True,False,False,True,0.005922460015423333,0.02581456617838431,41,False
TCL,83101,9,Gd3Ge3Pt3,Gd;Ge;Pt,3,2.681389027213191,2.681389027213191,2.686312786032194,2.758568653181802,0,0,0,4.666666666666667,2.672842901897705,4.250733610630071,6.960873330674494,6.950969219207764,120.03575232078732,89.95714989532632,89.9879608831892,4.250733610630071,6.960873330674494,1.6375698804712226,178.05198632616984,19.783554036241092,178.05198632616984,2.004544751737517,-0.009689056135453034,0.07409834038800003,0.18657238664081402,0.08433095261935719,True,True,True,True,0.03322107999271054,0.07409834038800003,54,False
TCL,83102,5,Eu2Fe3,Eu;Fe,2,2.4013454242594907,2.4013454242594907,2.404070189055877,2.669910425549584,0,0,0,1.2,2.4199969612353116,4.163571816320517,5.102639726946807,5.713669776916504,116.55649327396988,111.28818557332522,90.03518534249956,4.163571816320517,5.713669776916504,1.3723000416420963,99.22003655646071,19.844007311292142,99.22003655646071,2.052037850378827,0.036072400068382214,0.01721838646806782,0.027061084542323872,0.27940906986914094,False,False,True,True,0.0061997387180721675,0.01721838646806782,12,False
TCL,83103,6,Fe5Ta,Fe;Ta,2,2.419465651796088,2.419465651796088,2.4867156068733123,2.4777110481047053,0,0,0,5.0,2.4622028936513503,2.9504419931742136,5.763447084359992,4.817699909210205,107.62458724551556,107.89760395288579,90.15685711180473,2.9504419931742136,5.763447084359992,1.9534181989320947,73.88422092311686,12.314036820519476,73.88422092311686,2.293513764110802,0.01911181328671518,0.08596435738487507,0.157932664810667,0.05463726988606865,True,False,False,True,0.007723616075759242,0.08596435738487507,21,False
TCL,83104,10,C2Al2Mn6,Al;C;Mn,3,1.8481804515468474,1.8481804515468474,1.8536481321905958,1.995286792933602,0,0,8,5.6,1.9185654037782018,2.7265016374925675,5.130853585453292,7.810569763183594,90.10727062642107,90.0314623581577,74.67063182076461,2.7265016374925675,7.810569763183594,2.8646855207344015,105.37666857269255,10.537666857269254,105.37666857269255,3.009500247455654,0.05397984355317777,0.4987463946250523,1.1707326218609224,0.06418842073437503,True,True,True,True,0.031155989160688076,0.4987463946250523,51,True
TCL,83105,10,Cs2Eu5Sb3,Cs;Eu;Sb,3,3.2039255803095834,3.2039255803095834,3.290920073129279,3.376792769149567,0,0,0,0.0,3.2392053234941356,4.970809442329059,8.930008271224409,9.473612785339355,101.11095152796489,105.5305957587724,89.8577570178663,4.970809442329059,9.473612785339355,1.9058491167789609,397.0417218811588,39.704172188115884,397.0417218811588,2.155837445346603,0.08750191556593166,0.09084672775734122,0.1920720482419243,0.2510742822516834,False,False,True,True,0.15891196511100947,0.09084672775734122,76,False
TCL,83106,6,Eu4I2,Eu;I,2,3.3684630968451925,3.3684630968451925,3.3864024193021796,3.5300342639580298,0,0,0,0.0,3.324375428962207,4.3499190473974565,4.351869198024683,14.898710250854492,98.36070704349713,98.2837578384604,90.13086900320772,4.3499190473974565,14.898710250854492,3.425054601824911,276.0502618831143,46.008376980519046,276.0502618831143,3.516162125275724,-0.04536139614217911,0.11950332866904541,0.19258289120071495,0.08418658436848858,True,True,True,True,0.07629435684000675,0.11950332866904541,35,False
TCL,83107,4,CdEu3,Cd;Eu,2,3.3599486546312196,3.3599486546312196,3.368298125977583,3.5211544541590563,0,0,0,0.0,3.3777466642213896,3.9042878171712023,3.896173282292035,11.671509742736816,90.02179763795091,90.12822565397035,120.68997526254338,3.896173282292035,11.671509742736816,2.995634151022851,152.67724308193235,38.16931077048309,152.67724308193235,4.276767209804693,0.023646535688774936,0.020511834929265827,0.03324597110286448,0.11402367652099699,False,False,True,True,0.0036857903186898787,0.020511834929265827,15,False
TCL,83108,9,Ag2Eu4Si3,Ag;Eu;Si,3,2.372862188458697,2.372862188458697,2.8374473171907746,2.825359988849313,0,0,0,1.5555555555555556,2.38024173447842,4.311486440597328,7.206696953409581,7.232539653778076,93.47426706692187,90.08695080484472,90.03030122582132,4.311486440597328,7.232539653778076,1.677504905425623,224.3130842196606,24.92367602440673,224.3130842196606,1.7245917421897055,-0.008063804601819675,0.10298648796530124,0.2539262830475396,0.16422522161241027,False,False,True,True,0.28097705141826856,0.10298648796530124,148,False
TCL,83109,18,EuMn8NdO7Sr,Eu;Mn;Nd;O;Sr,5,1.9705039045745079,1.9705039045745079,2.0523023676495313,2.120416708755205,0,0,1,7.222222222222222,1.9852579808508266,6.298937956816002,7.198084321457361,7.290414333343506,106.97140832505178,118.24725254983866,99.37913912800965,6.298937956816002,7.290414333343506,1.1574037374752422,260.11139408808253,14.450633004893474,260.11139408808253,2.075368324552773,0.26934231585528795,0.9068358189149435,1.5362011420595003,0.46380062357496854,False,False,True,True,0.7672374291266475,0.9068358189149435,388,True
TCL,83110,18,Fe2Mn16,Fe;Mn,2,2.303507819801125,2.303507819801125,2.3553651497184136,2.3463761110502084,0,0,0,11.777777777777779,2.211065311631593,6.284907936003358,7.286704159122014,6.144604682922363,125.85011768078306,96.45961956226829,105.23381059652694,6.144604682922363,7.286704159122014,1.1858702935558858,206.91400235414682,11.495222353008156,206.91400235414682,2.340785913093716,-0.03450191763085132,0.33749257341526345,0.7704675281211312,0.1538119565613023,False,False,True,True,0.3235790860813751,0.33749257341526345,522,True
TCL,83111,4,CuEu3,Cu;Eu,2,2.965108160564243,2.965108160564243,2.9657276473171024,3.0811837773536688,0,0,0,1.0,2.983172085559668,3.7788748581145573,5.760153280951859,6.992223739624023,114.67528207423757,106.33328522001922,90.57085632332091,3.7788748581145573,6.992223739624023,1.8503454076044064,131.2965828439142,32.82414571097855,131.2965828439142,2.2582267595440424,0.008345003414359602,0.037679722112209865,0.07119642119067572,0.08222585085937517,True,False,False,True,0.006815649586605872,0.037679722112209865,12,False
TCL,83112,9,Fe6Ge3,Fe;Ge,2,2.3974565495441422,2.3974565495441422,2.4052931748082567,2.445680530703532,0,0,0,6.0,2.3756936576675822,2.7550267206904846,6.809412999564694,6.799376487731934,119.52475950830936,89.90289770116037,89.98013348454177,2.7550267206904846,6.809412999564694,2.471632288872345,110.99261850215514,12.332513166906127,110.99261850215514,3.0176320810489474,0.039316983518917985,0.13887471388486536,0.23815145921087888,0.08436459809678887,True,False,False,True,0.11106457054534637,0.13887471388486536,65,False
TCL,83113,15,Al2Mn13,Al;Mn,2,2.3515118388383964,2.3515118388383964,2.425083503684536,2.4192064091847607,0,0,0,10.266666666666667,2.334481240541895,5.667496893967197,5.671110900022731,5.693991661071777,89.9623613323188,89.8911566150306,89.64143808072177,5.667496893967197,5.693991661071777,1.004674862218766,183.00665344520652,12.200443563013769,183.00665344520652,1.008047816113518,-0.03359367210544275,0.2006153144033149,0.5391375373330854,0.18013841739762881,False,False,True,True,0.029908910364224064,0.2006153144033149,71,False
TCL,83114,6,Fe4P2,Fe;P,2,2.27112364324764,2.27112364324764,2.2724037183241808,2.3351527304053312,0,0,0,4.333333333333333,2.244973484174306,3.9414350798748603,3.9399666941867046,4.930407524108887,89.68796533429601,89.8142008663484,119.98429571615789,3.9399666941867046,4.930407524108887,1.2513830463043116,66.31508696196828,11.052514493661379,66.31508696196828,1.7691353929818254,-0.021374261974628488,0.028686536675716846,0.03821477231943297,0.2482597783902989,False,False,True,True,0.0031643575148359027,0.028686536675716846,23,False
TCL,83115,10,CuMn2Ni2O5,Cu;Mn;Ni;O,4,2.0974928490779416,2.0974928490779416,2.1362755776796805,2.128483367232219,0,0,0,3.0,2.0759320677189597,3.023233299328045,3.0220261952613487,11.171853065490723,97.68960008880195,97.74238397449862,89.99089786125391,3.0220261952613487,11.171853065490723,3.696808810925799,100.21272588741338,10.021272588741338,100.21272588741338,3.7749350322691075,0.02317434656345449,0.21288741052572807,0.5282347466279356,0.13648668662206198,False,False,True,True,0.04858515096132569,0.21288741052572807,65,False
TCL,83116,5,Br2Eu2P,Br;Eu;P,3,2.976007501943291,2.976007501943291,2.9814542429884683,2.9992589192326906,0,0,0,0.8,2.9769244793944125,4.3116000450369745,4.3055912398007665,10.9898099899292,78.42649292383172,78.42190880304928,59.91312347997769,4.3055912398007665,10.9898099899292,2.552450843066499,171.72721781428208,34.34544356285642,171.72721781428208,3.6403078910209237,-0.015523265147349528,0.11569099053781806,0.1629649407393409,0.04424975149283927,True,True,True,True,0.011847646667825038,0.11569099053781806,12,False
TCL,83117,20,B4Ge2Mn14,B;Ge;Mn,3,2.1931455353725755,2.1931455353725755,2.25332878753418,2.289211563979074,0,0,0,11.4,2.158197579805533,6.196060611812348,5.034081434379708,7.050656318664551,89.87796069293113,78.77221012281576,89.6939690882259,5.034081434379708,7.050656318664551,1.4005844781359447,215.70805803360182,10.78540290168009,215.70805803360182,1.4634451747369996,-0.041692951437658936,0.3556665104612522,0.5844686870435483,0.2741095008867198,False,False,True,True,0.07104515234764637,0.3556665104612522,94,False
TCL,83118,11,C2Al2Mn7,Al;C;Mn,3,1.8429003517928408,1.8429003517928408,1.8911384497179478,2.1593272018781877,0,0,4,2.1818181818181817,1.9205030237977665,2.6653195321812717,2.690349905982138,19.581859588623047,90.83084030072916,90.26143483723465,119.80132939692383,2.6653195321812717,19.581859588623047,7.346908823572625,121.82122053706026,11.074656412460023,121.82122053706026,10.313052280366765,0.014041786809874153,0.3707687717017981,1.3596476874256405,0.20103097356471622,False,False,True,True,0.48821213476462266,0.3707687717017981,229,True
TCL,83119,5,CoEu4,Co;Eu,2,3.0428634774958208,3.0428634774958208,3.0468536129201453,3.0475786330293975,0,0,0,0.0,2.939896114590681,3.681418077309253,6.931189011849471,7.072139739990234,91.87153593503695,105.14010079031944,74.51568213126495,3.681418077309253,7.072139739990234,1.9210368372937578,167.73740669157587,33.54748133831517,167.73740669157587,2.178075212463738,0.004522694006586641,0.04657103693971348,0.0710525670887182,0.10988886392578223,False,False,True,True,0.15756104300432308,0.04657103693971348,19,False
TCL,83120,3,Gd3,Gd,1,3.5499463354595076,3.5499463354595076,3.5499463354595076,3.551002137256012,0,0,0,0.0,3.605770538272746,3.590187064613439,3.594935910596329,8.981891632080078,78.19759969850499,78.06684919987798,59.43244799772182,3.590187064613439,8.981891632080078,2.501789313601455,96.97567109992039,32.32522369997346,96.97567109992039,3.5973397982713253,0.04089127958961844,0.004027944731993103,0.005945354292588458,0.016096706959634943,True,False,False,True,0.0013032924363308384,0.004027944731993103,7,False
TCL,83121,11,Eu4Pt4Tl3,Eu;Pt;Tl,3,2.7600489306625913,2.7600489306625913,2.852330515851455,2.885406027689675,0,0,0,2.0,2.8399335237309282,4.353311824134152,7.33451003293771,8.827908515930176,94.2623409392307,89.94249230850734,90.02851171294753,4.353311824134152,8.827908515930176,2.027860367591746,281.0901411011752,25.55364919101593,281.0901411011752,2.0398495953878495,0.022773705228840542,0.16227598305739205,0.3413597172489062,0.07391153555575247,True,True,True,True,0.04900470879699853,0.16227598305739205,50,False
TCL,83122,10,Al6Eu4,Al;Eu,2,2.6217357540093036,2.6217357540093036,2.8296803604582683,2.8954191872095394,0,0,0,2.0,2.6813405407127426,5.012961316369868,7.2299372563481015,7.233306884765625,89.55887475094063,88.90243201945279,89.2637218213583,5.012961316369868,7.233306884765625,1.44292094597762,262.0825803529606,26.20825803529606,262.0825803529606,1.4492082125435808,-0.031457900410340835,0.06872907802485997,0.16907472630407835,0.13663378459960995,False,False,True,True,0.03170545141736822,0.06872907802485997,27,False
TCL,83123,6,CaEu5,Ca;Eu,2,3.8181205789000154,3.8181205789000154,3.8192976964034475,3.8191217791958203,0,0,0,0.0,3.9424391862509593,6.67037393946912,6.62231400307232,7.434031963348389,63.77748558565863,63.80318071768938,60.90557851355377,6.62231400307232,7.434031963348389,1.1225731609675236,246.4284092490197,41.071401541503285,246.4284092490197,2.0108888589879825,0.06665774112658372,0.009937850194985125,0.0161319333204858,0.039101758689778165,True,True,True,True,0.0005733472689622588,0.009937850194985125,10,False
TCL,83124,12,As4Eu8,As;Eu,2,3.0933474022730105,3.0933474022730105,3.1082011721290455,3.1337105544402313,0,0,0,0.0,3.066196248213284,4.7333877541414155,7.5583883535821625,9.777335166931152,89.90617619340381,89.95123495440914,89.98538589950589,4.7333877541414155,9.777335166931152,2.065610441142626,349.80099040215214,29.150082533512677,349.80099040215214,2.065615869691027,0.012419002448661507,0.11361044530878357,0.1375705319980213,0.052047717642144775,True,True,True,True,0.11599697535751555,0.11361044530878357,24,False
TCL,83125,5,Eu2Ga3,Eu;Ga,2,2.6491110235810997,2.6491110235810997,2.654912512329854,2.864333181874926,0,0,0,1.2,2.6912929464096655,4.306035975332033,5.886717660425488,6.036896705627441,119.81326806363099,111.115006683334,90.27004073944629,4.306035975332033,6.036896705627441,1.4019615117502457,120.62207757600619,24.12441551520124,120.62207757600619,2.2139887547721724,0.0266445045468569,0.021458486581026223,0.03694953026870166,0.08158471754882779,True,True,True,True,0.0049721396929367345,0.021458486581026223,21,False
TCL,83126,4,Eu3Y,Eu;Y,2,3.6815340812014377,3.6815340812014377,3.6924263391418863,3.6950647063361357,0,0,0,0.0,3.7747890995892637,3.728109316466699,6.023192724975956,6.581009864807129,90.20729191753712,89.9723675594538,90.17740302120339,3.728109316466699,6.581009864807129,1.7652405834076388,147.7756803331853,36.94392008329633,147.7756803331853,1.7653142886984545,0.06622184761398307,0.023524760949741288,0.03615723949749898,0.09983645180501277,True,False,False,True,0.0035055062363859965,0.023524760949741288,14,False
TCL,83127,18,C5FeMn12,C;Fe;Mn,3,1.7895384482301775,1.7895384482301775,1.9763784472973989,1.9514828901162566,0,0,9,10.0,1.8403495606848461,4.5670975431697425,5.145343030713254,7.475686073303223,85.27692684504532,95.55601311871396,100.19212678172946,4.5670975431697425,7.475686073303223,1.6368571073073266,171.70715581104537,9.539286433946964,171.70715581104537,1.7451060441700674,0.003648047925231005,0.501492477229629,1.186470330789806,0.14628434237649124,False,False,True,True,0.0562617656200584,0.501492477229629,54,True
TCL,83128,8,Ca3EuO4,Ca;Eu;O,3,2.4476372102582897,2.4476372102582897,2.448527333922909,2.449612823662124,0,0,0,3.0,2.450612491375891,4.914346079506679,4.90973921358075,4.922560214996338,90.04663903634498,90.0329991473588,90.12361528504063,4.90973921358075,4.922560214996338,1.0026113406146144,118.77197333876758,14.846496667345948,118.77197333876758,1.0034695108000664,-0.000824395157172528,0.026187861253853452,0.038849434481208346,0.034803051645508454,True,False,False,True,0.0025829247024067464,0.026187861253853452,4,False
TCL,83129,18,C4Fe5Mn9,C;Fe;Mn,3,1.7804574994285405,1.7804574994285405,1.8403027645745202,1.8606629200151952,0,0,20,10.11111111111111,1.8329489989861594,4.9699373366423405,6.273576814122027,7.454656600952148,120.910442811959,102.40864605288132,101.50926669925512,4.9699373366423405,7.454656600952148,1.4999498174736483,180.9500724119722,10.052781800665123,180.9500724119722,2.3198791601890365,0.009464603481100441,0.8626801944260866,1.5205036270679904,0.1914416817091258,False,False,True,True,0.9099722665943993,0.8626801944260866,441,True
TCL,83130,13,Mn13,Mn,1,2.270242431509962,2.270242431509962,2.2830945274520493,2.2999885409294696,0,0,0,10.76923076923077,2.2873606656335763,4.798924553676161,6.219631974134318,6.086575984954834,122.54429077753268,93.59447171588923,97.73208480828603,4.798924553676161,6.219631974134318,1.2960470423253143,149.75343053298772,11.51949465638367,149.75343053298772,1.9529652127956136,-0.04489598791669807,0.3072493310337505,0.5051549853440886,0.1650975674595898,False,False,True,True,1.1822450652572465,0.3072493310337505,494,True
TCL,83131,6,Fe3Mn3,Fe;Mn,2,2.4404960869756174,2.4404960869756174,2.4610566722578033,2.4568798772076916,0,0,0,2.0,2.437966956538672,2.4874825474821436,2.488230543938617,12.173562049865723,84.1497815340742,84.23679129903634,60.22761974360066,2.4874825474821436,12.173562049865723,4.8939286276351694,64.95298094783469,10.825496824639115,64.95298094783469,6.899456290891672,-0.010484462619905242,0.07054775855852825,0.16481548416610223,0.0809604202239349,True,True,True,True,0.01191374622809701,0.07054775855852825,22,False
TCL,83132,4,Eu4,Eu,1,3.887396077333257,3.887396077333257,3.902999296699287,3.908665103085677,0,0,0,0.0,3.8664090283114145,3.9477166414303997,3.961490258305466,13.123663902282715,90.2602736715402,90.18541483341383,119.78757141292255,3.9477166414303997,13.123663902282715,3.324368260009548,178.11593724226825,44.52898431056706,178.11593724226825,4.678356418881363,-0.01777763522143457,0.03334505238330357,0.0386975342001942,0.03792063872558593,True,False,False,True,0.0030130071139852473,0.03334505238330357,8,False
TCL,83133,6,Eu4Li2,Eu;Li,2,3.5444470313201766,3.5444470313201766,3.6030944636598257,3.59370876460927,0,0,0,0.0,3.49526205093257,3.8761058240285573,3.885847219557542,18.290847778320312,83.89252982810578,83.90235801552781,59.850627190165,3.8761058240285573,18.290847778320312,4.718872138354072,236.42756957467915,39.404594929113195,236.42756957467915,6.6838721460082064,-0.04566824660025639,0.04143707089391679,0.09057128182943973,0.10347494989474804,False,False,True,True,0.013652113934034062,0.04143707089391679,26,False
TCL,83134,14,H2FeMn11,Fe;H;Mn,3,1.7956693022101502,1.7956693022101502,1.8053722520626916,1.8959112986646722,0,0,12,9.571428571428571,1.7948665385874907,5.0386068671048205,5.039423753435831,6.239583492279053,101.7293495007067,89.96979257701975,119.97342204948255,5.0386068671048205,6.239583492279053,1.2383548978617402,133.42150209439905,9.530107292457075,133.42150209439905,1.907921755765548,0.03676570820203999,0.12760401508240998,0.25336900088093256,0.10273161012906762,False,False,True,True,0.015005069014496171,0.12760401508240998,20,False
TCL,83135,12,Mn6O6,Mn;O,2,2.0535148167826893,2.0535148167826893,2.0794729933993765,2.0791380935261583,0,0,0,2.6666666666666665,2.1196475352051234,3.1226313123985205,3.4867777413215943,15.732522010803223,90.16660447732156,90.0014368442217,90.15782085556353,3.1226313123985205,15.732522010803223,5.038225918102043,171.29308827318977,14.274424022765814,171.29308827318977,5.038323564756709,-0.0649739954833383,0.1767750269458719,0.4712179824129208,0.2084807343359376,False,False,True,True,1.1017286257240233,0.1767750269458719,88,True
TCL,83136,8,Eu3Ge2Pt3,Eu;Ge;Pt,3,2.424689068235297,2.424689068235297,2.5993794625064894,2.6927014481434903,0,0,0,1.75,2.4183507498889347,4.239582556030971,4.293562398386088,10.298846244812012,90.42004549279687,102.13078713090253,90.15960355525296,4.239582556030971,10.298846244812012,2.429212336049808,183.27617819566834,22.909522274458542,183.27617819566834,2.5072235269443817,0.07671937025690995,0.20510608356046095,0.6213763093149449,0.15210725846191409,False,False,True,True,0.38623654418507636,0.20510608356046095,139,False
TCL,83137,16,Co9Mn7,Co;Mn,2,2.42509355948154,2.42509355948154,2.4532444673663587,2.4501011750303023,0,0,0,11.0,2.423811541838402,5.691154437678976,5.724975999539724,5.745676040649414,89.65246199583547,90.03242541084522,90.29413096341021,5.691154437678976,5.745676040649414,1.0095800603493505,187.1980854159755,11.699880338498469,187.1980854159755,1.0125674487377732,-0.02354386861773897,0.09411751921579595,0.18827946564991307,0.15728519692993181,False,False,True,True,0.009871683055459386,0.09411751921579595,42,False
TCL,83138,20,CFe4Mn15,C;Fe;Mn,3,1.7298734961386917,1.7298734961386917,2.26307968669268,2.1732324692273437,0,0,4,11.7,1.9751720312712606,6.069488199039752,6.040422889301807,6.1376261711120605,91.99625515943325,88.42246787092158,92.25016062336002,6.040422889301807,6.1376261711120605,1.016092131890701,224.63225056815125,11.231612528407563,224.63225056815125,1.0604216019816528,-0.04536076653097956,0.6110097280203113,2.455548610328139,0.1435652334077755,False,False,True,True,0.5849775032335467,0.6110097280203113,655,True
TCL,83139,4,AuEu2Sr,Au;Eu;Sr,3,3.0365204702913045,3.0365204702913045,3.042562859120655,3.3573893332027134,0,0,0,0.0,3.066819363066797,4.306107305068667,4.304503745642369,10.899615287780762,78.89710576995958,79.02897645018471,60.199948008737934,4.304503745642369,10.899615287780762,2.532142131091163,170.96933322808636,42.74233330702159,170.96933322808636,3.595590037953266,0.009254018918684534,0.015666899021926323,0.027643260843124132,0.08096884942382854,True,False,False,True,0.00473915737173403,0.015666899021926323,12,False
TCL,83140,8,Fe6Ru2,Fe;Ru,2,2.463864466315735,2.463864466315735,2.479695432751424,2.4818585908375566,0,0,0,7.0,2.4740014968932873,3.575009306667051,5.093948035383605,5.705760478973389,116.55820084830948,90.03523261890535,89.98339148435308,3.575009306667051,5.705760478973389,1.5960127623535665,92.9428730591796,11.61785913239745,92.9428730591796,1.8269884060809638,0.07921180152647618,0.046339110582360885,0.09450845998103344,0.06847066847656436,True,False,False,True,0.029954088084650776,0.046339110582360885,51,False
TCL,83141,15,Eu14Ni,Eu;Ni,2,2.756681130067401,2.756681130067401,3.8768268297611055,3.4532837627236646,0,0,0,0.6666666666666666,2.8244748878799495,5.517846768037243,8.79947368677545,12.424224853515625,97.9251938552042,89.97196457852873,90.0990060935207,5.517846768037243,12.424224853515625,2.2516436892529104,597.4850742721497,39.832338284809985,597.4850742721497,2.2723274478140483,0.04902238076783902,0.024447981260313327,0.047477535112356035,0.03969277434895879,True,True,True,True,0.011704531689739039,0.024447981260313327,37,False
TCL,83142,4,CrMn2Ni,Cr;Mn;Ni,3,2.425143054100341,2.425143054100341,2.452719356785498,2.452719356785498,0,0,0,2.0,2.379581922242593,2.515517828064024,2.5181773530199747,8.031527519226074,89.92797815923366,89.96956718132243,119.87309733727064,2.515517828064024,8.031527519226074,3.192792923040917,44.11595695726317,11.028989239315793,44.11595695726317,4.504279538368535,-0.0033413060420620744,0.14142486702946327,0.22353063651902458,0.14465611459823435,False,False,True,True,0.03912848889297869,0.14142486702946327,21,False
TCL,83143,5,Eu2PtRh2,Eu;Pt;Rh,3,2.6072132911520813,2.6072132911520813,2.6463076768690375,2.7607557832527405,0,0,0,2.4,2.5954784141281455,4.55863452481315,5.342246364913291,5.646902561187744,118.5025812702198,114.08749501713774,90.23907982081089,4.55863452481315,5.646902561187744,1.2387267569819496,106.88379147923654,21.376758295847306,106.88379147923654,2.158224831607466,0.025578098187818442,0.15044887108084667,0.36798966597102395,0.05189505517577864,True,True,True,True,0.020415794389358796,0.15044887108084667,40,False
TCL,83144,8,Ge2Mn6,Ge;Mn,2,2.2731813796306386,2.2731813796306386,2.2777066704634183,2.3441249990782067,0,0,0,6.75,2.272738667950618,4.556515732086798,4.56133515366338,4.5677361488342285,90.03832669604182,90.05295013338836,90.03447446749678,4.556515732086798,4.5677361488342285,1.0024624992883084,94.93481449890437,11.866851812363047,94.93481449890437,1.0027862798241827,-0.005343423250765998,0.03766673920650832,0.0685305720314058,0.11709623643310607,False,False,True,True,0.0017827795386412691,0.03766673920650832,7,False
TCL,83145,10,Eu4Gd2Ge4,Eu;Gd;Ge,3,2.539584052850622,2.539584052850622,3.0412363326860947,2.91547554657079,0,0,0,0.4,2.6245791271935004,4.6047660247789075,7.644901370757701,7.630161762237549,89.9025288751677,90.03935805364985,90.11046715447834,4.6047660247789075,7.644901370757701,1.6602149446072587,268.6034972161581,26.86034972161581,268.6034972161581,1.6607548164889703,0.03654826475448655,0.06538467648143745,0.19732630407922155,0.07763412314765361,True,True,True,True,0.009266867731669893,0.06538467648143745,33,False
TCL,83146,6,As2Eu4,As;Eu,2,3.092967823716697,3.092967823716697,3.1122724312614523,3.120900059965074,0,0,0,0.0,3.081590508249395,4.601784371627291,4.616066132336006,8.319972038269043,89.93452148139666,89.97027752116816,89.87169057820766,4.601784371627291,8.319972038269043,1.807988242466676,176.73343692106602,29.455572820177668,176.73343692106602,1.8086462416580789,-0.0037587945305626973,0.07134668208756138,0.17168664975666162,0.08451333450412335,True,True,True,True,0.017231990407436504,0.07134668208756138,7,False
TCL,83147,6,Gd2Ge3Ni,Gd;Ge;Ni,3,2.31460396932447,2.31460396932447,2.400992695128374,2.5992949070051576,0,0,0,1.3333333333333333,2.2931838344010727,4.0731196918452905,4.148021447716603,7.859074592590332,105.62916780195356,105.18026851211349,90.0129867102701,4.0731196918452905,7.859074592590332,1.929497581012614,123.05235614801491,20.50872602466915,123.05235614801491,2.167252529521004,-0.009472300607114226,0.11352052298644781,0.24360544724037536,-0.06612433254329453,True,True,True,True,0.01417143263837872,0.11352052298644781,37,False
TCL,83148,20,Eu4In2Mn2O12,Eu;In;Mn;O,4,1.940759417517455,1.940759417517455,1.9592710572481138,2.0676432543479173,0,0,12,8.4,1.9664542988917872,5.726374811350937,5.622976328375591,7.9466328620910645,90.00543250502687,90.04898178776861,90.04036209235854,5.622976328375591,7.9466328620910645,1.4132431648323778,255.87561905311162,12.793780952655581,255.87561905311162,1.4132535416068026,0.0008450194094746904,0.23063133731005162,0.3982157511104754,0.03622370197786218,True,True,True,True,0.07637164261837424,0.23063133731005162,73,False
TCL,83149,12,Mn10Re2,Mn;Re,2,2.45431419680119,2.45431419680119,2.4640063020140035,2.4766704621594213,0,0,0,9.0,2.4435829730884526,4.427136340283188,5.102052879001773,6.326796054840088,89.77242742847656,103.96887384329118,89.97389753150446,4.427136340283188,6.326796054840088,1.42909446842005,138.67899174075782,11.556582645063152,138.67899174075782,1.5475439604161156,0.0039982115176518986,0.10575284192366462,0.16951867971703943,0.10565016801690241,False,False,True,True,0.03496060296477234,0.10575284192366462,42,False
TCL,83150,12,GeMn7N4,Ge;Mn;N,3,1.7936601014154838,1.7936601014154838,1.8222762560368502,1.8768339939516823,0,0,20,9.166666666666666,1.8331849173178576,5.13807273527771,5.142231368029872,5.860517978668213,109.65981323522048,110.38614298083793,110.90120109393735,5.13807273527771,5.860517978668213,1.1406062702129995,115.30979320209069,9.609149433507557,115.30979320209069,2.214237368829175,0.09103566438749015,0.6467836703862875,1.3102181317821737,0.1682836379687469,False,False,True,True,0.06076782284809462,0.6467836703862875,66,True
TCL,83151,4,Eu3Ni,Eu;Ni,2,2.8552912074778507,2.8552912074778507,2.857006820654522,3.1332646953933763,0,0,0,1.0,2.8929244779393692,3.8471371808523176,3.84944406097446,10.200658798217773,90.03265763712253,89.94714366992726,120.31390398196918,3.8471371808523176,10.200658798217773,2.651493388119282,130.41030860769592,32.60257715192398,130.41030860769592,3.766540534563099,0.03921950765778887,0.029747385397248298,0.05347053386724692,0.14345216034423913,False,False,True,True,0.0016445413894987581,0.029747385397248298,7,False
TCL,83152,12,Al4Cu4Eu4,Al;Cu;Eu,3,2.5173647339691674,2.5173647339691674,2.562813195607519,2.705624276120847,0,0,0,3.5,2.5342857173580793,5.3378070148656604,7.239852375583307,7.358606815338135,110.44298903464205,89.94773789548954,89.92385271843568,5.3378070148656604,7.358606815338135,1.378582401882383,266.4626083862363,22.20521736551969,266.4626083862363,1.588682295755061,0.00799499897360273,0.0983517758949482,0.17792967179291624,0.13792968763997404,False,False,True,True,0.04317454216507207,0.0983517758949482,43,False
TCL,83153,12,Eu4Ga4Pt4,Eu;Ga;Pt,3,2.6523025787235937,2.6523025787235937,2.6612290650712187,2.7880278094225375,0,0,0,2.0,2.6464353887805956,4.4788137343702354,7.253980428257049,7.874579429626465,89.58786205838025,89.80183141069253,89.69831989938446,4.4788137343702354,7.874579429626465,1.7581841747954956,255.82733798251888,21.318944831876575,255.82733798251888,1.7584986400709175,0.0034616234647192688,0.046726631106205445,0.09268076345320533,0.0185823447851563,True,False,False,True,0.010066856347319731,0.046726631106205445,22,False
TCL,83154,11,Eu6Mg2Pt3,Eu;Mg;Pt,3,2.7256473357498603,2.7256473357498603,2.9332303329079656,2.8669201276255123,0,0,0,2.1818181818181817,2.691452828202088,6.579888069977398,7.815010319013854,7.428346633911133,113.35731752985257,97.50600511605087,107.145047011984,6.579888069977398,7.815010319013854,1.1877117415829688,321.4796714456662,29.225424676878745,321.4796714456662,1.8813525131688347,0.014117788724115395,0.11904997403936063,0.19046306850659106,0.04514105063091911,True,True,True,True,0.04794527839627588,0.11904997403936063,44,False
TCL,83155,12,Eu4Pt4Tl4,Eu;Pt;Tl,3,2.840676975986241,2.840676975986241,2.8434620668532453,2.937270543696448,0,0,0,1.3333333333333333,2.8479062607933474,4.407347162182181,7.518993853365595,8.819072723388672,89.92643453584557,90.02550643169857,89.97770876620807,4.407347162182181,8.819072723388672,2.0009934318453237,292.2533381896084,24.354444849134037,292.2533381896084,2.000998383300132,0.02246072355462893,0.04512728614271685,0.07452780464473778,0.00010664271321658703,True,True,True,True,0.0013828188041042405,0.04512728614271685,28,False
TCL,83156,10,As2Mn6N2,As;Mn;N,3,1.9265920785775046,1.9265920785775046,1.9339752820000218,2.056644866102406,0,0,8,7.6,1.9603188866653884,5.308507798285671,5.3215008739278264,5.52886962890625,118.7409393472545,118.74654170322817,90.09901376191415,5.308507798285671,5.52886962890625,1.0415110684572684,114.41983082926673,11.441983082926672,114.41983082926673,2.2969119787216434,-0.004525763929916026,0.17540881331707742,0.39383498617377544,0.08798943399023074,True,False,False,True,0.04009815744246514,0.17540881331707742,27,False
TCL,83157,12,Eu4Ga4Ir4,Eu;Ga;Ir,3,2.6076178429218424,2.6076178429218424,2.615359138846169,2.7597591160348895,0,0,0,2.0,2.6183289207151943,4.397811036262165,7.316644229917159,7.784714698791504,90.10563821517836,89.96033276699823,90.1447956864521,4.397811036262165,7.784714698791504,1.770133967694977,250.48918285048188,20.87409857087349,250.48918285048188,1.7701664281178926,-0.015427499812877901,0.09202743397509344,0.163556738665262,0.010141864305015957,True,False,False,True,0.02049529962895122,0.09202743397509344,46,False
TCL,83158,4,CuEu2Pt,Cu;Eu;Pt,3,3.0782373785710426,3.0782373785710426,3.079790073238483,3.079790073238483,0,0,0,0.0,3.1203574767855105,5.034415470027213,5.037988602244263,5.040094375610352,60.05324263832155,59.98873084961089,59.974180833621524,5.034415470027213,5.040094375610352,1.0011280168704686,90.40291877384888,22.60072969346222,90.40291877384888,2.0018757848157636,0.038379473578048405,0.011670664026109313,0.015218255531032458,0.07940092693847767,True,False,False,True,0.0011409033437198605,0.011670664026109313,13,False
TCL,83159,10,La2Mn2Rh6,La;Mn;Rh,3,2.4191486997850564,2.4191486997850564,2.4761070595359027,2.606492703249334,0,0,0,3.4,2.075728676933367,4.19548316722154,5.9848193344681375,8.550698280334473,110.64694575436498,90.0942932641496,110.64104621259308,4.19548316722154,8.550698280334473,2.03807236008938,186.05950516246128,18.60595051624613,186.05950516246128,2.4837242861916264,-0.012290143281675077,0.23852001577576698,0.49666998873517915,0.305349898964848,False,False,True,True,0.23454644542466646,0.23852001577576698,126,False
TCL,83160,4,Eu2GePt,Eu;Ge;Pt,3,2.598903862582503,2.598903862582503,2.8755172806638516,2.8819985159309613,0,0,0,0.5,2.5663991641403037,4.46803230493438,4.460605360200806,5.928470134735107,89.77449700680101,111.98039094682066,89.88509140870353,4.460605360200806,5.928470134735107,1.329072997049042,109.5650916254053,27.391272906351325,109.5650916254053,1.6302521145817306,-0.048300686243909624,0.041166223384869485,0.07982455492910248,0.02050679360351637,True,True,True,True,0.031079774744046443,0.041166223384869485,26,False
TCL,83161,6,Mn5Os,Mn;Os,2,2.4456490485941695,2.4456490485941695,2.463186193166697,2.464284004645732,0,0,0,5.0,2.4370963163258437,2.5710915957038503,4.77849071603369,5.983898162841797,103.97268340536074,90.0327737507799,105.76913263041612,2.5710915957038503,5.983898162841797,2.3273765014208574,68.48479950819981,11.414133251366636,68.48479950819981,2.5695756134692576,0.016815136892473673,0.07092728190822997,0.11052906575672573,0.05718766399975195,True,False,False,True,0.013228217546999866,0.07092728190822997,23,False
TCL,83162,5,Au3Mn2,Au;Mn,2,2.754869391042837,2.754869391042837,2.7551155352235557,2.7696066986160353,0,0,0,2.8,2.7468165154258095,3.329884285380275,3.42831744282998,7.787326335906982,102.60138660196014,102.23619049717264,89.9927218175371,3.329884285380275,7.787326335906982,2.3386177021516725,84.68778642062603,16.937557284125205,84.68778642062603,2.477247842388056,-0.0002751957367678905,0.033125504271586954,0.061322370271662686,0.048469544495958417,True,False,False,True,0.007430396920142112,0.033125504271586954,8,False
TCL,83163,14,Ga4Gd5Rh5,Ga;Gd;Rh,3,2.484275641431752,2.484275641431752,2.7689971477425592,2.7039275553405715,0,0,0,2.0,2.472362582289999,4.293137168075827,4.292864800094655,19.086875915527344,89.95321571119877,89.98797454160915,120.02530471236292,4.292864800094655,19.086875915527344,4.4461861261287545,304.56248401702703,21.75446314407336,304.56248401702703,6.290066770966585,0.009359389066153365,0.15700713751995837,0.33370215312170043,0.1416126434198297,False,False,True,True,0.061485559380858416,0.15700713751995837,60,False
TCL,83164,14,Eu10Ir4,Eu;Ir,2,2.910014609077816,2.910014609077816,2.9228920946178727,2.9475719267450518,0,0,0,1.1428571428571428,2.8885089682377134,7.168693262992205,7.083942745865587,9.205472946166992,113.74879496620872,113.05334509440591,90.26049188962224,7.083942745865587,9.205472946166992,1.2994843798730018,386.3458106992972,27.596129335664084,386.3458106992972,2.00188914924426,0.08335348860431996,0.0904280006416248,0.1362989030371947,-0.022926789854912144,True,True,True,True,0.4372990563199864,0.0904280006416248,166,False
TCL,83165,15,C4Mn11,C;Mn,2,1.9465473798907968,1.9465473798907968,1.9693799226389412,1.9771996986092468,0,0,10,9.466666666666667,1.9442465658186192,4.513016818109335,5.016523811396073,6.477590084075928,89.74900672200937,89.90414080366091,89.68967288376632,4.513016818109335,6.477590084075928,1.435312640113232,146.64665574395514,9.776443716263676,146.64665574395514,1.4354489547383724,-0.022581958276674145,0.37190144867162467,0.688490121587961,0.14126825873935722,False,False,True,True,0.04577152229137658,0.37190144867162467,87,False
TCL,83166,11,C3Mn8,C;Mn,2,1.8742217056834602,1.8742217056834602,1.9260837601550362,1.9310057601865773,0,0,16,8.909090909090908,1.9366953118217611,4.377244580621742,4.862333755958745,4.985598564147949,89.89246116494124,88.80838721509213,89.70798457239668,4.377244580621742,4.985598564147949,1.1389810352885963,106.08711351406554,9.64428304673323,106.08711351406554,1.1409997759273256,-0.012416484345509134,0.4297419961790499,0.6564028947218902,0.14320425418640426,False,False,True,True,0.0405492557051844,0.4297419961790499,56,False
TCL,83167,10,Co6Fe4,Co;Fe,2,2.4183473773113304,2.4183473773113304,2.4315431657667768,2.431116431599547,0,0,0,9.0,2.422532497036161,4.0264729854280406,4.893021663743695,6.355996608734131,105.1244510908686,108.41841302628346,90.08184188863372,4.0264729854280406,6.355996608734131,1.5785519067771534,114.21160021395919,11.421160021395918,114.21160021395919,1.8657743047815272,0.0019589645152836258,0.049301835365779575,0.09125290538905817,0.06318596190820269,True,False,False,True,0.0033434611387441996,0.049301835365779575,25,False
TCL,83168,4,Eu2GaPd,Eu;Ga;Pd,3,3.2107990436156584,3.2107990436156584,3.2109327481882435,3.2109837036863693,0,0,0,0.0,3.2006957253732393,5.251356018019597,5.252636069736142,5.2531232833862305,59.90041038124265,59.92184456006263,59.90618930023338,5.251356018019597,5.2531232833862305,1.0003365350512456,102.2488939140841,25.562223478521027,102.2488939140841,2.0044478989415335,-0.009658782143052953,0.004136840444581743,0.00701699377293439,0.11756593749292055,False,False,False,True,0.0018881207635882116,0.004136840444581743,5,False
TCL,83169,9,Eu3Pt3Sn3,Eu;Pt;Sn,3,2.860159712681457,2.860159712681457,2.8791426897473484,2.9489853412660523,0,0,0,2.0,2.8482870644264042,4.280374185755774,7.5763687472726025,7.576061248779297,120.07542272750148,89.98557714433251,89.89845807182965,4.280374185755774,7.5763687472726025,1.7700248666308744,212.6107993461983,23.62342214957759,212.6107993461983,2.168621832589835,-0.004608056678532253,0.020248760382571132,0.04643432749968281,0.015799801425780302,True,False,False,True,0.0019250454909694194,0.020248760382571132,22,False
TCL,83170,4,Eu2PtZn,Eu;Pt;Zn,3,3.2337587277750712,3.2337587277750712,3.2339016561693876,3.234199260543784,0,0,0,0.0,3.169036396296005,5.285955679805964,5.292342346413064,5.290567398071289,59.91909305146807,59.96949374531452,59.92257780636189,5.285955679805964,5.292342346413064,1.0012082330980374,104.5052264689411,26.126306617235276,104.5052264689411,2.0035045581952278,-0.05939021897003402,0.005229997112023573,0.006326569742498694,0.08998344796923696,True,False,False,True,0.0010967651099492756,0.005229997112023573,14,False
TCL,83171,12,CoMn11,Co;Mn,2,2.4236218665469513,2.4236218665469513,2.442322656795601,2.444321024190073,0,0,0,6.0,2.407892061923344,4.012407740304642,4.023458373605086,9.857623100280762,89.97544114370773,89.80663985918875,119.87942790255465,4.012407740304642,9.857623100280762,2.456784987542747,137.98441137656988,11.49870094804749,137.98441137656988,3.4633785654305242,-0.030512350938389613,0.13360406074307304,0.2718974245108574,0.11988702416229025,False,False,True,True,0.02128775458877755,0.13360406074307304,32,False
TCL,83172,8,Eu6Rh2,Eu;Rh,2,2.909362185642485,2.909362185642485,2.9510965658187134,2.95482943846482,0,0,0,0.75,2.9075230601750985,4.01693841847453,7.810298378130689,8.758244514465332,99.09377817884324,89.98152001083088,89.59291638373438,4.01693841847453,8.758244514465332,2.180328300325639,271.31586211219326,33.91448276402416,271.31586211219326,2.2573558182021847,-0.008564729088412902,0.06583277735143393,0.12568013949845297,0.06574877487792996,True,True,True,True,0.03703877182129762,0.06583277735143393,19,False
TCL,83173,8,Eu4Pt4,Eu;Pt,2,2.8001525130869878,2.8001525130869878,2.9432989202137225,2.9445309202481393,0,0,0,0.5,2.8229777900071014,4.4384661344825584,5.884786635376548,8.165270805358887,110.18959745318344,89.99039242891614,89.92993843135358,4.4384661344825584,8.165270805358887,1.8396604948548974,200.16763847517572,25.020954809396965,200.16763847517572,1.9343251877155037,-0.005782182694659589,0.09348220857520728,0.14480329684276563,0.015540019970703867,True,False,False,True,0.016104157316528277,0.09348220857520728,21,False
TCL,83174,16,Co2Mn14,Co;Mn,2,2.4612546708259817,2.4612546708259817,2.4685730375384924,2.4679850335203497,0,0,0,8.0,2.4476504682414055,4.019872175702693,5.009034844710164,8.637431144714355,89.93654321535953,90.02752816577117,90.0707769204652,4.019872175702693,8.637431144714355,2.1486830344809387,173.92028849578017,10.87001803098626,173.92028849578017,2.1486886881115232,-0.013791351334415282,0.04748170499577595,0.10974022490070859,0.04341059772848155,True,True,True,True,0.004662762211171687,0.04748170499577595,39,False
TCL,83175,11,Eu3Pt4Si4,Eu;Pt;Si,3,2.3039402631833314,2.3039402631833314,2.3092507139969864,2.529615689253809,0,0,0,2.909090909090909,2.332115191899809,6.605747080667141,6.628644769820364,6.6271162033081055,109.3507172185877,109.27437984785965,109.2578445625388,6.605747080667141,6.628644769820364,1.003466328467258,224.8337032164148,20.439427565128618,224.8337032164148,1.9834902305732138,0.012716249680977218,0.14120297301674237,0.3544905159661902,0.16959759932173313,False,False,True,True,0.049000511838109516,0.14120297301674237,32,False
TCL,83176,11,Gd3Pt3Si5,Gd;Pt;Si,3,2.3853152378159943,2.3853152378159943,2.458492771378291,2.5432426017208414,0,0,0,5.2727272727272725,2.4195369591201956,5.795260551962261,6.3127894586141515,7.383337497711182,105.81800875346805,112.0965020328708,106.49094726906134,5.795260551962261,7.383337497711182,1.2740302927728075,217.00169086746416,19.727426442496743,217.00169086746416,2.072303999346383,0.004949042772529841,1.1873195866876636,1.919013464982349,0.044867710406604644,True,True,True,True,0.48384099242171696,1.1873195866876636,131,True
TCL,83177,5,As2EuFe2,As;Eu;Fe,3,2.334946601723609,2.334946601723609,2.341278587405534,2.5203500245007953,0,0,0,2.0,2.3133799839714504,4.008515359345021,4.007498643924696,6.305084705352783,108.37717300473156,108.2475822493766,90.02710471068995,4.007498643924696,6.305084705352783,1.5733217314773622,90.73203933484002,18.146407866968005,90.73203933484002,1.954267556916479,-0.05822852451395473,0.16387620941000935,0.34997222257164484,0.007530375005852186,True,False,False,True,0.004727603906793539,0.16387620941000935,31,False
TCL,83178,6,Eu4Rh2,Eu;Rh,2,3.065660287245625,3.065660287245625,3.0793138204068033,3.0759958283727804,0,0,0,0.0,3.0776871011696256,6.022627224104106,6.01354547485086,6.004916191101074,116.32871971279332,106.24128939056534,106.19860811112163,6.004916191101074,6.022627224104106,1.0029494221799928,165.34859009557712,27.558098349262853,165.34859009557712,2.1055949957413818,0.007848732917127343,0.04345452188325705,0.06645104213003586,0.018928325100912247,True,True,True,True,0.001975877196670099,0.04345452188325705,8,False
TCL,83179,5,HFe3In,Fe;H;In,3,1.6970651019524514,1.6970651019524514,1.940867149079258,1.96465177677123,0,0,3,4.0,1.7577065943466097,3.79333783129957,3.766403201351564,4.841622829437256,112.93837254415412,113.12832767872074,90.01704346063087,3.766403201351564,4.841622829437256,1.2854765065248066,57.61467542622697,11.522935085245393,57.61467542622697,1.9669306869769752,0.017118589405905337,0.08083150497399336,0.15142067672192658,0.15829210192773413,False,False,True,True,0.004980903287932514,0.08083150497399336,8,False
TCL,83180,12,Ge2Mn8N2,Ge;Mn;N,3,1.826948357115462,1.826948357115462,1.8625175089132584,1.9928460569450042,0,0,10,8.666666666666666,1.8805350283387805,4.901555488063189,5.557359904191354,6.322774410247803,110.53926049986518,109.3192267032073,97.29002794990396,4.901555488063189,6.322774410247803,1.289952633535563,146.33484002305775,12.194570001921479,146.33484002305775,1.9055768603487107,-0.010253630641132274,0.6120692223213063,1.1964541803147015,0.2553663926692735,False,False,True,True,0.10111003446431172,0.6120692223213063,93,True
TCL,83181,14,Co6Mn4P4,Co;Mn;P,3,2.168355934785064,2.168355934785064,2.1952736383305407,2.236611296996543,0,0,0,10.142857142857142,2.2130996640098948,4.967780002448145,5.555373015963122,5.5640130043029785,88.67235016439737,89.91762358437431,89.84482743092565,4.967780002448145,5.5640130043029785,1.1200200092518202,153.5129821395938,10.965213009970984,153.5129821395938,1.1321113355230021,0.014828221881890976,0.261889678690429,0.4895930101332945,0.19275780667689624,False,False,True,True,0.043700393322821676,0.261889678690429,52,False
TCL,83182,12,C4Fe3Mn5,C;Fe;Mn,3,1.8939521392664769,1.8939521392664769,1.9033492131504932,1.9246891357199267,0,0,14,8.333333333333334,1.9502172137505562,4.687827509583257,4.895745911409407,5.755655765533447,115.62351861647717,114.35726248257669,90.57463356310915,4.687827509583257,5.755655765533447,1.2277874460541145,105.61044953500011,8.800870794583343,105.61044953500011,2.0629381023809046,0.05068050412167408,0.46565252738830093,1.2212775266078404,0.1633173274605113,False,False,True,True,0.0756733684262736,0.46565252738830093,66,True
TCL,83183,16,Fe7Mn9,Fe;Mn,2,2.408704254901379,2.408704254901379,2.4140996154711676,2.414853629499242,0,0,0,11.0,2.4309793080679807,5.590440984415557,5.625275576735902,5.615112781524658,89.66810314458257,89.98341197405006,89.99009189996139,5.590440984415557,5.625275576735902,1.0062310991954755,176.5798090135198,11.036238063344987,176.5798090135198,1.0083759803510364,0.026817013270659974,0.0825106319661835,0.18022358438895533,0.11526458526535421,False,False,True,True,0.010617844625392846,0.0825106319661835,43,False
TCL,83184,10,Fe8P2,Fe;P,2,2.2753104702502185,2.2753104702502185,2.2829634552990288,2.284584321461386,0,0,0,8.8,2.29104138882057,5.01381154457866,5.012698623292236,5.906362533569336,115.30427472543046,115.15672801194675,90.24492076281165,5.012698623292236,5.906362533569336,1.1782799999434557,118.29234748101968,11.829234748101968,118.29234748101968,2.058691933263749,0.0066966375770676325,0.08962240178663904,0.14797415995077823,0.24987850267773393,False,False,True,True,0.0072970996625080714,0.08962240178663904,27,False
TCL,83185,2,HGd,Gd;H,2,2.239456064496519,2.239456064496519,2.239456064496519,2.239456064496519,0,0,0,1.0,2.286167024799131,3.6942277845500677,3.814374683705256,3.577461004257202,117.43749305808142,114.68984557857996,97.18080539710077,3.577461004257202,3.814374683705256,1.0662239725789113,37.36713534827528,18.68356767413764,37.36713534827528,2.2330664959506668,-0.005015987559880548,0.09894075717824997,0.0989407623109146,0.11169287697754093,False,False,True,True,0.003726975246657252,0.09894075717824997,14,False
TCL,83186,18,C2Fe2Mn14,C;Fe;Mn,3,1.868704165506696,1.868704165506696,1.9156208494490399,2.0713240462774425,0,0,10,8.222222222222221,1.8610355727080692,3.745102991264291,6.825758456274516,7.573561668395996,89.93943238628171,89.9753250289517,89.91707034553583,3.745102991264291,7.573561668395996,2.022257247948013,193.60390361415313,10.755772423008507,193.60390361415313,2.022265475658099,-0.030714922096229252,0.2074205078175566,0.35410538397829805,0.14271582578583875,False,False,True,True,0.06744044068553894,0.2074205078175566,72,False
TCL,83187,15,Fe4Mn11,Fe;Mn,2,2.404351896107632,2.404351896107632,2.416500989467433,2.4264931904642237,0,0,0,10.266666666666667,2.40975575560782,4.958795008353644,5.827955406169119,5.878087997436523,86.16916822638764,90.15665289381722,90.18466351539679,4.958795008353644,5.878087997436523,1.1853863665536137,169.49362665349028,11.299575110232686,169.49362665349028,1.2194976310420467,-0.009524701243451561,0.261090945922416,0.44717314033200306,0.19681133632974301,False,False,True,True,0.03257380802906457,0.261090945922416,49,False
TCL,83188,4,EuNZn2,Eu;N;Zn,3,1.9020440640419958,1.9020440640419958,1.9030528941679028,2.070194028762582,0,0,2,2.0,1.9802500646426084,3.4611346037043784,3.81951357720137,5.654947757720947,109.80856206326644,90.3152294000371,90.03647569584405,3.4611346037043784,5.654947757720947,1.6338421948885136,70.33285683125722,17.583214207814304,70.33285683125722,1.706786651101106,0.047133660660597834,0.44867885164031684,0.8803207323288351,0.11650076509059115,False,False,True,True,0.010087871586456628,0.44867885164031684,21,False
TCL,83189,12,Fe8P4,Fe;P,2,2.1504134192140243,2.1504134192140243,2.161694877272236,2.212598621925848,0,0,0,7.333333333333333,2.1593093689379,3.479967725220094,5.651692279462927,6.611266613006592,90.02061601730084,90.01572560088943,90.03509601642202,3.479967725220094,6.611266613006592,1.8998068761078684,130.0284151116225,10.835701259301876,130.0284151116225,1.8998079105333305,0.011723707486953422,0.16363695654654434,0.3729856410174541,-0.0011031671663417342,True,False,False,True,0.03532949848189476,0.16363695654654434,46,False
TCL,83190,5,Eu2Li2Sn,Eu;Li;Sn,3,2.999655037701389,2.999655037701389,3.1178349833123966,3.1751395765123656,0,0,0,0.4,2.9324341241355687,3.568730560482151,4.992466247490673,8.295337677001953,107.10264598671202,89.85359740727499,89.9367207973522,3.568730560482151,8.295337677001953,2.3244505396006185,141.25974305500273,28.251948611000547,141.25974305500273,2.377135757374133,0.0028687576118074914,0.019647574779773504,0.0350514149843084,0.1301935575957014,False,False,True,True,0.0015515093204214276,0.019647574779773504,7,False
TCL,83191,9,Eu3In3Pt3,Eu;In;Pt,3,2.86750258546377,2.86750258546377,2.9232619996833757,2.973769603484987,0,0,0,2.0,2.857471856381205,4.269410177529911,7.676825545320597,7.674928665161133,120.08105022476109,89.9917584665727,89.97195091363761,4.269410177529911,7.676825545320597,1.7980997903935438,217.67029254681606,24.18558806075734,217.67029254681606,2.2028413347843565,-0.01660936720676878,0.03689201057292481,0.08726920869155684,0.014010185566406541,True,False,False,True,0.004765586080257658,0.03689201057292481,27,False
TCL,83192,4,Eu3Ga,Eu;Ga,2,3.134601111045177,3.134601111045177,3.1421808557085003,3.205617219490551,0,0,0,0.0,3.142442661887154,3.8099085219453652,5.648111726011573,6.992611408233643,113.82225443407918,105.75985680100159,90.00842376601487,3.8099085219453652,6.992611408233643,1.8353751456119392,131.44291427506755,32.86072856876689,131.44291427506755,2.196687570313111,0.03583638657303741,0.015512812639049977,0.026542628239258823,0.07490067819091806,True,False,False,True,0.003227460012032634,0.015512812639049977,25,False
TCL,83193,6,Fe4Mn2,Fe;Mn,2,2.402750382519576,2.402750382519576,2.4205706397635045,2.4194484968390233,0,0,0,2.0,2.428830144876024,2.502151250922332,2.506450176337507,11.7385835647583,90.00050793844903,90.00046695733712,119.93370970976709,2.502151250922332,11.7385835647583,4.691396477503619,63.79823690610968,10.633039484351613,63.79823690610968,6.622319882771785,-0.0016459854547489253,0.04572610012218109,0.11253521435338586,0.09663622140580053,True,False,False,True,0.0030219587197703787,0.04572610012218109,20,False
TCL,83194,12,Eu5Pt4Si3,Eu;Pt;Si,3,2.359340620152107,2.359340620152107,2.457608604489998,2.676692332419751,0,0,0,1.5,2.4151040466781337,4.121665028244222,5.84335102464322,12.297907829284668,91.3624134302643,80.78396721360443,69.9089719543146,4.121665028244222,12.297907829284668,2.9837232635383333,273.5791380177733,22.798261501481107,273.5791380177733,3.3949765099359293,0.030652439324136575,0.19187871908377205,0.338030903023256,0.1267261643798836,False,False,True,True,0.03885980575204254,0.19187871908377205,46,False
TCL,83195,4,HMnO2,H;Mn;O,3,1.1835734679011731,1.1835734679011731,1.193257667974145,1.3911091079300857,0,2,4,3.0,1.1964695430587275,3.028376203367034,3.214809422644465,4.750507831573486,107.3223441818134,90.23343788658121,118.0066949954802,3.028376203367034,4.750507831573486,1.5686650246068299,38.40892537601805,9.602231344004512,38.40892537601805,2.296319016486166,-0.012854820876159178,0.42913326829163845,0.8391313578667176,0.026004934073485586,True,False,False,True,0.013323799966959045,0.42913326829163845,28,False
TCL,83196,18,C6Mn12,C;Mn,2,1.8995347374192988,1.8995347374192988,1.9120995815783146,1.913123939919802,0,0,36,10.0,1.9432003988533622,4.429720646391711,5.395713745575759,7.344326019287109,101.39755964931926,89.62922571651293,90.68919592819702,4.429720646391711,7.344326019287109,1.6579659544151004,172.06476305053042,9.559153502807245,172.06476305053042,1.6928102852986626,0.038624929717067755,0.2596512013384857,0.4262623463533048,0.050117105792288896,True,True,True,True,0.022339801459481428,0.2596512013384857,52,False
TCL,83197,12,FFe4Li2O5,F;Fe;Li;O,4,1.9437496660902758,1.9437496660902758,2.005730129867363,1.9991178585776284,0,0,4,7.0,1.8990985243209457,4.174266526147346,6.15866501429256,6.179530620574951,120.03673547176471,90.11421691676904,89.9397055968268,4.174266526147346,6.179530620574951,1.4803871726605753,137.52800142255,11.460666785212501,137.52800142255,1.8103930510563477,0.020673117303919603,0.2502301488634284,0.4063150115619413,0.10308676443685005,False,False,True,True,0.06486283242941446,0.2502301488634284,56,False
TCL,83198,20,C2Mn12O2Pt4,C;Mn;O;Pt,4,1.9127853851311003,1.9127853851311003,1.9371382742687473,2.0959373635751932,0,0,24,12.0,2.0747950070324777,6.773368227287594,6.768456352342278,6.770604610443115,109.61010936058439,109.44303777341582,109.4480885720844,6.768456352342278,6.773368227287594,1.0007257009116437,238.6869743131187,11.934348715655934,238.6869743131187,2.0042402944625533,0.237563732736835,0.24166201829252748,0.7068067595649223,0.3352480296270386,False,False,True,True,0.005970284298796089,0.24166201829252748,42,False
TCL,83199,8,Eu4Pt4,Eu;Pt,2,2.7821863824915805,2.7821863824915805,2.9548901423524763,2.952947700073898,0,0,0,0.5,2.825895821426257,4.451243181674331,5.877525935500364,7.799717426300049,89.87093924600148,90.09391760665228,90.01179141213291,4.451243181674331,7.799717426300049,1.7522559671444846,204.0577297427651,25.507216217845638,204.0577297427651,1.75226651959941,-0.02323806090069803,0.08734486070041275,0.17138389566069384,0.021803752880860117,True,True,True,True,0.03128696453349758,0.08734486070041275,35,False
TCL,83200,4,Eu2RhZn,Eu;Rh;Zn,3,3.007337693843224,3.007337693843224,3.0132471751780843,3.054950421567269,0,0,0,0.0,3.0688801887602635,3.5590654660191015,3.564851930369268,7.268457889556885,90.13370346937602,90.13349855768915,90.12737869697197,3.5590654660191015,7.268457889556885,2.0422377612758065,92.21812994049385,23.054532485123463,92.21812994049385,2.0434101421467594,0.05578606267623595,0.043898540966427146,0.08711093813514696,0.08871797867285203,True,True,True,True,0.0018865286136107767,0.043898540966427146,15,False
TCL,83201,5,Eu4Mg,Eu;Mg,2,3.5120282108097043,3.5120282108097043,3.54193192942517,3.641467136102564,0,0,0,0.0,3.5452570770307115,3.7190954740974225,3.719570758901533,15.219120025634766,89.97477178492572,90.00313756118894,120.16690973877637,3.7190954740974225,15.219120025634766,4.092156313714494,182.01927458919326,36.40385491783865,182.01927458919326,5.801456026959177,0.09755111238251148,0.03303422700554463,0.06788713036367423,0.07913180688281152,True,True,True,True,0.05117687369767682,0.03303422700554463,23,False
TCL,83202,12,C2CoMn4Ni3Se2,C;Co;Mn;Ni;Se,5,1.7821293928344444,1.7821293928344444,1.955754596605089,2.0100539702031095,0,0,6,5.833333333333333,1.8535247280251885,3.0794324429396283,6.971820269326918,6.894416809082031,83.9787196284692,89.97966903178637,89.9608996690704,3.0794324429396283,6.971820269326918,2.263995199930937,147.20130002188714,12.266775001823929,147.20130002188714,2.367233282893869,0.02378166830814004,0.3490696565800948,1.1203655988356322,0.26793669361368266,False,False,True,True,0.2886777704503028,0.3490696565800948,122,True
TCL,83203,16,B2Gd4Pd10,B;Gd;Pd,3,2.0416974870547433,2.0416974870547433,2.086676648089054,2.273363930081988,0,0,0,5.625,2.2696647904185396,5.044868035357699,5.749967283452259,10.211387634277344,90.8666373813882,89.2866028714112,89.8230186511858,5.044868035357699,10.211387634277344,2.0241139238349413,296.151724657413,18.509482791088313,296.151724657413,2.024528468236924,-0.05855867360327722,1.2134973899531407,2.3788495161666305,0.46999298927856614,False,False,True,True,0.7147017384701682,1.2134973899531407,1321,True
TCL,83204,8,Eu6Ge2,Eu;Ge,2,3.3224072793053745,3.3224072793053745,3.3298236267279115,3.345892430150086,0,0,0,0.0,3.3010980138122545,5.618594886429099,7.103523098784077,7.108521461486816,120.16764666610258,89.95581800781811,89.99730458161497,5.618594886429099,7.108521461486816,1.265177790030105,245.28732091328087,30.660915114160108,245.28732091328087,1.7379214748476441,-0.031698389917820737,0.038238924095191695,0.06936334714362334,0.10549661097168084,False,False,True,True,0.010972464937927216,0.038238924095191695,20,False
TCL,83205,12,Cd4Gd4Si4,Cd;Gd;Si,3,2.728240423231359,2.728240423231359,2.732572439311915,2.827115896658164,0,0,0,2.0,2.7287069039272165,4.336786671545448,7.118302064561216,8.5789155960083,89.97508597242785,90.0452934899446,90.07835159869101,4.336786671545448,8.5789155960083,1.9781732987458978,264.8355520548148,22.069629337901233,264.8355520548148,1.9781776946523368,-0.0002550051193768088,0.08101265200909925,0.1641377246627094,0.07611010284505593,True,True,True,True,0.04440133262192138,0.08101265200909925,36,False
TCL,83206,4,Eu3Lu,Eu;Lu,2,3.752343900147978,3.752343900147978,3.765429457069788,3.771499116801314,0,0,0,0.0,3.7175383499982524,3.8021780151153495,6.144331480822844,6.738440990447998,89.99477057983054,90.01372435450868,90.0029872968878,3.8021780151153495,6.738440990447998,1.7722581540526763,157.42238885788558,39.355597214471395,157.42238885788558,1.772258292708009,-0.02209880050882547,0.02967281693749818,0.044235327998010825,0.11627917944824162,False,False,False,True,0.0023316389809851894,0.02967281693749818,8,False
TCL,83207,6,Al2Eu2Zn2,Al;Eu;Zn,3,2.663760488207839,2.663760488207839,2.664077582283694,2.8450128921589095,0,0,0,0.6666666666666666,2.693785771064965,4.613609828781707,4.619138516643624,7.427243232727051,90.04924816461181,90.00735178826952,120.06812996580359,4.613609828781707,7.427243232727051,1.6098550827581202,136.9813097189911,22.830218286498518,136.9813097189911,2.277665452771994,0.021903051615764696,0.024068741492011714,0.048695675249186145,0.05317527659016985,True,False,False,True,0.0009170448311314988,0.024068741492011714,11,False
TCL,83208,4,CaEuGaZn,Ca;Eu;Ga;Zn,4,3.177654516367755,3.177654516367755,3.178487113950702,3.178910500107734,0,0,0,0.0,3.2156461866406882,5.201006996165379,5.202914246555497,5.20388650894165,59.94276333830453,59.987134681513915,60.04782730054996,5.201006996165379,5.20388650894165,1.000553645241853,99.55729065877665,24.889322664694163,99.55729065877665,2.0018712371345506,0.03428275341968666,0.014548747375475578,0.02267516116136774,0.016278923195800488,True,False,False,True,0.001954634444237896,0.014548747375475578,7,False
TCL,83209,16,Fe4Mn12,Fe;Mn,2,2.4457419860849456,2.4457419860849456,2.4606394061678536,2.4625215267689393,0,0,0,9.0,2.4337865493923836,4.333363727438622,4.9858275960680825,8.23331069946289,99.00672763529604,85.30647454428251,90.11916882904114,4.333363727438622,8.23331069946289,1.8999814502830719,175.09113433606336,10.94319589600396,175.09113433606336,1.925428313042534,-0.013411834733051669,0.061856752574525754,0.12610064679700458,0.0677683355776022,True,True,True,True,0.009884934776488682,0.061856752574525754,24,False
TCL,83210,10,Al2Eu4Pt4,Al;Eu;Pt,3,2.560394592370298,2.560394592370298,2.5760031910399275,2.7940838586697767,0,0,0,2.0,2.542034679123541,5.886629859889632,5.817241156144669,7.948601245880127,100.47762836290521,90.02902397775657,119.99773807228658,5.817241156144669,7.948601245880127,1.3663867514730987,230.45984268664589,23.04598426866459,230.45984268664589,2.014050108840218,0.0036383356121604746,0.07674823407948841,0.16533005094196337,-0.024358985468095895,True,True,True,True,0.051269863882909016,0.07674823407948841,20,False
TCL,83211,12,Co11Zr,Co;Zr,2,2.2659109007070524,2.2659109007070524,2.283221499322793,2.3936279805526435,0,0,0,7.0,2.28990654119279,4.689924876148617,4.72406474481683,8.109905242919922,73.36771868098111,72.78264657854488,60.04558885846244,4.689924876148617,8.109905242919922,1.7292185817653873,146.60686599678328,12.217238833065274,146.60686599678328,2.550106742631999,0.003009970885317773,0.26036545122916854,0.4113379354223032,0.14134651558322542,False,False,True,True,0.03523194472947082,0.26036545122916854,45,False
TCL,83212,9,Eu6Ge3,Eu;Ge,2,3.0594803571322395,3.0594803571322395,3.063700192201009,3.170953715080272,0,0,0,0.0,3.0841863762755786,4.731586416191045,8.145226189527232,8.130247116088867,119.9911515301038,89.8823593226308,89.94962303721952,4.731586416191045,8.145226189527232,1.721457767664357,271.3820086191842,30.15355651324269,271.3820086191842,2.106345426913371,0.01263886376967306,0.043679025108616994,0.07094178653734483,0.002567774151476243,True,True,True,True,0.007060414218574319,0.043679025108616994,20,False
TCL,83213,10,Eu3PbPt6,Eu;Pb;Pt,3,2.623724635381633,2.623724635381633,2.6566127944941846,2.795698171261693,0,0,0,3.6,2.6400254841399082,5.900097884322104,5.929706998986516,7.463171482086182,106.10717898195982,106.7695504091022,103.53389854047043,5.900097884322104,7.463171482086182,1.2649233332073215,225.75482850494566,22.575482850494566,225.75482850494566,1.8649036271126556,-0.026998054387121273,0.376194358032624,0.7166146072793077,0.18180302443163932,False,False,True,True,0.10141697597915206,0.376194358032624,96,False
TCL,83214,14,C4Mn10,C;Mn,2,1.8184627465839382,1.8184627465839382,1.8912788550795014,1.9150036542777136,0,0,15,10.142857142857142,1.9092967983619684,4.759666898164403,4.9058340728854555,7.064510345458984,100.67520563411239,117.88585441038917,103.4806623051268,4.759666898164403,7.064510345458984,1.4842446953973734,133.21702353837026,9.515501681312161,133.21702353837026,2.291198802857124,0.011042693129536518,0.7256014195836,1.383795751729871,0.268366457216068,False,False,True,True,0.122135264427262,0.7256014195836,115,True
TCL,83215,18,C5Fe2Mn11,C;Fe;Mn,3,1.8209740437778175,1.8209740437778175,1.8630648082259182,1.8835613512091822,0,0,25,10.88888888888889,1.9007407225334112,4.681822497172493,5.236062269165102,7.124614715576172,89.97045510517522,90.2616943684177,90.45442183627682,4.681822497172493,7.124614715576172,1.5217609637868506,174.64770823719098,9.702650457621722,174.64770823719098,1.5220394225701177,0.04956572359998095,0.7106256421405215,1.20827120987278,0.2096683000562347,False,False,True,True,0.06416803681200556,0.7106256421405215,80,True
TCL,83216,10,Al4Au2Eu4,Al;Au;Eu,3,2.639475371811467,2.639475371811467,2.7227539984674767,2.8536134372494923,0,0,0,2.0,2.670406258927565,4.955930340427812,6.994723470915217,6.997927665710449,89.87788556135287,89.95486178311607,89.99720212694481,4.955930340427812,6.997927665710449,1.412031078932874,242.58507117389053,24.25850711738905,242.58507117389053,1.4132469104267518,0.024971578371270887,0.047750266410320166,0.10802504060910183,0.17713094707031551,False,False,True,True,0.01291585263941262,0.047750266410320166,27,False
TCL,83217,4,AlGa2Li,Al;Ga;Li,3,2.7214294104563503,2.7214294104563503,2.7270202234063365,2.7343361227815732,0,0,0,2.0,2.650688926749334,2.8692331046857653,2.8729688426296085,9.912561416625977,89.98035204840303,90.07344752634206,119.8391404829889,2.8692331046857653,9.912561416625977,3.454777306325408,70.87850849402058,17.719627123505145,70.87850849402058,4.870784196978503,0.0042210324326201944,0.07047518537229655,0.14074440656369047,0.11718477444335917,False,False,True,True,0.014842441885952623,0.07047518537229655,22,False
TCL,83218,5,C2Eu2Mn,C;Eu;Mn,3,1.7802966955985076,1.7802966955985076,1.7813045581934204,2.119081725270271,0,0,2,2.4,1.806163113606219,3.7662338684867533,3.771306360227716,6.7859086990356445,106.36282625809986,106.31391024533308,89.98786519563063,3.7662338684867533,6.7859086990356445,1.8017757091017228,88.43050114109417,17.686100228218834,88.43050114109417,2.0890192766900193,0.055479291834873885,0.062183749374298734,0.12298137805489294,0.38684090292714046,False,False,True,True,0.021861767315970296,0.062183749374298734,23,False
TCL,83219,12,Eu4Pd3Pt2Sn3,Eu;Pd;Pt;Sn,4,2.731430921361495,2.731430921361495,2.7837019764227637,2.8679617595523985,0,0,0,2.0,2.7422616414913863,4.537812554968687,8.276639217882368,7.4394426345825195,90.97060645593348,90.06257386478666,90.09210760224292,4.537812554968687,8.276639217882368,1.8239270832859424,279.3687499113505,23.280729159279208,279.3687499113505,1.8250268092845787,0.0048162505371336295,0.10902268715695734,0.2746671380941947,0.029833310323892803,True,True,True,True,0.03894770721144521,0.10902268715695734,65,False
TCL,83220,5,HFe3Ga,Fe;Ga;H,3,1.828906547227654,1.828906547227654,1.8308793519227975,1.9816436586993587,0,0,3,3.6,1.8459866877743991,3.6615980121378855,3.6657303159299626,3.6754801273345947,90.2228784143256,90.16305279163035,90.17794943282142,3.6615980121378855,3.6754801273345947,1.003791272321727,49.33306514409364,9.866613028818728,49.33306514409364,1.0069215310531086,0.02420400956300864,0.012529843603044108,0.015105919455064629,0.022705271273437688,True,False,False,True,0.001226585724533935,0.012529843603044108,6,False
TCL,83221,4,FeGeNi2,Fe;Ge;Ni,3,2.516602172850289,2.516602172850289,2.5181677843625945,2.5209941551550923,0,0,0,3.0,2.5257910103755283,4.3083511476982,3.802391179924548,3.794830560684204,90.08735378682402,115.3988729350635,115.7987379868966,3.794830560684204,4.3083511476982,1.1353210845127717,49.188618056720664,12.297154514180166,49.188618056720664,2.063361912452358,-0.049591754377265554,0.06831420806616242,0.12477799056205906,0.08355758331502283,True,False,False,True,0.0170537019560323,0.06831420806616242,34,False
TCL,83222,8,Eu7Sr,Eu;Sr,2,3.856739263264049,3.856739263264049,3.8580153657875345,3.8606554806506668,0,0,0,0.0,3.994009434724508,7.742625054988493,7.784452475509208,7.758183002471924,60.22550893242835,60.03097278339103,60.26007070094082,7.742625054988493,7.784452475509208,1.0054022273096856,331.9308262964919,41.491353287061486,331.9308262964919,1.999412094865919,0.0974875091051448,0.010982080705248014,0.015228323655064598,0.04772126543863919,True,True,True,True,0.0008360133437604659,0.010982080705248014,14,False
TCL,83223,16,Fe5Mn11,Fe;Mn,2,2.3691228111761284,2.3691228111761284,2.379506910187953,2.380263014879038,0,0,0,13.0,2.411733607055534,6.209242440919283,5.57612058867891,6.225048065185547,116.69311187305328,113.7454827197723,90.26760244809407,5.57612058867891,6.225048065185547,1.1163761554626603,171.66359064379904,10.72897441523744,171.66359064379904,2.0393759196767816,0.0474702643706186,0.1187927740117713,0.2124959164472318,0.12440178497710086,False,False,True,True,0.013926665623457901,0.1187927740117713,43,False
TCL,83224,16,Eu11PrPt4,Eu;Pr;Pt,3,2.9571622543899387,2.9571622543899387,2.994716519728426,3.0024752669322132,0,0,0,0.5,2.9611734905600073,6.797835054482237,7.8336134058144475,10.003467559814453,89.89608117453442,89.18410911537669,89.9750108412707,6.797835054482237,10.003467559814453,1.4715666796325904,532.6458414927704,33.29036509329815,532.6458414927704,1.4719761499208264,-0.005271999619661557,0.05167101126748104,0.07024136719315763,0.015249509486608304,True,True,True,True,0.032149238022998135,0.05167101126748104,25,False
TCL,83225,4,Eu2InPr,Eu;In;Pr,3,3.4652991673306976,3.4652991673306976,3.4659488606329623,3.4659488606329623,0,0,0,0.0,3.5130752905281324,5.6639974391974395,5.668241533114751,5.666441917419434,60.00235163590185,59.96057629504125,60.00120541929363,5.6639974391974395,5.668241533114751,1.0007493107055345,128.60236179945363,32.15059044986341,128.60236179945363,2.0017596146318515,0.04061039142503519,0.0034653870000206184,0.004893504741031728,0.09582986131022153,True,True,True,True,0.001489964344326133,0.0034653870000206184,5,False
TCL,83226,10,Gd4Hg4In2,Gd;Hg;In,3,2.981211495336805,2.981211495336805,3.056504556813958,3.0481288801412054,0,0,0,0.4,3.046441550968855,4.053191660741304,8.079592276824442,8.086185455322266,90.03467254652773,90.02776039287788,90.00276873111436,4.053191660741304,8.086185455322266,1.99501679963571,264.8074214424834,26.480742144248342,264.8074214424834,1.9952164756417632,0.015177542699982819,0.06226773394751748,0.11209551234699541,0.014886787554687864,True,True,True,True,0.006982380100011691,0.06226773394751748,27,False
TCL,83227,11,Ca2Eu6F2O,Ca;Eu;F;O,4,2.522519561983704,2.522519561983704,2.615488056682229,2.6889706543003906,0,0,0,2.727272727272727,2.527500483419699,5.244562467733989,7.648679203789185,7.618193626403809,90.18083176245655,90.01997397891996,90.05040930210183,5.244562467733989,7.648679203789185,1.4584017734264763,305.59437621281495,27.781306928437722,305.59437621281495,1.4591995441345802,0.044706846669514314,0.015576135890119995,0.03502344876918177,0.2564945241210914,False,False,True,True,0.024892742166297065,0.015576135890119995,33,False
TCL,83228,3,Eu2Y,Eu;Y,2,3.753085419078581,3.753085419078581,3.753085419078581,3.754023515844899,0,0,0,0.0,3.713549094031077,3.771753828771826,3.781925523094865,9.47724723815918,90.20278398205342,89.92606570145725,120.25129996612974,3.771753828771826,9.47724723815918,2.5126897640732824,116.77800067068534,38.92600022356178,116.77800067068534,3.5622651765292432,-0.020341990571131473,0.03812475707313529,0.05715145256687795,0.07983899354275259,True,False,False,True,0.0032224572245999417,0.03812475707313529,7,False
TCL,83229,8,Eu4Pt4,Eu;Pt,2,2.7380552197684085,2.7380552197684085,2.8914864278198715,2.891768917419962,0,0,0,0.5,2.8334342473942593,4.340881383238185,5.80383058715942,7.615538120269775,90.31240168499075,90.30746348281968,90.3186581348877,4.340881383238185,7.615538120269775,1.75437600061506,191.85527532360445,23.981909415450556,191.85527532360445,1.7545240611258324,0.03791338207592658,0.15407136977802174,0.27490566669099914,0.021689311962891367,True,False,True,False,0.025338400030047753,0.15407136977802174,37,False
TCL,83230,5,Co3Y2,Co;Y,2,2.4492103266733323,2.4492103266733323,2.451665536899292,2.6595914972746195,0,0,0,2.8,2.3976598802151616,4.187656963363147,5.041823333246608,5.490139961242676,117.1623989789728,112.20764445369056,90.11520078967739,4.187656963363147,5.490139961242676,1.3110290573642145,93.31318635045919,18.66263727009184,93.31318635045919,2.072346003913758,-0.0502776709708401,0.0343181006094651,0.06379002128006386,0.019992498414062254,True,False,False,True,0.008625493590105981,0.0343181006094651,27,False
TCL,83231,10,C2Mn8,C;Mn,2,2.090257507589866,2.090257507589866,2.0998446192879765,2.0995089032391485,0,0,0,8.0,1.9713113618419251,4.515051344872452,4.896819730566893,4.8916015625,89.61296984813659,105.90832531771082,105.98376516585171,4.515051344872452,4.896819730566893,1.0845546055922484,99.71073842060007,9.971073842060006,99.71073842060007,1.518230480386841,0.012259542329136537,0.141175629508031,0.31697536326340725,0.26740541585281896,False,False,True,True,0.06476052718789355,0.141175629508031,68,False
TCL,83232,4,H2Eu2,Eu;H,2,2.604878189761453,2.604878189761453,2.611046537994832,2.614470230788233,0,0,0,2.0,2.611733440537806,3.7328726330531383,3.737868651406414,6.142436981201172,89.34117615164246,89.93989001057582,118.33058028774109,3.7328726330531383,6.142436981201172,1.6454986775632998,75.4328720893952,18.8582180223488,75.4328720893952,2.268835511426294,-0.029501789717591487,0.0172199459150065,0.020692278536297057,0.11776061758544909,False,False,True,True,0.0017840464093255353,0.0172199459150065,11,False
TCL,83233,10,HAs2Fe7,As;Fe;H,3,1.4949571904790548,1.4949571904790548,2.230783104376701,2.070877237354063,0,1,2,4.0,1.7033982183652403,3.819488692875123,3.81662844119897,9.708989143371582,90.15678949006245,89.86770856919651,119.98193200573624,3.81662844119897,9.708989143371582,2.543865428074409,122.59335108247389,12.259335108247388,122.59335108247389,3.595245899565326,-0.028667300509858155,0.2555640130617694,0.5442853124361461,0.12365244985156121,False,False,True,True,1.1956703858209143,0.2555640130617694,232,True
TCL,83234,10,Eu5P5,Eu;P,2,2.343062349968423,2.343062349968423,2.9089357571576624,2.687679668376475,0,0,0,1.8,2.345825235890108,5.879174485588464,7.036643372386206,6.559451103210449,88.05548185659353,98.73849159517704,106.91361849646299,5.879174485588464,7.036643372386206,1.1968760902801965,256.5954703742916,25.65954703742916,256.5954703742916,1.468355987755366,-0.03212105690865051,0.16970939825407605,0.2776546955524957,0.04001146521484422,True,True,True,True,0.09100547723618546,0.16970939825407605,48,False
TCL,83235,8,Mn7Ni,Mn;Ni,2,2.448073544139304,2.448073544139304,2.4639501392583596,2.4732560009609905,0,0,0,6.0,2.468204006934652,3.507680654977525,5.0442336453666,5.049191951751709,90.3598851833932,89.99908042899607,89.95935604992984,3.507680654977525,5.049191951751709,1.4394673998006986,89.3363998425196,11.16704998031495,89.3363998425196,1.44332785555193,-0.035797815601235905,0.08566008737461733,0.14945760547254494,0.08442408450408578,True,True,True,True,0.020813568462791077,0.08566008737461733,34,False
TCL,83236,4,CaEu3,Ca;Eu,2,3.859842229294423,3.859842229294423,3.8608221514868966,3.8608221514868966,0,0,0,0.0,3.941263280156341,5.471704090508225,5.473985657766432,6.913167476654053,113.09243478945027,113.36681060174148,89.885506839955,5.471704090508225,6.913167476654053,1.263439572444412,171.9349737146482,42.98374342866205,171.9349737146482,1.9652481383329214,0.020796863449627383,0.005364577475356767,0.006869902635096075,0.04148331903808611,True,False,False,True,0.002898639018724968,0.005364577475356767,10,False
TCL,83237,9,As3Eu5I,As;Eu;I,3,2.9545313612015454,2.9545313612015454,2.9850228474280955,3.048400887806438,0,0,0,0.6666666666666666,2.9285531703636396,4.467460994315341,4.475518119498756,18.122438430786133,89.8396091739763,89.72139909243806,119.7052966396166,4.467460994315341,18.122438430786133,4.056540942124886,314.71718455546255,34.96857606171806,314.71718455546255,5.706436113171305,-0.027223681322655815,0.16234858035402422,0.3075510005650658,0.1164331483101897,False,False,True,True,0.03659139709784276,0.16234858035402422,28,False
TCL,83238,13,Fe2Mn11,Fe;Mn,2,2.1895791330936194,2.1895791330936194,2.2520607484641713,2.269318206842013,0,0,0,10.461538461538462,2.1684879226221665,4.571527205249428,6.175513606211635,6.255246162414551,121.68889144406842,110.1800262610072,81.46086058461334,4.571527205249428,6.255246162414551,1.3683055752641544,140.92423024017677,10.840325403090521,140.92423024017677,2.051068495029697,0.019384265833444523,0.496947942365808,0.8269718961338389,0.10760415418004854,False,False,True,True,0.2996669728441588,0.496947942365808,117,False
TCL,83239,8,Fe3Ge2Mn3,Fe;Ge;Mn,3,2.5571018244096306,2.5571018244096306,2.5579671611459642,2.5583795885317353,0,0,0,6.0,2.563792014963035,3.612090297325552,5.178654302945849,5.1806864738464355,90.9866505608778,89.95951314401702,89.99220925899385,3.612090297325552,5.1806864738464355,1.4342627252929687,96.8943203827992,12.1117900478499,96.8943203827992,1.446278965862677,0.018366975311446803,0.053422746461949416,0.10475802655145666,0.06964285481933619,True,True,True,True,0.003141058803243339,0.053422746461949416,22,False
TCL,83240,6,AuEu5,Au;Eu,2,3.074905665829349,3.074905665829349,3.2564006600165567,3.313963205135433,0,0,0,0.0,3.110698291781704,3.933793937175402,6.9278540082339255,9.376097679138184,111.0860799613793,89.94134483543203,106.7143082516669,3.933793937175402,9.376097679138184,2.3834745360023972,226.83644494330144,37.806074157216905,226.83644494330144,2.731697943341917,0.014974021588045528,0.04950372481035229,0.09125254689104847,0.05251180278591683,True,True,True,True,0.007247800217374967,0.04950372481035229,21,False
TCL,83241,10,C2Fe8,C;Fe,2,1.8479912757122763,1.8479912757122763,1.8733120195453026,1.9409027459820904,0,0,12,8.2,1.8800073814714928,4.591909652118495,5.251327978027461,5.225997447967529,119.73646712875855,89.92382539650256,106.64540523259501,4.591909652118495,5.251327978027461,1.1436043772343691,103.32658171308285,10.332658171308285,103.32658171308285,1.9388738055627182,0.022140750937589902,0.2785213310227038,0.7378683292017988,0.1453950860312503,False,False,True,True,0.04589891673208623,0.2785213310227038,38,False
TCL,83242,6,Cl4Eu2,Cl;Eu,2,2.8171564781473646,2.8171564781473646,2.826884620892733,2.8410036958085634,0,0,0,1.0,2.844210626126457,4.034248365220797,5.849030404265527,7.566247463226318,112.51891009192799,105.21359216663008,89.88554866460602,4.034248365220797,7.566247463226318,1.8755036324622052,158.1690650596613,26.361510843276886,158.1690650596613,2.1851851551590493,0.042033808025424085,0.22334475895586847,0.3357714378236185,0.13755715659016943,False,False,True,True,0.04054233895497039,0.22334475895586847,41,False
TCL,83243,20,Mn15Ni5,Mn;Ni,2,2.428572636018836,2.428572636018836,2.4719309990619696,2.47044070510604,0,0,0,12.0,2.42824323411874,5.589474513143712,6.615152954011258,6.613382816314697,115.54301827752931,90.0654766998556,90.15949426052694,5.589474513143712,6.615152954011258,1.1835017654084747,220.6296903517891,11.031484517589455,220.6296903517891,1.5862769327896775,-0.02524514551100277,0.08763950773609885,0.14360669186813022,0.11864546849194113,False,False,False,True,0.02014757886441083,0.08763950773609885,32,False
TCL,83244,6,C2Ca2Eu2,C;Ca;Eu,3,2.519556661369794,2.519556661369794,2.541164692432348,2.5370664042602096,0,0,0,1.3333333333333333,2.527245272552876,3.650678351057718,3.653763991597123,13.8325834274292,82.90018461623983,82.77078023683465,60.70612964478396,3.650678351057718,13.8325834274292,3.7890446917684377,159.22429125156577,26.537381875260962,159.22429125156577,5.306200034113766,0.08172128659127992,0.4463128534056624,0.8377604675252981,0.2827434355208345,False,False,True,True,0.11312486729477213,0.4463128534056624,20,False
TCL,83245,14,C4Mn10,C;Mn,2,1.9585062074209767,1.9585062074209767,1.9691638033468002,1.9753180631425857,0,0,13,10.428571428571429,1.9686463726854253,4.979081339224131,4.545280158257434,6.132872104644775,111.49730451991869,97.37151118850228,90.01172990424003,4.545280158257434,6.132872104644775,1.3492836285356702,127.90454188785938,9.13603870627567,127.90454188785938,1.6651431556379415,-0.003983661728178962,0.24330632538146388,0.3962893971652961,0.037993074647708625,True,False,False,True,0.041495025834410185,0.24330632538146388,49,False
TCL,83246,9,HFe2Mn6,Fe;H;Mn,3,1.7910032446737292,1.7910032446737292,1.7992851720836587,1.9429243806705259,0,0,6,7.555555555555555,1.8301373313564178,4.353058041312031,4.737458625782812,4.7349748611450195,115.41420013901127,89.92715852696463,90.0492003610532,4.353058041312031,4.737458625782812,1.0883058716016847,88.19724948076795,9.799694386751995,88.19724948076795,1.5822803463660502,0.06963577391282716,0.09989165004699592,0.13899472008631733,0.09518341696554522,True,True,True,True,0.010969391962292978,0.09989165004699592,35,False
TCL,83247,10,Cd2Cu4Eu4,Cd;Cu;Eu,3,2.4821678119408404,2.4821678119408404,3.0508318438496307,2.8287266019163075,0,0,0,0.4,2.4787970363897935,4.21346387583,7.61723314024589,7.6146650314331055,89.81450821921287,89.81473362737884,89.74902036976232,4.21346387583,7.61723314024589,1.8078316000147006,244.38730004915564,24.438730004915563,244.38730004915564,1.8105163200701886,-0.017733880724224476,0.014987425575642607,0.028917659092206963,0.03477907285742532,True,False,False,True,0.00167259558445752,0.014987425575642607,10,False
TCL,83248,10,IrMn5Pt4,Ir;Mn;Pt,3,2.5885189404251627,2.5885189404251627,2.664824762099349,2.6575610166343897,0,0,0,2.0,2.653735872123699,2.7867585975323648,2.779392613333276,18.35928726196289,90.36190694780296,90.24138823029529,90.4384665301334,2.779392613333276,18.35928726196289,6.605503365695761,142.19349907290882,14.219349907290882,142.19349907290882,6.623828680364439,0.056525994837397016,0.17250124519628396,0.4259725652242168,0.04772512164257847,True,True,True,True,0.015789322695006484,0.17250124519628396,62,False
TCL,83249,18,C6Mn12,C;Mn,2,1.8648018874224908,1.8648018874224908,1.9172676803480515,1.9196877855846448,0,0,15,6.888888888888889,1.894902822595128,2.570243120807534,6.667722406072155,9.307551383972168,89.62885001904297,90.00125242916165,90.15631138519936,2.570243120807534,9.307551383972168,3.6212727537805325,159.50578198384733,8.861432332435962,159.50578198384733,3.621368670160994,0.028322767586590976,0.7609435520979971,1.7145364770010005,0.1535657616625148,False,False,True,True,0.2440334851539078,0.7609435520979971,184,True
TCL,83250,9,Eu3Ge4Zn2,Eu;Ge;Zn,3,2.7245388991603563,2.7245388991603563,2.77871251372906,2.8183462652159004,0,0,0,2.6666666666666665,2.597999341630862,4.431426285472118,7.141444120898227,7.149620056152344,118.97703315287052,89.98125363429149,89.8738011086294,4.431426285472118,7.149620056152344,1.6133902711168833,197.93684353689036,21.99298261521004,197.93684353689036,1.964631556912284,0.05348029572610312,0.17376898766598953,0.4979005700190535,0.10280331039495305,False,False,True,True,0.2399393168123498,0.17376898766598953,125,False
TCL,83251,15,Fe4Mn11,Fe;Mn,2,2.3580943773248624,2.3580943773248624,2.375289418352332,2.3862533395397056,0,0,0,8.4,2.3556274827275625,3.923151696506956,5.796568457483371,7.708256721496582,90.00849925984511,89.94402226832975,90.05258130203381,3.923151696506956,7.708256721496582,1.9648123034242488,175.29189902434115,11.686126601622743,175.29189902434115,1.9648154511262412,-0.007326876295081418,0.11209801083543743,0.2280248900778926,0.22455588385578373,False,False,True,True,0.012728670391103324,0.11209801083543743,39,False
TCL,83252,12,Fe10Ge2,Fe;Ge,2,2.4706767499168656,2.4706767499168656,2.484966261938792,2.4856435853648047,0,0,0,9.0,2.4580034429017554,4.115910528157636,5.694525755817986,7.127329349517822,113.56345694398082,106.90666029740373,90.01558935926302,4.115910528157636,7.127329349517822,1.731653130153963,145.2053630948098,12.100446924567484,145.2053630948098,2.1137199904085686,-0.021048715330807124,0.0583189863306768,0.11443252499168276,0.025010954033203525,True,False,False,False,0.006988735658257827,0.0583189863306768,30,False
TCL,83253,16,Eu6Fe4N6,Eu;Fe;N,3,1.8049870268985149,1.8049870268985149,1.8737697487362195,2.0943445356465586,0,0,10,5.375,1.822272934055942,5.0950214081684635,7.089931768459724,7.836703777313232,117.5014651131803,89.942738191884,90.07385050791987,5.0950214081684635,7.836703777313232,1.5381100783500607,251.09856841123135,15.69366052570196,251.09856841123135,1.7783416144274717,0.021911469830068465,0.3646721072025247,0.8035232829681965,0.19556008917236412,False,False,True,True,0.07324211302661914,0.3646721072025247,71,False
TCL,83254,20,Fe3Mn17,Fe;Mn,2,2.3394212546816338,2.3394212546816338,2.3889004066892934,2.3965371762834153,0,0,0,12.8,2.415612279528636,6.336842898153784,5.5659879054813,6.373713493347168,89.96126167130542,90.11919614729634,90.03205658251969,5.5659879054813,6.373713493347168,1.1451180997124395,224.80534320974883,11.240267160487441,224.80534320974883,1.1453269221132076,-0.01114133148023023,0.42037099098831626,0.8017569934006219,0.128215874582839,False,False,True,True,0.08040460176267995,0.42037099098831626,60,False
TCL,83255,9,Eu3P3Rh3,Eu;P;Rh,3,2.6139127991899245,2.6139127991899245,2.733704274876493,2.7351146419027557,0,0,0,4.666666666666667,2.5688815555676827,4.133464428926167,6.965360311843297,6.961825370788574,120.03314476569638,89.79927691199318,89.97455321063202,4.133464428926167,6.965360311843297,1.6851143711554402,173.5251138907162,19.28056821007958,173.5251138907162,2.063715983071795,-0.04205286353237567,0.10299340764319304,0.24955062651760665,0.12828341710937607,False,False,True,True,0.006277803432235417,0.10299340764319304,17,False
