method,seed,task_id,energy_ev,energy_per_atom_ev,maximum_force_ev_ang,converged,relax_elapsed_seconds,steps,formula,chemical_system,input_hash,output_hash,energy_above_hull_per_atom,rmsd_from_relaxation,novel_unique_stable,stable,comp_validity,structure_comp_validity,structure_validity,novel,novel_unique,unique,is_unique,is_novel,is_explored,energy_above_hull,self_consistent_energy_above_hull,pre_relax_minimum_distance_angstrom,pre_relax_short_bond,pre_relax_abnormal_cell,pre_relax_max_force_ev_ang,formal_seed
A0,20000,A0_seed_20000,-68.97451782226562,-8.621814727783203,0.038055196404457,True,0.7112129789893515,24,Eu2InN,Eu-In-N,5eb1ea18872aa42e1559c5ab25782a712f1dc7f7593f13527a5ea8959cf8903b,4fd24b6bfc0b6728aca56de638ecbbecfb855fb3a481a34a93c1c6cce6cceaeb,0.0641999533062112,0.0302130227891821,True,True,True,True,True,True,True,True,True,True,True,0.0641999533062112,0.0641999533062112,2.493478825720934,False,False,0.20644802103608598,20000
A0,20001,A0_seed_20001,-106.71736145019533,-8.893113454182943,0.0398297496140003,True,1.0698109380318783,40,Eu7Au3N2,Au-Eu-N,408cdcf3c12f0b0fee0b4f3727ef66916a81425445ea6e76dead4c5a3ea06dc0,51f4bcf85fcaf83f0689719a8b8e1207e4e907ec48276505d063f1c32798d7b5,0.1584389557747414,0.0405218533907063,False,False,False,False,True,True,True,True,True,True,True,0.1584389557747414,0.1584389557747414,2.371011476099727,False,False,0.29964397248323776,20001
A0,20002,A0_seed_20002,-24.12936782836914,-6.032341957092285,0.0331855043768882,True,0.0810426460229791,3,Eu2MgZn,Eu-Mg-Zn,e074a13a65e7661445792e6624f32005f36370cc80b20d5c02ae11164835a3f6,f1ba54fa6e18b93498593363bcffab6aa561e9b5a9d8a3f04ef81ff034f6c362,0.0111244541042472,0.0017613425766861,False,True,True,True,True,False,False,True,True,False,True,0.0111244541042472,0.0111244541042472,3.2606462128987785,False,False,0.0394946304245908,20002
A0,20003,A0_seed_20003,-57.96381378173828,-6.440423753526476,0.0279240775853395,True,2.1087778760120277,75,Fe3Ni2Ge3Pt,Fe-Ge-Ni-Pt,afeaae1001ea1b297f9dec5a31ef33490ac00c8210ca7afaadcea9bcb634e852,0bf6264eeacd34f6895a547808162631bf83833b07dab3647724d20fecb637b0,0.1496501024843315,0.100934627364461,False,False,True,True,True,True,True,True,True,True,False,0.1496501024843315,0.1496501024843315,2.3539546657418926,False,False,0.2395420854504195,20003
A0,20004,A0_seed_20004,-28.96548080444336,-7.24137020111084,0.0140105010941624,True,1.2642026609973982,47,FeCo2Pt,Co-Fe-Pt,4af94d93870f1f9851147ca076fdf13667e78c4c893249b4b416b67aa807f5b1,35e8deed87d3c9b5309f845435ff4dfd9cc75ec390dad9aee2dd352a1d7b1cc0,0.0781356248516917,1.1709011932808655,False,True,True,True,True,False,False,True,True,False,True,0.0781356248516917,0.0781356248516917,2.342150579536477,False,False,0.17287138720701464,20004
A0,20005,A0_seed_20005,-61.89351272583008,-6.8770569695366754,0.0313656218349933,True,0.6278000570018776,21,EuGaPd,Eu-Ga-Pd,0c93e8b5d2337b043fb8ec5e204947e16b2830bcb288e0884194acc9649f2cc0,b0557cad97e702e5488b3066680064f1d341794557ec109e43ffc8450a258730,0.0359248765666961,0.0109399652339117,False,True,True,True,True,False,False,True,True,False,True,0.0359248765666961,0.0,2.747919465844824,False,False,0.0751200605348093,20005
A0,20006,A0_seed_20006,-95.9123306274414,-6.8508807591029575,0.0468449965119361,True,0.1845213540364056,6,Mg2Mn4NiO7,Mg-Mn-Ni-O,fbe381824d9c3196276cc10a7db38c9c7c8121a68e18e64efaf8759f0a609176,24e0029e32ba36a657d2d5c38b3f4022afdf982452d4a892ef8925074ea3e914,0.1771744495867864,0.0004770018200444,False,False,True,True,True,True,True,True,True,True,True,0.1771744495867864,0.1771744495867864,2.13696396628346,False,False,0.0557651254005327,20006
A0,20007,A0_seed_20007,-101.42142486572266,-8.451785405476889,0.0497329272329807,True,1.308803079999052,44,EuGd2F9,Eu-F-Gd,870a50dd2f818d17644ab383e0b5bee05c927ed5a084fd7ea5f4f5cce4317551,9027866659d01cfcccb4277e7d42e717cbf0833ed715553f57115fe9c9e8dfb3,0.0857616923582789,0.0346474528665057,True,True,True,True,True,True,True,True,True,True,False,0.0857616923582789,0.0857616923582753,2.173524623041919,False,False,0.5143065433297509,20007
A0,20008,A0_seed_20008,-26.37723159790039,-6.594307899475098,0.0188948828727006,True,0.4386427569552324,15,Eu2HgAu,Au-Eu-Hg,b74b5962997628626f02500a6bb8be404856f61b8a05ffee5e819d81e53eca1b,150282b9422ac250112ff75d45948abc64073352bc9916894112fe3beb27cdd2,0.1560061582065914,0.0014311729655378,False,False,True,True,True,True,True,True,True,True,True,0.1560061582065914,0.1560061582065914,3.094320416183657,False,False,0.0324633400735009,20008
A0,20009,A0_seed_20009,-34.02534484863281,-8.506336212158203,0.0058227083645761,True,0.3242263559950515,12,Eu3Tl,Eu-Tl,cc5e99f5306be77bdeb54d87cd4a5f0a89875db54487ba913213ca94907c637f,d2e77c5f19cce2740b91941c17ec079b7741545e3524990e40399382d8f5fb33,0.0460779337887125,0.0065655296884261,True,True,True,True,True,True,True,True,True,True,True,0.0460779337887125,0.0167864552051852,3.363039609591131,False,False,0.03734444849097115,20009
A0,20010,A0_seed_20010,-72.75391387939453,-7.275391387939453,0.0434309244155883,True,2.083436654997058,65,EuO4,Eu-O,28eeea304f262f642ad96cb080f2d0f7c85c88d67239a9adc051be47fba8f006,9ed667562091359181b784cf3d71bbb64defc4d448f7c3d1bfafe79ef6e2d8df,0.1919879846777519,0.0644647451388795,False,False,True,True,True,True,True,True,True,True,True,0.1919879846777519,0.0,1.3213170728002213,False,False,1.1404207008447542,20010
A0,20011,A0_seed_20011,-42.57559967041016,-8.515119934082032,0.0084939152002334,True,0.0699910839903168,3,Eu3HgN,Eu-Hg-N,02cd486cbbcf038fa5e52e6cf301e98c5b1e3c84e79e338971b6cf9975b95cdd,faf695991466844c62f3d3bbd28846847e94208465c79734b2bc929e98ed6963,0.0988846467171047,0.0017226031839222,False,True,False,False,True,False,False,True,True,False,True,0.0988846467171047,0.0988846467171047,2.5515139799715896,False,False,0.008872588738784947,20011
A0,20012,A0_seed_20012,-63.13217544555664,-7.89152193069458,0.0473513528704643,True,0.858176262001507,30,Eu5MgAu2,Au-Eu-Mg,fbbf770d7682175fcbc322b73047c9e7f5ecd043e6022e8dd49dfafdf8894205,5e88e5492467c26335ab0d81a1ba37aad9c51b44687742cd3c6837398db2e0d1,0.0325475734433222,0.0607286703662664,True,True,True,True,True,True,True,True,True,True,True,0.0325475734433222,0.0325475734433222,2.889450439283141,False,False,0.12556253078236465,20012
A0,20013,A0_seed_20013,-32.84022521972656,-8.21005630493164,0.00859653390944,True,0.2338962170179002,8,Mn2PtRh,Mn-Pt-Rh,188e83f8109cdfb72a49c3745fa55fe1328822f80c0368bed92b3a62db3e1b37,3d75c6cbf23216326c7c2cd9c548c83120bf3850e4c7c6da534e17f28c70bd5c,0.0126198015257426,0.0007070240798019,False,True,True,True,True,False,False,True,True,False,True,0.0126198015257426,0.0,2.661096962961221,False,False,0.011574952548436905,20013
A0,20014,A0_seed_20014,-117.89424896240234,-6.5496804979112415,0.0411518178880214,True,0.6876903459778987,24,Mn2OF3,F-Mn-O,7021ecead2eb5458d0e8c78a16f3e37d86319d7634d141c91cfcb369558a718d,24c8c6ffff639124f6127be20be9f38bf43e677a3bb31a99de975adb7d2a641d,0.1648722837318441,0.0159608994509953,False,False,True,True,True,True,True,True,True,True,True,0.1648722837318441,0.1648722837318441,1.8841873097576254,False,False,0.18785108896521807,20014
A0,20015,A0_seed_20015,-179.2734832763672,-8.963674163818359,0.0439297370612621,True,0.9245775299496016,33,Gd2MgSbO6,Gd-Mg-O-Sb,9000b23dc43672cf586332883cee56e6cdc7e381508cdace53588503933f513c,0e4875d336e462242b70679766831ebca4874487fee12974fc1886021cf82f05,0.2237940682278534,0.0225474218466024,False,False,True,True,True,True,True,True,True,True,False,0.2237940682278534,0.2237940682278534,2.1038328137616684,False,False,0.4161067903762627,20015
A0,20016,A0_seed_20016,-59.74231719970703,-7.467789649963379,0.0462916009128093,True,0.3488911740132607,12,BeFe5Si2,Be-Fe-Si,62ba66af977c63e3810e4d89fadacb993f6f457ca5ec2cf28590c587053fcb00,78c82bfcb2ae09fd8da4fd90851e6305aef59ef16c5cef78ca554a4630fe599e,0.0080971137355749,0.002352818292475,True,True,False,False,True,True,True,True,True,True,True,0.0080971137355749,0.0,2.319244759135515,False,False,0.0680526321062358,20016
A0,20017,A0_seed_20017,-116.28750610351562,-6.460417005750868,0.0397715270519256,True,2.508017092011869,81,Mn5FeO5F7,F-Fe-Mn-O,14276819ac69d980ed0107dc136b192f826c45ec76780f8f8fe44c19bd118b32,df591242aa3275f0f5057fc77bb4f417659132292be3d1c2002d0c0fa40fbabb,0.2735483266186547,0.0547291922568365,False,False,True,True,True,True,True,True,True,True,False,0.2735483266186547,0.2735483266186547,1.865294127618859,False,False,0.4481188485436855,20017
A0,20018,A0_seed_20018,-114.3921890258789,-7.149511814117432,0.0493587180972099,True,1.90010979201179,68,LiMn3O4,Li-Mn-O,6b3746823eef609fef192b0d9da2aad4dc6c6acdebeab3d7d4663aaeb26706d7,63828a1299348df1858ce6843a1bc1cec3b467ced2e41a4c52b372188161bd59,0.2147599047053869,0.0402790533616029,False,False,True,True,True,True,True,True,True,True,True,0.2147599047053869,0.1720307797616342,1.9930089418900216,False,False,0.5838458752646329,20018
A0,20019,A0_seed_20019,-90.22137451171876,-7.518447875976562,0.0379340834915638,True,1.9235827410011552,63,FeCo2,Co-Fe,476224f4251dc1c36bd6f3011c47fb73407c13082c49a19f2b7d4c229fdb5fb7,a6b15917c0d1fb87ebbf0314236ed1eaf20d1c19295eacee1c65acf352937bad,0.0986712215179697,0.0753506535401909,False,True,True,True,True,False,False,True,True,False,True,0.0986712215179697,0.0768169771043751,2.4180064580359133,False,False,0.2178524098758248,20019
A0,20020,A0_seed_20020,-102.29351806640624,-6.393344879150391,0.043702382594347,True,0.8008947980124503,28,CaMn2FeS4,Ca-Fe-Mn-S,45eae4201138426da7728e8de69b58fd1df1f3e3d1c832646670db9214ef1a35,15e478146e4ebcda3953c35f7b7b4f8e3bbf60aa3c1361e1a2e44740539a8e23,0.2643647606838675,0.0058505921490491,False,False,True,True,True,True,True,True,True,True,False,0.2643647606838675,0.2643647606838675,2.507883289263376,False,False,0.1156836366790601,20020
A0,20021,A0_seed_20021,-83.72383117675781,-8.372383117675781,0.0401988849043846,True,1.2938303239643574,43,Mn7HN2,H-Mn-N,e45842ef138fdde5d657ba4d89973f5ef8f4f0f15e2e50addc58e332b4e78c72,5149ca151b66f7204e29ee4997f6293037dde4cc1cb757ea1b68243f897cf4e4,0.2841967059591219,0.035926511439283,False,False,True,True,True,True,True,True,True,True,True,0.2841967059591219,0.2841967059591219,1.8844891911639317,False,False,0.6759954933436004,20021
A0,20022,A0_seed_20022,-70.67817687988281,-8.834772109985352,0.0149118974804878,True,0.1663590350071899,6,PrEu3,Eu-Pr,c6d2b56c659d51e44fcc2bb6bc42ec92acc6aee77bffc826c89501f4fc58559f,5feb6d7b0eb451a7dd4078ec0c5e0784b6f135832b153f940f1e16113f95decc,0.0943341089662297,0.0021738929603437,False,True,True,True,True,False,False,True,True,False,True,0.0943341089662297,0.0943341089662297,3.846437166072661,False,False,0.022102638018815575,20022
A0,20023,A0_seed_20023,-105.69371795654295,-7.046247863769532,0.0494047254323959,True,2.692585106997285,95,V2Fe4O9,Fe-O-V,a4786ea2999feec83f222fc77a7704f266450822494a12b3972158e30f0374eb,39559051e56f82558201ec559dd44711e534c53c3b3cb9577ca653f872236dc7,0.2833642607797006,0.0516638743264379,False,False,True,True,True,True,True,True,True,True,True,0.2833642607797006,0.2833642607797042,1.6646663418965204,False,False,0.8804964534672792,20023
A0,20024,A0_seed_20024,-29.15857315063477,-7.289643287658691,0.036014225333929,True,0.5074916969751939,18,Fe2NiPt,Fe-Ni-Pt,8787695e45827a5132a8bcd123fce5d1f96c927b8f8f4736d26d818c7fde41fb,d27f82f5d9cb336b1ff1abf95023ed93a46a42072c117c1dad49d8cbd89eb637,0.0860560080941699,0.0461417724296184,False,True,True,True,True,False,False,True,True,False,True,0.0860560080941699,0.0642493299041699,2.5698559646772066,False,False,0.1644265218690846,20024
A0,20025,A0_seed_20025,-158.4542694091797,-7.922713470458984,0.1587364673614502,False,14.1576031849836,500,Fe7SiB2,B-Fe-Si,fe2d34563c5563b2d0c7aa22ece262a6a9d42cb9e6718a0d5764530d4f948314,375c2335f73be44868e7e1344df1cff43ceef761232e261e9e625fb44ad0fd1a,0.2185452559434448,0.2485430276201355,False,False,True,True,True,True,True,True,True,True,True,0.2185452559434448,0.2185452559434448,1.9916584465758862,False,False,0.6083328510366787,20025
A0,20026,A0_seed_20026,-90.4853973388672,-6.463242667061942,0.0491497702896595,True,6.814815984980669,243,Li3Fe2Si2O7,Fe-Li-O-Si,11fc1db3cec4d54eee622c5fda3099344dedf45af2b0ae9d32735d7862ee7c3e,3c2396c677229fba0ddcb2e002bcc9acc5d4b3400984efcec0bf557865d0ebbf,0.3653252699582285,0.2388735255149214,False,False,True,True,True,True,True,True,True,True,True,0.3653252699582285,0.3517835349482245,1.6294023253370504,False,False,1.4686593666661152,20026
A0,20027,A0_seed_20027,-57.14186096191406,-6.349095662434896,0.0495713651180267,True,0.7310897830175236,27,CaEuSi,Ca-Eu-Si,04656c6a58de722eaa3faae986b352f3b119d251599d534e3654628adc027334,3ec55408ec0ac8fd6cf5dec93d7d03de5fda07246640449b1215b7be187060e9,0.0026293965215833,0.003198864421694,True,True,True,True,True,True,True,True,True,True,True,0.0026293965215833,0.0026293965215833,2.9906535887667633,False,False,0.0695570153513996,20027
A0,20028,A0_seed_20028,-177.68740844726562,-8.884370422363281,0.0456776320934295,True,1.3914141689892858,48,Gd2FeCuO6,Cu-Fe-Gd-O,3ff8fd5df9ef8f7c925db8bce2c9c6b152fed3763cc5479da663e0872a55a2e7,e31c269485a7b33128e906855e910c29f3148228b5e5f8dd9fbf265b4ff2426a,0.2191532244699843,0.0286892802370222,False,False,True,True,True,True,True,True,True,True,True,0.2191532244699843,0.2191532244699843,1.8314170542869952,False,False,0.6456712794195947,20028
A0,20029,A0_seed_20029,-45.16557693481445,-9.03311538696289,0.0432899817824363,True,0.0565679839928634,2,Eu3PtRh,Eu-Pt-Rh,d2f1aa68c23ed2cd3a0995780bdae71be0ae96ebf83b13b377a37c3059d35cc2,6682b68b758a5b7ba6b3be3ef7c095be314c40b3eef5a59693ef84cbe89158b5,0.4983076298651152,0.0013679541920872,False,False,True,True,True,True,True,True,True,True,False,0.4983076298651152,0.4983076298651152,2.7163746622102725,False,False,0.047685044119401505,20029
A0,20030,A0_seed_20030,-79.63910675048828,-6.6365922292073565,0.0496450550854206,True,0.5780554109951481,17,ZnFe3,Fe-Zn,7e14e9d8020b7e48d02cfc3e609dc166f8e16eb15bbf8dd49c997d525041bd9f,feab06a767fea0105321f6523d073524a988d54c90f08536411c2989afb82625,0.0514883956999154,0.0051634933254321,True,True,True,True,True,True,True,True,True,True,True,0.0514883956999154,0.0349540048582488,2.442531736603225,False,False,0.10669581891187718,20030
A0,20031,A0_seed_20031,-39.05057907104492,-7.810115814208984,0.0122225722298026,True,0.4081915069837123,15,Eu3H2,Eu-H,613b365ab8bcd67709809bca5d4f341bbb895e027b97f393339c43b7337e1965,40b9b4be9c0d0af3db4ca83505db8822db613c80eff0471bb2cefb5c3f9d0028,0.0834091571104451,0.0028212720980405,True,True,False,False,True,True,True,True,True,True,True,0.0834091571104451,0.0414408127643319,2.404207063508211,False,False,0.1209657094503108,20031
A0,20032,A0_seed_20032,-71.82775115966797,-7.980861239963108,0.0468055792152881,True,2.4208296660217457,85,EuFeGe,Eu-Fe-Ge,9fd061f5d630cc56c32bec031c7605b39c6a821cc0aeb47d541f1d1352b456cb,e63c304f4438e5e6bbebe2c28b7d6ec36efe76d4cb3dc2d85383d2e1da66acfb,0.3099034136475449,0.2535149305818215,False,False,True,True,True,True,True,True,True,True,True,0.3099034136475449,0.3099034136475449,2.5055542889414606,False,False,0.2476285423167964,20032
A0,20033,A0_seed_20033,-47.384376525878906,-6.769196646554129,0.0034501336049288,True,0.3214529450051486,12,Eu3PbI3,Eu-I-Pb,05c4b698f57496e7e61f6bbe3082557f47b0dfe391203486d8479173db793c51,cfe9b3ceff6ab9d8dd659cca8f5ae9fa0e3c53e8c9fa250c78fea5247d6bce30,0.078663251060167,0.0018743274532424,True,True,False,False,True,True,True,True,True,True,True,0.078663251060167,0.078663251060167,3.2932647298323103,False,False,0.005874277305850322,20033
A0,20034,A0_seed_20034,-90.23033142089844,-7.51919428507487,0.0492928177118301,True,0.7730915719876066,29,ErFe3,Er-Fe,5cd839a836e086664b8ec76486ab4684ea4b6c5993cd7c3d96e531022042e7a5,6ec936dc5cbac79e8d306672a3c0cfa446be465320f4250e122e962b6cb533a6,0.0828972368403775,0.0093679610347832,True,True,True,True,True,True,True,True,True,True,True,0.0828972368403775,0.0,2.4633739447949567,False,False,0.1793597269541894,20034
A0,20035,A0_seed_20035,-63.09818649291992,-7.010909610324436,0.0490891858935356,True,0.9561539069982246,35,Fe5Pd4,Fe-Pd,392ed4f8e715f07c9ed349ecb84fbdd5d9515af84250069b2daddc7a8ef4c635,eb564503b3745c561421492af098061cb889ffe048a1813c71df7ad431bc9471,0.0734707089649688,0.0137739363628346,True,True,True,True,True,True,True,True,True,True,True,0.0734707089649688,0.0,2.5812675955331223,False,False,0.1545495488738984,20035
A0,20036,A0_seed_20036,-50.57991027832031,-12.644977569580078,0.0150512540712952,True,0.1130007059546187,4,Gd2NO,Gd-N-O,cd7b661a0e0ca5ee6a20f6bc3c326fa7c7777a1336ec946aab6b0ff9fe6b452f,af7fef5b462778ff947c5b3a52e0f0bbbeaa2cf6c22d6186c17fb570dc0a355b,0.0306759164252721,0.0011957474243784,False,True,True,True,True,False,False,True,True,False,True,0.0306759164252721,0.0,2.466702948402198,False,False,0.018117587648883837,20036
A0,20037,A0_seed_20037,-90.88031768798828,-7.573359807332356,0.0467975437641143,True,0.5931422769790515,17,Nd2DyMn2Fe7,Dy-Fe-Mn-Nd,c5888a32b48ef8619ab6389e9feea327bdb23eaf88fcc0227d363c0f61d648ba,a9d1580e017aa24a582343b8828d82fcb9b48d14c1c619fe784c8b107879a9c9,0.1066791168111489,0.0053059966099383,False,False,True,True,True,True,True,True,True,True,False,0.1066791168111489,0.1066791168111489,2.4165540607615448,False,False,0.1310382871948987,20037
A0,20038,A0_seed_20038,-117.0542221069336,-6.503012339274089,0.0428069196641445,True,0.9098192270030268,30,Mn3OF5,F-Mn-O,125e4a4fa28901072b7e2142fa128f8d378d479ceae0232b15d86631d4a6b308,f254f224a822fef68243d412d6cde35bf94f765b46352827a91fc3dd814efd34,0.1495058470026418,0.0103200930536383,False,False,True,True,True,False,False,True,True,False,True,0.1495058470026418,0.1495058470026418,1.9378185807403974,False,False,0.46834120567758136,20038
A0,20039,A0_seed_20039,-94.45665740966795,-5.903541088104248,0.0476965345442295,True,2.1561758519965224,74,Li3MnFe2(HO4)2,Fe-H-Li-Mn-O,76227fad95c27114eecea5573dc4ffdb7102472a1b974c7ed3e03e08f6ae2f04,897f4bd2a30316eaaf72a2ee71f2db840e20478990d62de2b0fdcc88a2411c63,0.1733902559748692,0.0699143544064806,False,False,True,True,True,True,True,True,True,True,False,0.1733902559748692,0.1733902559748692,0.9724983666375782,False,False,0.8968248424757068,20039
A0,20040,A0_seed_20040,-23.74653625488281,-5.936634063720703,0.0021074961405247,True,0.1936682990053668,7,Eu2ZnHg,Eu-Hg-Zn,01af75060e871b6bdf8d31050dcf6c0121acda8f94a598759f4495b667ec4f2a,bdacb81daa70947b34f844ac3c163caf51f726f3bf1a8977a04ead4c86372e7d,0.0244505836674608,0.0014671854977977,False,True,True,True,True,False,False,True,True,False,True,0.0244505836674608,0.0244505836674608,3.3330603967185164,False,False,0.0023737209532976953,20040
A0,20041,A0_seed_20041,-42.6337890625,-7.105631510416667,0.0228541307151317,True,0.4861607330385595,16,FeCoNi,Co-Fe-Ni,bb3949b851bf3fefd4d8b533de5349231a642c4a64de67fb4b977b3b90417d07,72dc1fe92aa19d2eb2a7b9abe71873495dd141d44b696944b181fe8172e8e62e,0.0949399070266681,0.008424093202617,False,True,True,True,True,False,False,True,True,False,True,0.0949399070266681,0.0942544148496677,2.4533894118408988,False,False,0.1012551365413988,20041
A0,20042,A0_seed_20042,-80.81385040283203,-8.979316711425781,0.0420538261532783,True,0.4108144529745914,15,Eu6CuAs2,As-Cu-Eu,90571e16b5f15d5e0e97b0c9d9431d774f8341671e8d98679e64fea4d20bf9ac,e4d9b174d2205db4dc2daa31d3682cafefaabf19c3cbe7bc56d63c3f564b2d8f,0.0869123132050511,0.0092556944578836,True,True,False,False,True,True,True,True,True,True,True,0.0869123132050511,0.0869123132050511,3.0767251740612216,False,False,0.05927000303961146,20042
A0,20043,A0_seed_20043,-49.71581268310547,-8.285968780517578,0.0284280069172382,True,0.5052705450216308,18,GdCuPd,Cu-Gd-Pd,0285d6ce966ee09d995693be43e6aae7e0796d379b11804a43d7c985169730f0,d9165eb21982f59b6279b41130d95c2a1e99f7a4e39c89752253d8b935ef2265,0.1211742408215226,0.0242760954380287,False,False,True,True,True,True,True,True,True,True,True,0.1211742408215226,0.1035982555591896,2.827514015328335,False,False,0.1597397495627371,20043
A0,20044,A0_seed_20044,-24.205684661865234,-6.051421165466309,0.0384855680167675,True,0.2080657109618187,6,FeCuNi2,Cu-Fe-Ni,f85b211b5e9ad2f85bb8280bd2873b700c8cafb5bef1558f3cff2c19201cdcf6,2c0619d0e2511c1ca8642e45a193ff055c43d287b6e5a3419a4fd53cebce3cf2,0.047495387598329,0.0018679974721784,False,True,True,True,True,False,False,True,True,False,True,0.047495387598329,0.047495387598329,2.466183448270133,False,False,0.06167428465717464,20044
A0,20045,A0_seed_20045,-86.42643737792969,-7.202203114827474,0.0488338842988014,True,1.5181410090299323,56,TmFe3Co8,Co-Fe-Tm,05f6dcc5bff54dbe2dfaf0d517452c137f73028726aec412c7135c719a4ae620,12c471cd0c4ff18de5f753e56f412d30cfa11194d16e0171dba8c281d8926733,0.1556974600906073,0.0290668429768179,False,False,True,True,True,True,True,True,True,True,True,0.1556974600906073,0.1521508890043659,2.335649605578955,False,False,0.17690716531551118,20045
A0,20046,A0_seed_20046,-90.1112823486328,-9.011128234863282,0.0381532423198223,True,0.7968202939955518,30,Eu3FeO6,Eu-Fe-O,0e548502cfe197a73ffbd631d3598b8773073a0b486413a6fb7f9197ec14eb02,453e684b383e8b296250c65731702a99a2767e5cb1373f9ba0ccc4375ac74c4f,0.2125601811014839,0.0100418209853339,False,False,True,True,True,True,True,True,True,True,True,0.2125601811014839,0.1745066983634835,2.0505222963779053,False,False,0.0579492079935191,20046
A0,20047,A0_seed_20047,-26.739280700683597,-6.684820175170898,0.0228119287639856,True,0.0823683250346221,3,SmEu2Mg,Eu-Mg-Sm,3ec24eba608070c04ce74f224832a712b6eefb4b148c2fba8fbac4913b10578e,0ccf971ca75f8c988fa3b9a018f5858b575d38e4d4819e2312585817a5b8d135,0.1046360129906442,0.000757569975618,False,False,True,True,True,True,True,True,True,True,True,0.1046360129906442,0.1046360129906442,3.5144044968952146,False,False,0.0250994430734815,20047
A0,20048,A0_seed_20048,-86.75740051269531,-8.675740051269532,0.0500163771212101,True,0.6921499070012942,23,NaEu2ReO6,Eu-Na-O-Re,8736bad2c40a46e4544fdb383f1d0a7b648609090dfe4ba3cd25b9558c7feffc,a55b4494e4072edbbc4e365a22f2a49bb2d60f995d89bed144d3214dd0dd6da6,0.1006830725813596,0.018451994389549,False,False,True,True,True,False,False,True,True,False,True,0.1006830725813596,0.0741555807722544,1.935490169206666,False,False,0.4097524241572983,20048
A0,20049,A0_seed_20049,-91.87844848632812,-7.656537373860677,0.0442510209977626,True,1.1508231170009822,38,EuCo4B,B-Co-Eu,f27890d221584391044393216ba38021bd3494392669b47a23596df30bf767f1,1130d277277fd68d229e1b6b170a615a34617eae46456efd78fde3db282c8160,0.0903542305357021,0.0077633426503719,True,True,False,False,True,True,True,True,True,True,True,0.0903542305357021,0.0542197223485203,2.0396788602827276,False,False,0.067872070040384,20049
A0,20050,A0_seed_20050,-75.68348693847656,-7.568348693847656,0.0441320315003395,True,1.0852479189634323,36,EuCu2ReO6,Cu-Eu-O-Re,5f825535591e55d2c6f8a105461dbdf38fc626d68ab79e37b2ef2fa3fbe40283,c4ffeef21fb8cc3d092c41210ae23e5064794b0abc59b1503186a6180c1b94cf,0.187848395960799,0.019323271733085,False,False,True,True,True,True,True,True,True,True,False,0.187848395960799,0.187848395960799,1.9261023356660998,False,False,0.2397940361580723,20050
A0,20051,A0_seed_20051,-60.92635726928711,-8.703765324183873,0.0366567447781562,True,0.555584826041013,20,Eu3(PPt)2,Eu-P-Pt,7fc10e8cc60001261f25822e0e313774f344972286de6dfcb9332d48b1ecc7b8,e06e9d6546b9d3789ddeabd7099ce7379011a5c094b27d80dc9a8057ef709932,0.0996569762814125,0.023978569528813,True,True,False,False,True,True,True,True,True,True,True,0.0996569762814125,0.0285096267928377,2.2760086913665023,False,False,0.2546285633149319,20051
A0,20052,A0_seed_20052,-73.7891616821289,-5.270654405866351,0.0356547273695468,True,1.50624939694535,53,MgFe(NiO2)4,Fe-Mg-Ni-O,3797b4f4362ffc599a9856fe9633bfcb3c663d4e62b052a5bcffe7c6a17b6443,8094fa2dc6bb820ce07435f33da51d6a13b06d9f02c4fc22fc6952e0ac840716,0.3167685357757994,0.02835571576589,False,False,True,True,True,True,True,True,True,True,True,0.3167685357757994,0.3167685357757994,1.9057215304970287,False,False,0.41188001559865134,20052
A0,20053,A0_seed_20053,-27.676815032958984,-6.919203758239746,0.0035283253528177,True,0.4192207059822976,15,Eu2CdSn,Cd-Eu-Sn,fce7ef752dd2661398b3a508de1827e29fdedd1cff061b284eed3df761dcbda5,fe48d9d5dd27bd502431a7343d3832c3e7353276d9e4feff66b44d5116957093,0.0454866456203619,0.0015830936100965,False,True,True,True,True,False,False,True,True,False,True,0.0454866456203619,0.0043573923466118,3.4370188123750505,False,False,0.005891891251436414,20053
A0,20054,A0_seed_20054,-44.81962585449219,-7.469937642415364,0.0467854365706443,True,0.6719742459827103,25,EuNi2,Eu-Ni,2c42b96fd758ce2593e8c50aa5c33827ff6a8675da2ede321557d1fee3126fc0,1d19f9b4f0e3af4877fa6f29267908527843a76b3d251c4c1b92af370683f702,0.0211922904370958,0.0032502720452658,False,True,True,True,True,False,False,True,True,False,True,0.0211922904370958,0.0,2.678903760102195,False,False,0.06092567304758489,20054
A0,20055,A0_seed_20055,-103.58939361572266,-8.632449467976889,0.0478014647960662,True,0.7261669059516862,23,CrFe5,Cr-Fe,72dad2db07122b5a33c157daa7f4565ba884b54b2678db9fdab3af942bf0f862,32716db992915c806049ab03c984b8c4d7b8f150ec6890721bed01194927e63a,0.0384950061749425,0.0160566193792319,False,True,True,True,True,False,False,True,True,False,True,0.0384950061749425,0.0384950061749425,2.432413609418228,False,False,0.218920371143953,20055
A0,20056,A0_seed_20056,-41.40697860717773,-10.351744651794434,0.0272007416933774,True,0.4436610160046257,16,GdScO2,Gd-O-Sc,743bf48441f8fb15b29916c12724fd13099e5332de168c4dd1f5a18c081889ae,ffea5b37e15bbcb43adc27e045575d5f4735b7454570d2511a5eb5adf144a1aa,0.228655367519476,0.0060586113979404,False,False,True,True,True,False,False,True,True,False,True,0.228655367519476,0.228655367519476,2.191053226349217,False,False,0.2248769101865198,20056
A0,20057,A0_seed_20057,-62.62005615234375,-7.827507019042969,0.0427693054080009,True,0.7043031409848481,27,FeCo,Co-Fe,24686510921fc3949854406cd0197dd0f5265e6f3ddff0e93e687d0c06a8134e,94e3771f3876c688ae31ea55d046ecde95595e62f11ed4349cee56f02b78b287,0.0327813666203908,0.0055755820970885,False,True,True,True,True,False,False,True,True,False,True,0.0327813666203908,0.0,2.4439782789963704,False,False,0.1818330243772092,20057
A0,20058,A0_seed_20058,-29.077939987182617,-9.692646662394203,0.0087206671014428,True,0.0591328929876908,2,GdHO,Gd-H-O,8308caa10a6477cbadc09961151bb75746d0ca20600b030e282f7fba2b2c86bc,f7a8dcd4e0a370aae7c888f375f3612699bc59ea8b722b6b4e633116fdbefc88,0.0412095380938861,0.0009756528355429,False,True,True,True,True,False,False,True,True,False,True,0.0412095380938861,0.0018275087916652,2.3303318580934804,False,False,0.008139690869460927,20058
A0,20059,A0_seed_20059,-99.7807388305664,-9.97807388305664,0.0485873036086559,True,0.7794896509731188,29,Eu3ZrO6,Eu-O-Zr,442a5bd51c33d26c839a8fbc0738635cb45e33f9f55e3f18ddf38f58aed2d672,83f354874d5cff1b4b866cce37bb4762bc736edc6ef85056168682ef7b09d6ce,-0.0070623790250916,0.0238374923167558,True,True,True,True,True,True,True,True,True,True,True,-0.0070623790250916,0.0,2.09879678465457,False,False,0.21989972872247956,20059
A0,20060,A0_seed_20060,-61.43605422973633,-7.679506778717041,0.0370416007936,True,3.3705137069919147,118,LiEu3F4,Eu-F-Li,dae58618576aeb96fb5732b91624c63ad5cf6bc2a4f84e1bd29a50e4740073f7,4b83e05e535d523f7f651ccee137f8e137d6d66533bacb7eaaff1794a6c10228,0.2850344195090191,0.7090967291310192,False,False,False,False,True,True,True,True,True,True,True,0.2850344195090191,0.2850344195090191,1.8994487617927576,False,False,0.18694716668455713,20060
A0,20061,A0_seed_20061,-66.54008483886719,-6.654008483886718,0.047420959919691,True,1.7606568690389397,58,MnVFeO7,Fe-Mn-O-V,6397a3fc49060a6c431e8bcbdae6bf6b36d7e6e57f8bc801efb0fbfb746e7b2b,ad81a0d91d78cba5051d02c69011d232465f470dc07fbec753d77d2f04d5b0e8,0.4369683120550149,0.0580925039343259,False,False,True,True,True,True,True,True,True,True,True,0.4369683120550149,0.4369683120550149,1.6326087531350482,False,False,0.7844599236363577,20061
A0,20062,A0_seed_20062,-69.31631469726562,-6.931631469726563,0.0490651354193687,True,0.3036653680028394,11,MnSnO3,Mn-O-Sn,15f75257cc9c1969d300339f1b36994185f3fd17b1eeed90c1c5a10942762669,d57db41776089eb1af917293ecf8164087e7660a4954837a5233fc9301ee8755,0.0911343098029711,0.0011348345000619,False,True,True,True,True,False,False,True,True,False,True,0.0911343098029711,0.0604165299789727,2.0729007066084346,False,False,0.0870996032241779,20062
A0,20063,A0_seed_20063,-36.24689483642578,-4.530861854553223,0.0422519408166408,True,0.5281229820102453,17,EuMg2Cu,Cu-Eu-Mg,40e52dd231e46548887b9fe3cb6fc89908b70a0f32bcb2c105aff0945b69b813,e7cf5b7abc50b02656d77e44f297b4b1ad37a0c00d011a63609533c9f42cdae6,-0.013632877902471,0.006111497770312,False,True,True,True,True,False,False,True,True,False,True,-0.013632877902471,0.0,2.753262815778138,False,False,0.05081548674539935,20063
A0,20064,A0_seed_20064,-50.08442687988281,-6.260553359985352,0.0474980324506759,True,0.3296843060525134,12,Eu4Zn3Ga,Eu-Ga-Zn,79734dd023197ebd428132426bf33e2c31f3ef68cda61a73b67289d48e8ca05e,7dab7386dddee8328d57d7d89fbcaca32798dd4aa0fb76446275541f6766785e,0.0830213929562306,0.0066334731630748,True,True,True,True,True,True,True,True,True,True,True,0.0830213929562306,0.0779165326024804,2.6515895664888967,False,False,0.06124430334663672,20064
A0,20065,A0_seed_20065,-32.37553024291992,-8.09388256072998,0.0089150546118617,True,0.0653837509453296,3,SrEu3,Eu-Sr,36aadeb78b6e1529d4663e4410cf7f5753597d44722b49a518ae7c7926ec5f0f,bc87032445d8d2ac61ab2c7b3406107e28dabe35b3385d1e7d39fb85d2132425,0.0588239057045143,0.0002349994738272,False,True,True,True,True,False,False,True,True,False,True,0.0588239057045143,0.0588239057045143,4.000948217287421,False,False,0.0096294376276073,20065
A0,20066,A0_seed_20066,-136.73899841308594,-6.8369499206542965,0.0928924083709716,False,15.510829397011548,500,Li3Mn6BClO9,B-Cl-Li-Mn-O,d9076388b89d0dd761074464496a75e72a5a3299359d52fb3a7741d0b188e459,e90d1f4b19feb1d9426e9693db7acc33b9420e8a9446b6fabddb6fe089299da9,0.316072137656036,0.3152225763728451,False,False,True,True,True,True,True,True,True,True,False,0.316072137656036,0.316072137656036,1.3902005619160875,False,False,1.5318041428149671,20066
A0,20067,A0_seed_20067,-68.64985656738281,-6.240896051580256,0.0453530065715312,True,2.1293047750368714,67,Eu3MnGa2AgSn4,Ag-Eu-Ga-Mn-Sn,e7f5dbd1676886f2a24cb8b50510b7614feb848e052f92f5c4b48ce2a5fc9305,15db112ecd61ded03161618b250cb8ea731c101024e5cb9286dc45f1feb342e2,0.1747326884539459,0.1638490867144658,False,False,True,True,True,True,True,True,True,True,False,0.1747326884539459,0.1747326884539459,2.771595154063834,False,False,0.1770346287937097,20067
A0,20068,A0_seed_20068,-70.6632080078125,-7.06632080078125,0.0496631264686584,True,1.2273241800139658,42,Mn4ZnO5,Mn-O-Zn,91f285e30b1dc33d7bb02799c25a20f3ebd08d3b349389226127e06bd9aab0ec,436e7c237329c26ff4c4c4c76b4fef774136d06e0ebb3ec125084fce41ed0bb2,0.2523989094623768,0.0400324234662244,False,False,True,True,True,True,True,True,True,True,True,0.2523989094623768,0.2523989094623768,1.8925117757660492,False,False,0.8844240108110125,20068
A0,20069,A0_seed_20069,-31.16037368774414,-7.790093421936035,0.0444827191531658,True,0.6623225850053132,24,Eu2PdI,Eu-I-Pd,bd6f7a071f8dd9c2f4cf984fe7d3678794dd10bc62da126188967185cbae027e,8d7c6d87cb7c2c5e874c5c69f4a4c683f7f14e40d7ee2f1ab3c5be6c1c7ed5da,0.0475912274898728,0.0163464936124698,False,True,False,False,True,False,False,True,True,False,True,0.0475912274898728,0.0475912274898728,2.9763252236930717,False,False,0.1570413477226029,20069
A0,20070,A0_seed_20070,-86.85511016845703,-8.685511016845703,0.0376642234623432,True,0.4779577740118839,18,Eu3PtO6,Eu-O-Pt,17f40874d6e3a7893fcda16c0f3f2e68ad3134ba7d0fdae8a1d5961bf0752483,759ac2d3d6af27d8b1809cae4142571c9ea50c5d2028463d0ad80ac6a30281ff,0.3057127663662093,0.0026043383819205,False,False,True,True,True,True,True,True,True,True,True,0.3057127663662093,0.2595432305104594,1.9964285121363097,False,False,0.05236871751120005,20070
A0,20071,A0_seed_20071,-33.25056457519531,-6.650112915039062,0.0445934571325778,True,0.5927545939921401,22,Mn2FeH2,Fe-H-Mn,4d329b006c66ba1261cd53982861b147f7c725fe40d507ec3fcbc0450ab644b4,48da7863afced8d970ccf6476a5afde2d66608df7f5bda3984eff4c1c5582af8,0.115828798947386,0.0101152147482341,False,False,False,False,True,True,True,True,True,True,True,0.115828798947386,0.115828798947386,1.8192105723709409,False,False,0.12457072288142139,20071
A0,20072,A0_seed_20072,-118.43421936035156,-6.579678853352864,0.0494909398257732,True,2.14847486699,68,Mn3(OF2)2,F-Mn-O,35930ffcb5acd23d15d3ed2d9ee20d57bb1dcb1d1756f0b66dd93bc8f1e29c33,d17b809611ab09167d3c9629b4d4dfb1d23588cfa3d91411117b6fdaf78c3214,0.1987088624016948,0.0369082063167916,False,False,True,True,True,True,True,True,True,True,True,0.1987088624016948,0.1987088624016948,1.893127224629353,False,False,0.5726603984119827,20072
A0,20073,A0_seed_20073,-192.36387634277344,-9.618193817138671,0.0505346804857254,True,4.156076869985554,145,EuGd3P2CO13,C-Eu-Gd-O-P,caec4ebb5f0b2540e11d0c4fd2292deb1cf2f3fc40daf8dda402923aa963c73a,9438e1308f4a13da4591be51385a1419655be15043b8d8a9ba27b20cea06355f,0.066465672379353,0.0508191511734983,True,True,True,True,True,True,True,True,True,True,False,0.066465672379353,0.066465672379353,1.2866930365365568,False,False,0.7794585683480405,20073
A0,20074,A0_seed_20074,-77.03837585449219,-6.419864654541016,0.0411452911794185,True,0.5963360880268738,22,EuNi9B2,B-Eu-Ni,1559b56db8ff68f25c5c777b60174c769fc52afa09a751890cef95a652dfd923,5a05fdeafc983520d6da76f1fbd1ab822b310ae50b6fc857ada5e055dc4d7013,0.1277213746618919,0.0020783234367658,False,False,False,False,True,True,True,True,True,True,True,0.1277213746618919,0.127721374661891,2.0141673805772364,False,False,0.04671222365204151,20074
A0,20075,A0_seed_20075,-31.935033798217773,-7.983758449554443,0.014510927721858,True,0.3088567869854159,10,Eu2SbBr,Br-Eu-Sb,570ed18c196f396d1ff0686f97dc6a1a0d221263e09e589944d76e9a9b7c05a5,bbf9eb307414292158536d11b45bb2e6e8195c0c3da47fc151e0b3d4d35cc65b,0.0399918686617848,0.0331843257712568,True,True,True,True,True,True,True,True,True,True,True,0.0399918686617848,0.0306038766008196,3.188944532763347,False,False,0.1997868542018812,20075
A0,20076,A0_seed_20076,-112.91901397705078,-10.265364907004615,0.0503844581544399,True,1.2288800930255093,46,Eu2Gd2O7,Eu-Gd-O,ae83c1900e31b981931cfa7a4e1a66316d33f342df79d47cef2fa646b9352770,840265f695d135c96077c7db993898294032654ee761efcd7eeb689b45af3f54,0.2337723427631282,0.0177246157524195,False,False,True,True,True,True,True,True,True,True,False,0.2337723427631282,0.2337723427631282,2.1670189069769066,False,False,0.5086659819820192,20076
A0,20077,A0_seed_20077,-29.281618118286133,-7.320404529571533,0.0086311632767319,True,0.329284215986263,11,Fe2NiPt,Fe-Ni-Pt,bc97975ab020d9a381bda016c9d880f324298fb8203265d8983d64811ca9bfa9,e3de33b614aced4efe8233baa3b5765c27eac85dae9c76a0d269761f27b32196,0.0519725520547407,0.0024937451750724,False,True,True,True,True,False,False,False,False,False,True,0.0519725520547407,0.0301658738647407,2.446720547851468,False,False,0.03725816437066956,20077
A0,20078,A0_seed_20078,-66.37133026123047,-8.296416282653809,0.0382166877388954,True,1.2063578420202248,42,MnFeCoC,C-Co-Fe-Mn,aa76f0caa11d9eadc43cabd73933e81d1742f44021ae898e58c947c2e8ed8b71,75b58283bd33df6a4cefced6f43f2da371dc146dc599fa0a12ba1349b8dc923a,0.2874759574009946,0.0314963091417176,False,False,True,True,True,True,True,True,True,True,False,0.2874759574009946,0.2874759574009946,1.8807802166492984,False,False,0.8216216709838106,20078
A0,20079,A0_seed_20079,-45.37863540649414,-7.563105901082356,0.0267977770417928,True,0.572219985013362,21,Fe2Co3Rh,Co-Fe-Rh,5b68885451482676729c6bef62f63d8d6477ddc3a9ad78481c3f82365670d93d,191482af1682e2fcdfae079487c7837dc83fe7e3fccc834ce26bb0be3610e86a,0.0964629635507527,0.0241205570269909,True,True,True,True,True,True,True,True,True,True,True,0.0964629635507527,0.0964629635507527,2.412136390454494,False,False,0.0793371613989615,20079
A0,20080,A0_seed_20080,-32.824913024902344,-8.206228256225586,0.032232329249382,True,1.4239516870002262,53,Fe3Rh,Fe-Rh,6e3f1f54331c2c3d199dd4be24f498b3d7d8a1f7bba72c0ec441ed3ccd518256,f6baa4c5112669d1105f36c1b2d3fad4cd96100898a4898f514d89df04e25ce1,0.0301917632220511,0.0304090596104226,False,True,True,True,True,False,False,True,True,False,True,0.0301917632220511,0.0,2.6207266531041618,False,False,0.0123835282237065,20080
A0,20081,A0_seed_20081,-46.624610900878906,-7.770768483479817,0.0070740221999585,True,0.3712760600028559,12,EuCo3B2,B-Co-Eu,c346a6cf0fe9b1b71203363b24c4c4f035f973adb3c7daec955bbd2093c1c731,83e7102ad749821f61ce656e3d68ad2648ad7ae7baf7f3137024ec9343c828ee,0.0722690163743617,0.0005558301735497,False,True,True,True,True,False,False,True,True,False,True,0.0722690163743617,0.0,2.0790630279508027,False,False,0.0162402236462062,20081
A0,20082,A0_seed_20082,-92.64694213867188,-8.422449285333807,0.0494650974869728,True,1.311042110028211,44,Eu2GdF8,Eu-F-Gd,f9bc3a91bd61555adabcd646f6c84b96de183a66bfc2dcd677fd74777ca0ebcd,1292b6e585a220f4011ac80f5dcebafe712b52e980b5e1292e6905e9b5eb532f,-0.0818401980444001,0.010270689074853,True,True,True,True,True,True,True,True,True,True,False,-0.0818401980444001,0.0,2.317184081476428,False,False,0.11525646591124283,20082
A0,20083,A0_seed_20083,-111.49707794189452,-10.136097994717684,0.0409089364111423,True,0.8242793239769526,30,Eu5VN5,Eu-N-V,9706e90e563d2e6ed32430225284c086cfe7ab09719d424d6935be77ac83a967,9502eb4bef34311b98afaba855a2e419917466b73def841af83f64ee4db2b115,0.1607970934709897,0.0272668608746734,False,False,True,True,True,True,True,True,True,True,True,0.1607970934709897,0.1411338304528069,1.9634391525802313,False,False,0.17195725368000303,20083
A0,20084,A0_seed_20084,-44.16421508789063,-5.520526885986328,0.0439021438360214,True,0.4841420140000991,16,EuZnSb2,Eu-Sb-Zn,521d36f096c1ec4c512f3c3ca0f175805214adabf831ec665bac17843af36c7c,f3fb778498428355165da94245b47bec5d1f010997a2ecfdbdd3c479c6715e08,0.0401716144671482,0.0214424970913208,False,True,True,True,True,False,False,True,True,False,True,0.0401716144671482,0.0,2.8040405825231876,False,False,0.121049086194236,20084
A0,20085,A0_seed_20085,-74.55413055419922,-6.212844212849935,0.0491019822657108,True,0.4242089500185102,14,EuH2,Eu-H,8ffdad8467c1bc545aa8543c4f959bae15bd38cd0844cc7dfb96cbd03e80ec25,8a614a4bd3ff9b685a578c1eb91f35dd1996dbdc06745726ac3796ba98733678,0.069992325212274,0.012834707060812,False,True,True,True,True,False,False,True,True,False,True,0.069992325212274,4.508463541696983e-05,2.3461659857915875,False,False,0.07777749794873509,20085
A0,20086,A0_seed_20086,-48.23807907104492,-6.029759883880615,0.0448577776551246,True,0.6624693850171752,24,LiEu,Eu-Li,e995ffd1eb1d2a3ae0e98a7cae17ab8962144039aef255ae1bba0c065063c56e,711e5b6373d341c439771f712e9ef400bfdf6e5b18f8b9e830ebd958ddf27371,0.0824733810736111,0.0131265504604793,True,True,True,True,True,True,True,True,True,True,True,0.0824733810736111,0.0824733810736111,2.9507530745249038,False,False,0.0758139490351029,20086
A0,20087,A0_seed_20087,-111.223876953125,-5.853888260690789,0.0486884005367755,True,2.7110855450155213,100,Fe7(OF2)4,F-Fe-O,2adfd17ae25820f31d122c654d9a716b8c382fe0342809ef4b6b0a0c90af0390,b0e50f5ab0272448d3b3d388bc86241fe2909f1581737b4e9f1dffbc75c33a0d,0.3326122020672351,0.0627531695818351,False,False,False,False,True,True,True,True,True,True,True,0.3326122020672351,0.3326122020672351,1.9179645705149069,False,False,0.7055942163212356,20087
A0,20088,A0_seed_20088,-23.305179595947266,-5.826294898986816,0.0057124025188386,True,0.2140640200232155,7,FeNi2H,Fe-H-Ni,806bf3d47caaf59acf2008ecb37fc463e36190d220849dd867da2930f218336f,a0e92e08a55d9b1536b2ec2e4f9aee8bc5f3d25cfa3ad30dadc8521ae5965243,0.1020324788376072,0.0053129545287834,False,False,False,False,True,True,True,True,True,True,True,0.1020324788376072,0.1020324788376072,1.7832601012138078,False,False,0.071661425662401,20088
A0,20089,A0_seed_20089,-48.98200607299805,-8.163667678833008,0.0293794330209493,True,0.3603798819822259,12,Fe3NiIr2,Fe-Ir-Ni,780a5bd08cd48882c2dfdbde135c0b73b666c9156303db053b2667802b3b134b,8a5941888fbe3a1c3cc291e30c074a4db6c3baffb19f65c5e5b85dfe09a95851,0.0520911367782144,0.0351868062830941,True,True,True,True,True,True,True,True,True,True,True,0.0520911367782144,0.0520911367782144,2.544055816980579,False,False,0.1007657514866651,20089
A0,20090,A0_seed_20090,-210.9727325439453,-10.548636627197263,0.0453632734715938,True,2.3510432500042957,80,Gd5DyV2O12,Dy-Gd-O-V,5ba7265e6b546d662a71b2ecec30d4245cabeaa8040e5e3ce73e444e6ebffdce,e1ac94633dfbf1c455cca9d8e423b6fb330c8123097f0c0e134eee628bde19cc,0.1523978818209297,0.0231180272063482,False,False,True,True,True,True,True,True,True,True,False,0.1523978818209297,0.1523978818209297,2.0218544696708687,False,False,0.2583997722820421,20090
A0,20091,A0_seed_20091,-108.90795135498048,-9.07566261291504,0.0487235262989997,True,13.06258909299504,401,Na2Gd3O7,Gd-Na-O,bc15d5552de780ef37d8f456bb334043855ec59720beeaaa98eaa841ad441a07,7ad898ef13eff9ab2113bce1b23a50a8f9325f994ff38d66704cf6fde6aebc2d,0.1640262929318066,0.4255144818645307,False,False,True,True,True,True,True,True,True,True,True,0.1640262929318066,0.1429527667418018,1.4412765016456346,False,False,1.0100207754861403,20091
A0,20092,A0_seed_20092,-63.24873733520508,-5.27072811126709,0.0403458401560783,True,1.4230973559897393,52,EuNiH4,Eu-H-Ni,6512989d2488b2d919f99788adfe02581d87a78f69f3597faa82d7d9934aa428,4159a63c520cad5afefcd4a30cf9beb548ac59947b83c3853b683875e02355ec,0.0848737059960651,0.1674666528369938,True,True,True,True,True,True,True,True,True,True,True,0.0848737059960651,0.0,1.5236265366436774,False,False,0.3290876057034181,20092
A0,20093,A0_seed_20093,-31.259632110595703,-7.814908027648926,0.0247466675937175,True,0.441980465024244,16,Mn2CoNi,Co-Mn-Ni,351eb1ba0ae5b54f25b2bb1422a6661a73b3efd90017f5205b37fec58c46bd7a,25de87481982ef2d3da379efc1bd19322363ec3c03bb1c04815b015f9a25c20b,0.0445489582603926,0.0154513070384473,False,True,True,True,True,False,False,True,True,False,True,0.0445489582603926,0.0445489582603926,2.4709078478117434,False,False,0.2500961884928118,20093
A0,20094,A0_seed_20094,-27.483715057373047,-6.870928764343262,0.0455206744372844,True,0.3056061799870804,10,Fe2HRh,Fe-H-Rh,0490f938bc1ec7b3f5583e6fe29ffd06f14378c8bee7d7790d61271b2785bff1,8c0bf21e271fe0b7744116ee7594fc4c44210a5ac6b4511a416b8b9d18ab1817,0.0975496184726649,0.0037827725970406,False,True,True,True,True,False,False,True,True,False,True,0.0975496184726649,0.0975496184726649,1.880157164851305,False,False,0.04339082003171613,20094
A0,20095,A0_seed_20095,-94.92456817626952,-9.492456817626952,0.049682006239891,True,1.6826762959826738,54,Eu5Pt3O2,Eu-O-Pt,b6662324c46085d558d481c8e3c90e83349fb3f6ab0f8076ae3a21975d3a1c9e,424c6a17e0effce5a4a84c6ef4d5ae00b3d315801508e2332f7de9dbc95af369,0.200905938465338,0.049820579436944,False,False,False,False,True,True,True,True,True,True,True,0.200905938465338,0.200905938465338,2.3891418040522905,False,False,0.26575481459024713,20095
A0,20096,A0_seed_20096,-66.54608154296875,-8.318260192871094,0.0498091280460357,True,0.6081371050095186,22,Fe7Co,Co-Fe,c352db7ae83adba8f5b0ebe9f9b601ad1e59ccbce9faa0d57ad1a39db7d313f2,f610532588238007f25da1089558dedca04bc8e71eb695d1b1ae68a3fda02a0d,0.006199896134829,0.0023655477417529,False,True,True,True,True,False,False,True,True,False,True,0.006199896134829,0.001664236073033,2.4711591899307015,False,False,0.0771009199375327,20096
A0,20097,A0_seed_20097,-50.54264831542969,-8.423774719238281,0.0450519248843193,True,0.6692661730339751,22,Eu4CdPt,Cd-Eu-Pt,1be794142a124bf10278604d6972afc43ae740fe00225c06df6592921339728f,2aca225de301645c4b98a499d3a01fda48d2aa8c2bb579d83d15da838768e76d,0.1339445013173179,0.0118706684400448,False,False,True,True,True,True,True,True,True,True,True,0.1339445013173179,0.1339445013173179,3.157533673377576,False,False,0.058911067508421955,20097
A0,20098,A0_seed_20098,-44.74959945678711,-6.392799922398159,0.0298396851867437,True,0.9846724669914692,36,Fe3O3F,F-Fe-O,d4157cecbd38fd3b14bd72465c7b891c2e87e4f12766fc07813e753846417415,e147848464c5889026e14797a6101c70a6d6023480a960769a6162a142ee4da5,0.2595761312542688,0.1019046005792032,False,False,False,False,True,True,True,True,True,True,True,0.2595761312542688,0.2595761312542688,2.008708009887309,False,False,1.0287806076710972,20098
A0,20099,A0_seed_20099,-82.9146499633789,-6.909554163614909,0.0484857410192489,True,1.198651528975461,41,NdFeCo2,Co-Fe-Nd,e2477987ae7458cc6dbe3239d7291b083ea64c7702fe5120020b28243204fc5a,6a635cea1564a3bae708cc1370f183074f101aacd75c3cc51e1c58b29e4910c8,0.0296764889834317,0.0030907915712745,True,True,True,True,True,True,True,True,True,True,True,0.0296764889834317,0.0296764889834317,2.4166024434784092,False,False,0.09316561872973232,20099
A0,20100,A0_seed_20100,-66.20770263671875,-6.620770263671875,0.0328511670231819,True,1.1603401660104282,38,MnFe2AsO6,As-Fe-Mn-O,26b0cfa43f7d505480501983bf3d7bfe23cab687125ec345fea970548767b90b,91664c319b6c07b69bc179998a758d364b0a4bf58fd67690d3354a37136e6e27,0.3229465487935581,0.0311364786899285,False,False,True,True,True,True,True,True,True,True,True,0.3229465487935581,0.3229465487935581,1.8888930506063677,False,False,0.742296293426923,20100
A0,20101,A0_seed_20101,-69.10828399658203,-8.638535499572754,0.0275398846715688,True,0.8829438230022788,32,Eu3In,Eu-In,c58feb689fc187aef0996a327713084c4d1e8a8eca6eef25ba5a3838758260ff,b4291bd54a9c0c2cbd5bfebae49bf0df6f0b12d379a6de3645e42281c3bafe1f,0.0318361256933883,0.1234522483713265,True,True,True,True,True,True,True,True,True,True,True,0.0318361256933883,0.0,3.403137014481593,False,False,0.0740995096636307,20101
A0,20102,A0_seed_20102,-63.07764053344727,-7.884705066680908,0.0485744215548038,True,0.7754218370537274,28,Fe5Co2Si,Co-Fe-Si,38c29f9b0f44a8e902dc977a9dd44bb6d7c240ac34a15ae1f0cb88e3f8f3ccc5,bf2728ca9411a5770d6ea0832213aab9ed3cd2cdb8601872077ac72354d14fa8,0.0825188593925538,0.0345041187870558,True,True,True,True,True,True,True,True,True,True,True,0.0825188593925538,0.0687975917893961,2.4255321569995534,False,False,0.2106148951443279,20102
A0,20103,A0_seed_20103,-28.96445846557617,-7.241114616394043,0.0091302981600165,True,0.0948757809819653,3,MnCo2Ni,Co-Mn-Ni,4cfaa2efbd78b9b18fdd992a9942b5365c71168d6bd414601bef4042a77aff18,0db00b03ab63d9e40c7d6ad15ab4fd2b7bc152c6bfccc2b6e370f9a5ca6a347d,0.1064685365287356,0.0013198054201736,False,False,True,True,True,False,False,True,True,False,True,0.1064685365287356,0.1064685365287356,2.4873769883535792,False,False,0.011087538454813,20103
A0,20104,A0_seed_20104,-106.74684143066406,-9.70425831187855,0.029021056368947,True,1.2923042750335298,47,Eu5GeO5,Eu-Ge-O,083d1384696efef556fa9677ee4bd9993027d377e74cd02a2b610dfc61261553,8053854332f9109ca9922ffe1e977c59d10ddaefdf2029572c60fafeb7635bc1,0.2494014741826546,0.0679490383887645,False,False,False,False,True,True,True,True,True,True,True,0.2494014741826546,0.2494014741826546,1.9742464562667246,False,False,0.5575607460524148,20104
A0,20105,A0_seed_20105,-109.74079132080078,-9.145065943400065,0.0360161922872066,True,0.8881388669833541,29,Ta3AlFe8,Al-Fe-Ta,a91cd6b185d47234bf3eb14eb343129c83a24b94e1d86dcef2cb62330e5831a6,bb6ad0501574440019048b1c2b9c06c3d67ba51e7ec4b5d7c208f93ce992ddbf,0.0371485022427258,0.0093699348161406,True,True,True,True,True,True,True,True,True,True,True,0.0371485022427258,0.0,2.393809108861767,False,False,0.127545258282992,20105
A0,20106,A0_seed_20106,-80.82293701171875,-8.082293701171874,0.0402954593300819,True,0.2498759729787707,8,Fe5IrRh4,Fe-Ir-Rh,ab879a161eb2b864cdfb18a8a22e2ba7b0501e554af1b308399dfc5f063e0da5,b2d218739e414675f56bd32ff8ff4b15b30febb52ca03610f5da253e61f2ef60,0.0345626786875605,0.0068593415338164,True,True,True,True,True,True,True,True,True,True,True,0.0345626786875605,0.0335991029788971,2.629219199384252,False,False,0.07431147105511068,20106
A0,20107,A0_seed_20107,-39.00676345825195,-9.751690864562988,0.0059296614490449,True,0.0986214409931562,3,Mn2FeRe,Fe-Mn-Re,34764f1cba4515be4f3b9c3f55fa9737787cebd1b5b711cafcc5fc582fafd5ad,756b354468cfadd4b8d15852e80b17c8ed6b2acb79545d26a524b1d51343b3a0,0.1392497882392085,0.0007969706721282,False,False,True,True,True,True,True,True,True,True,True,0.1392497882392085,0.1392497882392085,2.5019428599563365,False,False,0.0074916838996406,20107
A0,20108,A0_seed_20108,-120.33588409423828,-6.685326894124349,0.0507421605288982,True,2.7584044319810346,100,Mn6HO6F5,F-H-Mn-O,af293e54eb46e776273be17f1c6b8592269a1bd2ac0f2812eb4a340f416e4e5f,f1f20ea5242e717aa3b5e24b11157a78c1587987c29b6405eff0cee9eea8451c,0.2729827584691815,0.0804525343935732,False,False,True,True,True,True,True,True,True,True,True,0.2729827584691815,0.2729827584691815,1.0018541254610367,False,False,1.0979974828943406,20108
A0,20109,A0_seed_20109,-29.971759796142575,-4.995293299357097,0.0503210313618183,True,0.8434473329689354,31,ZnCo2,Co-Zn,d3c151403e0aedfe8450ab45b482d00c9dd79b1ceda4eccd489a1db8474d578e,8fc8e82a07e2cb0ea45a9f18b8917978cb7d6cb45ac11ff0f382ab1f473e2965,0.2241997081632458,0.0484834212677603,False,False,True,True,True,True,True,True,True,True,True,0.2241997081632458,0.1821731946323366,2.3394412850031845,False,False,0.1659764624230373,20109
A0,20110,A0_seed_20110,-102.47161865234376,-8.539301554361979,0.034024316817522,True,1.0974953850382008,36,KEu2O3,Eu-K-O,4faed6508476c40021dc0c7d9ad68363d984ccd175a10b58c158b63ccdcf1ec3,fdb118fced4d615f142cd444c61312e879cbc2708c05a4b17c6b0a4c75bde133,0.0603792450002593,0.0256530264364047,True,True,False,False,True,True,True,True,True,True,True,0.0603792450002593,0.0,2.2451682237587485,False,False,0.27369650195235506,20110
A0,20111,A0_seed_20111,-71.90769958496094,-7.989744398328993,0.0515194237232208,True,5.347829428035766,192,EuNiP,Eu-Ni-P,168445059bbf33ce47dfc9f9d72ce03840c44ed40fba77e143a56c1624ce6b4f,095baac4f081419e8e9fe378789cf91bcf8b0cb364a41dfda308eadb7928e7e5,0.1935855569914757,0.364092377624815,False,False,True,True,True,True,True,True,True,True,True,0.1935855569914757,0.0087994164034324,2.1987673524003712,False,False,0.2939447036723514,20111
A0,20112,A0_seed_20112,-101.11927795410156,-5.617737664116754,0.0489550121128559,True,3.099271707003936,112,Fe5H2O4F7,F-Fe-H-O,2b5b5f4b42a283d24f75d476f214970dca796fcb0f9853b6f750e5012842cefc,7b39eb0be71f90c056fd6c7f15b70f4daa0e0661956c9e7eb57f3ac5bb1195e7,0.2532656844460437,0.069192094272879,False,False,False,False,True,True,True,True,True,True,True,0.2532656844460437,0.2532656844460437,1.0190184230932036,False,False,0.7580220340904079,20112
A0,20113,A0_seed_20113,-25.16131019592285,-8.387103398640951,0.0407749116420745,True,0.2314658610266633,8,NdEu2,Eu-Nd,e26a31ab5b3a3266fcdc63b82c2cb6c88a00051dd18df949a985dcba4a1fc495,405df845b9ce250ea6b89585c3d77d8088fa9a90900c572d5a71aa46f71e9b81,0.0762085480524934,0.0170705392027058,False,True,True,True,True,False,False,True,True,False,True,0.0762085480524934,0.0762085480524934,3.777416411250333,False,False,0.0798600965701279,20113
A0,20114,A0_seed_20114,-45.57749176025391,-7.596248626708984,0.047834426164627,True,0.8162621850497089,27,GdAlBr,Al-Br-Gd,25f43dfb10744d8493f06ab1ad5078a296b4d744647b3941a557977a14a1d3a1,3407a62164714444acb1a213a32e15ff7002b1da48d184b8036e78a354f629cd,0.0112256508064447,0.0247946419540812,False,True,False,False,True,False,False,True,True,False,True,0.0112256508064447,0.0,2.5010493662092763,False,False,0.1288604219663316,20114
A0,20115,A0_seed_20115,-100.60035705566406,-10.060035705566406,0.0443772412836551,True,1.867505933973007,62,Eu2MoWN6,Eu-Mo-N-W,fb657595b73e85b1cef5bfc4d7b97fba29474202650ee9cd8e2d484bd08236da,8cd6ec798258af030b4a3dcee8fe4df9ec6992ddeb8b5014ee4d92f0bc953d13,0.0681029001344217,0.0575015630445561,True,True,True,True,True,True,True,True,True,True,False,0.0681029001344217,0.0681029001344217,1.803650228166045,False,False,0.7055547349929191,20115
A0,20116,A0_seed_20116,-113.48676300048828,-7.092922687530518,0.0304348189383745,True,0.8337581859668717,26,FeCo2Ni,Co-Fe-Ni,1315a5ac603181c2204829a2ca2722adfbc8d6e7ced8fd371aa49f54b4f32ab6,bebabee9cdc2224b002ae255eed22cd0cd4601d313e81cc07e6ae92b0273cb33,0.088240203788688,0.015505204809028,False,True,True,True,True,False,False,True,True,False,True,0.088240203788688,0.0878974577001852,2.4716862400573927,False,False,0.08965906502725639,20116
A0,20117,A0_seed_20117,-24.36627578735352,-8.122091929117838,0.0135275600478053,True,0.5126911179977469,16,Eu2I,Eu-I,446e792250b01c426684a54b5f24e40670fb752f4bc33d93b2e7249882b011ff,fdce08f7234576abeb2ceea287dd9f9758fcdbccb687066eda7b388d8bbbe738,0.0960812895574338,0.0066315964873831,True,True,False,False,True,True,True,True,True,True,True,0.0960812895574338,0.0,3.4545930699806635,False,False,0.0899341741314811,20117
A0,20118,A0_seed_20118,-87.46473693847656,-8.746473693847657,0.0493613258004188,True,1.842438191990368,64,Eu2B2C,B-C-Eu,7b9050065df68e2eac84ed20606e7ba51ad73be0d3bff6b252f7d871ec5b3829,b20912b12da2433c693aaee6b1f54de20eb643888689cb8d8683a7296b30539b,0.1513646986114629,0.062904716485015,False,False,True,True,True,True,True,True,True,True,True,0.1513646986114629,0.1393591435534649,1.5009598131615178,False,False,0.6725580837741642,20118
A0,20119,A0_seed_20119,-71.25812530517578,-7.125812530517578,0.0491327010095119,True,1.098599310964346,38,Mn3GaO6,Ga-Mn-O,faed0542d7ee531b400e65cef66b261d1fa4595b099b79194d284d487b8fb2b9,b5e6ecf444cf392d0ee376e4e97cd967b9f29feaa5e311ef7bc577fa64b45222,0.1645542392661489,0.0077747654042455,False,False,True,True,True,True,True,True,True,True,True,0.1645542392661489,0.1645542392661489,1.9229746056813903,False,False,0.35732232303183825,20119
A0,20120,A0_seed_20120,-103.39205169677734,-5.744002872043186,0.0494131930172443,True,6.29908546700608,204,K2Fe6(OF)5,F-Fe-K-O,3926c14c321bb6bd0b47196fb9f77311f3f8014ad37725cf036b58ce6afba3c5,1befcedb3ce90bd102e654da38227efd4399246ad1ba0418e5bcae3800d971f3,0.3157283417767109,0.108304699964524,False,False,False,False,True,True,True,True,True,True,True,0.3157283417767109,0.3157283417767109,1.8863054560006038,False,False,0.5550115793653801,20120
A0,20121,A0_seed_20121,-74.55461883544922,-6.212884902954102,0.0458700768649578,True,0.6117658290313557,23,EuH2,Eu-H,d6fbc9a030d53d7ca6fe08775114d673423101c3871a380436b1bc4478bada28,bada5eeca6c3e0857d482ab9200890f5b579ef15ed43813a754184dd3a74b4c3,0.069947240576857,0.0118643233195409,False,True,True,True,True,False,False,False,False,False,True,0.069947240576857,0.0,2.3276407118174505,False,False,0.05864690790728139,20121
A0,20122,A0_seed_20122,-81.80416107177734,-9.089351230197485,0.0141751840710639,True,0.2680453140055761,10,Eu2Pd,Eu-Pd,a66d63806fe9b1f26890a018d1144a343982b29ee1b28569e3cfa2b25013bc1e,0c5cd01a31f1f6d7df1ea54841c30048e6289ef623a2fa4d6bec324bd5240278,0.0135314276211904,0.0118017406348368,True,True,True,True,True,True,True,True,True,True,True,0.0135314276211904,0.0,3.091013784712199,False,False,0.07846995698422317,20122
A0,20123,A0_seed_20123,-70.955078125,-8.869384765625,0.0306916590780019,True,1.5986308549763637,54,GdC2O5,C-Gd-O,049480956ffad7b53b5dd7423f07835cf219ec5e3f854a1a72348121726a7d42,1b92deb29ff17ad9cbad49b6e9499ddb7721ac23a8b6fc4c58a8bc38618845e8,0.3118584519068665,0.0346239109990834,False,False,True,True,True,True,True,True,True,True,True,0.3118584519068665,0.3118584519068665,1.2363189530344054,False,False,1.1008780703765573,20123
A0,20124,A0_seed_20124,-69.94283294677734,-7.771425882975261,0.0409249849617481,True,0.6071165439789183,20,Fe4Co2Rh3,Co-Fe-Rh,70595a6e5fd767f782365d7c6a8ee3de9b751976e657e53a56799c4da4de9df1,5b617f5ff86e540dbb4fe97a0afbe75898edbfc61b016075acb10544ce879d23,0.0874737245211871,0.0161452233811499,True,True,True,True,True,True,True,True,True,True,True,0.0874737245211871,0.0874737245211871,2.384193013398366,False,False,0.2166450183313727,20124
A0,20125,A0_seed_20125,-92.67617797851562,-7.723014831542969,0.0493122860789299,True,1.1314533749828115,37,VFe4H,Fe-H-V,594e9ad7f9117b1b4e1a8bc163273713f4b61b3e9c0016fc5f1e2133b5fa3f6e,bc104322e2e57a96398a264149ac18b982f9a2a9e2b0a917ae1d053e6bc6e986,0.1206502980503909,0.0649521023189335,False,False,False,False,True,True,True,True,True,True,True,0.1206502980503909,0.1206502980503909,1.6626116112191531,False,False,0.31461884038262117,20125
A0,20126,A0_seed_20126,-81.8897476196289,-6.824145634969075,0.0378561206161975,True,0.502185154997278,19,Fe3WO8,Fe-O-W,79f73a4bde46b02dee7767595777ae450babdd4f8275a95f07d12c5b231891e6,fb08e7442613626eaa57e8faa76cd0096233b9cd980562c4ae89961d2cff43f3,0.2652992256363475,0.0075601305781528,False,False,True,True,True,True,True,True,True,True,True,0.2652992256363475,0.2652992256363475,1.942350881966561,False,False,0.2208635432886717,20126
A0,20127,A0_seed_20127,-60.1666259765625,-7.520828247070312,0.0485162436962127,True,1.1728642269736156,36,EuCo2Ge,Co-Eu-Ge,acd4740aeee7694b6782c49da62ca50c51890b7f5d335898f9ebe9e67acfce81,d0922c9eeba3d866b7d48597c19f2f9dee697b01277af7a2f5781b47fc52b98c,0.1283959167853812,0.0269117625259998,False,False,True,True,True,True,True,True,True,True,True,0.1283959167853812,0.1232577361510927,2.400203263223585,False,False,0.053872788454509865,20127
A0,20128,A0_seed_20128,-43.55687713623047,-7.259479522705078,0.0494211800396442,True,0.1904482170357369,7,YFeCo4,Co-Fe-Y,6104654f393fb749c367ddd1d05473e2f8b08a45cc9f6c3fe87f90d64fa209f5,7c50d076eed79f8407c39a0341400b4b7396e5e3d4faf11cc2e94450c3303181,0.1077445529142622,0.0029679069444035,False,False,True,True,True,False,False,True,True,False,True,0.1077445529142622,0.107430516988332,2.4136674214133165,False,False,0.0746983324605135,20128
A0,20129,A0_seed_20129,-146.03854370117188,-9.735902913411458,0.0490201190114021,True,11.997433350014036,434,Gd4Fe(CuO4)2,Cu-Fe-Gd-O,ac1610add6fe9ea5238966e539bfbd75541c6de336fbcd9e53164bfec56ae94d,960d6f3bb316365516a9adc91c0548253713da69b60706dd7d830c0e3a9d6f1d,0.2777565706267744,0.3340018340786497,False,False,True,True,True,True,True,True,True,True,True,0.2777565706267744,0.2777565706267744,1.7974936808281068,False,False,1.0742996542995622,20129
A0,20130,A0_seed_20130,-95.31975555419922,-7.943312962849935,0.0177090335637331,True,1.86129998305114,61,Fe7Co5,Co-Fe,24910e3a26f4265b2c3e51f959bbfb558cc116fe5df49d5f45ecfcb2ec2e6090,167f1f87119d790f51ef7df7a6c23e1f13ca86eb40bf6b75f5eb7567b95c6e29,0.0299242094306055,0.0159062842593939,True,True,True,True,True,True,True,True,True,True,True,0.0299242094306055,0.0,2.4867143160131926,False,False,0.1174875512595914,20130
A0,20131,A0_seed_20131,-65.03540802001953,-6.503540802001953,0.0385663621127605,True,0.559737536998,21,Eu2Ga2I,Eu-Ga-I,5074202e0afcfd7e5e574fa6ebceab8b6f2dde86f84f81d3cc781b5cc276a24d,2a9b2b458bbebe7bc10898c60c52bace62c53c0f73725007c727b84bb95ac930,0.0255199353778481,0.0140497965668615,False,True,False,False,True,False,False,True,True,False,True,0.0255199353778481,0.0,2.5709996163983893,False,False,0.1086915083459537,20131
A0,20132,A0_seed_20132,-63.83371353149414,-9.119101933070592,0.03842443972826,True,1.4230361439986154,50,GdTiO5,Gd-O-Ti,a575bbdd831ddd15a7c2a863f99f9818165102cd16d851fb2cf1a9db7b0d3b27,5444c2664c28fd6521aca6ae9fd082d7184bd5a297937185505a65de23f83e25,0.2135799231920696,0.0418903006875028,False,False,True,True,True,True,True,True,True,True,True,0.2135799231920696,0.1545716068306433,1.313243639582944,False,False,1.5483301501352358,20132
A0,20133,A0_seed_20133,-79.37239837646484,-7.937239837646483,0.035667460411787,True,0.6983230299665593,23,Eu3AlAu,Al-Au-Eu,4f56d3fc41e6a41fc9b45a81abae3f13bfdec6cbb57f0e26154984adae94b09d,02a66a3e709e3c04ee105949d6eb80a4596567ecb9bc201ac518146ad024a4af,0.1378310745690267,0.0263056237710935,False,False,True,True,True,True,True,True,True,True,True,0.1378310745690267,0.1378310745690267,2.6139950923710744,False,False,0.11665809872000794,20133
A0,20134,A0_seed_20134,-64.80795288085938,-5.891632080078125,0.0511189959943294,True,13.495135502016636,467,Eu2F9,Eu-F,c212967315df77c9d5e698686d965e5989a5aa3f648ec21afa7cb4fcd240674f,e9f26ec9cf3b36b31eb09ece8abfa65265c5be92efdecdc64572d993f1f59b01,0.152452343692528,0.5657526923473918,False,False,False,False,True,True,True,True,True,True,True,0.152452343692528,0.0,1.5871597510414446,False,False,0.7480154541161775,20134
A0,20135,A0_seed_20135,-81.80923461914062,-5.843516758510044,0.0535720214247703,True,10.76882163999835,388,LiFe4(HO2)3,Fe-H-Li-O,61b2b57ef13804af124241f7793b551d287aa025497bf20ad9d5df583ee09fd3,bea5211c96bdb65d015d4bfc2e82af0473506f2cb7edbb1c2c58f29ea9e616b2,0.2450740929251571,0.7383857025600674,False,False,True,True,True,True,True,True,True,True,True,0.2450740929251571,0.2450740929251571,0.9627901896897743,False,False,1.406372362909125,20135
A0,20136,A0_seed_20136,-38.93946075439453,-9.734865188598633,0.0203084629029035,True,0.309903185989242,10,Gd2CuNi,Cu-Gd-Ni,cd9529007f1ab117efa60f070be050fb4e860814cbfdbe8dd0ebf415b9c68da9,b3293a0336b91e7f3be1e5f2aafe93c58d085e04216ce94dafaaaa7722bc0b33,-0.0055402101544252,0.0022945533935018,True,True,True,True,True,True,True,True,True,True,False,-0.0055402101544252,0.0,2.941926469413503,False,False,0.0964301851189295,20136
A0,20137,A0_seed_20137,-76.06111907958984,-6.33842658996582,0.0471846908330917,True,0.6436170089873485,22,Co5Ni7,Co-Ni,c07c0582be41194d42201a447a73183088a93863dc2c66679cc947e3a6da217f,2b81b3e0d1ae63f37c27532d2eba8aa8e78b6b4b0c30ed9c009f9f76ac613d1c,0.0131583686175371,0.002047002521325,True,True,True,True,True,True,True,True,True,True,True,0.0131583686175371,0.0,2.4347951739776263,False,False,0.08097254940491651,20137
A0,20138,A0_seed_20138,-158.3938751220703,-7.9196937561035154,0.0444536209106445,True,9.913543375965672,348,Nd2TiMn5O12,Mn-Nd-O-Ti,cb172a9238b74a794a67e65ac0c36fe8475b298e47ae040e644e5b097d472dfd,cdd56226ef1cc67ec9daf10029eab11be6edeb0dab7d7194f5d05899c9c6312d,0.2257056301602862,0.2094101224045425,False,False,True,True,True,True,True,True,True,True,False,0.2257056301602862,0.2257056301602862,1.8393068344329928,False,False,0.655261416332675,20138
A0,20139,A0_seed_20139,-162.8455810546875,-8.142279052734375,0.0464434623718261,True,1.796415931021329,63,Ca3Eu2GdMn2O12,Ca-Eu-Gd-Mn-O,4a1c34f27140b43666ced59d6eddbc7f1db29affc7b21bd582055043390b9666,4019bdf3add7336c01b3a5fc96a01c2d81a598d9a39b7fc573f4d2b1495193c2,0.1771634863458135,0.0313943349113867,False,False,True,True,True,True,True,True,True,True,False,0.1771634863458135,0.1771634863458135,1.907994981078932,False,False,0.5308092059324125,20139
A0,20140,A0_seed_20140,-29.62375831604004,-7.40593957901001,0.0027401361148804,True,0.198643572977744,6,Fe2CoNi,Co-Fe-Ni,74bfa198681650967ae462b34a3ebcd83d7e9bd6e6bf982c671e586d552a6cce,105fc6d80937f0257559377e90ed9b9cedba1345c7173bf427737b82f8640117,0.1398607442069099,0.0003426315958729,False,False,True,True,True,False,False,True,True,False,True,0.1398607442069099,0.1398607442069099,2.4810483771148326,False,False,0.0037587339312218,20140
A0,20141,A0_seed_20141,-70.5125961303711,-7.051259613037109,0.0458930507302284,True,0.810994089988526,27,Mn2FeGeO6,Fe-Ge-Mn-O,9c05cdd1c296665e7b634a29ad734c7814f4452dfc837bcf4aba0706b6493300,b09b2527a748219156f9b35bbecfe762b7d758eab011753e7c736b8b0f41a426,0.197472345386549,0.009265665353914,False,False,True,True,True,True,True,True,True,True,True,0.197472345386549,0.197472345386549,1.8570247831565192,False,False,0.16766224586732711,20141
A0,20142,A0_seed_20142,-78.09931182861328,-7.809931182861328,0.0387419797480106,True,2.324044250010047,73,Eu3Ni4P3,Eu-Ni-P,80a6de0a2e23e470b89e6206ad23889416342a88cc589a6ddc72e803cc472313,151e92380716c07c5af690d1f8e00cb10d41d6fda0144c99c4401fe49081760d,0.1286355088396469,0.0725413053983532,False,False,False,False,True,True,True,True,True,True,True,0.1286355088396469,0.0,2.1134798073812053,False,False,0.41406419723255566,20142
A0,20143,A0_seed_20143,-115.0275421142578,-9.585628509521484,0.0409010984003543,True,0.4186724830069579,15,Eu2Pt,Eu-Pt,2e8b910e9df278990f100e9f20a5adfffd11f1af70f7029e7c468a3d680c4f50,e061b8a4fe5c74ef8ac0af78753b82272b369c7c2d75caa3e8c242037edf579a,0.0613881292835287,0.0027060951025875,True,True,True,True,True,True,True,True,True,True,True,0.0613881292835287,0.0,3.000543320490319,False,False,0.0471915180249254,20143
A0,20144,A0_seed_20144,-17.626914978027344,-5.875638326009114,0.0518071539700031,True,0.1992090410203673,7,EuScHg,Eu-Hg-Sc,9dc33c917a8adc17334ae546091f8e7266e8c13467233bc507dd9bedb960854f,165e975aaafdb4b50ee41039fb0da36a213bc524f220eeaae7e507016c7faf40,0.1556801649019004,0.002929971419289,False,False,True,True,True,True,True,True,True,True,True,0.1556801649019004,0.1556801649019004,2.970388400671734,False,False,0.0118532727143655,20144
A0,20145,A0_seed_20145,-105.03091430664062,-5.251545715332031,0.0381289310753345,True,1.101132812036667,38,LiFeF3,F-Fe-Li,1159f8011059c0f739eb5fa8ae86b9bf57f35918b452107e600839427026f42f,c0d9f20485b77736afe3aaa593b8a908451b98c4981bf839b796cd60a9ea45b2,0.1590430231881097,0.0353245416616525,False,False,True,True,True,True,True,True,True,True,True,0.1590430231881097,0.1590430231881097,1.9080508856311724,False,False,0.20662500010385607,20145
A0,20146,A0_seed_20146,-27.243343353271484,-6.810835838317871,0.0270332936197519,True,0.4503387149889022,16,Co2PdN,Co-N-Pd,c93c2672442393d22c25835b947541b0e29c50e5e69167f84b74f6f13896d941,09568c20242a0b31431fc5936e249f3b01e2d89efc13c730a9f00ea98fef7bef,0.1436479089421336,0.0372373747609354,False,False,True,True,True,True,True,True,True,True,True,0.1436479089421336,0.1362333572612986,1.9220834110237484,False,False,0.4807384450310782,20146
A0,20147,A0_seed_20147,-33.95392990112305,-6.7907859802246096,0.0295955017209053,True,0.0945140980184078,3,Eu3Mg2,Eu-Mg,4798ea85246224f81a3cdb7ccb7072f12e0a0723b974da4f411c8d06c40c909d,12c99bd9efa72dc46ef76699398c5e99d4e694701239756809648adb5237a07b,0.0990468110831317,0.0014070698122605,True,True,True,True,True,True,True,True,True,True,True,0.0990468110831317,0.0321381292071318,3.3970646336411003,False,False,0.034115691786373,20147
A0,20148,A0_seed_20148,-30.399105072021484,-7.599776268005371,0.0234815552830696,True,0.976821566990111,35,Fe2CoPt,Co-Fe-Pt,13a35b732ff85ac712ee758aeefe6618334be3df56936692f2273bfab5fad802,a0471df24d18988bb3b51cf61f30bc0fc45f51c911642e7e115942f3113a4c6f,0.0888394228200493,0.8095531453598837,False,True,True,True,True,False,False,True,True,False,True,0.0888394228200493,0.0888394228200493,2.4559565853392815,False,False,0.1268625476369045,20148
A0,20149,A0_seed_20149,-28.523006439208984,-7.130751609802246,0.0485935099422931,True,0.2351742339669726,8,FeNi,Fe-Ni,0983a7a276508a095b6a80cf22a883b252b56f02cf94810b7a50a22221c404a8,78290862d0eeb1529c78597e6182bd2bbd059316fe969fa78d6d556eaeea4778,0.0683514897791104,0.0084443264054393,False,True,True,True,True,False,False,True,True,False,True,0.0683514897791104,0.0,2.4955141866039416,False,False,0.079642840774929,20149
A0,20150,A0_seed_20150,-86.74883270263672,-8.674883270263672,0.0434183292090892,True,0.969218608981464,32,GdTi(FeO3)2,Fe-Gd-O-Ti,24f44b3a7487076053fa7f42fa359315ae4299cd5cc52f20c9389a2a2b46d3ba,19e869d3e454a97f62251fde6a62591f1a3522ad315054291d1283ca59a0b2b3,0.2158880885148466,0.0214007076523906,False,False,True,True,True,True,True,True,True,True,False,0.2158880885148466,0.2158880885148466,1.9111523938985158,False,False,0.2017683091071133,20150
A0,20151,A0_seed_20151,-89.75475311279297,-7.479562759399414,0.0367908962070941,True,1.3263566470122896,46,Er2Fe7B3,B-Er-Fe,6d4da5318c7e99a0956fc1705e9de09bfc66a8ded61246aa7daeac42da8a3aaf,c95c572731567ab8984bd83710504c09d6e841b8c6011556631950ce68fea58e,0.2399110732004548,0.0491241163158265,False,False,False,False,True,True,True,True,True,True,True,0.2399110732004548,0.1875363473979483,1.9406123515626985,False,False,0.5515274653825882,20151
A0,20152,A0_seed_20152,-59.14219284057617,-4.928516070048015,0.0221544038504362,True,0.9134972749743612,29,FeH2,Fe-H,bcbcaada1eb9d77da96477ee0a0d920e9cd38eafde93d09cf6d1cb7f2b3bbd63,bdbea04770a4ef849ba7b45805e809594691fe6498759716929c1258e72c26fa,0.1756718561334667,0.0778269976390295,False,False,True,True,True,True,True,True,True,True,True,0.1756718561334667,0.1756718561334667,1.7298092691096183,False,False,0.0321333300761156,20152
A0,20153,A0_seed_20153,-60.98674774169922,-5.082228978474935,0.0493862219154834,True,11.435321751981974,395,EuMg(H4Ir)2,Eu-H-Ir-Mg,7d9cd400b4f942715ab8e984e341251e891908f1c7cfabf1ac10e3bd5fa4d115,4e80ba0de2d837948c2e0d0cf7d23b7b9d88c117f0e26bab81be54d1e3bf3e05,-0.0497150363618956,0.8989865329744828,True,True,False,False,True,True,True,True,True,True,True,-0.0497150363618956,0.0,1.6579390736016038,False,False,0.36249116344541454,20153
A0,20154,A0_seed_20154,-89.68589782714844,-7.473824818929036,0.0468218475580215,True,1.5589930029818788,53,SmFe6Co5,Co-Fe-Sm,961207376bfd468c4f0b0b874dc58faeebef581c4716b2ef113d404034f66ae9,6df0d50c3fb342f71222388ffd47ef3460892bfd1f2dac55596129770d25b67e,0.2110188157115864,0.0305997426234563,False,False,True,True,True,True,True,True,True,True,True,0.2110188157115864,0.2110188157115864,2.2761922507332177,False,False,0.2782070889182999,20154
A0,20155,A0_seed_20155,-28.59562492370605,-7.148906230926514,0.0044960398226976,True,0.3015091019915417,11,Eu2TlPb,Eu-Pb-Tl,49824ac7b7ce01c6c47721923acb19560c514235e7e5b40642e221b83992519d,118d193b89b9d8c6a36a14c5295e04705b38440679d3ad71cce56b01ee0ab9f4,0.0234294041034228,0.0015795116638311,False,True,True,True,True,False,False,True,True,False,True,0.0234294041034228,0.010989414433423,3.550213999790836,False,False,0.004870715624495135,20155
A0,20156,A0_seed_20156,-69.6456069946289,-8.705700874328613,0.0217586010694503,True,0.5883865620126016,20,Eu2CuN,Cu-Eu-N,19285a52c6dfd44192e00834a4b3506d95b7d569e75827ee43436e15d0ceed2a,2b603f6d3d87f8c3a452d2d3d5dbe372f024a42e5dfbe7f3ca34b06a4acc4c1a,0.2071312521688959,0.0083426875679576,False,False,True,True,True,True,True,True,True,True,True,0.2071312521688959,0.2071312521688959,2.536775878017072,False,False,0.1335084720075378,20156
A0,20157,A0_seed_20157,-96.52723693847656,-8.775203358043324,0.0491565950214862,True,1.993188977998216,66,Eu2C2O7,C-Eu-O,7918920d830db946f1f18bd6629382e0b68d9b72a32df5530581e768f7205bc0,435f2193885fe346e8491caf7633134fcec5cecb99e79c99840cc82edbead989,-0.0303003319574592,0.0363661952633486,True,True,True,True,True,True,True,True,True,True,True,-0.0303003319574592,0.0,1.2771882708119844,False,False,0.709302258172054,20157
A0,20158,A0_seed_20158,-70.08634185791016,-8.76079273223877,0.047034814953804,True,0.5942680060397834,22,Eu3Er,Er-Eu,43db99a85d52437f6f7be7238eb9f75b75dde9afebad8881352abf064f35e3d1,b6da48b5cdbc370af5b603ffa83e0be23ad82c2686da49038db1057b327b311e,0.1171558594694435,0.0107838022488472,False,False,True,True,True,False,False,True,True,False,True,0.1171558594694435,0.1171558594694435,3.6630703056662184,False,False,0.053076403992999,20158
A0,20159,A0_seed_20159,-75.27447509765625,-7.527447509765625,0.0346230342984199,True,0.6209172100061551,22,KEu2TeO6,Eu-K-O-Te,e6102543621733ffc0950f54dc7f9060415d7e7d67d96de477442e555d10a4aa,6d83a4f89f0cc32614b4c528b24e4d4bcbad42314eb8f02d18f02735a4d9e73b,0.0288209374556345,0.0066600026433223,True,True,True,True,True,True,True,True,True,True,True,0.0288209374556345,0.0288209374556345,1.9486814736720115,False,False,0.32263775947207474,20159
A0,20160,A0_seed_20160,-97.10731506347656,-8.092276255289713,0.0458865314722061,True,8.414353400003165,294,Tm2Fe7C3,C-Fe-Tm,87d801b5fa5a297176c52e192e3dc1fbdd3746b36cdde08a29f043693074ca0a,dabe2f932b6faac3947e382d4a7cd7145e001f09c3884212ec3fc1a5d047dd73,0.0756555336537196,0.5577387278564454,True,True,False,False,True,True,True,True,True,True,True,0.0756555336537196,0.0487874881803254,1.8801132881555414,False,False,0.417129851080507,20160
A0,20161,A0_seed_20161,-35.336700439453125,-8.834175109863281,0.0038014664314687,True,0.1026319079683162,3,PrEu3,Eu-Pr,4ddb6f44db1daabaa188223697602afe219638d5d637d88815ad1b339ccddc22,9f7feb8eb97a81791e51ba34a61dc023e66c30c0d8af05e55e93469930377f80,0.0949955851014845,0.0022772809552945,False,True,True,True,True,False,False,False,False,False,True,0.0949955851014845,0.0949955851014845,3.846232821775515,False,False,0.0040411348758796865,20161
A0,20162,A0_seed_20162,-27.53310775756836,-6.88327693939209,0.010949614457786,True,0.3735610290314071,12,GaFe2Co,Co-Fe-Ga,be20f43e94e9cad94b3a627dff34ea4589eb462f063831ab6cbc2beb33ceca1d,32764e412f4fcbf47733bfd38e596e593c88e30d16eb51790898c7f56c6a9041,0.0820189458485645,0.0091209778910405,False,True,True,True,True,False,False,True,True,False,True,0.0820189458485645,0.0484047226078496,2.4703521510638478,False,False,0.1301468329002775,20162
A0,20163,A0_seed_20163,-81.69805145263672,-8.169805145263672,0.0496341325342655,True,1.9886879340047017,66,Sc2Fe7N,Fe-N-Sc,9fbd79d1f51c6d50ccfac2cfd2c1a002b664f8083bef6454f36e43cc3bbcb4bf,0c436aa1ed33d2826ca430ec7a70477b5705df68e58718b5a56b18d4ca82a362,0.3629848539498486,0.0802798188316151,False,False,False,False,True,True,True,True,True,True,False,0.3629848539498486,0.3629848539498486,1.8057078715353283,False,False,0.6989774666488413,20163
A0,20164,A0_seed_20164,-52.90007019042969,-7.557152884347098,0.0138359079137444,True,0.2441012279596179,9,Eu3GeCl3,Cl-Eu-Ge,3dcb011fff6f351e294b829053e6e0007f12c2089641fbb4b883660f8123bc89,54d4466fdfe3c1f6769b352410047d11f7227c02385594d00489de4de1b89195,0.0960015909262725,0.0020696189954986,False,True,True,True,True,False,False,True,True,False,True,0.0960015909262725,0.0960015909262725,2.955168860081134,False,False,0.019806414942146848,20164
A0,20165,A0_seed_20165,-78.78470611572266,-8.753856235080296,0.0379084981977939,True,1.0209615039639175,33,Eu2WO6,Eu-O-W,a645af8407e0da92a1c9b2e4a36f937815c173c1046f5ee21b0c83e3e3f91faf,7e9bb432fcf23b86ff73642732f94d033be4a156140d64746c184086d562cd07,0.2881505725610331,0.0286082224632361,False,False,True,True,True,True,True,True,True,True,True,0.2881505725610331,0.1941508035856607,1.940487878361424,False,False,0.19146350334212278,20165
A0,20166,A0_seed_20166,-112.03938293457033,-10.1853984485973,0.0493862815201282,True,1.095613721990958,41,Eu5NO5,Eu-N-O,7f1f93f8f1e4b18194e3697b7a02d02c8cb437f790192b3b7a147eb9cda4a3ee,79a87bb04353e39020ae676296503fb7b9409b9003a63e6ad96e7312e8e27a49,0.091727898799645,0.0252046534319088,True,True,True,True,True,True,True,True,True,True,True,0.091727898799645,0.091727898799645,2.3759085192706837,False,False,0.5280359631753446,20166
A0,20167,A0_seed_20167,-44.37888717651367,-7.396481196085612,0.0269400794059038,True,0.7796783039811999,29,Eu2Mg,Eu-Mg,a065c7e2d578c14576ba2fe817b148f139a6016166d55d8deb5e76b22041438e,57eac118bf19c69839c45d3b5d0dcc8878dde37efef19de8092b5ca68ab4487c,0.0593649204738078,0.079305807030351,True,True,True,True,True,True,True,True,True,True,True,0.0593649204738078,0.0036076855771405,3.09995747776257,False,False,0.0869945257081399,20167
A0,20168,A0_seed_20168,-29.842998504638672,-7.460749626159668,0.0444143116474151,True,1.572740598989185,51,EuRh2Pb,Eu-Pb-Rh,354be88bfa6b0481eafc25a8d00f95a7a9ebef455039aa3a7b42ee283de86c84,806f0e787b4ad461ccfdfcc01ff2e72b921c32021f6a7ae7458fa793dbc82d29,0.0835056543197563,0.1306186907579761,True,True,True,True,True,True,True,True,True,True,True,0.0835056543197563,0.0709522817170906,2.785170304288202,False,False,0.1245353310329965,20168
A0,20169,A0_seed_20169,-110.72984313964844,-10.066349376331676,0.0442400276660919,True,1.5281953850062564,58,EuGdZr2O7,Eu-Gd-O-Zr,87d602f06ca9688de5946769132d37542e6e0f2212a43369e9d48eb76e8e570b,cee748983b7c48bdb61c0183ab9ef2b660906be147d9193aa51803cb70552223,0.1710298418648026,0.0161347991713761,False,False,True,True,True,True,True,True,True,True,False,0.1710298418648026,0.1710298418648026,2.1100098444126067,False,False,0.3887676201066421,20169
A0,20170,A0_seed_20170,-86.5374755859375,-5.408592224121094,0.0372175090014934,True,0.1862424470018595,6,MnNiH2,H-Mn-Ni,f301c457c31dc353a310abf18f123978149482c9c902ef86dc5edd0ce8595b2e,bc5835e6a9f9de1b55350101f1e6adc1e847c686939682b2f9a7416f21233fc0,0.0919789437082725,0.0069336744237022,True,True,True,True,True,True,True,True,True,True,True,0.0919789437082725,0.0874732530816064,1.8452139890984571,False,False,0.09687975954768048,20170
A0,20171,A0_seed_20171,-128.1600341796875,-9.154288155691964,0.0798958092927932,False,16.14010652998695,500,Eu5NiO8,Eu-Ni-O,f5ddd079b4afbf5652b57f31518f346546083f5619e7d8f80e20250e5a076423,9a51ef0bd68b03790bf75e358bfde0c759f6a00b32eaca58f8d1cf10dc0bf49d,0.1973285208130679,0.3538806554580023,False,False,True,True,True,True,True,True,True,True,True,0.1973285208130679,0.1973285208130679,1.8630012378887435,False,False,0.7128887622011929,20171
A0,20172,A0_seed_20172,-97.72506713867188,-6.107816696166992,0.0470236539840698,True,0.9968763869837858,31,Li3Fe5O7F,F-Fe-Li-O,dd32234d0eea7bea984c24caf8333b03b2651d38e2e0c66ceb196944dce517e5,672b166d5976fc514642fe4cdb307c912dc458aa6a05becc07e87dad4c29d8bd,0.1926868590794725,0.0174014317642729,False,False,True,True,True,True,True,True,True,True,True,0.1926868590794725,0.1926868590794725,1.954376187400982,False,False,0.35268094745680206,20172
A0,20173,A0_seed_20173,-155.1981201171875,-7.759906005859375,0.0503697842359542,True,8.382539095997345,264,Fe5Co2B3,B-Co-Fe,ddc62987522dcbe94a3853c06f8660f47016ef00cc0ed9a776d8ed88d8974ce7,a896fd42e5a8000e4aa0aa87df68bb096019ec4fdf20c3aafbd303550d6870e6,0.1984227586518141,0.3026151424275205,False,False,True,True,True,True,True,True,True,True,True,0.1984227586518141,0.1984227586518141,1.7976499767488465,False,False,0.7548260733307565,20173
A0,20174,A0_seed_20174,-47.959251403808594,-5.328805711534288,0.0240022130310535,True,0.2207786050275899,8,EuCdCu,Cd-Cu-Eu,a72ef70b45b0e584bc4555b2678ea18e1356aebb0033d45f683785dc62598f69,2988a4f903adb13b4d84dee6d7a72aba0dbcaaa88f2332539666d9a2dcf70634,0.0369220337266753,0.0024411765460243,False,True,True,True,True,False,False,True,True,False,True,0.0369220337266753,0.0369220337266753,2.81249821971434,False,False,0.0279452002752879,20174
A0,20175,A0_seed_20175,-123.15474700927734,-8.210316467285157,0.0461561158299446,True,1.2159943099832162,45,Eu5Ga3Fe5Ir2,Eu-Fe-Ga-Ir,8e692e7f3e0ac4138d62855959e42df938565b7ffe674c4a22bce4dc28544a44,7540acf8e706b07f10251fb6032e83136396c6c5ea4daa478a5769ea240162b9,0.1921737345760448,0.0495134939542203,False,False,True,True,True,True,True,True,True,True,False,0.1921737345760448,0.1921737345760448,2.3532265809523727,False,False,0.2858781701250436,20175
A0,20176,A0_seed_20176,-72.10266876220703,-8.011407640245226,0.025683494284749,True,0.5642025349661708,21,Eu2Ag,Ag-Eu,26bed07c5e2edfc6358dbd0dc8e6bcb2e66eb25b85cfb9260f58f2cda594f102,5359f25d357566b03c7f0595ea369bbaf941a97b09662a3967d4560a5b06b601,0.0441504868082915,0.0039736239121331,True,True,True,True,True,True,True,True,True,True,True,0.0441504868082915,0.0,3.238797242999025,False,False,0.03707954931715661,20176
A0,20177,A0_seed_20177,-210.18234252929688,-10.509117126464844,0.1628598272800445,False,14.423928197997157,500,Eu2Gd2RhO5,Eu-Gd-O-Rh,47b2920c5e7a09d25be1754525b93324ef39c92b76310a118cbd5f0a20cc23e7,1613b674319fbb25a6ace6144572d1b410cd92e648e132794656ac1634b85a00,0.5242648671429482,0.5515780015592325,False,False,True,True,True,True,True,True,True,True,False,0.5242648671429482,0.5242648671429482,2.103101150474474,False,False,2.2560549351659893,20177
A0,20178,A0_seed_20178,-97.66188049316406,-8.138490041097006,0.0409272909164428,True,1.000383548962418,36,V2GaFe9,Fe-Ga-V,9c58b2890b530bdc0ae1a8d734fea744a5862eeecaddef34f8ab8ad8a0363b25,502bc04f9df96ad2a52141d9429b3dbef3bfb0abdb1cd095f481e0bc16f81e5e,0.1440758551418479,0.0251117149141189,False,False,True,True,True,True,True,True,True,True,True,0.1440758551418479,0.1229827247045189,2.3135509673790176,False,False,0.2646872895543654,20178
A0,20179,A0_seed_20179,-85.87901306152344,-7.15658442179362,0.0382172353565692,True,1.4615806760266423,51,EuSiNi2,Eu-Ni-Si,8cd6afd1cb221e95c21b7a9625215332ec8616e9f03495b5da4e5b47bad4d9ec,8390401d04fba2af22a43555052d556f10d4835d2beccd8903c637abc399ef30,0.2499237840076835,0.0497292259874436,False,False,False,False,True,True,True,True,True,True,True,0.2499237840076835,0.1192934639033831,2.172464026472011,False,False,0.8978472053919152,20179
A0,20180,A0_seed_20180,-75.09481811523438,-7.509481811523438,0.0414745099842548,True,0.98728881200077,35,GaFe3N,Fe-Ga-N,641a5bc7baa573e9021cce720b36fea41af5c4d01f31128e2ecc124046a63c48,5fe73428d43102eb01f7faefaa7b98e0a3c905d12f2b42444be9b6eec759849f,0.0477983760920324,0.1364191544055153,False,True,True,True,True,False,False,True,True,False,True,0.0477983760920324,0.0477983760920324,1.8812772949762764,False,False,0.14185811381785893,20180
A0,20181,A0_seed_20181,-141.4469757080078,-11.787247975667318,0.0486649274826049,True,1.467248059983831,46,Gd5N3O4,Gd-N-O,fd8777ae1103aeb259465a42dcaa750c2944eef7672ffc060d48f959752b666a,10e9ee9371124b783cdf1e8cdf873b068da5b134771a7fc00ebe7ab4c10ef2b8,0.4375042916028331,0.0412622109330916,False,False,True,True,True,True,True,True,True,True,True,0.4375042916028331,0.4375042916028331,2.1692394344605352,False,False,0.959099627150474,20181
A0,20182,A0_seed_20182,-24.80905532836914,-8.26968510945638,0.0437951534986496,True,0.4480382630135864,17,Eu2Lu,Eu-Lu,a6fa81a1823d9969e96bfe611b25ece31d9176ac12c4424758de3217167f84b1,ff00c7436a2ce1e6406ebe0c23407b76a142dd13ef89509bf13f942779afe98c,0.1147987098156644,0.0247889456129596,False,False,True,True,True,True,True,True,True,True,True,0.1147987098156644,0.1147987098156644,3.69597855881309,False,False,0.1144140655698796,20182
A0,20183,A0_seed_20183,-23.592514038085938,-5.898128509521484,0.0039602904580533,True,0.1670919840107672,6,Eu2CdHg,Cd-Eu-Hg,b3377d11b23a57ffaa63e830cdee3035fb2fab36425f53111078521934f59ca8,e0c5ad9c5984517d4d9536a4e1ec4d0aa0407906304397235549ba9d88f019d8,0.0192010449801944,0.0012109664381171,False,True,True,True,True,False,False,True,True,False,True,0.0192010449801944,0.0156532289801951,3.411865217560278,False,False,0.004493660142696518,20183
A0,20184,A0_seed_20184,-79.79658508300781,-6.649715423583984,0.0487266853451728,True,0.4867045580176636,18,SrEu3H4F4,Eu-F-H-Sr,c7b52bd4f43b6250be9c0f754862bce3b0635ce6aea7ea4a61be787e7694ee54,0c8d7d0c05f6df150bcf33f5d2fe976802e58f9aa6dc96a9bb95c147821c435e,0.0690751935739495,0.0048020727131017,True,True,True,True,True,True,True,True,True,True,False,0.0690751935739495,0.0690751935739495,2.4200695326864006,False,False,0.08035411212021977,20184
A0,20185,A0_seed_20185,-96.1453857421875,-9.61453857421875,0.0405145063996315,True,0.8001786930253729,29,CaEu4O5,Ca-Eu-O,8fdb7390b90952c6834c65ed2f98fa7fb107f75b06320aa6510c6d99fa4ef7ab,50d83515b08ecbd4bb276e687b4e350af628d8de7303dd7e28d5a2f9017be4e4,0.0544042473136219,0.0111208825641699,False,True,True,True,True,False,False,True,True,False,True,0.0544042473136219,0.0544042473136219,2.470548585056396,False,False,0.2948034074543613,20185
A0,20186,A0_seed_20186,-55.190879821777344,-6.898859977722168,0.0384124666452407,True,0.4413925029803067,16,GaFe2Co,Co-Fe-Ga,5a59a944ec5cc4601bc1acf444099bdc893a82f45b083281c999df3f82f144d5,577083c776f65e7cb0e75692470fc853ae9d2156f7b30b3cb28660d86ef09617,0.0647529393788381,0.0039408683110611,False,True,True,True,True,False,False,False,False,False,True,0.0647529393788381,0.0311387161381233,2.4495565500580585,False,False,0.0961170041367805,20186
A0,20187,A0_seed_20187,-77.64017486572266,-6.470014572143555,0.0492331348359584,True,1.107483250030782,39,SrEuAs,As-Eu-Sr,0268066b2e4f1a4dc3d70487451acbd24ad9b44fa37504ffdef2167c1ab78789,59c5034d38d45b94c7ec884517c9fd391097e17b0b4546858e7b80705bd89738,0.060737328461534,0.0468580905489489,True,True,False,False,True,True,True,True,True,True,True,0.060737328461534,0.060737328461534,3.1451996118218997,False,False,0.09745374830242642,20187
A0,20188,A0_seed_20188,-68.10658264160156,-8.513322830200195,0.0220810323953628,True,0.8778961490024813,32,Eu3Tl,Eu-Tl,134fcafb19c078b41b22b0a0571ac79cb82a9912bcdd7dba3f3a032b9d1279dd,109674608bef65bb42f2cae0dd1c89b9f131f2600a2e6b66949985dee06f120a,0.0383367609981846,0.0552145840357906,True,True,True,True,True,True,True,True,True,True,True,0.0383367609981846,0.0090452824146574,3.4819353326599325,False,False,0.12910235151517738,20188
A0,20189,A0_seed_20189,-76.13836669921875,-8.459818522135416,0.0152188213542103,True,0.4624254700029269,17,Eu6Al2Ge,Al-Eu-Ge,bcd4ba8bb6c070890369671b7a96e1f87e0c903d330c7793810a7e4087276d78,293095267afccd8efb2914587b0fad913e59b3d6f8853697b6418426ab1959ac,0.0851042548328475,0.0014167328097871,True,True,True,True,True,True,True,True,True,True,True,0.0851042548328475,0.0851042548328475,3.130868290530428,False,False,0.01669047772936532,20189
A0,20190,A0_seed_20190,-55.173770904541016,-6.896721363067627,0.0356931500136852,True,0.383266600954812,12,EuHgO2,Eu-Hg-O,587e272f607b4073fb4791f884bbca06b4985f18dcf57733f2274d95e1673844,d6d87f950c6f51d383b969e3487be75f23436ae53d31e07bdc38e26850b29a45,0.1262019735054593,0.0021705468224691,False,False,True,True,True,True,True,True,True,True,True,0.1262019735054593,0.0970303149787783,2.057297026428776,False,False,0.2198840533273535,20190
A0,20191,A0_seed_20191,-81.7696304321289,-6.814135869344075,0.021001948043704,True,1.399338148010429,49,Fe5Ni7,Fe-Ni,1f327e69ea3c28c12cb35ebae71ae2f1496112334b9c6006f7df143a99d19b84,917821fb14dda8a37b0beae30aa47798cefa68909b3305427a60d5a3c0a03a67,0.1792094543834315,0.0156997341769547,False,False,True,True,True,True,True,True,True,True,True,0.1792094543834315,0.1013966833908384,2.246848812722378,False,False,0.2076905045302404,20191
A0,20192,A0_seed_20192,-26.098743438720703,-6.524685859680176,0.0152220865711569,True,0.1004451170447282,3,LiEu2In,Eu-In-Li,24bd118027cffdbc12131a2ec3dd401b82f967f93d8448916f3dbf1051b0c4b9,64ce6eb4862e6f488f6a151b799e4048239c0e09179f25e9e0376c6828609d95,0.0519923578605174,0.0019204979264737,False,True,True,True,True,False,False,True,True,False,True,0.0519923578605174,0.0519923578605174,3.4095694676191943,False,False,0.004822199869528,20192
A0,20193,A0_seed_20193,-90.9479751586914,-9.09479751586914,0.045225016772747,True,1.6781610820326025,60,Eu2SO2,Eu-O-S,2c96f0d74e441c7775cf421b1115c8bfcc6d6ae20c2c8502e6ba4858b7023337,5ce98f631de7c26a08f75dc60401ed1b66311c74925f915041efea4954e48161,0.4400084346649944,0.0926449756476094,False,False,True,True,True,True,True,True,True,True,True,0.4400084346649944,0.3619611300342402,1.4237546639526297,False,False,1.356269867395538,20193
A0,20194,A0_seed_20194,-38.38042449951172,-7.676084899902344,0.0155786490067839,True,0.7371558040031232,23,Eu2H2N,Eu-H-N,fd011d5a9c08b4a3d6b34843336678459b26277a1f352e105e0d13ae8b7b4924,666e2b7f2b8b891617a784a52c2f5b412d5040b8ab7699de3cbb775e1290451f,0.2052207547272004,0.0600635380780816,False,False,True,True,True,True,True,True,True,True,True,0.2052207547272004,0.2019841874902024,2.289252294543065,False,False,0.16498827008712807,20194
A0,20195,A0_seed_20195,-53.83402633666992,-7.690575190952846,0.0459940582513809,True,1.1151435539941303,40,Fe3Co4,Co-Fe,7919da7f7acd476b878d65fab326a19cebdb1efb42efb1711159f2cbbb8a90c7,ce52695b05085dd936257230e765183946a279a9a3d6f2cfb90f8d266cbb0d00,0.0659813997356764,0.0145568015483583,False,True,True,True,True,False,False,True,True,False,True,0.0659813997356764,0.0378830854896268,2.4442716644943014,False,False,0.2382484082254239,20195
A0,20196,A0_seed_20196,-118.64696502685548,-8.474783216203962,0.044938039034605,True,4.158194538031239,136,Mn8ZnN5,Mn-N-Zn,32fd3ce3c3ee4b9103d368db21ff7553f90b452683f4b7aa27059b18a133c57a,a6941a50ffbcb5bd383af9c2182f0b6ce60ca7de47b2c7c78602fd873c205a34,0.116893388131011,0.2885240377378563,False,False,True,True,True,True,True,True,True,True,True,0.116893388131011,0.116893388131011,1.9024727390761442,False,False,0.5946974619532861,20196
A0,20197,A0_seed_20197,-22.3615779876709,-7.453859329223633,0.0325316600501537,True,0.126015433052089,4,Eu2Zn,Eu-Zn,2e24306e35fc8777e1ca215d99e71324459b22812f41dc328030039d2a47a825,c5dc1e83a62611d67a7e7249670faff23b0756be97ce391a71561ccb6052ab3e,0.0209423199402163,0.0015514539000791,True,True,True,True,True,True,True,True,True,True,True,0.0209423199402163,0.0002056986490899,3.2336734450753544,False,False,0.02439521465689632,20197
A0,20198,A0_seed_20198,-73.97364044189453,-7.397364044189453,0.0474610701203346,True,1.0151387780206278,32,GdF4,F-Gd,ed6466616fb98122deddfe3d06fa7e9dd0d4b78c8c6c06078e56462e82db7e4a,eb8245ddca57b04105c9002fe094492aca980116ea67ee91e16a435aafb6ef66,0.2111907099560834,0.0118155841856207,False,False,True,True,True,True,True,True,True,True,True,0.2111907099560834,0.0,2.2367110615302837,False,False,0.21284971654237295,20198
A0,20199,A0_seed_20199,-24.17381858825684,-6.043454647064209,0.0336106233298778,True,0.2477130269980989,9,LiEu,Eu-Li,69c91fbb7c9a123336470de3ca1fcd901458467881605e4752cef52a2d07c534,4ee28d63357b4baf1e4b71297808f05cc8bf0df495821b190337dde923df58ba,0.0672995834661893,0.0024141073765268,False,True,True,True,True,False,False,True,True,False,True,0.0672995834661893,0.0672995834661893,2.9536311938537185,False,False,0.0482598471434895,20199
A0,20200,A0_seed_20200,-110.60592651367188,-7.900423322405134,0.0327525660395622,True,0.94240574905416,29,Na(Eu2Sb)2,Eu-Na-Sb,bbb1ea1fc493334a073ce716f9572da4bd867d95c3552101b944e2a0914dad9e,83217f59f48ff55d2105cbddcaed4614cdc7eff66e82d60a0fb71ffd07f3fb0c,0.1534224668885446,0.041123768463778,False,False,True,True,True,True,True,True,True,True,True,0.1534224668885446,0.1534224668885446,3.2356508580132233,False,False,0.09922691363387866,20200
A0,20201,A0_seed_20201,-107.94241333007812,-8.995201110839844,0.0204030107706785,True,0.8540190249914303,30,Nb2Fe9Re,Fe-Nb-Re,ca598774630a08808f8c4a4381d84a1d3aa5e1803a87782ee29112a8891fa87a,cdc8fc74123426ad69cb2d746e048e3ee7e00a81da39ceb140ffc9a187744a06,0.1724721206877841,0.0171847891203672,False,False,True,True,True,True,True,True,True,True,True,0.1724721206877841,0.1724721206877841,2.3550825167374327,False,False,0.1676984575684302,20201
A0,20202,A0_seed_20202,-44.873531341552734,-5.609191417694092,0.0326286666095256,True,0.7870292839943431,30,Eu2TeH4I,Eu-H-I-Te,94f51a0bd93f131255d18d8f199b73a58779a709754e143ae2d71b61d7a2fc7a,988977966acf086fc08b42097bcd05b78cc307866686ec6f0da4679994342679,0.1199876676749465,0.0264054208934715,False,False,True,True,True,True,True,True,True,True,False,0.1199876676749465,0.1199876676749465,0.6839563310342223,False,False,3.469149715756665,20202
A0,20203,A0_seed_20203,-47.96607971191406,-5.995759963989258,0.0437382347881794,True,0.611085488984827,22,Eu3Zn3Ni2,Eu-Ni-Zn,903eda2cbbeb814a68abc97d65b8849c0eaf902a45b0f5128a3901b8c0caf4c1,a1ff1868e2657cc6707380f3c1523cbdd69821a3a1ece7879f54cf342bbd42e0,0.0666443194588994,0.05420613158836,True,True,True,True,True,True,True,True,True,True,True,0.0666443194588994,0.0567135263482327,2.5651489529568177,False,False,0.0743552202848879,20203
A0,20204,A0_seed_20204,-150.07118225097656,-8.337287902832031,0.0486916191875934,True,12.37233251600992,437,Ba2Gd3Fe2H2O9,Ba-Fe-Gd-H-O,3fe6685a82e56e3f0e388faebdee628b6112ca5066297248f65ebf262f322438,2c1bcde0dfe2c09d2860ab1b3245483d85d15d648e96d819704667605eb3168c,0.2428167518447015,0.2332307466118142,False,False,True,True,True,True,True,True,True,True,False,0.2428167518447015,0.2428167518447015,0.9684780087551664,False,False,0.8067079710329844,20204
A0,20205,A0_seed_20205,-32.67801284790039,-8.169503211975098,0.0339889079332351,True,0.3168390429927967,10,Fe3Co,Co-Fe,d3a2c565787dae8ce193de4daa0423b7ef1d8fb1dadd3cbdb9d9b64eddd7699c,eba24ffe464ae7788e70d619c6a8ab3c7c6270e988a755b0f3cf62122e8bc212,0.0088593996115911,0.0030624212382605,False,True,True,True,True,False,False,True,True,False,True,0.0088593996115911,0.0,2.475805434910784,False,False,0.0582947134518064,20205
A0,20206,A0_seed_20206,-90.91368103027344,-9.091368103027344,0.0460255332291126,True,1.3370462260209024,47,EuBO3,B-Eu-O,1731aa828c334473018e53905151c253c3c5cbdbdfcba951fcd8176756d851a3,025194e9d96fd68a4c07ecb17aff8c2d843c90cf2e67aa6d89d63d68bbe97d3f,0.0465182457657036,0.0163962949602506,False,True,True,True,True,False,False,True,True,False,True,0.0465182457657036,0.0,1.364991213920413,False,False,0.21912658533876503,20206
A0,20207,A0_seed_20207,-82.00065612792969,-8.200065612792969,0.0440738759934902,True,0.6255087089957669,19,ZrTi(FeO3)2,Fe-O-Ti-Zr,a8753f00aa82b7e06a38ad1ae92e802cfa9d6019b6f9c276c805270a89bbdad5,2922f59d0b8549b897970e422458d8c0c0b436132387529bef5b60c5d6a2c9df,0.1474917074713886,0.0092104988560935,False,False,True,True,True,True,True,True,True,True,False,0.1474917074713886,0.1474917074713886,1.8733503242748493,False,False,0.3439151915255252,20207
A0,20208,A0_seed_20208,-87.03294372558594,-7.252745310465495,0.0391757115721702,True,1.565456931013614,57,GdCo11,Co-Gd,1dc15ed830bd2b541faa582025606ca17118ea736a5670c3df5ca66b25b1895f,4751e235befb6270fcafbf8cf9c536b0f670e362049bfcc04ecad9c8896c70fc,0.5539969012392323,0.0758470257290773,False,False,True,True,True,True,True,True,True,True,True,0.5539969012392323,0.4833349232858985,2.2982596041911214,False,False,0.8972317636278857,20208
A0,20209,A0_seed_20209,-105.45726013183594,-7.532661437988281,0.013555321842432,True,1.2089456939720549,42,Fe5SiGe,Fe-Ge-Si,e419c846e6f3e0d981f224e16462541f1e4db66eaa44515696eec86aeed7febb,9961a7e881c85ff3d59577cb00b373a01e40decb3946c83e27e61b52253fbcaa,0.2029475536223177,0.0111403734002807,False,False,True,True,True,True,True,True,True,True,True,0.2029475536223177,0.2029475536223177,2.3415100659369674,False,False,0.15024332927086367,20209
A0,20210,A0_seed_20210,-92.5728988647461,-7.714408238728841,0.0403419025242328,True,0.8852182350237854,30,Mn4Co3NiP4,Co-Mn-Ni-P,d15fbb9f30e4d6dd41d0ef1c6d4b95f29dc97d0c0b63ddea931adf86db1c4507,0143aff8b5acacdb4b1cb8f62f20e013d2eee065eb89e169cae76b891b470f8d,0.0262374037826109,0.0172511297970078,True,True,True,True,True,True,True,True,True,True,False,0.0262374037826109,0.0262374037826109,2.189040330522731,False,False,0.2617177210073107,20210
A0,20211,A0_seed_20211,-86.20252990722656,-8.620252990722657,0.0329636819660663,True,1.0205469619832002,32,Eu3Si2,Eu-Si,731bf3552441c09aa552adb6b6a51d2b93b52499c95dcfe4c0307920ba48a516,f6d27dad5fad2c5fb750b1f241bb312e6b8fe8e9a929cd168fe3086701f123a2,0.2631365447032951,0.0417097740264895,False,False,True,True,True,True,True,True,True,True,True,0.2631365447032951,0.0,2.9907468044609,False,False,0.1706742914029888,20211
A0,20212,A0_seed_20212,-114.11962127685548,-9.509968439737955,0.0466502197086811,True,0.8788420779746957,27,Eu2MnO3,Eu-Mn-O,477b1232f3a00db315aa642cebfcc1f8f5cbb8b685a81179012e0f3042c7582d,3e63bec5c3e30e37b1e5553800dc6e0061e0bb7a105c8bb5238e1fb8a44c4dbe,0.1345360230536822,0.0092624136968624,False,False,True,True,True,True,True,True,True,True,True,0.1345360230536822,0.1345360230536822,2.182843555627246,False,False,0.20855397284840838,20212
A0,20213,A0_seed_20213,-82.28368377685547,-9.14263153076172,0.0275501646101474,True,0.6795776630169712,26,Eu2TiFeO5,Eu-Fe-O-Ti,bc7ded316ef52ca282b442f45b6323a5ad9a6d9679a7126232a5457f4687ea41,e6a91ba63a929cfe2dd473e218e5c60b94d281c71909dcd2af2f279320e5dab0,0.1865070158493491,0.0087112625319416,False,False,True,True,True,True,True,True,True,True,True,0.1865070158493491,0.1865070158493491,1.9270751693046297,False,False,0.2701730770673242,20213
A0,20214,A0_seed_20214,-22.36213493347168,-7.454044977823893,0.0391152016818523,True,0.0883087079855613,3,Eu2Zn,Eu-Zn,1fd073d363909482d384ec74045d78961ef5bd021907c0a7d0eddb6e21672f24,9462e35d4a6be7035e028cefe1a96804fb10121b1d63dbb24f1b11ecb4c37054,0.0207366212911264,0.0017138586418535,False,True,True,True,True,True,False,False,False,True,True,0.0207366212911264,0.0,3.251033343107502,False,False,0.046827639315331224,20214
A0,20215,A0_seed_20215,-141.59246826171875,-7.079623413085938,0.0362053290009498,True,5.986350501014385,205,Ca4Eu3Ni3O10,Ca-Eu-Ni-O,299feb8facf4274169063dca34f6c522e37ff37c1a5dad028d371a8f0bf4af62,7a48a6665ff4c7da7a9ffb72668dddc82e5b854c35c5fdda5a5a24c2c70c53fd,0.23151570212028,0.1267275273383831,False,False,True,True,True,True,True,True,True,True,True,0.23151570212028,0.23151570212028,2.184891344366562,False,False,0.3006869380010115,20215
A0,20216,A0_seed_20216,-93.3160171508789,-7.776334762573242,0.0492442063987255,True,1.7248758019995876,63,Fe4AsN,As-Fe-N,9f2d636436f95ec7acb0135692a952f10029515abdb8741babc3d18ec71a4a65,b7bc23a43f6372807f53cb7b9669650c08a67e1450f45e33c17df1cde9001a55,0.1720388862671811,0.059233971552394,False,False,True,True,True,True,True,True,True,True,True,0.1720388862671811,0.1720388862671811,1.8758591612126911,False,False,0.5223760603662405,20216
A0,20217,A0_seed_20217,-152.65419006347656,-8.034431055972451,0.0495377331972122,True,3.362881133973133,104,Fe14B5,B-Fe,cb7d1f5ac3b781ac61d96ee502f13f72dd7263332c2070d47203dff8ba4e3e85,0b612a2d62c432b26d6fbbee2d602b526a228bd793c9db2221d2414eb39a27ff,0.229499888467787,0.1599325181067153,False,False,False,False,True,True,True,True,True,True,True,0.229499888467787,0.0,1.712091105201504,False,False,2.571193032784954,20217
A0,20218,A0_seed_20218,-61.305423736572266,-6.130542373657226,0.04548841714859,True,1.029680395964533,36,EuH5O4,Eu-H-O,02b28f196bffd9fb7373fe0a4e1110835bc133241876af24f4fad1c45368839c,cec9a638013e89184247a81768eed9ed2796a7bb81af238fea89a329190f5d90,0.1142494820077981,0.0573962806323931,False,False,True,True,True,True,True,True,True,True,True,0.1142494820077981,0.1021290147001252,0.9755639200711348,False,False,1.019557509710357,20218
A0,20219,A0_seed_20219,-96.20364379882812,-6.8716888427734375,0.0317763499915599,True,1.1790617370279506,41,Mn2Fe3AsO8,As-Fe-Mn-O,6177ff95629a521f9950ad97fe46e3cd458b5c588fc4ed88f9fbca42ac361f1e,3c5fe87ad918d8e506195cd42f96a20b0db5a3ac8b07d7ecfb9f81939d6b067c,0.2482956679227452,0.0163151092873253,False,False,True,True,True,True,True,True,True,True,True,0.2482956679227452,0.2482956679227452,1.8831818113995291,False,False,0.3465396472809143,20219
A0,20220,A0_seed_20220,-72.98468017578125,-6.0820566813151045,0.0310428813099861,True,0.5268679789733142,18,Eu2Ga3Cu,Cu-Eu-Ga,61f87f1414ae56a19a0dd337634899e7efc3469061a841a02baee54026f68f9b,745b12632845e896013edb17a3a6a548d1e329776a795e7621a49f843f6ed788,0.0230269859211977,0.0161259678300604,True,True,True,True,True,True,True,True,True,True,True,0.0230269859211977,0.0143032674928642,2.5892984792561755,False,False,0.0686515601304891,20220
A0,20221,A0_seed_20221,-88.08377075195312,-5.872251383463541,0.0491995811462402,True,2.070657290983945,75,ZnFe5O5F4,F-Fe-O-Zn,56a85825763adce5f860aa53307dea41ec2987a3d3c7bc94d77aac8ddd3aae5b,8c8ca05b2e5eb6a26b23ffb8729032b9c00b057ecc624408a2d66f72bd345fa1,0.2728934344743923,0.073137483272001,False,False,False,False,True,True,True,True,True,True,True,0.2728934344743923,0.2728934344743923,1.9234754883061698,False,False,0.6913346187349281,20221
A0,20222,A0_seed_20222,-23.78647994995117,-7.928826649983724,0.0516836158931255,True,0.3823599000461399,12,Eu2Tl,Eu-Tl,abfcde4a6d8b8a3ca0bdc6bf47fb748e5d1897d149ede03acc57010dbe914d94,61cb11a4faa2ee60b37a3d66eb3864d33f70d36a68c8207f1a346551eef01a3b,0.0390553047780333,0.007944476571054,False,True,True,True,True,False,False,True,True,False,True,0.0390553047780333,0.0,3.398131518964679,False,False,0.03333854418306674,20222
A0,20223,A0_seed_20223,-107.0214614868164,-8.232420114370493,0.0385768637061119,True,0.6069818710093386,21,SmVFe11,Fe-Sm-V,657569bbea7f9c153000374c21be2eaa4e06ffa19ace8e64b40c2a47515c94cb,397449313d2b9e8ac84933289306f9f81f572befc8bb2b7ec9e31f2079c8a35d,0.0490969125744165,0.0203976278645208,True,True,True,True,True,True,True,True,True,True,True,0.0490969125744165,0.0490969125744165,2.302649669900988,False,False,0.2652522767423935,20223
A0,20224,A0_seed_20224,-136.54080200195312,-7.585600111219618,0.0436324998736381,True,8.643556996015832,257,Dy2Fe9B7,B-Dy-Fe,0fabe70d575afe82728d2d862179fa80d2cc71a5ca354805d50a5e5b55fa4d6a,99f43141b0c86beb4360c2ac2d8e295692f64fdb4a9fd9ca8ef0c43789662ef2,0.2063805341277067,0.1085831342334766,False,False,False,False,True,True,True,True,True,True,True,0.2063805341277067,0.1226705170992161,1.7267540581877898,False,False,0.641456263658053,20224
A0,20225,A0_seed_20225,-136.93641662597656,-6.846820831298828,0.0501490719616413,True,3.196111344965175,108,LiMn3Fe3MoO12,Fe-Li-Mn-Mo-O,5ef17aaba2d2e5f45c81fa14d29f5e4c80f8dcfc3ab566d680288b5ccc43109d,3e3f899c3fb623fe2d02a46856866746215f715297ecb01431afc820cb89ad9c,0.3502694237177781,0.0494034918753498,False,False,True,True,True,True,True,True,True,True,False,0.3502694237177781,0.3502694237177781,1.7840755264163801,False,False,0.7452615119827053,20225
A0,20226,A0_seed_20226,-82.85546875,-8.285546875,0.0474738590419292,True,2.000838655978441,70,Eu2CrMo(O2F)2,Cr-Eu-F-Mo-O,9e5bf840380a905597f3528d40bae9c98352807cb10c36efcecf2dc3ade34d2e,346785331bf70d59e7be1b3c170af3edd779818e0e163877540b61f7ef974304,0.2900127796343987,0.078355806941164,False,False,True,True,True,True,True,True,True,True,False,0.2900127796343987,0.2900127796343987,1.9899250326688553,False,False,0.9525676532444893,20226
A0,20227,A0_seed_20227,-73.1601333618164,-6.096677780151367,0.0347770266234874,True,4.19784289598465,143,Fe3GeH2,Fe-Ge-H,11f3a3afcd9622323aa0aff60ec8544fdcd76f7e12156d4c3308a52496bcf638,8ff6affde17eab1e81621c82f79415a98b17f81089ef6bbf3750bf7fd4ebdaa1,0.1225953781856183,0.5935696156376689,False,False,True,True,True,True,True,True,True,True,True,0.1225953781856183,0.1225953781856183,1.6594465238131746,False,False,0.24614996417419044,20227
A0,20228,A0_seed_20228,-99.16230010986328,-7.0830214364188055,0.0501974746584892,True,2.865179125976283,97,Cr(FeO2)2,Cr-Fe-O,225e3a90c8fe945c582a71112d7f241e55e6a1a79f569e29cba6a65cff9d63ac,06bef4a29fbafce65c4097f314e2d053889c4adc3bbe07bf3fa72b7c82e444c4,0.2907457293051081,0.1438862618890883,False,False,True,True,True,True,True,True,True,True,True,0.2907457293051081,0.2538071196493874,1.9852398104714444,False,False,0.23657172568197352,20228
A0,20229,A0_seed_20229,-64.74723052978516,-5.886111866344105,0.0486194267868995,True,0.8559503519791178,30,Mn5Ga6,Ga-Mn,9163218f958b16b03711fb59e251463dd3cb48eb46ce7e1d852e4bda6a178e26,332aa8cfab1c90a1b1b609bb32d66233415ca8d1eb069daaa2349a20f05df758,0.0840553683210343,0.0242394666645763,True,True,True,True,True,True,True,True,True,True,True,0.0840553683210343,0.0,2.5261286734875723,False,False,0.2228585309815692,20229
A0,20230,A0_seed_20230,-52.54140090942383,-6.5676751136779785,0.0492078587412834,True,1.6593405340099707,61,MgMn2O4F,F-Mg-Mn-O,4a4ca0e540e30760e549351f1924f482508bf3333c66ad32b863bf7e05ee542f,755fee2676fbec5af175179beb8a2fb82476209837f143f236c39c126dc3829a,0.3633612974312052,0.0648557822650193,False,False,False,False,True,True,True,True,True,True,True,0.3633612974312052,0.3633612974312052,1.9045349861527376,False,False,0.45943988449748613,20230
A0,20231,A0_seed_20231,-56.63007736206055,-4.719173113505046,0.0227711666375398,True,0.6290965820080601,20,Eu3Mg5Cu4,Cu-Eu-Mg,2760e311b803c7412b8ea0244730bf7dc90763b0e5a4bab6eec0cf87aa27e9d6,163fdc2b8510228c90383a00b91ef471e1e8be9eda4e78e11c23fa7a3ddb0531,0.0168793429064084,0.0209252450703426,True,True,True,True,True,True,True,True,True,True,True,0.0168793429064084,0.0271040013332637,2.6640961644238956,False,False,0.1463564751551895,20231
A0,20232,A0_seed_20232,-87.65019226074219,-7.304182688395183,0.0440008752048015,True,0.8031551180174574,28,SmFe5Co6,Co-Fe-Sm,caf928e5713395e99e59a520adb5f37c00d349b963a655906e7a48cd043aaa5c,c74ec70fbddf3a8b0ccc13cc516f766f7e88ed542e3cf6fa60ff72233aa77916,0.2751617240564705,0.0114211591184277,False,False,True,True,True,True,True,True,True,True,True,0.2751617240564705,0.2751617240564705,2.346854883782413,False,False,0.2871565933466526,20232
A0,20233,A0_seed_20233,-76.11646270751953,-9.51455783843994,0.0286339521408081,True,0.8889959729858674,31,Eu2AsO,As-Eu-O,e853f9136ee88ce58ba28d65f78f450c5e356abab13054b0cc10402422a934f7,2fc0ff1fe823cf51ba9588c0095067f17bedfefa48717ce114b4bc1a8670cf2c,0.0463479101185448,0.0136048420735855,True,True,True,True,True,True,True,True,True,True,True,0.0463479101185448,0.0463479101185448,2.289811278249141,False,False,0.30727391297766665,20233
A0,20234,A0_seed_20234,-70.46817016601562,-7.046817016601563,0.0354220122098922,True,0.478023634001147,17,Eu2MgSi2,Eu-Mg-Si,c9cedf0695d3e62af941bd247ce004444396b191fb6ad1eb74c886e274b849eb,1f5eb27b3f3cf332f832b5291c3727e0b593d15ce67aa33d39a1f100872de38b,0.0842066497374665,0.0059742262749107,True,True,True,True,True,True,True,True,True,True,True,0.0842066497374665,0.0689407261750876,2.385784224988114,False,False,0.1297300833645688,20234
A0,20235,A0_seed_20235,-56.03380584716797,-5.603380584716797,0.0488193482160568,True,1.232617109955754,46,LiFe3OF5,F-Fe-Li-O,2be5b03ff77b3ff36a8a10b6da16498daeb37a00e2cf3c6665372f30ec41be97,68ff3e59fe3defc43c80d9bc6bf572e63f2e46db7f1d54032f5b083156380c41,0.2067443351597884,0.0607967828983605,False,False,True,True,True,True,True,True,True,True,True,0.2067443351597884,0.2067443351597884,1.957178899804204,False,False,0.3768279654173045,20235
A0,20236,A0_seed_20236,-72.18310546875,-7.218310546875,0.0454800315201282,True,0.8664437860134058,27,Mn3SbO6,Mn-O-Sb,021ff745c154171e9b88837c704fe1ff9bdf96e680670e21d0363f3440f5796d,117e24606d61c894dab49635935ba1bfea6a61428b118c6cb937515d252cde89,0.1043943720789926,0.007787476747696,False,False,True,True,True,True,True,True,True,True,True,0.1043943720789926,0.0829423860179918,1.98521745152271,False,False,0.19857413086621106,20236
A0,20237,A0_seed_20237,-24.45226287841797,-6.113065719604492,0.0268970970064401,True,0.2546849479549564,9,FeCu,Cu-Fe,ad652803febe60b1f306c4a968bd7c3651fe29281d3512777198f6c9b079fa44,335a90f842180b0bebfece046f1aeb7ad521d13e1a6e32356d25af27f8e36f57,0.1900754281982237,0.0003070619948223,False,False,True,True,True,True,True,True,True,True,True,0.1900754281982237,0.1900754281982237,2.4755455450288384,False,False,0.0466754398679064,20237
A0,20238,A0_seed_20238,-92.04593658447266,-7.670494715372722,0.0424857549369335,True,0.7081386959762312,25,LiEu3Si2,Eu-Li-Si,1e69c49bb71621f5a86cd2902cb29ebb25ca7b71b9e045258deaec6678b2feb2,a31776a7c1d9e5d53b6b27c42aa23579751992aaebab7f730b6fcb6c6e1dcf03,0.0323156322001345,0.0306000999989857,True,True,False,False,True,True,True,True,True,True,True,0.0323156322001345,0.0323156322001345,2.7753418717603724,False,False,0.13522474612474228,20238
A0,20239,A0_seed_20239,-89.20510864257812,-8.920510864257812,0.0414376892149448,True,1.2798532139859162,45,EuGd2F7,Eu-F-Gd,07b4591edbbeba7704f975db2ed03dca269e62b346582b0069d8604342560b1f,2eac49a682e36dfbf625ce858ade0a4754454b14101dd3cc4979814f272b42a5,0.1159829179236791,0.0489110103883739,False,False,True,True,True,True,True,True,True,True,False,0.1159829179236791,0.1159829179236791,2.1972643314116747,False,False,0.2447835252575282,20239
A0,20240,A0_seed_20240,-91.20079803466795,-9.120079803466798,0.0514649301767349,True,1.953102472005412,68,Eu7InP2,Eu-In-P,0bf00c31a28fce261df40d4da7224cc816a0df3c831460c6f680647dc9fe0bad,70e979db30ba586939a84a09340b95c276feb2fe13eb9b2b2fbb066bf093aa08,0.0129525660187859,0.1092011078654915,True,True,False,False,True,True,True,True,True,True,True,0.0129525660187859,0.0129525660187859,2.8334600582280167,False,False,0.14122966844055282,20240
A0,20241,A0_seed_20241,-113.62600708007812,-7.101625442504883,0.0418611802160739,True,5.642545108043123,194,Mn5GaO10,Ga-Mn-O,b90e9bf9a91c2f5db46e73c636464add54cd3448185766872809fd8056367ee8,f76e5c0208879506dfa8383a167fc5ff5225b422633b77ca819b2dcbb0f24488,0.1784672430956053,0.3021179655831135,False,False,False,False,True,True,True,True,True,True,True,0.1784672430956053,0.1784672430956053,1.7913168336077645,False,False,0.7701770338619099,20241
A0,20242,A0_seed_20242,-115.68326568603516,-6.42684809366862,0.048704020678997,True,3.382802164996974,107,Mn2Fe5Ni2O9,Fe-Mn-Ni-O,dcba1c8cd1fb6f3cf5faa8a36bcb7a4c3d53f9dcb21059498d4766c8d8638b3c,3d8625147470daa7f5b808115d22a12c86667b886a8f0dfc123e789807d1edd0,0.3280190907951716,0.0875077768326968,False,False,True,True,True,True,True,True,True,True,True,0.3280190907951716,0.3280190907951716,1.866910984716361,False,False,1.3951241825776224,20242
A0,20243,A0_seed_20243,-69.44764709472656,-6.31342246315696,0.0478407926857471,True,1.8325473330332895,58,Gd2(ZnNi2)3,Gd-Ni-Zn,a05ea8b2182925f720415a38fc4596bc9fbeee1e3e21452446006eba5736f01b,187352a6372a08029c1aced05dba5b913ad4cf5a2adbe044110a497510ce413c,0.0979017704250626,0.0604344907191246,True,True,True,True,True,True,True,True,True,True,False,0.0979017704250626,0.0979017704250626,2.323307378496956,False,False,0.34805874441315937,20243
A0,20244,A0_seed_20244,-26.484455108642575,-6.6211137771606445,0.0264145620167255,True,0.1493623319547623,6,NdEu2Hg,Eu-Hg-Nd,fb5193cd77be462f5fb7a229ff31a803042113bc8118117e8be54af4dadb1d2c,56eadf1bcb40f0bc2cb2476092a23323f098f73e20e3dea3e2711fab55e9a88d,0.0888733257860057,0.0039453096629256,True,True,True,True,True,True,True,True,True,True,True,0.0888733257860057,0.0888733257860057,3.3408104454394034,False,False,0.0265010251088564,20244
A0,20245,A0_seed_20245,-115.05895233154295,-6.392164018419054,0.0506936162710189,True,2.8393036729539745,103,MgMn5(OF)6,F-Mg-Mn-O,fb5ad8b824ef79009d92739210919fb276757b87da45f45e905761ca876dfaf5,48ad5ccbd2751808226c665dcfb1f45e06c34589acdd81228c0735adb8856e19,0.326835327181131,0.088581692835479,False,False,True,True,True,True,True,True,True,True,True,0.326835327181131,0.326835327181131,1.8217189047649442,False,False,1.1142848649738895,20245
A0,20246,A0_seed_20246,-37.38983154296875,-6.231638590494792,0.0200427360832691,True,0.5623107069986872,20,Fe2Ni3Au,Au-Fe-Ni,baf5ef5527fb1dddaeeddfe8e12d3a080bb682e8c0e6185c5d86202cd854ad16,47d8dd84eadd551837a11bd17262fd74d1fbb37bd7532c89c0b63b6a7353db61,0.1009892697751029,0.0088480836902421,False,False,True,True,True,True,True,True,True,True,True,0.1009892697751029,0.1009892697751029,2.4483374622578804,False,False,0.12222164687693535,20246
A0,20247,A0_seed_20247,-174.5189208984375,-9.69549560546875,0.1994694620370865,False,13.73241021798458,500,Eu8NiO9,Eu-Ni-O,b4b7c8b102de652780d186dc9919903b51a9dc2a15f0ad10bc85906d88a76f0c,ff97652245786af18d199671ef90b6819366349b061ef106bb6f552ec7ecf563,0.2185573621350709,0.2753873465303687,False,False,True,True,True,True,True,True,True,True,True,0.2185573621350709,0.2185573621350709,1.961560203572581,False,False,0.5411211888837799,20247
A0,20248,A0_seed_20248,-82.32359313964844,-8.232359313964844,0.0427766852080822,True,0.8556021699914709,30,Eu3GaSb,Eu-Ga-Sb,704408cb5f6c88bdcb7268b692d29b078226cc10f10e441d6ce7b21b5a98662d,28b03968464255d5750786d15901e22f71072e0917ac8b30d568c49e475149fe,0.1437848650769488,0.0361354127843596,False,False,True,True,True,True,True,True,True,True,True,0.1437848650769488,0.1437848650769488,2.841164268749014,False,False,0.09896448129380787,20248
A0,20249,A0_seed_20249,-75.62777709960938,-7.562777709960938,0.0408431440591812,True,2.568781503010541,90,GdMnFeO7,Fe-Gd-Mn-O,100ec43dcb5ea91f8c163f24c8edc28ee7bcb0f14b92d9046f490ca8fd2bb151,1ba18a0971a7a467504cc10f550c93445e26eca5ee54201b9e7f40e26a864d56,0.426855947234781,0.0992180622748884,False,False,True,True,True,True,True,True,True,True,False,0.426855947234781,0.426855947234781,1.401768252566207,False,False,0.8557493027475355,20249
A0,20250,A0_seed_20250,-126.42899322509766,-6.321449661254883,0.049387902021408,True,3.8901782979955897,128,Fe7Ni4B4H5,B-Fe-H-Ni,bc7b6868cb619e4495557fe3ca223fdd18491625538c390bee367f7a55e9ea0d,6a502db55762ac0f4aeed1821d611e53d6661264bd57346df948c6c331f45087,0.2031794629689205,0.1830364562627143,False,False,False,False,True,True,True,True,True,True,False,0.2031794629689205,0.2031794629689205,1.5256817112743228,False,False,0.6601379706877287,20250
A0,20251,A0_seed_20251,-32.05049514770508,-5.34174919128418,0.0419618487358093,True,0.4004713339963928,14,BeAlFe,Al-Be-Fe,4102f83484a76c3a155718061104ac29fc8c9cb1019df06632d19e915805bbdc,b5d0aa418d9edba87e0971305377e80c69657bcab35184fec187d77973a4a3c5,0.3269027184404622,0.0037829712147,False,False,True,True,True,True,True,True,True,True,True,0.3269027184404622,0.3269027184404622,2.2810308060307856,False,False,0.1066150327296158,20251
A0,20252,A0_seed_20252,-23.83120346069336,-5.95780086517334,0.0571932233870029,True,2.1263456960441545,75,NiPt,Ni-Pt,ccbe74b775ace2f1ed3add4cc809abf621511cec42288faed0761e688de1bcc8,3c031b4a18486aea01cc58a5be72502e3f746b75c6e196645b14631b61ff39a6,0.0697486662879391,1.125124931420517,False,True,True,True,True,False,False,True,True,False,True,0.0697486662879391,0.0,2.492195669687893,False,False,0.06375290986980864,20252
A0,20253,A0_seed_20253,-33.49931716918945,-6.699863433837891,0.011423235759139,True,0.4084163749939762,14,Eu2Cu3,Cu-Eu,92301a3c89cb79ad67a7687ef41c923b5100cefe1321850460ed21cd7a546d7e,3b94d2db2816d728cbcf507e22c05aaf98646863bd36fc8de39f8b9ad6cf2b14,0.0354620437656176,0.0077466220338492,True,True,True,True,True,True,True,True,True,True,True,0.0354620437656176,0.0,2.537195302677794,False,False,0.07231289114850036,20253
A0,20254,A0_seed_20254,-32.43400573730469,-8.108501434326172,0.0141957886517047,True,0.2448450740193948,8,Eu3Mg,Eu-Mg,0d455cdd40b0bc5c6cbfbe6f9ea333ff92b4ede0fafdab71dd5f765cae40fe7c,4951b4a444fda3d09eae8a3482725cf7dcf21ff59d20dcbf7315b5958233547b,0.0597320072091012,0.0019566935242137,False,True,True,True,True,False,False,True,True,False,True,0.0597320072091012,0.0179140810366025,3.4400053703998035,False,False,0.018620215345087787,20254
A0,20255,A0_seed_20255,-100.79549407958984,-9.163226734508168,0.0465020649135112,True,1.3013775880099274,46,Eu4O3F4,Eu-F-O,043a7008d5d3be6c0e5de9083102081a26bc41fb63f6f0a96775adbcdba8323d,12bc4ec0e3324024dda19b205f307d5a709cf129f90630b91f135fadb78eb80b,-0.0103733645832413,0.0169502279528269,True,True,False,False,True,True,True,True,True,True,True,-0.0103733645832413,0.0,2.2685681444083907,False,False,0.18002316327824702,20255
