trial,selector,energy_above_hull_per_atom,rmsd_from_relaxation,stable,novel_unique_stable,comp_validity,structure_validity,novel,unique,converged,ehull_change_vs_first,rmsd_relative_change_vs_first,stable_change_vs_first,nus_change_vs_first
0,baseline_first,0.13694945637766007,0.04961599203339115,0.40625,0.28125,0.890625,1.0,0.765625,0.984375,1.0,0.0,0.0,0.0,0.0
0,oracle_min_ehull,0.060056683613414645,0.022353614672779958,0.84375,0.4375,1.0,1.0,0.578125,0.921875,1.0,-0.07689277276424542,-0.5494675455095978,0.4375,0.15625
0,oracle_min_rmsd,0.09598025891258562,0.005744701753932514,0.609375,0.203125,1.0,1.0,0.53125,0.96875,1.0,-0.04096919746507445,-0.8842167309671773,0.203125,-0.078125
0,oracle_stable_quality,0.060056683613414645,0.022353614672779958,0.84375,0.4375,1.0,1.0,0.578125,0.921875,1.0,-0.07689277276424542,-0.5494675455095978,0.4375,0.15625
0,oracle_nus_quality,0.06834630619450348,0.019099146730040328,0.84375,0.625,1.0,1.0,0.78125,0.953125,1.0,-0.06860315018315659,-0.6150606700116615,0.4375,0.34375
1,baseline_first,0.1480020879830134,0.07785674869337054,0.328125,0.15625,0.84375,1.0,0.765625,0.96875,1.0,0.0,0.0,0.0,0.0
1,oracle_min_ehull,0.059681713811477556,0.026265795621290527,0.828125,0.40625,1.0,1.0,0.515625,0.921875,1.0,-0.08832037417153585,-0.6626394492180092,0.5,0.25
1,oracle_min_rmsd,0.10090293936771805,0.007479766466853959,0.578125,0.25,1.0,1.0,0.59375,0.921875,1.0,-0.04709914861529535,-0.9039291186392573,0.25,0.09375
1,oracle_stable_quality,0.059681713811477556,0.026265795621290527,0.828125,0.40625,1.0,1.0,0.515625,0.921875,1.0,-0.08832037417153585,-0.6626394492180092,0.5,0.25
1,oracle_nus_quality,0.07073682996840874,0.05436610095898613,0.828125,0.625,1.0,1.0,0.8125,0.96875,1.0,-0.07726525801460465,-0.3017162690276153,0.5,0.46875
2,baseline_first,0.15101151674684926,0.0599144175352878,0.359375,0.234375,0.828125,1.0,0.8125,0.953125,1.0,0.0,0.0,0.0,0.0
2,oracle_min_ehull,0.056522016146149996,0.04357416498463007,0.90625,0.4375,1.0,1.0,0.546875,0.9375,1.0,-0.09448950060069927,-0.2727265526871526,0.546875,0.203125
2,oracle_min_rmsd,0.11707099594220333,0.005610825927351689,0.53125,0.1875,1.0,1.0,0.578125,0.921875,1.0,-0.033940520804645935,-0.9063526583723012,0.171875,-0.046875
2,oracle_stable_quality,0.056522016146149996,0.04357416498463007,0.90625,0.4375,1.0,1.0,0.546875,0.9375,1.0,-0.09448950060069927,-0.2727265526871526,0.546875,0.203125
2,oracle_nus_quality,0.06345269970937766,0.04702884679680996,0.90625,0.671875,1.0,1.0,0.78125,0.96875,1.0,-0.0875588170374716,-0.2150662773428219,0.546875,0.4375
3,baseline_first,0.138833389242723,0.0419878052294847,0.453125,0.234375,0.796875,1.0,0.734375,0.9375,1.0,0.0,0.0,0.0,0.0
3,oracle_min_ehull,0.05419158489124416,0.04287441594445039,0.890625,0.484375,0.984375,1.0,0.609375,0.9375,1.0,-0.08464180435147885,0.02111590996766588,0.4375,0.25
3,oracle_min_rmsd,0.09348798223895365,0.0052946478359921,0.65625,0.234375,0.984375,1.0,0.5,0.921875,1.0,-0.045345407003769364,-0.8739003430387905,0.203125,0.0
3,oracle_stable_quality,0.05419158489124416,0.04287441594445039,0.890625,0.484375,0.984375,1.0,0.609375,0.9375,1.0,-0.08464180435147885,0.02111590996766588,0.4375,0.25
3,oracle_nus_quality,0.061448567477536756,0.044578650831193334,0.890625,0.671875,0.984375,1.0,0.796875,0.96875,1.0,-0.07738482176518625,0.061704716108602176,0.4375,0.4375
4,baseline_first,0.12860696805921842,0.029394318425092505,0.515625,0.28125,0.84375,1.0,0.6875,0.96875,1.0,0.0,0.0,0.0,0.0
4,oracle_min_ehull,0.05808711106223849,0.021917527080345584,0.84375,0.40625,1.0,1.0,0.515625,0.921875,1.0,-0.07051985699697993,-0.2543617864044212,0.328125,0.125
4,oracle_min_rmsd,0.0984424869802559,0.007571138190458281,0.609375,0.25,1.0,1.0,0.53125,0.890625,1.0,-0.030164481078962524,-0.7424285169342397,0.09375,-0.03125
4,oracle_stable_quality,0.05808711106223849,0.021917527080345584,0.84375,0.40625,1.0,1.0,0.515625,0.921875,1.0,-0.07051985699697993,-0.2543617864044212,0.328125,0.125
4,oracle_nus_quality,0.06523415068983016,0.023241099619812265,0.84375,0.5625,1.0,1.0,0.734375,0.96875,1.0,-0.06337281736938827,-0.20933361053976796,0.328125,0.28125
5,baseline_first,0.14730158275543764,0.0961493593757096,0.40625,0.21875,0.75,1.0,0.78125,0.96875,1.0,0.0,0.0,0.0,0.0
5,oracle_min_ehull,0.058433790837361145,0.02249753440183784,0.84375,0.390625,1.0,1.0,0.515625,0.90625,1.0,-0.0888677919180765,-0.7660147238846665,0.4375,0.171875
5,oracle_min_rmsd,0.10245904458949567,0.005988822904939489,0.59375,0.203125,1.0,1.0,0.515625,0.9375,1.0,-0.04484253816594197,-0.9377133353375992,0.1875,-0.015625
5,oracle_stable_quality,0.058433790837361145,0.02249753440183784,0.84375,0.390625,1.0,1.0,0.515625,0.90625,1.0,-0.0888677919180765,-0.7660147238846665,0.4375,0.171875
5,oracle_nus_quality,0.07146498096879574,0.028601220112150813,0.84375,0.5625,1.0,1.0,0.71875,0.96875,1.0,-0.07583660178664191,-0.7025334303020183,0.4375,0.34375
6,baseline_first,0.14905890986511638,0.056744831029563646,0.375,0.203125,0.796875,1.0,0.75,0.9375,1.0,0.0,0.0,0.0,0.0
6,oracle_min_ehull,0.05910083502188475,0.04434966942096156,0.890625,0.515625,1.0,1.0,0.609375,0.921875,1.0,-0.08995807484323164,-0.21843684056692847,0.515625,0.3125
6,oracle_min_rmsd,0.10374383674495062,0.006601176164599792,0.59375,0.265625,1.0,1.0,0.609375,0.90625,1.0,-0.045315073120165764,-0.8836691193747563,0.21875,0.0625
6,oracle_stable_quality,0.05910083502188475,0.04434966942096156,0.890625,0.515625,1.0,1.0,0.609375,0.921875,1.0,-0.08995807484323164,-0.21843684056692847,0.515625,0.3125
6,oracle_nus_quality,0.065578379076816,0.04862952154338471,0.890625,0.65625,1.0,1.0,0.765625,0.984375,1.0,-0.08348053078830038,-0.14301407439121494,0.515625,0.453125
7,baseline_first,0.15049161175599143,0.08085812267426466,0.40625,0.1875,0.859375,1.0,0.703125,0.9375,1.0,0.0,0.0,0.0,0.0
7,oracle_min_ehull,0.0540302325630635,0.044643914212731145,0.875,0.46875,1.0,1.0,0.578125,0.9375,1.0,-0.09646137919292794,-0.4478734759576566,0.46875,0.28125
7,oracle_min_rmsd,0.08936228131019772,0.006855038811089232,0.625,0.296875,1.0,1.0,0.59375,0.921875,1.0,-0.06112933044579372,-0.9152213953976569,0.21875,0.109375
7,oracle_stable_quality,0.0540302325630635,0.044643914212731145,0.875,0.46875,1.0,1.0,0.578125,0.9375,1.0,-0.09646137919292794,-0.4478734759576566,0.46875,0.28125
7,oracle_nus_quality,0.06556877891433358,0.06629311269381659,0.875,0.609375,1.0,1.0,0.75,0.9375,1.0,-0.08492283284165786,-0.180130449467927,0.46875,0.421875
8,baseline_first,0.14760868943018673,0.06848881539779252,0.375,0.21875,0.8125,1.0,0.75,0.9375,1.0,0.0,0.0,0.0,0.0
8,oracle_min_ehull,0.057114690648833344,0.039682398483367944,0.890625,0.40625,1.0,1.0,0.5,0.9375,1.0,-0.09049399878135339,-0.42060030892800404,0.515625,0.1875
8,oracle_min_rmsd,0.1049752144907359,0.006690635955319487,0.578125,0.21875,1.0,1.0,0.53125,0.9375,1.0,-0.04263347493945084,-0.9023105317786656,0.203125,0.0
8,oracle_stable_quality,0.057114690648833344,0.039682398483367944,0.890625,0.40625,1.0,1.0,0.5,0.9375,1.0,-0.09049399878135339,-0.42060030892800404,0.515625,0.1875
8,oracle_nus_quality,0.06487024166569999,0.0632766965504077,0.890625,0.609375,1.0,1.0,0.734375,0.984375,1.0,-0.08273844776448674,-0.07610175204684311,0.515625,0.390625
9,baseline_first,0.1341385714846087,0.05747817250931028,0.453125,0.21875,0.890625,1.0,0.703125,0.953125,1.0,0.0,0.0,0.0,0.0
9,oracle_min_ehull,0.06397244491350301,0.040444508005132725,0.828125,0.484375,1.0,1.0,0.65625,0.9375,1.0,-0.07016612657110569,-0.2963501405932566,0.375,0.265625
9,oracle_min_rmsd,0.1037755012659433,0.00763607852773019,0.5625,0.21875,1.0,1.0,0.578125,0.90625,1.0,-0.030363070218665397,-0.8671482026243388,0.109375,0.0
9,oracle_stable_quality,0.06397244491350301,0.040444508005132725,0.828125,0.484375,1.0,1.0,0.65625,0.9375,1.0,-0.07016612657110569,-0.2963501405932566,0.375,0.265625
9,oracle_nus_quality,0.07027042368840178,0.043040504123442125,0.828125,0.625,1.0,1.0,0.796875,0.953125,1.0,-0.06386814779620692,-0.25118523703114526,0.375,0.40625
10,baseline_first,0.14738595132457977,0.06228134651153271,0.421875,0.21875,0.8125,1.0,0.75,0.953125,1.0,0.0,0.0,0.0,0.0
10,oracle_min_ehull,0.0645608072567084,0.04548103554561608,0.796875,0.453125,1.0,1.0,0.625,0.9375,1.0,-0.08282514406787136,-0.2697486792904469,0.375,0.234375
10,oracle_min_rmsd,0.11047872436701059,0.006584581651263991,0.53125,0.125,1.0,1.0,0.5,0.875,1.0,-0.03690722695756918,-0.8942768257259063,0.109375,-0.09375
10,oracle_stable_quality,0.0645608072567084,0.04548103554561608,0.796875,0.453125,1.0,1.0,0.625,0.9375,1.0,-0.08282514406787136,-0.2697486792904469,0.375,0.234375
10,oracle_nus_quality,0.07236438304602943,0.0581019761545128,0.796875,0.625,1.0,1.0,0.828125,1.0,1.0,-0.07502156827855033,-0.06710468850004736,0.375,0.40625
11,baseline_first,0.14765999677491665,0.05687158735961349,0.421875,0.234375,0.796875,1.0,0.78125,0.96875,1.0,0.0,0.0,0.0,0.0
11,oracle_min_ehull,0.06126164334030321,0.02716530945690247,0.859375,0.4375,1.0,1.0,0.546875,0.921875,1.0,-0.08639835343461344,-0.5223395245655916,0.4375,0.203125
11,oracle_min_rmsd,0.09723986607215196,0.0067497238307348455,0.640625,0.25,1.0,1.0,0.5,0.90625,1.0,-0.05042013070276469,-0.881316415734018,0.21875,0.015625
11,oracle_stable_quality,0.06126164334030321,0.02716530945690247,0.859375,0.4375,1.0,1.0,0.546875,0.921875,1.0,-0.08639835343461344,-0.5223395245655916,0.4375,0.203125
11,oracle_nus_quality,0.07395131230287814,0.07041453136939543,0.859375,0.59375,1.0,1.0,0.734375,0.984375,1.0,-0.0737086844720385,0.23813198538219904,0.4375,0.359375
12,baseline_first,0.14636529576392573,0.08756369890949896,0.40625,0.3125,0.890625,1.0,0.828125,0.953125,1.0,0.0,0.0,0.0,0.0
12,oracle_min_ehull,0.06485937826518595,0.019580430371497582,0.84375,0.453125,1.0,1.0,0.5625,0.921875,1.0,-0.08150591749873978,-0.7763864407814152,0.4375,0.140625
12,oracle_min_rmsd,0.09923264964868012,0.006089013141955272,0.65625,0.234375,1.0,1.0,0.5,0.890625,1.0,-0.04713264611524562,-0.9304619012469021,0.25,-0.078125
12,oracle_stable_quality,0.06485937826518595,0.019580430371497582,0.84375,0.453125,1.0,1.0,0.5625,0.921875,1.0,-0.08150591749873978,-0.7763864407814152,0.4375,0.140625
12,oracle_nus_quality,0.074127607693185,0.041278105995956944,0.84375,0.625,1.0,1.0,0.765625,0.96875,1.0,-0.07223768807074074,-0.5285933953221902,0.4375,0.3125
13,baseline_first,0.13567350864050445,0.033625947451799455,0.390625,0.203125,0.859375,1.0,0.75,0.9375,1.0,0.0,0.0,0.0,0.0
13,oracle_min_ehull,0.059328366724639335,0.06022762960594687,0.859375,0.390625,1.0,1.0,0.546875,0.921875,1.0,-0.07634514191586511,0.7911058028113302,0.46875,0.1875
13,oracle_min_rmsd,0.09501842201251484,0.005591994098022485,0.65625,0.25,1.0,1.0,0.515625,0.953125,1.0,-0.04065508662798961,-0.8337000286448959,0.265625,0.046875
13,oracle_stable_quality,0.059328366724639335,0.06022762960594687,0.859375,0.390625,1.0,1.0,0.546875,0.921875,1.0,-0.07634514191586511,0.7911058028113302,0.46875,0.1875
13,oracle_nus_quality,0.06417512812002858,0.06200401925356801,0.859375,0.578125,1.0,1.0,0.71875,0.984375,1.0,-0.07149838052047587,0.8439337461776093,0.46875,0.375
14,baseline_first,0.1588435581030632,0.055389060815206954,0.375,0.234375,0.859375,1.0,0.765625,0.9375,1.0,0.0,0.0,0.0,0.0
14,oracle_min_ehull,0.062175199614978055,0.041109517166718026,0.84375,0.40625,1.0,1.0,0.5625,0.9375,1.0,-0.09666835848808514,-0.2578044010554609,0.46875,0.171875
14,oracle_min_rmsd,0.10603372404884477,0.005833645166737417,0.578125,0.1875,1.0,1.0,0.53125,0.9375,1.0,-0.05280983405421842,-0.8946787491811776,0.203125,-0.046875
14,oracle_stable_quality,0.062175199614978055,0.041109517166718026,0.84375,0.40625,1.0,1.0,0.5625,0.9375,1.0,-0.09666835848808514,-0.2578044010554609,0.46875,0.171875
14,oracle_nus_quality,0.0686224976110513,0.04461978870554678,0.84375,0.625,1.0,1.0,0.78125,0.984375,1.0,-0.0902210604920119,-0.19442958503285346,0.46875,0.390625
15,baseline_first,0.1298442524418688,0.10058679143694405,0.484375,0.28125,0.84375,1.0,0.765625,1.0,1.0,0.0,0.0,0.0,0.0
15,oracle_min_ehull,0.05601792946851128,0.03717846865775783,0.875,0.4375,1.0,1.0,0.5625,0.90625,1.0,-0.07382632297335753,-0.630384187360581,0.390625,0.15625
15,oracle_min_rmsd,0.09300977719554723,0.007561948305313961,0.640625,0.25,1.0,1.0,0.5,0.9375,1.0,-0.03683447524632158,-0.924821657025869,0.15625,-0.03125
15,oracle_stable_quality,0.05601792946851128,0.03717846865775783,0.875,0.4375,1.0,1.0,0.5625,0.90625,1.0,-0.07382632297335753,-0.630384187360581,0.390625,0.15625
15,oracle_nus_quality,0.06304155552082662,0.04022793015061303,0.875,0.578125,1.0,1.0,0.703125,0.9375,1.0,-0.0668026969210422,-0.6000674683431855,0.390625,0.296875
16,baseline_first,0.14960350318373267,0.046132658442686145,0.375,0.234375,0.84375,1.0,0.8125,0.953125,1.0,0.0,0.0,0.0,0.0
16,oracle_min_ehull,0.054938877289535115,0.03206514295129768,0.9375,0.53125,1.0,1.0,0.59375,0.921875,1.0,-0.09466462589419755,-0.3049361551289209,0.5625,0.296875
16,oracle_min_rmsd,0.10260773294947911,0.0067592500636837,0.59375,0.25,1.0,1.0,0.59375,0.90625,1.0,-0.04699577023425355,-0.8534823205109414,0.21875,0.015625
16,oracle_stable_quality,0.054938877289535115,0.03206514295129768,0.9375,0.53125,1.0,1.0,0.59375,0.921875,1.0,-0.09466462589419755,-0.3049361551289209,0.5625,0.296875
16,oracle_nus_quality,0.061501137834483244,0.05228052991543163,0.9375,0.65625,1.0,1.0,0.71875,0.953125,1.0,-0.08810236534924942,0.13326505951057266,0.5625,0.421875
17,baseline_first,0.13170775752923225,0.09060839910437953,0.40625,0.203125,0.84375,1.0,0.75,0.953125,1.0,0.0,0.0,0.0,0.0
17,oracle_min_ehull,0.06344198663184755,0.03060975642401187,0.828125,0.375,1.0,1.0,0.53125,0.921875,1.0,-0.0682657708973847,-0.6621752869869173,0.421875,0.171875
17,oracle_min_rmsd,0.10704593976422204,0.0057565436681467986,0.5625,0.203125,1.0,1.0,0.546875,0.921875,1.0,-0.02466181776501021,-0.9364678801849777,0.15625,0.0
17,oracle_stable_quality,0.06344198663184755,0.03060975642401187,0.828125,0.375,1.0,1.0,0.53125,0.921875,1.0,-0.0682657708973847,-0.6621752869869173,0.421875,0.171875
17,oracle_nus_quality,0.07495574013645884,0.048833469796194934,0.828125,0.640625,1.0,1.0,0.8125,0.96875,1.0,-0.05675201739277341,-0.4610491932437797,0.421875,0.4375
18,baseline_first,0.1540824248067379,0.04652703285375691,0.390625,0.25,0.84375,1.0,0.796875,0.984375,1.0,0.0,0.0,0.0,0.0
18,oracle_min_ehull,0.061419454431369536,0.017145470053074444,0.859375,0.4375,1.0,1.0,0.53125,0.890625,1.0,-0.09266297037536836,-0.6314944452407736,0.46875,0.1875
18,oracle_min_rmsd,0.10304893344999981,0.006041582031680629,0.625,0.25,1.0,1.0,0.578125,0.859375,1.0,-0.051033491356738084,-0.8701489937974244,0.234375,0.0
18,oracle_stable_quality,0.061419454431369536,0.017145470053074444,0.859375,0.4375,1.0,1.0,0.53125,0.890625,1.0,-0.09266297037536836,-0.6314944452407736,0.46875,0.1875
18,oracle_nus_quality,0.07273685080667706,0.02115576551902201,0.859375,0.625,1.0,1.0,0.75,0.90625,1.0,-0.08134557400006083,-0.54530164032771,0.46875,0.375
19,baseline_first,0.14937149937915145,0.05143219242824279,0.390625,0.171875,0.875,1.0,0.671875,0.953125,1.0,0.0,0.0,0.0,0.0
19,oracle_min_ehull,0.05934354465320761,0.02688725458766528,0.859375,0.4375,1.0,1.0,0.546875,0.921875,1.0,-0.09002795472594384,-0.4772290793324072,0.46875,0.265625
19,oracle_min_rmsd,0.10484393829915349,0.005968521108801779,0.609375,0.265625,1.0,1.0,0.5625,0.921875,1.0,-0.04452756107999796,-0.8839535935177381,0.21875,0.09375
19,oracle_stable_quality,0.05934354465320761,0.02688725458766528,0.859375,0.4375,1.0,1.0,0.546875,0.921875,1.0,-0.09002795472594384,-0.4772290793324072,0.46875,0.265625
19,oracle_nus_quality,0.06445826459655417,0.03911372270968558,0.859375,0.609375,1.0,1.0,0.75,0.9375,1.0,-0.08491323478259728,-0.23950893665953876,0.46875,0.4375
20,baseline_first,0.14675825021338457,0.046378514734353976,0.453125,0.25,0.890625,1.0,0.734375,0.953125,1.0,0.0,0.0,0.0,0.0
20,oracle_min_ehull,0.06075804733642558,0.019928140001044085,0.8125,0.390625,1.0,1.0,0.578125,0.90625,1.0,-0.08600020287695899,-0.5703152609524447,0.359375,0.140625
20,oracle_min_rmsd,0.11216574479314209,0.006327372597286545,0.546875,0.171875,1.0,1.0,0.546875,0.90625,1.0,-0.034592505420242475,-0.8635710385826636,0.09375,-0.078125
20,oracle_stable_quality,0.06075804733642558,0.019928140001044085,0.8125,0.390625,1.0,1.0,0.578125,0.90625,1.0,-0.08600020287695899,-0.5703152609524447,0.359375,0.140625
20,oracle_nus_quality,0.0667999858362861,0.024917217588623558,0.8125,0.546875,1.0,1.0,0.734375,0.9375,1.0,-0.07995826437709846,-0.4627422259780428,0.359375,0.296875
21,baseline_first,0.15186123239945215,0.08936696006136449,0.453125,0.296875,0.890625,1.0,0.765625,0.984375,1.0,0.0,0.0,0.0,0.0
21,oracle_min_ehull,0.06021218277568064,0.026747028641332896,0.890625,0.515625,1.0,1.0,0.609375,0.921875,1.0,-0.09164904962377152,-0.700705622939766,0.4375,0.21875
21,oracle_min_rmsd,0.10752974616324724,0.0052073896575678975,0.53125,0.21875,1.0,1.0,0.5625,0.9375,1.0,-0.044331486236204906,-0.9417302585430656,0.078125,-0.078125
21,oracle_stable_quality,0.06021218277568064,0.026747028641332896,0.890625,0.515625,1.0,1.0,0.609375,0.921875,1.0,-0.09164904962377152,-0.700705622939766,0.4375,0.21875
21,oracle_nus_quality,0.06602192420470765,0.027770728941095675,0.890625,0.65625,1.0,1.0,0.78125,0.9375,1.0,-0.0858393081947445,-0.6892506031085013,0.4375,0.359375
22,baseline_first,0.15330462915956306,0.06833000529763388,0.390625,0.234375,0.8125,1.0,0.75,0.984375,1.0,0.0,0.0,0.0,0.0
22,oracle_min_ehull,0.06209709254598803,0.05186549056299423,0.8125,0.40625,1.0,1.0,0.5625,0.921875,1.0,-0.09120753661357503,-0.24095585333153458,0.421875,0.171875
22,oracle_min_rmsd,0.09293559592741617,0.00818221577075776,0.578125,0.21875,1.0,1.0,0.5625,0.890625,1.0,-0.06036903323214689,-0.8802544250491798,0.1875,-0.015625
22,oracle_stable_quality,0.06209709254598803,0.05186549056299423,0.8125,0.40625,1.0,1.0,0.5625,0.921875,1.0,-0.09120753661357503,-0.24095585333153458,0.421875,0.171875
22,oracle_nus_quality,0.07401419396509776,0.05246767752792189,0.8125,0.625,1.0,1.0,0.828125,0.9375,1.0,-0.0792904351944653,-0.23214293194649094,0.421875,0.390625
23,baseline_first,0.13304685234110405,0.050721755261285875,0.46875,0.28125,0.9375,1.0,0.765625,0.953125,1.0,0.0,0.0,0.0,0.0
23,oracle_min_ehull,0.05996674245513632,0.029118834157850167,0.890625,0.515625,1.0,1.0,0.609375,0.96875,1.0,-0.07308010988596773,-0.42591036118823855,0.421875,0.234375
23,oracle_min_rmsd,0.10434866383976826,0.007623280646203121,0.59375,0.28125,1.0,1.0,0.59375,0.953125,1.0,-0.028698188501335792,-0.8497039267089066,0.125,0.0
23,oracle_stable_quality,0.05996674245513632,0.029118834157850167,0.890625,0.515625,1.0,1.0,0.609375,0.96875,1.0,-0.07308010988596773,-0.42591036118823855,0.421875,0.234375
23,oracle_nus_quality,0.06595110946693955,0.05158882149622114,0.890625,0.65625,1.0,1.0,0.765625,0.96875,1.0,-0.0670957428741645,0.017094562884677256,0.421875,0.375
24,baseline_first,0.13989336898361227,0.048102993021973475,0.375,0.1875,0.84375,1.0,0.703125,0.953125,1.0,0.0,0.0,0.0,0.0
24,oracle_min_ehull,0.05984166978483956,0.05261735512959875,0.828125,0.484375,1.0,1.0,0.640625,0.953125,1.0,-0.0800516991987727,0.09384784239024624,0.453125,0.296875
24,oracle_min_rmsd,0.0961860895851278,0.006840865952309981,0.59375,0.25,1.0,1.0,0.578125,0.9375,1.0,-0.04370727939848447,-0.8577871038256378,0.21875,0.0625
24,oracle_stable_quality,0.05984166978483956,0.05261735512959875,0.828125,0.484375,1.0,1.0,0.640625,0.953125,1.0,-0.0800516991987727,0.09384784239024624,0.453125,0.296875
24,oracle_nus_quality,0.06669762307581115,0.04642044234927416,0.828125,0.640625,1.0,1.0,0.828125,0.953125,1.0,-0.07319574590780112,-0.03497808695460447,0.453125,0.453125
25,baseline_first,0.14862149642695754,0.05791213606257048,0.375,0.203125,0.8125,1.0,0.78125,0.984375,1.0,0.0,0.0,0.0,0.0
25,oracle_min_ehull,0.05992243151597139,0.022690697935047206,0.84375,0.484375,1.0,1.0,0.625,0.96875,1.0,-0.08869906491098616,-0.6081875151258225,0.46875,0.28125
25,oracle_min_rmsd,0.09568845695866823,0.005404565798559498,0.59375,0.25,1.0,1.0,0.5625,0.90625,1.0,-0.05293303946828931,-0.9066764556444576,0.21875,0.046875
25,oracle_stable_quality,0.05992243151597139,0.022690697935047206,0.84375,0.484375,1.0,1.0,0.625,0.96875,1.0,-0.08869906491098616,-0.6081875151258225,0.46875,0.28125
25,oracle_nus_quality,0.06983840081312981,0.027411709199811538,0.84375,0.640625,1.0,1.0,0.8125,0.984375,1.0,-0.07878309561382774,-0.5266672745381921,0.46875,0.4375
26,baseline_first,0.13201129799182731,0.05742211735641155,0.4375,0.328125,0.84375,1.0,0.859375,0.9375,1.0,0.0,0.0,0.0,0.0
26,oracle_min_ehull,0.06047117060637676,0.022852849557389792,0.828125,0.359375,1.0,1.0,0.515625,0.90625,1.0,-0.07154012738545056,-0.6020200819913144,0.390625,0.03125
26,oracle_min_rmsd,0.09283022237344722,0.006116147646879317,0.65625,0.296875,1.0,1.0,0.59375,0.9375,1.0,-0.03918107561838009,-0.8934879463096564,0.21875,-0.03125
26,oracle_stable_quality,0.06047117060637676,0.022852849557389792,0.828125,0.359375,1.0,1.0,0.515625,0.90625,1.0,-0.07154012738545056,-0.6020200819913144,0.390625,0.03125
26,oracle_nus_quality,0.06880828050122101,0.019705379588098492,0.828125,0.546875,1.0,1.0,0.734375,0.953125,1.0,-0.0632030174906063,-0.6568329331050301,0.390625,0.21875
27,baseline_first,0.14097550234049938,0.052838379801288846,0.5,0.265625,0.828125,1.0,0.765625,0.984375,1.0,0.0,0.0,0.0,0.0
27,oracle_min_ehull,0.06428268095998178,0.029517461871770935,0.828125,0.4375,1.0,1.0,0.546875,0.921875,1.0,-0.0766928213805176,-0.44136322910016745,0.328125,0.171875
27,oracle_min_rmsd,0.095428339664161,0.007999503473553934,0.625,0.28125,1.0,1.0,0.578125,0.953125,1.0,-0.045547162676338376,-0.8486043004414983,0.125,0.015625
27,oracle_stable_quality,0.06428268095998178,0.029517461871770935,0.828125,0.4375,1.0,1.0,0.546875,0.921875,1.0,-0.0766928213805176,-0.44136322910016745,0.328125,0.171875
27,oracle_nus_quality,0.07379485818104528,0.050513611311932965,0.828125,0.640625,1.0,1.0,0.8125,0.953125,1.0,-0.0671806441594541,-0.04399772472393593,0.328125,0.375
28,baseline_first,0.11430779558658674,0.05555186599371055,0.5625,0.34375,0.875,1.0,0.71875,0.9375,1.0,0.0,0.0,0.0,0.0
28,oracle_min_ehull,0.05888998661354926,0.0449471655983701,0.921875,0.46875,1.0,1.0,0.546875,0.890625,1.0,-0.05541780897303748,-0.19089728500823155,0.359375,0.125
28,oracle_min_rmsd,0.09312938409983329,0.00784641865385603,0.609375,0.25,1.0,1.0,0.546875,0.90625,1.0,-0.02117841148675345,-0.8587550838572302,0.046875,-0.09375
28,oracle_stable_quality,0.05888998661354926,0.0449471655983701,0.921875,0.46875,1.0,1.0,0.546875,0.890625,1.0,-0.05541780897303748,-0.19089728500823155,0.359375,0.125
28,oracle_nus_quality,0.065659714919194,0.04935881753466084,0.921875,0.65625,1.0,1.0,0.734375,0.953125,1.0,-0.048648080667392735,-0.1114822760364318,0.359375,0.3125
29,baseline_first,0.14142911021464663,0.06925207259552288,0.359375,0.203125,0.828125,1.0,0.78125,0.953125,1.0,0.0,0.0,0.0,0.0
29,oracle_min_ehull,0.05860525628402587,0.01658073303614006,0.890625,0.515625,1.0,1.0,0.609375,0.921875,1.0,-0.08282385393062076,-0.7605741977863635,0.53125,0.3125
29,oracle_min_rmsd,0.10619837937678483,0.005760117824401669,0.640625,0.3125,1.0,1.0,0.578125,0.90625,1.0,-0.035230730837861796,-0.9168238926501955,0.28125,0.109375
29,oracle_stable_quality,0.05860525628402587,0.01658073303614006,0.890625,0.515625,1.0,1.0,0.609375,0.921875,1.0,-0.08282385393062076,-0.7605741977863635,0.53125,0.3125
29,oracle_nus_quality,0.06443878095963607,0.017868284145790572,0.890625,0.59375,1.0,1.0,0.71875,0.953125,1.0,-0.07699032925501056,-0.7419819584295626,0.53125,0.390625
30,baseline_first,0.14409941272929658,0.05073666442257507,0.390625,0.21875,0.8125,1.0,0.765625,0.9375,1.0,0.0,0.0,0.0,0.0
30,oracle_min_ehull,0.057855608730560205,0.05415829651694916,0.84375,0.421875,0.984375,1.0,0.53125,0.90625,1.0,-0.08624380399873638,0.06743904301386516,0.453125,0.203125
30,oracle_min_rmsd,0.09715551227062322,0.006717328103382958,0.65625,0.265625,0.984375,1.0,0.5,0.953125,1.0,-0.04694390045867336,-0.8676040654262225,0.265625,0.046875
30,oracle_stable_quality,0.057855608730560205,0.05415829651694916,0.84375,0.421875,0.984375,1.0,0.53125,0.90625,1.0,-0.08624380399873638,0.06743904301386516,0.453125,0.203125
30,oracle_nus_quality,0.06894188976801635,0.0682897927887439,0.84375,0.5625,0.984375,1.0,0.734375,0.921875,1.0,-0.07515752296128023,0.3459653598820076,0.453125,0.34375
31,baseline_first,0.13723761287673092,0.053880927420549785,0.421875,0.265625,0.859375,1.0,0.796875,0.96875,1.0,0.0,0.0,0.0,0.0
31,oracle_min_ehull,0.057618081691730855,0.028008187138155338,0.890625,0.453125,0.984375,1.0,0.53125,0.921875,1.0,-0.07961953118500006,-0.4801836479252355,0.46875,0.1875
31,oracle_min_rmsd,0.10259416196114637,0.006447854639709383,0.578125,0.203125,0.984375,1.0,0.515625,0.90625,1.0,-0.034643450915584545,-0.880331409491474,0.15625,-0.0625
31,oracle_stable_quality,0.057618081691730855,0.028008187138155338,0.890625,0.453125,0.984375,1.0,0.53125,0.921875,1.0,-0.07961953118500006,-0.4801836479252355,0.46875,0.1875
31,oracle_nus_quality,0.06337351473661397,0.02163045845132886,0.890625,0.59375,0.984375,1.0,0.703125,0.96875,1.0,-0.07386409814011695,-0.5985507398100359,0.46875,0.328125
32,baseline_first,0.13574479245430107,0.050017896393302896,0.4375,0.21875,0.890625,1.0,0.671875,0.9375,1.0,0.0,0.0,0.0,0.0
32,oracle_min_ehull,0.054345924417447886,0.04017750534107016,0.890625,0.4375,1.0,1.0,0.515625,0.953125,1.0,-0.08139886803685319,-0.19673740324573719,0.453125,0.21875
32,oracle_min_rmsd,0.09195643152290509,0.005652624698197379,0.671875,0.25,1.0,1.0,0.5,0.90625,1.0,-0.043788360931395987,-0.8869879561957301,0.234375,0.03125
32,oracle_stable_quality,0.054345924417447886,0.04017750534107016,0.890625,0.4375,1.0,1.0,0.515625,0.953125,1.0,-0.08139886803685319,-0.19673740324573719,0.453125,0.21875
32,oracle_nus_quality,0.06181281733445591,0.03654336795536927,0.890625,0.578125,1.0,1.0,0.6875,0.96875,1.0,-0.07393197511984516,-0.26939414508719295,0.453125,0.359375
33,baseline_first,0.15564131571294054,0.04957731224796532,0.390625,0.21875,0.8125,1.0,0.796875,0.96875,1.0,0.0,0.0,0.0,0.0
33,oracle_min_ehull,0.057993267603241076,0.02039753402787374,0.875,0.515625,1.0,1.0,0.59375,0.921875,1.0,-0.09764804810969946,-0.5885712011604488,0.484375,0.296875
33,oracle_min_rmsd,0.11042275174812465,0.006767033368507603,0.59375,0.25,1.0,1.0,0.609375,0.921875,1.0,-0.0452185639648159,-0.8635054410642173,0.203125,0.03125
33,oracle_stable_quality,0.057993267603241076,0.02039753402787374,0.875,0.515625,1.0,1.0,0.59375,0.921875,1.0,-0.09764804810969946,-0.5885712011604488,0.484375,0.296875
33,oracle_nus_quality,0.06728711875071151,0.027370075961831032,0.875,0.625,1.0,1.0,0.75,0.953125,1.0,-0.08835419696222903,-0.44793142829249855,0.484375,0.40625
34,baseline_first,0.12948935140404466,0.04372721340890135,0.53125,0.328125,0.8125,1.0,0.71875,0.984375,1.0,0.0,0.0,0.0,0.0
34,oracle_min_ehull,0.06775357014320195,0.029134304157837704,0.828125,0.453125,1.0,1.0,0.578125,0.921875,1.0,-0.06173578126084271,-0.3337260281052584,0.296875,0.125
34,oracle_min_rmsd,0.09911482517953171,0.006449292304922351,0.59375,0.234375,1.0,1.0,0.546875,0.9375,1.0,-0.03037452622451295,-0.8525107867127546,0.0625,-0.09375
34,oracle_stable_quality,0.06775357014320195,0.029134304157837704,0.828125,0.453125,1.0,1.0,0.578125,0.921875,1.0,-0.06173578126084271,-0.3337260281052584,0.296875,0.125
34,oracle_nus_quality,0.07321324027341311,0.023045441415920895,0.828125,0.609375,1.0,1.0,0.78125,0.96875,1.0,-0.05627611113063155,-0.47297255829182017,0.296875,0.28125
35,baseline_first,0.1473823289578524,0.0460632903416854,0.40625,0.28125,0.890625,1.0,0.78125,0.96875,1.0,0.0,0.0,0.0,0.0
35,oracle_min_ehull,0.06129260720739853,0.03828901639752936,0.8125,0.453125,0.984375,1.0,0.609375,0.921875,1.0,-0.08608972175045386,-0.16877374339715023,0.40625,0.171875
35,oracle_min_rmsd,0.10551829173975086,0.007668267919907256,0.59375,0.25,0.984375,1.0,0.609375,0.921875,1.0,-0.04186403721810153,-0.833527569067992,0.1875,-0.03125
35,oracle_stable_quality,0.06129260720739853,0.03828901639752936,0.8125,0.453125,0.984375,1.0,0.609375,0.921875,1.0,-0.08608972175045386,-0.16877374339715023,0.40625,0.171875
35,oracle_nus_quality,0.06830800505093863,0.04104856930209213,0.8125,0.609375,0.984375,1.0,0.78125,0.984375,1.0,-0.07907432390691375,-0.10886588870216152,0.40625,0.328125
36,baseline_first,0.15203918390424814,0.044982121812859016,0.421875,0.234375,0.8125,1.0,0.75,0.96875,1.0,0.0,0.0,0.0,0.0
36,oracle_min_ehull,0.057625917717340984,0.03445265989096077,0.859375,0.4375,1.0,1.0,0.578125,0.921875,1.0,-0.09441326618690715,-0.2340810414791994,0.4375,0.203125
36,oracle_min_rmsd,0.09615779528021354,0.008717140446020644,0.578125,0.21875,1.0,1.0,0.546875,0.890625,1.0,-0.055881388624034606,-0.8062087759602155,0.15625,-0.015625
36,oracle_stable_quality,0.057625917717340984,0.03445265989096077,0.859375,0.4375,1.0,1.0,0.578125,0.921875,1.0,-0.09441326618690715,-0.2340810414791994,0.4375,0.203125
36,oracle_nus_quality,0.0646839672406722,0.05400804883433094,0.859375,0.578125,1.0,1.0,0.71875,0.953125,1.0,-0.08735521666357594,0.20065587521688877,0.4375,0.34375
37,baseline_first,0.13740088266829859,0.051245983630681974,0.46875,0.296875,0.796875,1.0,0.78125,0.953125,1.0,0.0,0.0,0.0,0.0
37,oracle_min_ehull,0.05807531621241696,0.014528827459736623,0.859375,0.421875,1.0,1.0,0.546875,0.890625,1.0,-0.07932556645588162,-0.7164884654289682,0.390625,0.125
37,oracle_min_rmsd,0.08772819273615183,0.00522173838994693,0.640625,0.203125,1.0,1.0,0.46875,0.890625,1.0,-0.049672689932146755,-0.8981044362895091,0.171875,-0.09375
37,oracle_stable_quality,0.05807531621241696,0.014528827459736623,0.859375,0.421875,1.0,1.0,0.546875,0.890625,1.0,-0.07932556645588162,-0.7164884654289682,0.390625,0.125
37,oracle_nus_quality,0.06857928011675116,0.04213415471412038,0.859375,0.65625,1.0,1.0,0.796875,0.96875,1.0,-0.06882160255154743,-0.177805718048627,0.390625,0.359375
38,baseline_first,0.14093135969756143,0.06413815995126851,0.40625,0.3125,0.859375,1.0,0.828125,0.96875,1.0,0.0,0.0,0.0,0.0
38,oracle_min_ehull,0.059992083546668934,0.023961439273642963,0.84375,0.4375,1.0,1.0,0.578125,0.90625,1.0,-0.0809392761508925,-0.6264090006347451,0.4375,0.125
38,oracle_min_rmsd,0.10175419484010648,0.006801525561674895,0.578125,0.1875,1.0,1.0,0.5625,0.890625,1.0,-0.039177164857454955,-0.8939550874730017,0.171875,-0.125
38,oracle_stable_quality,0.059992083546668934,0.023961439273642963,0.84375,0.4375,1.0,1.0,0.578125,0.90625,1.0,-0.0809392761508925,-0.6264090006347451,0.4375,0.125
38,oracle_nus_quality,0.06697861446933079,0.03169350187433591,0.84375,0.609375,1.0,1.0,0.78125,0.9375,1.0,-0.07395274522823064,-0.5058557667008798,0.4375,0.296875
39,baseline_first,0.15706618034443898,0.07732554054597239,0.40625,0.203125,0.84375,1.0,0.765625,0.9375,1.0,0.0,0.0,0.0,0.0
39,oracle_min_ehull,0.05704922469679581,0.024316239022900556,0.859375,0.421875,1.0,1.0,0.53125,0.921875,1.0,-0.10001695564764317,-0.6855341863605362,0.453125,0.21875
39,oracle_min_rmsd,0.09632828945164196,0.005538632398369281,0.65625,0.265625,1.0,1.0,0.5625,0.921875,1.0,-0.06073789089279702,-0.9283725356555846,0.25,0.0625
39,oracle_stable_quality,0.05704922469679581,0.024316239022900556,0.859375,0.421875,1.0,1.0,0.53125,0.921875,1.0,-0.10001695564764317,-0.6855341863605362,0.453125,0.21875
39,oracle_nus_quality,0.06625376065204883,0.04443368222711886,0.859375,0.625,1.0,1.0,0.765625,0.96875,1.0,-0.09081241969239015,-0.4253686180091857,0.453125,0.421875
40,baseline_first,0.12202340381376009,0.03858410354785071,0.421875,0.1875,0.875,1.0,0.671875,0.953125,1.0,0.0,0.0,0.0,0.0
40,oracle_min_ehull,0.06605556269754168,0.04319345123316806,0.8125,0.453125,1.0,1.0,0.59375,0.921875,1.0,-0.055967841116218414,0.11946235007380679,0.390625,0.265625
40,oracle_min_rmsd,0.10139908240593139,0.007836395867357446,0.625,0.296875,1.0,1.0,0.59375,0.90625,1.0,-0.020624321407828702,-0.7969009217062926,0.203125,0.109375
40,oracle_stable_quality,0.06605556269754168,0.04319345123316806,0.8125,0.453125,1.0,1.0,0.59375,0.921875,1.0,-0.055967841116218414,0.11946235007380679,0.390625,0.265625
40,oracle_nus_quality,0.08037481076885981,0.0733256601799767,0.8125,0.65625,1.0,1.0,0.859375,0.96875,1.0,-0.041648593044900276,0.9004111392413374,0.390625,0.46875
41,baseline_first,0.15183730107083476,0.057623289115936525,0.390625,0.1875,0.875,1.0,0.703125,0.9375,1.0,0.0,0.0,0.0,0.0
41,oracle_min_ehull,0.05534516911000683,0.011259759211814702,0.84375,0.375,1.0,1.0,0.484375,0.921875,1.0,-0.09649213196082793,-0.8045970755129863,0.453125,0.1875
41,oracle_min_rmsd,0.09061190131576237,0.0053489172064285755,0.625,0.234375,1.0,1.0,0.546875,0.90625,1.0,-0.06122539975507239,-0.9071743857649865,0.234375,0.046875
41,oracle_stable_quality,0.05534516911000683,0.011259759211814702,0.84375,0.375,1.0,1.0,0.484375,0.921875,1.0,-0.09649213196082793,-0.8045970755129863,0.453125,0.1875
41,oracle_nus_quality,0.065278602528545,0.018169112106821234,0.84375,0.5625,1.0,1.0,0.703125,0.96875,1.0,-0.08655869854228976,-0.6846915130050029,0.453125,0.375
42,baseline_first,0.12780530550026653,0.04564293044084092,0.40625,0.21875,0.8125,1.0,0.671875,0.9375,1.0,0.0,0.0,0.0,0.0
42,oracle_min_ehull,0.059424112884432626,0.042087868811494025,0.859375,0.421875,1.0,1.0,0.546875,0.9375,1.0,-0.0683811926158339,-0.0778885491139687,0.453125,0.203125
42,oracle_min_rmsd,0.09311058698899938,0.0044768395689788205,0.640625,0.25,1.0,1.0,0.53125,0.90625,1.0,-0.03469471851126715,-0.9019160355012399,0.234375,0.03125
42,oracle_stable_quality,0.059424112884432626,0.042087868811494025,0.859375,0.421875,1.0,1.0,0.546875,0.9375,1.0,-0.0683811926158339,-0.0778885491139687,0.453125,0.203125
42,oracle_nus_quality,0.06374106535120494,0.04439858986410787,0.859375,0.578125,1.0,1.0,0.734375,0.96875,1.0,-0.06406424014906159,-0.02726250406611974,0.453125,0.359375
43,baseline_first,0.14318131199930223,0.06764360206385553,0.453125,0.21875,0.859375,1.0,0.71875,0.90625,1.0,0.0,0.0,0.0,0.0
43,oracle_min_ehull,0.06253677136479485,0.04951604783818851,0.84375,0.453125,1.0,1.0,0.59375,0.921875,1.0,-0.08064454063450738,-0.2679862348039156,0.390625,0.234375
43,oracle_min_rmsd,0.10093849556062251,0.007423907078751669,0.578125,0.234375,1.0,1.0,0.5625,0.9375,1.0,-0.04224281643867972,-0.8902496784286634,0.125,0.015625
43,oracle_stable_quality,0.06253677136479485,0.04951604783818851,0.84375,0.453125,1.0,1.0,0.59375,0.921875,1.0,-0.08064454063450738,-0.2679862348039156,0.390625,0.234375
43,oracle_nus_quality,0.06699252845313845,0.07840255289364592,0.84375,0.5625,1.0,1.0,0.71875,0.953125,1.0,-0.07618878354616378,0.15905348771394445,0.390625,0.34375
44,baseline_first,0.1376965639718462,0.07141744785444967,0.453125,0.265625,0.875,1.0,0.734375,0.953125,1.0,0.0,0.0,0.0,0.0
44,oracle_min_ehull,0.06520803390267088,0.045504539039900274,0.859375,0.5,1.0,1.0,0.625,0.921875,1.0,-0.07248853006917533,-0.36283722805889784,0.40625,0.234375
44,oracle_min_rmsd,0.09628560223949545,0.010994161564041044,0.640625,0.3125,1.0,1.0,0.609375,0.921875,1.0,-0.04141096173235076,-0.8460577646733136,0.1875,0.046875
44,oracle_stable_quality,0.06520803390267088,0.045504539039900274,0.859375,0.5,1.0,1.0,0.625,0.921875,1.0,-0.07248853006917533,-0.36283722805889784,0.40625,0.234375
44,oracle_nus_quality,0.0711961289449359,0.05231199734581979,0.859375,0.671875,1.0,1.0,0.8125,0.984375,1.0,-0.0665004350269103,-0.2675179677040156,0.40625,0.40625
45,baseline_first,0.14455334890384772,0.11926888845323658,0.375,0.171875,0.875,1.0,0.71875,0.96875,1.0,0.0,0.0,0.0,0.0
45,oracle_min_ehull,0.056791080224968093,0.028484154903826706,0.859375,0.375,1.0,1.0,0.46875,0.90625,1.0,-0.08776226867887962,-0.7611769903012479,0.484375,0.203125
45,oracle_min_rmsd,0.10892058567516383,0.006687608575969273,0.59375,0.203125,1.0,1.0,0.5,0.90625,1.0,-0.03563276322868389,-0.9439283063446057,0.21875,0.03125
45,oracle_stable_quality,0.056791080224968093,0.028484154903826706,0.859375,0.375,1.0,1.0,0.46875,0.90625,1.0,-0.08776226867887962,-0.7611769903012479,0.484375,0.203125
45,oracle_nus_quality,0.06657756069164936,0.04497009031233442,0.859375,0.59375,1.0,1.0,0.734375,0.953125,1.0,-0.07797578821219836,-0.6229520464595721,0.484375,0.421875
46,baseline_first,0.1313910810256959,0.07257929078268226,0.546875,0.265625,0.90625,1.0,0.71875,0.96875,1.0,0.0,0.0,0.0,0.0
46,oracle_min_ehull,0.06288100429389336,0.06140159451499555,0.828125,0.453125,1.0,1.0,0.609375,0.921875,1.0,-0.06851007673180255,-0.15400668905893689,0.28125,0.1875
46,oracle_min_rmsd,0.10932015308527118,0.007647832358458883,0.53125,0.171875,1.0,1.0,0.515625,0.875,1.0,-0.02207092794042473,-0.8946278990055426,-0.015625,-0.09375
46,oracle_stable_quality,0.06288100429389336,0.06140159451499555,0.828125,0.453125,1.0,1.0,0.609375,0.921875,1.0,-0.06851007673180255,-0.15400668905893689,0.28125,0.1875
46,oracle_nus_quality,0.07057543038446686,0.06786997781906051,0.828125,0.609375,1.0,1.0,0.78125,0.96875,1.0,-0.060815650641229055,-0.0648850782755983,0.28125,0.34375
47,baseline_first,0.13390581000287002,0.04159179082137325,0.5,0.25,0.90625,1.0,0.71875,0.9375,1.0,0.0,0.0,0.0,0.0
47,oracle_min_ehull,0.05860287407417792,0.02521297931972321,0.890625,0.46875,1.0,1.0,0.578125,0.9375,1.0,-0.07530293592869211,-0.3937991410851507,0.390625,0.21875
47,oracle_min_rmsd,0.1014047189007438,0.0073986601951867015,0.625,0.25,1.0,1.0,0.5625,0.90625,1.0,-0.03250109110212622,-0.8221124878473695,0.125,0.0
47,oracle_stable_quality,0.05860287407417792,0.02521297931972321,0.890625,0.46875,1.0,1.0,0.578125,0.9375,1.0,-0.07530293592869211,-0.3937991410851507,0.390625,0.21875
47,oracle_nus_quality,0.06360144401815415,0.03207332438481201,0.890625,0.609375,1.0,1.0,0.71875,0.96875,1.0,-0.07030436598471587,-0.2288544505679202,0.390625,0.359375
48,baseline_first,0.14639349011426211,0.08119700397757411,0.40625,0.296875,0.84375,1.0,0.8125,0.984375,1.0,0.0,0.0,0.0,0.0
48,oracle_min_ehull,0.06295619468668888,0.023203362677668253,0.84375,0.46875,1.0,1.0,0.625,0.921875,1.0,-0.08343729542757324,-0.7142337581313121,0.4375,0.171875
48,oracle_min_rmsd,0.10827795041995499,0.005589388669722196,0.5625,0.25,1.0,1.0,0.640625,0.953125,1.0,-0.03811553969430713,-0.9311626242851776,0.15625,-0.046875
48,oracle_stable_quality,0.06295619468668888,0.023203362677668253,0.84375,0.46875,1.0,1.0,0.625,0.921875,1.0,-0.08343729542757324,-0.7142337581313121,0.4375,0.171875
48,oracle_nus_quality,0.06945285875504581,0.04213050586481366,0.84375,0.65625,1.0,1.0,0.8125,0.953125,1.0,-0.0769406313592163,-0.48113226103207296,0.4375,0.359375
49,baseline_first,0.16052432303296238,0.0375912088677014,0.359375,0.21875,0.90625,1.0,0.75,0.953125,1.0,0.0,0.0,0.0,0.0
49,oracle_min_ehull,0.05730549010253051,0.023525858531347043,0.90625,0.4375,1.0,1.0,0.5,0.921875,1.0,-0.10321883293043187,-0.3741659489019358,0.546875,0.21875
49,oracle_min_rmsd,0.09544641606715808,0.005653667840219907,0.640625,0.28125,1.0,1.0,0.546875,0.921875,1.0,-0.0650779069658043,-0.8496013293927992,0.28125,0.0625
49,oracle_stable_quality,0.05730549010253051,0.023525858531347043,0.90625,0.4375,1.0,1.0,0.5,0.921875,1.0,-0.10321883293043187,-0.3741659489019358,0.546875,0.21875
49,oracle_nus_quality,0.06306481214491727,0.015570712833550377,0.90625,0.578125,1.0,1.0,0.671875,0.9375,1.0,-0.09745951088804511,-0.5857884515406252,0.546875,0.359375
50,baseline_first,0.1480978581127263,0.07757228408403205,0.328125,0.203125,0.890625,1.0,0.78125,0.96875,1.0,0.0,0.0,0.0,0.0
50,oracle_min_ehull,0.05753631816529373,0.027203140321666194,0.890625,0.46875,1.0,1.0,0.578125,0.90625,1.0,-0.09056153994743257,-0.6493188173729971,0.5625,0.265625
50,oracle_min_rmsd,0.09019970386722914,0.007377511760892624,0.671875,0.28125,1.0,1.0,0.515625,0.921875,1.0,-0.05789815424549716,-0.9048950040854701,0.34375,0.078125
50,oracle_stable_quality,0.05753631816529373,0.027203140321666194,0.890625,0.46875,1.0,1.0,0.578125,0.90625,1.0,-0.09056153994743257,-0.6493188173729971,0.5625,0.265625
50,oracle_nus_quality,0.06281574139908,0.030504135826039863,0.890625,0.625,1.0,1.0,0.75,0.9375,1.0,-0.0852821167136463,-0.6067650168326162,0.5625,0.421875
51,baseline_first,0.1572533934366388,0.061181732430774155,0.390625,0.203125,0.875,1.0,0.734375,0.953125,1.0,0.0,0.0,0.0,0.0
51,oracle_min_ehull,0.052597950917684246,0.023136257389313297,0.890625,0.46875,0.984375,1.0,0.59375,0.9375,1.0,-0.10465544251895456,-0.6218437028488613,0.5,0.265625
51,oracle_min_rmsd,0.09722952748969291,0.007664602737613767,0.625,0.265625,0.984375,1.0,0.578125,0.953125,1.0,-0.06002386594694589,-0.8747239995813112,0.234375,0.0625
51,oracle_stable_quality,0.052597950917684246,0.023136257389313297,0.890625,0.46875,0.984375,1.0,0.59375,0.9375,1.0,-0.10465544251895456,-0.6218437028488613,0.5,0.265625
51,oracle_nus_quality,0.061890392991400575,0.030323795288832545,0.890625,0.703125,0.984375,1.0,0.8125,0.984375,1.0,-0.09536300044523822,-0.5043652069979665,0.5,0.5
52,baseline_first,0.13632743400155395,0.04919392327375515,0.421875,0.25,0.75,1.0,0.734375,0.96875,1.0,0.0,0.0,0.0,0.0
52,oracle_min_ehull,0.05952819524741575,0.031011978732697825,0.859375,0.46875,1.0,1.0,0.609375,0.921875,1.0,-0.0767992387541382,-0.36959736754229056,0.4375,0.21875
52,oracle_min_rmsd,0.09244099686292516,0.006508708124834982,0.609375,0.28125,1.0,1.0,0.5625,0.953125,1.0,-0.04388643713862879,-0.8676928431055353,0.1875,0.03125
52,oracle_stable_quality,0.05952819524741575,0.031011978732697825,0.859375,0.46875,1.0,1.0,0.609375,0.921875,1.0,-0.0767992387541382,-0.36959736754229056,0.4375,0.21875
52,oracle_nus_quality,0.06750336520587201,0.043145207727113194,0.859375,0.625,1.0,1.0,0.78125,0.96875,1.0,-0.06882406879568194,-0.12295655934945393,0.4375,0.375
53,baseline_first,0.12754813121550349,0.04637856401997299,0.5,0.21875,0.8125,1.0,0.65625,0.96875,1.0,0.0,0.0,0.0,0.0
53,oracle_min_ehull,0.055112176669984546,0.023165057474702624,0.890625,0.421875,1.0,1.0,0.5,0.90625,1.0,-0.07243595454551893,-0.5005223218052512,0.390625,0.203125
53,oracle_min_rmsd,0.09902924453869433,0.004548671003004424,0.625,0.25,1.0,1.0,0.515625,0.90625,1.0,-0.028518886676809158,-0.9019229875024692,0.125,0.03125
53,oracle_stable_quality,0.055112176669984546,0.023165057474702624,0.890625,0.421875,1.0,1.0,0.5,0.90625,1.0,-0.07243595454551893,-0.5005223218052512,0.390625,0.203125
53,oracle_nus_quality,0.06377211127333175,0.020291011758380023,0.890625,0.59375,1.0,1.0,0.703125,0.9375,1.0,-0.06377601994217173,-0.5624915909504729,0.390625,0.375
54,baseline_first,0.13133287690549356,0.08819070904994222,0.40625,0.171875,0.8125,1.0,0.71875,0.9375,1.0,0.0,0.0,0.0,0.0
54,oracle_min_ehull,0.06860780378758108,0.029139529008058045,0.859375,0.453125,1.0,1.0,0.578125,0.90625,1.0,-0.06272507311791248,-0.6695850467473123,0.453125,0.28125
54,oracle_min_rmsd,0.0998355947562195,0.012107132553688345,0.65625,0.265625,1.0,1.0,0.5625,0.90625,1.0,-0.03149728214927405,-0.8627164620387381,0.25,0.09375
54,oracle_stable_quality,0.06860780378758108,0.029139529008058045,0.859375,0.453125,1.0,1.0,0.578125,0.90625,1.0,-0.06272507311791248,-0.6695850467473123,0.453125,0.28125
54,oracle_nus_quality,0.07655891288411287,0.049765769156328785,0.859375,0.59375,1.0,1.0,0.734375,0.9375,1.0,-0.05477396402138068,-0.4357028116403222,0.453125,0.421875
55,baseline_first,0.162113572333633,0.06547402606558095,0.375,0.265625,0.875,1.0,0.796875,0.953125,1.0,0.0,0.0,0.0,0.0
55,oracle_min_ehull,0.06754982985406788,0.028930610350802594,0.8125,0.4375,1.0,1.0,0.578125,0.953125,1.0,-0.09456374247956512,-0.5581360718245012,0.4375,0.171875
55,oracle_min_rmsd,0.10827031242922561,0.008298553546570941,0.515625,0.1875,1.0,1.0,0.5625,0.953125,1.0,-0.05384325990440739,-0.8732542651606786,0.140625,-0.078125
55,oracle_stable_quality,0.06754982985406788,0.028930610350802594,0.8125,0.4375,1.0,1.0,0.578125,0.953125,1.0,-0.09456374247956512,-0.5581360718245012,0.4375,0.171875
55,oracle_nus_quality,0.07561119121853062,0.03802586013607258,0.8125,0.59375,1.0,1.0,0.78125,0.984375,1.0,-0.08650238111510238,-0.4192222103772171,0.4375,0.328125
56,baseline_first,0.1291253901679228,0.07879310172944286,0.453125,0.28125,0.90625,1.0,0.71875,0.90625,1.0,0.0,0.0,0.0,0.0
56,oracle_min_ehull,0.05839083192486235,0.021574610536647255,0.84375,0.46875,1.0,1.0,0.609375,0.9375,1.0,-0.07073455824306044,-0.7261865561438432,0.390625,0.1875
56,oracle_min_rmsd,0.09773779667777116,0.008186695554895415,0.546875,0.21875,1.0,1.0,0.546875,0.9375,1.0,-0.03138759349015163,-0.8960988287654087,0.09375,-0.0625
56,oracle_stable_quality,0.05839083192486235,0.021574610536647255,0.84375,0.46875,1.0,1.0,0.609375,0.9375,1.0,-0.07073455824306044,-0.7261865561438432,0.390625,0.1875
56,oracle_nus_quality,0.06569633591393287,0.04561932985035598,0.84375,0.59375,1.0,1.0,0.75,0.953125,1.0,-0.06342905425398992,-0.42102380983804744,0.390625,0.3125
57,baseline_first,0.1396142364826608,0.0813350504262679,0.4375,0.203125,0.828125,1.0,0.6875,0.9375,1.0,0.0,0.0,0.0,0.0
57,oracle_min_ehull,0.058771336890668616,0.014811630361916597,0.875,0.421875,1.0,1.0,0.546875,0.9375,1.0,-0.08084289959199219,-0.8178936352250291,0.4375,0.21875
57,oracle_min_rmsd,0.09337707598761502,0.005743393127480418,0.609375,0.25,1.0,1.0,0.5625,0.921875,1.0,-0.04623716049504578,-0.9293860015161983,0.171875,0.046875
57,oracle_stable_quality,0.058771336890668616,0.014811630361916597,0.875,0.421875,1.0,1.0,0.546875,0.9375,1.0,-0.08084289959199219,-0.8178936352250291,0.4375,0.21875
57,oracle_nus_quality,0.06198400318183034,0.017439676457024732,0.875,0.5625,1.0,1.0,0.6875,0.96875,1.0,-0.07763023330083046,-0.7855822752229779,0.4375,0.359375
58,baseline_first,0.16331939023721465,0.07777750747225814,0.390625,0.15625,0.921875,1.0,0.6875,0.9375,1.0,0.0,0.0,0.0,0.0
58,oracle_min_ehull,0.05980377176642822,0.02420189689677915,0.8125,0.390625,1.0,1.0,0.53125,0.953125,1.0,-0.10351561847078643,-0.688831672763343,0.421875,0.234375
58,oracle_min_rmsd,0.09901326069099337,0.004987687590497181,0.546875,0.15625,1.0,1.0,0.5,0.90625,1.0,-0.06430612954622128,-0.9358723652557752,0.15625,0.0
58,oracle_stable_quality,0.05980377176642822,0.02420189689677915,0.8125,0.390625,1.0,1.0,0.53125,0.953125,1.0,-0.10351561847078643,-0.688831672763343,0.421875,0.234375
58,oracle_nus_quality,0.06968700757101108,0.0645347614456623,0.8125,0.578125,1.0,1.0,0.75,0.984375,1.0,-0.09363238266620356,-0.1702644692145644,0.421875,0.421875
59,baseline_first,0.13803108494075758,0.03967248489274812,0.40625,0.25,0.796875,1.0,0.765625,0.921875,1.0,0.0,0.0,0.0,0.0
59,oracle_min_ehull,0.0638399124073919,0.01364615579191213,0.828125,0.4375,1.0,1.0,0.609375,0.953125,1.0,-0.07419117253336568,-0.6560297186121921,0.421875,0.1875
59,oracle_min_rmsd,0.10157284747089751,0.005507975483195709,0.59375,0.234375,1.0,1.0,0.5625,0.9375,1.0,-0.03645823746986007,-0.8611638394195336,0.1875,-0.015625
59,oracle_stable_quality,0.0638399124073919,0.01364615579191213,0.828125,0.4375,1.0,1.0,0.609375,0.953125,1.0,-0.07419117253336568,-0.6560297186121921,0.421875,0.1875
59,oracle_nus_quality,0.0684133265839398,0.01742835244583837,0.828125,0.546875,1.0,1.0,0.734375,0.953125,1.0,-0.06961775835681779,-0.5606942067542595,0.421875,0.296875
60,baseline_first,0.13641985200051543,0.06702695866933545,0.453125,0.234375,0.875,1.0,0.75,0.9375,1.0,0.0,0.0,0.0,0.0
60,oracle_min_ehull,0.05667879375609452,0.017899191091418673,0.859375,0.390625,1.0,1.0,0.484375,0.921875,1.0,-0.0797410582444209,-0.7329553444350523,0.40625,0.15625
60,oracle_min_rmsd,0.08738637771273841,0.0052096035998094375,0.6875,0.265625,1.0,1.0,0.484375,0.90625,1.0,-0.04903347428777702,-0.9222759960583918,0.234375,0.03125
60,oracle_stable_quality,0.05667879375609452,0.017899191091418673,0.859375,0.390625,1.0,1.0,0.484375,0.921875,1.0,-0.0797410582444209,-0.7329553444350523,0.40625,0.15625
60,oracle_nus_quality,0.07087126626603141,0.027644144586688183,0.859375,0.625,1.0,1.0,0.75,0.953125,1.0,-0.06554858573448402,-0.5875667770774856,0.40625,0.390625
61,baseline_first,0.13810859785571733,0.0585349811575606,0.421875,0.203125,0.875,1.0,0.71875,0.96875,1.0,0.0,0.0,0.0,0.0
61,oracle_min_ehull,0.05617444506476313,0.04128980955653906,0.875,0.46875,1.0,1.0,0.5625,0.90625,1.0,-0.0819341527909542,-0.2946130887887728,0.453125,0.265625
61,oracle_min_rmsd,0.1000232096491748,0.005995495362574451,0.625,0.296875,1.0,1.0,0.578125,0.90625,1.0,-0.03808538820654253,-0.8975741472191445,0.203125,0.09375
61,oracle_stable_quality,0.05617444506476313,0.04128980955653906,0.875,0.46875,1.0,1.0,0.5625,0.90625,1.0,-0.0819341527909542,-0.2946130887887728,0.453125,0.265625
61,oracle_nus_quality,0.06420301784530971,0.046026424364206855,0.875,0.640625,1.0,1.0,0.765625,0.953125,1.0,-0.07390558001040762,-0.21369370154376643,0.453125,0.4375
62,baseline_first,0.14066053764819741,0.053786122688899214,0.4375,0.203125,0.859375,1.0,0.6875,0.9375,1.0,0.0,0.0,0.0,0.0
62,oracle_min_ehull,0.06391360119953592,0.043370440204863234,0.84375,0.4375,1.0,1.0,0.5625,0.9375,1.0,-0.0767469364486615,-0.19364999675252015,0.40625,0.234375
62,oracle_min_rmsd,0.10025510170086924,0.006096277691934047,0.625,0.234375,1.0,1.0,0.53125,0.90625,1.0,-0.04040543594732818,-0.8866570522810293,0.1875,0.03125
62,oracle_stable_quality,0.06391360119953592,0.043370440204863234,0.84375,0.4375,1.0,1.0,0.5625,0.9375,1.0,-0.0767469364486615,-0.19364999675252015,0.40625,0.234375
62,oracle_nus_quality,0.07048907330553672,0.04673710505134679,0.84375,0.609375,1.0,1.0,0.765625,0.96875,1.0,-0.0701714643426607,-0.1310564377046508,0.40625,0.40625
63,baseline_first,0.14960558427858217,0.06204057655629994,0.40625,0.171875,0.8125,1.0,0.6875,0.953125,1.0,0.0,0.0,0.0,0.0
63,oracle_min_ehull,0.05591747748634497,0.0164102362580599,0.84375,0.46875,1.0,1.0,0.609375,0.921875,1.0,-0.0936881067922372,-0.7354918801702606,0.4375,0.296875
63,oracle_min_rmsd,0.09818388782080913,0.006018830041561387,0.578125,0.265625,1.0,1.0,0.59375,0.921875,1.0,-0.051421696457773045,-0.9029855882125872,0.171875,0.09375
63,oracle_stable_quality,0.05591747748634497,0.0164102362580599,0.84375,0.46875,1.0,1.0,0.609375,0.921875,1.0,-0.0936881067922372,-0.7354918801702606,0.4375,0.296875
63,oracle_nus_quality,0.0667791203266247,0.02041418128130132,0.84375,0.59375,1.0,1.0,0.765625,0.953125,1.0,-0.08282646395195747,-0.6709543589947771,0.4375,0.421875
64,baseline_first,0.14598511919036564,0.06239681443419069,0.46875,0.234375,0.765625,1.0,0.703125,0.96875,1.0,0.0,0.0,0.0,0.0
64,oracle_min_ehull,0.05820289082557374,0.030688784366523513,0.859375,0.46875,1.0,1.0,0.59375,0.921875,1.0,-0.0877822283647919,-0.5081674498160371,0.390625,0.234375
64,oracle_min_rmsd,0.10703502883039714,0.011592065708054494,0.578125,0.171875,1.0,1.0,0.515625,0.90625,1.0,-0.03895009035996849,-0.8142202320235349,0.109375,-0.0625
64,oracle_stable_quality,0.05820289082557374,0.030688784366523513,0.859375,0.46875,1.0,1.0,0.59375,0.921875,1.0,-0.0877822283647919,-0.5081674498160371,0.390625,0.234375
64,oracle_nus_quality,0.065950344257954,0.02424110366451252,0.859375,0.59375,1.0,1.0,0.734375,0.9375,1.0,-0.08003477493241164,-0.6115009414450256,0.390625,0.359375
65,baseline_first,0.12353400828205366,0.06154230314899175,0.46875,0.203125,0.921875,1.0,0.640625,0.9375,1.0,0.0,0.0,0.0,0.0
65,oracle_min_ehull,0.05713034072904839,0.028601729176164437,0.890625,0.484375,1.0,1.0,0.59375,0.9375,1.0,-0.06640366755300527,-0.5352509133933343,0.421875,0.28125
65,oracle_min_rmsd,0.11031239581397437,0.0059544195143582425,0.515625,0.171875,1.0,1.0,0.515625,0.890625,1.0,-0.013221612468079291,-0.9032467228283153,0.046875,-0.03125
65,oracle_stable_quality,0.05713034072904839,0.028601729176164437,0.890625,0.484375,1.0,1.0,0.59375,0.9375,1.0,-0.06640366755300527,-0.5352509133933343,0.421875,0.28125
65,oracle_nus_quality,0.06528723319231419,0.02379500988002855,0.890625,0.625,1.0,1.0,0.734375,0.953125,1.0,-0.058246775089739466,-0.6133552262023463,0.421875,0.421875
66,baseline_first,0.13663529025907573,0.073423018369221,0.46875,0.28125,0.8125,1.0,0.75,0.96875,1.0,0.0,0.0,0.0,0.0
66,oracle_min_ehull,0.06739389964608973,0.046076666487877616,0.84375,0.46875,1.0,1.0,0.640625,0.9375,1.0,-0.069241390612986,-0.372449301169114,0.375,0.1875
66,oracle_min_rmsd,0.10563723412485011,0.007021532301195576,0.59375,0.25,1.0,1.0,0.5625,0.921875,1.0,-0.030998056134225613,-0.9043687871031598,0.125,-0.03125
66,oracle_stable_quality,0.06739389964608973,0.046076666487877616,0.84375,0.46875,1.0,1.0,0.640625,0.9375,1.0,-0.069241390612986,-0.372449301169114,0.375,0.1875
66,oracle_nus_quality,0.0722379659981808,0.04970877128478596,0.84375,0.609375,1.0,1.0,0.765625,0.953125,1.0,-0.06439732426089492,-0.3229810979056137,0.375,0.328125
67,baseline_first,0.1590337409500837,0.06832364666475188,0.390625,0.234375,0.78125,1.0,0.75,0.96875,1.0,0.0,0.0,0.0,0.0
67,oracle_min_ehull,0.06439592763051935,0.023355151424644227,0.828125,0.46875,1.0,1.0,0.609375,0.953125,1.0,-0.09463781331956436,-0.6581688395638119,0.4375,0.234375
67,oracle_min_rmsd,0.10753740909938195,0.007515823695213267,0.578125,0.21875,1.0,1.0,0.546875,0.953125,1.0,-0.051496331850701765,-0.8899967425320306,0.1875,-0.015625
67,oracle_stable_quality,0.06439592763051935,0.023355151424644227,0.828125,0.46875,1.0,1.0,0.609375,0.953125,1.0,-0.09463781331956436,-0.6581688395638119,0.4375,0.234375
67,oracle_nus_quality,0.0702726266690187,0.04353923838007528,0.828125,0.625,1.0,1.0,0.796875,0.984375,1.0,-0.088761114281065,-0.36275007987041274,0.4375,0.390625
68,baseline_first,0.13855158727504152,0.07534721591434478,0.421875,0.21875,0.84375,1.0,0.71875,0.984375,1.0,0.0,0.0,0.0,0.0
68,oracle_min_ehull,0.056602603203825506,0.011567336343394522,0.875,0.53125,1.0,1.0,0.640625,0.953125,1.0,-0.08194898407121601,-0.8464795785348679,0.453125,0.3125
68,oracle_min_rmsd,0.09844355845167996,0.004802123444731461,0.640625,0.28125,1.0,1.0,0.5625,0.90625,1.0,-0.04010802882336156,-0.9362667434163653,0.21875,0.0625
68,oracle_stable_quality,0.056602603203825506,0.011567336343394522,0.875,0.53125,1.0,1.0,0.640625,0.953125,1.0,-0.08194898407121601,-0.8464795785348679,0.453125,0.3125
68,oracle_nus_quality,0.06186490881743572,0.033729358827070205,0.875,0.640625,1.0,1.0,0.765625,0.96875,1.0,-0.0766866784576058,-0.5523476426068089,0.453125,0.421875
69,baseline_first,0.14282650507123096,0.03960260485125065,0.40625,0.265625,0.859375,1.0,0.859375,0.953125,1.0,0.0,0.0,0.0,0.0
69,oracle_min_ehull,0.05817264393084143,0.04182272790873505,0.890625,0.46875,1.0,1.0,0.5625,0.9375,1.0,-0.08465386114038953,0.05606002599635285,0.484375,0.203125
69,oracle_min_rmsd,0.10404636741869219,0.005913470643544571,0.578125,0.21875,1.0,1.0,0.5,0.9375,1.0,-0.038780137652538765,-0.8506797553909431,0.171875,-0.046875
69,oracle_stable_quality,0.05817264393084143,0.04182272790873505,0.890625,0.46875,1.0,1.0,0.5625,0.9375,1.0,-0.08465386114038953,0.05606002599635285,0.484375,0.203125
69,oracle_nus_quality,0.06435114820381835,0.03755076718686791,0.890625,0.65625,1.0,1.0,0.78125,0.953125,1.0,-0.07847535686741261,-0.0518106743758282,0.484375,0.390625
70,baseline_first,0.1340284542321607,0.04262060139963434,0.359375,0.203125,0.859375,1.0,0.71875,0.96875,1.0,0.0,0.0,0.0,0.0
70,oracle_min_ehull,0.06013604884223135,0.014735494218282215,0.859375,0.453125,1.0,1.0,0.578125,0.921875,1.0,-0.07389240538992935,-0.654263578307728,0.5,0.25
70,oracle_min_rmsd,0.09499220382073001,0.006745797747097992,0.625,0.171875,1.0,1.0,0.5,0.890625,1.0,-0.03903625041143069,-0.8417244823965373,0.265625,-0.03125
70,oracle_stable_quality,0.06013604884223135,0.014735494218282215,0.859375,0.453125,1.0,1.0,0.578125,0.921875,1.0,-0.07389240538992935,-0.654263578307728,0.5,0.25
70,oracle_nus_quality,0.06839873276910902,0.017685776881581447,0.859375,0.640625,1.0,1.0,0.796875,0.953125,1.0,-0.06562972146305168,-0.5850415925446519,0.5,0.4375
71,baseline_first,0.157240146058151,0.05115767174879563,0.375,0.203125,0.8125,1.0,0.75,0.9375,1.0,0.0,0.0,0.0,0.0
71,oracle_min_ehull,0.053534026443803215,0.0229497723641702,0.90625,0.5,1.0,1.0,0.578125,0.921875,1.0,-0.1037061196143478,-0.5513913831563202,0.53125,0.296875
71,oracle_min_rmsd,0.09453622657114827,0.004382166621786718,0.625,0.21875,1.0,1.0,0.46875,0.90625,1.0,-0.06270391948700274,-0.9143399910123962,0.25,0.015625
71,oracle_stable_quality,0.053534026443803215,0.0229497723641702,0.90625,0.5,1.0,1.0,0.578125,0.921875,1.0,-0.1037061196143478,-0.5513913831563202,0.53125,0.296875
71,oracle_nus_quality,0.05861233350485834,0.05190877563394469,0.90625,0.625,1.0,1.0,0.71875,0.953125,1.0,-0.09862781255329267,0.014682135825830445,0.53125,0.421875
72,baseline_first,0.14197179612086588,0.0626014928964364,0.375,0.21875,0.84375,1.0,0.703125,0.953125,1.0,0.0,0.0,0.0,0.0
72,oracle_min_ehull,0.0584148562545937,0.02678178215592245,0.84375,0.46875,1.0,1.0,0.546875,0.9375,1.0,-0.08355693986627219,-0.5721862064818743,0.46875,0.25
72,oracle_min_rmsd,0.09826045445087254,0.008669277723304376,0.546875,0.171875,1.0,1.0,0.453125,0.90625,1.0,-0.04371134166999334,-0.861516437992202,0.171875,-0.046875
72,oracle_stable_quality,0.0584148562545937,0.02678178215592245,0.84375,0.46875,1.0,1.0,0.546875,0.9375,1.0,-0.08355693986627219,-0.5721862064818743,0.46875,0.25
72,oracle_nus_quality,0.07037024705959483,0.06692522233075865,0.84375,0.609375,1.0,1.0,0.75,0.96875,1.0,-0.07160154906127106,0.06906751315779514,0.46875,0.390625
73,baseline_first,0.13220480377599236,0.04534306355143821,0.390625,0.21875,0.796875,1.0,0.78125,0.96875,1.0,0.0,0.0,0.0,0.0
73,oracle_min_ehull,0.054895621966055706,0.029570134015241004,0.875,0.5,1.0,1.0,0.609375,0.9375,1.0,-0.07730918180993665,-0.34785760601076354,0.484375,0.28125
73,oracle_min_rmsd,0.09222898307249357,0.005453270050470172,0.640625,0.28125,1.0,1.0,0.59375,0.921875,1.0,-0.039975820703498796,-0.8797330920465076,0.25,0.0625
73,oracle_stable_quality,0.054895621966055706,0.029570134015241004,0.875,0.5,1.0,1.0,0.609375,0.9375,1.0,-0.07730918180993665,-0.34785760601076354,0.484375,0.28125
73,oracle_nus_quality,0.06076171546211087,0.03887809321013734,0.875,0.625,1.0,1.0,0.75,0.953125,1.0,-0.07144308831388149,-0.14257903712145215,0.484375,0.40625
74,baseline_first,0.12751567790445478,0.050559164968553616,0.46875,0.265625,0.921875,1.0,0.6875,0.921875,1.0,0.0,0.0,0.0,0.0
74,oracle_min_ehull,0.0525026584035516,0.02323084013093292,0.875,0.453125,1.0,1.0,0.5625,0.90625,1.0,-0.07501301950090318,-0.5405216809774874,0.40625,0.1875
74,oracle_min_rmsd,0.09759315851856244,0.006461662774125242,0.578125,0.21875,1.0,1.0,0.546875,0.90625,1.0,-0.02992251938589234,-0.8721960147454133,0.109375,-0.046875
74,oracle_stable_quality,0.0525026584035516,0.02323084013093292,0.875,0.453125,1.0,1.0,0.5625,0.90625,1.0,-0.07501301950090318,-0.5405216809774874,0.40625,0.1875
74,oracle_nus_quality,0.058097537587877404,0.020071126441288393,0.875,0.609375,1.0,1.0,0.734375,0.984375,1.0,-0.06941814031657738,-0.6030170503454305,0.40625,0.34375
75,baseline_first,0.1629741415147071,0.07371184362267422,0.359375,0.1875,0.828125,1.0,0.75,0.984375,1.0,0.0,0.0,0.0,0.0
75,oracle_min_ehull,0.06096594181317784,0.03489724260012812,0.890625,0.46875,1.0,1.0,0.578125,0.921875,1.0,-0.10200819970152926,-0.5265721099208335,0.53125,0.28125
75,oracle_min_rmsd,0.09923668907181646,0.015306989652247648,0.59375,0.25,1.0,1.0,0.609375,0.90625,1.0,-0.06373745244289064,-0.7923401600073516,0.234375,0.0625
75,oracle_stable_quality,0.06096594181317784,0.03489724260012812,0.890625,0.46875,1.0,1.0,0.578125,0.921875,1.0,-0.10200819970152926,-0.5265721099208335,0.53125,0.28125
75,oracle_nus_quality,0.06625580652679726,0.027911707598888957,0.890625,0.625,1.0,1.0,0.75,0.9375,1.0,-0.09671833498790984,-0.6213402592157775,0.53125,0.4375
76,baseline_first,0.14465534529977228,0.07239321964606377,0.40625,0.203125,0.84375,1.0,0.71875,0.96875,1.0,0.0,0.0,0.0,0.0
76,oracle_min_ehull,0.058735966500943544,0.023359043085295662,0.890625,0.4375,1.0,1.0,0.5,0.921875,1.0,-0.08591937879882874,-0.6773310649878553,0.484375,0.234375
76,oracle_min_rmsd,0.09702708700091112,0.0040325720298291165,0.640625,0.25,1.0,1.0,0.5,0.9375,1.0,-0.047628258298861165,-0.9442962745745432,0.234375,0.046875
76,oracle_stable_quality,0.058735966500943544,0.023359043085295662,0.890625,0.4375,1.0,1.0,0.5,0.921875,1.0,-0.08591937879882874,-0.6773310649878553,0.484375,0.234375
76,oracle_nus_quality,0.06813870568111213,0.045578514039436975,0.890625,0.625,1.0,1.0,0.734375,0.96875,1.0,-0.07651663961866015,-0.37040355074309483,0.484375,0.421875
77,baseline_first,0.1385787422111047,0.04846053922864549,0.421875,0.25,0.859375,1.0,0.765625,0.96875,1.0,0.0,0.0,0.0,0.0
77,oracle_min_ehull,0.05979940719678269,0.022081162014014534,0.84375,0.390625,1.0,1.0,0.515625,0.921875,1.0,-0.078779335014322,-0.5443475791750549,0.421875,0.140625
77,oracle_min_rmsd,0.09439373946314338,0.006008336870134895,0.625,0.21875,1.0,1.0,0.5,0.90625,1.0,-0.04418500274796132,-0.8760158890971789,0.203125,-0.03125
77,oracle_stable_quality,0.05979940719678269,0.022081162014014534,0.84375,0.390625,1.0,1.0,0.515625,0.921875,1.0,-0.078779335014322,-0.5443475791750549,0.421875,0.140625
77,oracle_nus_quality,0.07037617405751939,0.037858320541731015,0.84375,0.609375,1.0,1.0,0.765625,0.984375,1.0,-0.0682025681535853,-0.2187804522127026,0.421875,0.359375
78,baseline_first,0.1407811309093698,0.06326669813333449,0.40625,0.203125,0.859375,1.0,0.703125,0.9375,1.0,0.0,0.0,0.0,0.0
78,oracle_min_ehull,0.05720797120637522,0.02462506228248216,0.875,0.5,1.0,1.0,0.59375,0.921875,1.0,-0.08357315970299459,-0.6107737086170537,0.46875,0.296875
78,oracle_min_rmsd,0.09922027150153143,0.007188883778871953,0.625,0.328125,1.0,1.0,0.578125,0.953125,1.0,-0.04156085940783838,-0.886371756532617,0.21875,0.125
78,oracle_stable_quality,0.05720797120637522,0.02462506228248216,0.875,0.5,1.0,1.0,0.59375,0.921875,1.0,-0.08357315970299459,-0.6107737086170537,0.46875,0.296875
78,oracle_nus_quality,0.06549279558351594,0.03090435714829884,0.875,0.578125,1.0,1.0,0.71875,0.9375,1.0,-0.07528833532585387,-0.5115225219566866,0.46875,0.375
79,baseline_first,0.12252062058201733,0.06268430088674598,0.53125,0.328125,0.828125,1.0,0.71875,0.921875,1.0,0.0,0.0,0.0,0.0
79,oracle_min_ehull,0.05792647998159528,0.03166543150729958,0.84375,0.4375,1.0,1.0,0.546875,0.890625,1.0,-0.06459414060042205,-0.49484271086454845,0.3125,0.109375
79,oracle_min_rmsd,0.08483586199635046,0.004912391292908245,0.671875,0.3125,1.0,1.0,0.578125,0.890625,1.0,-0.037684758585666875,-0.921632829537596,0.140625,-0.015625
79,oracle_stable_quality,0.05792647998159528,0.03166543150729958,0.84375,0.4375,1.0,1.0,0.546875,0.890625,1.0,-0.06459414060042205,-0.49484271086454845,0.3125,0.109375
79,oracle_nus_quality,0.06866353993044436,0.04385146710777507,0.84375,0.609375,1.0,1.0,0.78125,0.953125,1.0,-0.05385708065157298,-0.3004394004967349,0.3125,0.28125
80,baseline_first,0.14100017347363356,0.05019339357768564,0.4375,0.25,0.828125,1.0,0.75,0.96875,1.0,0.0,0.0,0.0,0.0
80,oracle_min_ehull,0.0549497154186771,0.02382965534346885,0.875,0.46875,1.0,1.0,0.59375,0.9375,1.0,-0.08605045805495645,-0.5252431914852088,0.4375,0.21875
80,oracle_min_rmsd,0.09373664136697532,0.006531772209811427,0.640625,0.21875,1.0,1.0,0.546875,0.890625,1.0,-0.047263532106658235,-0.8698678900899173,0.203125,-0.03125
80,oracle_stable_quality,0.0549497154186771,0.02382965534346885,0.875,0.46875,1.0,1.0,0.59375,0.9375,1.0,-0.08605045805495645,-0.5252431914852088,0.4375,0.21875
80,oracle_nus_quality,0.05923308939519354,0.027588839372062534,0.875,0.640625,1.0,1.0,0.78125,0.96875,1.0,-0.08176708407844002,-0.4503491912862485,0.4375,0.390625
81,baseline_first,0.14465428937370894,0.061648935721248674,0.390625,0.265625,0.90625,1.0,0.828125,0.953125,1.0,0.0,0.0,0.0,0.0
81,oracle_min_ehull,0.05867933427051525,0.043387639547707885,0.875,0.5,1.0,1.0,0.625,0.90625,1.0,-0.0859749551031937,-0.29621429729315873,0.484375,0.234375
81,oracle_min_rmsd,0.09115974154346394,0.006707986851008739,0.65625,0.25,1.0,1.0,0.5,0.921875,1.0,-0.053494547830245,-0.8911905489927755,0.265625,-0.015625
81,oracle_stable_quality,0.05867933427051525,0.043387639547707885,0.875,0.5,1.0,1.0,0.625,0.90625,1.0,-0.0859749551031937,-0.29621429729315873,0.484375,0.234375
81,oracle_nus_quality,0.06563854326161399,0.0363237138737989,0.875,0.671875,1.0,1.0,0.796875,0.96875,1.0,-0.07901574611209496,-0.41079738930060505,0.484375,0.40625
82,baseline_first,0.1410149932532009,0.08179957884924427,0.328125,0.21875,0.828125,1.0,0.8125,0.953125,1.0,0.0,0.0,0.0,0.0
82,oracle_min_ehull,0.054071143486255455,0.02258634207639068,0.921875,0.484375,1.0,1.0,0.5625,0.890625,1.0,-0.08694384976694546,-0.7238819270938172,0.59375,0.265625
82,oracle_min_rmsd,0.08386929053593345,0.006593801866659707,0.734375,0.328125,1.0,1.0,0.53125,0.921875,1.0,-0.05714570271726746,-0.9193907602041325,0.40625,0.109375
82,oracle_stable_quality,0.054071143486255455,0.02258634207639068,0.921875,0.484375,1.0,1.0,0.5625,0.890625,1.0,-0.08694384976694546,-0.7238819270938172,0.59375,0.265625
82,oracle_nus_quality,0.0587779547205438,0.02474780874311669,0.921875,0.625,1.0,1.0,0.703125,0.921875,1.0,-0.08223703853265711,-0.697457993167341,0.59375,0.40625
83,baseline_first,0.1380657297089855,0.03468832565226152,0.46875,0.3125,0.859375,1.0,0.734375,0.953125,1.0,0.0,0.0,0.0,0.0
83,oracle_min_ehull,0.06171467823751746,0.02318245960828351,0.859375,0.40625,1.0,1.0,0.546875,0.953125,1.0,-0.07635105147146805,-0.33169274756355616,0.390625,0.09375
83,oracle_min_rmsd,0.09653493877310843,0.005932870499380755,0.609375,0.203125,1.0,1.0,0.5,0.90625,1.0,-0.04153079093587708,-0.8289663629528928,0.140625,-0.109375
83,oracle_stable_quality,0.06171467823751746,0.02318245960828351,0.859375,0.40625,1.0,1.0,0.546875,0.953125,1.0,-0.07635105147146805,-0.33169274756355616,0.390625,0.09375
83,oracle_nus_quality,0.07001554877669056,0.03729530755315217,0.859375,0.640625,1.0,1.0,0.78125,0.96875,1.0,-0.06805018093229495,0.07515444611033528,0.390625,0.328125
84,baseline_first,0.13775203165456185,0.06396487160978939,0.46875,0.296875,0.890625,1.0,0.734375,0.953125,1.0,0.0,0.0,0.0,0.0
84,oracle_min_ehull,0.06215795886809206,0.04311674049762913,0.828125,0.46875,1.0,1.0,0.5625,0.921875,1.0,-0.07559407278646979,-0.32593094596268357,0.359375,0.171875
84,oracle_min_rmsd,0.10175011922852431,0.006876429244680928,0.59375,0.21875,1.0,1.0,0.546875,0.921875,1.0,-0.036001912426037536,-0.8924967865701378,0.125,-0.078125
84,oracle_stable_quality,0.06215795886809206,0.04311674049762913,0.828125,0.46875,1.0,1.0,0.5625,0.921875,1.0,-0.07559407278646979,-0.32593094596268357,0.359375,0.171875
84,oracle_nus_quality,0.07199787739429112,0.04856527047715799,0.828125,0.5625,1.0,1.0,0.734375,0.96875,1.0,-0.06575415426027073,-0.24075091132168547,0.359375,0.265625
85,baseline_first,0.17057321177008888,0.08046027728530468,0.328125,0.234375,0.8125,1.0,0.84375,0.984375,1.0,0.0,0.0,0.0,0.0
85,oracle_min_ehull,0.05526792778036527,0.05775861297740896,0.9375,0.4375,1.0,1.0,0.5,0.921875,1.0,-0.11530528398972362,-0.2821474779088534,0.609375,0.203125
85,oracle_min_rmsd,0.09210464669238025,0.005129143479115618,0.640625,0.28125,1.0,1.0,0.53125,0.890625,1.0,-0.07846856507770864,-0.9362524757287605,0.3125,0.046875
85,oracle_stable_quality,0.05526792778036527,0.05775861297740896,0.9375,0.4375,1.0,1.0,0.5,0.921875,1.0,-0.11530528398972362,-0.2821474779088534,0.609375,0.203125
85,oracle_nus_quality,0.06267525767124649,0.06038128934985135,0.9375,0.640625,1.0,1.0,0.71875,0.9375,1.0,-0.1078979540988424,-0.24955156274511836,0.609375,0.40625
86,baseline_first,0.14964944758111487,0.07032173985347502,0.359375,0.171875,0.8125,1.0,0.703125,0.953125,1.0,0.0,0.0,0.0,0.0
86,oracle_min_ehull,0.05893887273141463,0.02956204808909412,0.828125,0.4375,1.0,1.0,0.609375,0.9375,1.0,-0.09071057484970024,-0.5796172257584824,0.46875,0.265625
86,oracle_min_rmsd,0.08659414456313659,0.005502940011505,0.703125,0.296875,1.0,1.0,0.484375,0.90625,1.0,-0.06305530301797828,-0.921746247704179,0.34375,0.125
86,oracle_stable_quality,0.05893887273141463,0.02956204808909412,0.828125,0.4375,1.0,1.0,0.609375,0.9375,1.0,-0.09071057484970024,-0.5796172257584824,0.46875,0.265625
86,oracle_nus_quality,0.06307803024150928,0.03290138463680926,0.828125,0.5625,1.0,1.0,0.734375,0.96875,1.0,-0.08657141733960559,-0.532130679568455,0.46875,0.390625
87,baseline_first,0.14866050606536377,0.06852997051435276,0.34375,0.203125,0.921875,1.0,0.78125,0.921875,1.0,0.0,0.0,0.0,0.0
87,oracle_min_ehull,0.06141697537094977,0.022029046206490238,0.84375,0.515625,1.0,1.0,0.671875,0.90625,1.0,-0.087243530694414,-0.6785487277879898,0.5,0.3125
87,oracle_min_rmsd,0.09671691695567329,0.005079061822407183,0.625,0.234375,1.0,1.0,0.515625,0.875,1.0,-0.05194358910969048,-0.9258855390672693,0.28125,0.03125
87,oracle_stable_quality,0.06141697537094977,0.022029046206490238,0.84375,0.515625,1.0,1.0,0.671875,0.90625,1.0,-0.087243530694414,-0.6785487277879898,0.5,0.3125
87,oracle_nus_quality,0.06788327670699904,0.023003600597580547,0.84375,0.609375,1.0,1.0,0.765625,0.953125,1.0,-0.08077722935836473,-0.6643278783731167,0.5,0.40625
88,baseline_first,0.13135002056269812,0.03327309092122754,0.484375,0.296875,0.796875,1.0,0.75,0.921875,1.0,0.0,0.0,0.0,0.0
88,oracle_min_ehull,0.05957935105204708,0.022463491873026976,0.875,0.5,1.0,1.0,0.578125,0.921875,1.0,-0.07177066951065104,-0.3248751092524519,0.390625,0.203125
88,oracle_min_rmsd,0.10810563889481856,0.005729163130072093,0.578125,0.21875,1.0,1.0,0.5625,0.921875,1.0,-0.023244381667879566,-0.8278139189522364,0.09375,-0.078125
88,oracle_stable_quality,0.05957935105204708,0.022463491873026976,0.875,0.5,1.0,1.0,0.578125,0.921875,1.0,-0.07177066951065104,-0.3248751092524519,0.390625,0.203125
88,oracle_nus_quality,0.06427868855367913,0.02499285718099457,0.875,0.625,1.0,1.0,0.75,0.96875,1.0,-0.06707133200901899,-0.24885676415924285,0.390625,0.328125
89,baseline_first,0.14611809103670054,0.09574051728368076,0.40625,0.296875,0.8125,1.0,0.8125,0.96875,1.0,0.0,0.0,0.0,0.0
89,oracle_min_ehull,0.06218634104240864,0.023617246571095173,0.84375,0.46875,1.0,1.0,0.625,0.90625,1.0,-0.0839317499942919,-0.7533202531054133,0.4375,0.171875
89,oracle_min_rmsd,0.10620919803463916,0.005714882299280178,0.546875,0.21875,1.0,1.0,0.578125,0.9375,1.0,-0.03990889300206138,-0.9403086335710211,0.140625,-0.078125
89,oracle_stable_quality,0.06218634104240864,0.023617246571095173,0.84375,0.46875,1.0,1.0,0.625,0.90625,1.0,-0.0839317499942919,-0.7533202531054133,0.4375,0.171875
89,oracle_nus_quality,0.07260126211181417,0.027382338101252457,0.84375,0.625,1.0,1.0,0.796875,0.953125,1.0,-0.07351682892488637,-0.7139942536541961,0.4375,0.328125
90,baseline_first,0.15851086625472866,0.053366935380788405,0.34375,0.1875,0.8125,1.0,0.765625,0.984375,1.0,0.0,0.0,0.0,0.0
90,oracle_min_ehull,0.06709817357067563,0.025147110973511185,0.8125,0.484375,1.0,1.0,0.65625,0.90625,1.0,-0.09141269268405303,-0.5287885505495242,0.46875,0.296875
90,oracle_min_rmsd,0.09600021412374415,0.007941930628107052,0.640625,0.34375,1.0,1.0,0.625,0.9375,1.0,-0.0625106521309845,-0.8511825614223658,0.296875,0.15625
90,oracle_stable_quality,0.06709817357067563,0.025147110973511185,0.8125,0.484375,1.0,1.0,0.65625,0.90625,1.0,-0.09141269268405303,-0.5287885505495242,0.46875,0.296875
90,oracle_nus_quality,0.07768212437767197,0.020054162003676025,0.8125,0.609375,1.0,1.0,0.796875,0.953125,1.0,-0.08082874187705669,-0.6242212174901215,0.46875,0.421875
91,baseline_first,0.13450570240269966,0.03553682220064044,0.46875,0.234375,0.859375,1.0,0.703125,0.953125,1.0,0.0,0.0,0.0,0.0
91,oracle_min_ehull,0.06169315523524908,0.044742456951341575,0.859375,0.484375,1.0,1.0,0.5625,0.890625,1.0,-0.07281254716745059,0.2590449618349735,0.390625,0.25
91,oracle_min_rmsd,0.11469609979844922,0.0074507781045935785,0.546875,0.21875,1.0,1.0,0.578125,0.953125,1.0,-0.019809602604250437,-0.7903363991713558,0.078125,-0.015625
91,oracle_stable_quality,0.06169315523524908,0.044742456951341575,0.859375,0.484375,1.0,1.0,0.5625,0.890625,1.0,-0.07281254716745059,0.2590449618349735,0.390625,0.25
91,oracle_nus_quality,0.07145301797823325,0.05254082284158156,0.859375,0.609375,1.0,1.0,0.75,0.96875,1.0,-0.0630526844244664,0.4784896225367805,0.390625,0.375
92,baseline_first,0.12666108194753783,0.06073805720838249,0.46875,0.234375,0.84375,1.0,0.703125,0.90625,1.0,0.0,0.0,0.0,0.0
92,oracle_min_ehull,0.06086367173010329,0.028540364452937568,0.828125,0.453125,1.0,1.0,0.640625,0.953125,1.0,-0.06579741021743454,-0.5301073862962035,0.359375,0.21875
92,oracle_min_rmsd,0.09755623446215089,0.006957849997570771,0.59375,0.28125,1.0,1.0,0.625,0.9375,1.0,-0.029104847485386942,-0.8854449694744185,0.125,0.046875
92,oracle_stable_quality,0.06086367173010329,0.028540364452937568,0.828125,0.453125,1.0,1.0,0.640625,0.953125,1.0,-0.06579741021743454,-0.5301073862962035,0.359375,0.21875
92,oracle_nus_quality,0.06698481818191254,0.030122312775849973,0.828125,0.65625,1.0,1.0,0.84375,0.96875,1.0,-0.05967626376562529,-0.5040619644368083,0.359375,0.421875
93,baseline_first,0.15223836008861352,0.049245998762924986,0.40625,0.25,0.8125,1.0,0.78125,0.96875,1.0,0.0,0.0,0.0,0.0
93,oracle_min_ehull,0.05334329420440366,0.04359429420544153,0.90625,0.46875,1.0,1.0,0.53125,0.953125,1.0,-0.09889506588420986,-0.11476474636429468,0.5,0.21875
93,oracle_min_rmsd,0.09858280472286089,0.006490063813499505,0.578125,0.21875,1.0,1.0,0.53125,0.953125,1.0,-0.05365555536575263,-0.8682113475910337,0.171875,-0.03125
93,oracle_stable_quality,0.05334329420440366,0.04359429420544153,0.90625,0.46875,1.0,1.0,0.53125,0.953125,1.0,-0.09889506588420986,-0.11476474636429468,0.5,0.21875
93,oracle_nus_quality,0.061012536395786035,0.0467876047071978,0.90625,0.609375,1.0,1.0,0.703125,0.953125,1.0,-0.09122582369282749,-0.04992068629904611,0.5,0.359375
94,baseline_first,0.15384573264719853,0.06314742899522763,0.34375,0.171875,0.875,1.0,0.75,0.984375,1.0,0.0,0.0,0.0,0.0
94,oracle_min_ehull,0.0553598225872803,0.03417931308808508,0.921875,0.515625,1.0,1.0,0.578125,0.921875,1.0,-0.09848591005991823,-0.4587378515336201,0.578125,0.34375
94,oracle_min_rmsd,0.10552275562703406,0.006008447516375935,0.53125,0.234375,1.0,1.0,0.625,0.921875,1.0,-0.04832297702016447,-0.9048504806612154,0.1875,0.0625
94,oracle_stable_quality,0.0553598225872803,0.03417931308808508,0.921875,0.515625,1.0,1.0,0.578125,0.921875,1.0,-0.09848591005991823,-0.4587378515336201,0.578125,0.34375
94,oracle_nus_quality,0.06003503273441749,0.05339331616943312,0.921875,0.65625,1.0,1.0,0.75,0.953125,1.0,-0.09381069991278104,-0.15446571588103264,0.578125,0.484375
95,baseline_first,0.15359377812476527,0.08011439702574208,0.34375,0.15625,0.84375,1.0,0.71875,0.953125,1.0,0.0,0.0,0.0,0.0
95,oracle_min_ehull,0.05592210635677195,0.03446509251474016,0.90625,0.46875,1.0,1.0,0.5625,0.921875,1.0,-0.09767167176799332,-0.5698015114104154,0.5625,0.3125
95,oracle_min_rmsd,0.09592574404909168,0.006458459802212562,0.609375,0.296875,1.0,1.0,0.578125,0.9375,1.0,-0.057668034075673585,-0.919384529597878,0.265625,0.140625
95,oracle_stable_quality,0.05592210635677195,0.03446509251474016,0.90625,0.46875,1.0,1.0,0.5625,0.921875,1.0,-0.09767167176799332,-0.5698015114104154,0.5625,0.3125
95,oracle_nus_quality,0.06241846666851733,0.036899906689365713,0.90625,0.640625,1.0,1.0,0.75,0.953125,1.0,-0.09117531145624794,-0.5394097932546486,0.5625,0.484375
96,baseline_first,0.13540962536476625,0.053202373204195935,0.453125,0.265625,0.875,1.0,0.71875,0.9375,1.0,0.0,0.0,0.0,0.0
96,oracle_min_ehull,0.05319058091125958,0.0364173648493971,0.90625,0.484375,1.0,1.0,0.578125,0.890625,1.0,-0.08221904445350667,-0.31549360195599396,0.453125,0.21875
96,oracle_min_rmsd,0.09808758038710799,0.005470673079401476,0.625,0.265625,1.0,1.0,0.5625,0.9375,1.0,-0.03732204497765826,-0.8971723863068195,0.171875,0.0
96,oracle_stable_quality,0.05319058091125958,0.0364173648493971,0.90625,0.484375,1.0,1.0,0.578125,0.890625,1.0,-0.08221904445350667,-0.31549360195599396,0.453125,0.21875
96,oracle_nus_quality,0.05916761792470271,0.03261280933827744,0.90625,0.609375,1.0,1.0,0.71875,0.9375,1.0,-0.07624200744006354,-0.38700461325087376,0.453125,0.34375
97,baseline_first,0.13856154176686095,0.052184386872826685,0.34375,0.1875,0.8125,1.0,0.75,0.9375,1.0,0.0,0.0,0.0,0.0
97,oracle_min_ehull,0.062336462252426506,0.052684443664830605,0.796875,0.4375,1.0,1.0,0.625,0.9375,1.0,-0.07622507951443444,0.009582498175604748,0.453125,0.25
97,oracle_min_rmsd,0.10794266905489935,0.008098531574162925,0.515625,0.171875,1.0,1.0,0.515625,0.9375,1.0,-0.030618872711961592,-0.8448092991127971,0.171875,-0.015625
97,oracle_stable_quality,0.062336462252426506,0.052684443664830605,0.796875,0.4375,1.0,1.0,0.625,0.9375,1.0,-0.07622507951443444,0.009582498175604748,0.453125,0.25
97,oracle_nus_quality,0.06979555615714678,0.05597298735178442,0.796875,0.625,1.0,1.0,0.828125,0.96875,1.0,-0.06876598560971417,0.07260026812599252,0.453125,0.4375
98,baseline_first,0.14844483788407792,0.05867336613952666,0.390625,0.203125,0.796875,1.0,0.703125,0.953125,1.0,0.0,0.0,0.0,0.0
98,oracle_min_ehull,0.058145587667606066,0.03314163567617324,0.859375,0.375,1.0,1.0,0.53125,0.90625,1.0,-0.09029925021647185,-0.4351502588523447,0.46875,0.171875
98,oracle_min_rmsd,0.0952394458065294,0.006273502196347506,0.65625,0.234375,1.0,1.0,0.5,0.875,1.0,-0.05320539207754851,-0.8930775135445789,0.265625,0.03125
98,oracle_stable_quality,0.058145587667606066,0.03314163567617324,0.859375,0.375,1.0,1.0,0.53125,0.90625,1.0,-0.09029925021647185,-0.4351502588523447,0.46875,0.171875
98,oracle_nus_quality,0.06457812265676936,0.05388428067730706,0.859375,0.59375,1.0,1.0,0.75,0.953125,1.0,-0.08386671522730856,-0.08162281759718781,0.46875,0.390625
99,baseline_first,0.13116148102040678,0.058007925475621266,0.46875,0.296875,0.859375,1.0,0.734375,0.90625,1.0,0.0,0.0,0.0,0.0
99,oracle_min_ehull,0.0562607054334435,0.014475931074585325,0.859375,0.4375,1.0,1.0,0.546875,0.921875,1.0,-0.07490077558696329,-0.7504490816402483,0.390625,0.140625
99,oracle_min_rmsd,0.09079633209563379,0.0065809994761201005,0.609375,0.28125,1.0,1.0,0.546875,0.921875,1.0,-0.040365148924773,-0.8865499942954197,0.140625,-0.015625
99,oracle_stable_quality,0.0562607054334435,0.014475931074585325,0.859375,0.4375,1.0,1.0,0.546875,0.921875,1.0,-0.07490077558696329,-0.7504490816402483,0.390625,0.140625
99,oracle_nus_quality,0.06651307593816658,0.019623592419388394,0.859375,0.625,1.0,1.0,0.765625,0.96875,1.0,-0.0646484050822402,-0.6617084259006036,0.390625,0.328125
100,baseline_first,0.15119695073907108,0.0764120942509848,0.40625,0.1875,0.8125,1.0,0.765625,0.9375,1.0,0.0,0.0,0.0,0.0
100,oracle_min_ehull,0.06106211343773074,0.05033411802787611,0.8125,0.421875,1.0,1.0,0.609375,0.921875,1.0,-0.09013483730134034,-0.34128074199160696,0.40625,0.234375
100,oracle_min_rmsd,0.102866981090383,0.007010876731785793,0.5625,0.25,1.0,1.0,0.578125,0.890625,1.0,-0.048329969648688076,-0.908249122072774,0.15625,0.0625
100,oracle_stable_quality,0.06106211343773074,0.05033411802787611,0.8125,0.421875,1.0,1.0,0.609375,0.921875,1.0,-0.09013483730134034,-0.34128074199160696,0.40625,0.234375
100,oracle_nus_quality,0.06581509850673238,0.05471891521021561,0.8125,0.578125,1.0,1.0,0.765625,0.984375,1.0,-0.0853818522323387,-0.2838971926291578,0.40625,0.390625
101,baseline_first,0.14324821225560014,0.06588602355220023,0.4375,0.25,0.84375,1.0,0.796875,0.953125,1.0,0.0,0.0,0.0,0.0
101,oracle_min_ehull,0.05790946972028643,0.022028361006570435,0.84375,0.4375,1.0,1.0,0.53125,0.90625,1.0,-0.0853387425353137,-0.6656595766609319,0.40625,0.1875
101,oracle_min_rmsd,0.08997194619035319,0.005212311643816904,0.671875,0.265625,1.0,1.0,0.5,0.890625,1.0,-0.05327626606524695,-0.9208889630486307,0.234375,0.015625
101,oracle_stable_quality,0.05790946972028643,0.022028361006570435,0.84375,0.4375,1.0,1.0,0.53125,0.90625,1.0,-0.0853387425353137,-0.6656595766609319,0.40625,0.1875
101,oracle_nus_quality,0.0660724328335312,0.05494763040642272,0.84375,0.640625,1.0,1.0,0.796875,0.921875,1.0,-0.07717577942206894,-0.1660199319376322,0.40625,0.390625
102,baseline_first,0.16255118510105915,0.06332040876772962,0.34375,0.1875,0.84375,1.0,0.78125,0.9375,1.0,0.0,0.0,0.0,0.0
102,oracle_min_ehull,0.059296223073573864,0.027973405966065935,0.8125,0.421875,1.0,1.0,0.59375,0.90625,1.0,-0.10325496202748528,-0.5582244885898116,0.46875,0.234375
102,oracle_min_rmsd,0.09932143481915615,0.006563317740030205,0.578125,0.21875,1.0,1.0,0.5625,0.890625,1.0,-0.063229750281903,-0.8963475146835264,0.234375,0.03125
102,oracle_stable_quality,0.059296223073573864,0.027973405966065935,0.8125,0.421875,1.0,1.0,0.59375,0.90625,1.0,-0.10325496202748528,-0.5582244885898116,0.46875,0.234375
102,oracle_nus_quality,0.07076519102856939,0.025835815763641884,0.8125,0.609375,1.0,1.0,0.8125,0.9375,1.0,-0.09178599407248976,-0.591982801968127,0.46875,0.421875
103,baseline_first,0.15642680184537555,0.04329665932863033,0.375,0.25,0.8125,1.0,0.796875,0.96875,1.0,0.0,0.0,0.0,0.0
103,oracle_min_ehull,0.06061212353815519,0.022826836923323986,0.84375,0.4375,1.0,1.0,0.578125,0.9375,1.0,-0.09581467830722036,-0.4727806422647135,0.46875,0.1875
103,oracle_min_rmsd,0.08662923907289072,0.00730488180313032,0.640625,0.265625,1.0,1.0,0.53125,0.921875,1.0,-0.06979756277248483,-0.8312830154473396,0.265625,0.015625
103,oracle_stable_quality,0.06061212353815519,0.022826836923323986,0.84375,0.4375,1.0,1.0,0.578125,0.9375,1.0,-0.09581467830722036,-0.4727806422647135,0.46875,0.1875
103,oracle_nus_quality,0.06740892952648317,0.027185434405957647,0.84375,0.59375,1.0,1.0,0.765625,0.96875,1.0,-0.08901787231889238,-0.3721124255888949,0.46875,0.34375
104,baseline_first,0.1426351765824533,0.05067524944263632,0.421875,0.25,0.859375,1.0,0.734375,0.90625,1.0,0.0,0.0,0.0,0.0
104,oracle_min_ehull,0.057369766423043304,0.043257126736345214,0.828125,0.5,1.0,1.0,0.65625,0.96875,1.0,-0.08526541015941,-0.14638551931921562,0.40625,0.25
104,oracle_min_rmsd,0.09843968634196776,0.0065032920180479875,0.59375,0.265625,1.0,1.0,0.609375,0.953125,1.0,-0.04419549024048555,-0.8716672914376155,0.171875,0.015625
104,oracle_stable_quality,0.057369766423043304,0.043257126736345214,0.828125,0.5,1.0,1.0,0.65625,0.96875,1.0,-0.08526541015941,-0.14638551931921562,0.40625,0.25
104,oracle_nus_quality,0.06466461871815685,0.0374555030935193,0.828125,0.640625,1.0,1.0,0.8125,0.984375,1.0,-0.07797055786429646,-0.26087185548206515,0.40625,0.390625
105,baseline_first,0.16519526974623822,0.09198453328463208,0.375,0.21875,0.8125,1.0,0.765625,0.9375,1.0,0.0,0.0,0.0,0.0
105,oracle_min_ehull,0.05995884174401499,0.029138508982810007,0.828125,0.4375,1.0,1.0,0.578125,0.890625,1.0,-0.10523642800222323,-0.6832238209803669,0.453125,0.21875
105,oracle_min_rmsd,0.09779332262928037,0.005300471177210344,0.578125,0.25,1.0,1.0,0.546875,0.921875,1.0,-0.06740194711695785,-0.9423764953961462,0.203125,0.03125
105,oracle_stable_quality,0.05995884174401499,0.029138508982810007,0.828125,0.4375,1.0,1.0,0.578125,0.890625,1.0,-0.10523642800222323,-0.6832238209803669,0.453125,0.21875
105,oracle_nus_quality,0.06569853804313489,0.05115542686451792,0.828125,0.5625,1.0,1.0,0.71875,0.9375,1.0,-0.09949673170310333,-0.4438692567344418,0.453125,0.34375
106,baseline_first,0.14085512056152366,0.03961491867844494,0.4375,0.203125,0.859375,1.0,0.6875,0.9375,1.0,0.0,0.0,0.0,0.0
106,oracle_min_ehull,0.061915178287107936,0.03630516562986426,0.84375,0.4375,1.0,1.0,0.578125,0.921875,1.0,-0.07893994227441573,-0.08354814698588708,0.40625,0.234375
106,oracle_min_rmsd,0.09569906569906003,0.011095850923868568,0.578125,0.203125,1.0,1.0,0.5625,0.921875,1.0,-0.04515605486246363,-0.7199072648884173,0.140625,0.0
106,oracle_stable_quality,0.061915178287107936,0.03630516562986426,0.84375,0.4375,1.0,1.0,0.578125,0.921875,1.0,-0.07893994227441573,-0.08354814698588708,0.40625,0.234375
106,oracle_nus_quality,0.06869297835486782,0.038060058526991944,0.84375,0.640625,1.0,1.0,0.796875,0.96875,1.0,-0.07216214220665584,-0.03924935865888868,0.40625,0.4375
107,baseline_first,0.14336588906561634,0.06384780474819056,0.40625,0.21875,0.84375,1.0,0.78125,0.96875,1.0,0.0,0.0,0.0,0.0
107,oracle_min_ehull,0.062142939184249554,0.024531635378119844,0.84375,0.5,1.0,1.0,0.65625,0.953125,1.0,-0.08122294988136679,-0.6157795013490254,0.4375,0.28125
107,oracle_min_rmsd,0.10789012851264604,0.00819815276954457,0.5625,0.25,1.0,1.0,0.59375,0.90625,1.0,-0.035475760552970304,-0.8715985177270029,0.15625,0.03125
107,oracle_stable_quality,0.062142939184249554,0.024531635378119844,0.84375,0.5,1.0,1.0,0.65625,0.953125,1.0,-0.08122294988136679,-0.6157795013490254,0.4375,0.28125
107,oracle_nus_quality,0.06993768091301097,0.01790136201705051,0.84375,0.65625,1.0,1.0,0.8125,1.0,1.0,-0.07342820815260537,-0.719624471230425,0.4375,0.4375
108,baseline_first,0.16118133304910134,0.06907690924270352,0.40625,0.234375,0.78125,1.0,0.78125,1.0,1.0,0.0,0.0,0.0,0.0
108,oracle_min_ehull,0.05949077169228358,0.04766941165134732,0.859375,0.4375,1.0,1.0,0.5625,0.90625,1.0,-0.10169056135681775,-0.309908156373071,0.453125,0.203125
108,oracle_min_rmsd,0.1159973284214309,0.013484940174911949,0.515625,0.1875,1.0,1.0,0.640625,0.9375,1.0,-0.04518400462767044,-0.8047836777477657,0.109375,-0.046875
108,oracle_stable_quality,0.05949077169228358,0.04766941165134732,0.859375,0.4375,1.0,1.0,0.5625,0.90625,1.0,-0.10169056135681775,-0.309908156373071,0.453125,0.203125
108,oracle_nus_quality,0.06898975336435458,0.050932885849633056,0.859375,0.625,1.0,1.0,0.765625,0.953125,1.0,-0.09219157968474677,-0.26266408836158206,0.453125,0.390625
109,baseline_first,0.14778342759378638,0.04305251186191026,0.421875,0.234375,0.8125,1.0,0.75,0.9375,1.0,0.0,0.0,0.0,0.0
109,oracle_min_ehull,0.06116680024372148,0.013406253917905632,0.859375,0.40625,1.0,1.0,0.5625,0.921875,1.0,-0.0866166273500649,-0.6886069281879343,0.4375,0.171875
109,oracle_min_rmsd,0.09169863412889279,0.005581450587237897,0.640625,0.234375,1.0,1.0,0.515625,0.90625,1.0,-0.05608479346489359,-0.8703571441977591,0.21875,0.0
109,oracle_stable_quality,0.06116680024372148,0.013406253917905632,0.859375,0.40625,1.0,1.0,0.5625,0.921875,1.0,-0.0866166273500649,-0.6886069281879343,0.4375,0.171875
109,oracle_nus_quality,0.0661081253284625,0.03590778253713307,0.859375,0.59375,1.0,1.0,0.75,0.9375,1.0,-0.08167530226532388,-0.1659538320944829,0.4375,0.359375
110,baseline_first,0.14971825457282456,0.07701357014128592,0.40625,0.21875,0.8125,1.0,0.78125,1.0,1.0,0.0,0.0,0.0,0.0
110,oracle_min_ehull,0.05131910243859872,0.021444863160165743,0.890625,0.453125,1.0,1.0,0.53125,0.9375,1.0,-0.09839915213422584,-0.7215443574317633,0.484375,0.234375
110,oracle_min_rmsd,0.10293683140592086,0.005372547879108207,0.59375,0.21875,1.0,1.0,0.53125,0.90625,1.0,-0.0467814231669037,-0.9302389453020818,0.1875,0.0
110,oracle_stable_quality,0.05131910243859872,0.021444863160165743,0.890625,0.453125,1.0,1.0,0.53125,0.9375,1.0,-0.09839915213422584,-0.7215443574317633,0.484375,0.234375
110,oracle_nus_quality,0.06048453108152317,0.043564846913808644,0.890625,0.640625,1.0,1.0,0.75,0.984375,1.0,-0.08923372349130139,-0.4343224598744563,0.484375,0.421875
111,baseline_first,0.15841341263844871,0.05517516238399506,0.3125,0.15625,0.859375,1.0,0.75,0.96875,1.0,0.0,0.0,0.0,0.0
111,oracle_min_ehull,0.05449644595610394,0.017501690650456037,0.890625,0.484375,1.0,1.0,0.578125,0.9375,1.0,-0.10391696668234478,-0.6827976594132718,0.578125,0.328125
111,oracle_min_rmsd,0.0932162858075438,0.0059042995762720926,0.625,0.25,1.0,1.0,0.515625,0.890625,1.0,-0.06519712683090491,-0.8929899012316314,0.3125,0.09375
111,oracle_stable_quality,0.05449644595610394,0.017501690650456037,0.890625,0.484375,1.0,1.0,0.578125,0.9375,1.0,-0.10391696668234478,-0.6827976594132718,0.578125,0.328125
111,oracle_nus_quality,0.06024346421800886,0.03793639111128694,0.890625,0.65625,1.0,1.0,0.765625,0.953125,1.0,-0.09816994842043986,-0.3124371642576018,0.578125,0.5
112,baseline_first,0.13596046197128223,0.03677651630483163,0.421875,0.1875,0.890625,1.0,0.6875,0.96875,1.0,0.0,0.0,0.0,0.0
112,oracle_min_ehull,0.05791262273861442,0.04168979412310099,0.875,0.421875,1.0,1.0,0.515625,0.9375,1.0,-0.07804783923266781,0.13359823909215307,0.453125,0.234375
112,oracle_min_rmsd,0.09682390452072233,0.004714687306258012,0.625,0.25,1.0,1.0,0.546875,0.921875,1.0,-0.0391365574505599,-0.8718016881430771,0.203125,0.0625
112,oracle_stable_quality,0.05791262273861442,0.04168979412310099,0.875,0.421875,1.0,1.0,0.515625,0.9375,1.0,-0.07804783923266781,0.13359823909215307,0.453125,0.234375
112,oracle_nus_quality,0.06862670225436886,0.053528123580809155,0.875,0.640625,1.0,1.0,0.765625,0.96875,1.0,-0.06733375971691337,0.4554973923339425,0.453125,0.453125
113,baseline_first,0.1340899216841344,0.06032098171116344,0.421875,0.234375,0.90625,1.0,0.78125,1.0,1.0,0.0,0.0,0.0,0.0
113,oracle_min_ehull,0.06202955002900828,0.03952588082759707,0.859375,0.484375,1.0,1.0,0.625,0.9375,1.0,-0.0720603716551261,-0.34474075675923366,0.4375,0.25
113,oracle_min_rmsd,0.0942596928042785,0.005306787128623227,0.625,0.234375,1.0,1.0,0.484375,0.90625,1.0,-0.03983022887985589,-0.9120241916148869,0.203125,0.0
113,oracle_stable_quality,0.06202955002900828,0.03952588082759707,0.859375,0.484375,1.0,1.0,0.625,0.9375,1.0,-0.0720603716551261,-0.34474075675923366,0.4375,0.25
113,oracle_nus_quality,0.06638441227743262,0.04601710018574386,0.859375,0.59375,1.0,1.0,0.734375,0.96875,1.0,-0.06770550940670177,-0.2371294551191364,0.4375,0.359375
114,baseline_first,0.1534424924876706,0.08721773984442328,0.34375,0.1875,0.78125,1.0,0.765625,0.953125,1.0,0.0,0.0,0.0,0.0
114,oracle_min_ehull,0.0578559072222237,0.039337357908074445,0.875,0.4375,1.0,1.0,0.53125,0.921875,1.0,-0.09558658526544692,-0.5489752660612005,0.53125,0.25
114,oracle_min_rmsd,0.10848303576512686,0.006310498319433067,0.578125,0.1875,1.0,1.0,0.546875,0.921875,1.0,-0.044959456722543756,-0.9276466194756987,0.234375,0.0
114,oracle_stable_quality,0.0578559072222237,0.039337357908074445,0.875,0.4375,1.0,1.0,0.53125,0.921875,1.0,-0.09558658526544692,-0.5489752660612005,0.53125,0.25
114,oracle_nus_quality,0.0732315329413762,0.03479284914904697,0.875,0.609375,1.0,1.0,0.734375,0.984375,1.0,-0.08021095954629441,-0.601080591963177,0.53125,0.421875
115,baseline_first,0.13949459146157236,0.05189143282661196,0.390625,0.1875,0.921875,1.0,0.71875,1.0,1.0,0.0,0.0,0.0,0.0
115,oracle_min_ehull,0.05928797051268396,0.02398391244572569,0.796875,0.4375,1.0,1.0,0.59375,0.9375,1.0,-0.0802066209488884,-0.5378059317447523,0.40625,0.25
115,oracle_min_rmsd,0.09234424458327495,0.0067362848843601246,0.578125,0.171875,1.0,1.0,0.484375,0.875,1.0,-0.04715034687829742,-0.8701850282903444,0.1875,-0.015625
115,oracle_stable_quality,0.05928797051268396,0.02398391244572569,0.796875,0.4375,1.0,1.0,0.59375,0.9375,1.0,-0.0802066209488884,-0.5378059317447523,0.40625,0.25
115,oracle_nus_quality,0.06755312731093024,0.05489958064844229,0.796875,0.5625,1.0,1.0,0.765625,0.953125,1.0,-0.07194146415064212,0.05797002815246288,0.40625,0.375
116,baseline_first,0.149634583278812,0.07170184824878557,0.3125,0.203125,0.75,1.0,0.75,0.953125,1.0,0.0,0.0,0.0,0.0
116,oracle_min_ehull,0.06420089613259894,0.03624700346476283,0.8125,0.421875,1.0,1.0,0.609375,0.953125,1.0,-0.08543368714621305,-0.49447602328191376,0.5,0.21875
116,oracle_min_rmsd,0.10507277888041065,0.0075328579665592515,0.609375,0.296875,1.0,1.0,0.625,0.9375,1.0,-0.044561804398401336,-0.8949419275717647,0.296875,0.09375
116,oracle_stable_quality,0.06420089613259894,0.03624700346476283,0.8125,0.421875,1.0,1.0,0.609375,0.953125,1.0,-0.08543368714621305,-0.49447602328191376,0.5,0.21875
116,oracle_nus_quality,0.06916719650462988,0.03765871146684656,0.8125,0.53125,1.0,1.0,0.71875,0.96875,1.0,-0.08046738677418211,-0.474787437331026,0.5,0.328125
117,baseline_first,0.1420008330729282,0.06435569667780103,0.375,0.140625,0.8125,1.0,0.703125,0.9375,1.0,0.0,0.0,0.0,0.0
117,oracle_min_ehull,0.06152004623013816,0.02061349281808459,0.84375,0.4375,1.0,1.0,0.5625,0.90625,1.0,-0.08048078684279006,-0.6796943567981752,0.46875,0.296875
117,oracle_min_rmsd,0.10545292503460282,0.0052927646899162285,0.59375,0.25,1.0,1.0,0.578125,0.921875,1.0,-0.03654790803832539,-0.9177576350946113,0.21875,0.109375
117,oracle_stable_quality,0.06152004623013816,0.02061349281808459,0.84375,0.4375,1.0,1.0,0.5625,0.90625,1.0,-0.08048078684279006,-0.6796943567981752,0.46875,0.296875
117,oracle_nus_quality,0.07064159720614444,0.02478380264229032,0.84375,0.59375,1.0,1.0,0.75,0.9375,1.0,-0.07135923586678378,-0.6148934139215171,0.46875,0.453125
118,baseline_first,0.13547455376679593,0.045150924494883296,0.40625,0.25,0.890625,1.0,0.734375,0.984375,1.0,0.0,0.0,0.0,0.0
118,oracle_min_ehull,0.062481008446733696,0.04655163036889953,0.84375,0.4375,1.0,1.0,0.578125,0.9375,1.0,-0.07299354532006223,0.03102275068974447,0.4375,0.1875
118,oracle_min_rmsd,0.0958726176887305,0.005684525088753655,0.609375,0.28125,1.0,1.0,0.578125,0.9375,1.0,-0.03960193607806543,-0.8740994752079141,0.203125,0.03125
118,oracle_stable_quality,0.062481008446733696,0.04655163036889953,0.84375,0.4375,1.0,1.0,0.578125,0.9375,1.0,-0.07299354532006223,0.03102275068974447,0.4375,0.1875
118,oracle_nus_quality,0.06961908913467343,0.05306631355928592,0.84375,0.5625,1.0,1.0,0.71875,0.96875,1.0,-0.0658554646321225,0.17530956792035624,0.4375,0.3125
119,baseline_first,0.1417257240484817,0.05430530899255401,0.40625,0.171875,0.890625,1.0,0.703125,0.984375,1.0,0.0,0.0,0.0,0.0
119,oracle_min_ehull,0.06482324935374027,0.042887619801585966,0.859375,0.421875,0.984375,1.0,0.5625,0.90625,1.0,-0.07690247469474142,-0.2102499627160498,0.453125,0.25
119,oracle_min_rmsd,0.11377737092704565,0.006617773523693274,0.5,0.203125,0.984375,1.0,0.578125,0.953125,1.0,-0.027948353121436037,-0.8781376324624051,0.09375,0.03125
119,oracle_stable_quality,0.06482324935374027,0.042887619801585966,0.859375,0.421875,0.984375,1.0,0.5625,0.90625,1.0,-0.07690247469474142,-0.2102499627160498,0.453125,0.25
119,oracle_nus_quality,0.0693522177304274,0.04556813914930937,0.859375,0.578125,0.984375,1.0,0.71875,0.9375,1.0,-0.07237350631805428,-0.16088979153847782,0.453125,0.40625
120,baseline_first,0.14364398833485575,0.04842323890697808,0.40625,0.203125,0.921875,1.0,0.71875,0.9375,1.0,0.0,0.0,0.0,0.0
120,oracle_min_ehull,0.062904383244131,0.02349396591417248,0.8125,0.421875,1.0,1.0,0.59375,0.921875,1.0,-0.08073960509072475,-0.5148204365407112,0.40625,0.21875
120,oracle_min_rmsd,0.09132360416134072,0.007953366285368727,0.65625,0.234375,1.0,1.0,0.53125,0.921875,1.0,-0.05232038417351503,-0.8357531122474626,0.25,0.03125
120,oracle_stable_quality,0.062904383244131,0.02349396591417248,0.8125,0.421875,1.0,1.0,0.59375,0.921875,1.0,-0.08073960509072475,-0.5148204365407112,0.40625,0.21875
120,oracle_nus_quality,0.07163203798016135,0.026748263987977392,0.8125,0.578125,1.0,1.0,0.78125,0.9375,1.0,-0.0720119503546944,-0.4476151411647352,0.40625,0.375
121,baseline_first,0.14656715892024424,0.10987284408544493,0.40625,0.1875,0.890625,1.0,0.75,0.96875,1.0,0.0,0.0,0.0,0.0
121,oracle_min_ehull,0.05788913490696594,0.029713932079471157,0.84375,0.40625,1.0,1.0,0.546875,0.9375,1.0,-0.0886780240132783,-0.7295607269766905,0.4375,0.21875
121,oracle_min_rmsd,0.09686441933232277,0.005853226500455388,0.609375,0.21875,1.0,1.0,0.546875,0.90625,1.0,-0.04970273958792147,-0.9467272686970449,0.203125,0.03125
121,oracle_stable_quality,0.05788913490696594,0.029713932079471157,0.84375,0.40625,1.0,1.0,0.546875,0.9375,1.0,-0.0886780240132783,-0.7295607269766905,0.4375,0.21875
121,oracle_nus_quality,0.0649274459418141,0.05010494964898153,0.84375,0.625,1.0,1.0,0.765625,0.953125,1.0,-0.08163971297843015,-0.5439733078173861,0.4375,0.4375
122,baseline_first,0.14565838532725606,0.041759178579258135,0.40625,0.171875,0.8125,1.0,0.734375,0.96875,1.0,0.0,0.0,0.0,0.0
122,oracle_min_ehull,0.05821017489712871,0.04271877173761222,0.875,0.484375,1.0,1.0,0.5625,0.9375,1.0,-0.08744821043012735,0.022979215372562756,0.46875,0.3125
122,oracle_min_rmsd,0.09056630001468767,0.005401592882805915,0.671875,0.296875,1.0,1.0,0.546875,0.890625,1.0,-0.05509208531256839,-0.8706489670874681,0.265625,0.125
122,oracle_stable_quality,0.05821017489712871,0.04271877173761222,0.875,0.484375,1.0,1.0,0.5625,0.9375,1.0,-0.08744821043012735,0.022979215372562756,0.46875,0.3125
122,oracle_nus_quality,0.06984985716680688,0.047339405015112496,0.875,0.65625,1.0,1.0,0.78125,0.953125,1.0,-0.07580852816044918,0.13362874045195117,0.46875,0.484375
123,baseline_first,0.16223925973304204,0.07142255494690077,0.3125,0.21875,0.84375,1.0,0.84375,0.96875,1.0,0.0,0.0,0.0,0.0
123,oracle_min_ehull,0.05934897510927637,0.052401890780062674,0.890625,0.546875,1.0,1.0,0.65625,0.9375,1.0,-0.10289028462376568,-0.26631172997072206,0.578125,0.328125
123,oracle_min_rmsd,0.10235321752516865,0.007623464259287802,0.546875,0.203125,1.0,1.0,0.515625,0.890625,1.0,-0.059886042207873386,-0.893262509791823,0.234375,-0.015625
123,oracle_stable_quality,0.05934897510927637,0.052401890780062674,0.890625,0.546875,1.0,1.0,0.65625,0.9375,1.0,-0.10289028462376568,-0.26631172997072206,0.578125,0.328125
123,oracle_nus_quality,0.0629276223298263,0.05546552965422171,0.890625,0.65625,1.0,1.0,0.765625,0.96875,1.0,-0.09931163740321575,-0.22341717269204853,0.578125,0.4375
124,baseline_first,0.14403018963005915,0.05215707542087099,0.453125,0.28125,0.859375,1.0,0.78125,0.96875,1.0,0.0,0.0,0.0,0.0
124,oracle_min_ehull,0.06725505704639484,0.020010076028741285,0.84375,0.40625,1.0,1.0,0.53125,0.9375,1.0,-0.07677513258366431,-0.6163497307455601,0.390625,0.125
124,oracle_min_rmsd,0.11081765792026743,0.008686131339444958,0.59375,0.1875,1.0,1.0,0.515625,0.890625,1.0,-0.033212531709791715,-0.8334620706902376,0.140625,-0.09375
124,oracle_stable_quality,0.06725505704639484,0.020010076028741285,0.84375,0.40625,1.0,1.0,0.53125,0.9375,1.0,-0.07677513258366431,-0.6163497307455601,0.390625,0.125
124,oracle_nus_quality,0.0737902937228686,0.024868656697416225,0.84375,0.5625,1.0,1.0,0.71875,0.96875,1.0,-0.07023989590719054,-0.5231968722029826,0.390625,0.28125
125,baseline_first,0.15303909866200993,0.06824458005672593,0.40625,0.234375,0.890625,1.0,0.78125,0.953125,1.0,0.0,0.0,0.0,0.0
125,oracle_min_ehull,0.05908985311023765,0.028862874535231276,0.875,0.46875,1.0,1.0,0.5625,0.953125,1.0,-0.09394924555177228,-0.5770671530070224,0.46875,0.234375
125,oracle_min_rmsd,0.09824632214962037,0.0061678940140828305,0.625,0.296875,1.0,1.0,0.578125,0.921875,1.0,-0.05479277651238956,-0.9096207492381668,0.21875,0.0625
125,oracle_stable_quality,0.05908985311023765,0.028862874535231276,0.875,0.46875,1.0,1.0,0.5625,0.953125,1.0,-0.09394924555177228,-0.5770671530070224,0.46875,0.234375
125,oracle_nus_quality,0.06707725590257811,0.030929122660054556,0.875,0.609375,1.0,1.0,0.734375,0.953125,1.0,-0.08596184275943182,-0.5467900508092247,0.46875,0.375
126,baseline_first,0.1502740052786062,0.11329237894500077,0.359375,0.1875,0.828125,1.0,0.75,0.953125,1.0,0.0,0.0,0.0,0.0
126,oracle_min_ehull,0.05586035907015449,0.023462725349223813,0.859375,0.5,1.0,1.0,0.625,0.921875,1.0,-0.09441364620845172,-0.7929011150819413,0.5,0.3125
126,oracle_min_rmsd,0.10924048552223636,0.005854527689977427,0.546875,0.234375,1.0,1.0,0.609375,0.953125,1.0,-0.041033519756369846,-0.9483237288818908,0.1875,0.046875
126,oracle_stable_quality,0.05586035907015449,0.023462725349223813,0.859375,0.5,1.0,1.0,0.625,0.921875,1.0,-0.09441364620845172,-0.7929011150819413,0.5,0.3125
126,oracle_nus_quality,0.06177754596906655,0.024530847004776212,0.859375,0.640625,1.0,1.0,0.796875,0.96875,1.0,-0.08849645930953966,-0.7834731053120084,0.5,0.453125
127,baseline_first,0.1327901681943951,0.05908475699576357,0.421875,0.21875,0.8125,1.0,0.71875,0.96875,1.0,0.0,0.0,0.0,0.0
127,oracle_min_ehull,0.06092679174383278,0.026584110355755128,0.8125,0.40625,1.0,1.0,0.5625,0.921875,1.0,-0.07186337645056232,-0.5500682120489853,0.390625,0.1875
127,oracle_min_rmsd,0.09763877868890267,0.007861127982942528,0.59375,0.203125,1.0,1.0,0.5,0.890625,1.0,-0.03515138950549243,-0.8669516744647663,0.171875,-0.015625
127,oracle_stable_quality,0.06092679174383278,0.026584110355755128,0.8125,0.40625,1.0,1.0,0.5625,0.921875,1.0,-0.07186337645056232,-0.5500682120489853,0.390625,0.1875
127,oracle_nus_quality,0.07292574841515062,0.047284588716272676,0.8125,0.5625,1.0,1.0,0.765625,0.9375,1.0,-0.05986441977924448,-0.19971594840166607,0.390625,0.34375
128,baseline_first,0.13059331100028126,0.0688988825991014,0.484375,0.21875,0.875,1.0,0.671875,0.984375,1.0,0.0,0.0,0.0,0.0
128,oracle_min_ehull,0.06872486444770959,0.06120019560567512,0.828125,0.5,1.0,1.0,0.671875,0.953125,1.0,-0.061868446552571676,-0.111738923811323,0.34375,0.28125
128,oracle_min_rmsd,0.11730514181177296,0.00790128023810207,0.5625,0.234375,1.0,1.0,0.59375,0.90625,1.0,-0.013288169188508309,-0.8853206330779431,0.078125,0.015625
128,oracle_stable_quality,0.06872486444770959,0.06120019560567512,0.828125,0.5,1.0,1.0,0.671875,0.953125,1.0,-0.061868446552571676,-0.111738923811323,0.34375,0.28125
128,oracle_nus_quality,0.07346069988242104,0.06423599240703909,0.828125,0.59375,1.0,1.0,0.765625,0.96875,1.0,-0.05713261111786022,-0.06767729774652587,0.34375,0.375
129,baseline_first,0.13605843365608894,0.07632054613824192,0.4375,0.21875,0.8125,1.0,0.765625,0.96875,1.0,0.0,0.0,0.0,0.0
129,oracle_min_ehull,0.06252167844316675,0.055290716738635344,0.859375,0.4375,1.0,1.0,0.5625,0.953125,1.0,-0.07353675521292219,-0.275546107355083,0.421875,0.21875
129,oracle_min_rmsd,0.10245012506609621,0.00650004532989647,0.59375,0.21875,1.0,1.0,0.53125,0.90625,1.0,-0.033608308589992725,-0.9148323006216081,0.15625,0.0
129,oracle_stable_quality,0.06252167844316675,0.055290716738635344,0.859375,0.4375,1.0,1.0,0.5625,0.953125,1.0,-0.07353675521292219,-0.275546107355083,0.421875,0.21875
129,oracle_nus_quality,0.0684009614656522,0.05593775890475014,0.859375,0.59375,1.0,1.0,0.75,0.953125,1.0,-0.06765747219043675,-0.2670681522190862,0.421875,0.375
130,baseline_first,0.1462716221440031,0.09953563299314289,0.453125,0.203125,0.796875,1.0,0.640625,0.96875,1.0,0.0,0.0,0.0,0.0
130,oracle_min_ehull,0.06019674815877967,0.04296530803353982,0.8125,0.484375,1.0,1.0,0.625,0.9375,1.0,-0.08607487398522343,-0.5683424443937606,0.359375,0.28125
130,oracle_min_rmsd,0.09979906573870857,0.007618496211500908,0.609375,0.28125,1.0,1.0,0.609375,0.9375,1.0,-0.04647255640529453,-0.9234596095648907,0.15625,0.078125
130,oracle_stable_quality,0.06019674815877967,0.04296530803353982,0.8125,0.484375,1.0,1.0,0.625,0.9375,1.0,-0.08607487398522343,-0.5683424443937606,0.359375,0.28125
130,oracle_nus_quality,0.07077313327712084,0.03777291244851222,0.8125,0.671875,1.0,1.0,0.859375,0.9375,1.0,-0.07549848886688226,-0.6205086428584381,0.359375,0.46875
131,baseline_first,0.1369940003306249,0.05649449987622329,0.375,0.15625,0.859375,1.0,0.640625,0.9375,1.0,0.0,0.0,0.0,0.0
131,oracle_min_ehull,0.05693898780470873,0.02860683093840558,0.84375,0.46875,1.0,1.0,0.625,0.9375,1.0,-0.08005501252591617,-0.4936351149035436,0.46875,0.3125
131,oracle_min_rmsd,0.08676107199579777,0.0040808291210920385,0.6875,0.25,1.0,1.0,0.46875,0.890625,1.0,-0.05023292833482712,-0.9277659041139769,0.3125,0.09375
131,oracle_stable_quality,0.05693898780470873,0.02860683093840558,0.84375,0.46875,1.0,1.0,0.625,0.9375,1.0,-0.08005501252591617,-0.4936351149035436,0.46875,0.3125
131,oracle_nus_quality,0.06457402496033349,0.0372586384571894,0.84375,0.625,1.0,1.0,0.796875,0.953125,1.0,-0.0724199753702914,-0.340490870105563,0.46875,0.46875
132,baseline_first,0.12272572437584899,0.03340168070665077,0.53125,0.234375,0.859375,1.0,0.640625,0.96875,1.0,0.0,0.0,0.0,0.0
132,oracle_min_ehull,0.06042669291192154,0.033053266162529946,0.859375,0.390625,1.0,1.0,0.53125,0.90625,1.0,-0.06229903146392744,-0.010431048281095867,0.328125,0.15625
132,oracle_min_rmsd,0.09631667058109077,0.005266419040257767,0.671875,0.28125,1.0,1.0,0.546875,0.921875,1.0,-0.02640905379475822,-0.8423307172321677,0.140625,0.046875
132,oracle_stable_quality,0.06042669291192154,0.033053266162529946,0.859375,0.390625,1.0,1.0,0.53125,0.90625,1.0,-0.06229903146392744,-0.010431048281095867,0.328125,0.15625
132,oracle_nus_quality,0.0675687367371223,0.06172424042210618,0.859375,0.640625,1.0,1.0,0.78125,0.9375,1.0,-0.05515698763872669,0.8479381610822947,0.328125,0.40625
133,baseline_first,0.1393725899983443,0.06363729242756266,0.40625,0.1875,0.859375,1.0,0.6875,0.953125,1.0,0.0,0.0,0.0,0.0
133,oracle_min_ehull,0.05762133147026949,0.028622484084535337,0.890625,0.484375,1.0,1.0,0.578125,0.96875,1.0,-0.0817512585280748,-0.550224671844487,0.484375,0.296875
133,oracle_min_rmsd,0.09779025816611839,0.005339143646774948,0.609375,0.21875,1.0,1.0,0.53125,0.890625,1.0,-0.0415823318322259,-0.9161003958040419,0.203125,0.03125
133,oracle_stable_quality,0.05762133147026949,0.028622484084535337,0.890625,0.484375,1.0,1.0,0.578125,0.96875,1.0,-0.0817512585280748,-0.550224671844487,0.484375,0.296875
133,oracle_nus_quality,0.06669242550850807,0.05106738606235871,0.890625,0.671875,1.0,1.0,0.796875,0.984375,1.0,-0.07268016448983622,-0.1975242171013496,0.484375,0.484375
134,baseline_first,0.14939771859734977,0.05389797366758137,0.40625,0.21875,0.84375,1.0,0.78125,0.96875,1.0,0.0,0.0,0.0,0.0
134,oracle_min_ehull,0.05971335274363813,0.01945566093213736,0.875,0.375,1.0,1.0,0.484375,0.921875,1.0,-0.08968436585371165,-0.6390279706593204,0.46875,0.15625
134,oracle_min_rmsd,0.08798275703004568,0.004412777326777792,0.65625,0.265625,1.0,1.0,0.53125,0.921875,1.0,-0.06141496156730408,-0.9181272128337545,0.25,0.046875
134,oracle_stable_quality,0.05971335274363813,0.01945566093213736,0.875,0.375,1.0,1.0,0.484375,0.921875,1.0,-0.08968436585371165,-0.6390279706593204,0.46875,0.15625
134,oracle_nus_quality,0.06762516114435016,0.041539636134477545,0.875,0.59375,1.0,1.0,0.71875,0.96875,1.0,-0.0817725574529996,-0.22929132010276543,0.46875,0.375
135,baseline_first,0.13710459933352784,0.058489515851330956,0.4375,0.25,0.875,1.0,0.734375,0.953125,1.0,0.0,0.0,0.0,0.0
135,oracle_min_ehull,0.058848643292773624,0.02672244773521677,0.84375,0.421875,1.0,1.0,0.53125,0.921875,1.0,-0.07825595604075422,-0.5431241420575259,0.40625,0.171875
135,oracle_min_rmsd,0.10805860459865622,0.00621814328609595,0.53125,0.21875,1.0,1.0,0.59375,0.90625,1.0,-0.029045994734871614,-0.8936878995220054,0.09375,-0.03125
135,oracle_stable_quality,0.058848643292773624,0.02672244773521677,0.84375,0.421875,1.0,1.0,0.53125,0.921875,1.0,-0.07825595604075422,-0.5431241420575259,0.40625,0.171875
135,oracle_nus_quality,0.06803430809373295,0.05115312479121766,0.84375,0.5625,1.0,1.0,0.71875,0.953125,1.0,-0.06907029123979488,-0.12543087343654857,0.40625,0.3125
136,baseline_first,0.14926670631610162,0.059675500861385455,0.375,0.203125,0.859375,1.0,0.75,0.9375,1.0,0.0,0.0,0.0,0.0
136,oracle_min_ehull,0.06469024529585107,0.028741633415926185,0.828125,0.4375,1.0,1.0,0.59375,0.921875,1.0,-0.08457646102025054,-0.5183679566814632,0.453125,0.234375
136,oracle_min_rmsd,0.09674468885477694,0.01110316115152859,0.625,0.1875,1.0,1.0,0.484375,0.921875,1.0,-0.05252201746132468,-0.8139410479801574,0.25,-0.015625
136,oracle_stable_quality,0.06469024529585107,0.028741633415926185,0.828125,0.4375,1.0,1.0,0.59375,0.921875,1.0,-0.08457646102025054,-0.5183679566814632,0.453125,0.234375
136,oracle_nus_quality,0.07108156485183731,0.04159688998632379,0.828125,0.59375,1.0,1.0,0.765625,0.96875,1.0,-0.07818514146426431,-0.30294862404347056,0.453125,0.390625
137,baseline_first,0.14668023610972625,0.060220863020275864,0.40625,0.21875,0.859375,1.0,0.765625,0.984375,1.0,0.0,0.0,0.0,0.0
137,oracle_min_ehull,0.06259739237854418,0.04296037417557785,0.84375,0.46875,1.0,1.0,0.609375,0.921875,1.0,-0.08408284373118206,-0.2866197523420836,0.4375,0.25
137,oracle_min_rmsd,0.0931234539243732,0.007128577374566574,0.65625,0.28125,1.0,1.0,0.5625,0.890625,1.0,-0.05355678218535305,-0.88162611731143,0.25,0.0625
137,oracle_stable_quality,0.06259739237854418,0.04296037417557785,0.84375,0.46875,1.0,1.0,0.609375,0.921875,1.0,-0.08408284373118206,-0.2866197523420836,0.4375,0.25
137,oracle_nus_quality,0.06902950607205245,0.03825207903631543,0.84375,0.625,1.0,1.0,0.78125,0.953125,1.0,-0.0776507300376738,-0.3648035395401711,0.4375,0.40625
138,baseline_first,0.14887577100730037,0.0771303290009932,0.453125,0.171875,0.90625,1.0,0.640625,0.96875,1.0,0.0,0.0,0.0,0.0
138,oracle_min_ehull,0.05562186621737562,0.04048990188152836,0.859375,0.4375,1.0,1.0,0.578125,0.890625,1.0,-0.09325390478992475,-0.47504564798359705,0.40625,0.265625
138,oracle_min_rmsd,0.09689398473594515,0.0065601927969328264,0.640625,0.21875,1.0,1.0,0.515625,0.90625,1.0,-0.05198178627135522,-0.9149466509231621,0.1875,0.046875
138,oracle_stable_quality,0.05562186621737562,0.04048990188152836,0.859375,0.4375,1.0,1.0,0.578125,0.890625,1.0,-0.09325390478992475,-0.47504564798359705,0.40625,0.265625
138,oracle_nus_quality,0.06289844704898946,0.045702744740894606,0.859375,0.625,1.0,1.0,0.765625,0.953125,1.0,-0.08597732395831091,-0.40746078315955203,0.40625,0.453125
139,baseline_first,0.1458234782758366,0.05124340472648472,0.421875,0.234375,0.78125,1.0,0.75,0.9375,1.0,0.0,0.0,0.0,0.0
139,oracle_min_ehull,0.0616622327028185,0.04896803115932429,0.796875,0.453125,1.0,1.0,0.65625,0.984375,1.0,-0.0841612455730181,-0.044403247194549134,0.375,0.21875
139,oracle_min_rmsd,0.11295536451545396,0.007221971146949491,0.5625,0.25,1.0,1.0,0.640625,0.96875,1.0,-0.03286811376038265,-0.8590653531806235,0.140625,0.015625
139,oracle_stable_quality,0.0616622327028185,0.04896803115932429,0.796875,0.453125,1.0,1.0,0.65625,0.984375,1.0,-0.0841612455730181,-0.044403247194549134,0.375,0.21875
139,oracle_nus_quality,0.06529378877645,0.042722046484390194,0.796875,0.5625,1.0,1.0,0.765625,1.0,1.0,-0.0805296894993866,-0.1662918045273899,0.375,0.328125
140,baseline_first,0.13266165716541595,0.04445030039456782,0.5,0.234375,0.828125,1.0,0.671875,0.9375,1.0,0.0,0.0,0.0,0.0
140,oracle_min_ehull,0.058294732384282955,0.04592651420825128,0.890625,0.390625,1.0,1.0,0.5,0.921875,1.0,-0.07436692478113299,0.03321043503822674,0.390625,0.15625
140,oracle_min_rmsd,0.08986412877556622,0.009742146678755517,0.640625,0.234375,1.0,1.0,0.5,0.921875,1.0,-0.04279752838984972,-0.7808305772451858,0.140625,0.0
140,oracle_stable_quality,0.058294732384282955,0.04592651420825128,0.890625,0.390625,1.0,1.0,0.5,0.921875,1.0,-0.07436692478113299,0.03321043503822674,0.390625,0.15625
140,oracle_nus_quality,0.06802935318709236,0.049076495446774504,0.890625,0.640625,1.0,1.0,0.75,0.96875,1.0,-0.06463230397832359,0.10407567578040577,0.390625,0.40625
141,baseline_first,0.16265432521489692,0.06958311659647229,0.28125,0.078125,0.9375,1.0,0.65625,0.953125,1.0,0.0,0.0,0.0,0.0
141,oracle_min_ehull,0.06028225362171097,0.023426855416368474,0.890625,0.453125,1.0,1.0,0.53125,0.875,1.0,-0.10237207159318595,-0.6633255800796344,0.609375,0.375
141,oracle_min_rmsd,0.10820200275070178,0.0049595474195794345,0.609375,0.28125,1.0,1.0,0.625,0.9375,1.0,-0.05445232246419514,-0.9287248450174928,0.328125,0.203125
141,oracle_stable_quality,0.06028225362171097,0.023426855416368474,0.890625,0.453125,1.0,1.0,0.53125,0.875,1.0,-0.10237207159318595,-0.6633255800796344,0.609375,0.375
141,oracle_nus_quality,0.06955772364718653,0.01971442331669316,0.890625,0.640625,1.0,1.0,0.765625,0.90625,1.0,-0.0930966015677104,-0.7166780638610741,0.609375,0.5625
142,baseline_first,0.13771623034241093,0.036866294103464245,0.453125,0.296875,0.828125,1.0,0.734375,0.984375,1.0,0.0,0.0,0.0,0.0
142,oracle_min_ehull,0.05559774055479337,0.01380242469513513,0.875,0.40625,1.0,1.0,0.484375,0.9375,1.0,-0.08211848978761756,-0.6256085665567848,0.421875,0.109375
142,oracle_min_rmsd,0.08915237846647374,0.007493815023428431,0.65625,0.296875,1.0,1.0,0.578125,0.953125,1.0,-0.04856385187593719,-0.7967299072047425,0.203125,0.0
142,oracle_stable_quality,0.05559774055479337,0.01380242469513513,0.875,0.40625,1.0,1.0,0.484375,0.9375,1.0,-0.08211848978761756,-0.6256085665567848,0.421875,0.109375
142,oracle_nus_quality,0.06694485661754856,0.06309838166155177,0.875,0.578125,1.0,1.0,0.703125,0.953125,1.0,-0.07077137372486236,0.7115466361893572,0.421875,0.28125
143,baseline_first,0.14024382430085597,0.07119718085182246,0.421875,0.21875,0.890625,1.0,0.703125,0.9375,1.0,0.0,0.0,0.0,0.0
143,oracle_min_ehull,0.0597582429443433,0.04661285588346998,0.890625,0.46875,1.0,1.0,0.5625,0.9375,1.0,-0.08048558135651267,-0.3452991350811777,0.46875,0.25
143,oracle_min_rmsd,0.0909283090674561,0.0067108076766626,0.640625,0.265625,1.0,1.0,0.5,0.890625,1.0,-0.04931551523339987,-0.9057433511218749,0.21875,0.046875
143,oracle_stable_quality,0.0597582429443433,0.04661285588346998,0.890625,0.46875,1.0,1.0,0.5625,0.9375,1.0,-0.08048558135651267,-0.3452991350811777,0.46875,0.25
143,oracle_nus_quality,0.06680087780045268,0.053164693044554096,0.890625,0.59375,1.0,1.0,0.703125,0.953125,1.0,-0.07344294650040328,-0.2532753065714508,0.46875,0.375
144,baseline_first,0.13869925127170046,0.06898399312105248,0.421875,0.203125,0.84375,1.0,0.75,0.96875,1.0,0.0,0.0,0.0,0.0
144,oracle_min_ehull,0.059657694502999334,0.04027891532362097,0.859375,0.4375,1.0,1.0,0.546875,0.9375,1.0,-0.07904155676870113,-0.4161121515111499,0.4375,0.234375
144,oracle_min_rmsd,0.09964278411060061,0.006908988350611553,0.609375,0.203125,1.0,1.0,0.5,0.90625,1.0,-0.03905646716109985,-0.8998465000643305,0.1875,0.0
144,oracle_stable_quality,0.059657694502999334,0.04027891532362097,0.859375,0.4375,1.0,1.0,0.546875,0.9375,1.0,-0.07904155676870113,-0.4161121515111499,0.4375,0.234375
144,oracle_nus_quality,0.07063552453652443,0.03391192421947559,0.859375,0.625,1.0,1.0,0.765625,0.96875,1.0,-0.06806372673517604,-0.5084087962265789,0.4375,0.421875
145,baseline_first,0.127068127331004,0.04708734874324981,0.515625,0.296875,0.890625,1.0,0.6875,0.953125,1.0,0.0,0.0,0.0,0.0
145,oracle_min_ehull,0.06468022270865999,0.034722656728422674,0.8125,0.46875,1.0,1.0,0.59375,0.984375,1.0,-0.06238790462234402,-0.2625905332289423,0.296875,0.171875
145,oracle_min_rmsd,0.0933202158214724,0.0072919091607629065,0.65625,0.265625,1.0,1.0,0.515625,0.890625,1.0,-0.0337479115095316,-0.8451407999094824,0.140625,-0.03125
145,oracle_stable_quality,0.06468022270865999,0.034722656728422674,0.8125,0.46875,1.0,1.0,0.59375,0.984375,1.0,-0.06238790462234402,-0.2625905332289423,0.296875,0.171875
145,oracle_nus_quality,0.07536734607851522,0.031058003516036728,0.8125,0.640625,1.0,1.0,0.8125,1.0,1.0,-0.05170078125248878,-0.34041723849468086,0.296875,0.34375
146,baseline_first,0.1474213516928349,0.07102258606409603,0.40625,0.234375,0.890625,1.0,0.71875,0.953125,1.0,0.0,0.0,0.0,0.0
146,oracle_min_ehull,0.059618911208399905,0.03403185022767143,0.859375,0.46875,1.0,1.0,0.5625,0.9375,1.0,-0.087802440484435,-0.5208305961013786,0.453125,0.234375
146,oracle_min_rmsd,0.10774029393031248,0.005655664914078918,0.5625,0.171875,1.0,1.0,0.515625,0.921875,1.0,-0.039681057762522426,-0.9203680796841891,0.15625,-0.0625
146,oracle_stable_quality,0.059618911208399905,0.03403185022767143,0.859375,0.46875,1.0,1.0,0.5625,0.9375,1.0,-0.087802440484435,-0.5208305961013786,0.453125,0.234375
146,oracle_nus_quality,0.06831606868633489,0.03887281788645775,0.859375,0.640625,1.0,1.0,0.78125,0.984375,1.0,-0.07910528300650002,-0.4526696359468515,0.453125,0.40625
147,baseline_first,0.14641775252189376,0.05508326592340478,0.453125,0.296875,0.90625,1.0,0.78125,0.96875,1.0,0.0,0.0,0.0,0.0
147,oracle_min_ehull,0.05852184311938989,0.03123407667241753,0.859375,0.40625,1.0,1.0,0.53125,0.90625,1.0,-0.08789590940250387,-0.43296614409447665,0.40625,0.109375
147,oracle_min_rmsd,0.0913033225400138,0.005289858072290895,0.65625,0.25,1.0,1.0,0.53125,0.90625,1.0,-0.05511442998187996,-0.9039661504521785,0.203125,-0.046875
147,oracle_stable_quality,0.05852184311938989,0.03123407667241753,0.859375,0.40625,1.0,1.0,0.53125,0.90625,1.0,-0.08789590940250387,-0.43296614409447665,0.40625,0.109375
147,oracle_nus_quality,0.06971541060943653,0.04378339031856947,0.859375,0.625,1.0,1.0,0.78125,0.9375,1.0,-0.07670234191245723,-0.20514171437380258,0.40625,0.328125
148,baseline_first,0.14198856394067896,0.0652660973291584,0.4375,0.28125,0.859375,1.0,0.796875,0.96875,1.0,0.0,0.0,0.0,0.0
148,oracle_min_ehull,0.06149241187464174,0.05112696028741039,0.828125,0.40625,1.0,1.0,0.5625,0.9375,1.0,-0.08049615206603722,-0.216638310246125,0.390625,0.125
148,oracle_min_rmsd,0.0988029593228663,0.00527457525644369,0.609375,0.203125,1.0,1.0,0.5,0.90625,1.0,-0.043185604617812665,-0.9191835352151934,0.171875,-0.078125
148,oracle_stable_quality,0.06149241187464174,0.05112696028741039,0.828125,0.40625,1.0,1.0,0.5625,0.9375,1.0,-0.08049615206603722,-0.216638310246125,0.390625,0.125
148,oracle_nus_quality,0.06859878606010862,0.055310518900026286,0.828125,0.578125,1.0,1.0,0.75,0.953125,1.0,-0.07338977788057034,-0.15253828306789752,0.390625,0.296875
149,baseline_first,0.15357334205264978,0.0571630955562909,0.375,0.21875,0.859375,1.0,0.734375,0.953125,1.0,0.0,0.0,0.0,0.0
149,oracle_min_ehull,0.0657424526646692,0.02341578393121057,0.8125,0.453125,1.0,1.0,0.609375,0.9375,1.0,-0.08783088938798057,-0.5903688611798137,0.4375,0.234375
149,oracle_min_rmsd,0.09686704115252602,0.005192982442540484,0.609375,0.25,1.0,1.0,0.5625,0.9375,1.0,-0.056706300900123754,-0.9091549820385998,0.234375,0.03125
149,oracle_stable_quality,0.0657424526646692,0.02341578393121057,0.8125,0.453125,1.0,1.0,0.609375,0.9375,1.0,-0.08783088938798057,-0.5903688611798137,0.4375,0.234375
149,oracle_nus_quality,0.07451929058163134,0.020402661545595887,0.8125,0.65625,1.0,1.0,0.859375,0.96875,1.0,-0.07905405147101843,-0.6430798341649547,0.4375,0.4375
150,baseline_first,0.14342587756765,0.11653425670566793,0.359375,0.21875,0.796875,1.0,0.8125,0.96875,1.0,0.0,0.0,0.0,0.0
150,oracle_min_ehull,0.06581568959412792,0.052243036822694516,0.796875,0.453125,1.0,1.0,0.59375,0.921875,1.0,-0.07761018797352207,-0.5516937396816678,0.4375,0.234375
150,oracle_min_rmsd,0.09573928580100106,0.015029647778666878,0.625,0.21875,1.0,1.0,0.5,0.90625,1.0,-0.047686591766648925,-0.8710280718859567,0.265625,0.0
150,oracle_stable_quality,0.06581568959412792,0.052243036822694516,0.796875,0.453125,1.0,1.0,0.59375,0.921875,1.0,-0.07761018797352207,-0.5516937396816678,0.4375,0.234375
150,oracle_nus_quality,0.07668058584690364,0.04632467225982893,0.796875,0.640625,1.0,1.0,0.84375,0.984375,1.0,-0.06674529172074635,-0.6024802185263707,0.4375,0.421875
151,baseline_first,0.14312287436019866,0.061576012879348,0.359375,0.1875,0.828125,1.0,0.703125,0.96875,1.0,0.0,0.0,0.0,0.0
151,oracle_min_ehull,0.06155543000661408,0.026688018677318896,0.84375,0.5,1.0,1.0,0.625,0.90625,1.0,-0.08156744435358458,-0.5665841708586852,0.484375,0.3125
151,oracle_min_rmsd,0.09220195709434889,0.009468799443592323,0.65625,0.296875,1.0,1.0,0.578125,0.96875,1.0,-0.05092091726584977,-0.8462258434604156,0.296875,0.109375
151,oracle_stable_quality,0.06155543000661408,0.026688018677318896,0.84375,0.5,1.0,1.0,0.625,0.90625,1.0,-0.08156744435358458,-0.5665841708586852,0.484375,0.3125
151,oracle_nus_quality,0.06728229391729701,0.026693336619799658,0.84375,0.609375,1.0,1.0,0.765625,0.953125,1.0,-0.07584058044290165,-0.5664978069934057,0.484375,0.421875
152,baseline_first,0.125181579532965,0.058858864568379785,0.46875,0.25,0.890625,1.0,0.71875,0.984375,1.0,0.0,0.0,0.0,0.0
152,oracle_min_ehull,0.05871318960213053,0.026642240897780424,0.859375,0.484375,1.0,1.0,0.609375,0.953125,1.0,-0.06646838993083445,-0.5473538082470386,0.390625,0.234375
152,oracle_min_rmsd,0.10457619546851381,0.005867900940152149,0.5625,0.265625,1.0,1.0,0.59375,0.953125,1.0,-0.020605384064451185,-0.9003055702283372,0.09375,0.015625
152,oracle_stable_quality,0.05871318960213053,0.026642240897780424,0.859375,0.484375,1.0,1.0,0.609375,0.953125,1.0,-0.06646838993083445,-0.5473538082470386,0.390625,0.234375
152,oracle_nus_quality,0.06384018522107696,0.028890472361285644,0.859375,0.609375,1.0,1.0,0.734375,0.96875,1.0,-0.06134139431188804,-0.5091568182100779,0.390625,0.359375
153,baseline_first,0.12324418579045407,0.07247661795374774,0.46875,0.25,0.796875,1.0,0.75,0.921875,1.0,0.0,0.0,0.0,0.0
153,oracle_min_ehull,0.06102137361756346,0.02708690177868292,0.859375,0.4375,1.0,1.0,0.578125,0.953125,1.0,-0.06222281217289061,-0.6262670286854595,0.390625,0.1875
153,oracle_min_rmsd,0.10940261212843035,0.006552016942362342,0.578125,0.21875,1.0,1.0,0.53125,0.90625,1.0,-0.013841573662023723,-0.9095981969447908,0.109375,-0.03125
153,oracle_stable_quality,0.06102137361756346,0.02708690177868292,0.859375,0.4375,1.0,1.0,0.578125,0.953125,1.0,-0.06222281217289061,-0.6262670286854595,0.390625,0.1875
153,oracle_nus_quality,0.06673788393809738,0.028659376659560136,0.859375,0.59375,1.0,1.0,0.75,0.96875,1.0,-0.056506301852356694,-0.6045707226867342,0.390625,0.34375
154,baseline_first,0.14415532007679133,0.048430784325430215,0.390625,0.234375,0.859375,1.0,0.78125,0.96875,1.0,0.0,0.0,0.0,0.0
154,oracle_min_ehull,0.05451537602692807,0.046519945986497384,0.90625,0.453125,1.0,1.0,0.546875,0.9375,1.0,-0.08963994404986325,-0.03945503599720723,0.515625,0.21875
154,oracle_min_rmsd,0.10684632806514008,0.012827144071812863,0.578125,0.21875,1.0,1.0,0.578125,0.890625,1.0,-0.03730899201165125,-0.735144820583103,0.1875,-0.015625
154,oracle_stable_quality,0.05451537602692807,0.046519945986497384,0.90625,0.453125,1.0,1.0,0.546875,0.9375,1.0,-0.08963994404986325,-0.03945503599720723,0.515625,0.21875
154,oracle_nus_quality,0.060775228441866655,0.05835033950339458,0.90625,0.59375,1.0,1.0,0.6875,0.953125,1.0,-0.08338009163492467,0.20481921397989344,0.515625,0.359375
155,baseline_first,0.14135740939245572,0.07300471986740154,0.328125,0.15625,0.8125,1.0,0.78125,0.984375,1.0,0.0,0.0,0.0,0.0
155,oracle_min_ehull,0.06146911791790066,0.023115988685905624,0.84375,0.453125,1.0,1.0,0.578125,0.921875,1.0,-0.07988829147455506,-0.6833630931275239,0.515625,0.296875
155,oracle_min_rmsd,0.0917278801998827,0.006725583275631121,0.65625,0.296875,1.0,1.0,0.53125,0.921875,1.0,-0.04962952919257302,-0.9078746786804086,0.328125,0.140625
155,oracle_stable_quality,0.06146911791790066,0.023115988685905624,0.84375,0.453125,1.0,1.0,0.578125,0.921875,1.0,-0.07988829147455506,-0.6833630931275239,0.515625,0.296875
155,oracle_nus_quality,0.06794251567014106,0.026804086629976288,0.84375,0.578125,1.0,1.0,0.75,0.9375,1.0,-0.07341489372231466,-0.6328444698005753,0.515625,0.421875
156,baseline_first,0.14775814046090385,0.06278934899100672,0.453125,0.21875,0.84375,1.0,0.671875,0.921875,1.0,0.0,0.0,0.0,0.0
156,oracle_min_ehull,0.05307944767645148,0.036340053591794666,0.875,0.5,1.0,1.0,0.625,0.9375,1.0,-0.09467869278445237,-0.42123856711749585,0.421875,0.28125
156,oracle_min_rmsd,0.09458276678752654,0.0049783579012508015,0.609375,0.265625,1.0,1.0,0.5625,0.953125,1.0,-0.05317537367337731,-0.9207133378311686,0.15625,0.046875
156,oracle_stable_quality,0.05307944767645148,0.036340053591794666,0.875,0.5,1.0,1.0,0.625,0.9375,1.0,-0.09467869278445237,-0.42123856711749585,0.421875,0.28125
156,oracle_nus_quality,0.06018993814885292,0.03986629843279223,0.875,0.640625,1.0,1.0,0.78125,0.9375,1.0,-0.08756820231205092,-0.36507864672235646,0.421875,0.421875
157,baseline_first,0.15414660448317774,0.04442062963580553,0.359375,0.203125,0.90625,1.0,0.765625,0.984375,1.0,0.0,0.0,0.0,0.0
157,oracle_min_ehull,0.06031386353116018,0.018899721691132895,0.859375,0.484375,1.0,1.0,0.5625,0.9375,1.0,-0.09383274095201756,-0.5745282800787079,0.5,0.28125
157,oracle_min_rmsd,0.09408747925480215,0.005897028097627651,0.640625,0.265625,1.0,1.0,0.546875,0.90625,1.0,-0.06005912522837559,-0.8672457336607783,0.28125,0.0625
157,oracle_stable_quality,0.06031386353116018,0.018899721691132895,0.859375,0.484375,1.0,1.0,0.5625,0.9375,1.0,-0.09383274095201756,-0.5745282800787079,0.5,0.28125
157,oracle_nus_quality,0.06903310234369787,0.06325230363808669,0.859375,0.609375,1.0,1.0,0.75,0.96875,1.0,-0.08511350213947987,0.42393982608255887,0.5,0.40625
158,baseline_first,0.14247509668085134,0.06551358585731251,0.4375,0.203125,0.859375,1.0,0.6875,0.96875,1.0,0.0,0.0,0.0,0.0
158,oracle_min_ehull,0.055294380337325234,0.03811754319577032,0.875,0.421875,1.0,1.0,0.5625,0.9375,1.0,-0.08718071634352612,-0.41817345674239714,0.4375,0.21875
158,oracle_min_rmsd,0.10214560859438084,0.008104859235240194,0.640625,0.28125,1.0,1.0,0.578125,0.9375,1.0,-0.04032948808647051,-0.8762873512542506,0.203125,0.078125
158,oracle_stable_quality,0.055294380337325234,0.03811754319577032,0.875,0.421875,1.0,1.0,0.5625,0.9375,1.0,-0.08718071634352612,-0.41817345674239714,0.4375,0.21875
158,oracle_nus_quality,0.060446956937927045,0.04221464580157876,0.875,0.59375,1.0,1.0,0.734375,0.953125,1.0,-0.0820281397429243,-0.3556352434513118,0.4375,0.390625
159,baseline_first,0.13915968892652159,0.03651803410527732,0.421875,0.296875,0.796875,1.0,0.765625,0.953125,1.0,0.0,0.0,0.0,0.0
159,oracle_min_ehull,0.06729408943457665,0.032063708343262484,0.84375,0.453125,1.0,1.0,0.578125,0.9375,1.0,-0.07186559949194493,-0.1219760556982209,0.421875,0.15625
159,oracle_min_rmsd,0.10822573927024742,0.009686114707261748,0.578125,0.1875,1.0,1.0,0.5,0.921875,1.0,-0.030933949656274162,-0.7347580464124168,0.15625,-0.109375
159,oracle_stable_quality,0.06729408943457665,0.032063708343262484,0.84375,0.453125,1.0,1.0,0.578125,0.9375,1.0,-0.07186559949194493,-0.1219760556982209,0.421875,0.15625
159,oracle_nus_quality,0.0740808446280277,0.03581756718650684,0.84375,0.609375,1.0,1.0,0.78125,0.96875,1.0,-0.06507884429849388,-0.019181397244745213,0.421875,0.3125
160,baseline_first,0.1615544877584693,0.09379179717320765,0.3125,0.15625,0.8125,1.0,0.75,0.9375,1.0,0.0,0.0,0.0,0.0
160,oracle_min_ehull,0.05854026979453932,0.04541030217299812,0.875,0.46875,1.0,1.0,0.578125,0.921875,1.0,-0.10301421796392998,-0.5158393000068249,0.5625,0.3125
160,oracle_min_rmsd,0.11077514638846761,0.026554626749802194,0.5625,0.25,1.0,1.0,0.59375,0.90625,1.0,-0.0507793413700017,-0.7168768746294187,0.25,0.09375
160,oracle_stable_quality,0.05854026979453932,0.04541030217299812,0.875,0.46875,1.0,1.0,0.578125,0.921875,1.0,-0.10301421796392998,-0.5158393000068249,0.5625,0.3125
160,oracle_nus_quality,0.06716281143910913,0.047901739338427195,0.875,0.59375,1.0,1.0,0.734375,0.953125,1.0,-0.09439167631936018,-0.4892758132146049,0.5625,0.4375
161,baseline_first,0.1556369399800981,0.06190568819307324,0.390625,0.203125,0.8125,1.0,0.75,0.9375,1.0,0.0,0.0,0.0,0.0
161,oracle_min_ehull,0.05405887870962914,0.038108393714805476,0.921875,0.5,1.0,1.0,0.546875,0.9375,1.0,-0.10157806127046895,-0.3844120818760317,0.53125,0.296875
161,oracle_min_rmsd,0.0951059031541269,0.00482255944911429,0.671875,0.265625,1.0,1.0,0.515625,0.921875,1.0,-0.06053103682597119,-0.9220982822438941,0.28125,0.0625
161,oracle_stable_quality,0.05405887870962914,0.038108393714805476,0.921875,0.5,1.0,1.0,0.546875,0.9375,1.0,-0.10157806127046895,-0.3844120818760317,0.53125,0.296875
161,oracle_nus_quality,0.05856756976455935,0.04012364388401657,0.921875,0.609375,1.0,1.0,0.671875,0.9375,1.0,-0.09706937021553874,-0.351858527783783,0.53125,0.40625
162,baseline_first,0.13120867229148608,0.04379956517964245,0.46875,0.25,0.875,1.0,0.703125,0.9375,1.0,0.0,0.0,0.0,0.0
162,oracle_min_ehull,0.0643172338972054,0.027083622968920112,0.828125,0.4375,1.0,1.0,0.5625,0.921875,1.0,-0.06689143839428069,-0.38164630498413543,0.359375,0.1875
162,oracle_min_rmsd,0.09462866791265695,0.004962353207154532,0.6875,0.25,1.0,1.0,0.484375,0.890625,1.0,-0.036580004378829134,-0.8867031399329741,0.21875,0.0
162,oracle_stable_quality,0.0643172338972054,0.027083622968920112,0.828125,0.4375,1.0,1.0,0.5625,0.921875,1.0,-0.06689143839428069,-0.38164630498413543,0.359375,0.1875
162,oracle_nus_quality,0.07209271108828558,0.034767536803840364,0.828125,0.578125,1.0,1.0,0.75,0.953125,1.0,-0.05911596120320051,-0.20621274066894335,0.359375,0.328125
163,baseline_first,0.14396253149236715,0.08146737322968992,0.40625,0.1875,0.8125,1.0,0.65625,0.9375,1.0,0.0,0.0,0.0,0.0
163,oracle_min_ehull,0.06119252311151991,0.04220317288486769,0.828125,0.40625,1.0,1.0,0.546875,0.921875,1.0,-0.08277000838084725,-0.48196227260354096,0.421875,0.21875
163,oracle_min_rmsd,0.0903218081824911,0.005138557860194383,0.625,0.21875,1.0,1.0,0.515625,0.90625,1.0,-0.05364072330987606,-0.9369249595699289,0.21875,0.03125
163,oracle_stable_quality,0.06119252311151991,0.04220317288486769,0.828125,0.40625,1.0,1.0,0.546875,0.921875,1.0,-0.08277000838084725,-0.48196227260354096,0.421875,0.21875
163,oracle_nus_quality,0.06829066741572762,0.03808766140786318,0.828125,0.5625,1.0,1.0,0.734375,0.9375,1.0,-0.07567186407663953,-0.5324795694531791,0.421875,0.375
164,baseline_first,0.15187055418735407,0.0716628993178772,0.359375,0.140625,0.828125,1.0,0.734375,0.96875,1.0,0.0,0.0,0.0,0.0
164,oracle_min_ehull,0.06165833382955306,0.02020207190086424,0.875,0.515625,1.0,1.0,0.640625,0.921875,1.0,-0.090212220357801,-0.7180958055959566,0.515625,0.375
164,oracle_min_rmsd,0.10913346803838614,0.007327108297270852,0.578125,0.25,1.0,1.0,0.59375,0.90625,1.0,-0.04273708614896793,-0.8977559048403863,0.21875,0.109375
164,oracle_stable_quality,0.06165833382955306,0.02020207190086424,0.875,0.515625,1.0,1.0,0.640625,0.921875,1.0,-0.090212220357801,-0.7180958055959566,0.515625,0.375
164,oracle_nus_quality,0.06963452820134917,0.04058260652826603,0.875,0.671875,1.0,1.0,0.796875,0.96875,1.0,-0.0822360259860049,-0.43370130270263574,0.515625,0.53125
165,baseline_first,0.13713321483849233,0.08504965446580975,0.4375,0.28125,0.84375,1.0,0.78125,0.96875,1.0,0.0,0.0,0.0,0.0
165,oracle_min_ehull,0.05813441962897786,0.023271914317276293,0.890625,0.4375,1.0,1.0,0.515625,0.875,1.0,-0.07899879520951447,-0.72637261769674,0.453125,0.15625
165,oracle_min_rmsd,0.09933915176663204,0.006096682966618951,0.59375,0.234375,1.0,1.0,0.546875,0.9375,1.0,-0.0377940630718603,-0.9283161935823051,0.15625,-0.046875
165,oracle_stable_quality,0.05813441962897786,0.023271914317276293,0.890625,0.4375,1.0,1.0,0.515625,0.875,1.0,-0.07899879520951447,-0.72637261769674,0.453125,0.15625
165,oracle_nus_quality,0.06562582577943198,0.02623543672576867,0.890625,0.640625,1.0,1.0,0.734375,0.921875,1.0,-0.07150738905906036,-0.6915280033698972,0.453125,0.359375
166,baseline_first,0.1355933270591723,0.06762429505388692,0.390625,0.171875,0.8125,1.0,0.703125,0.984375,1.0,0.0,0.0,0.0,0.0
166,oracle_min_ehull,0.0626102847552731,0.03395708270105421,0.796875,0.4375,1.0,1.0,0.59375,0.953125,1.0,-0.0729830423038992,-0.4978567588172971,0.40625,0.265625
166,oracle_min_rmsd,0.09642301883497917,0.007978212076483552,0.609375,0.296875,1.0,1.0,0.578125,0.9375,1.0,-0.03917030822419312,-0.8820215120893156,0.21875,0.125
166,oracle_stable_quality,0.0626102847552731,0.03395708270105421,0.796875,0.4375,1.0,1.0,0.59375,0.953125,1.0,-0.0729830423038992,-0.4978567588172971,0.40625,0.265625
166,oracle_nus_quality,0.07721496023432334,0.027819287263874528,0.796875,0.640625,1.0,1.0,0.84375,1.0,1.0,-0.058378366824848954,-0.5886199295429768,0.40625,0.46875
167,baseline_first,0.1272083401864224,0.062450918827460164,0.421875,0.25,0.84375,1.0,0.6875,0.890625,1.0,0.0,0.0,0.0,0.0
167,oracle_min_ehull,0.055392168520165666,0.05016954673592837,0.90625,0.5,1.0,1.0,0.578125,0.9375,1.0,-0.07181617166625674,-0.19665638748186964,0.484375,0.25
167,oracle_min_rmsd,0.09822623697981035,0.006995718772110186,0.609375,0.25,1.0,1.0,0.53125,0.9375,1.0,-0.028982103206612056,-0.8879805308959824,0.1875,0.0
167,oracle_stable_quality,0.055392168520165666,0.05016954673592837,0.90625,0.5,1.0,1.0,0.578125,0.9375,1.0,-0.07181617166625674,-0.19665638748186964,0.484375,0.25
167,oracle_nus_quality,0.06115075812616331,0.050475425199221706,0.90625,0.671875,1.0,1.0,0.765625,0.96875,1.0,-0.0660575820602591,-0.1917584857530189,0.484375,0.421875
168,baseline_first,0.133920168366626,0.07590970816645487,0.453125,0.203125,0.828125,1.0,0.6875,0.984375,1.0,0.0,0.0,0.0,0.0
168,oracle_min_ehull,0.05961616833038656,0.013618530871826913,0.84375,0.375,1.0,1.0,0.484375,0.90625,1.0,-0.07430400003623945,-0.8205956629162084,0.390625,0.171875
168,oracle_min_rmsd,0.10342344566852407,0.006416178750379066,0.578125,0.203125,1.0,1.0,0.53125,0.890625,1.0,-0.03049672269810194,-0.9154761768243178,0.125,0.0
168,oracle_stable_quality,0.05961616833038656,0.013618530871826913,0.84375,0.375,1.0,1.0,0.484375,0.90625,1.0,-0.07430400003623945,-0.8205956629162084,0.390625,0.171875
168,oracle_nus_quality,0.06965490265624899,0.02533746955383458,0.84375,0.5625,1.0,1.0,0.703125,0.96875,1.0,-0.06426526571037702,-0.6662156901160183,0.390625,0.359375
169,baseline_first,0.14741072519913379,0.07875081386636851,0.375,0.234375,0.8125,1.0,0.765625,0.96875,1.0,0.0,0.0,0.0,0.0
169,oracle_min_ehull,0.05488244703682469,0.021678657399605,0.90625,0.484375,1.0,1.0,0.546875,0.90625,1.0,-0.0925282781623091,-0.7247183065765986,0.53125,0.25
169,oracle_min_rmsd,0.10156753275037259,0.006586487058355022,0.625,0.21875,1.0,1.0,0.515625,0.890625,1.0,-0.0458431924487612,-0.9163629334735313,0.25,-0.015625
169,oracle_stable_quality,0.05488244703682469,0.021678657399605,0.90625,0.484375,1.0,1.0,0.546875,0.90625,1.0,-0.0925282781623091,-0.7247183065765986,0.53125,0.25
169,oracle_nus_quality,0.06036358753731819,0.020044969904453643,0.90625,0.625,1.0,1.0,0.71875,0.953125,1.0,-0.0870471376618156,-0.7454633302143676,0.53125,0.390625
170,baseline_first,0.14380243721729577,0.07805170215911247,0.453125,0.28125,0.828125,1.0,0.78125,0.953125,1.0,0.0,0.0,0.0,0.0
170,oracle_min_ehull,0.0587068158422541,0.03956045904541638,0.890625,0.4375,1.0,1.0,0.53125,0.9375,1.0,-0.08509562137504167,-0.4931505918375705,0.4375,0.15625
170,oracle_min_rmsd,0.09203122765755649,0.005280411670534087,0.65625,0.265625,1.0,1.0,0.546875,0.953125,1.0,-0.05177120955973928,-0.9323472579781836,0.203125,-0.015625
170,oracle_stable_quality,0.0587068158422541,0.03956045904541638,0.890625,0.4375,1.0,1.0,0.53125,0.9375,1.0,-0.08509562137504167,-0.4931505918375705,0.4375,0.15625
170,oracle_nus_quality,0.06999205161820374,0.04555544716354823,0.890625,0.625,1.0,1.0,0.734375,0.984375,1.0,-0.07381038559909203,-0.4163426817946767,0.4375,0.34375
171,baseline_first,0.14127992234157732,0.08674981586512143,0.40625,0.25,0.84375,1.0,0.765625,0.953125,1.0,0.0,0.0,0.0,0.0
171,oracle_min_ehull,0.06211994701672889,0.021663890479407165,0.859375,0.453125,1.0,1.0,0.578125,0.9375,1.0,-0.07915997532484843,-0.7502716257854637,0.453125,0.203125
171,oracle_min_rmsd,0.0951271474530211,0.005006313478184558,0.640625,0.265625,1.0,1.0,0.5625,0.90625,1.0,-0.04615277488855622,-0.9422902120510738,0.234375,0.015625
171,oracle_stable_quality,0.06211994701672889,0.021663890479407165,0.859375,0.453125,1.0,1.0,0.578125,0.9375,1.0,-0.07915997532484843,-0.7502716257854637,0.453125,0.203125
171,oracle_nus_quality,0.07193736699981632,0.0343833836494658,0.859375,0.625,1.0,1.0,0.765625,0.96875,1.0,-0.06934255534176101,-0.6036489149103779,0.453125,0.375
172,baseline_first,0.1570470290740147,0.06734510946607186,0.390625,0.1875,0.828125,1.0,0.6875,0.96875,1.0,0.0,0.0,0.0,0.0
172,oracle_min_ehull,0.05253702510498462,0.022065745956995078,0.921875,0.484375,1.0,1.0,0.578125,0.921875,1.0,-0.10451000396903007,-0.6723482056538688,0.53125,0.296875
172,oracle_min_rmsd,0.09364247870604772,0.003807130060461294,0.65625,0.234375,1.0,1.0,0.546875,0.90625,1.0,-0.06340455036796697,-0.9434683514416247,0.265625,0.046875
172,oracle_stable_quality,0.05253702510498462,0.022065745956995078,0.921875,0.484375,1.0,1.0,0.578125,0.921875,1.0,-0.10451000396903007,-0.6723482056538688,0.53125,0.296875
172,oracle_nus_quality,0.056438476170163676,0.01712230351830481,0.921875,0.640625,1.0,1.0,0.734375,0.9375,1.0,-0.10060855290385101,-0.7457528296552707,0.53125,0.453125
173,baseline_first,0.14971423547929907,0.08020024112742483,0.40625,0.265625,0.875,1.0,0.75,0.953125,1.0,0.0,0.0,0.0,0.0
173,oracle_min_ehull,0.06292374474788967,0.022643466382180958,0.828125,0.453125,1.0,1.0,0.578125,0.921875,1.0,-0.0867904907314094,-0.7176633628045549,0.421875,0.1875
173,oracle_min_rmsd,0.09597546883851894,0.008113282601973405,0.609375,0.21875,1.0,1.0,0.5625,0.90625,1.0,-0.05373876664078013,-0.8988371794408604,0.203125,-0.046875
173,oracle_stable_quality,0.06292374474788967,0.022643466382180958,0.828125,0.453125,1.0,1.0,0.578125,0.921875,1.0,-0.0867904907314094,-0.7176633628045549,0.421875,0.1875
173,oracle_nus_quality,0.07100000776627378,0.017980902568539188,0.828125,0.625,1.0,1.0,0.796875,0.96875,1.0,-0.07871422771302529,-0.775799893918392,0.421875,0.359375
174,baseline_first,0.15032117460931949,0.07810336173216556,0.421875,0.234375,0.828125,1.0,0.765625,0.984375,1.0,0.0,0.0,0.0,0.0
174,oracle_min_ehull,0.05476866981030175,0.024603830733497128,0.890625,0.484375,1.0,1.0,0.59375,0.953125,1.0,-0.09555250479901774,-0.6849837166053192,0.46875,0.25
174,oracle_min_rmsd,0.09276774177787211,0.006323832882885469,0.609375,0.265625,1.0,1.0,0.578125,0.921875,1.0,-0.05755343283144737,-0.9190325135482471,0.1875,0.03125
174,oracle_stable_quality,0.05476866981030175,0.024603830733497128,0.890625,0.484375,1.0,1.0,0.59375,0.953125,1.0,-0.09555250479901774,-0.6849837166053192,0.46875,0.25
174,oracle_nus_quality,0.059599300511879796,0.045987518149829806,0.890625,0.609375,1.0,1.0,0.71875,0.96875,1.0,-0.09072187409743969,-0.41119668692966616,0.46875,0.375
175,baseline_first,0.1497804978593176,0.057637224143864504,0.390625,0.203125,0.828125,1.0,0.78125,0.9375,1.0,0.0,0.0,0.0,0.0
175,oracle_min_ehull,0.05745410103430969,0.026340060225487762,0.875,0.453125,1.0,1.0,0.5625,0.9375,1.0,-0.09232639682500791,-0.5430026234479637,0.484375,0.25
175,oracle_min_rmsd,0.09080862899688652,0.005544180756676422,0.609375,0.25,1.0,1.0,0.53125,0.921875,1.0,-0.05897186886243108,-0.9038090255207649,0.21875,0.046875
175,oracle_stable_quality,0.05745410103430969,0.026340060225487762,0.875,0.453125,1.0,1.0,0.5625,0.9375,1.0,-0.09232639682500791,-0.5430026234479637,0.484375,0.25
175,oracle_nus_quality,0.0667895196461005,0.028067406102761712,0.875,0.65625,1.0,1.0,0.78125,0.953125,1.0,-0.0829909782132171,-0.5130333474647479,0.484375,0.453125
176,baseline_first,0.14961366375755988,0.06282702327462601,0.421875,0.21875,0.8125,1.0,0.78125,0.953125,1.0,0.0,0.0,0.0,0.0
176,oracle_min_ehull,0.06060789753176166,0.04739996417293613,0.890625,0.484375,1.0,1.0,0.578125,0.9375,1.0,-0.08900576622579823,-0.24554814628501453,0.46875,0.265625
176,oracle_min_rmsd,0.10058393943584444,0.00994536303646467,0.640625,0.28125,1.0,1.0,0.5625,0.921875,1.0,-0.04902972432171544,-0.8417024630787926,0.21875,0.0625
176,oracle_stable_quality,0.06060789753176166,0.04739996417293613,0.890625,0.484375,1.0,1.0,0.578125,0.9375,1.0,-0.08900576622579823,-0.24554814628501453,0.46875,0.265625
176,oracle_nus_quality,0.06535408680986732,0.04327555644857088,0.890625,0.640625,1.0,1.0,0.75,0.96875,1.0,-0.08425957694769257,-0.3111951801471293,0.46875,0.421875
177,baseline_first,0.1471796732941627,0.07519052547164098,0.40625,0.171875,0.84375,1.0,0.703125,0.984375,1.0,0.0,0.0,0.0,0.0
177,oracle_min_ehull,0.05797674058450737,0.04146758339125409,0.84375,0.4375,1.0,1.0,0.59375,0.9375,1.0,-0.08920293270965533,-0.44849988570841837,0.4375,0.265625
177,oracle_min_rmsd,0.10466920292503083,0.012392304477450603,0.5625,0.21875,1.0,1.0,0.578125,0.921875,1.0,-0.04251047036913187,-0.8351879522091582,0.15625,0.046875
177,oracle_stable_quality,0.05797674058450737,0.04146758339125409,0.84375,0.4375,1.0,1.0,0.59375,0.9375,1.0,-0.08920293270965533,-0.44849988570841837,0.4375,0.265625
177,oracle_nus_quality,0.06817578212991598,0.06288207799824763,0.84375,0.65625,1.0,1.0,0.8125,0.953125,1.0,-0.07900389116424672,-0.1636967875432076,0.4375,0.484375
178,baseline_first,0.14162002767491408,0.04081332989906575,0.390625,0.203125,0.875,1.0,0.78125,0.96875,1.0,0.0,0.0,0.0,0.0
178,oracle_min_ehull,0.06275825142043823,0.04489262833313968,0.84375,0.453125,1.0,1.0,0.609375,0.9375,1.0,-0.07886177625447585,0.09995014972221883,0.453125,0.25
178,oracle_min_rmsd,0.10434204046265534,0.007637163303038541,0.5625,0.203125,1.0,1.0,0.578125,0.921875,1.0,-0.03727798721225874,-0.8128757608868038,0.171875,0.0
178,oracle_stable_quality,0.06275825142043823,0.04489262833313968,0.84375,0.453125,1.0,1.0,0.609375,0.9375,1.0,-0.07886177625447585,0.09995014972221883,0.453125,0.25
178,oracle_nus_quality,0.06776116248355725,0.05053104868309773,0.84375,0.640625,1.0,1.0,0.8125,0.96875,1.0,-0.07385886519135683,0.23810159102588768,0.453125,0.4375
179,baseline_first,0.1385081294172557,0.04613120936587051,0.453125,0.265625,0.828125,1.0,0.75,0.90625,1.0,0.0,0.0,0.0,0.0
179,oracle_min_ehull,0.05640651901466745,0.027420810530995626,0.859375,0.453125,1.0,1.0,0.53125,0.9375,1.0,-0.08210161040258826,-0.4055909023863028,0.40625,0.1875
179,oracle_min_rmsd,0.10699121683456221,0.007484121191320919,0.59375,0.265625,1.0,1.0,0.609375,0.921875,1.0,-0.0315169125826935,-0.8377644702100974,0.140625,0.0
179,oracle_stable_quality,0.05640651901466745,0.027420810530995626,0.859375,0.453125,1.0,1.0,0.53125,0.9375,1.0,-0.08210161040258826,-0.4055909023863028,0.40625,0.1875
179,oracle_nus_quality,0.06879521500243364,0.024401458021992672,0.859375,0.625,1.0,1.0,0.765625,0.9375,1.0,-0.06971291441482207,-0.47104230828932636,0.40625,0.359375
180,baseline_first,0.15903890025289374,0.07528666879811,0.328125,0.1875,0.765625,1.0,0.796875,0.9375,1.0,0.0,0.0,0.0,0.0
180,oracle_min_ehull,0.05759799047434067,0.054979917350596,0.84375,0.46875,1.0,1.0,0.609375,0.9375,1.0,-0.10144090977855308,-0.2697257266352018,0.515625,0.28125
180,oracle_min_rmsd,0.10148488202506992,0.009473602999390502,0.59375,0.25,1.0,1.0,0.546875,0.921875,1.0,-0.05755401822782383,-0.8741662614294294,0.265625,0.0625
180,oracle_stable_quality,0.05759799047434067,0.054979917350596,0.84375,0.46875,1.0,1.0,0.609375,0.9375,1.0,-0.10144090977855308,-0.2697257266352018,0.515625,0.28125
180,oracle_nus_quality,0.06618255249090532,0.0801404422071925,0.84375,0.625,1.0,1.0,0.78125,0.96875,1.0,-0.09285634776198842,0.0644705561631167,0.515625,0.4375
181,baseline_first,0.1403582893073118,0.06379056958512455,0.5,0.28125,0.90625,1.0,0.71875,0.96875,1.0,0.0,0.0,0.0,0.0
181,oracle_min_ehull,0.05809458016988841,0.032238552819114794,0.84375,0.4375,1.0,1.0,0.578125,0.9375,1.0,-0.0822637091374234,-0.49461882800569057,0.34375,0.15625
181,oracle_min_rmsd,0.10405681951705986,0.006421023434308832,0.546875,0.265625,1.0,1.0,0.640625,0.890625,1.0,-0.03630146979025195,-0.8993421210052001,0.046875,-0.015625
181,oracle_stable_quality,0.05809458016988841,0.032238552819114794,0.84375,0.4375,1.0,1.0,0.578125,0.9375,1.0,-0.0822637091374234,-0.49461882800569057,0.34375,0.15625
181,oracle_nus_quality,0.06382192173435272,0.04280896238841986,0.84375,0.609375,1.0,1.0,0.765625,0.96875,1.0,-0.07653636757295909,-0.328913934037006,0.34375,0.328125
182,baseline_first,0.13600818615662072,0.06989771075644893,0.484375,0.28125,0.875,1.0,0.796875,1.0,1.0,0.0,0.0,0.0,0.0
182,oracle_min_ehull,0.060967412535834806,0.026079584418566216,0.828125,0.359375,1.0,1.0,0.515625,0.890625,1.0,-0.07504077362078591,-0.626889290989261,0.34375,0.078125
182,oracle_min_rmsd,0.10067915995000265,0.0062068828587071405,0.578125,0.234375,1.0,1.0,0.546875,0.921875,1.0,-0.03532902620661807,-0.9112004843715933,0.09375,-0.046875
182,oracle_stable_quality,0.060967412535834806,0.026079584418566216,0.828125,0.359375,1.0,1.0,0.515625,0.890625,1.0,-0.07504077362078591,-0.626889290989261,0.34375,0.078125
182,oracle_nus_quality,0.07305999372941155,0.041716913960846744,0.828125,0.625,1.0,1.0,0.796875,0.96875,1.0,-0.06294819242720917,-0.4031719564292334,0.34375,0.34375
183,baseline_first,0.14183876059927042,0.046887077015681164,0.40625,0.1875,0.828125,1.0,0.6875,0.953125,1.0,0.0,0.0,0.0,0.0
183,oracle_min_ehull,0.05929038733393453,0.046784142457952343,0.828125,0.46875,1.0,1.0,0.625,0.96875,1.0,-0.08254837326533589,-0.002195371609417962,0.421875,0.28125
183,oracle_min_rmsd,0.096868488244089,0.004782968164007725,0.625,0.25,1.0,1.0,0.5625,0.9375,1.0,-0.04497027235518142,-0.8979896280928734,0.21875,0.0625
183,oracle_stable_quality,0.05929038733393453,0.046784142457952343,0.828125,0.46875,1.0,1.0,0.625,0.96875,1.0,-0.08254837326533589,-0.002195371609417962,0.421875,0.28125
183,oracle_nus_quality,0.06443084206205174,0.045656462214402296,0.828125,0.5625,1.0,1.0,0.734375,0.96875,1.0,-0.07740791853721868,-0.02624635357131122,0.421875,0.375
184,baseline_first,0.1424576512548048,0.06603022611551329,0.4375,0.234375,0.8125,1.0,0.765625,0.984375,1.0,0.0,0.0,0.0,0.0
184,oracle_min_ehull,0.05541574677702306,0.04173413166424855,0.875,0.453125,1.0,1.0,0.578125,0.9375,1.0,-0.08704190447778175,-0.36795413071524463,0.4375,0.21875
184,oracle_min_rmsd,0.09864435221776467,0.004718066555181162,0.625,0.1875,1.0,1.0,0.515625,0.921875,1.0,-0.043813299037040135,-0.9285468665982246,0.1875,-0.046875
184,oracle_stable_quality,0.05541574677702306,0.04173413166424855,0.875,0.453125,1.0,1.0,0.578125,0.9375,1.0,-0.08704190447778175,-0.36795413071524463,0.4375,0.21875
184,oracle_nus_quality,0.0637006246991278,0.03704046982558895,0.875,0.625,1.0,1.0,0.765625,0.953125,1.0,-0.07875702655567701,-0.43903766495074026,0.4375,0.390625
185,baseline_first,0.1611440855249957,0.07313868420153759,0.375,0.125,0.8125,1.0,0.640625,0.9375,1.0,0.0,0.0,0.0,0.0
185,oracle_min_ehull,0.05252856794445566,0.03231586675912855,0.90625,0.46875,1.0,1.0,0.5625,0.90625,1.0,-0.10861551758054006,-0.5581563011158304,0.53125,0.34375
185,oracle_min_rmsd,0.081747425957907,0.0064334251260086,0.6875,0.3125,1.0,1.0,0.546875,0.9375,1.0,-0.0793966595670887,-0.9120379974531542,0.3125,0.1875
185,oracle_stable_quality,0.05252856794445566,0.03231586675912855,0.90625,0.46875,1.0,1.0,0.5625,0.90625,1.0,-0.10861551758054006,-0.5581563011158304,0.53125,0.34375
185,oracle_nus_quality,0.05903886094365424,0.03715771800290424,0.90625,0.671875,1.0,1.0,0.78125,0.96875,1.0,-0.10210522458134147,-0.49195533924955304,0.53125,0.546875
186,baseline_first,0.13623882725048891,0.062462372267904076,0.40625,0.1875,0.84375,1.0,0.6875,0.953125,1.0,0.0,0.0,0.0,0.0
186,oracle_min_ehull,0.06731065468236869,0.018753258117817466,0.8125,0.4375,1.0,1.0,0.609375,0.9375,1.0,-0.06892817256812023,-0.6997671167949906,0.40625,0.25
186,oracle_min_rmsd,0.09925903038960415,0.006364142996799259,0.59375,0.21875,1.0,1.0,0.546875,0.9375,1.0,-0.03697979686088476,-0.8981123712448329,0.1875,0.03125
186,oracle_stable_quality,0.06731065468236869,0.018753258117817466,0.8125,0.4375,1.0,1.0,0.609375,0.9375,1.0,-0.06892817256812023,-0.6997671167949906,0.40625,0.25
186,oracle_nus_quality,0.07409238523985968,0.025839988465027386,0.8125,0.5625,1.0,1.0,0.765625,0.9375,1.0,-0.06214644201062923,-0.5863111257734744,0.40625,0.375
187,baseline_first,0.1322582465773754,0.08295666443210838,0.484375,0.28125,0.828125,1.0,0.734375,0.96875,1.0,0.0,0.0,0.0,0.0
187,oracle_min_ehull,0.05823420111601995,0.0413916225180075,0.875,0.453125,1.0,1.0,0.5625,0.921875,1.0,-0.07402404546135544,-0.5010452408934263,0.390625,0.171875
187,oracle_min_rmsd,0.09522260615983565,0.005853885570310449,0.625,0.265625,1.0,1.0,0.5625,0.921875,1.0,-0.03703564041753975,-0.9294344148190619,0.140625,-0.015625
187,oracle_stable_quality,0.05823420111601995,0.0413916225180075,0.875,0.453125,1.0,1.0,0.5625,0.921875,1.0,-0.07402404546135544,-0.5010452408934263,0.390625,0.171875
187,oracle_nus_quality,0.06524901249588615,0.043799180813901606,0.875,0.5625,1.0,1.0,0.6875,0.9375,1.0,-0.06700923408148925,-0.47202336167039605,0.390625,0.28125
188,baseline_first,0.1540408521189873,0.08623982292658613,0.359375,0.15625,0.828125,1.0,0.734375,0.984375,1.0,0.0,0.0,0.0,0.0
188,oracle_min_ehull,0.061044530560393405,0.036161553998118226,0.8125,0.46875,1.0,1.0,0.640625,0.953125,1.0,-0.09299632155859389,-0.5806861288560197,0.453125,0.3125
188,oracle_min_rmsd,0.0910664970146904,0.011765008316078858,0.65625,0.265625,1.0,1.0,0.5,0.90625,1.0,-0.0629743551042969,-0.8635780093600827,0.296875,0.109375
188,oracle_stable_quality,0.061044530560393405,0.036161553998118226,0.8125,0.46875,1.0,1.0,0.640625,0.953125,1.0,-0.09299632155859389,-0.5806861288560197,0.453125,0.3125
188,oracle_nus_quality,0.06822584134922008,0.02874236030982559,0.8125,0.59375,1.0,1.0,0.796875,0.96875,1.0,-0.08581501076976722,-0.6667159169112249,0.453125,0.4375
189,baseline_first,0.13398818215032776,0.03774045983672368,0.40625,0.1875,0.828125,1.0,0.671875,0.9375,1.0,0.0,0.0,0.0,0.0
189,oracle_min_ehull,0.057038892403121905,0.030135390509667313,0.859375,0.453125,1.0,1.0,0.5625,0.890625,1.0,-0.07694928974720586,-0.20150971556674535,0.453125,0.265625
189,oracle_min_rmsd,0.09560073063827591,0.005159008404221572,0.625,0.265625,1.0,1.0,0.5625,0.890625,1.0,-0.03838745151205185,-0.8633029797055743,0.21875,0.078125
189,oracle_stable_quality,0.057038892403121905,0.030135390509667313,0.859375,0.453125,1.0,1.0,0.5625,0.890625,1.0,-0.07694928974720586,-0.20150971556674535,0.453125,0.265625
189,oracle_nus_quality,0.06576973384497209,0.03606232534481581,0.859375,0.578125,1.0,1.0,0.71875,0.96875,1.0,-0.06821844830535567,-0.0444651310335904,0.453125,0.390625
190,baseline_first,0.13072079696896605,0.048106686097116644,0.5,0.25,0.875,1.0,0.734375,0.96875,1.0,0.0,0.0,0.0,0.0
190,oracle_min_ehull,0.05916456985101115,0.03757612588274269,0.828125,0.421875,1.0,1.0,0.5625,0.9375,1.0,-0.0715562271179549,-0.21890013777118433,0.328125,0.171875
190,oracle_min_rmsd,0.10647691193902198,0.006395252455606511,0.5625,0.1875,1.0,1.0,0.515625,0.96875,1.0,-0.024243885029944068,-0.8670610475496914,0.0625,-0.0625
190,oracle_stable_quality,0.05916456985101115,0.03757612588274269,0.828125,0.421875,1.0,1.0,0.5625,0.9375,1.0,-0.0715562271179549,-0.21890013777118433,0.328125,0.171875
190,oracle_nus_quality,0.07114282846955168,0.043376645082166806,0.828125,0.625,1.0,1.0,0.796875,0.984375,1.0,-0.059577968499414366,-0.09832398360180006,0.328125,0.375
191,baseline_first,0.1519629481346063,0.06894706062411249,0.34375,0.171875,0.84375,1.0,0.765625,0.96875,1.0,0.0,0.0,0.0,0.0
191,oracle_min_ehull,0.06287531871953041,0.030292319517962435,0.828125,0.453125,1.0,1.0,0.625,0.9375,1.0,-0.0890876294150759,-0.5606437860620201,0.484375,0.28125
191,oracle_min_rmsd,0.09698689514902137,0.006460922003951543,0.625,0.234375,1.0,1.0,0.53125,0.921875,1.0,-0.054976052985584944,-0.9062915525989516,0.28125,0.0625
191,oracle_stable_quality,0.06287531871953041,0.030292319517962435,0.828125,0.453125,1.0,1.0,0.625,0.9375,1.0,-0.0890876294150759,-0.5606437860620201,0.484375,0.28125
191,oracle_nus_quality,0.07111898679423684,0.02489704628368759,0.828125,0.65625,1.0,1.0,0.84375,0.9375,1.0,-0.08084396134036947,-0.6388961899417003,0.484375,0.484375
192,baseline_first,0.13999814380182657,0.10127623362982825,0.4375,0.25,0.796875,1.0,0.671875,0.890625,1.0,0.0,0.0,0.0,0.0
192,oracle_min_ehull,0.05674200086625171,0.013993277294172273,0.84375,0.40625,1.0,1.0,0.53125,0.921875,1.0,-0.08325614293557486,-0.8618305915154914,0.40625,0.15625
192,oracle_min_rmsd,0.0998096519416031,0.005533716248472384,0.609375,0.21875,1.0,1.0,0.5,0.921875,1.0,-0.04018849186022347,-0.9453601694085653,0.171875,-0.03125
192,oracle_stable_quality,0.05674200086625171,0.013993277294172273,0.84375,0.40625,1.0,1.0,0.53125,0.921875,1.0,-0.08325614293557486,-0.8618305915154914,0.40625,0.15625
192,oracle_nus_quality,0.06675445666526261,0.025344749742580747,0.84375,0.609375,1.0,1.0,0.78125,0.9375,1.0,-0.07324368713656396,-0.7497463241453313,0.40625,0.359375
193,baseline_first,0.1432472352670339,0.04768975925382751,0.375,0.203125,0.796875,1.0,0.75,0.984375,1.0,0.0,0.0,0.0,0.0
193,oracle_min_ehull,0.062360536078308645,0.023373645125676745,0.8125,0.390625,1.0,1.0,0.546875,0.921875,1.0,-0.08088669918872525,-0.5098812514177075,0.4375,0.1875
193,oracle_min_rmsd,0.10083908371647808,0.0065727564983876895,0.578125,0.203125,1.0,1.0,0.53125,0.90625,1.0,-0.042408151550555814,-0.8621767733528626,0.203125,0.0
193,oracle_stable_quality,0.062360536078308645,0.023373645125676745,0.8125,0.390625,1.0,1.0,0.546875,0.921875,1.0,-0.08088669918872525,-0.5098812514177075,0.4375,0.1875
193,oracle_nus_quality,0.07366079219417879,0.05819004061611252,0.8125,0.578125,1.0,1.0,0.765625,0.9375,1.0,-0.06958644307285511,0.22017895511691576,0.4375,0.375
194,baseline_first,0.1459307137938171,0.04791724848844896,0.375,0.21875,0.828125,1.0,0.796875,0.921875,1.0,0.0,0.0,0.0,0.0
194,oracle_min_ehull,0.06486825043862794,0.03535748522407066,0.859375,0.5,1.0,1.0,0.640625,0.9375,1.0,-0.08106246335518917,-0.2621136158810534,0.484375,0.28125
194,oracle_min_rmsd,0.11465180354098414,0.008016896121463196,0.5625,0.21875,1.0,1.0,0.5625,0.921875,1.0,-0.03127891025283297,-0.8326928950564478,0.1875,0.0
194,oracle_stable_quality,0.06486825043862794,0.03535748522407066,0.859375,0.5,1.0,1.0,0.640625,0.9375,1.0,-0.08106246335518917,-0.2621136158810534,0.484375,0.28125
194,oracle_nus_quality,0.06766209709915928,0.038003815790096464,0.859375,0.609375,1.0,1.0,0.734375,0.96875,1.0,-0.07826861669465783,-0.2068865181343259,0.484375,0.390625
195,baseline_first,0.15143808556579047,0.08269375068562596,0.359375,0.203125,0.8125,1.0,0.796875,0.96875,1.0,0.0,0.0,0.0,0.0
195,oracle_min_ehull,0.0640172494448285,0.031816128497650364,0.78125,0.453125,1.0,1.0,0.625,0.9375,1.0,-0.08742083612096196,-0.6152535320522022,0.421875,0.25
195,oracle_min_rmsd,0.09261258780098136,0.012108803682930094,0.640625,0.21875,1.0,1.0,0.5,0.9375,1.0,-0.05882549776480911,-0.8535705106790509,0.28125,0.015625
195,oracle_stable_quality,0.0640172494448285,0.031816128497650364,0.78125,0.453125,1.0,1.0,0.625,0.9375,1.0,-0.08742083612096196,-0.6152535320522022,0.421875,0.25
195,oracle_nus_quality,0.07254059891005044,0.03556226997474675,0.78125,0.5625,1.0,1.0,0.78125,0.953125,1.0,-0.07889748665574003,-0.5699521465661579,0.421875,0.359375
196,baseline_first,0.14114347500794233,0.04664054145865584,0.375,0.203125,0.78125,1.0,0.734375,0.953125,1.0,0.0,0.0,0.0,0.0
196,oracle_min_ehull,0.05696584522325336,0.026968814737144853,0.859375,0.46875,1.0,1.0,0.578125,0.9375,1.0,-0.08417762978468897,-0.421773120686192,0.484375,0.265625
196,oracle_min_rmsd,0.10060999000533018,0.00803332480795177,0.640625,0.21875,1.0,1.0,0.46875,0.875,1.0,-0.040533485002612155,-0.8277609016380556,0.265625,0.015625
196,oracle_stable_quality,0.05696584522325336,0.026968814737144853,0.859375,0.46875,1.0,1.0,0.578125,0.9375,1.0,-0.08417762978468897,-0.421773120686192,0.484375,0.265625
196,oracle_nus_quality,0.07032245930875229,0.029526409920724854,0.859375,0.625,1.0,1.0,0.78125,0.953125,1.0,-0.07082101569919004,-0.36693681082372687,0.484375,0.421875
197,baseline_first,0.1389618127286928,0.051567117442232725,0.453125,0.34375,0.875,1.0,0.828125,0.953125,1.0,0.0,0.0,0.0,0.0
197,oracle_min_ehull,0.06506597449328065,0.04203083409155692,0.8125,0.4375,1.0,1.0,0.59375,0.9375,1.0,-0.07389583823541214,-0.18492954083304503,0.359375,0.09375
197,oracle_min_rmsd,0.10966826398219828,0.00754685605684101,0.53125,0.1875,1.0,1.0,0.53125,0.921875,1.0,-0.029293548746494508,-0.853649836733743,0.078125,-0.15625
197,oracle_stable_quality,0.06506597449328065,0.04203083409155692,0.8125,0.4375,1.0,1.0,0.59375,0.9375,1.0,-0.07389583823541214,-0.18492954083304503,0.359375,0.09375
197,oracle_nus_quality,0.07127139161346643,0.045878791498089655,0.8125,0.609375,1.0,1.0,0.796875,0.96875,1.0,-0.06769042111522636,-0.11030917038392407,0.359375,0.265625
198,baseline_first,0.13693047939252434,0.053690964355468204,0.4375,0.21875,0.875,1.0,0.703125,0.9375,1.0,0.0,0.0,0.0,0.0
198,oracle_min_ehull,0.0596465609047013,0.01778131875859666,0.875,0.5625,1.0,1.0,0.671875,0.9375,1.0,-0.07728391848782304,-0.6688210209659662,0.4375,0.34375
198,oracle_min_rmsd,0.09744803528423243,0.0066545156263682365,0.578125,0.28125,1.0,1.0,0.609375,0.890625,1.0,-0.03948244410829191,-0.8760589289789782,0.140625,0.0625
198,oracle_stable_quality,0.0596465609047013,0.01778131875859666,0.875,0.5625,1.0,1.0,0.671875,0.9375,1.0,-0.07728391848782304,-0.6688210209659662,0.4375,0.34375
198,oracle_nus_quality,0.06439526417793384,0.02651429573299445,0.875,0.703125,1.0,1.0,0.828125,0.96875,1.0,-0.0725352152145905,-0.5061683832413026,0.4375,0.484375
199,baseline_first,0.1635467749942211,0.07178921688673673,0.296875,0.125,0.84375,1.0,0.703125,0.9375,1.0,0.0,0.0,0.0,0.0
199,oracle_min_ehull,0.05675242569150147,0.031826099028797385,0.875,0.421875,1.0,1.0,0.5625,0.90625,1.0,-0.10679434930271964,-0.5566729878247585,0.578125,0.296875
199,oracle_min_rmsd,0.10901447913236567,0.004911252718196202,0.546875,0.203125,1.0,1.0,0.53125,0.9375,1.0,-0.05453229586185543,-0.9315878772442276,0.25,0.078125
199,oracle_stable_quality,0.05675242569150147,0.031826099028797385,0.875,0.421875,1.0,1.0,0.5625,0.90625,1.0,-0.10679434930271964,-0.5566729878247585,0.578125,0.296875
199,oracle_nus_quality,0.06347874477000656,0.025654671387181912,0.875,0.609375,1.0,1.0,0.734375,0.921875,1.0,-0.10006803022421454,-0.6426389296367754,0.578125,0.484375
200,baseline_first,0.14481383247556387,0.05763841233514959,0.4375,0.25,0.9375,1.0,0.703125,0.921875,1.0,0.0,0.0,0.0,0.0
200,oracle_min_ehull,0.05913025678900773,0.02313841919132755,0.84375,0.484375,1.0,1.0,0.59375,0.9375,1.0,-0.08568357568655613,-0.5985590467554036,0.40625,0.234375
200,oracle_min_rmsd,0.10580300065921891,0.0070787973524933274,0.5625,0.234375,1.0,1.0,0.59375,0.90625,1.0,-0.03901083181634496,-0.8771861148545816,0.125,-0.015625
200,oracle_stable_quality,0.05913025678900773,0.02313841919132755,0.84375,0.484375,1.0,1.0,0.59375,0.9375,1.0,-0.08568357568655613,-0.5985590467554036,0.40625,0.234375
200,oracle_nus_quality,0.06695225933264204,0.029148473283965484,0.84375,0.640625,1.0,1.0,0.8125,0.96875,1.0,-0.07786157314292183,-0.4942873666527089,0.40625,0.390625
201,baseline_first,0.12286007836707674,0.04087370835207581,0.453125,0.296875,0.796875,1.0,0.765625,0.984375,1.0,0.0,0.0,0.0,0.0
201,oracle_min_ehull,0.06452790481505971,0.05587295109864064,0.84375,0.4375,1.0,1.0,0.5625,0.9375,1.0,-0.05833217355201703,0.36696554707894724,0.390625,0.140625
201,oracle_min_rmsd,0.11338535749281599,0.007076831066900077,0.53125,0.203125,1.0,1.0,0.59375,0.90625,1.0,-0.009474720874260753,-0.8268610470588565,0.078125,-0.09375
201,oracle_stable_quality,0.06452790481505971,0.05587295109864064,0.84375,0.4375,1.0,1.0,0.5625,0.9375,1.0,-0.05833217355201703,0.36696554707894724,0.390625,0.140625
201,oracle_nus_quality,0.07041613718211974,0.06671191280478445,0.84375,0.625,1.0,1.0,0.78125,0.953125,1.0,-0.052443941184957,0.6321473018827866,0.390625,0.328125
202,baseline_first,0.1500922541530375,0.050473005487878496,0.296875,0.125,0.828125,1.0,0.6875,0.90625,1.0,0.0,0.0,0.0,0.0
202,oracle_min_ehull,0.06024769999379728,0.027338014356094512,0.859375,0.484375,1.0,1.0,0.59375,0.921875,1.0,-0.08984455415924023,-0.45836365217720276,0.5625,0.359375
202,oracle_min_rmsd,0.0927254819017093,0.007116017489598902,0.609375,0.234375,1.0,1.0,0.53125,0.890625,1.0,-0.057366772251328205,-0.859013398928505,0.3125,0.109375
202,oracle_stable_quality,0.06024769999379728,0.027338014356094512,0.859375,0.484375,1.0,1.0,0.59375,0.921875,1.0,-0.08984455415924023,-0.45836365217720276,0.5625,0.359375
202,oracle_nus_quality,0.07166911819973815,0.03526791361133866,0.859375,0.609375,1.0,1.0,0.75,0.953125,1.0,-0.07842313595329936,-0.3012519609158496,0.5625,0.484375
203,baseline_first,0.16464842204937846,0.07458065875095041,0.328125,0.203125,0.828125,1.0,0.796875,0.953125,1.0,0.0,0.0,0.0,0.0
203,oracle_min_ehull,0.058387412100093,0.04346521058128381,0.828125,0.453125,1.0,1.0,0.59375,0.9375,1.0,-0.10626100994928546,-0.4172053276382476,0.5,0.25
203,oracle_min_rmsd,0.09938725983078392,0.007040859920200106,0.59375,0.28125,1.0,1.0,0.609375,0.90625,1.0,-0.06526116221859454,-0.9055940234624117,0.265625,0.078125
203,oracle_stable_quality,0.058387412100093,0.04346521058128381,0.828125,0.453125,1.0,1.0,0.59375,0.9375,1.0,-0.10626100994928546,-0.4172053276382476,0.5,0.25
203,oracle_nus_quality,0.07115110552028078,0.05889126884144533,0.828125,0.65625,1.0,1.0,0.84375,0.953125,1.0,-0.09349731652909768,-0.210368078966655,0.5,0.453125
204,baseline_first,0.14700880266270136,0.04242062867833449,0.4375,0.203125,0.84375,1.0,0.71875,0.96875,1.0,0.0,0.0,0.0,0.0
204,oracle_min_ehull,0.05819466656942753,0.022380233018604687,0.90625,0.4375,1.0,1.0,0.5,0.921875,1.0,-0.08881413609327382,-0.47242099620190314,0.46875,0.234375
204,oracle_min_rmsd,0.10466275959348849,0.005345212952440627,0.59375,0.25,1.0,1.0,0.578125,0.890625,1.0,-0.04234604306921287,-0.8739949614379339,0.15625,0.046875
204,oracle_stable_quality,0.05819466656942753,0.022380233018604687,0.90625,0.4375,1.0,1.0,0.5,0.921875,1.0,-0.08881413609327382,-0.47242099620190314,0.46875,0.234375
204,oracle_nus_quality,0.06469732669507952,0.016816435065428043,0.90625,0.625,1.0,1.0,0.71875,0.96875,1.0,-0.08231147596762184,-0.6035788344170224,0.46875,0.421875
205,baseline_first,0.15219909846525456,0.06318933063320747,0.359375,0.21875,0.8125,1.0,0.8125,0.984375,1.0,0.0,0.0,0.0,0.0
205,oracle_min_ehull,0.05802977557927945,0.02177444400454935,0.875,0.484375,1.0,1.0,0.59375,0.9375,1.0,-0.09416932288597511,-0.6554094846969882,0.515625,0.265625
205,oracle_min_rmsd,0.09542968585276704,0.006287360817206754,0.59375,0.3125,1.0,1.0,0.640625,0.953125,1.0,-0.056769412612487524,-0.9004996452058854,0.234375,0.09375
205,oracle_stable_quality,0.05802977557927945,0.02177444400454935,0.875,0.484375,1.0,1.0,0.59375,0.9375,1.0,-0.09416932288597511,-0.6554094846969882,0.515625,0.265625
205,oracle_nus_quality,0.06502239847727632,0.02484987103109378,0.875,0.609375,1.0,1.0,0.75,0.9375,1.0,-0.08717669998797824,-0.6067394482252264,0.515625,0.390625
206,baseline_first,0.15479971140839124,0.098487022143308,0.375,0.234375,0.828125,1.0,0.78125,0.96875,1.0,0.0,0.0,0.0,0.0
206,oracle_min_ehull,0.05528168333616046,0.02186134631936286,0.890625,0.453125,1.0,1.0,0.5625,0.921875,1.0,-0.09951802807223079,-0.7780281518964751,0.515625,0.21875
206,oracle_min_rmsd,0.09658905740344205,0.006006919588957492,0.609375,0.234375,1.0,1.0,0.53125,0.9375,1.0,-0.058210654004949194,-0.9390080087890479,0.234375,0.0
206,oracle_stable_quality,0.05528168333616046,0.02186134631936286,0.890625,0.453125,1.0,1.0,0.5625,0.921875,1.0,-0.09951802807223079,-0.7780281518964751,0.515625,0.21875
206,oracle_nus_quality,0.06286842430676873,0.04547747251510716,0.890625,0.640625,1.0,1.0,0.734375,0.953125,1.0,-0.09193128710162252,-0.5382389321414033,0.515625,0.40625
207,baseline_first,0.14420550949513844,0.04672600660413651,0.40625,0.234375,0.828125,1.0,0.75,0.953125,1.0,0.0,0.0,0.0,0.0
207,oracle_min_ehull,0.06222101640005776,0.025114405196931307,0.84375,0.4375,1.0,1.0,0.578125,0.9375,1.0,-0.08198449309508068,-0.4625176208679471,0.4375,0.203125
207,oracle_min_rmsd,0.09367202324320427,0.0059842276746372245,0.625,0.203125,1.0,1.0,0.46875,0.890625,1.0,-0.05053348625193417,-0.8719294005726683,0.21875,-0.03125
207,oracle_stable_quality,0.06222101640005776,0.025114405196931307,0.84375,0.4375,1.0,1.0,0.578125,0.9375,1.0,-0.08198449309508068,-0.4625176208679471,0.4375,0.203125
207,oracle_nus_quality,0.07368904978482681,0.021498100053532698,0.84375,0.640625,1.0,1.0,0.796875,0.953125,1.0,-0.07051645971031163,-0.5399114622470319,0.4375,0.40625
208,baseline_first,0.1365009520738451,0.04145142473604757,0.484375,0.34375,0.828125,1.0,0.796875,0.96875,1.0,0.0,0.0,0.0,0.0
208,oracle_min_ehull,0.0627244509157818,0.0311022037519676,0.796875,0.453125,1.0,1.0,0.65625,0.90625,1.0,-0.0737765011580633,-0.24967105594032657,0.3125,0.109375
208,oracle_min_rmsd,0.10027761036657526,0.007380178721819286,0.546875,0.203125,1.0,1.0,0.5625,0.921875,1.0,-0.036223341707269846,-0.8219559696967127,0.0625,-0.140625
208,oracle_stable_quality,0.0627244509157818,0.0311022037519676,0.796875,0.453125,1.0,1.0,0.65625,0.90625,1.0,-0.0737765011580633,-0.24967105594032657,0.3125,0.109375
208,oracle_nus_quality,0.07026014562519989,0.02396630102502982,0.796875,0.640625,1.0,1.0,0.859375,0.953125,1.0,-0.06624080644864522,-0.4218220199271484,0.3125,0.296875
209,baseline_first,0.14306202297575937,0.06349028269114762,0.40625,0.296875,0.875,1.0,0.796875,0.984375,1.0,0.0,0.0,0.0,0.0
209,oracle_min_ehull,0.062482601789295,0.04946273733379121,0.875,0.421875,1.0,1.0,0.53125,0.921875,1.0,-0.08057942118646437,-0.22094003621931035,0.46875,0.125
209,oracle_min_rmsd,0.10589186339919815,0.00751393263704976,0.59375,0.203125,1.0,1.0,0.53125,0.90625,1.0,-0.037170159576561224,-0.8816522415941704,0.1875,-0.09375
209,oracle_stable_quality,0.062482601789295,0.04946273733379121,0.875,0.421875,1.0,1.0,0.53125,0.921875,1.0,-0.08057942118646437,-0.22094003621931035,0.46875,0.125
209,oracle_nus_quality,0.06867745405154521,0.04343142533166888,0.875,0.59375,1.0,1.0,0.703125,0.96875,1.0,-0.07438456892421416,-0.31593586465910506,0.46875,0.296875
210,baseline_first,0.14168812543037201,0.08752143890444672,0.40625,0.171875,0.828125,1.0,0.6875,0.96875,1.0,0.0,0.0,0.0,0.0
210,oracle_min_ehull,0.06781946656842802,0.026630573903851335,0.796875,0.4375,1.0,1.0,0.625,0.953125,1.0,-0.07386865886194399,-0.6957251361814812,0.390625,0.265625
210,oracle_min_rmsd,0.10596851361697879,0.007406038010157387,0.625,0.296875,1.0,1.0,0.625,0.953125,1.0,-0.035719611813393226,-0.9153802987832149,0.21875,0.125
210,oracle_stable_quality,0.06781946656842802,0.026630573903851335,0.796875,0.4375,1.0,1.0,0.625,0.953125,1.0,-0.07386865886194399,-0.6957251361814812,0.390625,0.265625
210,oracle_nus_quality,0.07606762507422277,0.04688892001288911,0.796875,0.5625,1.0,1.0,0.765625,0.96875,1.0,-0.06562050035614925,-0.46425789383923377,0.390625,0.390625
211,baseline_first,0.1339759275718856,0.06039059391094796,0.46875,0.25,0.828125,1.0,0.703125,0.96875,1.0,0.0,0.0,0.0,0.0
211,oracle_min_ehull,0.06384551475745244,0.0308613548073538,0.890625,0.5,1.0,1.0,0.625,0.96875,1.0,-0.07013041281443315,-0.48897083454979784,0.421875,0.25
211,oracle_min_rmsd,0.11091150127653718,0.008053895237355637,0.53125,0.234375,1.0,1.0,0.5625,0.9375,1.0,-0.02306442629534841,-0.8666365949433794,0.0625,-0.015625
211,oracle_stable_quality,0.06384551475745244,0.0308613548073538,0.890625,0.5,1.0,1.0,0.625,0.96875,1.0,-0.07013041281443315,-0.48897083454979784,0.421875,0.25
211,oracle_nus_quality,0.06763032503632266,0.032167730815783696,0.890625,0.609375,1.0,1.0,0.71875,1.0,1.0,-0.06634560253556293,-0.4673387239208432,0.421875,0.359375
212,baseline_first,0.15501913468262268,0.1156231120666334,0.390625,0.203125,0.8125,1.0,0.765625,0.984375,1.0,0.0,0.0,0.0,0.0
212,oracle_min_ehull,0.058575161791985395,0.042300376572329886,0.828125,0.390625,1.0,1.0,0.53125,0.921875,1.0,-0.09644397289063729,-0.634152931742987,0.4375,0.1875
212,oracle_min_rmsd,0.10340275766748412,0.007114747760744131,0.5625,0.25,1.0,1.0,0.53125,0.90625,1.0,-0.05161637701513856,-0.9384660416626399,0.171875,0.046875
212,oracle_stable_quality,0.058575161791985395,0.042300376572329886,0.828125,0.390625,1.0,1.0,0.53125,0.921875,1.0,-0.09644397289063729,-0.634152931742987,0.4375,0.1875
212,oracle_nus_quality,0.06914598710422037,0.047986258976399104,0.828125,0.625,1.0,1.0,0.796875,0.96875,1.0,-0.08587314757840231,-0.5849769296233377,0.4375,0.421875
213,baseline_first,0.14649254470158432,0.07992798534869652,0.375,0.15625,0.8125,1.0,0.640625,0.953125,1.0,0.0,0.0,0.0,0.0
213,oracle_min_ehull,0.05806171276381479,0.02920295752269412,0.859375,0.453125,1.0,1.0,0.578125,0.953125,1.0,-0.08843083193776953,-0.634634134774043,0.484375,0.296875
213,oracle_min_rmsd,0.1028895327144248,0.006342435036469635,0.625,0.234375,1.0,1.0,0.546875,0.921875,1.0,-0.04360301198715952,-0.920648130829272,0.25,0.078125
213,oracle_stable_quality,0.05806171276381479,0.02920295752269412,0.859375,0.453125,1.0,1.0,0.578125,0.953125,1.0,-0.08843083193776953,-0.634634134774043,0.484375,0.296875
213,oracle_nus_quality,0.06372094574885794,0.03248498388802228,0.859375,0.578125,1.0,1.0,0.734375,0.953125,1.0,-0.08277159895272639,-0.5935718416234039,0.484375,0.421875
214,baseline_first,0.14767399534634462,0.07208148595889007,0.375,0.203125,0.796875,1.0,0.765625,0.984375,1.0,0.0,0.0,0.0,0.0
214,oracle_min_ehull,0.059651559128756915,0.027627659394255995,0.828125,0.4375,1.0,1.0,0.5625,0.921875,1.0,-0.08802243621758771,-0.6167162895335876,0.453125,0.234375
214,oracle_min_rmsd,0.08975953574874827,0.004764391615091653,0.65625,0.28125,1.0,1.0,0.53125,0.890625,1.0,-0.05791445959759635,-0.9339026998165811,0.28125,0.078125
214,oracle_stable_quality,0.059651559128756915,0.027627659394255995,0.828125,0.4375,1.0,1.0,0.5625,0.921875,1.0,-0.08802243621758771,-0.6167162895335876,0.453125,0.234375
214,oracle_nus_quality,0.06954250964983516,0.048457694577576704,0.828125,0.640625,1.0,1.0,0.8125,0.984375,1.0,-0.07813148569650946,-0.3277372971304534,0.453125,0.4375
215,baseline_first,0.14416397881948909,0.08325438396635068,0.34375,0.1875,0.859375,1.0,0.765625,0.96875,1.0,0.0,0.0,0.0,0.0
215,oracle_min_ehull,0.06199157404702729,0.01770936045835314,0.859375,0.4375,1.0,1.0,0.515625,0.90625,1.0,-0.0821724047724618,-0.7872861510150526,0.515625,0.25
215,oracle_min_rmsd,0.09616822953169722,0.0068997578385463255,0.640625,0.265625,1.0,1.0,0.546875,0.921875,1.0,-0.047995749287791864,-0.9171243902142735,0.296875,0.078125
215,oracle_stable_quality,0.06199157404702729,0.01770936045835314,0.859375,0.4375,1.0,1.0,0.515625,0.90625,1.0,-0.0821724047724618,-0.7872861510150526,0.515625,0.25
215,oracle_nus_quality,0.07179669754317568,0.04374055124636872,0.859375,0.65625,1.0,1.0,0.796875,0.96875,1.0,-0.07236728127631341,-0.4746156398917377,0.515625,0.46875
216,baseline_first,0.13479566960548756,0.06902565014903625,0.484375,0.296875,0.796875,1.0,0.75,0.96875,1.0,0.0,0.0,0.0,0.0
216,oracle_min_ehull,0.06672531659244421,0.025083890791836767,0.828125,0.40625,1.0,1.0,0.5625,0.953125,1.0,-0.06807035301304334,-0.6366004414637594,0.34375,0.109375
216,oracle_min_rmsd,0.09261972837084578,0.006182579564726297,0.625,0.21875,1.0,1.0,0.546875,0.921875,1.0,-0.04217594123464177,-0.9104306942219708,0.140625,-0.078125
216,oracle_stable_quality,0.06672531659244421,0.025083890791836767,0.828125,0.40625,1.0,1.0,0.5625,0.953125,1.0,-0.06807035301304334,-0.6366004414637594,0.34375,0.109375
216,oracle_nus_quality,0.07247820741148442,0.029841453220781636,0.828125,0.578125,1.0,1.0,0.765625,0.953125,1.0,-0.06231746219400314,-0.5676758834382629,0.34375,0.28125
217,baseline_first,0.1385601635187809,0.039201721064824654,0.390625,0.1875,0.8125,1.0,0.703125,0.921875,1.0,0.0,0.0,0.0,0.0
217,oracle_min_ehull,0.05956596520257832,0.022281344197701447,0.828125,0.375,1.0,1.0,0.53125,0.90625,1.0,-0.07899419831620258,-0.43162331671977805,0.4375,0.1875
217,oracle_min_rmsd,0.10129441701419059,0.007215957264338083,0.578125,0.234375,1.0,1.0,0.578125,0.921875,1.0,-0.0372657465045903,-0.8159275391913112,0.1875,0.046875
217,oracle_stable_quality,0.05956596520257832,0.022281344197701447,0.828125,0.375,1.0,1.0,0.53125,0.90625,1.0,-0.07899419831620258,-0.43162331671977805,0.4375,0.1875
217,oracle_nus_quality,0.06689787289396826,0.01650808087242424,0.828125,0.5625,1.0,1.0,0.75,0.9375,1.0,-0.07166229062481264,-0.5788939764882723,0.4375,0.375
218,baseline_first,0.13871145611675595,0.035446258469013864,0.421875,0.21875,0.890625,1.0,0.75,0.953125,1.0,0.0,0.0,0.0,0.0
218,oracle_min_ehull,0.061690800237334545,0.024890870616187076,0.84375,0.390625,1.0,1.0,0.546875,0.9375,1.0,-0.0770206558794214,-0.2977856707233012,0.421875,0.171875
218,oracle_min_rmsd,0.09727733748354894,0.007379377227411266,0.640625,0.234375,1.0,1.0,0.546875,0.890625,1.0,-0.04143411863320701,-0.7918150590178055,0.21875,0.015625
218,oracle_stable_quality,0.061690800237334545,0.024890870616187076,0.84375,0.390625,1.0,1.0,0.546875,0.9375,1.0,-0.0770206558794214,-0.2977856707233012,0.421875,0.171875
218,oracle_nus_quality,0.07210876467069721,0.041120372020557114,0.84375,0.6875,1.0,1.0,0.84375,0.953125,1.0,-0.06660269144605874,0.16007651573447168,0.421875,0.46875
219,baseline_first,0.1675579162524195,0.05517505431624559,0.28125,0.125,0.828125,1.0,0.78125,0.9375,1.0,0.0,0.0,0.0,0.0
219,oracle_min_ehull,0.05261606250374551,0.03227597124583888,0.90625,0.484375,1.0,1.0,0.5625,0.90625,1.0,-0.114941853748674,-0.4150260177209173,0.625,0.359375
219,oracle_min_rmsd,0.09105124554721616,0.006022832689846414,0.640625,0.265625,1.0,1.0,0.546875,0.921875,1.0,-0.07650667070520334,-0.8908413817714527,0.359375,0.140625
219,oracle_stable_quality,0.05261606250374551,0.03227597124583888,0.90625,0.484375,1.0,1.0,0.5625,0.90625,1.0,-0.114941853748674,-0.4150260177209173,0.625,0.359375
219,oracle_nus_quality,0.0619459266930408,0.029515199996464028,0.90625,0.609375,1.0,1.0,0.71875,0.953125,1.0,-0.1056119895593787,-0.46506260189083937,0.625,0.484375
220,baseline_first,0.13692936169089057,0.06935766226963257,0.453125,0.203125,0.890625,1.0,0.640625,0.953125,1.0,0.0,0.0,0.0,0.0
220,oracle_min_ehull,0.063525982397622,0.04402455338050809,0.859375,0.515625,1.0,1.0,0.59375,0.9375,1.0,-0.07340337929326857,-0.365253211543381,0.40625,0.3125
220,oracle_min_rmsd,0.10134503104497608,0.006775001737955601,0.625,0.28125,1.0,1.0,0.53125,0.921875,1.0,-0.035584330645914486,-0.9023179052428651,0.171875,0.078125
220,oracle_stable_quality,0.063525982397622,0.04402455338050809,0.859375,0.515625,1.0,1.0,0.59375,0.9375,1.0,-0.07340337929326857,-0.365253211543381,0.40625,0.3125
220,oracle_nus_quality,0.0765233524343189,0.05461331521222833,0.859375,0.671875,1.0,1.0,0.828125,0.984375,1.0,-0.06040600925657166,-0.21258425637364475,0.40625,0.46875
221,baseline_first,0.1457554591345933,0.07003041350300833,0.375,0.296875,0.84375,1.0,0.890625,0.96875,1.0,0.0,0.0,0.0,0.0
221,oracle_min_ehull,0.057759866896268976,0.04185331122740596,0.84375,0.421875,1.0,1.0,0.53125,0.953125,1.0,-0.08799559223832434,-0.4023552177710896,0.46875,0.125
221,oracle_min_rmsd,0.09478712745119716,0.004789608071774239,0.640625,0.28125,1.0,1.0,0.546875,0.9375,1.0,-0.05096833168339615,-0.9316067429536384,0.265625,-0.015625
221,oracle_stable_quality,0.057759866896268976,0.04185331122740596,0.84375,0.421875,1.0,1.0,0.53125,0.953125,1.0,-0.08799559223832434,-0.4023552177710896,0.46875,0.125
221,oracle_nus_quality,0.0652188093369523,0.051088192685074675,0.84375,0.609375,1.0,1.0,0.765625,0.984375,1.0,-0.08053664979764101,-0.2704856343182943,0.46875,0.3125
222,baseline_first,0.15392294562617148,0.075969677065422,0.421875,0.296875,0.75,1.0,0.828125,1.0,1.0,0.0,0.0,0.0,0.0
222,oracle_min_ehull,0.05861356998139421,0.014477996048336886,0.890625,0.421875,1.0,1.0,0.53125,0.921875,1.0,-0.09530937564477726,-0.8094240148491216,0.46875,0.125
222,oracle_min_rmsd,0.09672409336630415,0.006439250448016852,0.609375,0.203125,1.0,1.0,0.5,0.90625,1.0,-0.05719885225986733,-0.9152392020506862,0.1875,-0.09375
222,oracle_stable_quality,0.05861356998139421,0.014477996048336886,0.890625,0.421875,1.0,1.0,0.53125,0.921875,1.0,-0.09530937564477726,-0.8094240148491216,0.46875,0.125
222,oracle_nus_quality,0.062212903169858835,0.016938150402170997,0.890625,0.546875,1.0,1.0,0.671875,0.953125,1.0,-0.09171004245631265,-0.7770406423133199,0.46875,0.25
223,baseline_first,0.14704454263138944,0.04798129248295153,0.421875,0.21875,0.890625,1.0,0.734375,0.984375,1.0,0.0,0.0,0.0,0.0
223,oracle_min_ehull,0.0629775900274778,0.02873301112026775,0.828125,0.453125,1.0,1.0,0.625,0.9375,1.0,-0.08406695260391164,-0.40116221065789304,0.40625,0.234375
223,oracle_min_rmsd,0.103098720283336,0.006269810459675021,0.5625,0.21875,1.0,1.0,0.546875,0.890625,1.0,-0.04394582234805344,-0.8693280206675804,0.140625,0.0
223,oracle_stable_quality,0.0629775900274778,0.02873301112026775,0.828125,0.453125,1.0,1.0,0.625,0.9375,1.0,-0.08406695260391164,-0.40116221065789304,0.40625,0.234375
223,oracle_nus_quality,0.06743638772781312,0.025330641202406218,0.828125,0.625,1.0,1.0,0.8125,0.953125,1.0,-0.07960815490357633,-0.47207255387281255,0.40625,0.40625
224,baseline_first,0.13103807616915641,0.04322502103159384,0.484375,0.265625,0.90625,1.0,0.703125,0.9375,1.0,0.0,0.0,0.0,0.0
224,oracle_min_ehull,0.05525103004496265,0.018303020032175692,0.921875,0.453125,1.0,1.0,0.546875,0.921875,1.0,-0.07578704612419376,-0.5765642307311376,0.4375,0.1875
224,oracle_min_rmsd,0.09556351219491727,0.005035755789375507,0.640625,0.21875,1.0,1.0,0.5,0.90625,1.0,-0.03547456397423915,-0.8834990551954898,0.15625,-0.046875
224,oracle_stable_quality,0.05525103004496265,0.018303020032175692,0.921875,0.453125,1.0,1.0,0.546875,0.921875,1.0,-0.07578704612419376,-0.5765642307311376,0.4375,0.1875
224,oracle_nus_quality,0.06116617474282825,0.03964269683815185,0.921875,0.625,1.0,1.0,0.703125,0.953125,1.0,-0.06987190142632817,-0.0828761700502959,0.4375,0.359375
225,baseline_first,0.15071699746969924,0.03960484155383891,0.375,0.234375,0.828125,1.0,0.734375,0.921875,1.0,0.0,0.0,0.0,0.0
225,oracle_min_ehull,0.0556653417021042,0.02909964566520086,0.875,0.421875,1.0,1.0,0.515625,0.90625,1.0,-0.09505165576759504,-0.26525029457212346,0.5,0.1875
225,oracle_min_rmsd,0.097682607591939,0.005654006148180179,0.59375,0.21875,1.0,1.0,0.53125,0.90625,1.0,-0.05303438987776024,-0.8572395210698138,0.21875,-0.015625
225,oracle_stable_quality,0.0556653417021042,0.02909964566520086,0.875,0.421875,1.0,1.0,0.515625,0.90625,1.0,-0.09505165576759504,-0.26525029457212346,0.5,0.1875
225,oracle_nus_quality,0.0647320312087755,0.034283130521931326,0.875,0.609375,1.0,1.0,0.734375,0.953125,1.0,-0.08598496626092374,-0.13437021392127613,0.5,0.375
226,baseline_first,0.13852195257628735,0.040887414470937904,0.546875,0.328125,0.859375,1.0,0.734375,0.921875,1.0,0.0,0.0,0.0,0.0
226,oracle_min_ehull,0.060080701152468066,0.014949094215054828,0.875,0.40625,1.0,1.0,0.5,0.9375,1.0,-0.07844125142381929,-0.6343839685514867,0.328125,0.078125
226,oracle_min_rmsd,0.09518428117156363,0.005602386575092008,0.65625,0.25,1.0,1.0,0.5,0.90625,1.0,-0.04333767140472372,-0.8629801701187516,0.109375,-0.078125
226,oracle_stable_quality,0.060080701152468066,0.014949094215054828,0.875,0.40625,1.0,1.0,0.5,0.9375,1.0,-0.07844125142381929,-0.6343839685514867,0.328125,0.078125
226,oracle_nus_quality,0.07083368269489376,0.020236566770703533,0.875,0.609375,1.0,1.0,0.71875,0.96875,1.0,-0.06768826988139359,-0.5050661179594188,0.328125,0.28125
227,baseline_first,0.12432744858219205,0.06685369188823592,0.53125,0.296875,0.875,1.0,0.703125,0.96875,1.0,0.0,0.0,0.0,0.0
227,oracle_min_ehull,0.05606503450826018,0.02293499399754059,0.890625,0.4375,0.984375,1.0,0.5625,0.9375,1.0,-0.06826241407393188,-0.6569375101096488,0.359375,0.140625
227,oracle_min_rmsd,0.09050901693169147,0.004799521635168028,0.625,0.234375,0.984375,1.0,0.5,0.890625,1.0,-0.03381843165050058,-0.928208577572773,0.09375,-0.0625
227,oracle_stable_quality,0.05606503450826018,0.02293499399754059,0.890625,0.4375,0.984375,1.0,0.5625,0.9375,1.0,-0.06826241407393188,-0.6569375101096488,0.359375,0.140625
227,oracle_nus_quality,0.0623956084907192,0.03427135176230148,0.890625,0.578125,0.984375,1.0,0.703125,0.9375,1.0,-0.06193184009147285,-0.4873678506851149,0.359375,0.28125
228,baseline_first,0.1291618732574142,0.03905595761591342,0.421875,0.25,0.921875,1.0,0.75,0.953125,1.0,0.0,0.0,0.0,0.0
228,oracle_min_ehull,0.05926676087342486,0.024606347059790735,0.875,0.4375,1.0,1.0,0.515625,0.921875,1.0,-0.06989511238398935,-0.36997199500839184,0.453125,0.1875
228,oracle_min_rmsd,0.09927268185309077,0.006172637419265271,0.609375,0.234375,1.0,1.0,0.546875,0.90625,1.0,-0.029889191404323445,-0.8419540117293086,0.1875,-0.015625
228,oracle_stable_quality,0.05926676087342486,0.024606347059790735,0.875,0.4375,1.0,1.0,0.515625,0.921875,1.0,-0.06989511238398935,-0.36997199500839184,0.453125,0.1875
228,oracle_nus_quality,0.06927566829065479,0.024048077049985087,0.875,0.609375,1.0,1.0,0.75,0.953125,1.0,-0.05988620496675942,-0.3842661013082763,0.453125,0.359375
229,baseline_first,0.15079134742560263,0.04892629433658442,0.390625,0.203125,0.765625,1.0,0.765625,0.96875,1.0,0.0,0.0,0.0,0.0
229,oracle_min_ehull,0.05869865081939566,0.0442509111006134,0.875,0.5,1.0,1.0,0.59375,0.921875,1.0,-0.09209269660620698,-0.09555972507966992,0.484375,0.296875
229,oracle_min_rmsd,0.10704721619213536,0.010389424549786785,0.5625,0.21875,1.0,1.0,0.546875,0.921875,1.0,-0.043744131233467265,-0.7876515135539677,0.171875,0.015625
229,oracle_stable_quality,0.05869865081939566,0.0442509111006134,0.875,0.5,1.0,1.0,0.59375,0.921875,1.0,-0.09209269660620698,-0.09555972507966992,0.484375,0.296875
229,oracle_nus_quality,0.0694078852958063,0.051163508057275674,0.875,0.734375,1.0,1.0,0.84375,0.96875,1.0,-0.08138346212979633,0.04572620409999839,0.484375,0.53125
230,baseline_first,0.14622488571966794,0.041593000013399904,0.40625,0.25,0.921875,1.0,0.765625,0.953125,1.0,0.0,0.0,0.0,0.0
230,oracle_min_ehull,0.05931355216069691,0.03070258172745739,0.84375,0.4375,1.0,1.0,0.546875,0.890625,1.0,-0.08691133355897102,-0.2618329594507244,0.4375,0.1875
230,oracle_min_rmsd,0.09847705131839674,0.005863663003696742,0.609375,0.234375,1.0,1.0,0.546875,0.9375,1.0,-0.0477478344012712,-0.8590228403383343,0.203125,-0.015625
230,oracle_stable_quality,0.05931355216069691,0.03070258172745739,0.84375,0.4375,1.0,1.0,0.546875,0.890625,1.0,-0.08691133355897102,-0.2618329594507244,0.4375,0.1875
230,oracle_nus_quality,0.07334446825115314,0.040595358723714156,0.84375,0.625,1.0,1.0,0.78125,0.9375,1.0,-0.0728804174685148,-0.02398579783531707,0.4375,0.375
231,baseline_first,0.15871145971766334,0.07008974361971532,0.359375,0.140625,0.859375,1.0,0.71875,0.984375,1.0,0.0,0.0,0.0,0.0
231,oracle_min_ehull,0.05848449107373451,0.020445836485027433,0.84375,0.453125,1.0,1.0,0.59375,0.96875,1.0,-0.10022696864392883,-0.7082906081671514,0.484375,0.3125
231,oracle_min_rmsd,0.09936029095297078,0.005120588000095142,0.59375,0.25,1.0,1.0,0.5625,0.9375,1.0,-0.05935116876469257,-0.9269424064685152,0.234375,0.109375
231,oracle_stable_quality,0.05848449107373451,0.020445836485027433,0.84375,0.453125,1.0,1.0,0.59375,0.96875,1.0,-0.10022696864392883,-0.7082906081671514,0.484375,0.3125
231,oracle_nus_quality,0.06584243599465452,0.026328733412014603,0.84375,0.609375,1.0,1.0,0.765625,0.984375,1.0,-0.09286902372300883,-0.6243568309385472,0.484375,0.46875
232,baseline_first,0.15241556592389563,0.08412634254679029,0.375,0.1875,0.890625,1.0,0.703125,0.953125,1.0,0.0,0.0,0.0,0.0
232,oracle_min_ehull,0.07056401886261954,0.03439991679879776,0.765625,0.375,1.0,1.0,0.578125,0.921875,1.0,-0.08185154706127609,-0.5910922101520716,0.390625,0.1875
232,oracle_min_rmsd,0.104333348875295,0.0064796449512024065,0.609375,0.203125,1.0,1.0,0.515625,0.875,1.0,-0.048082217048600634,-0.9229772178958274,0.234375,0.015625
232,oracle_stable_quality,0.07056401886261954,0.03439991679879776,0.765625,0.375,1.0,1.0,0.578125,0.921875,1.0,-0.08185154706127609,-0.5910922101520716,0.390625,0.1875
232,oracle_nus_quality,0.07527949823666638,0.04915100671040882,0.765625,0.546875,1.0,1.0,0.78125,0.96875,1.0,-0.07713606768722925,-0.4157477286847281,0.390625,0.359375
233,baseline_first,0.1361128958550904,0.08665476587946495,0.453125,0.203125,0.828125,1.0,0.6875,0.96875,1.0,0.0,0.0,0.0,0.0
233,oracle_min_ehull,0.05966430589542904,0.04201214521617735,0.890625,0.484375,1.0,1.0,0.59375,0.921875,1.0,-0.07644858995966136,-0.5151779040680187,0.4375,0.28125
233,oracle_min_rmsd,0.10503472274402277,0.006298364750801236,0.59375,0.21875,1.0,1.0,0.5625,0.921875,1.0,-0.031078173111067628,-0.9273165799148065,0.140625,0.015625
233,oracle_stable_quality,0.05966430589542904,0.04201214521617735,0.890625,0.484375,1.0,1.0,0.59375,0.921875,1.0,-0.07644858995966136,-0.5151779040680187,0.4375,0.28125
233,oracle_nus_quality,0.06547308836474235,0.04243691202997579,0.890625,0.609375,1.0,1.0,0.71875,0.953125,1.0,-0.07063980749034805,-0.510276075420887,0.4375,0.40625
234,baseline_first,0.14257047732509806,0.06146554096531297,0.453125,0.234375,0.875,1.0,0.734375,0.9375,1.0,0.0,0.0,0.0,0.0
234,oracle_min_ehull,0.06609590626279693,0.025887505384440623,0.84375,0.453125,1.0,1.0,0.578125,0.96875,1.0,-0.07647457106230113,-0.578828966964599,0.390625,0.21875
234,oracle_min_rmsd,0.09683132167542352,0.009030521484791845,0.59375,0.234375,1.0,1.0,0.546875,0.96875,1.0,-0.04573915564967454,-0.8530799315686806,0.140625,0.0
234,oracle_stable_quality,0.06609590626279693,0.025887505384440623,0.84375,0.453125,1.0,1.0,0.578125,0.96875,1.0,-0.07647457106230113,-0.578828966964599,0.390625,0.21875
234,oracle_nus_quality,0.07131225193139598,0.045630001843349796,0.84375,0.59375,1.0,1.0,0.734375,0.984375,1.0,-0.07125822539370208,-0.2576327951119748,0.390625,0.359375
235,baseline_first,0.1263329376247836,0.0390798368078876,0.546875,0.3125,0.859375,1.0,0.75,0.96875,1.0,0.0,0.0,0.0,0.0
235,oracle_min_ehull,0.05914311732262094,0.02319278407211162,0.828125,0.484375,1.0,1.0,0.59375,0.921875,1.0,-0.06718982030216265,-0.4065281237962961,0.28125,0.171875
235,oracle_min_rmsd,0.10145241896371676,0.006210065445078137,0.625,0.25,1.0,1.0,0.578125,0.890625,1.0,-0.02488051866106683,-0.8410928511394208,0.078125,-0.0625
235,oracle_stable_quality,0.05914311732262094,0.02319278407211162,0.828125,0.484375,1.0,1.0,0.59375,0.921875,1.0,-0.06718982030216265,-0.4065281237962961,0.28125,0.171875
235,oracle_nus_quality,0.06959155501813111,0.029517538996387063,0.828125,0.609375,1.0,1.0,0.78125,0.953125,1.0,-0.056741382606652485,-0.2446862267748915,0.28125,0.296875
236,baseline_first,0.131087467100653,0.06591683319323488,0.453125,0.21875,0.90625,1.0,0.65625,0.9375,1.0,0.0,0.0,0.0,0.0
236,oracle_min_ehull,0.06316869161431259,0.02691971978335663,0.828125,0.421875,1.0,1.0,0.5625,0.953125,1.0,-0.06791877548634041,-0.591610845374783,0.375,0.203125
236,oracle_min_rmsd,0.09470386946225394,0.0072328318511248905,0.609375,0.1875,1.0,1.0,0.484375,0.90625,1.0,-0.03638359763839906,-0.8902733717513116,0.15625,-0.03125
236,oracle_stable_quality,0.06316869161431259,0.02691971978335663,0.828125,0.421875,1.0,1.0,0.5625,0.953125,1.0,-0.06791877548634041,-0.591610845374783,0.375,0.203125
236,oracle_nus_quality,0.07160795634611891,0.020391397622267653,0.828125,0.625,1.0,1.0,0.796875,0.96875,1.0,-0.05947951075453409,-0.6906496165783577,0.375,0.40625
237,baseline_first,0.14611149317544014,0.07694138643110224,0.359375,0.1875,0.890625,1.0,0.71875,0.96875,1.0,0.0,0.0,0.0,0.0
237,oracle_min_ehull,0.05751164354700671,0.03373303523337598,0.8125,0.4375,1.0,1.0,0.625,0.90625,1.0,-0.08859984962843342,-0.5615748974892403,0.453125,0.25
237,oracle_min_rmsd,0.10170897793866343,0.008070342433211596,0.625,0.265625,1.0,1.0,0.59375,0.9375,1.0,-0.04440251523677671,-0.8951105145416343,0.265625,0.078125
237,oracle_stable_quality,0.05751164354700671,0.03373303523337598,0.8125,0.4375,1.0,1.0,0.625,0.90625,1.0,-0.08859984962843342,-0.5615748974892403,0.453125,0.25
237,oracle_nus_quality,0.0643170228248818,0.02888036911863397,0.8125,0.640625,1.0,1.0,0.828125,0.984375,1.0,-0.08179447035055834,-0.624644544916082,0.453125,0.453125
238,baseline_first,0.1607559536404388,0.05612150288942963,0.390625,0.203125,0.84375,1.0,0.75,0.96875,1.0,0.0,0.0,0.0,0.0
238,oracle_min_ehull,0.06317376193004443,0.04804367134831848,0.875,0.453125,1.0,1.0,0.546875,0.9375,1.0,-0.09758219171039437,-0.14393469749065813,0.484375,0.25
238,oracle_min_rmsd,0.09579291621858965,0.00784478070302627,0.609375,0.21875,1.0,1.0,0.46875,0.90625,1.0,-0.06496303742184914,-0.8602179147183207,0.21875,0.015625
238,oracle_stable_quality,0.06317376193004443,0.04804367134831848,0.875,0.453125,1.0,1.0,0.546875,0.9375,1.0,-0.09758219171039437,-0.14393469749065813,0.484375,0.25
238,oracle_nus_quality,0.07048437175338954,0.050687162343930475,0.875,0.59375,1.0,1.0,0.71875,0.96875,1.0,-0.09027158188704926,-0.09683170025232346,0.484375,0.390625
239,baseline_first,0.13049551093981088,0.057406744907943855,0.4375,0.21875,0.875,1.0,0.734375,0.984375,1.0,0.0,0.0,0.0,0.0
239,oracle_min_ehull,0.058666631193703314,0.02920105773032168,0.875,0.46875,1.0,1.0,0.5625,0.921875,1.0,-0.07182887974610756,-0.49133054352501904,0.4375,0.25
239,oracle_min_rmsd,0.10636291880344609,0.008407616566207221,0.546875,0.234375,1.0,1.0,0.578125,0.921875,1.0,-0.02413259213636479,-0.8535430535263847,0.109375,0.015625
239,oracle_stable_quality,0.058666631193703314,0.02920105773032168,0.875,0.46875,1.0,1.0,0.5625,0.921875,1.0,-0.07182887974610756,-0.49133054352501904,0.4375,0.25
239,oracle_nus_quality,0.070698979438475,0.05047522565802803,0.875,0.71875,1.0,1.0,0.859375,0.953125,1.0,-0.059796531501335876,-0.12074398680905962,0.4375,0.5
240,baseline_first,0.13863831435910828,0.11078621338860795,0.421875,0.140625,0.84375,1.0,0.609375,0.96875,1.0,0.0,0.0,0.0,0.0
240,oracle_min_ehull,0.06069982947058693,0.05441807389050909,0.84375,0.421875,1.0,1.0,0.578125,0.921875,1.0,-0.07793848488852136,-0.5088010301460051,0.421875,0.28125
240,oracle_min_rmsd,0.10178187836802102,0.006035752895519369,0.578125,0.234375,1.0,1.0,0.5625,0.890625,1.0,-0.03685643599108726,-0.9455189169220218,0.15625,0.09375
240,oracle_stable_quality,0.06069982947058693,0.05441807389050909,0.84375,0.421875,1.0,1.0,0.578125,0.921875,1.0,-0.07793848488852136,-0.5088010301460051,0.421875,0.28125
240,oracle_nus_quality,0.06894613425866061,0.04956704789304646,0.84375,0.65625,1.0,1.0,0.828125,0.953125,1.0,-0.06969218010044767,-0.5525883015860582,0.421875,0.515625
241,baseline_first,0.16317040297278873,0.08207775207782417,0.328125,0.171875,0.859375,1.0,0.765625,0.9375,1.0,0.0,0.0,0.0,0.0
241,oracle_min_ehull,0.06037086557801573,0.03431317878688733,0.84375,0.453125,1.0,1.0,0.625,0.9375,1.0,-0.102799537394773,-0.5819430001646195,0.515625,0.28125
241,oracle_min_rmsd,0.10969968344879302,0.006177039096326121,0.59375,0.234375,1.0,1.0,0.546875,0.921875,1.0,-0.05347071952399571,-0.9247416146281735,0.265625,0.0625
241,oracle_stable_quality,0.06037086557801573,0.03431317878688733,0.84375,0.453125,1.0,1.0,0.625,0.9375,1.0,-0.102799537394773,-0.5819430001646195,0.515625,0.28125
241,oracle_nus_quality,0.06191351674567189,0.035747896658619355,0.84375,0.546875,1.0,1.0,0.703125,0.96875,1.0,-0.10125688622711684,-0.5644630152063126,0.515625,0.375
242,baseline_first,0.13465512522111855,0.0706439772463236,0.390625,0.265625,0.796875,1.0,0.734375,0.9375,1.0,0.0,0.0,0.0,0.0
242,oracle_min_ehull,0.057553953180925536,0.03490635089082694,0.84375,0.484375,1.0,1.0,0.59375,0.9375,1.0,-0.07710117204019301,-0.5058835550960784,0.453125,0.21875
242,oracle_min_rmsd,0.09125230479842937,0.007289863511770189,0.625,0.296875,1.0,1.0,0.578125,0.921875,1.0,-0.043402820422689184,-0.8968084216669785,0.234375,0.03125
242,oracle_stable_quality,0.057553953180925536,0.03490635089082694,0.84375,0.484375,1.0,1.0,0.59375,0.9375,1.0,-0.07710117204019301,-0.5058835550960784,0.453125,0.21875
242,oracle_nus_quality,0.06616937988298367,0.03893945251861632,0.84375,0.65625,1.0,1.0,0.8125,0.96875,1.0,-0.06848574533813488,-0.4487930318130159,0.453125,0.390625
243,baseline_first,0.1309868566780459,0.042012063334270495,0.53125,0.234375,0.9375,1.0,0.59375,0.9375,1.0,0.0,0.0,0.0,0.0
243,oracle_min_ehull,0.05950686391522873,0.031930025471360104,0.890625,0.421875,1.0,1.0,0.53125,0.9375,1.0,-0.07147999276281718,-0.23997959306812178,0.359375,0.1875
243,oracle_min_rmsd,0.09834632800297485,0.00567106804499998,0.625,0.296875,1.0,1.0,0.59375,0.921875,1.0,-0.03264052867507106,-0.865013341528172,0.09375,0.0625
243,oracle_stable_quality,0.05950686391522873,0.031930025471360104,0.890625,0.421875,1.0,1.0,0.53125,0.9375,1.0,-0.07147999276281718,-0.23997959306812178,0.359375,0.1875
243,oracle_nus_quality,0.06677064522470624,0.02700011780767007,0.890625,0.625,1.0,1.0,0.734375,0.984375,1.0,-0.06421621145333967,-0.357324642856918,0.359375,0.390625
244,baseline_first,0.12745583473235556,0.05111511697364805,0.453125,0.203125,0.90625,1.0,0.71875,0.90625,1.0,0.0,0.0,0.0,0.0
244,oracle_min_ehull,0.06567987542546164,0.026219584437650757,0.8125,0.390625,1.0,1.0,0.515625,0.890625,1.0,-0.06177595930689392,-0.4870483334476564,0.359375,0.1875
244,oracle_min_rmsd,0.09961099374993851,0.004725679343490711,0.609375,0.234375,1.0,1.0,0.53125,0.90625,1.0,-0.027844840982417046,-0.9075483022776414,0.15625,0.03125
244,oracle_stable_quality,0.06567987542546164,0.026219584437650757,0.8125,0.390625,1.0,1.0,0.515625,0.890625,1.0,-0.06177595930689392,-0.4870483334476564,0.359375,0.1875
244,oracle_nus_quality,0.07563687086569121,0.03108417447888612,0.8125,0.578125,1.0,1.0,0.765625,0.953125,1.0,-0.05181896386666435,-0.3918790307197909,0.359375,0.375
245,baseline_first,0.15239791548795456,0.07115840950279717,0.390625,0.1875,0.828125,1.0,0.6875,0.953125,1.0,0.0,0.0,0.0,0.0
245,oracle_min_ehull,0.05408868490216347,0.04178783870587899,0.9375,0.5625,1.0,1.0,0.59375,0.921875,1.0,-0.0983092305857911,-0.4127491185109141,0.546875,0.375
245,oracle_min_rmsd,0.09283540609855226,0.007519888740363934,0.640625,0.265625,1.0,1.0,0.578125,0.90625,1.0,-0.0595625093894023,-0.8943218546773684,0.25,0.078125
245,oracle_stable_quality,0.05408868490216347,0.04178783870587899,0.9375,0.5625,1.0,1.0,0.59375,0.921875,1.0,-0.0983092305857911,-0.4127491185109141,0.546875,0.375
245,oracle_nus_quality,0.06100112818752085,0.041534730629507965,0.9375,0.75,1.0,1.0,0.8125,0.953125,1.0,-0.09139678730043371,-0.4163060849768533,0.546875,0.5625
246,baseline_first,0.1502545257799825,0.049782653706633956,0.375,0.21875,0.84375,1.0,0.75,0.96875,1.0,0.0,0.0,0.0,0.0
246,oracle_min_ehull,0.054451204927785615,0.021137005179459763,0.890625,0.46875,1.0,1.0,0.546875,0.9375,1.0,-0.09580332085219688,-0.5754142536470875,0.515625,0.25
246,oracle_min_rmsd,0.09544959917515863,0.004712521662598675,0.65625,0.234375,1.0,1.0,0.5,0.921875,1.0,-0.05480492660482386,-0.9053380783923399,0.28125,0.015625
246,oracle_stable_quality,0.054451204927785615,0.021137005179459763,0.890625,0.46875,1.0,1.0,0.546875,0.9375,1.0,-0.09580332085219688,-0.5754142536470875,0.515625,0.25
246,oracle_nus_quality,0.06363780200243799,0.01630642516210511,0.890625,0.625,1.0,1.0,0.75,0.953125,1.0,-0.08661672377754451,-0.6724476509790369,0.515625,0.40625
247,baseline_first,0.147805829232655,0.09641498265841138,0.390625,0.234375,0.84375,1.0,0.78125,0.953125,1.0,0.0,0.0,0.0,0.0
247,oracle_min_ehull,0.05569297633247246,0.03915548765131867,0.890625,0.4375,1.0,1.0,0.515625,0.90625,1.0,-0.09211285290018255,-0.5938858611836022,0.5,0.203125
247,oracle_min_rmsd,0.09620316428058756,0.005803332275014834,0.640625,0.265625,1.0,1.0,0.546875,0.890625,1.0,-0.051602664952067445,-0.9398088127487876,0.25,0.03125
247,oracle_stable_quality,0.05569297633247246,0.03915548765131867,0.890625,0.4375,1.0,1.0,0.515625,0.90625,1.0,-0.09211285290018255,-0.5938858611836022,0.5,0.203125
247,oracle_nus_quality,0.06692827788885086,0.03487463711071475,0.890625,0.609375,1.0,1.0,0.734375,0.9375,1.0,-0.08087755134380414,-0.6382861237005861,0.5,0.375
248,baseline_first,0.14732542129249418,0.044557985375478885,0.390625,0.171875,0.84375,1.0,0.703125,0.9375,1.0,0.0,0.0,0.0,0.0
248,oracle_min_ehull,0.059029094814299056,0.023379474066782084,0.8125,0.390625,0.984375,1.0,0.515625,0.90625,1.0,-0.08829632647819513,-0.47530226356130867,0.421875,0.21875
248,oracle_min_rmsd,0.10181609833474396,0.005642484140868627,0.53125,0.15625,0.984375,1.0,0.515625,0.921875,1.0,-0.04550932295775022,-0.8733676109159595,0.140625,-0.015625
248,oracle_stable_quality,0.059029094814299056,0.023379474066782084,0.8125,0.390625,0.984375,1.0,0.515625,0.90625,1.0,-0.08829632647819513,-0.47530226356130867,0.421875,0.21875
248,oracle_nus_quality,0.07099891292258556,0.03260012356100856,0.8125,0.609375,0.984375,1.0,0.796875,0.96875,1.0,-0.07632650836990862,-0.26836630322723176,0.421875,0.4375
249,baseline_first,0.1568250135357279,0.06490784229832954,0.40625,0.25,0.765625,1.0,0.765625,0.984375,1.0,0.0,0.0,0.0,0.0
249,oracle_min_ehull,0.05603998409955663,0.025725474486481797,0.890625,0.515625,1.0,1.0,0.609375,0.90625,1.0,-0.10078502943617126,-0.6036615364867264,0.484375,0.265625
249,oracle_min_rmsd,0.0921474977357826,0.004914520432033826,0.65625,0.265625,1.0,1.0,0.546875,0.921875,1.0,-0.0646775157999453,-0.9242846433032591,0.25,0.015625
249,oracle_stable_quality,0.05603998409955663,0.025725474486481797,0.890625,0.515625,1.0,1.0,0.609375,0.90625,1.0,-0.10078502943617126,-0.6036615364867264,0.484375,0.265625
249,oracle_nus_quality,0.06453460507966499,0.018680037609867917,0.890625,0.703125,1.0,1.0,0.8125,0.984375,1.0,-0.0922904084560629,-0.7122067696533387,0.484375,0.453125
250,baseline_first,0.1463540455989487,0.048469876690981156,0.359375,0.1875,0.84375,1.0,0.703125,0.921875,1.0,0.0,0.0,0.0,0.0
250,oracle_min_ehull,0.057547370735500016,0.014392755151433685,0.859375,0.46875,1.0,1.0,0.546875,0.890625,1.0,-0.0888066748634487,-0.7030577312338869,0.5,0.28125
250,oracle_min_rmsd,0.09794560558043594,0.004802273727209016,0.578125,0.21875,1.0,1.0,0.546875,0.9375,1.0,-0.04840844001851277,-0.9009225099162965,0.21875,0.03125
250,oracle_stable_quality,0.057547370735500016,0.014392755151433685,0.859375,0.46875,1.0,1.0,0.546875,0.890625,1.0,-0.0888066748634487,-0.7030577312338869,0.5,0.28125
250,oracle_nus_quality,0.06364037720576612,0.031760558482611154,0.859375,0.578125,1.0,1.0,0.71875,0.953125,1.0,-0.08271366839318259,-0.3447361402402561,0.5,0.390625
251,baseline_first,0.15144710955768756,0.06368033430356404,0.40625,0.21875,0.875,1.0,0.71875,0.984375,1.0,0.0,0.0,0.0,0.0
251,oracle_min_ehull,0.05838420622837649,0.033076159351531825,0.828125,0.5,1.0,1.0,0.640625,0.9375,1.0,-0.09306290332931107,-0.4805906766466107,0.421875,0.28125
251,oracle_min_rmsd,0.10553765962054937,0.007057699152391586,0.5625,0.21875,1.0,1.0,0.546875,0.921875,1.0,-0.04590944993713819,-0.889169879059561,0.15625,0.0
251,oracle_stable_quality,0.05838420622837649,0.033076159351531825,0.828125,0.5,1.0,1.0,0.640625,0.9375,1.0,-0.09306290332931107,-0.4805906766466107,0.421875,0.28125
251,oracle_nus_quality,0.06532033731776858,0.054117079967485354,0.828125,0.625,1.0,1.0,0.796875,0.953125,1.0,-0.08612677223991898,-0.15017594427960557,0.421875,0.40625
252,baseline_first,0.16301585770296234,0.03267323410924079,0.3125,0.15625,0.84375,1.0,0.765625,0.953125,1.0,0.0,0.0,0.0,0.0
252,oracle_min_ehull,0.057410769606197294,0.026068738656737735,0.875,0.4375,1.0,1.0,0.5625,0.9375,1.0,-0.10560508809676505,-0.2021377935964761,0.5625,0.28125
252,oracle_min_rmsd,0.09804312826339219,0.004964226645803911,0.609375,0.234375,1.0,1.0,0.53125,0.921875,1.0,-0.06497272943957015,-0.848064423950003,0.296875,0.078125
252,oracle_stable_quality,0.057410769606197294,0.026068738656737735,0.875,0.4375,1.0,1.0,0.5625,0.9375,1.0,-0.10560508809676505,-0.2021377935964761,0.5625,0.28125
252,oracle_nus_quality,0.06618373084450034,0.020310490078761137,0.875,0.578125,1.0,1.0,0.71875,0.953125,1.0,-0.096832126858462,-0.37837527773178625,0.5625,0.421875
253,baseline_first,0.13814408223787628,0.06251756436235147,0.46875,0.203125,0.84375,1.0,0.671875,0.9375,1.0,0.0,0.0,0.0,0.0
253,oracle_min_ehull,0.06182874911369607,0.04489017753260194,0.875,0.46875,1.0,1.0,0.59375,0.953125,1.0,-0.0763153331241802,-0.2819589504092208,0.40625,0.265625
253,oracle_min_rmsd,0.09850672989556532,0.005544375424036091,0.625,0.28125,1.0,1.0,0.578125,0.9375,1.0,-0.03963735234231096,-0.9113149163665283,0.15625,0.078125
253,oracle_stable_quality,0.06182874911369607,0.04489017753260194,0.875,0.46875,1.0,1.0,0.59375,0.953125,1.0,-0.0763153331241802,-0.2819589504092208,0.40625,0.265625
253,oracle_nus_quality,0.06737363674041627,0.05271042319403409,0.875,0.609375,1.0,1.0,0.734375,1.0,1.0,-0.07077044549746,-0.15687017349996624,0.40625,0.40625
254,baseline_first,0.13320650963432248,0.042840947294933186,0.4375,0.28125,0.859375,1.0,0.71875,0.9375,1.0,0.0,0.0,0.0,0.0
254,oracle_min_ehull,0.05883565746881851,0.024006417776667177,0.890625,0.5,1.0,1.0,0.59375,0.90625,1.0,-0.07437085216550397,-0.4396384932527758,0.453125,0.21875
254,oracle_min_rmsd,0.09455660767664885,0.004905891700275033,0.65625,0.296875,1.0,1.0,0.59375,0.921875,1.0,-0.038649901957673635,-0.8854859191954596,0.21875,0.015625
254,oracle_stable_quality,0.05883565746881851,0.024006417776667177,0.890625,0.5,1.0,1.0,0.59375,0.90625,1.0,-0.07437085216550397,-0.4396384932527758,0.453125,0.21875
254,oracle_nus_quality,0.06173911623187131,0.016078541988727574,0.890625,0.578125,1.0,1.0,0.703125,0.90625,1.0,-0.07146739340245117,-0.6246921927744303,0.453125,0.296875
255,baseline_first,0.1308198080370957,0.04579524848534115,0.4375,0.265625,0.921875,1.0,0.75,0.9375,1.0,0.0,0.0,0.0,0.0
255,oracle_min_ehull,0.06156766122737965,0.02193692246871965,0.796875,0.390625,1.0,1.0,0.515625,0.90625,1.0,-0.06925214680971604,-0.5209781976455143,0.359375,0.125
255,oracle_min_rmsd,0.09774754412793198,0.006987439535058775,0.59375,0.171875,1.0,1.0,0.515625,0.9375,1.0,-0.03307226390916372,-0.8474199886196616,0.15625,-0.09375
255,oracle_stable_quality,0.06156766122737965,0.02193692246871965,0.796875,0.390625,1.0,1.0,0.515625,0.90625,1.0,-0.06925214680971604,-0.5209781976455143,0.359375,0.125
255,oracle_nus_quality,0.07394279795555059,0.03239243553517881,0.796875,0.609375,1.0,1.0,0.8125,0.96875,1.0,-0.05687701008154511,-0.29266820016169415,0.359375,0.34375
256,baseline_first,0.144748262859001,0.05597627973248253,0.453125,0.28125,0.8125,1.0,0.78125,0.984375,1.0,0.0,0.0,0.0,0.0
256,oracle_min_ehull,0.061055424849830814,0.05153622874450972,0.84375,0.4375,1.0,1.0,0.59375,0.9375,1.0,-0.08369283800917018,-0.0793202229442963,0.390625,0.15625
256,oracle_min_rmsd,0.11078175184598486,0.005673298642184516,0.59375,0.234375,1.0,1.0,0.546875,0.921875,1.0,-0.033966511013016135,-0.8986481654497601,0.140625,-0.046875
256,oracle_stable_quality,0.061055424849830814,0.05153622874450972,0.84375,0.4375,1.0,1.0,0.59375,0.9375,1.0,-0.08369283800917018,-0.0793202229442963,0.390625,0.15625
256,oracle_nus_quality,0.06498414927792842,0.0548314514282859,0.84375,0.578125,1.0,1.0,0.734375,0.984375,1.0,-0.07976411358107258,-0.020452025566327414,0.390625,0.296875
257,baseline_first,0.14048150210262234,0.09795738437985971,0.46875,0.25,0.890625,1.0,0.703125,0.953125,1.0,0.0,0.0,0.0,0.0
257,oracle_min_ehull,0.0633328057216776,0.03048906816214892,0.859375,0.484375,1.0,1.0,0.609375,0.9375,1.0,-0.07714869638094474,-0.6887517122352079,0.390625,0.234375
257,oracle_min_rmsd,0.10784569507368279,0.0065282873336400885,0.5625,0.234375,1.0,1.0,0.5625,0.875,1.0,-0.03263580702893955,-0.9333558426966092,0.09375,-0.015625
257,oracle_stable_quality,0.0633328057216776,0.03048906816214892,0.859375,0.484375,1.0,1.0,0.609375,0.9375,1.0,-0.07714869638094474,-0.6887517122352079,0.390625,0.234375
257,oracle_nus_quality,0.06959248800212552,0.028949281677602794,0.859375,0.640625,1.0,1.0,0.78125,0.96875,1.0,-0.07088901410049682,-0.7044706546538329,0.390625,0.390625
258,baseline_first,0.1380367055630261,0.04624368317324849,0.40625,0.140625,0.8125,1.0,0.6875,0.921875,1.0,0.0,0.0,0.0,0.0
258,oracle_min_ehull,0.06544594792474165,0.04138364809823069,0.875,0.46875,0.984375,1.0,0.53125,0.96875,1.0,-0.07259075763828446,-0.10509619350193289,0.46875,0.328125
258,oracle_min_rmsd,0.11519426518701414,0.006783059518270883,0.5625,0.1875,0.984375,1.0,0.484375,0.90625,1.0,-0.022842440376011963,-0.8533192199925197,0.15625,0.046875
258,oracle_stable_quality,0.06544594792474165,0.04138364809823069,0.875,0.46875,0.984375,1.0,0.53125,0.96875,1.0,-0.07259075763828446,-0.10509619350193289,0.46875,0.328125
258,oracle_nus_quality,0.07052273426926298,0.04916958810771228,0.875,0.609375,0.984375,1.0,0.734375,0.984375,1.0,-0.06751397129376313,0.06327145101098686,0.46875,0.46875
259,baseline_first,0.14486598032363146,0.071520501006274,0.453125,0.234375,0.84375,1.0,0.75,0.96875,1.0,0.0,0.0,0.0,0.0
259,oracle_min_ehull,0.05932421823043859,0.04792956456094313,0.84375,0.4375,1.0,1.0,0.5625,0.9375,1.0,-0.08554176209319286,-0.32984859045186765,0.390625,0.203125
259,oracle_min_rmsd,0.10335627262173103,0.006869151577961943,0.640625,0.28125,1.0,1.0,0.5625,0.9375,1.0,-0.04150970770190043,-0.903955488547831,0.1875,0.046875
259,oracle_stable_quality,0.05932421823043859,0.04792956456094313,0.84375,0.4375,1.0,1.0,0.5625,0.9375,1.0,-0.08554176209319286,-0.32984859045186765,0.390625,0.203125
259,oracle_nus_quality,0.06654582698076339,0.0563613303442486,0.84375,0.578125,1.0,1.0,0.75,0.96875,1.0,-0.07832015334286807,-0.2119555994258987,0.390625,0.34375
260,baseline_first,0.13703364851575123,0.069799141520531,0.4375,0.25,0.828125,1.0,0.765625,0.953125,1.0,0.0,0.0,0.0,0.0
260,oracle_min_ehull,0.06664757202479477,0.04580209930109523,0.8125,0.4375,1.0,1.0,0.59375,0.921875,1.0,-0.07038607649095646,-0.343801394926572,0.375,0.1875
260,oracle_min_rmsd,0.10595431942771975,0.010494807139014146,0.546875,0.21875,1.0,1.0,0.546875,0.921875,1.0,-0.031079329088031474,-0.8496427475984477,0.109375,-0.03125
260,oracle_stable_quality,0.06664757202479477,0.04580209930109523,0.8125,0.4375,1.0,1.0,0.59375,0.921875,1.0,-0.07038607649095646,-0.343801394926572,0.375,0.1875
260,oracle_nus_quality,0.07524930967435908,0.07051894203667969,0.8125,0.640625,1.0,1.0,0.84375,0.96875,1.0,-0.061784338841392145,0.010312455145841115,0.375,0.390625
261,baseline_first,0.14365531053783526,0.0793210137257468,0.4375,0.296875,0.90625,1.0,0.828125,0.96875,1.0,0.0,0.0,0.0,0.0
261,oracle_min_ehull,0.06421580753464953,0.029973155461555403,0.828125,0.390625,1.0,1.0,0.5625,0.921875,1.0,-0.07943950300318572,-0.6221284366689024,0.390625,0.09375
261,oracle_min_rmsd,0.10541941867718921,0.007277792396645505,0.625,0.265625,1.0,1.0,0.59375,0.90625,1.0,-0.03823589186064605,-0.9082488730942276,0.1875,-0.03125
261,oracle_stable_quality,0.06421580753464953,0.029973155461555403,0.828125,0.390625,1.0,1.0,0.5625,0.921875,1.0,-0.07943950300318572,-0.6221284366689024,0.390625,0.09375
261,oracle_nus_quality,0.06913747663689715,0.030938443566159657,0.828125,0.546875,1.0,1.0,0.734375,0.953125,1.0,-0.07451783390093811,-0.6099590497780369,0.390625,0.25
262,baseline_first,0.13418818430640173,0.06695557241343858,0.46875,0.265625,0.90625,1.0,0.734375,0.953125,1.0,0.0,0.0,0.0,0.0
262,oracle_min_ehull,0.05958530723082605,0.03099898891610617,0.859375,0.453125,1.0,1.0,0.578125,0.90625,1.0,-0.07460287707557567,-0.5370215233962454,0.390625,0.1875
262,oracle_min_rmsd,0.10084645023000369,0.007501054519063093,0.5625,0.203125,1.0,1.0,0.53125,0.9375,1.0,-0.03334173407639804,-0.8879696752834039,0.09375,-0.0625
262,oracle_stable_quality,0.05958530723082605,0.03099898891610617,0.859375,0.453125,1.0,1.0,0.578125,0.90625,1.0,-0.07460287707557567,-0.5370215233962454,0.390625,0.1875
262,oracle_nus_quality,0.0647396238532802,0.04043284166972467,0.859375,0.640625,1.0,1.0,0.765625,0.9375,1.0,-0.06944856045312152,-0.3961243222586588,0.390625,0.375
263,baseline_first,0.1455524574823649,0.055724039791575496,0.40625,0.171875,0.8125,1.0,0.71875,0.96875,1.0,0.0,0.0,0.0,0.0
263,oracle_min_ehull,0.06226309646229174,0.023449949607807753,0.8125,0.46875,1.0,1.0,0.625,0.984375,1.0,-0.08328936102007316,-0.5791771433744296,0.40625,0.296875
263,oracle_min_rmsd,0.10283549530015766,0.0063042472587430745,0.625,0.234375,1.0,1.0,0.53125,0.90625,1.0,-0.04271696218220723,-0.8868666506893105,0.21875,0.0625
263,oracle_stable_quality,0.06226309646229174,0.023449949607807753,0.8125,0.46875,1.0,1.0,0.625,0.984375,1.0,-0.08328936102007316,-0.5791771433744296,0.40625,0.296875
263,oracle_nus_quality,0.06835598185832832,0.02775566660668019,0.8125,0.625,1.0,1.0,0.796875,0.984375,1.0,-0.07719647562403657,-0.501908571049503,0.40625,0.453125
264,baseline_first,0.1456024025230122,0.08156703702876554,0.390625,0.25,0.890625,1.0,0.78125,0.96875,1.0,0.0,0.0,0.0,0.0
264,oracle_min_ehull,0.05953208625175624,0.030241356130450793,0.8125,0.46875,1.0,1.0,0.59375,0.9375,1.0,-0.08607031627125597,-0.6292453761709422,0.421875,0.21875
264,oracle_min_rmsd,0.10105193465477741,0.009658253799773687,0.59375,0.265625,1.0,1.0,0.5625,0.921875,1.0,-0.0445504678682348,-0.8815912143974582,0.203125,0.015625
264,oracle_stable_quality,0.05953208625175624,0.030241356130450793,0.8125,0.46875,1.0,1.0,0.59375,0.9375,1.0,-0.08607031627125597,-0.6292453761709422,0.421875,0.21875
264,oracle_nus_quality,0.07185911973914937,0.0531496269539518,0.8125,0.625,1.0,1.0,0.8125,0.953125,1.0,-0.07374328278386284,-0.34839331070456836,0.421875,0.375
265,baseline_first,0.1481542705677683,0.0619051043144278,0.34375,0.15625,0.8125,1.0,0.703125,0.953125,1.0,0.0,0.0,0.0,0.0
265,oracle_min_ehull,0.05782819367763208,0.031089351250974735,0.84375,0.4375,1.0,1.0,0.5625,0.953125,1.0,-0.09032607689013622,-0.4977901807084274,0.5,0.28125
265,oracle_min_rmsd,0.09209686541053412,0.004991155449019783,0.671875,0.28125,1.0,1.0,0.59375,0.90625,1.0,-0.05605740515723419,-0.9193740887073099,0.328125,0.125
265,oracle_stable_quality,0.05782819367763208,0.031089351250974735,0.84375,0.4375,1.0,1.0,0.5625,0.953125,1.0,-0.09032607689013622,-0.4977901807084274,0.5,0.28125
265,oracle_nus_quality,0.06504817130332076,0.032715780787436435,0.84375,0.546875,1.0,1.0,0.703125,0.96875,1.0,-0.08310609926444755,-0.471517233518148,0.5,0.390625
266,baseline_first,0.1360482070925798,0.053344352060347655,0.390625,0.21875,0.84375,1.0,0.71875,0.953125,1.0,0.0,0.0,0.0,0.0
266,oracle_min_ehull,0.05975143473930247,0.02226850015359711,0.859375,0.46875,1.0,1.0,0.59375,0.9375,1.0,-0.07629677235327734,-0.5825518673766045,0.46875,0.25
266,oracle_min_rmsd,0.09300714387488473,0.0067687172263792,0.609375,0.265625,1.0,1.0,0.515625,0.921875,1.0,-0.043041063217695075,-0.8731127670512925,0.21875,0.046875
266,oracle_stable_quality,0.05975143473930247,0.02226850015359711,0.859375,0.46875,1.0,1.0,0.59375,0.9375,1.0,-0.07629677235327734,-0.5825518673766045,0.46875,0.25
266,oracle_nus_quality,0.06654501715163955,0.03865042267767816,0.859375,0.609375,1.0,1.0,0.765625,0.9375,1.0,-0.06950318994094026,-0.27545426676185847,0.46875,0.390625
267,baseline_first,0.14699128912676476,0.05373596570247215,0.390625,0.203125,0.84375,1.0,0.78125,0.9375,1.0,0.0,0.0,0.0,0.0
267,oracle_min_ehull,0.06069807024988995,0.026484181358566207,0.84375,0.4375,1.0,1.0,0.578125,0.9375,1.0,-0.08629321887687481,-0.5071423577794232,0.453125,0.234375
267,oracle_min_rmsd,0.10088645361533058,0.004598898718742641,0.59375,0.203125,1.0,1.0,0.515625,0.90625,1.0,-0.04610483551143418,-0.9144167475428646,0.203125,0.0
267,oracle_stable_quality,0.06069807024988995,0.026484181358566207,0.84375,0.4375,1.0,1.0,0.578125,0.9375,1.0,-0.08629321887687481,-0.5071423577794232,0.453125,0.234375
267,oracle_nus_quality,0.06996843169440448,0.022643249138965628,0.84375,0.625,1.0,1.0,0.796875,0.953125,1.0,-0.07702285743236029,-0.5786202249655688,0.453125,0.421875
268,baseline_first,0.13184196175938717,0.08298390438402439,0.5,0.28125,0.828125,1.0,0.75,0.953125,1.0,0.0,0.0,0.0,0.0
268,oracle_min_ehull,0.05599991543142252,0.028565781093069377,0.890625,0.421875,1.0,1.0,0.515625,0.921875,1.0,-0.07584204632796465,-0.6557672080494599,0.390625,0.140625
268,oracle_min_rmsd,0.0942858533870567,0.006650324105444293,0.625,0.1875,1.0,1.0,0.484375,0.90625,1.0,-0.03755610837233048,-0.9198600722054652,0.125,-0.09375
268,oracle_stable_quality,0.05599991543142252,0.028565781093069377,0.890625,0.421875,1.0,1.0,0.515625,0.921875,1.0,-0.07584204632796465,-0.6557672080494599,0.390625,0.140625
268,oracle_nus_quality,0.06567044611244827,0.05139559624633897,0.890625,0.609375,1.0,1.0,0.734375,0.953125,1.0,-0.0661715156469389,-0.3806558437104175,0.390625,0.328125
269,baseline_first,0.11874570478650046,0.05766600439865564,0.484375,0.21875,0.84375,1.0,0.625,0.9375,1.0,0.0,0.0,0.0,0.0
269,oracle_min_ehull,0.06019132935032634,0.02382386208261836,0.890625,0.4375,1.0,1.0,0.546875,0.890625,1.0,-0.058554375436174116,-0.586864699036201,0.40625,0.21875
269,oracle_min_rmsd,0.09326306857454339,0.005408145550516182,0.671875,0.265625,1.0,1.0,0.515625,0.890625,1.0,-0.025482636211957066,-0.9062160521278936,0.1875,0.046875
269,oracle_stable_quality,0.06019132935032634,0.02382386208261836,0.890625,0.4375,1.0,1.0,0.546875,0.890625,1.0,-0.058554375436174116,-0.586864699036201,0.40625,0.21875
269,oracle_nus_quality,0.0649904273702397,0.018353841768823848,0.890625,0.609375,1.0,1.0,0.734375,0.921875,1.0,-0.05375527741626075,-0.6817216320045276,0.40625,0.390625
270,baseline_first,0.1414758330190196,0.06041006594152215,0.46875,0.171875,0.875,1.0,0.625,0.921875,1.0,0.0,0.0,0.0,0.0
270,oracle_min_ehull,0.06377480428984356,0.035198794433064645,0.84375,0.453125,1.0,1.0,0.625,0.9375,1.0,-0.07770102872917603,-0.41733560650078405,0.375,0.28125
270,oracle_min_rmsd,0.10272269579974538,0.004781678848393706,0.578125,0.21875,1.0,1.0,0.578125,0.9375,1.0,-0.0387531372192742,-0.9208463229783188,0.109375,0.046875
270,oracle_stable_quality,0.06377480428984356,0.035198794433064645,0.84375,0.453125,1.0,1.0,0.625,0.9375,1.0,-0.07770102872917603,-0.41733560650078405,0.375,0.28125
270,oracle_nus_quality,0.07055041646524449,0.04753859349615687,0.84375,0.59375,1.0,1.0,0.75,0.953125,1.0,-0.0709254165537751,-0.2130683396013019,0.375,0.421875
271,baseline_first,0.1463583650300218,0.09779314610048997,0.421875,0.21875,0.828125,1.0,0.734375,0.984375,1.0,0.0,0.0,0.0,0.0
271,oracle_min_ehull,0.059557287048174666,0.04659219864095049,0.859375,0.453125,1.0,1.0,0.5625,0.9375,1.0,-0.08680107798184714,-0.5235637618911102,0.4375,0.234375
271,oracle_min_rmsd,0.10686027790718516,0.006146049378037061,0.578125,0.21875,1.0,1.0,0.5625,0.921875,1.0,-0.039498087122836645,-0.9371525549273001,0.15625,0.0
271,oracle_stable_quality,0.059557287048174666,0.04659219864095049,0.859375,0.453125,1.0,1.0,0.5625,0.9375,1.0,-0.08680107798184714,-0.5235637618911102,0.4375,0.234375
271,oracle_nus_quality,0.06652248397996419,0.04284446344376986,0.859375,0.59375,1.0,1.0,0.734375,0.9375,1.0,-0.07983588105005762,-0.561886848391769,0.4375,0.375
272,baseline_first,0.1520631494332763,0.042772668764982216,0.390625,0.171875,0.84375,1.0,0.671875,0.9375,1.0,0.0,0.0,0.0,0.0
272,oracle_min_ehull,0.06633944714509174,0.049891008889066314,0.8125,0.421875,1.0,1.0,0.609375,0.921875,1.0,-0.08572370228818457,0.16642263224668952,0.421875,0.25
272,oracle_min_rmsd,0.1069553255250599,0.00847880692516888,0.578125,0.25,1.0,1.0,0.59375,0.9375,1.0,-0.04510782390821641,-0.8017704489809521,0.1875,0.078125
272,oracle_stable_quality,0.06633944714509174,0.049891008889066314,0.8125,0.421875,1.0,1.0,0.609375,0.921875,1.0,-0.08572370228818457,0.16642263224668952,0.421875,0.25
272,oracle_nus_quality,0.07446968288128791,0.055278880031759806,0.8125,0.59375,1.0,1.0,0.796875,0.9375,1.0,-0.0775934665519884,0.292387910969361,0.421875,0.421875
273,baseline_first,0.15619715722045752,0.04282968004275156,0.3125,0.109375,0.796875,1.0,0.6875,0.9375,1.0,0.0,0.0,0.0,0.0
273,oracle_min_ehull,0.06204435418881927,0.015420683134601586,0.828125,0.453125,1.0,1.0,0.59375,0.890625,1.0,-0.09415280303163825,-0.6399533426537618,0.515625,0.34375
273,oracle_min_rmsd,0.09590955788851419,0.005298450508656424,0.625,0.265625,1.0,1.0,0.578125,0.921875,1.0,-0.06028759933194333,-0.8762902150245429,0.3125,0.15625
273,oracle_stable_quality,0.06204435418881927,0.015420683134601586,0.828125,0.453125,1.0,1.0,0.59375,0.890625,1.0,-0.09415280303163825,-0.6399533426537618,0.515625,0.34375
273,oracle_nus_quality,0.06760113362555432,0.01853435126393892,0.828125,0.59375,1.0,1.0,0.765625,0.9375,1.0,-0.08859602359490319,-0.567254500957318,0.515625,0.484375
274,baseline_first,0.14301379732464012,0.0860184184769971,0.390625,0.1875,0.78125,1.0,0.75,0.984375,1.0,0.0,0.0,0.0,0.0
274,oracle_min_ehull,0.058572389126421626,0.0224173911966166,0.828125,0.34375,1.0,1.0,0.484375,0.90625,1.0,-0.08444140819821849,-0.7393884752413644,0.4375,0.15625
274,oracle_min_rmsd,0.09853463780709096,0.006524149775306923,0.609375,0.1875,1.0,1.0,0.46875,0.90625,1.0,-0.04447915951754916,-0.9241540371141373,0.21875,0.0
274,oracle_stable_quality,0.058572389126421626,0.0224173911966166,0.828125,0.34375,1.0,1.0,0.484375,0.90625,1.0,-0.08444140819821849,-0.7393884752413644,0.4375,0.15625
274,oracle_nus_quality,0.06744494589706197,0.0464141908922861,0.828125,0.609375,1.0,1.0,0.796875,0.953125,1.0,-0.07556885142757815,-0.4604156677828469,0.4375,0.421875
275,baseline_first,0.15107356240744285,0.07769719758584703,0.40625,0.234375,0.765625,1.0,0.734375,0.953125,1.0,0.0,0.0,0.0,0.0
275,oracle_min_ehull,0.061574065096585084,0.04222932763956526,0.828125,0.484375,1.0,1.0,0.625,0.90625,1.0,-0.08949949731085777,-0.4564884068964469,0.421875,0.25
275,oracle_min_rmsd,0.10634322160937223,0.0078967333744679,0.609375,0.265625,1.0,1.0,0.546875,0.90625,1.0,-0.04473034079807062,-0.8983652741690862,0.203125,0.03125
275,oracle_stable_quality,0.061574065096585084,0.04222932763956526,0.828125,0.484375,1.0,1.0,0.625,0.90625,1.0,-0.08949949731085777,-0.4564884068964469,0.421875,0.25
275,oracle_nus_quality,0.0690457600741261,0.044782928139620135,0.828125,0.59375,1.0,1.0,0.78125,0.96875,1.0,-0.08202780233331675,-0.4236223502123121,0.421875,0.359375
276,baseline_first,0.1187426247312652,0.07638605219765997,0.46875,0.25,0.921875,1.0,0.71875,0.9375,1.0,0.0,0.0,0.0,0.0
276,oracle_min_ehull,0.05574228704398805,0.04710030827187276,0.90625,0.546875,1.0,1.0,0.625,0.953125,1.0,-0.06300033768727716,-0.38339124857514706,0.4375,0.296875
276,oracle_min_rmsd,0.10649030261491867,0.005600222751826488,0.5625,0.171875,1.0,1.0,0.53125,0.890625,1.0,-0.01225232211634654,-0.9266852705342711,0.09375,-0.078125
276,oracle_stable_quality,0.05574228704398805,0.04710030827187276,0.90625,0.546875,1.0,1.0,0.625,0.953125,1.0,-0.06300033768727716,-0.38339124857514706,0.4375,0.296875
276,oracle_nus_quality,0.06090324852472501,0.038495910768358725,0.90625,0.625,1.0,1.0,0.71875,0.984375,1.0,-0.0578393762065402,-0.4960348170796288,0.4375,0.375
277,baseline_first,0.13994794909007874,0.05105490364728266,0.421875,0.25,0.765625,1.0,0.71875,0.921875,1.0,0.0,0.0,0.0,0.0
277,oracle_min_ehull,0.058211236019908054,0.044196205394448636,0.890625,0.46875,1.0,1.0,0.5625,0.953125,1.0,-0.08173671307017069,-0.13433965717020935,0.46875,0.21875
277,oracle_min_rmsd,0.09532596998129665,0.007486427649449646,0.640625,0.203125,1.0,1.0,0.484375,0.890625,1.0,-0.04462197910878209,-0.8533651595707574,0.21875,-0.046875
277,oracle_stable_quality,0.058211236019908054,0.044196205394448636,0.890625,0.46875,1.0,1.0,0.5625,0.953125,1.0,-0.08173671307017069,-0.13433965717020935,0.46875,0.21875
277,oracle_nus_quality,0.06709906227832041,0.04502525877521675,0.890625,0.671875,1.0,1.0,0.78125,0.984375,1.0,-0.07284888681175833,-0.1181011899213883,0.46875,0.421875
278,baseline_first,0.13150601584468727,0.060496366114730596,0.4375,0.265625,0.90625,1.0,0.75,0.984375,1.0,0.0,0.0,0.0,0.0
278,oracle_min_ehull,0.055467414188008,0.02556682148007215,0.890625,0.40625,1.0,1.0,0.5,0.9375,1.0,-0.07603860165667928,-0.5773825252315983,0.453125,0.140625
278,oracle_min_rmsd,0.08708078680199224,0.005098558887657456,0.6875,0.296875,1.0,1.0,0.5625,0.9375,1.0,-0.044425229042695025,-0.9157212372394715,0.25,0.03125
278,oracle_stable_quality,0.055467414188008,0.02556682148007215,0.890625,0.40625,1.0,1.0,0.5,0.9375,1.0,-0.07603860165667928,-0.5773825252315983,0.453125,0.140625
278,oracle_nus_quality,0.06437265703034176,0.028841692130400557,0.890625,0.5625,1.0,1.0,0.671875,0.953125,1.0,-0.06713335881434551,-0.5232491803606409,0.453125,0.296875
279,baseline_first,0.1482832815557863,0.06576693532372044,0.40625,0.265625,0.8125,1.0,0.828125,0.9375,1.0,0.0,0.0,0.0,0.0
279,oracle_min_ehull,0.05974398810352071,0.03088761234410164,0.84375,0.40625,1.0,1.0,0.53125,0.890625,1.0,-0.08853929345226558,-0.5303473973347625,0.4375,0.140625
279,oracle_min_rmsd,0.09690845145860194,0.00652473661382413,0.578125,0.234375,1.0,1.0,0.5625,0.890625,1.0,-0.051374830097184354,-0.9007900158079766,0.171875,-0.03125
279,oracle_stable_quality,0.05974398810352071,0.03088761234410164,0.84375,0.40625,1.0,1.0,0.53125,0.890625,1.0,-0.08853929345226558,-0.5303473973347625,0.4375,0.140625
279,oracle_nus_quality,0.07283730860604085,0.04545428561240347,0.84375,0.609375,1.0,1.0,0.78125,0.9375,1.0,-0.07544597294974545,-0.3088580851659468,0.4375,0.34375
280,baseline_first,0.14538089940864962,0.0551416973299685,0.390625,0.21875,0.828125,1.0,0.75,0.96875,1.0,0.0,0.0,0.0,0.0
280,oracle_min_ehull,0.05378267974438026,0.025522157603567207,0.9375,0.5,1.0,1.0,0.546875,0.921875,1.0,-0.09159821966426937,-0.5371532100137879,0.546875,0.28125
280,oracle_min_rmsd,0.10106723092495036,0.005502686807741639,0.625,0.25,1.0,1.0,0.5625,0.921875,1.0,-0.04431366848369926,-0.9002082439571364,0.234375,0.03125
280,oracle_stable_quality,0.05378267974438026,0.025522157603567207,0.9375,0.5,1.0,1.0,0.546875,0.921875,1.0,-0.09159821966426937,-0.5371532100137879,0.546875,0.28125
280,oracle_nus_quality,0.061612273473386714,0.04576946258867381,0.9375,0.6875,1.0,1.0,0.765625,0.96875,1.0,-0.08376862593526291,-0.16996638107113649,0.546875,0.46875
281,baseline_first,0.13405192468170757,0.08791488692863797,0.5,0.234375,0.875,1.0,0.71875,0.953125,1.0,0.0,0.0,0.0,0.0
281,oracle_min_ehull,0.05619845120425132,0.036539520841933876,0.859375,0.484375,1.0,1.0,0.625,0.9375,1.0,-0.07785347347745625,-0.5843761833920842,0.359375,0.25
281,oracle_min_rmsd,0.09182304890996683,0.006754859195959504,0.640625,0.25,1.0,1.0,0.546875,0.9375,1.0,-0.04222887577174074,-0.9231659229517916,0.140625,0.015625
281,oracle_stable_quality,0.05619845120425132,0.036539520841933876,0.859375,0.484375,1.0,1.0,0.625,0.9375,1.0,-0.07785347347745625,-0.5843761833920842,0.359375,0.25
281,oracle_nus_quality,0.06096049084987753,0.038947868629259495,0.859375,0.625,1.0,1.0,0.765625,0.984375,1.0,-0.07309143383183003,-0.5569820995063766,0.359375,0.390625
282,baseline_first,0.16074223340458532,0.09310201466190926,0.265625,0.15625,0.828125,1.0,0.8125,0.984375,1.0,0.0,0.0,0.0,0.0
282,oracle_min_ehull,0.05300291130199386,0.02421691774728953,0.90625,0.484375,1.0,1.0,0.5625,0.890625,1.0,-0.10773932210259146,-0.739888359717769,0.640625,0.328125
282,oracle_min_rmsd,0.09390229116183957,0.005732673380264553,0.640625,0.25,1.0,1.0,0.546875,0.90625,1.0,-0.06683994224274575,-0.9384258933484717,0.375,0.09375
282,oracle_stable_quality,0.05300291130199386,0.02421691774728953,0.90625,0.484375,1.0,1.0,0.5625,0.890625,1.0,-0.10773932210259146,-0.739888359717769,0.640625,0.328125
282,oracle_nus_quality,0.0598150874087917,0.025735326625693253,0.90625,0.625,1.0,1.0,0.734375,0.921875,1.0,-0.10092714599579362,-0.7235792724878345,0.640625,0.46875
283,baseline_first,0.13862179115426498,0.07678425855037965,0.421875,0.1875,0.84375,1.0,0.71875,0.953125,1.0,0.0,0.0,0.0,0.0
283,oracle_min_ehull,0.061991248826610806,0.03318665915292661,0.84375,0.4375,1.0,1.0,0.578125,0.921875,1.0,-0.07663054232765418,-0.5677934542904755,0.421875,0.25
283,oracle_min_rmsd,0.09875206477062315,0.0061877706746302445,0.625,0.25,1.0,1.0,0.53125,0.90625,1.0,-0.039869726383641835,-0.9194135517949903,0.203125,0.0625
283,oracle_stable_quality,0.061991248826610806,0.03318665915292661,0.84375,0.4375,1.0,1.0,0.578125,0.921875,1.0,-0.07663054232765418,-0.5677934542904755,0.421875,0.25
283,oracle_nus_quality,0.0691363162693529,0.03867239748244716,0.84375,0.609375,1.0,1.0,0.78125,0.9375,1.0,-0.06948547488491208,-0.49634992624076135,0.421875,0.421875
284,baseline_first,0.14228147324490764,0.05605222274799475,0.40625,0.234375,0.90625,1.0,0.71875,0.921875,1.0,0.0,0.0,0.0,0.0
284,oracle_min_ehull,0.06361775860170762,0.015643142904214122,0.828125,0.46875,1.0,1.0,0.609375,0.953125,1.0,-0.07866371464320002,-0.7209184196932894,0.421875,0.234375
284,oracle_min_rmsd,0.10578680423044137,0.005031571260488483,0.578125,0.21875,1.0,1.0,0.578125,0.9375,1.0,-0.03649466901446627,-0.9102342241964261,0.171875,-0.015625
284,oracle_stable_quality,0.06361775860170762,0.015643142904214122,0.828125,0.46875,1.0,1.0,0.609375,0.953125,1.0,-0.07866371464320002,-0.7209184196932894,0.421875,0.234375
284,oracle_nus_quality,0.07346793155226802,0.035852818718168776,0.828125,0.625,1.0,1.0,0.796875,0.96875,1.0,-0.06881354169263962,-0.3603675829349443,0.421875,0.390625
285,baseline_first,0.15297208598736897,0.07971675183552744,0.359375,0.203125,0.890625,1.0,0.78125,0.953125,1.0,0.0,0.0,0.0,0.0
285,oracle_min_ehull,0.05894991368587708,0.037594740633845505,0.859375,0.453125,1.0,1.0,0.59375,0.921875,1.0,-0.0940221723014919,-0.5283959799138401,0.5,0.25
285,oracle_min_rmsd,0.10224909666694365,0.006477688043336595,0.59375,0.21875,1.0,1.0,0.5625,0.859375,1.0,-0.05072298932042532,-0.9187411943639971,0.234375,0.015625
285,oracle_stable_quality,0.05894991368587708,0.037594740633845505,0.859375,0.453125,1.0,1.0,0.59375,0.921875,1.0,-0.0940221723014919,-0.5283959799138401,0.5,0.25
285,oracle_nus_quality,0.0648821365688984,0.05277290692575702,0.859375,0.640625,1.0,1.0,0.78125,0.953125,1.0,-0.08808994941847058,-0.3379947663367078,0.5,0.4375
286,baseline_first,0.14704973631643964,0.03841035880790174,0.453125,0.265625,0.8125,1.0,0.75,0.96875,1.0,0.0,0.0,0.0,0.0
286,oracle_min_ehull,0.05825367200070819,0.033776621661743,0.828125,0.4375,1.0,1.0,0.546875,0.90625,1.0,-0.08879606431573145,-0.12063769488155596,0.375,0.171875
286,oracle_min_rmsd,0.09825612094063294,0.00805847388822576,0.640625,0.375,1.0,1.0,0.640625,0.921875,1.0,-0.048793615375806704,-0.7902005048031996,0.1875,0.109375
286,oracle_stable_quality,0.05825367200070819,0.033776621661743,0.828125,0.4375,1.0,1.0,0.546875,0.90625,1.0,-0.08879606431573145,-0.12063769488155596,0.375,0.171875
286,oracle_nus_quality,0.06712708986800384,0.03582382078140752,0.828125,0.609375,1.0,1.0,0.78125,0.953125,1.0,-0.0799226464484358,-0.06733959553541369,0.375,0.34375
287,baseline_first,0.12125564757561166,0.04770158920729403,0.484375,0.1875,0.828125,1.0,0.640625,0.953125,1.0,0.0,0.0,0.0,0.0
287,oracle_min_ehull,0.05904715524762648,0.032139941097753325,0.859375,0.453125,1.0,1.0,0.5625,0.90625,1.0,-0.062208492327985185,-0.3262291334134667,0.375,0.265625
287,oracle_min_rmsd,0.10238112384130076,0.005462294181128484,0.5625,0.203125,1.0,1.0,0.53125,0.921875,1.0,-0.018874523734310908,-0.88549031024121,0.078125,0.015625
287,oracle_stable_quality,0.05904715524762648,0.032139941097753325,0.859375,0.453125,1.0,1.0,0.5625,0.90625,1.0,-0.062208492327985185,-0.3262291334134667,0.375,0.265625
287,oracle_nus_quality,0.06869362437915971,0.036498176943932606,0.859375,0.625,1.0,1.0,0.78125,0.953125,1.0,-0.05256202319645195,-0.2348645495787448,0.375,0.4375
288,baseline_first,0.14140414199117438,0.0598068991515775,0.46875,0.25,0.84375,1.0,0.6875,0.9375,1.0,0.0,0.0,0.0,0.0
288,oracle_min_ehull,0.05879382664856755,0.023852067095255516,0.828125,0.453125,1.0,1.0,0.578125,0.9375,1.0,-0.08261031534260682,-0.6011820135532577,0.359375,0.203125
288,oracle_min_rmsd,0.10492664401616204,0.0060998027107146855,0.546875,0.234375,1.0,1.0,0.578125,0.953125,1.0,-0.03647749797501233,-0.8980083770058861,0.078125,-0.015625
288,oracle_stable_quality,0.05879382664856755,0.023852067095255516,0.828125,0.453125,1.0,1.0,0.578125,0.9375,1.0,-0.08261031534260682,-0.6011820135532577,0.359375,0.203125
288,oracle_nus_quality,0.06635333215859512,0.03085291697504363,0.828125,0.625,1.0,1.0,0.796875,0.96875,1.0,-0.07505080983257925,-0.4841244503105151,0.359375,0.375
289,baseline_first,0.13883241409273855,0.04062218651671523,0.46875,0.28125,0.875,1.0,0.78125,0.984375,1.0,0.0,0.0,0.0,0.0
289,oracle_min_ehull,0.05665204167103069,0.02945723695347676,0.828125,0.421875,1.0,1.0,0.59375,0.9375,1.0,-0.08218037242170786,-0.2748485623402943,0.359375,0.140625
289,oracle_min_rmsd,0.10802612795265741,0.011069695046888987,0.53125,0.234375,1.0,1.0,0.625,0.9375,1.0,-0.030806286140081143,-0.727496326611222,0.0625,-0.046875
289,oracle_stable_quality,0.05665204167103069,0.02945723695347676,0.828125,0.421875,1.0,1.0,0.59375,0.9375,1.0,-0.08218037242170786,-0.2748485623402943,0.359375,0.140625
289,oracle_nus_quality,0.0631247335435188,0.0247560025421181,0.828125,0.578125,1.0,1.0,0.765625,0.96875,1.0,-0.07570768054921975,-0.3905792704700548,0.359375,0.296875
290,baseline_first,0.13819325415189643,0.060278654372201076,0.421875,0.234375,0.859375,1.0,0.71875,0.96875,1.0,0.0,0.0,0.0,0.0
290,oracle_min_ehull,0.06446155196872796,0.03214562977724915,0.875,0.515625,1.0,1.0,0.625,0.953125,1.0,-0.07373170218316846,-0.4667162014141798,0.453125,0.28125
290,oracle_min_rmsd,0.10342336893223089,0.008997909841964462,0.609375,0.21875,1.0,1.0,0.515625,0.90625,1.0,-0.034769885219665536,-0.850728090471209,0.1875,-0.015625
290,oracle_stable_quality,0.06446155196872796,0.03214562977724915,0.875,0.515625,1.0,1.0,0.625,0.953125,1.0,-0.07373170218316846,-0.4667162014141798,0.453125,0.28125
290,oracle_nus_quality,0.07259591183208147,0.03331384293116882,0.875,0.671875,1.0,1.0,0.8125,0.96875,1.0,-0.06559734231981496,-0.4473359885330771,0.453125,0.4375
291,baseline_first,0.12670859151817124,0.045714104247140626,0.484375,0.3125,0.875,1.0,0.765625,0.984375,1.0,0.0,0.0,0.0,0.0
291,oracle_min_ehull,0.057797456762566125,0.0182451174631297,0.875,0.5,1.0,1.0,0.609375,0.953125,1.0,-0.06891113475560512,-0.6008864711754488,0.390625,0.1875
291,oracle_min_rmsd,0.0984576355123608,0.006078040799465133,0.671875,0.28125,1.0,1.0,0.546875,0.921875,1.0,-0.028250956005810443,-0.8670423297237568,0.1875,-0.03125
291,oracle_stable_quality,0.057797456762566125,0.0182451174631297,0.875,0.5,1.0,1.0,0.609375,0.953125,1.0,-0.06891113475560512,-0.6008864711754488,0.390625,0.1875
291,oracle_nus_quality,0.06453346167382074,0.021385986565480224,0.875,0.640625,1.0,1.0,0.78125,0.96875,1.0,-0.0621751298443505,-0.532179686823506,0.390625,0.328125
292,baseline_first,0.15348223525696258,0.04882985920952154,0.484375,0.328125,0.859375,1.0,0.796875,0.96875,1.0,0.0,0.0,0.0,0.0
292,oracle_min_ehull,0.06016355467216917,0.022487509432459606,0.84375,0.375,1.0,1.0,0.53125,0.90625,1.0,-0.09331868058479342,-0.5394721632112618,0.359375,0.046875
292,oracle_min_rmsd,0.10295086596823938,0.006373613328127576,0.59375,0.234375,1.0,1.0,0.578125,0.890625,1.0,-0.050531369288723205,-0.8694730349153913,0.109375,-0.09375
292,oracle_stable_quality,0.06016355467216917,0.022487509432459606,0.84375,0.375,1.0,1.0,0.53125,0.90625,1.0,-0.09331868058479342,-0.5394721632112618,0.359375,0.046875
292,oracle_nus_quality,0.06753878304367353,0.02525406002302276,0.84375,0.578125,1.0,1.0,0.734375,0.953125,1.0,-0.08594345221328906,-0.48281521937916294,0.359375,0.25
293,baseline_first,0.13053898160036814,0.059204047654705994,0.4375,0.25,0.8125,1.0,0.734375,0.984375,1.0,0.0,0.0,0.0,0.0
293,oracle_min_ehull,0.059759462071639353,0.017858602594175765,0.84375,0.421875,1.0,1.0,0.515625,0.9375,1.0,-0.0707795195287288,-0.6983550398727472,0.40625,0.171875
293,oracle_min_rmsd,0.10573830185031899,0.007373074827831685,0.53125,0.171875,1.0,1.0,0.578125,0.921875,1.0,-0.024800679750049154,-0.875463331986464,0.09375,-0.078125
293,oracle_stable_quality,0.059759462071639353,0.017858602594175765,0.84375,0.421875,1.0,1.0,0.515625,0.9375,1.0,-0.0707795195287288,-0.6983550398727472,0.40625,0.171875
293,oracle_nus_quality,0.070364378702019,0.027714040235587392,0.84375,0.65625,1.0,1.0,0.796875,0.9375,1.0,-0.06017460289834914,-0.5318894343639616,0.40625,0.40625
294,baseline_first,0.1516298193973451,0.09731042912306942,0.421875,0.3125,0.8125,1.0,0.8125,0.984375,1.0,0.0,0.0,0.0,0.0
294,oracle_min_ehull,0.06463983090949822,0.038844131509401504,0.84375,0.484375,1.0,1.0,0.625,0.921875,1.0,-0.08698998848784688,-0.6008225237577057,0.421875,0.171875
294,oracle_min_rmsd,0.10281485604831471,0.007728391879850457,0.59375,0.25,1.0,1.0,0.59375,0.9375,1.0,-0.04881496334903039,-0.9205800246746801,0.171875,-0.0625
294,oracle_stable_quality,0.06463983090949822,0.038844131509401504,0.84375,0.484375,1.0,1.0,0.625,0.921875,1.0,-0.08698998848784688,-0.6008225237577057,0.421875,0.171875
294,oracle_nus_quality,0.07274439094093527,0.04539724683883269,0.84375,0.625,1.0,1.0,0.796875,0.9375,1.0,-0.07888542845640983,-0.5334801495796677,0.421875,0.3125
295,baseline_first,0.13868335227263348,0.09028059262338656,0.4375,0.203125,0.78125,1.0,0.65625,0.9375,1.0,0.0,0.0,0.0,0.0
295,oracle_min_ehull,0.06179375613430443,0.030219818238724893,0.875,0.421875,1.0,1.0,0.5625,0.9375,1.0,-0.07688959613832905,-0.6652678348624768,0.4375,0.21875
295,oracle_min_rmsd,0.09876498048971433,0.007036609089454015,0.671875,0.265625,1.0,1.0,0.5625,0.921875,1.0,-0.039918371782919154,-0.9220584525978042,0.234375,0.0625
295,oracle_stable_quality,0.06179375613430443,0.030219818238724893,0.875,0.421875,1.0,1.0,0.5625,0.9375,1.0,-0.07688959613832905,-0.6652678348624768,0.4375,0.21875
295,oracle_nus_quality,0.06665925602584574,0.031872680846444026,0.875,0.59375,1.0,1.0,0.71875,0.953125,1.0,-0.07202409624678774,-0.6469597737422513,0.4375,0.390625
296,baseline_first,0.1464343261642758,0.031040489867772452,0.390625,0.203125,0.875,1.0,0.71875,0.96875,1.0,0.0,0.0,0.0,0.0
296,oracle_min_ehull,0.0596954890768666,0.020660378912329948,0.859375,0.5,1.0,1.0,0.625,0.9375,1.0,-0.08673883708740919,-0.3344055135618067,0.46875,0.296875
296,oracle_min_rmsd,0.09247490465120364,0.008188877038451274,0.609375,0.3125,1.0,1.0,0.578125,0.953125,1.0,-0.05395942151307215,-0.736187248547475,0.21875,0.109375
296,oracle_stable_quality,0.0596954890768666,0.020660378912329948,0.859375,0.5,1.0,1.0,0.625,0.9375,1.0,-0.08673883708740919,-0.3344055135618067,0.46875,0.296875
296,oracle_nus_quality,0.06960057246493626,0.042493463456907514,0.859375,0.625,1.0,1.0,0.765625,0.96875,1.0,-0.07683375369933954,0.3689688415976329,0.46875,0.421875
297,baseline_first,0.15078569056040297,0.05773359800182097,0.359375,0.1875,0.875,1.0,0.703125,0.9375,1.0,0.0,0.0,0.0,0.0
297,oracle_min_ehull,0.05808607307950056,0.031865092623853064,0.890625,0.484375,1.0,1.0,0.59375,0.9375,1.0,-0.09269961748090241,-0.4480667457647797,0.53125,0.296875
297,oracle_min_rmsd,0.09847954003486628,0.004955671846282605,0.59375,0.25,1.0,1.0,0.515625,0.953125,1.0,-0.05230615052553669,-0.9141631213400853,0.234375,0.0625
297,oracle_stable_quality,0.05808607307950056,0.031865092623853064,0.890625,0.484375,1.0,1.0,0.59375,0.9375,1.0,-0.09269961748090241,-0.4480667457647797,0.53125,0.296875
297,oracle_nus_quality,0.06296508184174443,0.032876523557702465,0.890625,0.625,1.0,1.0,0.75,0.953125,1.0,-0.08782060871865854,-0.4305478145210089,0.53125,0.4375
298,baseline_first,0.14853606772486624,0.0717315771790199,0.40625,0.234375,0.828125,1.0,0.734375,0.9375,1.0,0.0,0.0,0.0,0.0
298,oracle_min_ehull,0.06009341341755416,0.028959225897353693,0.875,0.484375,1.0,1.0,0.578125,0.9375,1.0,-0.08844265430731207,-0.5962834356049305,0.46875,0.25
298,oracle_min_rmsd,0.10445415893066026,0.005067617146969748,0.59375,0.21875,1.0,1.0,0.53125,0.9375,1.0,-0.04408190879420598,-0.929353049991881,0.1875,-0.015625
298,oracle_stable_quality,0.06009341341755416,0.028959225897353693,0.875,0.484375,1.0,1.0,0.578125,0.9375,1.0,-0.08844265430731207,-0.5962834356049305,0.46875,0.25
298,oracle_nus_quality,0.06460042317113102,0.03465884870377834,0.875,0.609375,1.0,1.0,0.734375,0.953125,1.0,-0.08393564455373523,-0.5168257820780862,0.46875,0.375
299,baseline_first,0.14671065269393085,0.06952527063526459,0.453125,0.203125,0.875,1.0,0.65625,0.96875,1.0,0.0,0.0,0.0,0.0
299,oracle_min_ehull,0.06547554347762333,0.018267043100457292,0.78125,0.421875,1.0,1.0,0.609375,0.9375,1.0,-0.08123510921630753,-0.7372603812462992,0.328125,0.21875
299,oracle_min_rmsd,0.10737014248481752,0.006610520621983907,0.5625,0.25,1.0,1.0,0.59375,0.90625,1.0,-0.03934051020911333,-0.9049191673533605,0.109375,0.046875
299,oracle_stable_quality,0.06547554347762333,0.018267043100457292,0.78125,0.421875,1.0,1.0,0.609375,0.9375,1.0,-0.08123510921630753,-0.7372603812462992,0.328125,0.21875
299,oracle_nus_quality,0.07330638687424011,0.028456914259111198,0.78125,0.59375,1.0,1.0,0.828125,0.9375,1.0,-0.07340426581969074,-0.5906968214708784,0.328125,0.390625
300,baseline_first,0.1456079527856153,0.05138857971597588,0.390625,0.21875,0.921875,1.0,0.75,0.984375,1.0,0.0,0.0,0.0,0.0
300,oracle_min_ehull,0.06392063029386053,0.04661777901374203,0.8125,0.359375,1.0,1.0,0.546875,0.90625,1.0,-0.08168732249175478,-0.09283776139761035,0.421875,0.140625
300,oracle_min_rmsd,0.10173028514301057,0.007160597708943796,0.609375,0.265625,1.0,1.0,0.625,0.875,1.0,-0.04387766764260474,-0.8606578008475747,0.21875,0.046875
300,oracle_stable_quality,0.06392063029386053,0.04661777901374203,0.8125,0.359375,1.0,1.0,0.546875,0.90625,1.0,-0.08168732249175478,-0.09283776139761035,0.421875,0.140625
300,oracle_nus_quality,0.06840497766342579,0.04019768198831514,0.8125,0.53125,1.0,1.0,0.734375,0.921875,1.0,-0.07720297512218952,-0.21777013082503371,0.421875,0.3125
301,baseline_first,0.1406705613518806,0.07676655566960186,0.421875,0.28125,0.84375,1.0,0.796875,0.953125,1.0,0.0,0.0,0.0,0.0
301,oracle_min_ehull,0.057388944836472035,0.04288372268791331,0.875,0.53125,1.0,1.0,0.640625,0.9375,1.0,-0.08328161651540858,-0.44137492800273603,0.453125,0.25
301,oracle_min_rmsd,0.10682675570472577,0.0062987651546038866,0.609375,0.203125,1.0,1.0,0.5625,0.9375,1.0,-0.033843805647154834,-0.9179490977592722,0.1875,-0.078125
301,oracle_stable_quality,0.057388944836472035,0.04288372268791331,0.875,0.53125,1.0,1.0,0.640625,0.9375,1.0,-0.08328161651540858,-0.44137492800273603,0.453125,0.25
301,oracle_nus_quality,0.06100826870970064,0.045368850229605164,0.875,0.609375,1.0,1.0,0.71875,0.96875,1.0,-0.07966229264217997,-0.40900239910632863,0.453125,0.328125
302,baseline_first,0.13381439676046947,0.0631123641271154,0.53125,0.265625,0.875,1.0,0.671875,0.921875,1.0,0.0,0.0,0.0,0.0
302,oracle_min_ehull,0.05368730788575023,0.02426059783272622,0.875,0.4375,1.0,1.0,0.546875,0.96875,1.0,-0.08012708887471924,-0.6155967508385101,0.34375,0.171875
302,oracle_min_rmsd,0.08947867194911488,0.005419146512238385,0.640625,0.265625,1.0,1.0,0.578125,0.9375,1.0,-0.04433572481135459,-0.9141349466592059,0.109375,0.0
302,oracle_stable_quality,0.05368730788575023,0.02426059783272622,0.875,0.4375,1.0,1.0,0.546875,0.96875,1.0,-0.08012708887471924,-0.6155967508385101,0.34375,0.171875
302,oracle_nus_quality,0.0627567533167534,0.028444931354395804,0.875,0.640625,1.0,1.0,0.765625,0.984375,1.0,-0.07105764344371607,-0.549297007839787,0.34375,0.375
303,baseline_first,0.15175879981647436,0.04741508675654149,0.390625,0.203125,0.8125,1.0,0.75,0.9375,1.0,0.0,0.0,0.0,0.0
303,oracle_min_ehull,0.05784299275328517,0.03075703037856903,0.859375,0.421875,1.0,1.0,0.5625,0.953125,1.0,-0.0939158070631892,-0.35132396706359026,0.46875,0.21875
303,oracle_min_rmsd,0.09458489653768809,0.004485814297958,0.609375,0.265625,1.0,1.0,0.578125,0.875,1.0,-0.05717390327878627,-0.9053926797394476,0.21875,0.0625
303,oracle_stable_quality,0.05784299275328517,0.03075703037856903,0.859375,0.421875,1.0,1.0,0.5625,0.953125,1.0,-0.0939158070631892,-0.35132396706359026,0.46875,0.21875
303,oracle_nus_quality,0.06699220577348976,0.026666426709839867,0.859375,0.625,1.0,1.0,0.765625,0.984375,1.0,-0.0847665940429846,-0.437596163289506,0.46875,0.421875
304,baseline_first,0.1543711110460108,0.06233642137882792,0.40625,0.28125,0.84375,1.0,0.828125,0.9375,1.0,0.0,0.0,0.0,0.0
304,oracle_min_ehull,0.0564556127263496,0.04761454914828221,0.890625,0.4375,1.0,1.0,0.546875,0.90625,1.0,-0.0979154983196612,-0.2361680684407379,0.484375,0.15625
304,oracle_min_rmsd,0.09430964829453611,0.007968406888617864,0.65625,0.265625,1.0,1.0,0.546875,0.90625,1.0,-0.0600614627514747,-0.8721709281289562,0.25,-0.015625
304,oracle_stable_quality,0.0564556127263496,0.04761454914828221,0.890625,0.4375,1.0,1.0,0.546875,0.90625,1.0,-0.0979154983196612,-0.2361680684407379,0.484375,0.15625
304,oracle_nus_quality,0.06322042330607633,0.04063563389741407,0.890625,0.640625,1.0,1.0,0.75,0.9375,1.0,-0.09115068773993448,-0.34812372929679203,0.484375,0.359375
305,baseline_first,0.128871255389993,0.07363404194511029,0.46875,0.21875,0.84375,1.0,0.671875,0.953125,1.0,0.0,0.0,0.0,0.0
305,oracle_min_ehull,0.059782318297446346,0.016753407789910198,0.828125,0.453125,1.0,1.0,0.578125,0.921875,1.0,-0.06908893709254665,-0.7724774119774812,0.359375,0.234375
305,oracle_min_rmsd,0.09999466885095336,0.00843424250826983,0.625,0.28125,1.0,1.0,0.625,0.890625,1.0,-0.028876586539039642,-0.8854572927755746,0.15625,0.0625
305,oracle_stable_quality,0.059782318297446346,0.016753407789910198,0.828125,0.453125,1.0,1.0,0.578125,0.921875,1.0,-0.06908893709254665,-0.7724774119774812,0.359375,0.234375
305,oracle_nus_quality,0.06798776263854417,0.019567769058230086,0.828125,0.640625,1.0,1.0,0.8125,0.96875,1.0,-0.06088349275144883,-0.7342564859767352,0.359375,0.421875
306,baseline_first,0.1524129601733575,0.0582511515891796,0.390625,0.25,0.859375,1.0,0.796875,0.96875,1.0,0.0,0.0,0.0,0.0
306,oracle_min_ehull,0.06216714441968078,0.039724391427902114,0.875,0.453125,1.0,1.0,0.5625,0.90625,1.0,-0.09024581575367674,-0.318049680664492,0.484375,0.203125
306,oracle_min_rmsd,0.09666936044253294,0.005804137078684711,0.625,0.21875,1.0,1.0,0.453125,0.90625,1.0,-0.05574359973082457,-0.9003601315967313,0.234375,-0.03125
306,oracle_stable_quality,0.06216714441968078,0.039724391427902114,0.875,0.453125,1.0,1.0,0.5625,0.90625,1.0,-0.09024581575367674,-0.318049680664492,0.484375,0.203125
306,oracle_nus_quality,0.07231973737400184,0.05207966858086588,0.875,0.625,1.0,1.0,0.75,0.96875,1.0,-0.08009322279935567,-0.10594611162090917,0.484375,0.375
307,baseline_first,0.1234999482885677,0.06664403232115028,0.46875,0.3125,0.828125,1.0,0.75,0.984375,1.0,0.0,0.0,0.0,0.0
307,oracle_min_ehull,0.05889665776181653,0.022299211758652994,0.8125,0.453125,1.0,1.0,0.546875,0.9375,1.0,-0.06460329052675116,-0.665398221236141,0.34375,0.140625
307,oracle_min_rmsd,0.09969688562948584,0.008000596825336406,0.578125,0.265625,1.0,1.0,0.578125,0.921875,1.0,-0.02380306265908186,-0.8799502889203581,0.109375,-0.046875
307,oracle_stable_quality,0.05889665776181653,0.022299211758652994,0.8125,0.453125,1.0,1.0,0.546875,0.9375,1.0,-0.06460329052675116,-0.665398221236141,0.34375,0.140625
307,oracle_nus_quality,0.06870158289462118,0.0392082530034057,0.8125,0.609375,1.0,1.0,0.796875,0.96875,1.0,-0.054798365393946516,-0.4116764601747771,0.34375,0.296875
308,baseline_first,0.1372673251251333,0.07882735961079632,0.4375,0.21875,0.828125,1.0,0.765625,0.96875,1.0,0.0,0.0,0.0,0.0
308,oracle_min_ehull,0.06106256027723875,0.023766506484750274,0.828125,0.390625,1.0,1.0,0.515625,0.921875,1.0,-0.07620476484789454,-0.6984992697700967,0.390625,0.171875
308,oracle_min_rmsd,0.1016221625645414,0.0055574776307911345,0.609375,0.265625,1.0,1.0,0.5625,0.890625,1.0,-0.035645162560591886,-0.929498112606705,0.171875,0.046875
308,oracle_stable_quality,0.06106256027723875,0.023766506484750274,0.828125,0.390625,1.0,1.0,0.515625,0.921875,1.0,-0.07620476484789454,-0.6984992697700967,0.390625,0.171875
308,oracle_nus_quality,0.07096280524227949,0.03056480112776332,0.828125,0.5625,1.0,1.0,0.75,0.96875,1.0,-0.0663045198828538,-0.6122564388979341,0.390625,0.34375
309,baseline_first,0.13574057823868912,0.05072520290822314,0.453125,0.171875,0.828125,1.0,0.640625,0.921875,1.0,0.0,0.0,0.0,0.0
309,oracle_min_ehull,0.06058598030873056,0.03170367725983435,0.828125,0.4375,1.0,1.0,0.5625,0.921875,1.0,-0.07515459792995857,-0.374991612804474,0.375,0.265625
309,oracle_min_rmsd,0.09032323698837239,0.01387995113999565,0.671875,0.25,1.0,1.0,0.53125,0.890625,1.0,-0.04541734125031674,-0.7263697266010236,0.21875,0.078125
309,oracle_stable_quality,0.06058598030873056,0.03170367725983435,0.828125,0.4375,1.0,1.0,0.5625,0.921875,1.0,-0.07515459792995857,-0.374991612804474,0.375,0.265625
309,oracle_nus_quality,0.07135253444266157,0.047032661949636734,0.828125,0.640625,1.0,1.0,0.828125,0.96875,1.0,-0.06438804379602756,-0.07279499631114938,0.375,0.46875
310,baseline_first,0.13801111450049125,0.03320708308284257,0.453125,0.25,0.875,1.0,0.71875,0.9375,1.0,0.0,0.0,0.0,0.0
310,oracle_min_ehull,0.06363008680927137,0.024628270521436544,0.84375,0.359375,1.0,1.0,0.484375,0.921875,1.0,-0.07438102769121988,-0.25834285233678134,0.390625,0.109375
310,oracle_min_rmsd,0.1092566722112936,0.0064478411740161775,0.515625,0.203125,1.0,1.0,0.578125,0.90625,1.0,-0.028754442289197643,-0.805829341953023,0.0625,-0.046875
310,oracle_stable_quality,0.06363008680927137,0.024628270521436544,0.84375,0.359375,1.0,1.0,0.484375,0.921875,1.0,-0.07438102769121988,-0.25834285233678134,0.390625,0.109375
310,oracle_nus_quality,0.07454467881230142,0.030624239917535743,0.84375,0.5625,1.0,1.0,0.71875,0.96875,1.0,-0.06346643568818983,-0.0777798868652011,0.390625,0.3125
311,baseline_first,0.14961206377298616,0.07572151079277595,0.390625,0.15625,0.890625,1.0,0.6875,0.953125,1.0,0.0,0.0,0.0,0.0
311,oracle_min_ehull,0.06111272102767769,0.02427962236732734,0.828125,0.4375,1.0,1.0,0.546875,0.9375,1.0,-0.08849934274530848,-0.6793563399207339,0.4375,0.28125
311,oracle_min_rmsd,0.10561901626903462,0.006331522406703156,0.546875,0.21875,1.0,1.0,0.5625,0.921875,1.0,-0.04399304750395154,-0.9163840982514152,0.15625,0.0625
311,oracle_stable_quality,0.06111272102767769,0.02427962236732734,0.828125,0.4375,1.0,1.0,0.546875,0.9375,1.0,-0.08849934274530848,-0.6793563399207339,0.4375,0.28125
311,oracle_nus_quality,0.07053544402893139,0.016953587955658052,0.828125,0.59375,1.0,1.0,0.765625,0.96875,1.0,-0.07907661974405478,-0.7761060525845256,0.4375,0.4375
312,baseline_first,0.15990289575274091,0.05591043116940445,0.34375,0.1875,0.859375,1.0,0.75,0.9375,1.0,0.0,0.0,0.0,0.0
312,oracle_min_ehull,0.06306090191837427,0.04639472729705617,0.84375,0.375,1.0,1.0,0.53125,0.921875,1.0,-0.09684199383436665,-0.17019550150698015,0.5,0.1875
312,oracle_min_rmsd,0.11115254823147278,0.007238372608065093,0.59375,0.203125,1.0,1.0,0.578125,0.9375,1.0,-0.04875034752126814,-0.8705362763858258,0.25,0.015625
312,oracle_stable_quality,0.06306090191837427,0.04639472729705617,0.84375,0.375,1.0,1.0,0.53125,0.921875,1.0,-0.09684199383436665,-0.17019550150698015,0.5,0.1875
312,oracle_nus_quality,0.06805655574525607,0.03834166086550232,0.84375,0.53125,1.0,1.0,0.6875,0.96875,1.0,-0.09184634000748484,-0.31423063525784767,0.5,0.34375
313,baseline_first,0.12836607797303023,0.07840787245197692,0.453125,0.25,0.8125,1.0,0.734375,0.953125,1.0,0.0,0.0,0.0,0.0
313,oracle_min_ehull,0.05754721975702537,0.032855479857388195,0.84375,0.40625,1.0,1.0,0.53125,0.9375,1.0,-0.07081885821600487,-0.5809670785607473,0.390625,0.15625
313,oracle_min_rmsd,0.09422714192376827,0.005649106978387111,0.609375,0.234375,1.0,1.0,0.515625,0.90625,1.0,-0.034138936049261964,-0.9279522986439013,0.15625,-0.015625
313,oracle_stable_quality,0.05754721975702537,0.032855479857388195,0.84375,0.40625,1.0,1.0,0.53125,0.9375,1.0,-0.07081885821600487,-0.5809670785607473,0.390625,0.15625
313,oracle_nus_quality,0.06654826449604914,0.05664796884676143,0.84375,0.578125,1.0,1.0,0.734375,0.96875,1.0,-0.06181781347698109,-0.27752192381629714,0.390625,0.328125
314,baseline_first,0.13255854986341725,0.059799286139656474,0.453125,0.296875,0.90625,1.0,0.765625,0.921875,1.0,0.0,0.0,0.0,0.0
314,oracle_min_ehull,0.05726686304973856,0.05690986469300039,0.859375,0.53125,1.0,1.0,0.6875,0.96875,1.0,-0.07529168681367869,-0.048318661194517776,0.40625,0.234375
314,oracle_min_rmsd,0.10546578581744506,0.007020792962991696,0.546875,0.203125,1.0,1.0,0.53125,0.90625,1.0,-0.02709276404597219,-0.8825940338719899,0.09375,-0.09375
314,oracle_stable_quality,0.05726686304973856,0.05690986469300039,0.859375,0.53125,1.0,1.0,0.6875,0.96875,1.0,-0.07529168681367869,-0.048318661194517776,0.40625,0.234375
314,oracle_nus_quality,0.06104783849420783,0.057667689134109835,0.859375,0.625,1.0,1.0,0.78125,0.984375,1.0,-0.07151071136920942,-0.035645860396534945,0.40625,0.328125
315,baseline_first,0.14956797693547125,0.07171931738706885,0.40625,0.1875,0.8125,1.0,0.765625,0.953125,1.0,0.0,0.0,0.0,0.0
315,oracle_min_ehull,0.052398952219393904,0.023587734372790402,0.9375,0.5,1.0,1.0,0.5625,0.90625,1.0,-0.09716902471607734,-0.6711104451052219,0.53125,0.3125
315,oracle_min_rmsd,0.08438412444935713,0.004754857254062148,0.6875,0.328125,1.0,1.0,0.546875,0.90625,1.0,-0.06518385248611412,-0.9337018612656308,0.28125,0.140625
315,oracle_stable_quality,0.052398952219393904,0.023587734372790402,0.9375,0.5,1.0,1.0,0.5625,0.90625,1.0,-0.09716902471607734,-0.6711104451052219,0.53125,0.3125
315,oracle_nus_quality,0.056384564798417885,0.019104046318676057,0.9375,0.625,1.0,1.0,0.6875,0.96875,1.0,-0.09318341213705336,-0.7336276052995374,0.53125,0.4375
316,baseline_first,0.14433683932496622,0.06398329221835192,0.40625,0.171875,0.765625,1.0,0.65625,0.9375,1.0,0.0,0.0,0.0,0.0
316,oracle_min_ehull,0.05823534204208227,0.015434558716871367,0.859375,0.515625,1.0,1.0,0.609375,0.921875,1.0,-0.08610149728288394,-0.7587720452989699,0.453125,0.34375
316,oracle_min_rmsd,0.09068453739830344,0.004578176575014527,0.625,0.296875,1.0,1.0,0.609375,0.921875,1.0,-0.053652301926662774,-0.9284473115357856,0.21875,0.125
316,oracle_stable_quality,0.05823534204208227,0.015434558716871367,0.859375,0.515625,1.0,1.0,0.609375,0.921875,1.0,-0.08610149728288394,-0.7587720452989699,0.453125,0.34375
316,oracle_nus_quality,0.06615478838543663,0.03557870031357055,0.859375,0.609375,1.0,1.0,0.734375,0.9375,1.0,-0.07818205093952958,-0.44393764246839207,0.453125,0.4375
317,baseline_first,0.15012449007415338,0.04697520808751502,0.375,0.1875,0.796875,1.0,0.71875,0.984375,1.0,0.0,0.0,0.0,0.0
317,oracle_min_ehull,0.05716800506284854,0.025818251379790897,0.875,0.46875,1.0,1.0,0.59375,0.921875,1.0,-0.09295648501130484,-0.45038558782557425,0.5,0.28125
317,oracle_min_rmsd,0.09698901774991778,0.007637298658328138,0.625,0.265625,1.0,1.0,0.546875,0.90625,1.0,-0.0531354723242356,-0.8374185241691784,0.25,0.078125
317,oracle_stable_quality,0.05716800506284854,0.025818251379790897,0.875,0.46875,1.0,1.0,0.59375,0.921875,1.0,-0.09295648501130484,-0.45038558782557425,0.5,0.28125
317,oracle_nus_quality,0.06289208651036492,0.03790896775042899,0.875,0.59375,1.0,1.0,0.71875,0.953125,1.0,-0.08723240356378846,-0.19300053594644184,0.5,0.40625
318,baseline_first,0.1365061584981076,0.0523579168209407,0.40625,0.1875,0.84375,1.0,0.71875,0.9375,1.0,0.0,0.0,0.0,0.0
318,oracle_min_ehull,0.05926666720780563,0.022867552709895884,0.84375,0.453125,1.0,1.0,0.578125,0.96875,1.0,-0.07723949129030197,-0.5632455586783403,0.4375,0.265625
318,oracle_min_rmsd,0.10075253191639483,0.0065625737101632185,0.53125,0.203125,1.0,1.0,0.546875,0.921875,1.0,-0.03575362658171277,-0.8746593808801327,0.125,0.015625
318,oracle_stable_quality,0.05926666720780563,0.022867552709895884,0.84375,0.453125,1.0,1.0,0.578125,0.96875,1.0,-0.07723949129030197,-0.5632455586783403,0.4375,0.265625
318,oracle_nus_quality,0.06802002015886938,0.047533502996301824,0.84375,0.6875,1.0,1.0,0.84375,0.984375,1.0,-0.06848613833923822,-0.09214296743581174,0.4375,0.5
319,baseline_first,0.15077613534678713,0.07345443297546235,0.375,0.234375,0.8125,1.0,0.828125,0.984375,1.0,0.0,0.0,0.0,0.0
319,oracle_min_ehull,0.06465257261057081,0.025185243830180875,0.875,0.4375,1.0,1.0,0.5625,0.9375,1.0,-0.08612356273621632,-0.6571310564932946,0.5,0.203125
319,oracle_min_rmsd,0.10887635139835998,0.007482872491466275,0.609375,0.28125,1.0,1.0,0.640625,0.9375,1.0,-0.04189978394842715,-0.8981290551386334,0.234375,0.046875
319,oracle_stable_quality,0.06465257261057081,0.025185243830180875,0.875,0.4375,1.0,1.0,0.5625,0.9375,1.0,-0.08612356273621632,-0.6571310564932946,0.5,0.203125
319,oracle_nus_quality,0.07042439391190831,0.021120332483813207,0.875,0.5625,1.0,1.0,0.703125,0.953125,1.0,-0.08035174143487882,-0.7124702808492374,0.5,0.328125
320,baseline_first,0.12190398869255928,0.049559394584434015,0.484375,0.234375,0.859375,1.0,0.703125,0.9375,1.0,0.0,0.0,0.0,0.0
320,oracle_min_ehull,0.06132613052825441,0.024284109180487793,0.8125,0.421875,1.0,1.0,0.578125,0.9375,1.0,-0.06057785816430487,-0.5099998822803391,0.328125,0.1875
320,oracle_min_rmsd,0.1118181985830381,0.011634034219089049,0.53125,0.21875,1.0,1.0,0.609375,0.921875,1.0,-0.010085790109521181,-0.7652506791771191,0.046875,-0.015625
320,oracle_stable_quality,0.06132613052825441,0.024284109180487793,0.8125,0.421875,1.0,1.0,0.578125,0.9375,1.0,-0.06057785816430487,-0.5099998822803391,0.328125,0.1875
320,oracle_nus_quality,0.06929432661788298,0.033900490345871066,0.8125,0.5625,1.0,1.0,0.75,0.96875,1.0,-0.052609662074676294,-0.3159623794815527,0.328125,0.328125
321,baseline_first,0.13159810988942705,0.07836569702790518,0.421875,0.21875,0.84375,1.0,0.703125,0.96875,1.0,0.0,0.0,0.0,0.0
321,oracle_min_ehull,0.05452415387297188,0.023207516807590374,0.859375,0.453125,1.0,1.0,0.5625,0.9375,1.0,-0.07707395601645517,-0.7038561808577237,0.4375,0.234375
321,oracle_min_rmsd,0.09630985729809041,0.005146066211323005,0.625,0.296875,1.0,1.0,0.59375,0.875,1.0,-0.03528825259133664,-0.9343326684188039,0.203125,0.078125
321,oracle_stable_quality,0.05452415387297188,0.023207516807590374,0.859375,0.453125,1.0,1.0,0.5625,0.9375,1.0,-0.07707395601645517,-0.7038561808577237,0.4375,0.234375
321,oracle_nus_quality,0.06451446634685781,0.03690264046082831,0.859375,0.640625,1.0,1.0,0.796875,0.953125,1.0,-0.06708364354256924,-0.529097017440071,0.4375,0.421875
322,baseline_first,0.13780537420103395,0.0539942559405998,0.421875,0.21875,0.8125,1.0,0.71875,0.9375,1.0,0.0,0.0,0.0,0.0
322,oracle_min_ehull,0.06266368408725195,0.04749252281769622,0.8125,0.453125,1.0,1.0,0.59375,0.921875,1.0,-0.075141690113782,-0.12041527398870489,0.390625,0.234375
322,oracle_min_rmsd,0.1065742941270669,0.006603671372940156,0.5625,0.234375,1.0,1.0,0.578125,0.9375,1.0,-0.03123108007396705,-0.8776967798166347,0.140625,0.015625
322,oracle_stable_quality,0.06266368408725195,0.04749252281769622,0.8125,0.453125,1.0,1.0,0.59375,0.921875,1.0,-0.075141690113782,-0.12041527398870489,0.390625,0.234375
322,oracle_nus_quality,0.06980869768790603,0.04286824421801837,0.8125,0.609375,1.0,1.0,0.8125,0.96875,1.0,-0.06799667651312792,-0.20605917293908793,0.390625,0.390625
323,baseline_first,0.14253728774261384,0.04520663345306345,0.421875,0.234375,0.8125,1.0,0.78125,0.9375,1.0,0.0,0.0,0.0,0.0
323,oracle_min_ehull,0.059221282954407276,0.0226928057487726,0.84375,0.421875,1.0,1.0,0.546875,0.890625,1.0,-0.08331600478820657,-0.4980204448903768,0.421875,0.1875
323,oracle_min_rmsd,0.09715017469720229,0.005321906327422294,0.609375,0.25,1.0,1.0,0.515625,0.90625,1.0,-0.045387113045411556,-0.8822759864888445,0.1875,0.015625
323,oracle_stable_quality,0.059221282954407276,0.0226928057487726,0.84375,0.421875,1.0,1.0,0.546875,0.890625,1.0,-0.08331600478820657,-0.4980204448903768,0.421875,0.1875
323,oracle_nus_quality,0.06975131695065084,0.04885817963156962,0.84375,0.609375,1.0,1.0,0.78125,0.953125,1.0,-0.072785970791963,0.08077456558001495,0.421875,0.375
324,baseline_first,0.14978376541590108,0.08846716465926256,0.328125,0.1875,0.890625,1.0,0.828125,0.9375,1.0,0.0,0.0,0.0,0.0
324,oracle_min_ehull,0.06343609247906046,0.049019317329685064,0.78125,0.390625,1.0,1.0,0.59375,0.9375,1.0,-0.08634767293684062,-0.4459038274993171,0.453125,0.203125
324,oracle_min_rmsd,0.11426627541617516,0.008848089744518743,0.515625,0.25,1.0,1.0,0.625,0.921875,1.0,-0.03551748999972591,-0.8999844769684009,0.1875,0.0625
324,oracle_stable_quality,0.06343609247906046,0.049019317329685064,0.78125,0.390625,1.0,1.0,0.59375,0.9375,1.0,-0.08634767293684062,-0.4459038274993171,0.453125,0.203125
324,oracle_nus_quality,0.07540596877439266,0.05261310822631209,0.78125,0.546875,1.0,1.0,0.78125,0.953125,1.0,-0.07437779664150841,-0.40528094882485344,0.453125,0.359375
325,baseline_first,0.13015157333572036,0.04198817881975792,0.375,0.125,0.90625,1.0,0.671875,0.953125,1.0,0.0,0.0,0.0,0.0
325,oracle_min_ehull,0.057299804087599444,0.028717572275179445,0.890625,0.421875,1.0,1.0,0.53125,0.921875,1.0,-0.07285176924812092,-0.31605577849768207,0.515625,0.296875
325,oracle_min_rmsd,0.09677913449772216,0.006155822316648877,0.59375,0.21875,1.0,1.0,0.53125,0.9375,1.0,-0.0333724388379982,-0.8533915380547012,0.21875,0.09375
325,oracle_stable_quality,0.057299804087599444,0.028717572275179445,0.890625,0.421875,1.0,1.0,0.53125,0.921875,1.0,-0.07285176924812092,-0.31605577849768207,0.515625,0.296875
325,oracle_nus_quality,0.06452737434716556,0.046787516353745076,0.890625,0.625,1.0,1.0,0.75,0.96875,1.0,-0.0656241989885548,0.11430211237761001,0.515625,0.5
326,baseline_first,0.1532726613238678,0.08869695897047143,0.375,0.25,0.90625,1.0,0.796875,0.9375,1.0,0.0,0.0,0.0,0.0
326,oracle_min_ehull,0.06011066910391912,0.031102769751255692,0.84375,0.453125,1.0,1.0,0.5625,0.9375,1.0,-0.09316199221994867,-0.6493366840050256,0.46875,0.203125
326,oracle_min_rmsd,0.0989583613406238,0.006463895396206652,0.546875,0.25,1.0,1.0,0.59375,0.953125,1.0,-0.054314299983244,-0.9271238217044332,0.171875,0.0
326,oracle_stable_quality,0.06011066910391912,0.031102769751255692,0.84375,0.453125,1.0,1.0,0.5625,0.9375,1.0,-0.09316199221994867,-0.6493366840050256,0.46875,0.203125
326,oracle_nus_quality,0.06734269722720673,0.04522517857981988,0.84375,0.5625,1.0,1.0,0.734375,0.96875,1.0,-0.08592996409666107,-0.49011579309189135,0.46875,0.3125
327,baseline_first,0.12946702547562627,0.06275725239842216,0.40625,0.265625,0.90625,1.0,0.75,1.0,1.0,0.0,0.0,0.0,0.0
327,oracle_min_ehull,0.0544898734231131,0.02239042099516861,0.875,0.46875,1.0,1.0,0.578125,0.90625,1.0,-0.07497715205251318,-0.6432217769347157,0.46875,0.203125
327,oracle_min_rmsd,0.09988951438658479,0.005616284088412513,0.578125,0.265625,1.0,1.0,0.5625,0.9375,1.0,-0.029577511089041483,-0.9105078078823967,0.171875,0.0
327,oracle_stable_quality,0.0544898734231131,0.02239042099516861,0.875,0.46875,1.0,1.0,0.578125,0.90625,1.0,-0.07497715205251318,-0.6432217769347157,0.46875,0.203125
327,oracle_nus_quality,0.06371542881254165,0.035653187329729316,0.875,0.65625,1.0,1.0,0.78125,0.9375,1.0,-0.06575159666308462,-0.4318873760855453,0.46875,0.390625
328,baseline_first,0.15613733199793536,0.04845244898017248,0.390625,0.203125,0.734375,1.0,0.703125,0.96875,1.0,0.0,0.0,0.0,0.0
328,oracle_min_ehull,0.053775026611295386,0.02112638139120538,0.890625,0.46875,1.0,1.0,0.5625,0.921875,1.0,-0.10236230538663998,-0.5639770159017012,0.5,0.265625
328,oracle_min_rmsd,0.09671885671784572,0.006025882895258327,0.625,0.25,1.0,1.0,0.546875,0.90625,1.0,-0.059418475280089644,-0.8756330583470773,0.234375,0.046875
328,oracle_stable_quality,0.053775026611295386,0.02112638139120538,0.890625,0.46875,1.0,1.0,0.5625,0.921875,1.0,-0.10236230538663998,-0.5639770159017012,0.5,0.265625
328,oracle_nus_quality,0.06102312814875093,0.018956340866291242,0.890625,0.671875,1.0,1.0,0.765625,0.96875,1.0,-0.09511420384918443,-0.6087640301928086,0.5,0.46875
329,baseline_first,0.1376889422182374,0.050232370273414394,0.390625,0.265625,0.8125,1.0,0.828125,0.984375,1.0,0.0,0.0,0.0,0.0
329,oracle_min_ehull,0.0581472179842179,0.03083231646935289,0.90625,0.515625,1.0,1.0,0.625,0.9375,1.0,-0.0795417242340195,-0.38620621918629694,0.515625,0.25
329,oracle_min_rmsd,0.110797980009974,0.005821661467323286,0.5625,0.265625,1.0,1.0,0.625,0.953125,1.0,-0.02689096220826341,-0.8841053799445252,0.171875,0.0
329,oracle_stable_quality,0.0581472179842179,0.03083231646935289,0.90625,0.515625,1.0,1.0,0.625,0.9375,1.0,-0.0795417242340195,-0.38620621918629694,0.515625,0.25
329,oracle_nus_quality,0.06311673988202157,0.04320091347347056,0.90625,0.625,1.0,1.0,0.734375,0.953125,1.0,-0.07457220233621584,-0.13997859869386353,0.515625,0.359375
330,baseline_first,0.1381668335603632,0.06011226716802636,0.484375,0.21875,0.859375,1.0,0.703125,0.921875,1.0,0.0,0.0,0.0,0.0
330,oracle_min_ehull,0.0650771035032698,0.027074945230336142,0.8125,0.46875,1.0,1.0,0.625,0.90625,1.0,-0.07308973005709339,-0.5495936768670526,0.328125,0.25
330,oracle_min_rmsd,0.10157898000419086,0.006565317312415783,0.59375,0.25,1.0,1.0,0.5625,0.953125,1.0,-0.036587853556172334,-0.8907824039631653,0.109375,0.03125
330,oracle_stable_quality,0.0650771035032698,0.027074945230336142,0.8125,0.46875,1.0,1.0,0.625,0.90625,1.0,-0.07308973005709339,-0.5495936768670526,0.328125,0.25
330,oracle_nus_quality,0.07575384294205878,0.041143041357222694,0.8125,0.65625,1.0,1.0,0.859375,0.9375,1.0,-0.06241299061830441,-0.31556330686681155,0.328125,0.4375
331,baseline_first,0.13264406793638953,0.03899035991448012,0.46875,0.21875,0.84375,1.0,0.65625,0.921875,1.0,0.0,0.0,0.0,0.0
331,oracle_min_ehull,0.06192312426134789,0.03379928693218463,0.84375,0.515625,1.0,1.0,0.640625,0.9375,1.0,-0.07072094367504164,-0.1331373445559717,0.375,0.296875
331,oracle_min_rmsd,0.1001897209168802,0.005960579754474606,0.59375,0.234375,1.0,1.0,0.546875,0.96875,1.0,-0.03245434701950932,-0.8471268342341979,0.125,0.015625
331,oracle_stable_quality,0.06192312426134789,0.03379928693218463,0.84375,0.515625,1.0,1.0,0.640625,0.9375,1.0,-0.07072094367504164,-0.1331373445559717,0.375,0.296875
331,oracle_nus_quality,0.06731096370896761,0.06379376716635818,0.84375,0.640625,1.0,1.0,0.78125,0.96875,1.0,-0.06533310422742192,0.6361420439893566,0.375,0.421875
332,baseline_first,0.12690665962502934,0.05071242056436569,0.453125,0.28125,0.84375,1.0,0.78125,0.96875,1.0,0.0,0.0,0.0,0.0
332,oracle_min_ehull,0.06356645176912609,0.02403144511202393,0.78125,0.40625,1.0,1.0,0.578125,0.9375,1.0,-0.06334020785590325,-0.5261230908605019,0.328125,0.125
332,oracle_min_rmsd,0.09660815177305973,0.005243434049995039,0.625,0.203125,1.0,1.0,0.484375,0.90625,1.0,-0.03029850785196961,-0.8966045400388665,0.171875,-0.078125
332,oracle_stable_quality,0.06356645176912609,0.02403144511202393,0.78125,0.40625,1.0,1.0,0.578125,0.9375,1.0,-0.06334020785590325,-0.5261230908605019,0.328125,0.125
332,oracle_nus_quality,0.07572756659443042,0.05855584459611178,0.78125,0.640625,1.0,1.0,0.859375,0.984375,1.0,-0.05117909303059892,0.15466475361378174,0.328125,0.359375
333,baseline_first,0.1460234470896455,0.056940173158842255,0.390625,0.203125,0.875,1.0,0.71875,0.953125,1.0,0.0,0.0,0.0,0.0
333,oracle_min_ehull,0.05802873202975589,0.014593062178171684,0.875,0.46875,1.0,1.0,0.578125,0.921875,1.0,-0.0879947150598896,-0.7437123674095198,0.484375,0.265625
333,oracle_min_rmsd,0.10421705293262659,0.006753160727583603,0.578125,0.25,1.0,1.0,0.59375,0.921875,1.0,-0.041806394157018895,-0.8813990131581659,0.1875,0.046875
333,oracle_stable_quality,0.05802873202975589,0.014593062178171684,0.875,0.46875,1.0,1.0,0.578125,0.921875,1.0,-0.0879947150598896,-0.7437123674095198,0.484375,0.265625
333,oracle_nus_quality,0.07021780987724267,0.043408074600784954,0.875,0.640625,1.0,1.0,0.765625,0.9375,1.0,-0.07580563721240281,-0.23765467871528412,0.484375,0.4375
334,baseline_first,0.13017584695155265,0.05066203794252057,0.484375,0.296875,0.890625,1.0,0.734375,0.984375,1.0,0.0,0.0,0.0,0.0
334,oracle_min_ehull,0.06020826407882857,0.02681065061241307,0.875,0.484375,1.0,1.0,0.609375,0.921875,1.0,-0.06996758287272409,-0.4707940757765898,0.390625,0.1875
334,oracle_min_rmsd,0.0971485196084006,0.007004539365975882,0.609375,0.25,1.0,1.0,0.53125,0.921875,1.0,-0.03302732734315206,-0.8617398815672793,0.125,-0.046875
334,oracle_stable_quality,0.06020826407882857,0.02681065061241307,0.875,0.484375,1.0,1.0,0.609375,0.921875,1.0,-0.06996758287272409,-0.4707940757765898,0.390625,0.1875
334,oracle_nus_quality,0.06545717648947222,0.0347868476939768,0.875,0.65625,1.0,1.0,0.78125,0.953125,1.0,-0.06471867046208044,-0.3133547502876852,0.390625,0.359375
335,baseline_first,0.15327696644867866,0.0734038372935425,0.390625,0.265625,0.828125,1.0,0.78125,0.96875,1.0,0.0,0.0,0.0,0.0
335,oracle_min_ehull,0.058351672870387394,0.03769972324069614,0.875,0.46875,1.0,1.0,0.546875,0.921875,1.0,-0.09492529357829127,-0.4864066426127742,0.484375,0.203125
335,oracle_min_rmsd,0.09430248180841555,0.006665182991014181,0.609375,0.25,1.0,1.0,0.53125,0.921875,1.0,-0.058974484640263114,-0.9091984392537945,0.21875,-0.015625
335,oracle_stable_quality,0.058351672870387394,0.03769972324069614,0.875,0.46875,1.0,1.0,0.546875,0.921875,1.0,-0.09492529357829127,-0.4864066426127742,0.484375,0.203125
335,oracle_nus_quality,0.06952945469764671,0.046216545012775834,0.875,0.65625,1.0,1.0,0.796875,0.96875,1.0,-0.08374751175103196,-0.37037971423815996,0.484375,0.390625
336,baseline_first,0.1364794956030239,0.047144528992107866,0.484375,0.28125,0.796875,1.0,0.78125,0.984375,1.0,0.0,0.0,0.0,0.0
336,oracle_min_ehull,0.05295292711197077,0.02088058707968847,0.9375,0.5,1.0,1.0,0.546875,0.90625,1.0,-0.08352656849105311,-0.5570941628628012,0.453125,0.21875
336,oracle_min_rmsd,0.08788721953681633,0.0046169969717196856,0.65625,0.28125,1.0,1.0,0.53125,0.90625,1.0,-0.04859227606620756,-0.9020671736376328,0.171875,0.0
336,oracle_stable_quality,0.05295292711197077,0.02088058707968847,0.9375,0.5,1.0,1.0,0.546875,0.90625,1.0,-0.08352656849105311,-0.5570941628628012,0.453125,0.21875
336,oracle_nus_quality,0.06048302536381134,0.04163560048489245,0.9375,0.671875,1.0,1.0,0.75,0.9375,1.0,-0.07599647023921255,-0.11685191526969396,0.453125,0.390625
337,baseline_first,0.13893455148789327,0.060703292283828494,0.40625,0.203125,0.84375,1.0,0.703125,0.96875,1.0,0.0,0.0,0.0,0.0
337,oracle_min_ehull,0.05786860982331747,0.02317044363788901,0.875,0.5,1.0,1.0,0.625,0.921875,1.0,-0.0810659416645758,-0.618300049863001,0.46875,0.296875
337,oracle_min_rmsd,0.09795737336213722,0.00548464920898947,0.59375,0.25,1.0,1.0,0.59375,0.921875,1.0,-0.04097717812575605,-0.9096482414274161,0.1875,0.046875
337,oracle_stable_quality,0.05786860982331747,0.02317044363788901,0.875,0.5,1.0,1.0,0.625,0.921875,1.0,-0.0810659416645758,-0.618300049863001,0.46875,0.296875
337,oracle_nus_quality,0.06500188558474629,0.04604361156740237,0.875,0.65625,1.0,1.0,0.796875,0.921875,1.0,-0.07393266590314698,-0.24149729223717076,0.46875,0.453125
338,baseline_first,0.16530289343697965,0.06755606477894162,0.328125,0.203125,0.875,1.0,0.765625,0.96875,1.0,0.0,0.0,0.0,0.0
338,oracle_min_ehull,0.0539285583407163,0.03883198592466805,0.875,0.390625,1.0,1.0,0.484375,0.90625,1.0,-0.11137433509626335,-0.4251887517170384,0.546875,0.1875
338,oracle_min_rmsd,0.0853209006313821,0.0062897360518936645,0.671875,0.28125,1.0,1.0,0.546875,0.921875,1.0,-0.07998199280559755,-0.906896056298201,0.34375,0.078125
338,oracle_stable_quality,0.0539285583407163,0.03883198592466805,0.875,0.390625,1.0,1.0,0.484375,0.90625,1.0,-0.11137433509626335,-0.4251887517170384,0.546875,0.1875
338,oracle_nus_quality,0.061197628799506174,0.03408727374598587,0.875,0.5625,1.0,1.0,0.703125,0.921875,1.0,-0.10410526463747348,-0.4954224486354116,0.546875,0.359375
339,baseline_first,0.13890158371038658,0.06466527293059672,0.40625,0.1875,0.875,1.0,0.703125,0.96875,1.0,0.0,0.0,0.0,0.0
339,oracle_min_ehull,0.0569537066440278,0.010976807149921577,0.890625,0.4375,1.0,1.0,0.53125,0.9375,1.0,-0.08194787706635878,-0.8302519010210836,0.484375,0.25
339,oracle_min_rmsd,0.09671560095902085,0.005389820042408995,0.65625,0.28125,1.0,1.0,0.53125,0.9375,1.0,-0.04218598275136573,-0.9166504709847321,0.25,0.09375
339,oracle_stable_quality,0.0569537066440278,0.010976807149921577,0.890625,0.4375,1.0,1.0,0.53125,0.9375,1.0,-0.08194787706635878,-0.8302519010210836,0.484375,0.25
339,oracle_nus_quality,0.06665890582500034,0.018575077105546827,0.890625,0.65625,1.0,1.0,0.78125,0.96875,1.0,-0.07224267788538624,-0.7127503486224687,0.484375,0.46875
340,baseline_first,0.1471878130284885,0.06598479620933745,0.40625,0.234375,0.765625,1.0,0.78125,0.984375,1.0,0.0,0.0,0.0,0.0
340,oracle_min_ehull,0.057477562652232396,0.02033145698545648,0.890625,0.453125,1.0,1.0,0.515625,0.890625,1.0,-0.0897102503762561,-0.6918766419925777,0.484375,0.21875
340,oracle_min_rmsd,0.08763506267324367,0.00671654990557987,0.703125,0.21875,1.0,1.0,0.46875,0.921875,1.0,-0.05955275035524482,-0.8982106440963833,0.296875,-0.015625
340,oracle_stable_quality,0.057477562652232396,0.02033145698545648,0.890625,0.453125,1.0,1.0,0.515625,0.890625,1.0,-0.0897102503762561,-0.6918766419925777,0.484375,0.21875
340,oracle_nus_quality,0.06761105925128115,0.025827191961486473,0.890625,0.65625,1.0,1.0,0.765625,0.984375,1.0,-0.07957675377720734,-0.6085887439956708,0.484375,0.421875
341,baseline_first,0.14683744564964357,0.040402858162935755,0.4375,0.25,0.84375,1.0,0.703125,0.953125,1.0,0.0,0.0,0.0,0.0
341,oracle_min_ehull,0.058026914548726355,0.021636253103626234,0.875,0.484375,1.0,1.0,0.625,0.953125,1.0,-0.08881053110091722,-0.4644870663265448,0.4375,0.234375
341,oracle_min_rmsd,0.09999685847508381,0.0061063799197028455,0.640625,0.28125,1.0,1.0,0.578125,0.921875,1.0,-0.04684058717455976,-0.848862674638582,0.203125,0.03125
341,oracle_stable_quality,0.058026914548726355,0.021636253103626234,0.875,0.484375,1.0,1.0,0.625,0.953125,1.0,-0.08881053110091722,-0.4644870663265448,0.4375,0.234375
341,oracle_nus_quality,0.06304542942820301,0.03345259979812647,0.875,0.625,1.0,1.0,0.765625,0.96875,1.0,-0.08379201622144056,-0.17202392802955768,0.4375,0.375
342,baseline_first,0.14055562390779835,0.059004900660110764,0.40625,0.171875,0.84375,1.0,0.6875,0.953125,1.0,0.0,0.0,0.0,0.0
342,oracle_min_ehull,0.06282553651714964,0.04208053675086477,0.828125,0.46875,1.0,1.0,0.609375,0.921875,1.0,-0.07773008739064871,-0.2868298009132556,0.421875,0.296875
342,oracle_min_rmsd,0.10496225027270054,0.006934496084692825,0.578125,0.21875,1.0,1.0,0.5625,0.875,1.0,-0.03559337363509782,-0.8824759298445736,0.171875,0.046875
342,oracle_stable_quality,0.06282553651714964,0.04208053675086477,0.828125,0.46875,1.0,1.0,0.609375,0.921875,1.0,-0.07773008739064871,-0.2868298009132556,0.421875,0.296875
342,oracle_nus_quality,0.07036375004622032,0.04811130351355389,0.828125,0.625,1.0,1.0,0.796875,0.96875,1.0,-0.07019187386157803,-0.18462190470089723,0.421875,0.453125
343,baseline_first,0.13955214342582536,0.058349500632000464,0.390625,0.1875,0.8125,1.0,0.765625,0.984375,1.0,0.0,0.0,0.0,0.0
343,oracle_min_ehull,0.06062417126831523,0.028063419693451816,0.875,0.46875,1.0,1.0,0.5625,0.9375,1.0,-0.07892797215751013,-0.5190461034029643,0.484375,0.28125
343,oracle_min_rmsd,0.09699189944676762,0.005704114483979986,0.65625,0.25,1.0,1.0,0.53125,0.921875,1.0,-0.04256024397905775,-0.9022422741892038,0.265625,0.0625
343,oracle_stable_quality,0.06062417126831523,0.028063419693451816,0.875,0.46875,1.0,1.0,0.5625,0.9375,1.0,-0.07892797215751013,-0.5190461034029643,0.484375,0.28125
343,oracle_nus_quality,0.068611180306751,0.022345330517880513,0.875,0.625,1.0,1.0,0.765625,0.953125,1.0,-0.07094096311907437,-0.6170433289770826,0.484375,0.4375
344,baseline_first,0.14415221231176192,0.06324434801985505,0.40625,0.203125,0.859375,1.0,0.734375,0.921875,1.0,0.0,0.0,0.0,0.0
344,oracle_min_ehull,0.0686249903658416,0.031345618224669476,0.796875,0.40625,1.0,1.0,0.546875,0.90625,1.0,-0.07552722194592032,-0.5043728142342653,0.390625,0.203125
344,oracle_min_rmsd,0.10650996441423952,0.006946849468674954,0.578125,0.265625,1.0,1.0,0.578125,0.90625,1.0,-0.03764224789752241,-0.8901585724862869,0.171875,0.0625
344,oracle_stable_quality,0.0686249903658416,0.031345618224669476,0.796875,0.40625,1.0,1.0,0.546875,0.90625,1.0,-0.07552722194592032,-0.5043728142342653,0.390625,0.203125
344,oracle_nus_quality,0.07794470857669643,0.034318885790599794,0.796875,0.546875,1.0,1.0,0.765625,0.96875,1.0,-0.0662075037350655,-0.4573604303767088,0.390625,0.34375
345,baseline_first,0.13135137308871817,0.03621721880956929,0.453125,0.265625,0.828125,1.0,0.765625,0.96875,1.0,0.0,0.0,0.0,0.0
345,oracle_min_ehull,0.06680237390500388,0.03318771417625963,0.84375,0.484375,1.0,1.0,0.609375,0.890625,1.0,-0.06454899918371429,-0.0836481853904586,0.390625,0.21875
345,oracle_min_rmsd,0.10224162536614521,0.006098394520882892,0.625,0.25,1.0,1.0,0.546875,0.921875,1.0,-0.02910974772257295,-0.8316161560348312,0.171875,-0.015625
345,oracle_stable_quality,0.06680237390500388,0.03318771417625963,0.84375,0.484375,1.0,1.0,0.609375,0.890625,1.0,-0.06454899918371429,-0.0836481853904586,0.390625,0.21875
345,oracle_nus_quality,0.07817910678683829,0.05436963171255271,0.84375,0.6875,1.0,1.0,0.859375,0.96875,1.0,-0.05317226630187988,0.5012094660948181,0.390625,0.421875
346,baseline_first,0.14676279520164187,0.0706979638906168,0.34375,0.1875,0.8125,1.0,0.78125,0.984375,1.0,0.0,0.0,0.0,0.0
346,oracle_min_ehull,0.055143351778594696,0.02713449596865118,0.890625,0.484375,1.0,1.0,0.578125,0.9375,1.0,-0.09161944342304718,-0.6161912666872075,0.546875,0.296875
346,oracle_min_rmsd,0.0971954315346361,0.006459406998094245,0.65625,0.3125,1.0,1.0,0.578125,0.921875,1.0,-0.04956736366700577,-0.9086337619554621,0.3125,0.125
346,oracle_stable_quality,0.055143351778594696,0.02713449596865118,0.890625,0.484375,1.0,1.0,0.578125,0.9375,1.0,-0.09161944342304718,-0.6161912666872075,0.546875,0.296875
346,oracle_nus_quality,0.06391508842089844,0.02140379958270902,0.890625,0.625,1.0,1.0,0.75,0.9375,1.0,-0.08284770678074344,-0.6972501270924185,0.546875,0.4375
347,baseline_first,0.14727229255885296,0.057903066754035316,0.40625,0.25,0.8125,1.0,0.796875,0.984375,1.0,0.0,0.0,0.0,0.0
347,oracle_min_ehull,0.05964579934529982,0.022027460154107358,0.828125,0.453125,0.984375,1.0,0.609375,0.96875,1.0,-0.08762649321355315,-0.6195804231289314,0.421875,0.203125
347,oracle_min_rmsd,0.10137972675312129,0.006106913291683804,0.59375,0.234375,0.984375,1.0,0.5625,0.890625,1.0,-0.04589256580573167,-0.8945321269834433,0.1875,-0.015625
347,oracle_stable_quality,0.05964579934529982,0.022027460154107358,0.828125,0.453125,0.984375,1.0,0.609375,0.96875,1.0,-0.08762649321355315,-0.6195804231289314,0.421875,0.203125
347,oracle_nus_quality,0.06853724224145367,0.04063056336426912,0.828125,0.625,0.984375,1.0,0.796875,1.0,1.0,-0.07873505031739929,-0.2983003208299404,0.421875,0.375
348,baseline_first,0.14568009590212275,0.07968849727451632,0.4375,0.265625,0.890625,1.0,0.796875,0.984375,1.0,0.0,0.0,0.0,0.0
348,oracle_min_ehull,0.058553774484467455,0.019642715089759035,0.859375,0.390625,1.0,1.0,0.53125,0.90625,1.0,-0.08712632141765529,-0.7535062680113984,0.421875,0.125
348,oracle_min_rmsd,0.09203307316625951,0.004967942933093916,0.640625,0.265625,1.0,1.0,0.53125,0.90625,1.0,-0.053647022735863234,-0.9376579669211228,0.203125,0.0
348,oracle_stable_quality,0.058553774484467455,0.019642715089759035,0.859375,0.390625,1.0,1.0,0.53125,0.90625,1.0,-0.08712632141765529,-0.7535062680113984,0.421875,0.125
348,oracle_nus_quality,0.06700709199921218,0.03459965278478204,0.859375,0.625,1.0,1.0,0.765625,0.953125,1.0,-0.07867300390291057,-0.5658137125413368,0.421875,0.359375
349,baseline_first,0.14557070775020697,0.04814069146595494,0.328125,0.171875,0.859375,1.0,0.734375,0.984375,1.0,0.0,0.0,0.0,0.0
349,oracle_min_ehull,0.05624727002161815,0.05210446016291123,0.875,0.46875,1.0,1.0,0.59375,0.9375,1.0,-0.08932343772858883,0.08233717830495779,0.546875,0.296875
349,oracle_min_rmsd,0.11068249373088225,0.005751274157507548,0.515625,0.234375,1.0,1.0,0.609375,0.921875,1.0,-0.03488821401932472,-0.8805319578432967,0.1875,0.0625
349,oracle_stable_quality,0.05624727002161815,0.05210446016291123,0.875,0.46875,1.0,1.0,0.59375,0.9375,1.0,-0.08932343772858883,0.08233717830495779,0.546875,0.296875
349,oracle_nus_quality,0.06293975956195835,0.04937962256741257,0.875,0.625,1.0,1.0,0.75,0.953125,1.0,-0.08263094818824862,0.02573563161912218,0.546875,0.453125
350,baseline_first,0.14789053698194546,0.07668200228083542,0.421875,0.21875,0.78125,1.0,0.71875,0.96875,1.0,0.0,0.0,0.0,0.0
350,oracle_min_ehull,0.06040884318185124,0.023745088651029207,0.875,0.4375,1.0,1.0,0.546875,0.9375,1.0,-0.08748169380009421,-0.6903433929115901,0.453125,0.21875
350,oracle_min_rmsd,0.10217033496371086,0.006661360977896187,0.625,0.296875,1.0,1.0,0.59375,0.9375,1.0,-0.045720202018234596,-0.9131300594694954,0.203125,0.078125
350,oracle_stable_quality,0.06040884318185124,0.023745088651029207,0.875,0.4375,1.0,1.0,0.546875,0.9375,1.0,-0.08748169380009421,-0.6903433929115901,0.453125,0.21875
350,oracle_nus_quality,0.06705487870088775,0.01796707300860759,0.875,0.625,1.0,1.0,0.75,0.953125,1.0,-0.08083565828105771,-0.7656937420229835,0.453125,0.40625
351,baseline_first,0.16983878187048795,0.04784852690918262,0.34375,0.234375,0.796875,1.0,0.78125,0.96875,1.0,0.0,0.0,0.0,0.0
351,oracle_min_ehull,0.055865022183218156,0.02776557770510484,0.890625,0.484375,1.0,1.0,0.5625,0.921875,1.0,-0.1139737596872698,-0.41971927876056847,0.546875,0.25
351,oracle_min_rmsd,0.10220496831391995,0.008345411151927403,0.59375,0.21875,1.0,1.0,0.546875,0.90625,1.0,-0.067633813556568,-0.825586874016683,0.25,-0.015625
351,oracle_stable_quality,0.055865022183218156,0.02776557770510484,0.890625,0.484375,1.0,1.0,0.5625,0.921875,1.0,-0.1139737596872698,-0.41971927876056847,0.546875,0.25
351,oracle_nus_quality,0.06150773843531396,0.021422491855846507,0.890625,0.640625,1.0,1.0,0.75,0.96875,1.0,-0.108331043435174,-0.552285237610203,0.546875,0.40625
352,baseline_first,0.15155299920742438,0.07290522050771014,0.34375,0.140625,0.84375,1.0,0.6875,0.96875,1.0,0.0,0.0,0.0,0.0
352,oracle_min_ehull,0.05560251654424318,0.025829652606561046,0.875,0.484375,1.0,1.0,0.59375,0.90625,1.0,-0.0959504826631812,-0.6457091491297333,0.53125,0.34375
352,oracle_min_rmsd,0.09485851190729196,0.005271659334703584,0.640625,0.296875,1.0,1.0,0.59375,0.9375,1.0,-0.05669448730013242,-0.9276916070208432,0.296875,0.15625
352,oracle_stable_quality,0.05560251654424318,0.025829652606561046,0.875,0.484375,1.0,1.0,0.59375,0.90625,1.0,-0.0959504826631812,-0.6457091491297333,0.53125,0.34375
352,oracle_nus_quality,0.06084985361839381,0.020012803580616773,0.875,0.59375,1.0,1.0,0.734375,0.953125,1.0,-0.09070314558903056,-0.7254956031783718,0.53125,0.453125
353,baseline_first,0.134136047712405,0.058427708084609065,0.4375,0.25,0.953125,1.0,0.703125,0.953125,1.0,0.0,0.0,0.0,0.0
353,oracle_min_ehull,0.0725043132645413,0.03603522158684495,0.796875,0.484375,1.0,1.0,0.65625,0.953125,1.0,-0.0616317344478637,-0.3832511531230627,0.359375,0.234375
353,oracle_min_rmsd,0.10724599471740785,0.007369765865951902,0.578125,0.21875,1.0,1.0,0.5625,0.921875,1.0,-0.026890052994997152,-0.8738652240940248,0.140625,-0.03125
353,oracle_stable_quality,0.0725043132645413,0.03603522158684495,0.796875,0.484375,1.0,1.0,0.65625,0.953125,1.0,-0.0616317344478637,-0.3832511531230627,0.359375,0.234375
353,oracle_nus_quality,0.07726712660785465,0.03053307478454134,0.796875,0.578125,1.0,1.0,0.78125,0.984375,1.0,-0.05686892110455036,-0.4774213162644264,0.359375,0.328125
354,baseline_first,0.1412756509058916,0.08475467203956019,0.40625,0.25,0.828125,1.0,0.734375,0.953125,1.0,0.0,0.0,0.0,0.0
354,oracle_min_ehull,0.056370660649370005,0.024256424561680718,0.859375,0.484375,1.0,1.0,0.59375,0.953125,1.0,-0.08490499025652158,-0.7138042779475477,0.453125,0.234375
354,oracle_min_rmsd,0.08961965650442208,0.006399327460109093,0.640625,0.328125,1.0,1.0,0.609375,0.90625,1.0,-0.05165599440146951,-0.9244958737245526,0.234375,0.078125
354,oracle_stable_quality,0.056370660649370005,0.024256424561680718,0.859375,0.484375,1.0,1.0,0.59375,0.953125,1.0,-0.08490499025652158,-0.7138042779475477,0.453125,0.234375
354,oracle_nus_quality,0.06802947564788692,0.030243768069943583,0.859375,0.671875,1.0,1.0,0.8125,0.96875,1.0,-0.07324617525800467,-0.6431610512771855,0.453125,0.421875
355,baseline_first,0.15291775029385565,0.07925769793342988,0.40625,0.203125,0.859375,1.0,0.71875,1.0,1.0,0.0,0.0,0.0,0.0
355,oracle_min_ehull,0.05901290776026277,0.028970584357670914,0.875,0.484375,1.0,1.0,0.609375,0.921875,1.0,-0.09390484253359288,-0.6344760810236516,0.46875,0.28125
355,oracle_min_rmsd,0.0895455345179667,0.0065272966396635506,0.671875,0.28125,1.0,1.0,0.5625,0.90625,1.0,-0.06337221577588896,-0.9176446350341142,0.265625,0.078125
355,oracle_stable_quality,0.05901290776026277,0.028970584357670914,0.875,0.484375,1.0,1.0,0.609375,0.921875,1.0,-0.09390484253359288,-0.6344760810236516,0.46875,0.28125
355,oracle_nus_quality,0.06392227300356158,0.03141324117877428,0.875,0.640625,1.0,1.0,0.765625,0.953125,1.0,-0.08899547729029407,-0.6036569065485742,0.46875,0.4375
356,baseline_first,0.1687370105611199,0.07644000617160489,0.28125,0.15625,0.859375,1.0,0.71875,0.984375,1.0,0.0,0.0,0.0,0.0
356,oracle_min_ehull,0.0557555506584201,0.024452888417896862,0.921875,0.53125,1.0,1.0,0.625,0.9375,1.0,-0.1129814599026998,-0.6801035263785685,0.640625,0.375
356,oracle_min_rmsd,0.10284883263929334,0.005074111884030218,0.578125,0.140625,1.0,1.0,0.5,0.921875,1.0,-0.06588817792182655,-0.9336196824390748,0.296875,-0.015625
356,oracle_stable_quality,0.0557555506584201,0.024452888417896862,0.921875,0.53125,1.0,1.0,0.625,0.9375,1.0,-0.1129814599026998,-0.6801035263785685,0.640625,0.375
356,oracle_nus_quality,0.06081395960273683,0.020439078489395697,0.921875,0.65625,1.0,1.0,0.734375,0.96875,1.0,-0.10792305095838306,-0.7326128095344374,0.640625,0.5
357,baseline_first,0.14079005939899336,0.08451079651382558,0.421875,0.203125,0.84375,1.0,0.6875,0.90625,1.0,0.0,0.0,0.0,0.0
357,oracle_min_ehull,0.0622415562930321,0.01455739866906045,0.875,0.4375,1.0,1.0,0.5625,0.9375,1.0,-0.07854850310596126,-0.8277451015778922,0.453125,0.234375
357,oracle_min_rmsd,0.09983674670800205,0.006726843123143412,0.609375,0.25,1.0,1.0,0.578125,0.890625,1.0,-0.04095331269099131,-0.9204025591920326,0.1875,0.046875
357,oracle_stable_quality,0.0622415562930321,0.01455739866906045,0.875,0.4375,1.0,1.0,0.5625,0.9375,1.0,-0.07854850310596126,-0.8277451015778922,0.453125,0.234375
357,oracle_nus_quality,0.0679715926222175,0.03601970809485279,0.875,0.640625,1.0,1.0,0.78125,0.953125,1.0,-0.07281846677677586,-0.5737857222898126,0.453125,0.4375
358,baseline_first,0.16737878002716466,0.07604292561167145,0.3125,0.15625,0.78125,1.0,0.765625,0.953125,1.0,0.0,0.0,0.0,0.0
358,oracle_min_ehull,0.05643517179026967,0.016964801166606713,0.90625,0.4375,0.984375,1.0,0.515625,0.9375,1.0,-0.110943608236895,-0.7769049384917027,0.59375,0.28125
358,oracle_min_rmsd,0.09563235615924602,0.0056131616312948465,0.625,0.234375,0.984375,1.0,0.484375,0.921875,1.0,-0.07174642386791864,-0.9261843020091101,0.3125,0.078125
358,oracle_stable_quality,0.05643517179026967,0.016964801166606713,0.90625,0.4375,0.984375,1.0,0.515625,0.9375,1.0,-0.110943608236895,-0.7769049384917027,0.59375,0.28125
358,oracle_nus_quality,0.0647557641602487,0.022305872968318152,0.90625,0.65625,0.984375,1.0,0.75,0.96875,1.0,-0.10262301586691597,-0.7066673488836082,0.59375,0.5
359,baseline_first,0.15560494646080253,0.038381671515134795,0.3125,0.203125,0.84375,1.0,0.78125,0.984375,1.0,0.0,0.0,0.0,0.0
359,oracle_min_ehull,0.05855387755553172,0.026099394369251596,0.828125,0.4375,1.0,1.0,0.59375,0.921875,1.0,-0.09705106890527081,-0.3200037064837056,0.515625,0.234375
359,oracle_min_rmsd,0.10784147694258236,0.007314995322369828,0.578125,0.234375,1.0,1.0,0.578125,0.90625,1.0,-0.047763469518220164,-0.8094143628037316,0.265625,0.03125
359,oracle_stable_quality,0.05855387755553172,0.026099394369251596,0.828125,0.4375,1.0,1.0,0.59375,0.921875,1.0,-0.09705106890527081,-0.3200037064837056,0.515625,0.234375
359,oracle_nus_quality,0.06441085748980221,0.04624839906067249,0.828125,0.578125,1.0,1.0,0.734375,0.953125,1.0,-0.09119408897100031,0.20496052503694795,0.515625,0.375
360,baseline_first,0.1368650923972427,0.05605701675492612,0.453125,0.125,0.859375,1.0,0.640625,0.96875,1.0,0.0,0.0,0.0,0.0
360,oracle_min_ehull,0.05878530786852045,0.03273422601299363,0.875,0.5,1.0,1.0,0.609375,0.921875,1.0,-0.07807978452872225,-0.4160547972771482,0.421875,0.375
360,oracle_min_rmsd,0.11300080364717774,0.007483723625344959,0.578125,0.265625,1.0,1.0,0.609375,0.9375,1.0,-0.023864288750064966,-0.866498004022176,0.125,0.140625
360,oracle_stable_quality,0.05878530786852045,0.03273422601299363,0.875,0.5,1.0,1.0,0.609375,0.921875,1.0,-0.07807978452872225,-0.4160547972771482,0.421875,0.375
360,oracle_nus_quality,0.06650822257654077,0.03971841743358435,0.875,0.65625,1.0,1.0,0.796875,0.9375,1.0,-0.07035686982070194,-0.29146394630260064,0.421875,0.53125
361,baseline_first,0.13361002800538085,0.08187061317703116,0.484375,0.25,0.859375,1.0,0.75,0.9375,1.0,0.0,0.0,0.0,0.0
361,oracle_min_ehull,0.06114620662724217,0.03454512903889554,0.84375,0.421875,1.0,1.0,0.578125,0.921875,1.0,-0.07246382137813868,-0.5780521520683175,0.359375,0.171875
361,oracle_min_rmsd,0.09045341791937654,0.0061726554000769325,0.59375,0.234375,1.0,1.0,0.53125,0.953125,1.0,-0.04315661008600431,-0.9246047493655676,0.109375,-0.015625
361,oracle_stable_quality,0.06114620662724217,0.03454512903889554,0.84375,0.421875,1.0,1.0,0.578125,0.921875,1.0,-0.07246382137813868,-0.5780521520683175,0.359375,0.171875
361,oracle_nus_quality,0.06739810655188502,0.03724605182764662,0.84375,0.578125,1.0,1.0,0.75,0.9375,1.0,-0.06621192145349583,-0.5450620145337324,0.359375,0.328125
362,baseline_first,0.142542044810679,0.04210176800988587,0.453125,0.28125,0.8125,1.0,0.78125,0.921875,1.0,0.0,0.0,0.0,0.0
362,oracle_min_ehull,0.059203134931099965,0.0234373527418942,0.890625,0.5,1.0,1.0,0.609375,0.9375,1.0,-0.08333890987957904,-0.4433166622268475,0.4375,0.21875
362,oracle_min_rmsd,0.1005870403128202,0.004019018979317186,0.578125,0.203125,1.0,1.0,0.5,0.921875,1.0,-0.0419550044978588,-0.9045403751601718,0.125,-0.078125
362,oracle_stable_quality,0.059203134931099965,0.0234373527418942,0.890625,0.5,1.0,1.0,0.609375,0.9375,1.0,-0.08333890987957904,-0.4433166622268475,0.4375,0.21875
362,oracle_nus_quality,0.0633133657336507,0.018995418722461594,0.890625,0.59375,1.0,1.0,0.71875,0.9375,1.0,-0.0792286790770283,-0.5488213531079906,0.4375,0.3125
363,baseline_first,0.1258883954539671,0.04356152016101179,0.5,0.234375,0.765625,1.0,0.640625,0.953125,1.0,0.0,0.0,0.0,0.0
363,oracle_min_ehull,0.05347902331654744,0.04204706450715452,0.921875,0.515625,1.0,1.0,0.59375,0.921875,1.0,-0.07240937213741966,-0.03476590459330953,0.421875,0.28125
363,oracle_min_rmsd,0.09658463446825434,0.003994755305589858,0.625,0.234375,1.0,1.0,0.484375,0.921875,1.0,-0.02930376098571276,-0.9082962373483645,0.125,0.0
363,oracle_stable_quality,0.05347902331654744,0.04204706450715452,0.921875,0.515625,1.0,1.0,0.59375,0.921875,1.0,-0.07240937213741966,-0.03476590459330953,0.421875,0.28125
363,oracle_nus_quality,0.05813991943779086,0.045070453570450426,0.921875,0.640625,1.0,1.0,0.71875,0.953125,1.0,-0.06774847601617624,0.03463913572945421,0.421875,0.40625
364,baseline_first,0.15717402702917094,0.061792422845372875,0.359375,0.265625,0.796875,1.0,0.84375,0.984375,1.0,0.0,0.0,0.0,0.0
364,oracle_min_ehull,0.058787632882712534,0.04656448044635284,0.875,0.484375,1.0,1.0,0.578125,0.921875,1.0,-0.0983863941464584,-0.24643705001057958,0.515625,0.21875
364,oracle_min_rmsd,0.09739353302226883,0.00784368488261762,0.609375,0.203125,1.0,1.0,0.53125,0.90625,1.0,-0.05978049400690211,-0.8730639693114903,0.25,-0.0625
364,oracle_stable_quality,0.058787632882712534,0.04656448044635284,0.875,0.484375,1.0,1.0,0.578125,0.921875,1.0,-0.0983863941464584,-0.24643705001057958,0.515625,0.21875
364,oracle_nus_quality,0.070369806597711,0.04272544967369858,0.875,0.640625,1.0,1.0,0.78125,0.953125,1.0,-0.08680422043145994,-0.30856490640263123,0.515625,0.375
365,baseline_first,0.1595573060562671,0.0665048368456666,0.34375,0.1875,0.859375,1.0,0.71875,0.921875,1.0,0.0,0.0,0.0,0.0
365,oracle_min_ehull,0.05753458783603335,0.028382333422060764,0.859375,0.421875,1.0,1.0,0.515625,0.921875,1.0,-0.10202271822023376,-0.5732290346350931,0.515625,0.234375
365,oracle_min_rmsd,0.0952246630976641,0.00654733340158093,0.59375,0.28125,1.0,1.0,0.5625,0.90625,1.0,-0.06433264295860301,-0.9015510192623298,0.25,0.09375
365,oracle_stable_quality,0.05753458783603335,0.028382333422060764,0.859375,0.421875,1.0,1.0,0.515625,0.921875,1.0,-0.10202271822023376,-0.5732290346350931,0.515625,0.234375
365,oracle_nus_quality,0.06348863197083951,0.023208920870160615,0.859375,0.578125,1.0,1.0,0.734375,0.9375,1.0,-0.0960686740854276,-0.6510190540874489,0.515625,0.390625
366,baseline_first,0.14078756871488993,0.09732326084404842,0.421875,0.234375,0.859375,1.0,0.78125,0.96875,1.0,0.0,0.0,0.0,0.0
366,oracle_min_ehull,0.06144801036113201,0.016884850339236056,0.859375,0.515625,1.0,1.0,0.640625,0.9375,1.0,-0.07933955835375792,-0.8265075564382036,0.4375,0.28125
366,oracle_min_rmsd,0.10620095381147843,0.006469457548071504,0.59375,0.296875,1.0,1.0,0.609375,0.9375,1.0,-0.0345866149034115,-0.9335260913787279,0.171875,0.0625
366,oracle_stable_quality,0.06144801036113201,0.016884850339236056,0.859375,0.515625,1.0,1.0,0.640625,0.9375,1.0,-0.07933955835375792,-0.8265075564382036,0.4375,0.28125
366,oracle_nus_quality,0.06524764402691728,0.019248720059196388,0.859375,0.59375,1.0,1.0,0.75,0.9375,1.0,-0.07553992468797265,-0.8022187101802858,0.4375,0.359375
367,baseline_first,0.16655354665776903,0.07332256831574202,0.375,0.21875,0.859375,1.0,0.765625,0.953125,1.0,0.0,0.0,0.0,0.0
367,oracle_min_ehull,0.056495850072538066,0.040519508442891476,0.859375,0.453125,1.0,1.0,0.5625,0.953125,1.0,-0.11005769658523096,-0.4473801262879096,0.484375,0.234375
367,oracle_min_rmsd,0.09869284885129256,0.004613888438690921,0.609375,0.25,1.0,1.0,0.578125,0.9375,1.0,-0.06786069780647647,-0.9370741022215348,0.234375,0.03125
367,oracle_stable_quality,0.056495850072538066,0.040519508442891476,0.859375,0.453125,1.0,1.0,0.5625,0.953125,1.0,-0.11005769658523096,-0.4473801262879096,0.484375,0.234375
367,oracle_nus_quality,0.06761723076948822,0.05040922725973174,0.859375,0.65625,1.0,1.0,0.796875,0.984375,1.0,-0.0989363158882808,-0.31250052449527865,0.484375,0.4375
368,baseline_first,0.15314677174707253,0.06185891913559811,0.375,0.25,0.875,1.0,0.78125,0.953125,1.0,0.0,0.0,0.0,0.0
368,oracle_min_ehull,0.05912150308630609,0.04749454987136102,0.859375,0.375,1.0,1.0,0.46875,0.890625,1.0,-0.09402526866076644,-0.23221177261034276,0.484375,0.125
368,oracle_min_rmsd,0.10522068102005547,0.00669345688404199,0.609375,0.234375,1.0,1.0,0.578125,0.921875,1.0,-0.04792609072701706,-0.8917947972972246,0.234375,-0.015625
368,oracle_stable_quality,0.05912150308630609,0.04749454987136102,0.859375,0.375,1.0,1.0,0.46875,0.890625,1.0,-0.09402526866076644,-0.23221177261034276,0.484375,0.125
368,oracle_nus_quality,0.07046738039238601,0.06411018553688422,0.859375,0.625,1.0,1.0,0.765625,0.9375,1.0,-0.08267939135468652,0.03639356187829934,0.484375,0.375
369,baseline_first,0.14120130093705519,0.05206152445369767,0.453125,0.234375,0.890625,1.0,0.703125,0.984375,1.0,0.0,0.0,0.0,0.0
369,oracle_min_ehull,0.062208702847007094,0.028516828887518754,0.859375,0.484375,1.0,1.0,0.578125,0.953125,1.0,-0.07899259809004809,-0.45224752469780305,0.40625,0.25
369,oracle_min_rmsd,0.10611779829022047,0.006077032989111979,0.546875,0.125,1.0,1.0,0.46875,0.921875,1.0,-0.03508350264683471,-0.8832720890738274,0.09375,-0.109375
369,oracle_stable_quality,0.062208702847007094,0.028516828887518754,0.859375,0.484375,1.0,1.0,0.578125,0.953125,1.0,-0.07899259809004809,-0.45224752469780305,0.40625,0.25
369,oracle_nus_quality,0.07245403372118145,0.032883520934478966,0.859375,0.65625,1.0,1.0,0.796875,0.953125,1.0,-0.06874726721587374,-0.3683719161215723,0.40625,0.421875
370,baseline_first,0.12662857690796347,0.06073433738382354,0.5,0.25,0.8125,1.0,0.71875,0.9375,1.0,0.0,0.0,0.0,0.0
370,oracle_min_ehull,0.06500177592358751,0.042804867785607555,0.859375,0.484375,1.0,1.0,0.59375,0.875,1.0,-0.061626800984375965,-0.2952114136836119,0.359375,0.234375
370,oracle_min_rmsd,0.10041291291084634,0.007166310759956169,0.625,0.265625,1.0,1.0,0.5625,0.90625,1.0,-0.02621566399711714,-0.882005615461528,0.125,0.015625
370,oracle_stable_quality,0.06500177592358751,0.042804867785607555,0.859375,0.484375,1.0,1.0,0.59375,0.875,1.0,-0.061626800984375965,-0.2952114136836119,0.359375,0.234375
370,oracle_nus_quality,0.07233218229007038,0.04696406729997214,0.859375,0.609375,1.0,1.0,0.75,0.9375,1.0,-0.054296394617893096,-0.22672956809962796,0.359375,0.359375
371,baseline_first,0.15859715365933047,0.04901371242145951,0.375,0.171875,0.90625,1.0,0.71875,0.9375,1.0,0.0,0.0,0.0,0.0
371,oracle_min_ehull,0.05648681737792783,0.024985364055474184,0.859375,0.421875,1.0,1.0,0.5625,0.9375,1.0,-0.10211033628140265,-0.4902372658363473,0.484375,0.25
371,oracle_min_rmsd,0.09680985980215977,0.004691696104371075,0.625,0.265625,1.0,1.0,0.546875,0.9375,1.0,-0.0617872938571707,-0.9042778872975774,0.25,0.09375
371,oracle_stable_quality,0.05648681737792783,0.024985364055474184,0.859375,0.421875,1.0,1.0,0.5625,0.9375,1.0,-0.10211033628140265,-0.4902372658363473,0.484375,0.25
371,oracle_nus_quality,0.06322378290099567,0.027659435663765712,0.859375,0.640625,1.0,1.0,0.78125,0.953125,1.0,-0.0953733707583348,-0.43567964356734434,0.484375,0.46875
372,baseline_first,0.13766948349297348,0.07607737722167049,0.40625,0.21875,0.8125,1.0,0.78125,0.96875,1.0,0.0,0.0,0.0,0.0
372,oracle_min_ehull,0.055862815806046316,0.027351386593626625,0.921875,0.453125,1.0,1.0,0.53125,0.921875,1.0,-0.08180666768692715,-0.6404793699192401,0.515625,0.234375
372,oracle_min_rmsd,0.09072798521915626,0.004646007310401494,0.65625,0.265625,1.0,1.0,0.515625,0.890625,1.0,-0.04694149827381722,-0.9389305010231335,0.25,0.046875
372,oracle_stable_quality,0.055862815806046316,0.027351386593626625,0.921875,0.453125,1.0,1.0,0.53125,0.921875,1.0,-0.08180666768692715,-0.6404793699192401,0.515625,0.234375
372,oracle_nus_quality,0.06106941365991158,0.021283976417204545,0.921875,0.625,1.0,1.0,0.71875,0.921875,1.0,-0.07660006983306189,-0.7202325159661018,0.515625,0.40625
373,baseline_first,0.13799056743623267,0.08708823062396964,0.46875,0.171875,0.875,1.0,0.640625,0.9375,1.0,0.0,0.0,0.0,0.0
373,oracle_min_ehull,0.05922910289119716,0.02466986196327358,0.875,0.421875,1.0,1.0,0.546875,0.9375,1.0,-0.0787614645450355,-0.7167256495335939,0.40625,0.25
373,oracle_min_rmsd,0.10382175944942926,0.007385029710522975,0.609375,0.21875,1.0,1.0,0.546875,0.890625,1.0,-0.03416880798680341,-0.9152005999248036,0.140625,0.046875
373,oracle_stable_quality,0.05922910289119716,0.02466986196327358,0.875,0.421875,1.0,1.0,0.546875,0.9375,1.0,-0.0787614645450355,-0.7167256495335939,0.40625,0.25
373,oracle_nus_quality,0.06578932076074614,0.028248736887877157,0.875,0.625,1.0,1.0,0.75,0.96875,1.0,-0.07220124667548652,-0.6756308322550517,0.40625,0.453125
374,baseline_first,0.13461412282949692,0.07967437176288353,0.421875,0.296875,0.890625,1.0,0.8125,0.96875,1.0,0.0,0.0,0.0,0.0
374,oracle_min_ehull,0.05060855638531209,0.02226642661120919,0.9375,0.53125,1.0,1.0,0.578125,0.921875,1.0,-0.08400556644418483,-0.7205321345052381,0.515625,0.234375
374,oracle_min_rmsd,0.0915511824291359,0.0069900266236073965,0.703125,0.25,1.0,1.0,0.453125,0.90625,1.0,-0.043062940400361016,-0.9122675652290023,0.28125,-0.046875
374,oracle_stable_quality,0.05060855638531209,0.02226642661120919,0.9375,0.53125,1.0,1.0,0.578125,0.921875,1.0,-0.08400556644418483,-0.7205321345052381,0.515625,0.234375
374,oracle_nus_quality,0.05780718127088273,0.0437153135972978,0.9375,0.671875,1.0,1.0,0.734375,0.96875,1.0,-0.07680694155861419,-0.45132528026204444,0.515625,0.375
375,baseline_first,0.14179377069096838,0.09751020614430911,0.375,0.171875,0.796875,1.0,0.671875,0.90625,1.0,0.0,0.0,0.0,0.0
375,oracle_min_ehull,0.06290371123320446,0.02318164420563717,0.859375,0.421875,1.0,1.0,0.546875,0.90625,1.0,-0.07889005945776392,-0.762264432388444,0.484375,0.25
375,oracle_min_rmsd,0.1033692493454088,0.006405434530303919,0.53125,0.21875,1.0,1.0,0.5625,0.9375,1.0,-0.038424521345559584,-0.9343101118992173,0.15625,0.046875
375,oracle_stable_quality,0.06290371123320446,0.02318164420563717,0.859375,0.421875,1.0,1.0,0.546875,0.90625,1.0,-0.07889005945776392,-0.762264432388444,0.484375,0.25
375,oracle_nus_quality,0.07324853264035497,0.05680333510411091,0.859375,0.625,1.0,1.0,0.78125,0.921875,1.0,-0.06854523805061341,-0.4174626703173464,0.484375,0.453125
376,baseline_first,0.14538013960816204,0.04463312752199553,0.421875,0.21875,0.828125,1.0,0.6875,0.9375,1.0,0.0,0.0,0.0,0.0
376,oracle_min_ehull,0.05792405806988571,0.036860235444891934,0.875,0.484375,1.0,1.0,0.59375,0.921875,1.0,-0.08745608153827633,-0.17415073754966104,0.453125,0.265625
376,oracle_min_rmsd,0.09973650571268564,0.005423739041424656,0.578125,0.21875,1.0,1.0,0.53125,0.921875,1.0,-0.045643633895476404,-0.8784817613609578,0.15625,0.0
376,oracle_stable_quality,0.05792405806988571,0.036860235444891934,0.875,0.484375,1.0,1.0,0.59375,0.921875,1.0,-0.08745608153827633,-0.17415073754966104,0.453125,0.265625
376,oracle_nus_quality,0.06831671508457939,0.04032881615464108,0.875,0.65625,1.0,1.0,0.78125,1.0,1.0,-0.07706342452358265,-0.09643759257590123,0.453125,0.4375
377,baseline_first,0.15624042105659114,0.0383388851770155,0.375,0.21875,0.828125,1.0,0.734375,0.921875,1.0,0.0,0.0,0.0,0.0
377,oracle_min_ehull,0.056577290437624994,0.027652035541607035,0.875,0.484375,1.0,1.0,0.546875,0.953125,1.0,-0.09966313061896614,-0.2787470106672618,0.5,0.265625
377,oracle_min_rmsd,0.09062775548680427,0.0046084688611610445,0.65625,0.3125,1.0,1.0,0.578125,0.9375,1.0,-0.06561266556978687,-0.8797964823472786,0.28125,0.09375
377,oracle_stable_quality,0.056577290437624994,0.027652035541607035,0.875,0.484375,1.0,1.0,0.546875,0.953125,1.0,-0.09966313061896614,-0.2787470106672618,0.5,0.265625
377,oracle_nus_quality,0.0682084383167193,0.045847029825959215,0.875,0.625,1.0,1.0,0.75,0.984375,1.0,-0.08803198273987184,0.1958362799094875,0.5,0.40625
378,baseline_first,0.14906825757069628,0.07470922170553301,0.359375,0.21875,0.890625,1.0,0.765625,0.953125,1.0,0.0,0.0,0.0,0.0
378,oracle_min_ehull,0.0594388289779806,0.022438788636514908,0.84375,0.453125,1.0,1.0,0.5625,0.921875,1.0,-0.08962942859271568,-0.6996516879140091,0.484375,0.234375
378,oracle_min_rmsd,0.1029269767242022,0.014689887787371484,0.59375,0.25,1.0,1.0,0.515625,0.953125,1.0,-0.046141280846494076,-0.8033724960317242,0.234375,0.03125
378,oracle_stable_quality,0.0594388289779806,0.022438788636514908,0.84375,0.453125,1.0,1.0,0.5625,0.921875,1.0,-0.08962942859271568,-0.6996516879140091,0.484375,0.234375
378,oracle_nus_quality,0.06792473406291064,0.04397581526733588,0.84375,0.59375,1.0,1.0,0.734375,0.96875,1.0,-0.08114352350778564,-0.4113736662835694,0.484375,0.375
379,baseline_first,0.12679465161677397,0.04456359772665863,0.4375,0.234375,0.84375,1.0,0.75,0.984375,1.0,0.0,0.0,0.0,0.0
379,oracle_min_ehull,0.05918749132242461,0.02509790242408077,0.828125,0.484375,1.0,1.0,0.65625,0.9375,1.0,-0.06760716029434936,-0.43680708685091607,0.390625,0.25
379,oracle_min_rmsd,0.10946321775713999,0.005817042058781197,0.546875,0.234375,1.0,1.0,0.578125,0.9375,1.0,-0.017331433859633982,-0.8694665072945547,0.109375,0.0
379,oracle_stable_quality,0.05918749132242461,0.02509790242408077,0.828125,0.484375,1.0,1.0,0.65625,0.9375,1.0,-0.06760716029434936,-0.43680708685091607,0.390625,0.25
379,oracle_nus_quality,0.06434665547144985,0.045802488011973626,0.828125,0.59375,1.0,1.0,0.78125,0.984375,1.0,-0.06244799614532412,0.02780049970188725,0.390625,0.359375
380,baseline_first,0.1272531183606251,0.03341122366797465,0.484375,0.265625,0.84375,1.0,0.6875,0.953125,1.0,0.0,0.0,0.0,0.0
380,oracle_min_ehull,0.06034309523863683,0.023279581902629225,0.859375,0.421875,1.0,1.0,0.53125,0.890625,1.0,-0.06691002312198828,-0.30324066744843037,0.375,0.15625
380,oracle_min_rmsd,0.09159557746066427,0.005740831613063298,0.703125,0.265625,1.0,1.0,0.515625,0.921875,1.0,-0.03565754089996084,-0.8281765531812592,0.21875,0.0
380,oracle_stable_quality,0.06034309523863683,0.023279581902629225,0.859375,0.421875,1.0,1.0,0.53125,0.890625,1.0,-0.06691002312198828,-0.30324066744843037,0.375,0.15625
380,oracle_nus_quality,0.06809095366781924,0.04929121604832208,0.859375,0.53125,1.0,1.0,0.671875,0.953125,1.0,-0.05916216469280587,0.47528915846230224,0.375,0.265625
381,baseline_first,0.13750396384816915,0.09572986805374734,0.4375,0.203125,0.859375,1.0,0.6875,0.96875,1.0,0.0,0.0,0.0,0.0
381,oracle_min_ehull,0.06326553250111183,0.03231140065338624,0.796875,0.40625,1.0,1.0,0.53125,0.9375,1.0,-0.07423843134705732,-0.6624731516892401,0.359375,0.203125
381,oracle_min_rmsd,0.11240643290343322,0.006803540745590473,0.515625,0.15625,1.0,1.0,0.53125,0.90625,1.0,-0.025097530944735935,-0.9289298012844786,0.078125,-0.046875
381,oracle_stable_quality,0.06326553250111183,0.03231140065338624,0.796875,0.40625,1.0,1.0,0.53125,0.9375,1.0,-0.07423843134705732,-0.6624731516892401,0.359375,0.203125
381,oracle_nus_quality,0.07481486137746221,0.05766603053602458,0.796875,0.609375,1.0,1.0,0.8125,0.96875,1.0,-0.06268910247070694,-0.39761715221786265,0.359375,0.40625
382,baseline_first,0.15783310824509938,0.0964045873317711,0.375,0.234375,0.859375,1.0,0.765625,0.953125,1.0,0.0,0.0,0.0,0.0
382,oracle_min_ehull,0.057842467216851254,0.025984383447181993,0.90625,0.46875,1.0,1.0,0.5625,0.9375,1.0,-0.09999064102824813,-0.7304652800622634,0.53125,0.234375
382,oracle_min_rmsd,0.08878411405407209,0.005831106515740767,0.65625,0.265625,1.0,1.0,0.546875,0.9375,1.0,-0.0690489941910273,-0.9395142214999237,0.28125,0.03125
382,oracle_stable_quality,0.057842467216851254,0.025984383447181993,0.90625,0.46875,1.0,1.0,0.5625,0.9375,1.0,-0.09999064102824813,-0.7304652800622634,0.53125,0.234375
382,oracle_nus_quality,0.06270657476963963,0.04531659295603664,0.90625,0.59375,1.0,1.0,0.703125,0.953125,1.0,-0.09512653347545975,-0.5299332302509415,0.53125,0.359375
383,baseline_first,0.16087663424799564,0.06131401554426019,0.359375,0.140625,0.84375,1.0,0.6875,0.984375,1.0,0.0,0.0,0.0,0.0
383,oracle_min_ehull,0.0605951361192219,0.028616311299787443,0.84375,0.40625,1.0,1.0,0.53125,0.921875,1.0,-0.10028149812877374,-0.5332827079457805,0.484375,0.265625
383,oracle_min_rmsd,0.10736703555483665,0.007434913046122413,0.625,0.25,1.0,1.0,0.578125,0.921875,1.0,-0.053509598693158994,-0.8787403992362001,0.265625,0.109375
383,oracle_stable_quality,0.0605951361192219,0.028616311299787443,0.84375,0.40625,1.0,1.0,0.53125,0.921875,1.0,-0.10028149812877374,-0.5332827079457805,0.484375,0.265625
383,oracle_nus_quality,0.07132197696472167,0.024790021410776377,0.84375,0.59375,1.0,1.0,0.75,0.96875,1.0,-0.08955465728327397,-0.5956875244473031,0.484375,0.453125
384,baseline_first,0.11735043386548644,0.05408717094197274,0.5,0.3125,0.875,1.0,0.703125,0.9375,1.0,0.0,0.0,0.0,0.0
384,oracle_min_ehull,0.05293610409179616,0.02890680934093509,0.890625,0.546875,1.0,1.0,0.65625,0.96875,1.0,-0.06441432977369027,-0.4655514637297692,0.390625,0.234375
384,oracle_min_rmsd,0.09266753222641791,0.004981696514092516,0.59375,0.234375,1.0,1.0,0.546875,0.921875,1.0,-0.024682901639068527,-0.9078950437352858,0.09375,-0.078125
384,oracle_stable_quality,0.05293610409179616,0.02890680934093509,0.890625,0.546875,1.0,1.0,0.65625,0.96875,1.0,-0.06441432977369027,-0.4655514637297692,0.390625,0.234375
384,oracle_nus_quality,0.05672673736872902,0.0322732871839381,0.890625,0.640625,1.0,1.0,0.75,0.984375,1.0,-0.06062369649675742,-0.40330975678941683,0.390625,0.328125
385,baseline_first,0.1258038701669697,0.08285819180666748,0.46875,0.296875,0.828125,1.0,0.734375,0.984375,1.0,0.0,0.0,0.0,0.0
385,oracle_min_ehull,0.0598841341916242,0.032175475324265165,0.875,0.453125,1.0,1.0,0.578125,0.921875,1.0,-0.0659197359753455,-0.6116802138364302,0.40625,0.15625
385,oracle_min_rmsd,0.09733547106326823,0.0132356338768503,0.609375,0.25,1.0,1.0,0.546875,0.921875,1.0,-0.02846839910370147,-0.8402616133872083,0.140625,-0.046875
385,oracle_stable_quality,0.0598841341916242,0.032175475324265165,0.875,0.453125,1.0,1.0,0.578125,0.921875,1.0,-0.0659197359753455,-0.6116802138364302,0.40625,0.15625
385,oracle_nus_quality,0.06365149786728565,0.033347106008516536,0.875,0.59375,1.0,1.0,0.734375,0.953125,1.0,-0.06215237229968405,-0.5975400225203424,0.40625,0.296875
386,baseline_first,0.15026390641066534,0.05619008839562127,0.28125,0.140625,0.90625,1.0,0.765625,0.90625,1.0,0.0,0.0,0.0,0.0
386,oracle_min_ehull,0.06211473945030456,0.02950827404958571,0.828125,0.453125,1.0,1.0,0.5625,0.9375,1.0,-0.08814916696036078,-0.47484912567097504,0.546875,0.3125
386,oracle_min_rmsd,0.11114497648669577,0.005855142094116748,0.515625,0.234375,1.0,1.0,0.59375,0.9375,1.0,-0.039118929923969564,-0.8957975995180492,0.234375,0.09375
386,oracle_stable_quality,0.06211473945030456,0.02950827404958571,0.828125,0.453125,1.0,1.0,0.5625,0.9375,1.0,-0.08814916696036078,-0.47484912567097504,0.546875,0.3125
386,oracle_nus_quality,0.0771289573181604,0.03979549964853375,0.828125,0.578125,1.0,1.0,0.75,0.953125,1.0,-0.07313494909250494,-0.29177011845322354,0.546875,0.4375
387,baseline_first,0.1468855849395415,0.07007482263898501,0.40625,0.234375,0.8125,1.0,0.703125,0.9375,1.0,0.0,0.0,0.0,0.0
387,oracle_min_ehull,0.05956510061538585,0.04200178182078643,0.859375,0.453125,1.0,1.0,0.578125,0.921875,1.0,-0.08732048432415566,-0.4006152247124004,0.453125,0.21875
387,oracle_min_rmsd,0.11199520867307602,0.006998164556508297,0.59375,0.234375,1.0,1.0,0.5625,0.90625,1.0,-0.03489037626646549,-0.9001329679767898,0.1875,0.0
387,oracle_stable_quality,0.05956510061538585,0.04200178182078643,0.859375,0.453125,1.0,1.0,0.578125,0.921875,1.0,-0.08732048432415566,-0.4006152247124004,0.453125,0.21875
387,oracle_nus_quality,0.06769962048654565,0.04680982540654059,0.859375,0.640625,1.0,1.0,0.796875,0.953125,1.0,-0.07918596445299586,-0.3320022278515381,0.453125,0.40625
388,baseline_first,0.15792419859714618,0.07634639601264652,0.375,0.15625,0.796875,1.0,0.6875,0.96875,1.0,0.0,0.0,0.0,0.0
388,oracle_min_ehull,0.061459862164150995,0.026554122584704673,0.84375,0.4375,1.0,1.0,0.59375,0.921875,1.0,-0.09646433643299518,-0.6521889182521978,0.46875,0.28125
388,oracle_min_rmsd,0.10442664661755549,0.01196588468707268,0.578125,0.234375,1.0,1.0,0.546875,0.921875,1.0,-0.05349755197959069,-0.8432685062816774,0.203125,0.078125
388,oracle_stable_quality,0.061459862164150995,0.026554122584704673,0.84375,0.4375,1.0,1.0,0.59375,0.921875,1.0,-0.09646433643299518,-0.6521889182521978,0.46875,0.28125
388,oracle_nus_quality,0.07040147734798596,0.04109929812999717,0.84375,0.640625,1.0,1.0,0.796875,0.984375,1.0,-0.08752272124916022,-0.4616733693206787,0.46875,0.484375
389,baseline_first,0.1224711412487441,0.07365940909857166,0.46875,0.28125,0.796875,1.0,0.765625,0.984375,1.0,0.0,0.0,0.0,0.0
389,oracle_min_ehull,0.05965578306429875,0.044798403632346696,0.859375,0.46875,1.0,1.0,0.578125,0.953125,1.0,-0.06281535818444535,-0.3918169561692101,0.390625,0.1875
389,oracle_min_rmsd,0.10425931788087633,0.005924677868357312,0.5625,0.25,1.0,1.0,0.546875,0.9375,1.0,-0.018211823367867766,-0.9195665843527355,0.09375,-0.03125
389,oracle_stable_quality,0.05965578306429875,0.044798403632346696,0.859375,0.46875,1.0,1.0,0.578125,0.953125,1.0,-0.06281535818444535,-0.3918169561692101,0.390625,0.1875
389,oracle_nus_quality,0.06784351336909072,0.03762378998689578,0.859375,0.5625,1.0,1.0,0.71875,0.96875,1.0,-0.054627627879653376,-0.489219497585878,0.390625,0.28125
390,baseline_first,0.1737769594287455,0.07355694975908769,0.359375,0.203125,0.859375,1.0,0.75,0.984375,1.0,0.0,0.0,0.0,0.0
390,oracle_min_ehull,0.06056251691732794,0.02912874373266068,0.828125,0.421875,1.0,1.0,0.515625,0.921875,1.0,-0.11321444251141755,-0.6039973948340356,0.46875,0.21875
390,oracle_min_rmsd,0.10557923102114188,0.005713294243807656,0.609375,0.234375,1.0,1.0,0.546875,0.921875,1.0,-0.06819772840760362,-0.922328287639445,0.25,0.03125
390,oracle_stable_quality,0.06056251691732794,0.02912874373266068,0.828125,0.421875,1.0,1.0,0.515625,0.921875,1.0,-0.11321444251141755,-0.6039973948340356,0.46875,0.21875
390,oracle_nus_quality,0.07310026993820758,0.04285812924103303,0.828125,0.625,1.0,1.0,0.796875,0.96875,1.0,-0.10067668949053792,-0.4173476553690555,0.46875,0.421875
391,baseline_first,0.14416165647475462,0.05538517863198733,0.3125,0.140625,0.84375,1.0,0.6875,0.96875,1.0,0.0,0.0,0.0,0.0
391,oracle_min_ehull,0.05532067802288269,0.03173533272684323,0.859375,0.484375,1.0,1.0,0.625,0.921875,1.0,-0.08884097845187194,-0.4270067640710884,0.546875,0.34375
391,oracle_min_rmsd,0.1023872639909638,0.007304782816527596,0.5625,0.234375,1.0,1.0,0.5625,0.9375,1.0,-0.04177439248379082,-0.8681094293282866,0.25,0.09375
391,oracle_stable_quality,0.05532067802288269,0.03173533272684323,0.859375,0.484375,1.0,1.0,0.625,0.921875,1.0,-0.08884097845187194,-0.4270067640710884,0.546875,0.34375
391,oracle_nus_quality,0.058905087114095325,0.04441001564481356,0.859375,0.578125,1.0,1.0,0.734375,0.9375,1.0,-0.0852565693606593,-0.1981606498030709,0.546875,0.4375
392,baseline_first,0.13672086710524123,0.05090670086278704,0.390625,0.21875,0.90625,1.0,0.734375,0.96875,1.0,0.0,0.0,0.0,0.0
392,oracle_min_ehull,0.05992902465817167,0.024189652589412657,0.90625,0.5,1.0,1.0,0.59375,0.90625,1.0,-0.07679184244706956,-0.5248238015931737,0.515625,0.28125
392,oracle_min_rmsd,0.10119736743800004,0.006479454630011525,0.640625,0.21875,1.0,1.0,0.53125,0.9375,1.0,-0.03552349966724119,-0.8727190228359892,0.25,0.0
392,oracle_stable_quality,0.05992902465817167,0.024189652589412657,0.90625,0.5,1.0,1.0,0.59375,0.90625,1.0,-0.07679184244706956,-0.5248238015931737,0.515625,0.28125
392,oracle_nus_quality,0.06646085292176226,0.02727690846468008,0.90625,0.640625,1.0,1.0,0.734375,0.953125,1.0,-0.07026001418347896,-0.4641784283330058,0.515625,0.421875
393,baseline_first,0.15756747644015934,0.10516677605504116,0.34375,0.171875,0.84375,1.0,0.75,0.9375,1.0,0.0,0.0,0.0,0.0
393,oracle_min_ehull,0.055649151436523235,0.05113983992290072,0.84375,0.46875,1.0,1.0,0.578125,0.953125,1.0,-0.1019183250036361,-0.513726275148573,0.5,0.296875
393,oracle_min_rmsd,0.10227965551902843,0.006432732253187897,0.578125,0.21875,1.0,1.0,0.53125,0.9375,1.0,-0.05528782092113091,-0.9388330374431066,0.234375,0.046875
393,oracle_stable_quality,0.055649151436523235,0.05113983992290072,0.84375,0.46875,1.0,1.0,0.578125,0.953125,1.0,-0.1019183250036361,-0.513726275148573,0.5,0.296875
393,oracle_nus_quality,0.06310518219652433,0.05304660622679322,0.84375,0.625,1.0,1.0,0.78125,0.96875,1.0,-0.094462294243635,-0.4955953941287483,0.5,0.453125
394,baseline_first,0.15633370261164853,0.056083795445545044,0.40625,0.28125,0.859375,1.0,0.78125,0.953125,1.0,0.0,0.0,0.0,0.0
394,oracle_min_ehull,0.05980879300958587,0.04421739734768888,0.875,0.546875,1.0,1.0,0.6875,0.921875,1.0,-0.09652490960206266,-0.2115833638502217,0.46875,0.265625
394,oracle_min_rmsd,0.09432947045148414,0.006747082550380872,0.59375,0.234375,1.0,1.0,0.546875,0.9375,1.0,-0.06200423216016439,-0.8796963989904714,0.1875,-0.046875
394,oracle_stable_quality,0.05980879300958587,0.04421739734768888,0.875,0.546875,1.0,1.0,0.6875,0.921875,1.0,-0.09652490960206266,-0.2115833638502217,0.46875,0.265625
394,oracle_nus_quality,0.06239285548239612,0.03712893121491535,0.875,0.640625,1.0,1.0,0.78125,0.921875,1.0,-0.09394084712925241,-0.3379739919534164,0.46875,0.359375
395,baseline_first,0.16101093136610706,0.05925339836877237,0.359375,0.21875,0.9375,1.0,0.734375,0.953125,1.0,0.0,0.0,0.0,0.0
395,oracle_min_ehull,0.0529978044257658,0.02902536026625488,0.90625,0.4375,1.0,1.0,0.515625,0.9375,1.0,-0.10801312694034126,-0.5101485979654498,0.546875,0.21875
395,oracle_min_rmsd,0.09376000128129156,0.0071858876023419395,0.671875,0.28125,1.0,1.0,0.53125,0.90625,1.0,-0.0672509300848155,-0.8787261524204992,0.3125,0.0625
395,oracle_stable_quality,0.0529978044257658,0.02902536026625488,0.90625,0.4375,1.0,1.0,0.515625,0.9375,1.0,-0.10801312694034126,-0.5101485979654498,0.546875,0.21875
395,oracle_nus_quality,0.05916836381311765,0.03210157080389373,0.90625,0.625,1.0,1.0,0.71875,0.96875,1.0,-0.1018425675529894,-0.45823241050066343,0.546875,0.40625
396,baseline_first,0.14156348599319962,0.06544103993149246,0.484375,0.25,0.859375,1.0,0.734375,0.96875,1.0,0.0,0.0,0.0,0.0
396,oracle_min_ehull,0.051558998318033206,0.021545990768784745,0.90625,0.4375,0.96875,1.0,0.5,0.953125,1.0,-0.09000448767516642,-0.6707572069248844,0.421875,0.1875
396,oracle_min_rmsd,0.08405934636486388,0.0055074861820059405,0.71875,0.296875,0.96875,1.0,0.515625,0.921875,1.0,-0.05750413962833574,-0.915840484995784,0.234375,0.046875
396,oracle_stable_quality,0.051558998318033206,0.021545990768784745,0.90625,0.4375,0.96875,1.0,0.5,0.953125,1.0,-0.09000448767516642,-0.6707572069248844,0.421875,0.1875
396,oracle_nus_quality,0.06351610837044144,0.024778440965343713,0.90625,0.59375,0.96875,1.0,0.6875,0.96875,1.0,-0.07804737762275818,-0.6213623592888614,0.421875,0.34375
397,baseline_first,0.15666623161150262,0.03998420079893566,0.4375,0.25,0.859375,1.0,0.75,0.953125,1.0,0.0,0.0,0.0,0.0
397,oracle_min_ehull,0.05744616452486898,0.01599614090771657,0.890625,0.4375,1.0,1.0,0.515625,0.890625,1.0,-0.09922006708663364,-0.5999384609897624,0.453125,0.1875
397,oracle_min_rmsd,0.09279987823987186,0.007273789110037737,0.5625,0.203125,1.0,1.0,0.515625,0.90625,1.0,-0.06386635337163075,-0.8180834188329866,0.125,-0.046875
397,oracle_stable_quality,0.05744616452486898,0.01599614090771657,0.890625,0.4375,1.0,1.0,0.515625,0.890625,1.0,-0.09922006708663364,-0.5999384609897624,0.453125,0.1875
397,oracle_nus_quality,0.06976807630685303,0.038948137613114636,0.890625,0.640625,1.0,1.0,0.75,0.953125,1.0,-0.08689815530464959,-0.02591181429462508,0.453125,0.390625
398,baseline_first,0.13732076213431454,0.03950301039993052,0.359375,0.1875,0.84375,1.0,0.765625,0.96875,1.0,0.0,0.0,0.0,0.0
398,oracle_min_ehull,0.05924088908784964,0.021700043248310753,0.875,0.5625,1.0,1.0,0.6875,0.921875,1.0,-0.07807987304646491,-0.4506736821164161,0.515625,0.375
398,oracle_min_rmsd,0.09748281002489446,0.005695653269357186,0.609375,0.265625,1.0,1.0,0.59375,0.921875,1.0,-0.03983795210942008,-0.8558172348969332,0.25,0.078125
398,oracle_stable_quality,0.05924088908784964,0.021700043248310753,0.875,0.5625,1.0,1.0,0.6875,0.921875,1.0,-0.07807987304646491,-0.4506736821164161,0.515625,0.375
398,oracle_nus_quality,0.0622796246149257,0.02262841800131891,0.875,0.640625,1.0,1.0,0.78125,0.953125,1.0,-0.07504113751938885,-0.4271723149140372,0.515625,0.453125
399,baseline_first,0.12288528148554041,0.03677836290538042,0.515625,0.328125,0.828125,1.0,0.75,0.890625,1.0,0.0,0.0,0.0,0.0
399,oracle_min_ehull,0.06222334737886481,0.0260836212722256,0.8125,0.40625,1.0,1.0,0.5625,0.921875,1.0,-0.0606619341066756,-0.2907889527510821,0.296875,0.078125
399,oracle_min_rmsd,0.09202304915586132,0.005631137650823544,0.59375,0.265625,1.0,1.0,0.609375,0.890625,1.0,-0.030862232329679093,-0.8468899318517588,0.078125,-0.0625
399,oracle_stable_quality,0.06222334737886481,0.0260836212722256,0.8125,0.40625,1.0,1.0,0.5625,0.921875,1.0,-0.0606619341066756,-0.2907889527510821,0.296875,0.078125
399,oracle_nus_quality,0.0723895261181425,0.02281604363652983,0.8125,0.59375,1.0,1.0,0.78125,0.984375,1.0,-0.05049575536739791,-0.3796340610584382,0.296875,0.265625
400,baseline_first,0.14101462358683514,0.05826496502041181,0.40625,0.234375,0.8125,1.0,0.765625,0.96875,1.0,0.0,0.0,0.0,0.0
400,oracle_min_ehull,0.05629389441869321,0.02210371017357691,0.859375,0.4375,0.984375,1.0,0.5625,0.9375,1.0,-0.08472072916814194,-0.6206346272441188,0.453125,0.203125
400,oracle_min_rmsd,0.08786208150271121,0.0055671968460104665,0.640625,0.28125,0.984375,1.0,0.515625,0.9375,1.0,-0.05315254208412393,-0.9044503528997208,0.234375,0.046875
400,oracle_stable_quality,0.05629389441869321,0.02210371017357691,0.859375,0.4375,0.984375,1.0,0.5625,0.9375,1.0,-0.08472072916814194,-0.6206346272441188,0.453125,0.203125
400,oracle_nus_quality,0.06698428756815229,0.026272797430250988,0.859375,0.625,0.984375,1.0,0.765625,0.96875,1.0,-0.07403033601868285,-0.5490806967609625,0.453125,0.390625
401,baseline_first,0.16378122862271033,0.05192955245814626,0.40625,0.25,0.78125,1.0,0.8125,0.96875,1.0,0.0,0.0,0.0,0.0
401,oracle_min_ehull,0.06424528820420247,0.02911401649696454,0.796875,0.453125,1.0,1.0,0.578125,0.9375,1.0,-0.09953594041850786,-0.43935552842613834,0.390625,0.203125
401,oracle_min_rmsd,0.11119996129128341,0.005927355829064036,0.5625,0.21875,1.0,1.0,0.53125,0.90625,1.0,-0.052581267331426915,-0.8858577525034264,0.15625,-0.03125
401,oracle_stable_quality,0.06424528820420247,0.02911401649696454,0.796875,0.453125,1.0,1.0,0.578125,0.9375,1.0,-0.09953594041850786,-0.43935552842613834,0.390625,0.203125
401,oracle_nus_quality,0.0715445734332462,0.04603432425901556,0.796875,0.625,1.0,1.0,0.8125,0.96875,1.0,-0.09223665518946413,-0.11352357030001536,0.390625,0.375
402,baseline_first,0.14244364178848223,0.0746626567694686,0.46875,0.25,0.828125,1.0,0.765625,0.984375,1.0,0.0,0.0,0.0,0.0
402,oracle_min_ehull,0.05919107982904808,0.04185819941281063,0.859375,0.375,1.0,1.0,0.484375,0.921875,1.0,-0.08325256195943415,-0.4393690068911734,0.390625,0.125
402,oracle_min_rmsd,0.09367049040318098,0.00490365261002508,0.640625,0.25,1.0,1.0,0.53125,0.890625,1.0,-0.04877315138530125,-0.934322553975466,0.171875,0.0
402,oracle_stable_quality,0.05919107982904808,0.04185819941281063,0.859375,0.375,1.0,1.0,0.484375,0.921875,1.0,-0.08325256195943415,-0.4393690068911734,0.390625,0.125
402,oracle_nus_quality,0.06788761308971422,0.048981360585872435,0.859375,0.59375,1.0,1.0,0.734375,0.953125,1.0,-0.07455602869876801,-0.3439644032878545,0.390625,0.34375
403,baseline_first,0.15113800152768386,0.07874049884262237,0.4375,0.21875,0.828125,1.0,0.703125,0.953125,1.0,0.0,0.0,0.0,0.0
403,oracle_min_ehull,0.054017301824446834,0.023699672138805798,0.890625,0.484375,1.0,1.0,0.578125,0.9375,1.0,-0.09712069970323703,-0.6990154686957974,0.453125,0.265625
403,oracle_min_rmsd,0.09154983742299805,0.00530064178224729,0.65625,0.28125,1.0,1.0,0.5625,0.9375,1.0,-0.059588164104685815,-0.9326821412086604,0.21875,0.0625
403,oracle_stable_quality,0.054017301824446834,0.023699672138805798,0.890625,0.484375,1.0,1.0,0.578125,0.9375,1.0,-0.09712069970323703,-0.6990154686957974,0.453125,0.265625
403,oracle_nus_quality,0.060463616242564626,0.018831158925287358,0.890625,0.65625,1.0,1.0,0.78125,0.953125,1.0,-0.09067438528511923,-0.7608453184564533,0.453125,0.4375
404,baseline_first,0.13884038180065877,0.05668265075947668,0.421875,0.21875,0.84375,1.0,0.6875,0.953125,1.0,0.0,0.0,0.0,0.0
404,oracle_min_ehull,0.053416595794072146,0.05188319718592613,0.953125,0.53125,1.0,1.0,0.578125,0.921875,1.0,-0.08542378600658662,-0.08467235581335508,0.53125,0.3125
404,oracle_min_rmsd,0.09596252460293654,0.024922049441246985,0.640625,0.296875,1.0,1.0,0.578125,0.9375,1.0,-0.04287785719772223,-0.5603231481357581,0.21875,0.078125
404,oracle_stable_quality,0.053416595794072146,0.05188319718592613,0.953125,0.53125,1.0,1.0,0.578125,0.921875,1.0,-0.08542378600658662,-0.08467235581335508,0.53125,0.3125
404,oracle_nus_quality,0.05817024701693302,0.05353717855046091,0.953125,0.609375,1.0,1.0,0.65625,0.96875,1.0,-0.08067013478372576,-0.055492680156456475,0.53125,0.390625
405,baseline_first,0.15179474144498983,0.10664157233915242,0.40625,0.25,0.796875,1.0,0.765625,0.953125,1.0,0.0,0.0,0.0,0.0
405,oracle_min_ehull,0.058606578324663164,0.03883478822254168,0.859375,0.421875,1.0,1.0,0.546875,0.921875,1.0,-0.09318816312032667,-0.6358381879532372,0.453125,0.171875
405,oracle_min_rmsd,0.10067843806805875,0.004848584516743325,0.640625,0.203125,1.0,1.0,0.515625,0.90625,1.0,-0.051116303376931085,-0.9545338238138185,0.234375,-0.046875
405,oracle_stable_quality,0.058606578324663164,0.03883478822254168,0.859375,0.421875,1.0,1.0,0.546875,0.921875,1.0,-0.09318816312032667,-0.6358381879532372,0.453125,0.171875
405,oracle_nus_quality,0.06657766519012212,0.06624855699806366,0.859375,0.609375,1.0,1.0,0.75,0.953125,1.0,-0.08521707625486771,-0.37877362884923305,0.453125,0.359375
406,baseline_first,0.14602412809130896,0.04366899160604201,0.421875,0.296875,0.890625,1.0,0.796875,0.953125,1.0,0.0,0.0,0.0,0.0
406,oracle_min_ehull,0.06228951262408214,0.031676634397123815,0.875,0.453125,1.0,1.0,0.59375,0.953125,1.0,-0.08373461546722683,-0.27461951301982757,0.453125,0.15625
406,oracle_min_rmsd,0.10646484433569688,0.005050381602654107,0.625,0.234375,1.0,1.0,0.546875,0.921875,1.0,-0.03955928375561209,-0.8843485636623828,0.203125,-0.0625
406,oracle_stable_quality,0.06228951262408214,0.031676634397123815,0.875,0.453125,1.0,1.0,0.59375,0.953125,1.0,-0.08373461546722683,-0.27461951301982757,0.453125,0.15625
406,oracle_nus_quality,0.06887954996412009,0.053109129709871625,0.875,0.640625,1.0,1.0,0.765625,1.0,1.0,-0.07714457812718888,0.21617485901651734,0.453125,0.34375
407,baseline_first,0.15461224972319487,0.039270828937713796,0.421875,0.21875,0.875,1.0,0.734375,0.9375,1.0,0.0,0.0,0.0,0.0
407,oracle_min_ehull,0.05893818433186186,0.02672605350362298,0.8125,0.484375,0.984375,1.0,0.640625,0.953125,1.0,-0.09567406539133301,-0.3194425932283651,0.390625,0.265625
407,oracle_min_rmsd,0.09253756351736997,0.006429582520986089,0.625,0.234375,0.984375,1.0,0.546875,0.875,1.0,-0.0620746862058249,-0.8362758644289419,0.203125,0.015625
407,oracle_stable_quality,0.05893818433186186,0.02672605350362298,0.8125,0.484375,0.984375,1.0,0.640625,0.953125,1.0,-0.09567406539133301,-0.3194425932283651,0.390625,0.265625
407,oracle_nus_quality,0.06820969294525125,0.04665290868122936,0.8125,0.640625,0.984375,1.0,0.84375,0.96875,1.0,-0.08640255677794362,0.18797870946966877,0.390625,0.421875
408,baseline_first,0.14715778183477873,0.06879621899411606,0.3125,0.15625,0.828125,1.0,0.734375,0.953125,1.0,0.0,0.0,0.0,0.0
408,oracle_min_ehull,0.05516369194967201,0.03626340820633236,0.90625,0.46875,1.0,1.0,0.578125,0.9375,1.0,-0.09199408988510673,-0.4728866100994029,0.59375,0.3125
408,oracle_min_rmsd,0.09930070262675372,0.005397694204174708,0.625,0.234375,1.0,1.0,0.578125,0.90625,1.0,-0.04785707920802501,-0.9215408305413361,0.3125,0.078125
408,oracle_stable_quality,0.05516369194967201,0.03626340820633236,0.90625,0.46875,1.0,1.0,0.578125,0.9375,1.0,-0.09199408988510673,-0.4728866100994029,0.59375,0.3125
408,oracle_nus_quality,0.05922012858867023,0.04983520500683801,0.90625,0.609375,1.0,1.0,0.703125,0.953125,1.0,-0.0879376532461085,-0.27561128016206426,0.59375,0.453125
409,baseline_first,0.13468204543394718,0.06449480448678946,0.484375,0.203125,0.90625,1.0,0.59375,0.96875,1.0,0.0,0.0,0.0,0.0
409,oracle_min_ehull,0.0580472190339486,0.020157978447153523,0.84375,0.40625,1.0,1.0,0.515625,0.90625,1.0,-0.07663482639999858,-0.6874480261230577,0.359375,0.203125
409,oracle_min_rmsd,0.09842651706049932,0.006239500884964468,0.609375,0.234375,1.0,1.0,0.53125,0.921875,1.0,-0.036255528373447865,-0.903255759365198,0.125,0.03125
409,oracle_stable_quality,0.0580472190339486,0.020157978447153523,0.84375,0.40625,1.0,1.0,0.515625,0.90625,1.0,-0.07663482639999858,-0.6874480261230577,0.359375,0.203125
409,oracle_nus_quality,0.06846143472279044,0.04053989036141194,0.84375,0.625,1.0,1.0,0.78125,0.984375,1.0,-0.06622061071115674,-0.37142393586578326,0.359375,0.421875
410,baseline_first,0.1219694996170533,0.05641558648405601,0.5,0.328125,0.84375,1.0,0.765625,0.9375,1.0,0.0,0.0,0.0,0.0
410,oracle_min_ehull,0.06047542923262831,0.04359466394623837,0.84375,0.46875,1.0,1.0,0.59375,0.953125,1.0,-0.061494070384425,-0.22725851731490987,0.34375,0.140625
410,oracle_min_rmsd,0.09587084469375402,0.0070209810385182085,0.609375,0.25,1.0,1.0,0.5625,0.890625,1.0,-0.026098654923299283,-0.8755489134106147,0.109375,-0.078125
410,oracle_stable_quality,0.06047542923262831,0.04359466394623837,0.84375,0.46875,1.0,1.0,0.59375,0.953125,1.0,-0.061494070384425,-0.22725851731490987,0.34375,0.140625
410,oracle_nus_quality,0.06775839947797538,0.04668796778518844,0.84375,0.59375,1.0,1.0,0.765625,0.96875,1.0,-0.05421110013907793,-0.1724278573549307,0.34375,0.265625
411,baseline_first,0.1380782962112841,0.04225858168313322,0.421875,0.21875,0.84375,1.0,0.71875,0.96875,1.0,0.0,0.0,0.0,0.0
411,oracle_min_ehull,0.06111859340083868,0.031902187657833994,0.828125,0.484375,1.0,1.0,0.65625,0.9375,1.0,-0.07695970281044541,-0.24507197385265778,0.40625,0.265625
411,oracle_min_rmsd,0.11532091188903833,0.007057885301510286,0.5625,0.21875,1.0,1.0,0.53125,0.921875,1.0,-0.022757384322245763,-0.8329833841932438,0.140625,0.0
411,oracle_stable_quality,0.06111859340083868,0.031902187657833994,0.828125,0.484375,1.0,1.0,0.65625,0.9375,1.0,-0.07695970281044541,-0.24507197385265778,0.40625,0.265625
411,oracle_nus_quality,0.06620033308237659,0.05361836983540692,0.828125,0.671875,1.0,1.0,0.84375,0.953125,1.0,-0.0718779631289075,0.26881612443722336,0.40625,0.453125
412,baseline_first,0.16227449768947266,0.04698107173673128,0.3125,0.203125,0.796875,1.0,0.796875,0.96875,1.0,0.0,0.0,0.0,0.0
412,oracle_min_ehull,0.06108172450307777,0.024173468545908655,0.84375,0.40625,1.0,1.0,0.578125,0.921875,1.0,-0.10119277318639489,-0.4854636632946566,0.53125,0.203125
412,oracle_min_rmsd,0.09264068593776142,0.00793331043912348,0.609375,0.234375,1.0,1.0,0.578125,0.90625,1.0,-0.06963381175171124,-0.8311381553068964,0.296875,0.03125
412,oracle_stable_quality,0.06108172450307777,0.024173468545908655,0.84375,0.40625,1.0,1.0,0.578125,0.921875,1.0,-0.10119277318639489,-0.4854636632946566,0.53125,0.203125
412,oracle_nus_quality,0.068784372721424,0.02789327617475776,0.84375,0.59375,1.0,1.0,0.765625,0.96875,1.0,-0.09349012496804866,-0.40628693336193267,0.53125,0.390625
413,baseline_first,0.13633856242519382,0.07787026284043133,0.4375,0.296875,0.828125,1.0,0.796875,0.984375,1.0,0.0,0.0,0.0,0.0
413,oracle_min_ehull,0.058880819270598996,0.019876538013722155,0.859375,0.40625,1.0,1.0,0.5,0.90625,1.0,-0.07745774315459483,-0.744748029752354,0.421875,0.109375
413,oracle_min_rmsd,0.08899299909164615,0.0058479019996624335,0.65625,0.25,1.0,1.0,0.53125,0.90625,1.0,-0.04734556333354767,-0.9249019871469328,0.21875,-0.046875
413,oracle_stable_quality,0.058880819270598996,0.019876538013722155,0.859375,0.40625,1.0,1.0,0.5,0.90625,1.0,-0.07745774315459483,-0.744748029752354,0.421875,0.109375
413,oracle_nus_quality,0.06721219817663834,0.024607272056389892,0.859375,0.609375,1.0,1.0,0.75,0.9375,1.0,-0.06912636424855548,-0.683996545551488,0.421875,0.3125
414,baseline_first,0.1296255262177491,0.0705007785602968,0.5625,0.296875,0.84375,1.0,0.703125,0.953125,1.0,0.0,0.0,0.0,0.0
414,oracle_min_ehull,0.06117804651597542,0.035298333330922534,0.859375,0.484375,1.0,1.0,0.609375,0.9375,1.0,-0.06844747970177367,-0.49931995005228014,0.296875,0.1875
414,oracle_min_rmsd,0.09618737467752944,0.006585081037965009,0.625,0.234375,1.0,1.0,0.53125,0.90625,1.0,-0.033438151540219646,-0.9065956267088168,0.0625,-0.0625
414,oracle_stable_quality,0.06117804651597542,0.035298333330922534,0.859375,0.484375,1.0,1.0,0.609375,0.9375,1.0,-0.06844747970177367,-0.49931995005228014,0.296875,0.1875
414,oracle_nus_quality,0.06463831006784532,0.044824847912180873,0.859375,0.578125,1.0,1.0,0.734375,0.953125,1.0,-0.06498721614990377,-0.3641935759071968,0.296875,0.28125
415,baseline_first,0.12676258183241132,0.0483833906639725,0.46875,0.265625,0.75,1.0,0.6875,0.984375,1.0,0.0,0.0,0.0,0.0
415,oracle_min_ehull,0.0624919102666165,0.04244726020121647,0.890625,0.515625,1.0,1.0,0.625,0.9375,1.0,-0.06427067156579483,-0.1226894267080837,0.421875,0.25
415,oracle_min_rmsd,0.0944378514972666,0.00516555987209482,0.640625,0.28125,1.0,1.0,0.515625,0.921875,1.0,-0.032324730335144714,-0.8932369186779374,0.171875,0.015625
415,oracle_stable_quality,0.0624919102666165,0.04244726020121647,0.890625,0.515625,1.0,1.0,0.625,0.9375,1.0,-0.06427067156579483,-0.1226894267080837,0.421875,0.25
415,oracle_nus_quality,0.06746313043233482,0.037582160645295494,0.890625,0.640625,1.0,1.0,0.75,0.96875,1.0,-0.0592994514000765,-0.22324251918788895,0.421875,0.375
416,baseline_first,0.13969170015402213,0.04346672986839818,0.390625,0.203125,0.875,1.0,0.734375,0.984375,1.0,0.0,0.0,0.0,0.0
416,oracle_min_ehull,0.05861090003323259,0.032108903793110696,0.828125,0.4375,1.0,1.0,0.578125,0.9375,1.0,-0.08108080012078954,-0.2612992997097998,0.4375,0.234375
416,oracle_min_rmsd,0.09509995534504814,0.005541231622730322,0.625,0.234375,1.0,1.0,0.5625,0.90625,1.0,-0.04459174480897399,-0.8725178627537152,0.234375,0.03125
416,oracle_stable_quality,0.05861090003323259,0.032108903793110696,0.828125,0.4375,1.0,1.0,0.578125,0.9375,1.0,-0.08108080012078954,-0.2612992997097998,0.4375,0.234375
416,oracle_nus_quality,0.06913324330983739,0.03595985522564385,0.828125,0.59375,1.0,1.0,0.765625,0.96875,1.0,-0.07055845684418474,-0.17270392011275015,0.4375,0.390625
417,baseline_first,0.15663460853070332,0.09231685542986988,0.40625,0.21875,0.8125,1.0,0.75,0.953125,1.0,0.0,0.0,0.0,0.0
417,oracle_min_ehull,0.05572429564332321,0.024570042414785512,0.890625,0.453125,1.0,1.0,0.53125,0.96875,1.0,-0.10091031288738012,-0.7338509603649728,0.484375,0.234375
417,oracle_min_rmsd,0.09451882771281492,0.00620174498085735,0.640625,0.265625,1.0,1.0,0.546875,0.921875,1.0,-0.062115780817888405,-0.9328210980326489,0.234375,0.046875
417,oracle_stable_quality,0.05572429564332321,0.024570042414785512,0.890625,0.453125,1.0,1.0,0.53125,0.96875,1.0,-0.10091031288738012,-0.7338509603649728,0.484375,0.234375
417,oracle_nus_quality,0.06425642088184688,0.04746478334961319,0.890625,0.609375,1.0,1.0,0.71875,0.984375,1.0,-0.09237818764885644,-0.4858492186654836,0.484375,0.390625
418,baseline_first,0.13520437417541664,0.06077956643081192,0.421875,0.25,0.890625,1.0,0.734375,0.9375,1.0,0.0,0.0,0.0,0.0
418,oracle_min_ehull,0.05454983927270717,0.022434431928439854,0.921875,0.515625,1.0,1.0,0.59375,0.9375,1.0,-0.08065453490270946,-0.6308885823662799,0.5,0.265625
418,oracle_min_rmsd,0.09956767868262201,0.005106696300535006,0.640625,0.265625,1.0,1.0,0.5625,0.921875,1.0,-0.035636695492794634,-0.9159800472359706,0.21875,0.015625
418,oracle_stable_quality,0.05454983927270717,0.022434431928439854,0.921875,0.515625,1.0,1.0,0.59375,0.9375,1.0,-0.08065453490270946,-0.6308885823662799,0.5,0.265625
418,oracle_nus_quality,0.060668393386122996,0.02741148241480158,0.921875,0.671875,1.0,1.0,0.765625,0.9375,1.0,-0.07453598078929365,-0.5490016789441022,0.5,0.421875
419,baseline_first,0.14244264558654812,0.08207554289420449,0.375,0.234375,0.859375,1.0,0.75,0.953125,1.0,0.0,0.0,0.0,0.0
419,oracle_min_ehull,0.059486304888933236,0.02332781732240886,0.875,0.484375,1.0,1.0,0.59375,0.9375,1.0,-0.08295634069761489,-0.7157762653793414,0.5,0.25
419,oracle_min_rmsd,0.09390224584799613,0.005721230371025987,0.65625,0.234375,1.0,1.0,0.515625,0.875,1.0,-0.048540399738551995,-0.9302931157165703,0.28125,0.0
419,oracle_stable_quality,0.059486304888933236,0.02332781732240886,0.875,0.484375,1.0,1.0,0.59375,0.9375,1.0,-0.08295634069761489,-0.7157762653793414,0.5,0.25
419,oracle_nus_quality,0.06381707798384026,0.01763987346504406,0.875,0.609375,1.0,1.0,0.734375,0.953125,1.0,-0.07862556760270786,-0.7850775901929533,0.5,0.375
420,baseline_first,0.1590520088491012,0.038298156983054596,0.359375,0.203125,0.796875,1.0,0.765625,1.0,1.0,0.0,0.0,0.0,0.0
420,oracle_min_ehull,0.059199326503036914,0.017458631281934638,0.859375,0.453125,1.0,1.0,0.546875,0.921875,1.0,-0.09985268234606429,-0.5441391268603504,0.5,0.25
420,oracle_min_rmsd,0.10471962499787352,0.005965641711973731,0.59375,0.21875,1.0,1.0,0.546875,0.90625,1.0,-0.054332383851227684,-0.8442316241323756,0.234375,0.015625
420,oracle_stable_quality,0.059199326503036914,0.017458631281934638,0.859375,0.453125,1.0,1.0,0.546875,0.921875,1.0,-0.09985268234606429,-0.5441391268603504,0.5,0.25
420,oracle_nus_quality,0.06718195909841525,0.04335195911276522,0.859375,0.640625,1.0,1.0,0.796875,0.953125,1.0,-0.09187004975068595,0.1319594081758746,0.5,0.4375
421,baseline_first,0.14335632907091178,0.07207196474644498,0.40625,0.1875,0.859375,1.0,0.65625,0.921875,1.0,0.0,0.0,0.0,0.0
421,oracle_min_ehull,0.06080340948939635,0.028730499953164554,0.875,0.4375,1.0,1.0,0.515625,0.921875,1.0,-0.08255291958151542,-0.601363719523385,0.46875,0.25
421,oracle_min_rmsd,0.10242693471876486,0.006753284421470893,0.578125,0.234375,1.0,1.0,0.546875,0.921875,1.0,-0.04092939435214692,-0.9062980391164651,0.171875,0.046875
421,oracle_stable_quality,0.06080340948939635,0.028730499953164554,0.875,0.4375,1.0,1.0,0.515625,0.921875,1.0,-0.08255291958151542,-0.601363719523385,0.46875,0.25
421,oracle_nus_quality,0.0689641495847094,0.031081898823820377,0.875,0.609375,1.0,1.0,0.734375,0.953125,1.0,-0.07439217948620239,-0.5687380116086884,0.46875,0.421875
422,baseline_first,0.13389232739975498,0.05480199577422387,0.4375,0.25,0.890625,1.0,0.734375,0.9375,1.0,0.0,0.0,0.0,0.0
422,oracle_min_ehull,0.05930232312679974,0.04613772571344339,0.84375,0.453125,1.0,1.0,0.625,0.90625,1.0,-0.07459000427295524,-0.1581013599664507,0.40625,0.203125
422,oracle_min_rmsd,0.10369591457508438,0.005260880699823145,0.578125,0.203125,1.0,1.0,0.53125,0.875,1.0,-0.0301964128246706,-0.9040020235486095,0.140625,-0.046875
422,oracle_stable_quality,0.05930232312679974,0.04613772571344339,0.84375,0.453125,1.0,1.0,0.625,0.90625,1.0,-0.07459000427295524,-0.1581013599664507,0.40625,0.203125
422,oracle_nus_quality,0.06403491749709686,0.04050602479231136,0.84375,0.59375,1.0,1.0,0.75,0.921875,1.0,-0.06985740990265812,-0.26086588234504826,0.40625,0.34375
423,baseline_first,0.1486731549127004,0.08013072219530976,0.421875,0.234375,0.796875,1.0,0.75,0.9375,1.0,0.0,0.0,0.0,0.0
423,oracle_min_ehull,0.060166543758436504,0.03361633125356183,0.859375,0.5,1.0,1.0,0.625,0.984375,1.0,-0.08850661115426389,-0.5804813642933886,0.4375,0.265625
423,oracle_min_rmsd,0.1064965007613199,0.006973230254151377,0.625,0.265625,1.0,1.0,0.53125,0.921875,1.0,-0.042176654151380485,-0.9129768200871209,0.203125,0.03125
423,oracle_stable_quality,0.060166543758436504,0.03361633125356183,0.859375,0.5,1.0,1.0,0.625,0.984375,1.0,-0.08850661115426389,-0.5804813642933886,0.4375,0.265625
423,oracle_nus_quality,0.0631907344574867,0.051346484395559444,0.859375,0.625,1.0,1.0,0.765625,0.984375,1.0,-0.08548242045521369,-0.3592160036894704,0.4375,0.390625
424,baseline_first,0.15185741606613534,0.06736665624935279,0.375,0.203125,0.859375,1.0,0.765625,0.96875,1.0,0.0,0.0,0.0,0.0
424,oracle_min_ehull,0.060815645430036605,0.0456334770668045,0.8125,0.40625,1.0,1.0,0.546875,0.921875,1.0,-0.09104177063609874,-0.3226103296875015,0.4375,0.203125
424,oracle_min_rmsd,0.09692171565670268,0.008891556765572947,0.59375,0.171875,1.0,1.0,0.484375,0.875,1.0,-0.05493570040943266,-0.8680124966769689,0.21875,-0.03125
424,oracle_stable_quality,0.060815645430036605,0.0456334770668045,0.8125,0.40625,1.0,1.0,0.546875,0.921875,1.0,-0.09104177063609874,-0.3226103296875015,0.4375,0.203125
424,oracle_nus_quality,0.07524659460386816,0.043686443774656726,0.8125,0.65625,1.0,1.0,0.84375,0.984375,1.0,-0.07661082146226718,-0.351512362244097,0.4375,0.453125
425,baseline_first,0.14670651158226988,0.06337735848529698,0.375,0.203125,0.828125,1.0,0.671875,0.921875,1.0,0.0,0.0,0.0,0.0
425,oracle_min_ehull,0.05303410202407662,0.02078010621530347,0.921875,0.421875,1.0,1.0,0.5,0.9375,1.0,-0.09367240955819325,-0.6721209796062377,0.546875,0.21875
425,oracle_min_rmsd,0.09552992205831928,0.0048366892484005795,0.609375,0.21875,1.0,1.0,0.546875,0.9375,1.0,-0.0511765895239506,-0.923684272049258,0.234375,0.015625
425,oracle_stable_quality,0.05303410202407662,0.02078010621530347,0.921875,0.421875,1.0,1.0,0.5,0.9375,1.0,-0.09367240955819325,-0.6721209796062377,0.546875,0.21875
425,oracle_nus_quality,0.06109200690119646,0.015354223801281121,0.921875,0.625,1.0,1.0,0.71875,0.953125,1.0,-0.08561450468107343,-0.7577332951665511,0.546875,0.421875
426,baseline_first,0.1295912979086744,0.041196680091208346,0.4375,0.234375,0.890625,1.0,0.703125,0.9375,1.0,0.0,0.0,0.0,0.0
426,oracle_min_ehull,0.06703507890209476,0.042142999960070884,0.765625,0.4375,1.0,1.0,0.609375,0.953125,1.0,-0.06255621900657965,0.022970779848458855,0.328125,0.203125
426,oracle_min_rmsd,0.10731393421112426,0.0091335417174968,0.578125,0.21875,1.0,1.0,0.5625,0.921875,1.0,-0.02227736369755015,-0.7782942291156622,0.140625,-0.015625
426,oracle_stable_quality,0.06703507890209476,0.042142999960070884,0.765625,0.4375,1.0,1.0,0.609375,0.953125,1.0,-0.06255621900657965,0.022970779848458855,0.328125,0.203125
426,oracle_nus_quality,0.07614779204215935,0.07260783356159023,0.765625,0.5625,1.0,1.0,0.796875,1.0,1.0,-0.053443505866515056,0.7624680775450456,0.328125,0.328125
427,baseline_first,0.13332997965256832,0.0679213705435103,0.4375,0.21875,0.8125,1.0,0.671875,0.984375,1.0,0.0,0.0,0.0,0.0
427,oracle_min_ehull,0.05578015534773054,0.030485403773055066,0.875,0.46875,1.0,1.0,0.609375,0.90625,1.0,-0.07754982430483778,-0.551166245187497,0.4375,0.25
427,oracle_min_rmsd,0.0935387902456099,0.0055502729399019984,0.65625,0.234375,1.0,1.0,0.5,0.890625,1.0,-0.039791189406958416,-0.9182838494646319,0.21875,0.015625
427,oracle_stable_quality,0.05578015534773054,0.030485403773055066,0.875,0.46875,1.0,1.0,0.609375,0.90625,1.0,-0.07754982430483778,-0.551166245187497,0.4375,0.25
427,oracle_nus_quality,0.06010776026956837,0.032583092867373945,0.875,0.625,1.0,1.0,0.75,0.96875,1.0,-0.07322221938299994,-0.5202821644109599,0.4375,0.40625
428,baseline_first,0.16259999406728376,0.05911487255562656,0.375,0.1875,0.84375,1.0,0.75,0.96875,1.0,0.0,0.0,0.0,0.0
428,oracle_min_ehull,0.060821153597975706,0.04104475270355164,0.828125,0.46875,1.0,1.0,0.578125,0.921875,1.0,-0.10177884046930805,-0.30567806494162875,0.453125,0.28125
428,oracle_min_rmsd,0.10846149464637758,0.007985571976074168,0.59375,0.21875,1.0,1.0,0.59375,0.90625,1.0,-0.05413849942090618,-0.8649143332152189,0.21875,0.03125
428,oracle_stable_quality,0.060821153597975706,0.04104475270355164,0.828125,0.46875,1.0,1.0,0.578125,0.921875,1.0,-0.10177884046930805,-0.30567806494162875,0.453125,0.28125
428,oracle_nus_quality,0.0746137235284387,0.05440778480717323,0.828125,0.65625,1.0,1.0,0.828125,0.984375,1.0,-0.08798627053884506,-0.0796261168291279,0.453125,0.46875
429,baseline_first,0.15465586477027052,0.044573966825355346,0.390625,0.203125,0.828125,1.0,0.765625,0.96875,1.0,0.0,0.0,0.0,0.0
429,oracle_min_ehull,0.05418158772870541,0.044234938981704136,0.921875,0.515625,1.0,1.0,0.578125,0.921875,1.0,-0.10047427704156511,-0.007605960783781063,0.53125,0.3125
429,oracle_min_rmsd,0.09226261503538559,0.005039044525024403,0.609375,0.25,1.0,1.0,0.5625,0.90625,1.0,-0.06239324973488493,-0.886950951779369,0.21875,0.046875
429,oracle_stable_quality,0.05418158772870541,0.044234938981704136,0.921875,0.515625,1.0,1.0,0.578125,0.921875,1.0,-0.10047427704156511,-0.007605960783781063,0.53125,0.3125
429,oracle_nus_quality,0.05897720968242111,0.03962410039076308,0.921875,0.640625,1.0,1.0,0.734375,0.953125,1.0,-0.09567865508784941,-0.11104837166470449,0.53125,0.4375
430,baseline_first,0.14555037802175685,0.05911684349424284,0.40625,0.171875,0.828125,1.0,0.71875,0.96875,1.0,0.0,0.0,0.0,0.0
430,oracle_min_ehull,0.0564670861454773,0.04694287359162715,0.875,0.453125,1.0,1.0,0.5625,0.90625,1.0,-0.08908329187627956,-0.2059306482390465,0.46875,0.28125
430,oracle_min_rmsd,0.09394523103359365,0.006474942471909119,0.65625,0.25,1.0,1.0,0.515625,0.90625,1.0,-0.05160514698816321,-0.890472121155459,0.25,0.078125
430,oracle_stable_quality,0.0564670861454773,0.04694287359162715,0.875,0.453125,1.0,1.0,0.5625,0.90625,1.0,-0.08908329187627956,-0.2059306482390465,0.46875,0.28125
430,oracle_nus_quality,0.06601184474637237,0.04206943725184058,0.875,0.625,1.0,1.0,0.75,0.953125,1.0,-0.07953853327538449,-0.2883680053733323,0.46875,0.453125
431,baseline_first,0.1389079437382979,0.03978749557679409,0.421875,0.21875,0.875,1.0,0.734375,0.921875,1.0,0.0,0.0,0.0,0.0
431,oracle_min_ehull,0.06497763759908146,0.018619411780258114,0.796875,0.40625,1.0,1.0,0.59375,0.875,1.0,-0.07393030613921645,-0.5320285554460026,0.375,0.1875
431,oracle_min_rmsd,0.11325754522681704,0.0058189355581371996,0.5625,0.21875,1.0,1.0,0.53125,0.90625,1.0,-0.025650398511480862,-0.8537496398358113,0.140625,0.0
431,oracle_stable_quality,0.06497763759908146,0.018619411780258114,0.796875,0.40625,1.0,1.0,0.59375,0.875,1.0,-0.07393030613921645,-0.5320285554460026,0.375,0.1875
431,oracle_nus_quality,0.07527770965710988,0.03858522989054257,0.796875,0.59375,1.0,1.0,0.796875,0.921875,1.0,-0.06363023408118802,-0.030217174235835476,0.375,0.375
432,baseline_first,0.12681509818405,0.0655900160622904,0.453125,0.296875,0.890625,1.0,0.765625,0.96875,1.0,0.0,0.0,0.0,0.0
432,oracle_min_ehull,0.061606542244710696,0.029740442899542495,0.8125,0.4375,1.0,1.0,0.578125,0.9375,1.0,-0.06520855593933932,-0.5465705806307747,0.359375,0.140625
432,oracle_min_rmsd,0.09200294697876962,0.005187284110196539,0.59375,0.234375,1.0,1.0,0.515625,0.96875,1.0,-0.03481215120528039,-0.9209135105978598,0.140625,-0.0625
432,oracle_stable_quality,0.061606542244710696,0.029740442899542495,0.8125,0.4375,1.0,1.0,0.578125,0.9375,1.0,-0.06520855593933932,-0.5465705806307747,0.359375,0.140625
432,oracle_nus_quality,0.07231150978638623,0.028578519862487557,0.8125,0.609375,1.0,1.0,0.796875,0.96875,1.0,-0.05450358839766378,-0.5642855181595514,0.359375,0.3125
433,baseline_first,0.14176415105687507,0.036130498119103266,0.40625,0.203125,0.8125,1.0,0.734375,0.953125,1.0,0.0,0.0,0.0,0.0
433,oracle_min_ehull,0.06467730754414763,0.024774522140004425,0.828125,0.46875,1.0,1.0,0.625,0.921875,1.0,-0.07708684351272743,-0.3143044400236098,0.421875,0.265625
433,oracle_min_rmsd,0.10538822849426105,0.00876619581879341,0.59375,0.234375,1.0,1.0,0.5625,0.953125,1.0,-0.036375922562614016,-0.757374066919978,0.1875,0.03125
433,oracle_stable_quality,0.06467730754414763,0.024774522140004425,0.828125,0.46875,1.0,1.0,0.625,0.921875,1.0,-0.07708684351272743,-0.3143044400236098,0.421875,0.265625
433,oracle_nus_quality,0.06824983983762165,0.031185799278870985,0.828125,0.578125,1.0,1.0,0.75,0.9375,1.0,-0.07351431121925342,-0.1368566473656745,0.421875,0.375
434,baseline_first,0.15611418517679887,0.0637166392491432,0.328125,0.171875,0.828125,1.0,0.734375,0.921875,1.0,0.0,0.0,0.0,0.0
434,oracle_min_ehull,0.06134655116905763,0.05082811098758123,0.828125,0.4375,1.0,1.0,0.578125,0.9375,1.0,-0.09476763400774124,-0.2022788460509597,0.5,0.265625
434,oracle_min_rmsd,0.10198840988153182,0.006656549533685567,0.5625,0.234375,1.0,1.0,0.5625,0.890625,1.0,-0.05412577529526705,-0.8955288663663302,0.234375,0.0625
434,oracle_stable_quality,0.06134655116905763,0.05082811098758123,0.828125,0.4375,1.0,1.0,0.578125,0.9375,1.0,-0.09476763400774124,-0.2022788460509597,0.5,0.265625
434,oracle_nus_quality,0.06795098171401766,0.046045687746679734,0.828125,0.59375,1.0,1.0,0.765625,0.96875,1.0,-0.08816320346278121,-0.2773365279572727,0.5,0.421875
435,baseline_first,0.15200694893724082,0.08932272881865397,0.40625,0.265625,0.921875,1.0,0.8125,0.96875,1.0,0.0,0.0,0.0,0.0
435,oracle_min_ehull,0.05889614672935181,0.04110006320320388,0.875,0.453125,1.0,1.0,0.5625,0.90625,1.0,-0.093110802207889,-0.5398700448723792,0.46875,0.1875
435,oracle_min_rmsd,0.10849817816548044,0.0058436354483794445,0.578125,0.25,1.0,1.0,0.578125,0.921875,1.0,-0.04350877077176038,-0.9345784043359961,0.171875,-0.015625
435,oracle_stable_quality,0.05889614672935181,0.04110006320320388,0.875,0.453125,1.0,1.0,0.5625,0.90625,1.0,-0.093110802207889,-0.5398700448723792,0.46875,0.1875
435,oracle_nus_quality,0.062451897474492535,0.042440609529077744,0.875,0.59375,1.0,1.0,0.734375,0.9375,1.0,-0.08955505146274828,-0.5248621477379838,0.46875,0.328125
436,baseline_first,0.15766669014516882,0.054742358502497854,0.3125,0.1875,0.859375,1.0,0.796875,0.96875,1.0,0.0,0.0,0.0,0.0
436,oracle_min_ehull,0.06205091521960091,0.033974017319680576,0.84375,0.453125,1.0,1.0,0.59375,0.921875,1.0,-0.09561577492556791,-0.3793833833788808,0.53125,0.265625
436,oracle_min_rmsd,0.1015556777406181,0.007108607716888942,0.59375,0.265625,1.0,1.0,0.59375,0.890625,1.0,-0.056111012404550714,-0.8701442920738502,0.28125,0.078125
436,oracle_stable_quality,0.06205091521960091,0.033974017319680576,0.84375,0.453125,1.0,1.0,0.59375,0.921875,1.0,-0.09561577492556791,-0.3793833833788808,0.53125,0.265625
436,oracle_nus_quality,0.07159119513256268,0.04241867656954366,0.84375,0.625,1.0,1.0,0.78125,0.953125,1.0,-0.08607549501260614,-0.22512150133962305,0.53125,0.4375
437,baseline_first,0.14023299808946071,0.04066930392803518,0.453125,0.234375,0.828125,1.0,0.703125,0.9375,1.0,0.0,0.0,0.0,0.0
437,oracle_min_ehull,0.05997687849299438,0.027158772938207898,0.859375,0.375,1.0,1.0,0.515625,0.9375,1.0,-0.08025611959646634,-0.3322046281818427,0.40625,0.140625
437,oracle_min_rmsd,0.09728785679476203,0.01216256986557842,0.625,0.296875,1.0,1.0,0.640625,0.921875,1.0,-0.04294514129469869,-0.7009398074011733,0.171875,0.0625
437,oracle_stable_quality,0.05997687849299438,0.027158772938207898,0.859375,0.375,1.0,1.0,0.515625,0.9375,1.0,-0.08025611959646634,-0.3322046281818427,0.40625,0.140625
437,oracle_nus_quality,0.0675293300559994,0.0405481714588984,0.859375,0.578125,1.0,1.0,0.734375,0.96875,1.0,-0.07270366803346132,-0.0029784741177554253,0.40625,0.34375
438,baseline_first,0.15537155849874693,0.03886188849039336,0.359375,0.1875,0.8125,1.0,0.71875,0.96875,1.0,0.0,0.0,0.0,0.0
438,oracle_min_ehull,0.061061927592915274,0.016161602218483354,0.875,0.453125,1.0,1.0,0.5625,0.9375,1.0,-0.09430963090583165,-0.5841272041507068,0.515625,0.265625
438,oracle_min_rmsd,0.09009980365066024,0.005458937335038514,0.6875,0.265625,1.0,1.0,0.5,0.921875,1.0,-0.06527175484808669,-0.8595297977763494,0.328125,0.078125
438,oracle_stable_quality,0.061061927592915274,0.016161602218483354,0.875,0.453125,1.0,1.0,0.5625,0.9375,1.0,-0.09430963090583165,-0.5841272041507068,0.515625,0.265625
438,oracle_nus_quality,0.06813741122414142,0.03985745752825071,0.875,0.625,1.0,1.0,0.734375,0.96875,1.0,-0.0872341472746055,0.025618133254215136,0.515625,0.4375
439,baseline_first,0.15310014695745228,0.054009466312273366,0.359375,0.203125,0.828125,1.0,0.75,0.96875,1.0,0.0,0.0,0.0,0.0
439,oracle_min_ehull,0.052542718007203185,0.02071220013890088,0.921875,0.46875,1.0,1.0,0.515625,0.921875,1.0,-0.10055742895024909,-0.6165079651195491,0.5625,0.265625
439,oracle_min_rmsd,0.08764097651965544,0.006534716652477481,0.6875,0.328125,1.0,1.0,0.53125,0.96875,1.0,-0.06545917043779684,-0.8790079388177087,0.328125,0.125
439,oracle_stable_quality,0.052542718007203185,0.02071220013890088,0.921875,0.46875,1.0,1.0,0.515625,0.921875,1.0,-0.10055742895024909,-0.6165079651195491,0.5625,0.265625
439,oracle_nus_quality,0.05887057885706504,0.0256724852911504,0.921875,0.65625,1.0,1.0,0.734375,0.9375,1.0,-0.09422956810038724,-0.5246669325944355,0.5625,0.453125
440,baseline_first,0.16402915521643746,0.06452080097771173,0.34375,0.21875,0.8125,1.0,0.796875,0.96875,1.0,0.0,0.0,0.0,0.0
440,oracle_min_ehull,0.05668398248133533,0.028420963580679328,0.84375,0.34375,1.0,1.0,0.484375,0.921875,1.0,-0.10734517273510213,-0.5595069628708244,0.5,0.125
440,oracle_min_rmsd,0.07987166398726522,0.005259157631201674,0.6875,0.203125,1.0,1.0,0.421875,0.890625,1.0,-0.08415749122917224,-0.9184889593509787,0.34375,-0.015625
440,oracle_stable_quality,0.05668398248133533,0.028420963580679328,0.84375,0.34375,1.0,1.0,0.484375,0.921875,1.0,-0.10734517273510213,-0.5595069628708244,0.5,0.125
440,oracle_nus_quality,0.06434360582388154,0.023012543413986626,0.84375,0.59375,1.0,1.0,0.75,0.984375,1.0,-0.09968554939255592,-0.6433314052946095,0.5,0.375
441,baseline_first,0.1489289342809518,0.05689272030597041,0.40625,0.1875,0.859375,1.0,0.734375,0.9375,1.0,0.0,0.0,0.0,0.0
441,oracle_min_ehull,0.05459013692828593,0.048101248202867236,0.890625,0.53125,1.0,1.0,0.625,0.953125,1.0,-0.09433879735266587,-0.15452718829091716,0.484375,0.34375
441,oracle_min_rmsd,0.10963713350411024,0.007396228759186063,0.53125,0.25,1.0,1.0,0.578125,0.921875,1.0,-0.039291800776841565,-0.8699969219364276,0.125,0.0625
441,oracle_stable_quality,0.05459013692828593,0.048101248202867236,0.890625,0.53125,1.0,1.0,0.625,0.953125,1.0,-0.09433879735266587,-0.15452718829091716,0.484375,0.34375
441,oracle_nus_quality,0.06404012368547327,0.0519930865872793,0.890625,0.640625,1.0,1.0,0.765625,0.96875,1.0,-0.08488881059547854,-0.08612057381578453,0.484375,0.453125
442,baseline_first,0.13162515189880697,0.05407667673022075,0.5,0.296875,0.875,1.0,0.71875,0.953125,1.0,0.0,0.0,0.0,0.0
442,oracle_min_ehull,0.05401123871674191,0.03083296905137066,0.921875,0.484375,1.0,1.0,0.5625,0.9375,1.0,-0.07761391318206506,-0.429828700362061,0.421875,0.1875
442,oracle_min_rmsd,0.09298690840980293,0.005903112125882137,0.65625,0.234375,1.0,1.0,0.484375,0.921875,1.0,-0.038638243489004034,-0.8908381120509355,0.15625,-0.0625
442,oracle_stable_quality,0.05401123871674191,0.03083296905137066,0.921875,0.484375,1.0,1.0,0.5625,0.9375,1.0,-0.07761391318206506,-0.429828700362061,0.421875,0.1875
442,oracle_nus_quality,0.05653097616563734,0.03151350103123675,0.921875,0.59375,1.0,1.0,0.6875,0.953125,1.0,-0.07509417573316962,-0.41724412562457946,0.421875,0.296875
443,baseline_first,0.17394522221479186,0.06581812681697059,0.234375,0.140625,0.875,1.0,0.828125,0.90625,1.0,0.0,0.0,0.0,0.0
443,oracle_min_ehull,0.05735946049082265,0.012348274352497721,0.84375,0.4375,1.0,1.0,0.578125,0.921875,1.0,-0.11658576172396921,-0.8123879400755928,0.609375,0.296875
443,oracle_min_rmsd,0.09830401907037331,0.004702230979308248,0.609375,0.265625,1.0,1.0,0.609375,0.9375,1.0,-0.07564120314441855,-0.9285572044250913,0.375,0.125
443,oracle_stable_quality,0.05735946049082265,0.012348274352497721,0.84375,0.4375,1.0,1.0,0.578125,0.921875,1.0,-0.11658576172396921,-0.8123879400755928,0.609375,0.296875
443,oracle_nus_quality,0.07058037894647633,0.01737896131896271,0.84375,0.640625,1.0,1.0,0.796875,0.984375,1.0,-0.10336484326831553,-0.7359547869344452,0.609375,0.5
444,baseline_first,0.1441128399609259,0.05727480905178202,0.46875,0.25,0.859375,1.0,0.734375,0.921875,1.0,0.0,0.0,0.0,0.0
444,oracle_min_ehull,0.05994090697120909,0.04161718234062717,0.890625,0.546875,1.0,1.0,0.65625,0.953125,1.0,-0.0841719329897168,-0.2733771961945578,0.421875,0.296875
444,oracle_min_rmsd,0.10727258200582965,0.005275747672191935,0.578125,0.265625,1.0,1.0,0.59375,0.921875,1.0,-0.03684025795509624,-0.907887118970189,0.109375,0.015625
444,oracle_stable_quality,0.05994090697120909,0.04161718234062717,0.890625,0.546875,1.0,1.0,0.65625,0.953125,1.0,-0.0841719329897168,-0.2733771961945578,0.421875,0.296875
444,oracle_nus_quality,0.06391180956348966,0.04448141454656047,0.890625,0.625,1.0,1.0,0.75,0.96875,1.0,-0.08020103039743623,-0.22336861033713917,0.421875,0.375
445,baseline_first,0.14514640816826607,0.04096585125619272,0.34375,0.15625,0.890625,1.0,0.734375,0.953125,1.0,0.0,0.0,0.0,0.0
445,oracle_min_ehull,0.06021397751676201,0.038112017811135004,0.828125,0.390625,1.0,1.0,0.5625,0.9375,1.0,-0.08493243065150406,-0.06966371642591718,0.484375,0.234375
445,oracle_min_rmsd,0.09488953293870717,0.010531497193006192,0.609375,0.1875,1.0,1.0,0.5,0.953125,1.0,-0.050256875229558906,-0.7429200939303277,0.265625,0.03125
445,oracle_stable_quality,0.06021397751676201,0.038112017811135004,0.828125,0.390625,1.0,1.0,0.5625,0.9375,1.0,-0.08493243065150406,-0.06966371642591718,0.484375,0.234375
445,oracle_nus_quality,0.06946913004934915,0.04385498325834207,0.828125,0.5625,1.0,1.0,0.734375,0.96875,1.0,-0.07567727811891692,0.070525374514526,0.484375,0.40625
446,baseline_first,0.15500284998059932,0.05135936685665293,0.34375,0.1875,0.859375,1.0,0.765625,0.953125,1.0,0.0,0.0,0.0,0.0
446,oracle_min_ehull,0.05800502592524165,0.03037714156423457,0.875,0.421875,1.0,1.0,0.5,0.921875,1.0,-0.09699782405535767,-0.4085374601867856,0.53125,0.234375
446,oracle_min_rmsd,0.09715693366566153,0.006730392371735369,0.640625,0.234375,1.0,1.0,0.53125,0.921875,1.0,-0.057845916314937795,-0.8689549193524855,0.296875,0.046875
446,oracle_stable_quality,0.05800502592524165,0.03037714156423457,0.875,0.421875,1.0,1.0,0.5,0.921875,1.0,-0.09699782405535767,-0.4085374601867856,0.53125,0.234375
446,oracle_nus_quality,0.06431286159486128,0.041401783450789945,0.875,0.578125,1.0,1.0,0.703125,0.96875,1.0,-0.09068998838573804,-0.19388057165220118,0.53125,0.390625
447,baseline_first,0.1544843867750798,0.06805339983410938,0.34375,0.1875,0.828125,1.0,0.734375,0.953125,1.0,0.0,0.0,0.0,0.0
447,oracle_min_ehull,0.062326253751840116,0.033788812141479975,0.796875,0.40625,1.0,1.0,0.59375,0.9375,1.0,-0.09215813302323969,-0.5034956045716247,0.453125,0.21875
447,oracle_min_rmsd,0.10914874597916496,0.008057937433868168,0.5625,0.1875,1.0,1.0,0.578125,0.90625,1.0,-0.045335640795914844,-0.881593903412458,0.21875,0.0
447,oracle_stable_quality,0.062326253751840116,0.033788812141479975,0.796875,0.40625,1.0,1.0,0.59375,0.9375,1.0,-0.09215813302323969,-0.5034956045716247,0.453125,0.21875
447,oracle_nus_quality,0.07375831239034629,0.028330370491517112,0.796875,0.625,1.0,1.0,0.828125,0.96875,1.0,-0.08072607438473352,-0.5837038184634897,0.453125,0.4375
448,baseline_first,0.13457099219598004,0.06470157077615585,0.4375,0.203125,0.859375,1.0,0.671875,0.90625,1.0,0.0,0.0,0.0,0.0
448,oracle_min_ehull,0.0637966819610727,0.031693465746961316,0.859375,0.46875,1.0,1.0,0.59375,0.90625,1.0,-0.07077431023490734,-0.510159253217989,0.421875,0.265625
448,oracle_min_rmsd,0.1092911940673735,0.007238480637849921,0.515625,0.1875,1.0,1.0,0.5625,0.890625,1.0,-0.025279798128606534,-0.8881251173500492,0.078125,-0.015625
448,oracle_stable_quality,0.0637966819610727,0.031693465746961316,0.859375,0.46875,1.0,1.0,0.59375,0.90625,1.0,-0.07077431023490734,-0.510159253217989,0.421875,0.265625
448,oracle_nus_quality,0.07349776335724045,0.045515442867962747,0.859375,0.59375,1.0,1.0,0.75,0.921875,1.0,-0.061073228838739585,-0.29653264484984765,0.421875,0.390625
449,baseline_first,0.1405006863626445,0.09672922006985214,0.4375,0.234375,0.859375,1.0,0.71875,0.953125,1.0,0.0,0.0,0.0,0.0
449,oracle_min_ehull,0.05706163960817951,0.029625333978525147,0.859375,0.421875,1.0,1.0,0.546875,0.9375,1.0,-0.08343904675446501,-0.6937292169095184,0.421875,0.1875
449,oracle_min_rmsd,0.09556280945341797,0.008161106344161524,0.640625,0.296875,1.0,1.0,0.546875,0.96875,1.0,-0.04493787690922654,-0.9156293585509316,0.203125,0.0625
449,oracle_stable_quality,0.05706163960817951,0.029625333978525147,0.859375,0.421875,1.0,1.0,0.546875,0.9375,1.0,-0.08343904675446501,-0.6937292169095184,0.421875,0.1875
449,oracle_nus_quality,0.07009308761727616,0.025937844599884446,0.859375,0.578125,1.0,1.0,0.71875,0.96875,1.0,-0.07040759874536835,-0.7318509899991579,0.421875,0.34375
450,baseline_first,0.15370443494636,0.07836195551139585,0.34375,0.140625,0.84375,1.0,0.75,0.953125,1.0,0.0,0.0,0.0,0.0
450,oracle_min_ehull,0.05967113341453736,0.03963450518501307,0.859375,0.4375,1.0,1.0,0.59375,0.953125,1.0,-0.09403330153182263,-0.49421240286366785,0.515625,0.296875
450,oracle_min_rmsd,0.1055920402587785,0.01000227811598835,0.53125,0.171875,1.0,1.0,0.5625,0.921875,1.0,-0.048112394687581495,-0.8723579822541085,0.1875,0.03125
450,oracle_stable_quality,0.05967113341453736,0.03963450518501307,0.859375,0.4375,1.0,1.0,0.59375,0.953125,1.0,-0.09403330153182263,-0.49421240286366785,0.515625,0.296875
450,oracle_nus_quality,0.06409228564098743,0.033834477529641985,0.859375,0.578125,1.0,1.0,0.734375,0.96875,1.0,-0.08961214930537256,-0.5682282644832468,0.515625,0.4375
451,baseline_first,0.14251899495747375,0.07892352020592909,0.359375,0.265625,0.84375,1.0,0.84375,0.96875,1.0,0.0,0.0,0.0,0.0
451,oracle_min_ehull,0.06343633862228501,0.03402761864977451,0.828125,0.484375,0.984375,1.0,0.640625,0.90625,1.0,-0.07908265633518874,-0.5688532574194758,0.46875,0.21875
451,oracle_min_rmsd,0.10123502150460613,0.007283971398589976,0.609375,0.25,0.984375,1.0,0.59375,0.921875,1.0,-0.04128397345286762,-0.9077084831038394,0.25,-0.015625
451,oracle_stable_quality,0.06343633862228501,0.03402761864977451,0.828125,0.484375,0.984375,1.0,0.640625,0.90625,1.0,-0.07908265633518874,-0.5688532574194758,0.46875,0.21875
451,oracle_nus_quality,0.06728149587339885,0.03451241182307087,0.828125,0.5625,0.984375,1.0,0.734375,0.953125,1.0,-0.0752374990840749,-0.5627106883598162,0.46875,0.296875
452,baseline_first,0.1577300992227632,0.04556655276652616,0.296875,0.1875,0.78125,1.0,0.796875,1.0,1.0,0.0,0.0,0.0,0.0
452,oracle_min_ehull,0.05793555003369502,0.03451178214582909,0.84375,0.4375,1.0,1.0,0.59375,0.9375,1.0,-0.09979454918906819,-0.24260713065874184,0.546875,0.25
452,oracle_min_rmsd,0.0982046287174084,0.02458157092080341,0.59375,0.265625,1.0,1.0,0.578125,0.953125,1.0,-0.05952547050535481,-0.46053476885217914,0.296875,0.078125
452,oracle_stable_quality,0.05793555003369502,0.03451178214582909,0.84375,0.4375,1.0,1.0,0.59375,0.9375,1.0,-0.09979454918906819,-0.24260713065874184,0.546875,0.25
452,oracle_nus_quality,0.06565549552643604,0.03765640585219859,0.84375,0.640625,1.0,1.0,0.8125,0.953125,1.0,-0.09207460369632717,-0.17359546496434708,0.546875,0.453125
453,baseline_first,0.135699062222781,0.07229138141678412,0.390625,0.203125,0.90625,1.0,0.75,0.9375,1.0,0.0,0.0,0.0,0.0
453,oracle_min_ehull,0.06604839328383996,0.05013325734662814,0.84375,0.421875,1.0,1.0,0.578125,0.921875,1.0,-0.06965066893894103,-0.3065112830311949,0.453125,0.21875
453,oracle_min_rmsd,0.11000969398049813,0.008523960956175695,0.53125,0.140625,1.0,1.0,0.53125,0.921875,1.0,-0.025689368242282865,-0.8820888356382043,0.140625,-0.0625
453,oracle_stable_quality,0.06604839328383996,0.05013325734662814,0.84375,0.421875,1.0,1.0,0.578125,0.921875,1.0,-0.06965066893894103,-0.3065112830311949,0.453125,0.21875
453,oracle_nus_quality,0.07360795760361707,0.0589593784332763,0.84375,0.625,1.0,1.0,0.796875,0.96875,1.0,-0.06209110461916392,-0.18442036550172347,0.453125,0.421875
454,baseline_first,0.14572579750691983,0.03625716485026221,0.40625,0.203125,0.890625,1.0,0.703125,0.953125,1.0,0.0,0.0,0.0,0.0
454,oracle_min_ehull,0.06534682486854745,0.037505003589471064,0.875,0.484375,1.0,1.0,0.59375,0.953125,1.0,-0.08037897263837238,0.034416335208841575,0.46875,0.28125
454,oracle_min_rmsd,0.09567419862937429,0.02584165936230267,0.625,0.296875,1.0,1.0,0.59375,0.953125,1.0,-0.05005159887754554,-0.2872675106003004,0.21875,0.09375
454,oracle_stable_quality,0.06534682486854745,0.037505003589471064,0.875,0.484375,1.0,1.0,0.59375,0.953125,1.0,-0.08037897263837238,0.034416335208841575,0.46875,0.28125
454,oracle_nus_quality,0.07316403600185793,0.041430409921507184,0.875,0.65625,1.0,1.0,0.796875,0.984375,1.0,-0.0725617615050619,0.14268200761449124,0.46875,0.453125
455,baseline_first,0.1315920706830309,0.06023934466954663,0.40625,0.234375,0.84375,1.0,0.75,0.96875,1.0,0.0,0.0,0.0,0.0
455,oracle_min_ehull,0.06306193642062494,0.023691812130100458,0.78125,0.390625,1.0,1.0,0.578125,0.921875,1.0,-0.06853013426240595,-0.6067053474757071,0.375,0.15625
455,oracle_min_rmsd,0.101174945495563,0.0062974391947735135,0.546875,0.21875,1.0,1.0,0.578125,0.890625,1.0,-0.03041712518746789,-0.8954596994818054,0.140625,-0.015625
455,oracle_stable_quality,0.06306193642062494,0.023691812130100458,0.78125,0.390625,1.0,1.0,0.578125,0.921875,1.0,-0.06853013426240595,-0.6067053474757071,0.375,0.15625
455,oracle_nus_quality,0.07088328087951573,0.04369674433303233,0.78125,0.59375,1.0,1.0,0.8125,0.96875,1.0,-0.060708789803515156,-0.274614546809259,0.375,0.359375
456,baseline_first,0.1706575064745205,0.09453201051556882,0.3125,0.15625,0.765625,1.0,0.71875,0.96875,1.0,0.0,0.0,0.0,0.0
456,oracle_min_ehull,0.05689888080642841,0.021119221967935857,0.84375,0.453125,1.0,1.0,0.578125,0.9375,1.0,-0.11375862566809208,-0.7765918459498156,0.53125,0.296875
456,oracle_min_rmsd,0.08614172229458161,0.011291673695044187,0.65625,0.234375,1.0,1.0,0.53125,0.90625,1.0,-0.08451578417993888,-0.880551850812646,0.34375,0.078125
456,oracle_stable_quality,0.05689888080642841,0.021119221967935857,0.84375,0.453125,1.0,1.0,0.578125,0.9375,1.0,-0.11375862566809208,-0.7765918459498156,0.53125,0.296875
456,oracle_nus_quality,0.0635987543627384,0.031166504211060295,0.84375,0.609375,1.0,1.0,0.765625,0.96875,1.0,-0.10705875211178209,-0.6703074012593082,0.53125,0.453125
457,baseline_first,0.15297670690600249,0.06190671811463787,0.421875,0.203125,0.828125,1.0,0.71875,0.953125,1.0,0.0,0.0,0.0,0.0
457,oracle_min_ehull,0.05970358787493346,0.024709457264790808,0.875,0.40625,1.0,1.0,0.5,0.921875,1.0,-0.09327311903106902,-0.6008598417536166,0.453125,0.203125
457,oracle_min_rmsd,0.09796189919374901,0.006074203174636304,0.578125,0.25,1.0,1.0,0.53125,0.9375,1.0,-0.05501480771225348,-0.9018813569895889,0.15625,0.046875
457,oracle_stable_quality,0.05970358787493346,0.024709457264790808,0.875,0.40625,1.0,1.0,0.5,0.921875,1.0,-0.09327311903106902,-0.6008598417536166,0.453125,0.203125
457,oracle_nus_quality,0.06600572010438771,0.032172851892268504,0.875,0.59375,1.0,1.0,0.71875,0.96875,1.0,-0.08697098680161477,-0.4803011228491981,0.453125,0.390625
458,baseline_first,0.14004727719267124,0.056338947057029146,0.390625,0.234375,0.875,1.0,0.75,0.9375,1.0,0.0,0.0,0.0,0.0
458,oracle_min_ehull,0.06146475300560508,0.03509999603230174,0.8125,0.390625,1.0,1.0,0.546875,0.90625,1.0,-0.07858252418706616,-0.3769852319609073,0.421875,0.15625
458,oracle_min_rmsd,0.09209778087479292,0.005423548268731428,0.625,0.25,1.0,1.0,0.5,0.921875,1.0,-0.047949496317878315,-0.9037335883604385,0.234375,0.015625
458,oracle_stable_quality,0.06146475300560508,0.03509999603230174,0.8125,0.390625,1.0,1.0,0.546875,0.90625,1.0,-0.07858252418706616,-0.3769852319609073,0.421875,0.15625
458,oracle_nus_quality,0.07118635116014202,0.03732397331982491,0.8125,0.578125,1.0,1.0,0.78125,0.9375,1.0,-0.06886092603252922,-0.3375102789542075,0.421875,0.34375
459,baseline_first,0.13568085420190223,0.049531873664545326,0.484375,0.28125,0.828125,1.0,0.6875,0.96875,1.0,0.0,0.0,0.0,0.0
459,oracle_min_ehull,0.06083617811773785,0.039967701705788644,0.875,0.421875,1.0,1.0,0.5,0.90625,1.0,-0.07484467608416438,-0.19309126126602938,0.390625,0.140625
459,oracle_min_rmsd,0.09809138155909043,0.007029398803613747,0.625,0.203125,1.0,1.0,0.453125,0.90625,1.0,-0.0375894726428118,-0.8580833252701007,0.140625,-0.078125
459,oracle_stable_quality,0.06083617811773785,0.039967701705788644,0.875,0.421875,1.0,1.0,0.5,0.90625,1.0,-0.07484467608416438,-0.19309126126602938,0.390625,0.140625
459,oracle_nus_quality,0.0754265580787872,0.03660171241181809,0.875,0.59375,1.0,1.0,0.71875,0.9375,1.0,-0.06025429612311503,-0.2610472872537948,0.390625,0.3125
460,baseline_first,0.13328116304930143,0.08390405027691994,0.421875,0.15625,0.828125,1.0,0.640625,0.96875,1.0,0.0,0.0,0.0,0.0
460,oracle_min_ehull,0.056786639099696994,0.02320557210712891,0.859375,0.46875,1.0,1.0,0.578125,0.90625,1.0,-0.07649452394960443,-0.7234272716210909,0.4375,0.3125
460,oracle_min_rmsd,0.08944799945682977,0.006188479788497217,0.671875,0.296875,1.0,1.0,0.5625,0.921875,1.0,-0.04383316359247166,-0.9262433724227551,0.25,0.140625
460,oracle_stable_quality,0.056786639099696994,0.02320557210712891,0.859375,0.46875,1.0,1.0,0.578125,0.90625,1.0,-0.07649452394960443,-0.7234272716210909,0.4375,0.3125
460,oracle_nus_quality,0.06722289285262047,0.021044460700505183,0.859375,0.59375,1.0,1.0,0.75,0.9375,1.0,-0.06605827019668097,-0.7491842094505654,0.4375,0.4375
461,baseline_first,0.16418889024869435,0.051729657626846434,0.375,0.265625,0.78125,1.0,0.78125,0.96875,1.0,0.0,0.0,0.0,0.0
461,oracle_min_ehull,0.05989451027707725,0.03976721608559808,0.890625,0.53125,1.0,1.0,0.625,0.921875,1.0,-0.1042943799716171,-0.23124919224364127,0.515625,0.265625
461,oracle_min_rmsd,0.10197496875958319,0.007536404848169,0.578125,0.234375,1.0,1.0,0.5625,0.921875,1.0,-0.06221392148911116,-0.85431171993186,0.203125,-0.03125
461,oracle_stable_quality,0.05989451027707725,0.03976721608559808,0.890625,0.53125,1.0,1.0,0.625,0.921875,1.0,-0.1042943799716171,-0.23124919224364127,0.515625,0.265625
461,oracle_nus_quality,0.06474279860461982,0.039184098930169456,0.890625,0.65625,1.0,1.0,0.78125,0.9375,1.0,-0.09944609164407453,-0.242521587658182,0.515625,0.390625
462,baseline_first,0.14768854170201015,0.06143906270279097,0.40625,0.15625,0.890625,1.0,0.65625,0.984375,1.0,0.0,0.0,0.0,0.0
462,oracle_min_ehull,0.0643761894636393,0.019193535559230375,0.8125,0.453125,1.0,1.0,0.640625,0.921875,1.0,-0.08331235223837086,-0.6876004496995936,0.40625,0.296875
462,oracle_min_rmsd,0.0951208476819117,0.0076139265302679615,0.59375,0.25,1.0,1.0,0.59375,0.9375,1.0,-0.05256769402009845,-0.8760735239874992,0.1875,0.09375
462,oracle_stable_quality,0.0643761894636393,0.019193535559230375,0.8125,0.453125,1.0,1.0,0.640625,0.921875,1.0,-0.08331235223837086,-0.6876004496995936,0.40625,0.296875
462,oracle_nus_quality,0.07395373634187671,0.028552019365417035,0.8125,0.671875,1.0,1.0,0.875,0.953125,1.0,-0.07373480536013344,-0.5352790535959786,0.40625,0.515625
463,baseline_first,0.12862628234713952,0.06332392097148758,0.421875,0.21875,0.890625,1.0,0.6875,0.9375,1.0,0.0,0.0,0.0,0.0
463,oracle_min_ehull,0.05746424503765929,0.04426407267123578,0.875,0.46875,1.0,1.0,0.578125,0.9375,1.0,-0.07116203730948023,-0.30098970512002476,0.453125,0.25
463,oracle_min_rmsd,0.10563630767372748,0.007023194594583716,0.609375,0.265625,1.0,1.0,0.59375,0.921875,1.0,-0.022989974673412045,-0.8890909708868786,0.1875,0.046875
463,oracle_stable_quality,0.05746424503765929,0.04426407267123578,0.875,0.46875,1.0,1.0,0.578125,0.9375,1.0,-0.07116203730948023,-0.30098970512002476,0.453125,0.25
463,oracle_nus_quality,0.06257180712028818,0.06545388546731165,0.875,0.609375,1.0,1.0,0.734375,0.953125,1.0,-0.06605447522685134,0.033636017213512615,0.453125,0.390625
464,baseline_first,0.14629190755605095,0.05825229067234183,0.390625,0.21875,0.84375,1.0,0.75,0.96875,1.0,0.0,0.0,0.0,0.0
464,oracle_min_ehull,0.0635376018901527,0.03819631874078515,0.84375,0.46875,1.0,1.0,0.625,0.9375,1.0,-0.08275430566589825,-0.34429499166595445,0.453125,0.25
464,oracle_min_rmsd,0.10959171870797807,0.0066179446105272075,0.578125,0.265625,1.0,1.0,0.5625,0.921875,1.0,-0.036700188848072884,-0.8863916846162857,0.1875,0.046875
464,oracle_stable_quality,0.0635376018901527,0.03819631874078515,0.84375,0.46875,1.0,1.0,0.625,0.9375,1.0,-0.08275430566589825,-0.34429499166595445,0.453125,0.25
464,oracle_nus_quality,0.07079227512443234,0.04010582185741631,0.84375,0.609375,1.0,1.0,0.78125,0.953125,1.0,-0.07549963243161861,-0.311515111345509,0.453125,0.390625
465,baseline_first,0.147450351027191,0.053267098799944804,0.4375,0.1875,0.875,1.0,0.734375,0.9375,1.0,0.0,0.0,0.0,0.0
465,oracle_min_ehull,0.05895704322978277,0.023777254729411272,0.828125,0.40625,1.0,1.0,0.5625,0.921875,1.0,-0.08849330779740824,-0.5536221182476732,0.390625,0.21875
465,oracle_min_rmsd,0.10652487443366356,0.0074490916788930665,0.578125,0.25,1.0,1.0,0.578125,0.90625,1.0,-0.04092547659352745,-0.8601558589314275,0.140625,0.0625
465,oracle_stable_quality,0.05895704322978277,0.023777254729411272,0.828125,0.40625,1.0,1.0,0.5625,0.921875,1.0,-0.08849330779740824,-0.5536221182476732,0.390625,0.21875
465,oracle_nus_quality,0.067009289513701,0.026771427396696367,0.828125,0.5625,1.0,1.0,0.75,0.953125,1.0,-0.08044106151349001,-0.4974115730004033,0.390625,0.375
466,baseline_first,0.13149712043380296,0.06900003864941848,0.4375,0.265625,0.953125,1.0,0.765625,0.96875,1.0,0.0,0.0,0.0,0.0
466,oracle_min_ehull,0.05774260616257548,0.049636752643153204,0.90625,0.453125,1.0,1.0,0.546875,0.921875,1.0,-0.07375451427122748,-0.2806271762346102,0.46875,0.1875
466,oracle_min_rmsd,0.11662330466660764,0.006991078943007316,0.515625,0.21875,1.0,1.0,0.625,0.90625,1.0,-0.01487381576719532,-0.8986800720717243,0.078125,-0.046875
466,oracle_stable_quality,0.05774260616257548,0.049636752643153204,0.90625,0.453125,1.0,1.0,0.546875,0.921875,1.0,-0.07375451427122748,-0.2806271762346102,0.46875,0.1875
466,oracle_nus_quality,0.06515725308076108,0.052843683505534,0.90625,0.671875,1.0,1.0,0.765625,0.953125,1.0,-0.06633986735304188,-0.23414994339312067,0.46875,0.40625
467,baseline_first,0.14725352365675515,0.05897166343802249,0.40625,0.203125,0.859375,1.0,0.734375,0.953125,1.0,0.0,0.0,0.0,0.0
467,oracle_min_ehull,0.058926014336645766,0.038126153298327,0.875,0.484375,1.0,1.0,0.625,0.9375,1.0,-0.08832750932010938,-0.3534835024893527,0.46875,0.28125
467,oracle_min_rmsd,0.09081794924025054,0.004835809012489534,0.703125,0.265625,1.0,1.0,0.5,0.90625,1.0,-0.05643557441650461,-0.9179977512831764,0.296875,0.0625
467,oracle_stable_quality,0.058926014336645766,0.038126153298327,0.875,0.484375,1.0,1.0,0.625,0.9375,1.0,-0.08832750932010938,-0.3534835024893527,0.46875,0.28125
467,oracle_nus_quality,0.06325393566633887,0.040865935130140175,0.875,0.65625,1.0,1.0,0.796875,0.953125,1.0,-0.08399958799041628,-0.3070242087864947,0.46875,0.453125
468,baseline_first,0.1065872459107067,0.08649845531276756,0.53125,0.28125,0.921875,1.0,0.640625,0.953125,1.0,0.0,0.0,0.0,0.0
468,oracle_min_ehull,0.06051579799840286,0.04199853945426572,0.84375,0.421875,1.0,1.0,0.53125,0.921875,1.0,-0.046071447912303845,-0.5144590813511725,0.3125,0.140625
468,oracle_min_rmsd,0.10715389666257397,0.006822423626853143,0.609375,0.1875,1.0,1.0,0.515625,0.90625,1.0,0.0005666507518672648,-0.921126642063328,0.078125,-0.09375
468,oracle_stable_quality,0.06051579799840286,0.04199853945426572,0.84375,0.421875,1.0,1.0,0.53125,0.921875,1.0,-0.046071447912303845,-0.5144590813511725,0.3125,0.140625
468,oracle_nus_quality,0.06977379918180995,0.05878186581891728,0.84375,0.59375,1.0,1.0,0.765625,0.96875,1.0,-0.03681344672889675,-0.3204287220347528,0.3125,0.3125
469,baseline_first,0.14205168927943615,0.040245143930094145,0.453125,0.28125,0.859375,1.0,0.703125,0.953125,1.0,0.0,0.0,0.0,0.0
469,oracle_min_ehull,0.06397451485245734,0.01583716391265827,0.828125,0.453125,1.0,1.0,0.59375,0.921875,1.0,-0.07807717442697881,-0.6064826121589368,0.375,0.171875
469,oracle_min_rmsd,0.0961883177994439,0.006656110279312675,0.59375,0.234375,1.0,1.0,0.546875,0.921875,1.0,-0.045863371479992254,-0.834610846693098,0.140625,-0.046875
469,oracle_stable_quality,0.06397451485245734,0.01583716391265827,0.828125,0.453125,1.0,1.0,0.59375,0.921875,1.0,-0.07807717442697881,-0.6064826121589368,0.375,0.171875
469,oracle_nus_quality,0.0746836352869171,0.02016187071319038,0.828125,0.609375,1.0,1.0,0.796875,0.96875,1.0,-0.06736805399251905,-0.4990235157759264,0.375,0.328125
470,baseline_first,0.13176248207155397,0.07609738927011067,0.4375,0.265625,0.765625,1.0,0.765625,0.953125,1.0,0.0,0.0,0.0,0.0
470,oracle_min_ehull,0.05813738732991245,0.03349853899762109,0.875,0.546875,1.0,1.0,0.625,0.96875,1.0,-0.07362509474164153,-0.5597938468202015,0.4375,0.28125
470,oracle_min_rmsd,0.10068766310421715,0.0063181696080673285,0.625,0.234375,1.0,1.0,0.5,0.90625,1.0,-0.031074818967336826,-0.9169725838341085,0.1875,-0.03125
470,oracle_stable_quality,0.05813738732991245,0.03349853899762109,0.875,0.546875,1.0,1.0,0.625,0.96875,1.0,-0.07362509474164153,-0.5597938468202015,0.4375,0.28125
470,oracle_nus_quality,0.0646760044240756,0.037419398150921344,0.875,0.671875,1.0,1.0,0.796875,0.984375,1.0,-0.06708647764747837,-0.5082696198932697,0.4375,0.40625
471,baseline_first,0.1482558548476841,0.07112643997630727,0.46875,0.1875,0.828125,1.0,0.71875,0.96875,1.0,0.0,0.0,0.0,0.0
471,oracle_min_ehull,0.061551816940881084,0.04140904824716169,0.796875,0.40625,1.0,1.0,0.578125,0.9375,1.0,-0.08670403790680303,-0.41781075699900994,0.328125,0.21875
471,oracle_min_rmsd,0.11274457881929442,0.005781897410012356,0.578125,0.25,1.0,1.0,0.578125,0.953125,1.0,-0.03551127602838969,-0.9187095908084484,0.109375,0.0625
471,oracle_stable_quality,0.061551816940881084,0.04140904824716169,0.796875,0.40625,1.0,1.0,0.578125,0.9375,1.0,-0.08670403790680303,-0.41781075699900994,0.328125,0.21875
471,oracle_nus_quality,0.07178773866488736,0.048578725886584864,0.796875,0.609375,1.0,1.0,0.8125,0.984375,1.0,-0.07646811618279675,-0.3170088942625726,0.328125,0.421875
472,baseline_first,0.1450891749035284,0.09939364456801743,0.390625,0.234375,0.859375,1.0,0.734375,0.9375,1.0,0.0,0.0,0.0,0.0
472,oracle_min_ehull,0.05925223702391758,0.044447182905024266,0.84375,0.453125,1.0,1.0,0.59375,0.921875,1.0,-0.08583693787961083,-0.5528166504186491,0.453125,0.21875
472,oracle_min_rmsd,0.09936463726275357,0.006199289997786913,0.59375,0.265625,1.0,1.0,0.59375,0.921875,1.0,-0.04572453764077483,-0.9376289095270615,0.203125,0.03125
472,oracle_stable_quality,0.05925223702391758,0.044447182905024266,0.84375,0.453125,1.0,1.0,0.59375,0.921875,1.0,-0.08583693787961083,-0.5528166504186491,0.453125,0.21875
472,oracle_nus_quality,0.06293028991529095,0.04733105233384566,0.84375,0.578125,1.0,1.0,0.75,0.953125,1.0,-0.08215888498823745,-0.5238020243693158,0.453125,0.34375
473,baseline_first,0.15205981450017375,0.0528834551585564,0.421875,0.203125,0.875,1.0,0.734375,0.921875,1.0,0.0,0.0,0.0,0.0
473,oracle_min_ehull,0.06185907205068353,0.02657450798092162,0.828125,0.421875,1.0,1.0,0.5625,0.9375,1.0,-0.09020074244949022,-0.49748918823013144,0.40625,0.21875
473,oracle_min_rmsd,0.09838510569941882,0.010979637466002312,0.625,0.265625,1.0,1.0,0.53125,0.953125,1.0,-0.053674708800754936,-0.7923804820792645,0.203125,0.0625
473,oracle_stable_quality,0.06185907205068353,0.02657450798092162,0.828125,0.421875,1.0,1.0,0.5625,0.9375,1.0,-0.09020074244949022,-0.49748918823013144,0.40625,0.21875
473,oracle_nus_quality,0.0686808117169889,0.03190052042761074,0.828125,0.5625,1.0,1.0,0.75,0.953125,1.0,-0.08337900278318486,-0.3967769251845239,0.40625,0.359375
474,baseline_first,0.16190668322054447,0.11367823159674399,0.375,0.171875,0.765625,1.0,0.6875,0.9375,1.0,0.0,0.0,0.0,0.0
474,oracle_min_ehull,0.05366880277285779,0.03102845667213739,0.921875,0.421875,1.0,1.0,0.5,0.90625,1.0,-0.10823788044768667,-0.7270501463973678,0.546875,0.25
474,oracle_min_rmsd,0.08981418346144915,0.0056414299283712045,0.640625,0.234375,1.0,1.0,0.46875,0.859375,1.0,-0.07209249975909532,-0.9503737008472888,0.265625,0.0625
474,oracle_stable_quality,0.05366880277285779,0.03102845667213739,0.921875,0.421875,1.0,1.0,0.5,0.90625,1.0,-0.10823788044768667,-0.7270501463973678,0.546875,0.25
474,oracle_nus_quality,0.06269879765677633,0.05492683122995363,0.921875,0.59375,1.0,1.0,0.6875,0.953125,1.0,-0.09920788556376814,-0.5168219063716781,0.546875,0.421875
475,baseline_first,0.140513719027056,0.05719877735587861,0.4375,0.296875,0.78125,1.0,0.796875,0.953125,1.0,0.0,0.0,0.0,0.0
475,oracle_min_ehull,0.06276879994478723,0.028862294870759312,0.828125,0.421875,1.0,1.0,0.515625,0.921875,1.0,-0.07774491908226877,-0.49540363964103185,0.390625,0.125
475,oracle_min_rmsd,0.0987882771044485,0.00448123706330037,0.59375,0.203125,1.0,1.0,0.515625,0.890625,1.0,-0.041725441922607506,-0.921655020081652,0.15625,-0.09375
475,oracle_stable_quality,0.06276879994478723,0.028862294870759312,0.828125,0.421875,1.0,1.0,0.515625,0.921875,1.0,-0.07774491908226877,-0.49540363964103185,0.390625,0.125
475,oracle_nus_quality,0.07845036214139775,0.049237692871227715,0.828125,0.640625,1.0,1.0,0.796875,0.953125,1.0,-0.062063356885658255,-0.1391827737001916,0.390625,0.34375
476,baseline_first,0.1500365693695246,0.05573259952597201,0.359375,0.140625,0.890625,1.0,0.625,0.9375,1.0,0.0,0.0,0.0,0.0
476,oracle_min_ehull,0.06165863782044493,0.06116965644070025,0.859375,0.5,1.0,1.0,0.625,0.9375,1.0,-0.08837793154907969,0.09755613341155045,0.5,0.359375
476,oracle_min_rmsd,0.097025007989518,0.008434331413270785,0.609375,0.203125,1.0,1.0,0.515625,0.921875,1.0,-0.05301156138000661,-0.8486643098472324,0.25,0.0625
476,oracle_stable_quality,0.06165863782044493,0.06116965644070025,0.859375,0.5,1.0,1.0,0.625,0.9375,1.0,-0.08837793154907969,0.09755613341155045,0.5,0.359375
476,oracle_nus_quality,0.07019119901543996,0.06515617074984831,0.859375,0.65625,1.0,1.0,0.796875,0.96875,1.0,-0.07984537035408465,0.16908544198597464,0.5,0.515625
477,baseline_first,0.15344092687810956,0.04791879415602981,0.40625,0.1875,0.890625,1.0,0.65625,0.953125,1.0,0.0,0.0,0.0,0.0
477,oracle_min_ehull,0.058914272544713195,0.02567948631960819,0.84375,0.453125,0.984375,1.0,0.578125,0.921875,1.0,-0.09452665433339637,-0.4641040791637525,0.4375,0.265625
477,oracle_min_rmsd,0.09165530532834026,0.005911636371541931,0.59375,0.234375,0.984375,1.0,0.578125,0.921875,1.0,-0.0617856215497693,-0.8766321967056834,0.1875,0.046875
477,oracle_stable_quality,0.058914272544713195,0.02567948631960819,0.84375,0.453125,0.984375,1.0,0.578125,0.921875,1.0,-0.09452665433339637,-0.4641040791637525,0.4375,0.265625
477,oracle_nus_quality,0.06842560623318872,0.020616185275057673,0.84375,0.609375,0.984375,1.0,0.765625,0.984375,1.0,-0.08501532064492084,-0.5697682790612656,0.4375,0.421875
478,baseline_first,0.1488313404240916,0.08570237903686312,0.390625,0.171875,0.8125,1.0,0.71875,0.9375,1.0,0.0,0.0,0.0,0.0
478,oracle_min_ehull,0.058002055491834965,0.018144396232329236,0.8125,0.421875,1.0,1.0,0.578125,0.9375,1.0,-0.09082928493225664,-0.7882859678314789,0.421875,0.25
478,oracle_min_rmsd,0.09695854799986653,0.007015863065168175,0.578125,0.25,1.0,1.0,0.5625,0.953125,1.0,-0.05187279242422507,-0.9181368925342148,0.1875,0.078125
478,oracle_stable_quality,0.058002055491834965,0.018144396232329236,0.8125,0.421875,1.0,1.0,0.578125,0.9375,1.0,-0.09082928493225664,-0.7882859678314789,0.421875,0.25
478,oracle_nus_quality,0.06436630963665003,0.03996100664513659,0.8125,0.546875,1.0,1.0,0.75,0.953125,1.0,-0.08446503078744157,-0.5337234847594117,0.421875,0.375
479,baseline_first,0.14909299214784077,0.046541305846856416,0.40625,0.265625,0.796875,1.0,0.78125,0.984375,1.0,0.0,0.0,0.0,0.0
479,oracle_min_ehull,0.05661115085490051,0.049461511925038705,0.875,0.453125,1.0,1.0,0.578125,0.9375,1.0,-0.09248184129294026,0.06274439500668905,0.46875,0.1875
479,oracle_min_rmsd,0.0978739158136836,0.006421334362805483,0.578125,0.234375,1.0,1.0,0.578125,0.921875,1.0,-0.051219076334157176,-0.8620293469217473,0.171875,-0.03125
479,oracle_stable_quality,0.05661115085490051,0.049461511925038705,0.875,0.453125,1.0,1.0,0.578125,0.9375,1.0,-0.09248184129294026,0.06274439500668905,0.46875,0.1875
479,oracle_nus_quality,0.06475031403010603,0.04428078347433689,0.875,0.640625,1.0,1.0,0.78125,0.9375,1.0,-0.08434267811773474,-0.04857023951922934,0.46875,0.375
480,baseline_first,0.14303245225327027,0.043573855973668876,0.40625,0.21875,0.875,1.0,0.6875,0.953125,1.0,0.0,0.0,0.0,0.0
480,oracle_min_ehull,0.061075221210843224,0.034859458435097246,0.859375,0.5,1.0,1.0,0.578125,0.9375,1.0,-0.08195723104242705,-0.19999142476253717,0.453125,0.28125
480,oracle_min_rmsd,0.10304698489190225,0.005603506626130339,0.609375,0.203125,1.0,1.0,0.46875,0.921875,1.0,-0.039985467361368016,-0.8714020941934433,0.203125,-0.015625
480,oracle_stable_quality,0.061075221210843224,0.034859458435097246,0.859375,0.5,1.0,1.0,0.578125,0.9375,1.0,-0.08195723104242705,-0.19999142476253717,0.453125,0.28125
480,oracle_nus_quality,0.06935111769578765,0.04457300630872132,0.859375,0.625,1.0,1.0,0.765625,0.984375,1.0,-0.07368133455748262,0.022930041712539984,0.453125,0.40625
481,baseline_first,0.12013795523744375,0.08455592533927966,0.53125,0.3125,0.828125,1.0,0.75,0.9375,1.0,0.0,0.0,0.0,0.0
481,oracle_min_ehull,0.05932733806421799,0.022692676355148638,0.90625,0.453125,0.984375,1.0,0.53125,0.921875,1.0,-0.06081061717322576,-0.7316252378045118,0.375,0.140625
481,oracle_min_rmsd,0.09902003887474221,0.006976598192067647,0.625,0.234375,0.984375,1.0,0.484375,0.90625,1.0,-0.021117916362701536,-0.9174913151967278,0.09375,-0.078125
481,oracle_stable_quality,0.05932733806421799,0.022692676355148638,0.90625,0.453125,0.984375,1.0,0.53125,0.921875,1.0,-0.06081061717322576,-0.7316252378045118,0.375,0.140625
481,oracle_nus_quality,0.06837280637039075,0.017763327878424117,0.90625,0.640625,0.984375,1.0,0.75,0.921875,1.0,-0.051765148867052996,-0.7899221396117544,0.375,0.328125
482,baseline_first,0.13201075088051864,0.054090068351220336,0.515625,0.296875,0.84375,1.0,0.734375,0.9375,1.0,0.0,0.0,0.0,0.0
482,oracle_min_ehull,0.06539115426140704,0.050435881432034896,0.828125,0.46875,1.0,1.0,0.640625,0.921875,1.0,-0.0666195966191116,-0.06755744687652987,0.3125,0.171875
482,oracle_min_rmsd,0.10224573412634214,0.007204369391901751,0.59375,0.203125,1.0,1.0,0.546875,0.921875,1.0,-0.029765016754176504,-0.8668079074124666,0.078125,-0.09375
482,oracle_stable_quality,0.06539115426140704,0.050435881432034896,0.828125,0.46875,1.0,1.0,0.640625,0.921875,1.0,-0.0666195966191116,-0.06755744687652987,0.3125,0.171875
482,oracle_nus_quality,0.07053635140580451,0.04693402366912043,0.828125,0.609375,1.0,1.0,0.78125,0.953125,1.0,-0.06147439947471413,-0.13229868070481843,0.3125,0.3125
483,baseline_first,0.14190625173068688,0.10239359283939893,0.4375,0.25,0.859375,1.0,0.71875,0.921875,1.0,0.0,0.0,0.0,0.0
483,oracle_min_ehull,0.05881537137223087,0.015128830029946435,0.84375,0.421875,1.0,1.0,0.484375,0.890625,1.0,-0.08309088035845602,-0.8522482744240109,0.40625,0.171875
483,oracle_min_rmsd,0.09989992825523852,0.005960099050840078,0.59375,0.1875,1.0,1.0,0.5,0.890625,1.0,-0.04200632347544836,-0.9417922656529076,0.15625,-0.0625
483,oracle_stable_quality,0.05881537137223087,0.015128830029946435,0.84375,0.421875,1.0,1.0,0.484375,0.890625,1.0,-0.08309088035845602,-0.8522482744240109,0.40625,0.171875
483,oracle_nus_quality,0.06964277862172567,0.02335682929517254,0.84375,0.578125,1.0,1.0,0.71875,0.9375,1.0,-0.07226347310896121,-0.7718916911939306,0.40625,0.328125
484,baseline_first,0.1382640301141187,0.04876377366005433,0.390625,0.203125,0.859375,1.0,0.734375,0.984375,1.0,0.0,0.0,0.0,0.0
484,oracle_min_ehull,0.06358205226894252,0.04392768935023364,0.828125,0.4375,1.0,1.0,0.578125,0.921875,1.0,-0.07468197784517618,-0.09917370922796831,0.4375,0.234375
484,oracle_min_rmsd,0.1027624464054752,0.008470641325082018,0.578125,0.21875,1.0,1.0,0.515625,0.90625,1.0,-0.035501583708643494,-0.826292333646424,0.1875,0.015625
484,oracle_stable_quality,0.06358205226894252,0.04392768935023364,0.828125,0.4375,1.0,1.0,0.578125,0.921875,1.0,-0.07468197784517618,-0.09917370922796831,0.4375,0.234375
484,oracle_nus_quality,0.07158981481225006,0.05830005638906751,0.828125,0.640625,1.0,1.0,0.8125,0.96875,1.0,-0.06667421530186864,0.1955608028921887,0.4375,0.4375
485,baseline_first,0.13686248436004428,0.0578405110393467,0.484375,0.265625,0.875,1.0,0.6875,0.96875,1.0,0.0,0.0,0.0,0.0
485,oracle_min_ehull,0.05944493960878292,0.02175489100070067,0.796875,0.390625,1.0,1.0,0.515625,0.921875,1.0,-0.07741754475126136,-0.6238814178888972,0.3125,0.125
485,oracle_min_rmsd,0.08763831530058608,0.006025408730492159,0.625,0.234375,1.0,1.0,0.53125,0.921875,1.0,-0.0492241690594582,-0.8958271871700216,0.140625,-0.03125
485,oracle_stable_quality,0.05944493960878292,0.02175489100070067,0.796875,0.390625,1.0,1.0,0.515625,0.921875,1.0,-0.07741754475126136,-0.6238814178888972,0.3125,0.125
485,oracle_nus_quality,0.06986713042414308,0.034356740600994265,0.796875,0.65625,1.0,1.0,0.859375,0.984375,1.0,-0.0669953539359012,-0.40600904135126537,0.3125,0.390625
486,baseline_first,0.1329607157967228,0.050150231866240756,0.453125,0.234375,0.859375,1.0,0.6875,0.953125,1.0,0.0,0.0,0.0,0.0
486,oracle_min_ehull,0.06069855992409384,0.017310275175236967,0.828125,0.453125,1.0,1.0,0.578125,0.90625,1.0,-0.07226215587262896,-0.654831602346198,0.375,0.21875
486,oracle_min_rmsd,0.0940452006675408,0.005330504628847429,0.625,0.203125,1.0,1.0,0.5,0.921875,1.0,-0.03891551512918201,-0.8937092725101492,0.171875,-0.03125
486,oracle_stable_quality,0.06069855992409384,0.017310275175236967,0.828125,0.453125,1.0,1.0,0.578125,0.90625,1.0,-0.07226215587262896,-0.654831602346198,0.375,0.21875
486,oracle_nus_quality,0.0659073254659544,0.046747908297390894,0.828125,0.546875,1.0,1.0,0.734375,0.953125,1.0,-0.0670533903307684,-0.06784262888204462,0.375,0.3125
487,baseline_first,0.13761534324869573,0.09938157907425782,0.390625,0.265625,0.875,1.0,0.828125,0.984375,1.0,0.0,0.0,0.0,0.0
487,oracle_min_ehull,0.058127163275127396,0.042800607816917226,0.90625,0.453125,1.0,1.0,0.53125,0.9375,1.0,-0.07948817997356833,-0.5693305719670981,0.515625,0.1875
487,oracle_min_rmsd,0.09603488268061754,0.008731789383410675,0.625,0.3125,1.0,1.0,0.5625,0.90625,1.0,-0.041580460568078195,-0.9121387538339848,0.234375,0.046875
487,oracle_stable_quality,0.058127163275127396,0.042800607816917226,0.90625,0.453125,1.0,1.0,0.53125,0.9375,1.0,-0.07948817997356833,-0.5693305719670981,0.515625,0.1875
487,oracle_nus_quality,0.06518685000765292,0.046554895225702525,0.90625,0.671875,1.0,1.0,0.75,0.984375,1.0,-0.07242849324104281,-0.5315540801488297,0.515625,0.40625
488,baseline_first,0.15202139044621943,0.06331409164913601,0.375,0.203125,0.8125,1.0,0.765625,0.953125,1.0,0.0,0.0,0.0,0.0
488,oracle_min_ehull,0.05871292182339142,0.05102139312245717,0.859375,0.390625,1.0,1.0,0.53125,0.90625,1.0,-0.09330846862282802,-0.19415422706844743,0.484375,0.1875
488,oracle_min_rmsd,0.10389773683706044,0.0070312460607210095,0.578125,0.21875,1.0,1.0,0.515625,0.90625,1.0,-0.04812365360915899,-0.8889465855455109,0.203125,0.015625
488,oracle_stable_quality,0.05871292182339142,0.05102139312245717,0.859375,0.390625,1.0,1.0,0.53125,0.90625,1.0,-0.09330846862282802,-0.19415422706844743,0.484375,0.1875
488,oracle_nus_quality,0.06562810513736379,0.05556300859152612,0.859375,0.5625,1.0,1.0,0.703125,0.921875,1.0,-0.08639328530885564,-0.12242271595024401,0.484375,0.359375
489,baseline_first,0.12634612196149655,0.049130146680724185,0.46875,0.265625,0.890625,1.0,0.6875,0.9375,1.0,0.0,0.0,0.0,0.0
489,oracle_min_ehull,0.06387487413611138,0.029193439936545218,0.84375,0.46875,1.0,1.0,0.5625,0.921875,1.0,-0.06247124782538517,-0.40579375579191934,0.375,0.203125
489,oracle_min_rmsd,0.10193845650525538,0.006110054109357155,0.609375,0.28125,1.0,1.0,0.5625,0.921875,1.0,-0.02440766545624118,-0.8756353375237451,0.140625,0.015625
489,oracle_stable_quality,0.06387487413611138,0.029193439936545218,0.84375,0.46875,1.0,1.0,0.5625,0.921875,1.0,-0.06247124782538517,-0.40579375579191934,0.375,0.203125
489,oracle_nus_quality,0.07260679845308912,0.02500355963947711,0.84375,0.59375,1.0,1.0,0.734375,0.921875,1.0,-0.05373932350840743,-0.4910750052922791,0.375,0.328125
490,baseline_first,0.15814134347768732,0.09540544559907523,0.359375,0.203125,0.84375,1.0,0.78125,0.96875,1.0,0.0,0.0,0.0,0.0
490,oracle_min_ehull,0.060196897605931936,0.025112224450376766,0.84375,0.4375,1.0,1.0,0.515625,0.9375,1.0,-0.09794444587175538,-0.7367841605613739,0.484375,0.234375
490,oracle_min_rmsd,0.09599363266205733,0.005972927073145596,0.59375,0.234375,1.0,1.0,0.5,0.875,1.0,-0.06214771081562999,-0.937394275183769,0.234375,0.03125
490,oracle_stable_quality,0.060196897605931936,0.025112224450376766,0.84375,0.4375,1.0,1.0,0.515625,0.9375,1.0,-0.09794444587175538,-0.7367841605613739,0.484375,0.234375
490,oracle_nus_quality,0.06908336858635067,0.019078789682609384,0.84375,0.59375,1.0,1.0,0.75,0.96875,1.0,-0.08905797489133666,-0.8000241017395938,0.484375,0.390625
491,baseline_first,0.1391578276009,0.05515136088383203,0.40625,0.234375,0.859375,1.0,0.734375,0.9375,1.0,0.0,0.0,0.0,0.0
491,oracle_min_ehull,0.057087582636561086,0.02115405222244976,0.890625,0.375,1.0,1.0,0.5,0.921875,1.0,-0.08207024496433893,-0.6164364417587527,0.484375,0.140625
491,oracle_min_rmsd,0.1010735316086854,0.006409186753198995,0.5625,0.203125,1.0,1.0,0.53125,0.90625,1.0,-0.038084295992214606,-0.8837891458979775,0.15625,-0.03125
491,oracle_stable_quality,0.057087582636561086,0.02115405222244976,0.890625,0.375,1.0,1.0,0.5,0.921875,1.0,-0.08207024496433893,-0.6164364417587527,0.484375,0.140625
491,oracle_nus_quality,0.06508783250422157,0.027461509967426967,0.890625,0.609375,1.0,1.0,0.71875,0.96875,1.0,-0.07406999509667844,-0.5020701297784751,0.484375,0.375
492,baseline_first,0.16464258583981592,0.05898345362712804,0.40625,0.21875,0.84375,1.0,0.765625,0.953125,1.0,0.0,0.0,0.0,0.0
492,oracle_min_ehull,0.058293570960306754,0.02887078747940862,0.875,0.484375,1.0,1.0,0.578125,0.953125,1.0,-0.10634901487950917,-0.5105273478572611,0.46875,0.265625
492,oracle_min_rmsd,0.09671862907455392,0.006274432680560304,0.578125,0.21875,1.0,1.0,0.546875,0.921875,1.0,-0.067923956765262,-0.8936238505085683,0.171875,0.0
492,oracle_stable_quality,0.058293570960306754,0.02887078747940862,0.875,0.484375,1.0,1.0,0.578125,0.953125,1.0,-0.10634901487950917,-0.5105273478572611,0.46875,0.265625
492,oracle_nus_quality,0.06781769314092789,0.027513694889350012,0.875,0.65625,1.0,1.0,0.796875,0.953125,1.0,-0.09682489269888803,-0.5335353697109431,0.46875,0.4375
493,baseline_first,0.1376598750463739,0.051705045664418484,0.421875,0.234375,0.875,1.0,0.78125,0.953125,1.0,0.0,0.0,0.0,0.0
493,oracle_min_ehull,0.055251509381746076,0.020635934064482848,0.90625,0.5,1.0,1.0,0.5625,0.890625,1.0,-0.08240836566462781,-0.6008912902153427,0.484375,0.265625
493,oracle_min_rmsd,0.094222925954352,0.0067175516881354405,0.671875,0.3125,1.0,1.0,0.5625,0.953125,1.0,-0.04343694909202189,-0.8700793780991047,0.25,0.078125
493,oracle_stable_quality,0.055251509381746076,0.020635934064482848,0.90625,0.5,1.0,1.0,0.5625,0.890625,1.0,-0.08240836566462781,-0.6008912902153427,0.484375,0.265625
493,oracle_nus_quality,0.06583551716724417,0.028617456692916723,0.90625,0.640625,1.0,1.0,0.734375,0.953125,1.0,-0.07182435787912972,-0.44652487343976555,0.484375,0.40625
494,baseline_first,0.1471785075965632,0.051910769582521374,0.40625,0.171875,0.8125,1.0,0.671875,0.96875,1.0,0.0,0.0,0.0,0.0
494,oracle_min_ehull,0.05765036190326663,0.04696196815529648,0.890625,0.484375,1.0,1.0,0.609375,0.9375,1.0,-0.08952814569329656,-0.0953328464791473,0.484375,0.3125
494,oracle_min_rmsd,0.10393510617172845,0.006225916020010176,0.625,0.203125,1.0,1.0,0.53125,0.921875,1.0,-0.04324340142483475,-0.8800650410294346,0.21875,0.03125
494,oracle_stable_quality,0.05765036190326663,0.04696196815529648,0.890625,0.484375,1.0,1.0,0.609375,0.9375,1.0,-0.08952814569329656,-0.0953328464791473,0.484375,0.3125
494,oracle_nus_quality,0.06285453844884403,0.04787130486905443,0.890625,0.640625,1.0,1.0,0.75,0.984375,1.0,-0.08432396914771917,-0.0778155428238354,0.484375,0.46875
495,baseline_first,0.14236183421768953,0.10058201975334305,0.375,0.203125,0.796875,1.0,0.734375,0.96875,1.0,0.0,0.0,0.0,0.0
495,oracle_min_ehull,0.06301765206677576,0.03281044761498125,0.859375,0.484375,1.0,1.0,0.625,0.921875,1.0,-0.07934418215091377,-0.6737941065864237,0.484375,0.28125
495,oracle_min_rmsd,0.10394707251120273,0.005550856181962173,0.546875,0.21875,1.0,1.0,0.5625,0.90625,1.0,-0.03841476170648679,-0.9448126395197222,0.171875,0.015625
495,oracle_stable_quality,0.06301765206677576,0.03281044761498125,0.859375,0.484375,1.0,1.0,0.625,0.921875,1.0,-0.07934418215091377,-0.6737941065864237,0.484375,0.28125
495,oracle_nus_quality,0.06491808947349766,0.03410494637119221,0.859375,0.5625,1.0,1.0,0.703125,0.921875,1.0,-0.07744374474419187,-0.6609240254388642,0.484375,0.359375
496,baseline_first,0.1559521832028365,0.09480102266586596,0.34375,0.171875,0.78125,1.0,0.734375,0.9375,1.0,0.0,0.0,0.0,0.0
496,oracle_min_ehull,0.06545739533280498,0.023056276359067325,0.78125,0.421875,1.0,1.0,0.578125,0.921875,1.0,-0.09049478787003151,-0.7567929573889611,0.4375,0.25
496,oracle_min_rmsd,0.11601908504570074,0.006880251474011765,0.515625,0.28125,1.0,1.0,0.671875,0.96875,1.0,-0.03993309815713575,-0.9274242905768878,0.171875,0.109375
496,oracle_stable_quality,0.06545739533280498,0.023056276359067325,0.78125,0.421875,1.0,1.0,0.578125,0.921875,1.0,-0.09049478787003151,-0.7567929573889611,0.4375,0.25
496,oracle_nus_quality,0.07353872931885673,0.032686795969876364,0.78125,0.59375,1.0,1.0,0.8125,0.953125,1.0,-0.08241345388397976,-0.6552062936590497,0.4375,0.421875
497,baseline_first,0.13943189547533463,0.07418416032641872,0.4375,0.25,0.875,1.0,0.75,0.921875,1.0,0.0,0.0,0.0,0.0
497,oracle_min_ehull,0.05766969537893482,0.048474187892527325,0.875,0.390625,1.0,1.0,0.515625,0.9375,1.0,-0.08176220009639981,-0.34656956850039955,0.4375,0.140625
497,oracle_min_rmsd,0.10487079019032061,0.010668333025884685,0.609375,0.265625,1.0,1.0,0.578125,0.9375,1.0,-0.03456110528501402,-0.8561912276294183,0.171875,0.015625
497,oracle_stable_quality,0.05766969537893482,0.048474187892527325,0.875,0.390625,1.0,1.0,0.515625,0.9375,1.0,-0.08176220009639981,-0.34656956850039955,0.4375,0.140625
497,oracle_nus_quality,0.06642237726624074,0.07702988116895915,0.875,0.609375,1.0,1.0,0.734375,0.96875,1.0,-0.07300951820909389,0.03836022177805787,0.4375,0.359375
498,baseline_first,0.1308664478634685,0.07173943160815262,0.484375,0.328125,0.890625,1.0,0.796875,0.953125,1.0,0.0,0.0,0.0,0.0
498,oracle_min_ehull,0.06305949681070641,0.019920319491958084,0.8125,0.375,1.0,1.0,0.515625,0.921875,1.0,-0.06780695105276208,-0.7223239849353045,0.328125,0.046875
498,oracle_min_rmsd,0.09698313834268354,0.006455809941154968,0.59375,0.234375,1.0,1.0,0.546875,0.921875,1.0,-0.03388330952078494,-0.9100102998248272,0.109375,-0.09375
498,oracle_stable_quality,0.06305949681070641,0.019920319491958084,0.8125,0.375,1.0,1.0,0.515625,0.921875,1.0,-0.06780695105276208,-0.7223239849353045,0.328125,0.046875
498,oracle_nus_quality,0.06946737092013722,0.03162038282056907,0.8125,0.578125,1.0,1.0,0.75,0.953125,1.0,-0.06139907694333127,-0.5592328777668254,0.328125,0.25
499,baseline_first,0.1253491603889298,0.09028354521349481,0.40625,0.171875,0.859375,1.0,0.65625,0.953125,1.0,0.0,0.0,0.0,0.0
499,oracle_min_ehull,0.06024402060656123,0.026163827838284463,0.8125,0.390625,1.0,1.0,0.515625,0.921875,1.0,-0.06510513978236857,-0.7102038053953854,0.40625,0.21875
499,oracle_min_rmsd,0.09654959376528954,0.0044782701149304275,0.609375,0.203125,1.0,1.0,0.5,0.9375,1.0,-0.02879956662364025,-0.950397715283105,0.203125,0.03125
499,oracle_stable_quality,0.06024402060656123,0.026163827838284463,0.8125,0.390625,1.0,1.0,0.515625,0.921875,1.0,-0.06510513978236857,-0.7102038053953854,0.40625,0.21875
499,oracle_nus_quality,0.0709644179830569,0.05090969027959981,0.8125,0.59375,1.0,1.0,0.796875,0.953125,1.0,-0.05438474240587289,-0.4361133010537753,0.40625,0.421875
500,baseline_first,0.1487242096534575,0.05537548621105104,0.453125,0.234375,0.796875,1.0,0.71875,0.984375,1.0,0.0,0.0,0.0,0.0
500,oracle_min_ehull,0.05721854904164177,0.04161094048717144,0.875,0.515625,1.0,1.0,0.625,0.953125,1.0,-0.09150566061181574,-0.2485674919660149,0.421875,0.28125
500,oracle_min_rmsd,0.10483240793946146,0.006135413762211446,0.5625,0.265625,1.0,1.0,0.640625,0.953125,1.0,-0.04389180171399605,-0.8892034331070663,0.109375,0.03125
500,oracle_stable_quality,0.05721854904164177,0.04161094048717144,0.875,0.515625,1.0,1.0,0.625,0.953125,1.0,-0.09150566061181574,-0.2485674919660149,0.421875,0.28125
500,oracle_nus_quality,0.06380759740105313,0.044462677017442845,0.875,0.640625,1.0,1.0,0.765625,0.984375,1.0,-0.08491661225240438,-0.19706931605108635,0.421875,0.40625
501,baseline_first,0.13476264498706636,0.07746067339038337,0.421875,0.234375,0.8125,1.0,0.75,0.96875,1.0,0.0,0.0,0.0,0.0
501,oracle_min_ehull,0.05731069319919621,0.045009096554321136,0.921875,0.4375,1.0,1.0,0.515625,0.9375,1.0,-0.07745195178787015,-0.41894261198213456,0.5,0.203125
501,oracle_min_rmsd,0.09443323475351544,0.014035849734282142,0.625,0.15625,1.0,1.0,0.453125,0.9375,1.0,-0.040329410233550925,-0.8188003135017328,0.203125,-0.078125
501,oracle_stable_quality,0.05731069319919621,0.045009096554321136,0.921875,0.4375,1.0,1.0,0.515625,0.9375,1.0,-0.07745195178787015,-0.41894261198213456,0.5,0.203125
501,oracle_nus_quality,0.06431211800339669,0.04852845748129431,0.921875,0.59375,1.0,1.0,0.6875,0.953125,1.0,-0.07045052698366967,-0.37350844812925366,0.5,0.359375
502,baseline_first,0.1367859167902014,0.06520542850749414,0.453125,0.21875,0.84375,1.0,0.6875,0.984375,1.0,0.0,0.0,0.0,0.0
502,oracle_min_ehull,0.05176255647852831,0.022916126774449146,0.9375,0.515625,1.0,1.0,0.578125,0.921875,1.0,-0.0850233603116731,-0.6485549240456971,0.484375,0.296875
502,oracle_min_rmsd,0.09569779205095087,0.0049631566211714665,0.640625,0.328125,1.0,1.0,0.609375,0.953125,1.0,-0.04108812473925054,-0.9238843032739055,0.1875,0.109375
502,oracle_stable_quality,0.05176255647852831,0.022916126774449146,0.9375,0.515625,1.0,1.0,0.578125,0.921875,1.0,-0.0850233603116731,-0.6485549240456971,0.484375,0.296875
502,oracle_nus_quality,0.05595243673468956,0.03335826018907498,0.9375,0.625,1.0,1.0,0.6875,0.96875,1.0,-0.08083348005551186,-0.4884128368968379,0.484375,0.40625
503,baseline_first,0.1486037996373105,0.03652146663726043,0.421875,0.21875,0.84375,1.0,0.71875,0.9375,1.0,0.0,0.0,0.0,0.0
503,oracle_min_ehull,0.06356280225685089,0.021482286182573543,0.8125,0.4375,1.0,1.0,0.609375,0.953125,1.0,-0.0850409973804596,-0.4117901562951858,0.390625,0.21875
503,oracle_min_rmsd,0.10240572996608746,0.006174437116847439,0.5625,0.203125,1.0,1.0,0.5625,0.90625,1.0,-0.04619806967122303,-0.8309367699229233,0.140625,-0.015625
503,oracle_stable_quality,0.06356280225685089,0.021482286182573543,0.8125,0.4375,1.0,1.0,0.609375,0.953125,1.0,-0.0850409973804596,-0.4117901562951858,0.390625,0.21875
503,oracle_nus_quality,0.06985036673980705,0.023046366237637894,0.8125,0.5625,1.0,1.0,0.765625,0.96875,1.0,-0.07875343289750344,-0.3689638352550383,0.390625,0.34375
504,baseline_first,0.14076835533623117,0.1148040667203492,0.390625,0.25,0.890625,1.0,0.78125,0.953125,1.0,0.0,0.0,0.0,0.0
504,oracle_min_ehull,0.06087537313774677,0.03222945562965833,0.828125,0.46875,1.0,1.0,0.5625,0.96875,1.0,-0.0798929821984844,-0.7192655578293585,0.4375,0.21875
504,oracle_min_rmsd,0.10116959316004433,0.004496120317359486,0.53125,0.203125,1.0,1.0,0.546875,0.921875,1.0,-0.03959876217618684,-0.9608365762137018,0.140625,-0.046875
504,oracle_stable_quality,0.06087537313774677,0.03222945562965833,0.828125,0.46875,1.0,1.0,0.5625,0.96875,1.0,-0.0798929821984844,-0.7192655578293585,0.4375,0.21875
504,oracle_nus_quality,0.07201625365296534,0.03975527103053804,0.828125,0.640625,1.0,1.0,0.8125,0.96875,1.0,-0.06875210168326583,-0.6537119967415636,0.4375,0.390625
505,baseline_first,0.1473439968910957,0.028458602461285218,0.5,0.28125,0.875,1.0,0.765625,0.9375,1.0,0.0,0.0,0.0,0.0
505,oracle_min_ehull,0.0620235054260818,0.022864774182714934,0.859375,0.453125,1.0,1.0,0.546875,0.9375,1.0,-0.0853204914650139,-0.19656018900366135,0.359375,0.171875
505,oracle_min_rmsd,0.10005951785349412,0.006978494529649805,0.578125,0.234375,1.0,1.0,0.546875,0.921875,1.0,-0.04728447903760158,-0.7547843560082307,0.078125,-0.046875
505,oracle_stable_quality,0.0620235054260818,0.022864774182714934,0.859375,0.453125,1.0,1.0,0.546875,0.9375,1.0,-0.0853204914650139,-0.19656018900366135,0.359375,0.171875
505,oracle_nus_quality,0.0698470404911854,0.04366915901185148,0.859375,0.59375,1.0,1.0,0.71875,0.953125,1.0,-0.0774969563999103,0.53448009512268,0.359375,0.3125
506,baseline_first,0.15655877645094715,0.07892617898258687,0.328125,0.125,0.78125,1.0,0.703125,0.953125,1.0,0.0,0.0,0.0,0.0
506,oracle_min_ehull,0.05703970560073042,0.02166935226521925,0.875,0.4375,1.0,1.0,0.53125,0.921875,1.0,-0.09951907085021673,-0.7254478482988507,0.546875,0.3125
506,oracle_min_rmsd,0.08640752433524204,0.0043934274041168165,0.671875,0.25,1.0,1.0,0.515625,0.921875,1.0,-0.07015125211570511,-0.9443349790810712,0.34375,0.125
506,oracle_stable_quality,0.05703970560073042,0.02166935226521925,0.875,0.4375,1.0,1.0,0.53125,0.921875,1.0,-0.09951907085021673,-0.7254478482988507,0.546875,0.3125
506,oracle_nus_quality,0.06628021061942492,0.035981330246134494,0.875,0.65625,1.0,1.0,0.78125,0.96875,1.0,-0.09027856583152223,-0.544114123983211,0.546875,0.53125
507,baseline_first,0.14943489445616495,0.09679535125363482,0.4375,0.203125,0.828125,1.0,0.671875,0.984375,1.0,0.0,0.0,0.0,0.0
507,oracle_min_ehull,0.061111134785677645,0.027035882622760618,0.859375,0.40625,1.0,1.0,0.53125,0.953125,1.0,-0.0883237596704873,-0.7206902782767124,0.421875,0.203125
507,oracle_min_rmsd,0.08941644646973299,0.005499279159932322,0.65625,0.234375,1.0,1.0,0.53125,0.90625,1.0,-0.060018447986431966,-0.9431865364533628,0.21875,0.03125
507,oracle_stable_quality,0.061111134785677645,0.027035882622760618,0.859375,0.40625,1.0,1.0,0.53125,0.953125,1.0,-0.0883237596704873,-0.7206902782767124,0.421875,0.203125
507,oracle_nus_quality,0.07024001947744696,0.048851082522006,0.859375,0.546875,1.0,1.0,0.6875,0.984375,1.0,-0.079194874978718,-0.4953158195169878,0.421875,0.34375
508,baseline_first,0.14776438278583198,0.06853784775909202,0.390625,0.1875,0.78125,1.0,0.703125,0.96875,1.0,0.0,0.0,0.0,0.0
508,oracle_min_ehull,0.06087188683881671,0.04186771857360025,0.828125,0.4375,1.0,1.0,0.609375,0.9375,1.0,-0.08689249594701527,-0.38912994874359463,0.4375,0.25
508,oracle_min_rmsd,0.10406466271829634,0.004956620656246919,0.578125,0.234375,1.0,1.0,0.59375,0.90625,1.0,-0.04369972006753564,-0.9276805324604114,0.1875,0.046875
508,oracle_stable_quality,0.06087188683881671,0.04186771857360025,0.828125,0.4375,1.0,1.0,0.609375,0.9375,1.0,-0.08689249594701527,-0.38912994874359463,0.4375,0.25
508,oracle_nus_quality,0.06466616062924618,0.04327781454921686,0.828125,0.53125,1.0,1.0,0.703125,0.953125,1.0,-0.0830982221565858,-0.3685559736083812,0.4375,0.34375
509,baseline_first,0.1431603946866833,0.08146238838959835,0.4375,0.265625,0.796875,1.0,0.71875,0.953125,1.0,0.0,0.0,0.0,0.0
509,oracle_min_ehull,0.053453868334906576,0.02153835150863067,0.921875,0.515625,1.0,1.0,0.546875,0.921875,1.0,-0.08970652635177671,-0.7356037315574113,0.484375,0.25
509,oracle_min_rmsd,0.08425801416153413,0.0054397866678934734,0.6875,0.25,1.0,1.0,0.46875,0.90625,1.0,-0.058902380525149164,-0.9332233344070715,0.25,-0.015625
509,oracle_stable_quality,0.053453868334906576,0.02153835150863067,0.921875,0.515625,1.0,1.0,0.546875,0.921875,1.0,-0.08970652635177671,-0.7356037315574113,0.484375,0.25
509,oracle_nus_quality,0.06289118432213926,0.027175657176726882,0.921875,0.640625,1.0,1.0,0.71875,0.953125,1.0,-0.08026921036454403,-0.6664024009858659,0.484375,0.375
510,baseline_first,0.14574989459263105,0.07310148056301004,0.34375,0.1875,0.84375,1.0,0.765625,0.90625,1.0,0.0,0.0,0.0,0.0
510,oracle_min_ehull,0.052669976302816494,0.03302931651628791,0.921875,0.515625,1.0,1.0,0.578125,0.90625,1.0,-0.09307991828981454,-0.548171716059592,0.578125,0.328125
510,oracle_min_rmsd,0.0877599266744281,0.005030518815160229,0.6875,0.28125,1.0,1.0,0.484375,0.90625,1.0,-0.05798996791820295,-0.9311844469302621,0.34375,0.09375
510,oracle_stable_quality,0.052669976302816494,0.03302931651628791,0.921875,0.515625,1.0,1.0,0.578125,0.90625,1.0,-0.09307991828981454,-0.548171716059592,0.578125,0.328125
510,oracle_nus_quality,0.05790915487490098,0.05349231338632808,0.921875,0.609375,1.0,1.0,0.6875,0.9375,1.0,-0.08784073971773007,-0.2682458279320318,0.578125,0.421875
511,baseline_first,0.12712326065193935,0.06437830018862775,0.46875,0.296875,0.828125,1.0,0.765625,0.953125,1.0,0.0,0.0,0.0,0.0
511,oracle_min_ehull,0.05795376819440659,0.052528096209541575,0.890625,0.40625,1.0,1.0,0.515625,0.9375,1.0,-0.06916949245753276,-0.18407140207748884,0.421875,0.109375
511,oracle_min_rmsd,0.09819613024504016,0.006867676308069587,0.609375,0.234375,1.0,1.0,0.5,0.921875,1.0,-0.02892713040689919,-0.8933231183807686,0.140625,-0.0625
511,oracle_stable_quality,0.05795376819440659,0.052528096209541575,0.890625,0.40625,1.0,1.0,0.515625,0.9375,1.0,-0.06916949245753276,-0.18407140207748884,0.421875,0.109375
511,oracle_nus_quality,0.06385200533884469,0.047868147070528624,0.890625,0.59375,1.0,1.0,0.71875,0.953125,1.0,-0.06327125531309466,-0.25645525075568243,0.421875,0.296875
512,baseline_first,0.12533182204753945,0.05864343804488036,0.5,0.234375,0.859375,1.0,0.65625,0.96875,1.0,0.0,0.0,0.0,0.0
512,oracle_min_ehull,0.05844564062112957,0.04231722181767768,0.890625,0.46875,1.0,1.0,0.546875,0.953125,1.0,-0.06688618142640988,-0.2783980061794481,0.390625,0.234375
512,oracle_min_rmsd,0.10750373731215937,0.006145423712395845,0.515625,0.203125,1.0,1.0,0.609375,0.953125,1.0,-0.017828084735380084,-0.8952069674412217,0.015625,-0.03125
512,oracle_stable_quality,0.05844564062112957,0.04231722181767768,0.890625,0.46875,1.0,1.0,0.546875,0.953125,1.0,-0.06688618142640988,-0.2783980061794481,0.390625,0.234375
512,oracle_nus_quality,0.06554491412565613,0.058436751861445854,0.890625,0.65625,1.0,1.0,0.765625,0.984375,1.0,-0.05978690792188332,-0.0035244554263058614,0.390625,0.421875
513,baseline_first,0.1554831203284815,0.053891662750252395,0.390625,0.25,0.875,1.0,0.8125,0.953125,1.0,0.0,0.0,0.0,0.0
513,oracle_min_ehull,0.06503096525046054,0.0294863943247295,0.828125,0.4375,1.0,1.0,0.5625,0.9375,1.0,-0.09045215507802096,-0.4528579594699663,0.4375,0.1875
513,oracle_min_rmsd,0.10248719695953097,0.005494536166708433,0.59375,0.1875,1.0,1.0,0.5,0.875,1.0,-0.05299592336895052,-0.898044783064655,0.203125,-0.0625
513,oracle_stable_quality,0.06503096525046054,0.0294863943247295,0.828125,0.4375,1.0,1.0,0.5625,0.9375,1.0,-0.09045215507802096,-0.4528579594699663,0.4375,0.1875
513,oracle_nus_quality,0.07454435057054676,0.03674176075218088,0.828125,0.59375,1.0,1.0,0.765625,0.984375,1.0,-0.08093876975793474,-0.3182292236472366,0.4375,0.34375
514,baseline_first,0.13970909903220718,0.05278261850489799,0.4375,0.28125,0.875,1.0,0.75,0.9375,1.0,0.0,0.0,0.0,0.0
514,oracle_min_ehull,0.05660291185490005,0.02241395503389534,0.859375,0.4375,1.0,1.0,0.53125,0.953125,1.0,-0.08310618717730714,-0.5753534843707038,0.421875,0.15625
514,oracle_min_rmsd,0.09926338084794925,0.006225032975455399,0.578125,0.21875,1.0,1.0,0.578125,0.9375,1.0,-0.040445718184257934,-0.8820628238654408,0.140625,-0.0625
514,oracle_stable_quality,0.05660291185490005,0.02241395503389534,0.859375,0.4375,1.0,1.0,0.53125,0.953125,1.0,-0.08310618717730714,-0.5753534843707038,0.421875,0.15625
514,oracle_nus_quality,0.07121610244818952,0.04810783335757695,0.859375,0.625,1.0,1.0,0.765625,0.984375,1.0,-0.06849299658401767,-0.08856675321796015,0.421875,0.34375
515,baseline_first,0.14440939033463396,0.05841790139871757,0.4375,0.21875,0.75,1.0,0.71875,1.0,1.0,0.0,0.0,0.0,0.0
515,oracle_min_ehull,0.054405501696056395,0.04088354917621418,0.890625,0.4375,1.0,1.0,0.546875,0.9375,1.0,-0.09000388863857756,-0.30015375086528384,0.453125,0.21875
515,oracle_min_rmsd,0.09723528991710076,0.005708723600226126,0.640625,0.234375,1.0,1.0,0.484375,0.90625,1.0,-0.0471741004175332,-0.9022778384101376,0.203125,0.015625
515,oracle_stable_quality,0.054405501696056395,0.04088354917621418,0.890625,0.4375,1.0,1.0,0.546875,0.9375,1.0,-0.09000388863857756,-0.30015375086528384,0.453125,0.21875
515,oracle_nus_quality,0.058989958471687,0.04233861537381654,0.890625,0.5625,1.0,1.0,0.671875,0.953125,1.0,-0.08541943186294695,-0.2752458688160614,0.453125,0.34375
516,baseline_first,0.16955057905241858,0.08738912754365169,0.296875,0.15625,0.8125,1.0,0.8125,0.953125,1.0,0.0,0.0,0.0,0.0
516,oracle_min_ehull,0.06263973743190615,0.020503999654375382,0.828125,0.453125,1.0,1.0,0.625,0.921875,1.0,-0.10691084162051243,-0.7653712740851721,0.53125,0.296875
516,oracle_min_rmsd,0.10281592873500714,0.007287734247985338,0.59375,0.265625,1.0,1.0,0.5625,0.9375,1.0,-0.06673465031741144,-0.9166059388298041,0.296875,0.109375
516,oracle_stable_quality,0.06263973743190615,0.020503999654375382,0.828125,0.453125,1.0,1.0,0.625,0.921875,1.0,-0.10691084162051243,-0.7653712740851721,0.53125,0.296875
516,oracle_nus_quality,0.06831182936654795,0.0410039518862974,0.828125,0.59375,1.0,1.0,0.765625,0.953125,1.0,-0.10123874968587063,-0.5307888631132569,0.53125,0.4375
517,baseline_first,0.13134036497613438,0.051334332969604754,0.484375,0.34375,0.828125,1.0,0.796875,0.96875,1.0,0.0,0.0,0.0,0.0
517,oracle_min_ehull,0.06468584668573746,0.023714042363950385,0.828125,0.453125,1.0,1.0,0.59375,0.953125,1.0,-0.06665451829039692,-0.5380471315758295,0.34375,0.109375
517,oracle_min_rmsd,0.09891627470768294,0.009178400164914134,0.609375,0.265625,1.0,1.0,0.5625,0.90625,1.0,-0.032424090268451444,-0.8212034785696213,0.125,-0.078125
517,oracle_stable_quality,0.06468584668573746,0.023714042363950385,0.828125,0.453125,1.0,1.0,0.59375,0.953125,1.0,-0.06665451829039692,-0.5380471315758295,0.34375,0.109375
517,oracle_nus_quality,0.07197908495702414,0.026652118477467606,0.828125,0.609375,1.0,1.0,0.78125,0.96875,1.0,-0.059361280019110244,-0.4808129971563394,0.34375,0.265625
518,baseline_first,0.13695841003000217,0.0751957467756386,0.484375,0.25,0.84375,1.0,0.671875,0.953125,1.0,0.0,0.0,0.0,0.0
518,oracle_min_ehull,0.057063919181698106,0.04635864982882665,0.875,0.484375,1.0,1.0,0.609375,0.96875,1.0,-0.07989449084830406,-0.3834937238252736,0.390625,0.234375
518,oracle_min_rmsd,0.09700712735404202,0.006053861155259877,0.640625,0.28125,1.0,1.0,0.578125,0.90625,1.0,-0.039951282675960154,-0.919491973750553,0.15625,0.03125
518,oracle_stable_quality,0.057063919181698106,0.04635864982882665,0.875,0.484375,1.0,1.0,0.609375,0.96875,1.0,-0.07989449084830406,-0.3834937238252736,0.390625,0.234375
518,oracle_nus_quality,0.060826732380081974,0.0484647150284266,0.875,0.65625,1.0,1.0,0.796875,0.96875,1.0,-0.0761316776499202,-0.35548595357353563,0.390625,0.40625
519,baseline_first,0.16251472890369295,0.09441399205100115,0.3125,0.203125,0.796875,1.0,0.8125,0.9375,1.0,0.0,0.0,0.0,0.0
519,oracle_min_ehull,0.05967965166830584,0.032640778598935404,0.875,0.46875,1.0,1.0,0.578125,0.921875,1.0,-0.10283507723538711,-0.6542802831459208,0.5625,0.265625
519,oracle_min_rmsd,0.11194020359655714,0.008666867011308324,0.578125,0.234375,1.0,1.0,0.59375,0.90625,1.0,-0.05057452530713581,-0.9082035742474844,0.265625,0.03125
519,oracle_stable_quality,0.05967965166830584,0.032640778598935404,0.875,0.46875,1.0,1.0,0.578125,0.921875,1.0,-0.10283507723538711,-0.6542802831459208,0.5625,0.265625
519,oracle_nus_quality,0.06889496172539795,0.08094107373804722,0.875,0.6875,1.0,1.0,0.828125,0.921875,1.0,-0.093619767178295,-0.14270044111338964,0.5625,0.484375
520,baseline_first,0.15909457233307261,0.05050478438946772,0.328125,0.125,0.796875,1.0,0.6875,0.953125,1.0,0.0,0.0,0.0,0.0
520,oracle_min_ehull,0.05910306614759739,0.023146744516383665,0.84375,0.421875,1.0,1.0,0.546875,0.921875,1.0,-0.09999150618547523,-0.5416920437104036,0.515625,0.296875
520,oracle_min_rmsd,0.09776479662477883,0.005485180604229682,0.59375,0.28125,1.0,1.0,0.546875,0.921875,1.0,-0.06132977570829379,-0.8913928517755723,0.265625,0.15625
520,oracle_stable_quality,0.05910306614759739,0.023146744516383665,0.84375,0.421875,1.0,1.0,0.546875,0.921875,1.0,-0.09999150618547523,-0.5416920437104036,0.515625,0.296875
520,oracle_nus_quality,0.0676797471149195,0.04569824444516514,0.84375,0.609375,1.0,1.0,0.765625,0.953125,1.0,-0.09141482521815311,-0.09516999235630708,0.515625,0.484375
521,baseline_first,0.1366805438273745,0.07808816245770195,0.421875,0.21875,0.875,1.0,0.734375,0.921875,1.0,0.0,0.0,0.0,0.0
521,oracle_min_ehull,0.05788836139338058,0.03065524117319621,0.875,0.46875,1.0,1.0,0.578125,0.96875,1.0,-0.07879218243399391,-0.607427807130162,0.453125,0.25
521,oracle_min_rmsd,0.09997643263602045,0.00583949701959572,0.640625,0.234375,1.0,1.0,0.5,0.90625,1.0,-0.03670411119135404,-0.925219177455241,0.21875,0.015625
521,oracle_stable_quality,0.05788836139338058,0.03065524117319621,0.875,0.46875,1.0,1.0,0.578125,0.96875,1.0,-0.07879218243399391,-0.607427807130162,0.453125,0.25
521,oracle_nus_quality,0.06322779825052455,0.03628794725552731,0.875,0.59375,1.0,1.0,0.71875,1.0,1.0,-0.07345274557684994,-0.5352951572501989,0.453125,0.375
522,baseline_first,0.11596946101822499,0.08491043142473398,0.609375,0.328125,0.859375,1.0,0.65625,0.9375,1.0,0.0,0.0,0.0,0.0
522,oracle_min_ehull,0.05205113483029339,0.02238880411441787,0.921875,0.453125,1.0,1.0,0.515625,0.9375,1.0,-0.0639183261879316,-0.7363244569748337,0.3125,0.125
522,oracle_min_rmsd,0.09372644064472621,0.005895583431605152,0.625,0.234375,1.0,1.0,0.515625,0.921875,1.0,-0.022243020373498776,-0.9305670300729647,0.015625,-0.09375
522,oracle_stable_quality,0.05205113483029339,0.02238880411441787,0.921875,0.453125,1.0,1.0,0.515625,0.9375,1.0,-0.0639183261879316,-0.7363244569748337,0.3125,0.125
522,oracle_nus_quality,0.06342815878481406,0.04412420569632679,0.921875,0.65625,1.0,1.0,0.734375,0.984375,1.0,-0.05254130223341093,-0.4803441113658783,0.3125,0.328125
523,baseline_first,0.13164673541410007,0.04038493767610992,0.484375,0.28125,0.8125,1.0,0.734375,0.9375,1.0,0.0,0.0,0.0,0.0
523,oracle_min_ehull,0.06485020578804931,0.013709423808786082,0.8125,0.46875,1.0,1.0,0.640625,0.921875,1.0,-0.06679652962605076,-0.6605312624539219,0.328125,0.1875
523,oracle_min_rmsd,0.09667209235460249,0.00481122500517097,0.578125,0.21875,1.0,1.0,0.546875,0.921875,1.0,-0.03497464305949759,-0.8808658553900135,0.09375,-0.0625
523,oracle_stable_quality,0.06485020578804931,0.013709423808786082,0.8125,0.46875,1.0,1.0,0.640625,0.921875,1.0,-0.06679652962605076,-0.6605312624539219,0.328125,0.1875
523,oracle_nus_quality,0.07085193045604846,0.021734194474069855,0.8125,0.625,1.0,1.0,0.828125,0.921875,1.0,-0.06079480495805162,-0.4618242412956126,0.328125,0.34375
524,baseline_first,0.15185666800364966,0.06077225844735352,0.390625,0.1875,0.765625,1.0,0.734375,0.953125,1.0,0.0,0.0,0.0,0.0
524,oracle_min_ehull,0.05825682782528696,0.024177012126321604,0.875,0.4375,1.0,1.0,0.546875,0.953125,1.0,-0.0935998401783627,-0.6021702542572787,0.484375,0.25
524,oracle_min_rmsd,0.09086125442249442,0.005744161523490056,0.625,0.234375,1.0,1.0,0.5,0.9375,1.0,-0.06099541358115525,-0.9054805322322163,0.234375,0.046875
524,oracle_stable_quality,0.05825682782528696,0.024177012126321604,0.875,0.4375,1.0,1.0,0.546875,0.953125,1.0,-0.0935998401783627,-0.6021702542572787,0.484375,0.25
524,oracle_nus_quality,0.06766162360032131,0.026772621286889158,0.875,0.65625,1.0,1.0,0.78125,0.984375,1.0,-0.08419504440332835,-0.5594598263929578,0.484375,0.46875
525,baseline_first,0.145808008125529,0.06565100927171544,0.40625,0.21875,0.765625,1.0,0.765625,0.9375,1.0,0.0,0.0,0.0,0.0
525,oracle_min_ehull,0.058659660035183164,0.0434917942455965,0.84375,0.421875,1.0,1.0,0.546875,0.953125,1.0,-0.08714834809034583,-0.33753045493035305,0.4375,0.203125
525,oracle_min_rmsd,0.10058240243318942,0.006582796735057917,0.5625,0.171875,1.0,1.0,0.515625,0.953125,1.0,-0.04522560569233958,-0.8997304564227926,0.15625,-0.046875
525,oracle_stable_quality,0.058659660035183164,0.0434917942455965,0.84375,0.421875,1.0,1.0,0.546875,0.953125,1.0,-0.08714834809034583,-0.33753045493035305,0.4375,0.203125
525,oracle_nus_quality,0.06638823548473285,0.03925867936083697,0.84375,0.609375,1.0,1.0,0.765625,0.984375,1.0,-0.07941977264079614,-0.40200950760172294,0.4375,0.390625
526,baseline_first,0.13575481235475592,0.1095188860888104,0.453125,0.21875,0.859375,1.0,0.671875,0.9375,1.0,0.0,0.0,0.0,0.0
526,oracle_min_ehull,0.06445515620830608,0.027578759513740343,0.8125,0.359375,1.0,1.0,0.46875,0.90625,1.0,-0.07129965614644984,-0.7481826149019053,0.359375,0.140625
526,oracle_min_rmsd,0.10521686829328078,0.005815000483927631,0.515625,0.15625,1.0,1.0,0.5,0.90625,1.0,-0.030537944061475142,-0.9469041304966144,0.0625,-0.0625
526,oracle_stable_quality,0.06445515620830608,0.027578759513740343,0.8125,0.359375,1.0,1.0,0.46875,0.90625,1.0,-0.07129965614644984,-0.7481826149019053,0.359375,0.140625
526,oracle_nus_quality,0.07911354868710514,0.04101835127611024,0.8125,0.578125,1.0,1.0,0.75,0.953125,1.0,-0.05664126366765078,-0.625467782398299,0.359375,0.359375
527,baseline_first,0.14860371379647436,0.06798531773429636,0.390625,0.140625,0.84375,1.0,0.703125,0.921875,1.0,0.0,0.0,0.0,0.0
527,oracle_min_ehull,0.05578428184546681,0.04820231403189376,0.890625,0.546875,1.0,1.0,0.65625,0.921875,1.0,-0.09281943195100754,-0.2909893541973214,0.5,0.40625
527,oracle_min_rmsd,0.1166067131781234,0.010586080094569437,0.515625,0.234375,1.0,1.0,0.609375,0.9375,1.0,-0.03199700061835095,-0.8442887310471581,0.125,0.09375
527,oracle_stable_quality,0.05578428184546681,0.04820231403189376,0.890625,0.546875,1.0,1.0,0.65625,0.921875,1.0,-0.09281943195100754,-0.2909893541973214,0.5,0.40625
527,oracle_nus_quality,0.0603928737930155,0.05174184193798796,0.890625,0.671875,1.0,1.0,0.78125,0.953125,1.0,-0.08821084000345886,-0.23892623198132235,0.5,0.53125
528,baseline_first,0.16827679508941729,0.047670337249550804,0.375,0.203125,0.765625,1.0,0.78125,0.9375,1.0,0.0,0.0,0.0,0.0
528,oracle_min_ehull,0.05480025480672608,0.01922749632313,0.921875,0.484375,1.0,1.0,0.546875,0.921875,1.0,-0.1134765402826912,-0.5966570107848108,0.546875,0.28125
528,oracle_min_rmsd,0.09792819188421772,0.005932131616977383,0.640625,0.265625,1.0,1.0,0.53125,0.921875,1.0,-0.07034860320519956,-0.8755592689448976,0.265625,0.0625
528,oracle_stable_quality,0.05480025480672608,0.01922749632313,0.921875,0.484375,1.0,1.0,0.546875,0.921875,1.0,-0.1134765402826912,-0.5966570107848108,0.546875,0.28125
528,oracle_nus_quality,0.06462421713287532,0.048025392246733425,0.921875,0.65625,1.0,1.0,0.734375,0.96875,1.0,-0.10365257795654197,0.007448132689389819,0.546875,0.453125
529,baseline_first,0.12745138737805609,0.04345957003050759,0.484375,0.265625,0.828125,1.0,0.765625,0.953125,1.0,0.0,0.0,0.0,0.0
529,oracle_min_ehull,0.052119688736250426,0.021645090153828275,0.9375,0.484375,1.0,1.0,0.53125,0.9375,1.0,-0.07533169864180567,-0.5019488195894728,0.453125,0.21875
529,oracle_min_rmsd,0.10280818667826266,0.007347144721585506,0.609375,0.265625,1.0,1.0,0.59375,0.90625,1.0,-0.02464320069979342,-0.8309429956065377,0.125,0.0
529,oracle_stable_quality,0.052119688736250426,0.021645090153828275,0.9375,0.484375,1.0,1.0,0.53125,0.9375,1.0,-0.07533169864180567,-0.5019488195894728,0.453125,0.21875
529,oracle_nus_quality,0.06096142521585058,0.01911945713186148,0.9375,0.671875,1.0,1.0,0.734375,0.96875,1.0,-0.06648996216220551,-0.5600633619145318,0.453125,0.40625
530,baseline_first,0.15871497984077793,0.06827011698001967,0.375,0.21875,0.796875,1.0,0.78125,0.96875,1.0,0.0,0.0,0.0,0.0
530,oracle_min_ehull,0.05808405274094591,0.03561097468172991,0.890625,0.546875,1.0,1.0,0.625,0.9375,1.0,-0.10063092709983201,-0.47838122655990134,0.515625,0.328125
530,oracle_min_rmsd,0.08744274783787576,0.006685999573008042,0.671875,0.25,1.0,1.0,0.46875,0.875,1.0,-0.07127223200290217,-0.9020655029056885,0.296875,0.03125
530,oracle_stable_quality,0.05808405274094591,0.03561097468172991,0.890625,0.546875,1.0,1.0,0.625,0.9375,1.0,-0.10063092709983201,-0.47838122655990134,0.515625,0.328125
530,oracle_nus_quality,0.06270566352902719,0.03665907315599642,0.890625,0.625,1.0,1.0,0.734375,0.953125,1.0,-0.09600931631175073,-0.46302899749351134,0.515625,0.40625
531,baseline_first,0.14814376451221706,0.04786735135938924,0.375,0.21875,0.796875,1.0,0.734375,0.96875,1.0,0.0,0.0,0.0,0.0
531,oracle_min_ehull,0.055700795558037655,0.043055081021911676,0.859375,0.4375,1.0,1.0,0.578125,0.890625,1.0,-0.0924429689541794,-0.10053345758253729,0.484375,0.21875
531,oracle_min_rmsd,0.08916876175188324,0.004696309149985893,0.65625,0.21875,1.0,1.0,0.484375,0.890625,1.0,-0.05897500276033382,-0.9018890952472827,0.28125,0.0
531,oracle_stable_quality,0.055700795558037655,0.043055081021911676,0.859375,0.4375,1.0,1.0,0.578125,0.890625,1.0,-0.0924429689541794,-0.10053345758253729,0.484375,0.21875
531,oracle_nus_quality,0.06320389510316615,0.03884365783178968,0.859375,0.625,1.0,1.0,0.765625,0.9375,1.0,-0.0849398694090509,-0.18851457770975144,0.484375,0.40625
532,baseline_first,0.12698036369278065,0.06855942811714777,0.46875,0.296875,0.796875,1.0,0.765625,0.984375,1.0,0.0,0.0,0.0,0.0
532,oracle_min_ehull,0.06071015568849171,0.027502123066087143,0.828125,0.453125,1.0,1.0,0.5625,0.953125,1.0,-0.06627020800428894,-0.5988571692999809,0.359375,0.15625
532,oracle_min_rmsd,0.10037165460768668,0.007524045868230733,0.59375,0.234375,1.0,1.0,0.5625,0.9375,1.0,-0.026608709085093968,-0.8902551250081263,0.125,-0.0625
532,oracle_stable_quality,0.06071015568849171,0.027502123066087143,0.828125,0.453125,1.0,1.0,0.5625,0.953125,1.0,-0.06627020800428894,-0.5988571692999809,0.359375,0.15625
532,oracle_nus_quality,0.07017934672522377,0.05900857207586401,0.828125,0.609375,1.0,1.0,0.78125,1.0,1.0,-0.05680101696755688,-0.13930769703860668,0.359375,0.3125
533,baseline_first,0.14041394658900164,0.07897151622035539,0.484375,0.265625,0.84375,1.0,0.71875,0.96875,1.0,0.0,0.0,0.0,0.0
533,oracle_min_ehull,0.05452119836498828,0.024932147162745895,0.90625,0.484375,1.0,1.0,0.578125,0.953125,1.0,-0.08589274822401335,-0.6842893696864405,0.421875,0.21875
533,oracle_min_rmsd,0.09153700520650855,0.005608303245484567,0.6875,0.28125,1.0,1.0,0.53125,0.921875,1.0,-0.048876941382493086,-0.9289832142789859,0.203125,0.015625
533,oracle_stable_quality,0.05452119836498828,0.024932147162745895,0.90625,0.484375,1.0,1.0,0.578125,0.953125,1.0,-0.08589274822401335,-0.6842893696864405,0.421875,0.21875
533,oracle_nus_quality,0.06284689996873108,0.028509646754963855,0.90625,0.640625,1.0,1.0,0.75,0.953125,1.0,-0.07756704662027056,-0.6389882312071486,0.421875,0.375
534,baseline_first,0.1507159308197599,0.05243634855877678,0.40625,0.203125,0.828125,1.0,0.71875,0.9375,1.0,0.0,0.0,0.0,0.0
534,oracle_min_ehull,0.05872225570669087,0.020455310003690087,0.84375,0.484375,1.0,1.0,0.640625,0.921875,1.0,-0.09199367511306902,-0.6099020895636662,0.4375,0.28125
534,oracle_min_rmsd,0.09713853158663482,0.009569842791528841,0.640625,0.265625,1.0,1.0,0.53125,0.890625,1.0,-0.05357739923312507,-0.817496010791029,0.234375,0.0625
534,oracle_stable_quality,0.05872225570669087,0.020455310003690087,0.84375,0.484375,1.0,1.0,0.640625,0.921875,1.0,-0.09199367511306902,-0.6099020895636662,0.4375,0.28125
534,oracle_nus_quality,0.06347175040768561,0.022003083261785995,0.84375,0.578125,1.0,1.0,0.734375,0.9375,1.0,-0.08724418041207428,-0.5803849072915066,0.4375,0.375
535,baseline_first,0.1413605314951493,0.05529667090319456,0.40625,0.25,0.84375,1.0,0.75,0.9375,1.0,0.0,0.0,0.0,0.0
535,oracle_min_ehull,0.06389734707312321,0.028724745322839373,0.84375,0.421875,1.0,1.0,0.546875,0.9375,1.0,-0.07746318442202609,-0.4805339118312111,0.4375,0.171875
535,oracle_min_rmsd,0.10523008099385997,0.006552213393250131,0.5625,0.234375,1.0,1.0,0.578125,0.921875,1.0,-0.036130450501289324,-0.8815079952151044,0.15625,-0.015625
535,oracle_stable_quality,0.06389734707312321,0.028724745322839373,0.84375,0.421875,1.0,1.0,0.546875,0.9375,1.0,-0.07746318442202609,-0.4805339118312111,0.4375,0.171875
535,oracle_nus_quality,0.07371458709558332,0.04733616960618191,0.84375,0.625,1.0,1.0,0.78125,0.984375,1.0,-0.06764594439956598,-0.1439598653406956,0.4375,0.375
536,baseline_first,0.14748199592345548,0.08561327918776224,0.390625,0.1875,0.875,1.0,0.703125,0.953125,1.0,0.0,0.0,0.0,0.0
536,oracle_min_ehull,0.05872323470949082,0.07574034084681205,0.875,0.484375,1.0,1.0,0.625,0.921875,1.0,-0.08875876121396467,-0.11532017503146219,0.484375,0.296875
536,oracle_min_rmsd,0.11173484362135859,0.007669497482428271,0.5,0.1875,1.0,1.0,0.5625,0.921875,1.0,-0.03574715230209689,-0.9104169638729996,0.109375,0.0
536,oracle_stable_quality,0.05872323470949082,0.07574034084681205,0.875,0.484375,1.0,1.0,0.625,0.921875,1.0,-0.08875876121396467,-0.11532017503146219,0.484375,0.296875
536,oracle_nus_quality,0.06249203559033578,0.0776260942914173,0.875,0.609375,1.0,1.0,0.734375,0.953125,1.0,-0.0849899603331197,-0.09329376204394524,0.484375,0.421875
537,baseline_first,0.1391678371604565,0.04132323913970782,0.4375,0.25,0.875,1.0,0.734375,0.9375,1.0,0.0,0.0,0.0,0.0
537,oracle_min_ehull,0.0625969264021457,0.04892014736076454,0.859375,0.4375,1.0,1.0,0.578125,0.90625,1.0,-0.0765709107583108,0.18384106326642713,0.421875,0.1875
537,oracle_min_rmsd,0.09713383040749332,0.0072003338861659025,0.609375,0.171875,1.0,1.0,0.46875,0.859375,1.0,-0.04203400675296318,-0.8257558207907509,0.171875,-0.078125
537,oracle_stable_quality,0.0625969264021457,0.04892014736076454,0.859375,0.4375,1.0,1.0,0.578125,0.90625,1.0,-0.0765709107583108,0.18384106326642713,0.421875,0.1875
537,oracle_nus_quality,0.06700216065691608,0.04377233816376781,0.859375,0.578125,1.0,1.0,0.734375,0.921875,1.0,-0.07216567650354042,0.05926686956411986,0.421875,0.328125
538,baseline_first,0.15439904042419936,0.07185735475693467,0.421875,0.234375,0.859375,1.0,0.71875,0.953125,1.0,0.0,0.0,0.0,0.0
538,oracle_min_ehull,0.05498945673874345,0.016172250812554665,0.90625,0.5,1.0,1.0,0.578125,0.921875,1.0,-0.09940958368545591,-0.7749395191729633,0.484375,0.265625
538,oracle_min_rmsd,0.10523401589719121,0.005057771223172211,0.578125,0.21875,1.0,1.0,0.546875,0.921875,1.0,-0.04916502452700815,-0.9296137293074498,0.15625,-0.015625
538,oracle_stable_quality,0.05498945673874345,0.016172250812554665,0.90625,0.5,1.0,1.0,0.578125,0.921875,1.0,-0.09940958368545591,-0.7749395191729633,0.484375,0.265625
538,oracle_nus_quality,0.060412016414815334,0.037393918328523484,0.90625,0.65625,1.0,1.0,0.75,0.984375,1.0,-0.09398702400938402,-0.4796090329930389,0.484375,0.421875
539,baseline_first,0.1503257638036493,0.0718068764402224,0.390625,0.203125,0.859375,1.0,0.75,0.9375,1.0,0.0,0.0,0.0,0.0
539,oracle_min_ehull,0.053746818991013086,0.023888309018967012,0.890625,0.4375,1.0,1.0,0.53125,0.9375,1.0,-0.09657894481263621,-0.6673256071951064,0.5,0.234375
539,oracle_min_rmsd,0.09466020147508619,0.00700691199233376,0.625,0.234375,1.0,1.0,0.53125,0.921875,1.0,-0.055665562328563095,-0.9024200419277831,0.234375,0.03125
539,oracle_stable_quality,0.053746818991013086,0.023888309018967012,0.890625,0.4375,1.0,1.0,0.53125,0.9375,1.0,-0.09657894481263621,-0.6673256071951064,0.5,0.234375
539,oracle_nus_quality,0.06506585695288103,0.049855716951752976,0.890625,0.640625,1.0,1.0,0.765625,0.953125,1.0,-0.08525990685076826,-0.30569717799580476,0.5,0.4375
540,baseline_first,0.14102276878771478,0.06489675830715523,0.40625,0.203125,0.8125,1.0,0.75,0.96875,1.0,0.0,0.0,0.0,0.0
540,oracle_min_ehull,0.060958886576803234,0.026215878315704502,0.84375,0.46875,1.0,1.0,0.609375,0.9375,1.0,-0.08006388221091154,-0.5960371673477864,0.4375,0.265625
540,oracle_min_rmsd,0.09714368621074909,0.005938739880026597,0.609375,0.265625,1.0,1.0,0.53125,0.921875,1.0,-0.04387908257696568,-0.9084894217378525,0.203125,0.0625
540,oracle_stable_quality,0.060958886576803234,0.026215878315704502,0.84375,0.46875,1.0,1.0,0.609375,0.9375,1.0,-0.08006388221091154,-0.5960371673477864,0.4375,0.265625
540,oracle_nus_quality,0.0699996643305374,0.040811980341540086,0.84375,0.640625,1.0,1.0,0.8125,0.9375,1.0,-0.07102310445717737,-0.37112451521264456,0.4375,0.4375
541,baseline_first,0.14893455566377267,0.04976695503119652,0.34375,0.1875,0.84375,1.0,0.734375,0.953125,1.0,0.0,0.0,0.0,0.0
541,oracle_min_ehull,0.057975706739925505,0.03704243681705473,0.828125,0.390625,1.0,1.0,0.53125,0.90625,1.0,-0.09095884892384717,-0.25568207269593646,0.484375,0.203125
541,oracle_min_rmsd,0.09531701689610841,0.00614063113380496,0.640625,0.25,1.0,1.0,0.515625,0.9375,1.0,-0.05361753876766426,-0.8766122795747562,0.296875,0.0625
541,oracle_stable_quality,0.057975706739925505,0.03704243681705473,0.828125,0.390625,1.0,1.0,0.53125,0.90625,1.0,-0.09095884892384717,-0.25568207269593646,0.484375,0.203125
541,oracle_nus_quality,0.0675519044711628,0.04857329150661947,0.828125,0.65625,1.0,1.0,0.8125,0.953125,1.0,-0.08138265119260987,-0.023985062454168538,0.484375,0.46875
542,baseline_first,0.12944964943211051,0.0728120436652076,0.4375,0.21875,0.890625,1.0,0.6875,0.96875,1.0,0.0,0.0,0.0,0.0
542,oracle_min_ehull,0.06259958564588466,0.04277051887637553,0.8125,0.40625,1.0,1.0,0.578125,0.921875,1.0,-0.06685006378622585,-0.41259005071968713,0.375,0.1875
542,oracle_min_rmsd,0.0889768333130729,0.006879565013707827,0.65625,0.25,1.0,1.0,0.546875,0.90625,1.0,-0.04047281611903761,-0.9055161115194031,0.21875,0.03125
542,oracle_stable_quality,0.06259958564588466,0.04277051887637553,0.8125,0.40625,1.0,1.0,0.578125,0.921875,1.0,-0.06685006378622585,-0.41259005071968713,0.375,0.1875
542,oracle_nus_quality,0.06799206695570104,0.04505224468842379,0.8125,0.546875,1.0,1.0,0.75,0.953125,1.0,-0.06145758247640948,-0.38125284746057075,0.375,0.328125
543,baseline_first,0.14861677382197913,0.052771582053795583,0.46875,0.296875,0.890625,1.0,0.75,0.984375,1.0,0.0,0.0,0.0,0.0
543,oracle_min_ehull,0.059397068742238074,0.029701355368692138,0.859375,0.46875,1.0,1.0,0.578125,0.96875,1.0,-0.08921970507974106,-0.4371714052761495,0.390625,0.171875
543,oracle_min_rmsd,0.10149386182137604,0.00823258835889382,0.578125,0.234375,1.0,1.0,0.53125,0.9375,1.0,-0.04712291200060309,-0.8439958015565748,0.109375,-0.0625
543,oracle_stable_quality,0.059397068742238074,0.029701355368692138,0.859375,0.46875,1.0,1.0,0.578125,0.96875,1.0,-0.08921970507974106,-0.4371714052761495,0.390625,0.171875
543,oracle_nus_quality,0.06575429604687369,0.04214032412079216,0.859375,0.609375,1.0,1.0,0.765625,0.96875,1.0,-0.08286247777510544,-0.20145801052858092,0.390625,0.3125
544,baseline_first,0.12627529552642902,0.08115146781972601,0.484375,0.25,0.875,1.0,0.671875,0.9375,1.0,0.0,0.0,0.0,0.0
544,oracle_min_ehull,0.05406115843297419,0.023795763621106077,0.90625,0.453125,1.0,1.0,0.546875,0.9375,1.0,-0.07221413709345484,-0.7067734662055998,0.421875,0.203125
544,oracle_min_rmsd,0.09487634361832024,0.006335344470432942,0.609375,0.296875,1.0,1.0,0.640625,0.921875,1.0,-0.03139895190810878,-0.9219318560632003,0.125,0.046875
544,oracle_stable_quality,0.05406115843297419,0.023795763621106077,0.90625,0.453125,1.0,1.0,0.546875,0.9375,1.0,-0.07221413709345484,-0.7067734662055998,0.421875,0.203125
544,oracle_nus_quality,0.057286190336073496,0.024294608109112523,0.90625,0.5625,1.0,1.0,0.65625,0.9375,1.0,-0.06898910519035553,-0.7006263871519638,0.421875,0.3125
545,baseline_first,0.14933571364547252,0.07641399878141153,0.375,0.203125,0.84375,1.0,0.765625,0.953125,1.0,0.0,0.0,0.0,0.0
545,oracle_min_ehull,0.05680640428072837,0.0317455416767736,0.875,0.484375,1.0,1.0,0.578125,0.90625,1.0,-0.09252930936474416,-0.5845585601718828,0.5,0.28125
545,oracle_min_rmsd,0.10056159791616753,0.006847206575692709,0.609375,0.265625,1.0,1.0,0.578125,0.90625,1.0,-0.048774115729304984,-0.9103932959289344,0.234375,0.0625
545,oracle_stable_quality,0.05680640428072837,0.0317455416767736,0.875,0.484375,1.0,1.0,0.578125,0.90625,1.0,-0.09252930936474416,-0.5845585601718828,0.5,0.28125
545,oracle_nus_quality,0.06385619732060341,0.04390569024891221,0.875,0.640625,1.0,1.0,0.765625,0.96875,1.0,-0.08547951632486911,-0.4254234701876025,0.5,0.4375
546,baseline_first,0.16835340295269835,0.07323979614303074,0.359375,0.1875,0.78125,1.0,0.765625,0.96875,1.0,0.0,0.0,0.0,0.0
546,oracle_min_ehull,0.05809057511685096,0.031233715738021056,0.875,0.46875,1.0,1.0,0.546875,0.921875,1.0,-0.1102628278358474,-0.5735417439307939,0.515625,0.28125
546,oracle_min_rmsd,0.08908270548619297,0.006341098314856125,0.671875,0.296875,1.0,1.0,0.515625,0.890625,1.0,-0.07927069746650538,-0.9134200441728083,0.3125,0.109375
546,oracle_stable_quality,0.05809057511685096,0.031233715738021056,0.875,0.46875,1.0,1.0,0.546875,0.921875,1.0,-0.1102628278358474,-0.5735417439307939,0.515625,0.28125
546,oracle_nus_quality,0.06711190716841806,0.035450320603568904,0.875,0.625,1.0,1.0,0.75,0.96875,1.0,-0.1012414957842803,-0.5159691524217569,0.515625,0.4375
547,baseline_first,0.13603762371364145,0.09650888644195145,0.421875,0.203125,0.84375,1.0,0.6875,0.921875,1.0,0.0,0.0,0.0,0.0
547,oracle_min_ehull,0.05918339859027928,0.02450028967794343,0.84375,0.4375,1.0,1.0,0.5625,0.921875,1.0,-0.07685422512336217,-0.746134365640205,0.421875,0.234375
547,oracle_min_rmsd,0.10184010407994662,0.006936604151056834,0.5625,0.21875,1.0,1.0,0.578125,0.921875,1.0,-0.03419751963369483,-0.9281247105132739,0.140625,0.015625
547,oracle_stable_quality,0.05918339859027928,0.02450028967794343,0.84375,0.4375,1.0,1.0,0.5625,0.921875,1.0,-0.07685422512336217,-0.746134365640205,0.421875,0.234375
547,oracle_nus_quality,0.06851090764646078,0.01953018935851934,0.84375,0.625,1.0,1.0,0.796875,0.96875,1.0,-0.06752671606718066,-0.7976332534904292,0.421875,0.421875
548,baseline_first,0.14910388798745733,0.03492119088899241,0.375,0.1875,0.84375,1.0,0.671875,0.953125,1.0,0.0,0.0,0.0,0.0
548,oracle_min_ehull,0.06478355689447866,0.05628440588541421,0.828125,0.484375,1.0,1.0,0.65625,0.953125,1.0,-0.08432033109297866,0.611755053380947,0.453125,0.296875
548,oracle_min_rmsd,0.10808888919405632,0.007540767616038167,0.625,0.25,1.0,1.0,0.546875,0.9375,1.0,-0.04101499879340101,-0.7840632743594346,0.25,0.0625
548,oracle_stable_quality,0.06478355689447866,0.05628440588541421,0.828125,0.484375,1.0,1.0,0.65625,0.953125,1.0,-0.08432033109297866,0.611755053380947,0.453125,0.296875
548,oracle_nus_quality,0.07032562301103223,0.05830494904560056,0.828125,0.625,1.0,1.0,0.796875,0.984375,1.0,-0.0787782649764251,0.6696151408736464,0.453125,0.4375
549,baseline_first,0.1405857752276991,0.029323568313053737,0.4375,0.1875,0.875,1.0,0.6875,0.953125,1.0,0.0,0.0,0.0,0.0
549,oracle_min_ehull,0.05566273450864079,0.02079560284041829,0.84375,0.421875,1.0,1.0,0.5625,0.953125,1.0,-0.08492304071905832,-0.290822910144913,0.40625,0.234375
549,oracle_min_rmsd,0.09595089980791294,0.008202550601323234,0.578125,0.25,1.0,1.0,0.59375,0.921875,1.0,-0.04463487541978617,-0.720274472951105,0.140625,0.0625
549,oracle_stable_quality,0.05566273450864079,0.02079560284041829,0.84375,0.421875,1.0,1.0,0.5625,0.953125,1.0,-0.08492304071905832,-0.290822910144913,0.40625,0.234375
549,oracle_nus_quality,0.06467003515871922,0.0417463834770876,0.84375,0.59375,1.0,1.0,0.765625,0.96875,1.0,-0.07591574006897989,0.4236460935248352,0.40625,0.40625
550,baseline_first,0.14470152288280533,0.06386006019412327,0.421875,0.21875,0.8125,1.0,0.75,0.9375,1.0,0.0,0.0,0.0,0.0
550,oracle_min_ehull,0.055440471672157224,0.028891214068491697,0.890625,0.5,1.0,1.0,0.609375,0.9375,1.0,-0.0892610512106481,-0.5475855490792285,0.46875,0.28125
550,oracle_min_rmsd,0.09733589722412964,0.007213467379699582,0.609375,0.25,1.0,1.0,0.546875,0.90625,1.0,-0.04736562565867569,-0.8870425840850773,0.1875,0.03125
550,oracle_stable_quality,0.055440471672157224,0.028891214068491697,0.890625,0.5,1.0,1.0,0.609375,0.9375,1.0,-0.0892610512106481,-0.5475855490792285,0.46875,0.28125
550,oracle_nus_quality,0.058037551929289166,0.048548370808736474,0.890625,0.609375,1.0,1.0,0.71875,0.953125,1.0,-0.08666397095351616,-0.23976941673468477,0.46875,0.390625
551,baseline_first,0.1468750660189526,0.07277320065205382,0.40625,0.21875,0.859375,1.0,0.734375,0.9375,1.0,0.0,0.0,0.0,0.0
551,oracle_min_ehull,0.060318722392775984,0.028153335105426485,0.859375,0.484375,1.0,1.0,0.609375,0.921875,1.0,-0.0865563436261766,-0.6131359504162205,0.453125,0.265625
551,oracle_min_rmsd,0.09955986751398943,0.0076985458571489935,0.578125,0.21875,1.0,1.0,0.546875,0.90625,1.0,-0.04731519850496316,-0.8942118006605537,0.171875,0.0
551,oracle_stable_quality,0.060318722392775984,0.028153335105426485,0.859375,0.484375,1.0,1.0,0.609375,0.921875,1.0,-0.0865563436261766,-0.6131359504162205,0.453125,0.265625
551,oracle_nus_quality,0.06748234348516613,0.0568570107891202,0.859375,0.640625,1.0,1.0,0.78125,0.953125,1.0,-0.07939272253378646,-0.21870949360923064,0.453125,0.421875
552,baseline_first,0.15579153632237297,0.05591955278258128,0.34375,0.109375,0.859375,1.0,0.734375,0.984375,1.0,0.0,0.0,0.0,0.0
552,oracle_min_ehull,0.06095663457327282,0.03071989091959753,0.828125,0.40625,1.0,1.0,0.5625,0.9375,1.0,-0.09483490174910014,-0.4506413340064005,0.484375,0.296875
552,oracle_min_rmsd,0.10141257319427534,0.007908605044909828,0.59375,0.203125,1.0,1.0,0.53125,0.921875,1.0,-0.05437896312809763,-0.8585717400913598,0.25,0.09375
552,oracle_stable_quality,0.06095663457327282,0.03071989091959753,0.828125,0.40625,1.0,1.0,0.5625,0.9375,1.0,-0.09483490174910014,-0.4506413340064005,0.484375,0.296875
552,oracle_nus_quality,0.07076996497220006,0.0435659756887584,0.828125,0.625,1.0,1.0,0.796875,0.953125,1.0,-0.08502157135017291,-0.22091695085356577,0.484375,0.515625
553,baseline_first,0.13421328891832185,0.049690342194233045,0.421875,0.234375,0.921875,1.0,0.734375,0.984375,1.0,0.0,0.0,0.0,0.0
553,oracle_min_ehull,0.05465062293143485,0.023809977815412862,0.890625,0.515625,1.0,1.0,0.59375,0.921875,1.0,-0.079562665986887,-0.5208328869553207,0.46875,0.28125
553,oracle_min_rmsd,0.09428367219655054,0.004919644500988395,0.59375,0.25,1.0,1.0,0.5625,0.921875,1.0,-0.03992961672177131,-0.9009939500565693,0.171875,0.015625
553,oracle_stable_quality,0.05465062293143485,0.023809977815412862,0.890625,0.515625,1.0,1.0,0.59375,0.921875,1.0,-0.079562665986887,-0.5208328869553207,0.46875,0.28125
553,oracle_nus_quality,0.061834354265472166,0.022271212166807067,0.890625,0.65625,1.0,1.0,0.78125,0.953125,1.0,-0.07237893465284968,-0.551799983993835,0.46875,0.421875
554,baseline_first,0.13860882079131587,0.06098185031311655,0.4375,0.21875,0.859375,1.0,0.703125,0.984375,1.0,0.0,0.0,0.0,0.0
554,oracle_min_ehull,0.05992557153145355,0.020474586372930613,0.859375,0.375,1.0,1.0,0.46875,0.921875,1.0,-0.07868324925986231,-0.66425114574579,0.421875,0.15625
554,oracle_min_rmsd,0.10462338632376358,0.005368147641909996,0.546875,0.140625,1.0,1.0,0.453125,0.921875,1.0,-0.033985434467552283,-0.9119713879728677,0.109375,-0.078125
554,oracle_stable_quality,0.05992557153145355,0.020474586372930613,0.859375,0.375,1.0,1.0,0.46875,0.921875,1.0,-0.07868324925986231,-0.66425114574579,0.421875,0.15625
554,oracle_nus_quality,0.06812225452082156,0.05304225802982341,0.859375,0.578125,1.0,1.0,0.734375,0.953125,1.0,-0.07048656627049431,-0.1301959885199715,0.421875,0.359375
555,baseline_first,0.14909154913555978,0.05901656100015777,0.390625,0.171875,0.84375,1.0,0.765625,0.9375,1.0,0.0,0.0,0.0,0.0
555,oracle_min_ehull,0.05861699059975736,0.04570663735765891,0.90625,0.515625,1.0,1.0,0.625,0.90625,1.0,-0.09047455853580241,-0.22552862140617236,0.515625,0.34375
555,oracle_min_rmsd,0.10497073155294374,0.006000175505891388,0.578125,0.28125,1.0,1.0,0.609375,0.890625,1.0,-0.04412081758261603,-0.8983306481400136,0.1875,0.109375
555,oracle_stable_quality,0.05861699059975736,0.04570663735765891,0.90625,0.515625,1.0,1.0,0.625,0.90625,1.0,-0.09047455853580241,-0.22552862140617236,0.515625,0.34375
555,oracle_nus_quality,0.06163467189880034,0.04669684854615754,0.90625,0.59375,1.0,1.0,0.6875,0.96875,1.0,-0.08745687723675943,-0.2087500905714803,0.515625,0.421875
556,baseline_first,0.13496244273753383,0.05139032739566393,0.4375,0.203125,0.859375,1.0,0.71875,0.96875,1.0,0.0,0.0,0.0,0.0
556,oracle_min_ehull,0.055826612907085654,0.022164028455377464,0.859375,0.4375,1.0,1.0,0.53125,0.90625,1.0,-0.07913582983044817,-0.5687120596696654,0.421875,0.234375
556,oracle_min_rmsd,0.0966264313268358,0.005231932074217951,0.609375,0.203125,1.0,1.0,0.484375,0.875,1.0,-0.038336011410698034,-0.898192279766262,0.171875,0.0
556,oracle_stable_quality,0.055826612907085654,0.022164028455377464,0.859375,0.4375,1.0,1.0,0.53125,0.90625,1.0,-0.07913582983044817,-0.5687120596696654,0.421875,0.234375
556,oracle_nus_quality,0.07013346252468333,0.06490745205206883,0.859375,0.65625,1.0,1.0,0.796875,0.96875,1.0,-0.0648289802128505,0.26302857641544053,0.421875,0.453125
557,baseline_first,0.14897126365480606,0.046967518971960664,0.421875,0.203125,0.796875,1.0,0.6875,0.921875,1.0,0.0,0.0,0.0,0.0
557,oracle_min_ehull,0.06005515158602162,0.03401213695891751,0.875,0.390625,1.0,1.0,0.5,0.890625,1.0,-0.08891611206878444,-0.2758370528530033,0.453125,0.1875
557,oracle_min_rmsd,0.1067080443688094,0.004967484796574122,0.59375,0.234375,1.0,1.0,0.546875,0.90625,1.0,-0.04226321928599666,-0.8942357419488204,0.171875,0.03125
557,oracle_stable_quality,0.06005515158602162,0.03401213695891751,0.875,0.390625,1.0,1.0,0.5,0.890625,1.0,-0.08891611206878444,-0.2758370528530033,0.453125,0.1875
557,oracle_nus_quality,0.0662650904654622,0.05441696972324531,0.875,0.625,1.0,1.0,0.734375,0.953125,1.0,-0.08270617318934387,0.15860856426612457,0.453125,0.421875
558,baseline_first,0.14836145881105453,0.06915047067370045,0.3125,0.1875,0.859375,1.0,0.796875,0.953125,1.0,0.0,0.0,0.0,0.0
558,oracle_min_ehull,0.05702522508320566,0.041800331308336255,0.875,0.5,1.0,1.0,0.625,0.9375,1.0,-0.09133623372784887,-0.3955163153468758,0.5625,0.3125
558,oracle_min_rmsd,0.09222515238339822,0.005647771548860966,0.625,0.296875,1.0,1.0,0.578125,0.9375,1.0,-0.05613630642765631,-0.9183263469671661,0.3125,0.109375
558,oracle_stable_quality,0.05702522508320566,0.041800331308336255,0.875,0.5,1.0,1.0,0.625,0.9375,1.0,-0.09133623372784887,-0.3955163153468758,0.5625,0.3125
558,oracle_nus_quality,0.0621877579893472,0.04928303301013698,0.875,0.59375,1.0,1.0,0.734375,0.9375,1.0,-0.08617370082170733,-0.2873073381859066,0.5625,0.40625
559,baseline_first,0.1345331695464119,0.06371377684748057,0.484375,0.28125,0.828125,1.0,0.734375,0.984375,1.0,0.0,0.0,0.0,0.0
559,oracle_min_ehull,0.06061376038787438,0.0269294136461038,0.84375,0.4375,1.0,1.0,0.5625,0.96875,1.0,-0.07391940915853751,-0.5773376657521336,0.359375,0.15625
559,oracle_min_rmsd,0.09614106165612209,0.007200460028761936,0.65625,0.296875,1.0,1.0,0.578125,0.96875,1.0,-0.03839210789028981,-0.8869873929150589,0.171875,0.015625
559,oracle_stable_quality,0.06061376038787438,0.0269294136461038,0.84375,0.4375,1.0,1.0,0.5625,0.96875,1.0,-0.07391940915853751,-0.5773376657521336,0.359375,0.15625
559,oracle_nus_quality,0.07117849351659232,0.04855300039955523,0.84375,0.640625,1.0,1.0,0.796875,1.0,1.0,-0.06335467602981958,-0.23795130657875674,0.359375,0.359375
560,baseline_first,0.1460694135391446,0.044215012382156346,0.375,0.15625,0.828125,1.0,0.6875,0.921875,1.0,0.0,0.0,0.0,0.0
560,oracle_min_ehull,0.06574424445812338,0.016690643325614693,0.828125,0.46875,1.0,1.0,0.609375,0.9375,1.0,-0.08032516908102122,-0.6225118477553461,0.453125,0.3125
560,oracle_min_rmsd,0.10127539976500954,0.005895223264038772,0.625,0.171875,1.0,1.0,0.46875,0.890625,1.0,-0.044794013774135055,-0.8666691934159023,0.25,0.015625
560,oracle_stable_quality,0.06574424445812338,0.016690643325614693,0.828125,0.46875,1.0,1.0,0.609375,0.9375,1.0,-0.08032516908102122,-0.6225118477553461,0.453125,0.3125
560,oracle_nus_quality,0.07434605650387902,0.026503584575172795,0.828125,0.609375,1.0,1.0,0.796875,0.953125,1.0,-0.07172335703526558,-0.4005749824041952,0.453125,0.453125
561,baseline_first,0.13172796316873464,0.08834545582365308,0.4375,0.203125,0.859375,1.0,0.671875,0.953125,1.0,0.0,0.0,0.0,0.0
561,oracle_min_ehull,0.06465136729910614,0.03715557041135911,0.828125,0.46875,1.0,1.0,0.59375,0.90625,1.0,-0.0670765958696285,-0.5794286184280313,0.390625,0.265625
561,oracle_min_rmsd,0.10839951232104031,0.0063539274477321175,0.546875,0.15625,1.0,1.0,0.515625,0.90625,1.0,-0.023328450847694332,-0.9280786160590395,0.109375,-0.046875
561,oracle_stable_quality,0.06465136729910614,0.03715557041135911,0.828125,0.46875,1.0,1.0,0.59375,0.90625,1.0,-0.0670765958696285,-0.5794286184280313,0.390625,0.265625
561,oracle_nus_quality,0.07583903335650019,0.06762398698318695,0.828125,0.609375,1.0,1.0,0.78125,0.953125,1.0,-0.05588892981223445,-0.23455047741027435,0.390625,0.40625
562,baseline_first,0.1415931998020491,0.04284989941909108,0.453125,0.25,0.8125,1.0,0.734375,0.96875,1.0,0.0,0.0,0.0,0.0
562,oracle_min_ehull,0.05913339463546685,0.027016618677549904,0.859375,0.46875,1.0,1.0,0.578125,0.9375,1.0,-0.08245980516658225,-0.36950566876912927,0.40625,0.21875
562,oracle_min_rmsd,0.09818382303222989,0.005127652794244733,0.59375,0.234375,1.0,1.0,0.53125,0.96875,1.0,-0.04340937676981921,-0.8803345430500547,0.140625,-0.015625
562,oracle_stable_quality,0.05913339463546685,0.027016618677549904,0.859375,0.46875,1.0,1.0,0.578125,0.9375,1.0,-0.08245980516658225,-0.36950566876912927,0.40625,0.21875
562,oracle_nus_quality,0.06658701442202564,0.03265946405758981,0.859375,0.609375,1.0,1.0,0.734375,0.96875,1.0,-0.07500618538002346,-0.23781701940147582,0.40625,0.359375
563,baseline_first,0.14004695305995765,0.04194653221012943,0.46875,0.265625,0.828125,1.0,0.78125,0.96875,1.0,0.0,0.0,0.0,0.0
563,oracle_min_ehull,0.06187026312881001,0.047949842838956216,0.84375,0.5,1.0,1.0,0.625,0.921875,1.0,-0.07817668993114764,0.14311816287347545,0.375,0.234375
563,oracle_min_rmsd,0.10349283569394854,0.03419482890773404,0.5625,0.203125,1.0,1.0,0.546875,0.90625,1.0,-0.03655411736600911,-0.1847996221371424,0.09375,-0.0625
563,oracle_stable_quality,0.06187026312881001,0.047949842838956216,0.84375,0.5,1.0,1.0,0.625,0.921875,1.0,-0.07817668993114764,0.14311816287347545,0.375,0.234375
563,oracle_nus_quality,0.06941602671148737,0.05500695053484613,0.84375,0.640625,1.0,1.0,0.796875,0.96875,1.0,-0.07063092634847028,0.3113587139764278,0.375,0.375
564,baseline_first,0.14493123818376125,0.043937027071741894,0.390625,0.25,0.78125,1.0,0.765625,0.96875,1.0,0.0,0.0,0.0,0.0
564,oracle_min_ehull,0.06189841016583332,0.03525685653807775,0.828125,0.390625,1.0,1.0,0.53125,0.875,1.0,-0.08303282801792793,-0.19755935055621443,0.4375,0.140625
564,oracle_min_rmsd,0.10633156404494011,0.004516992834889717,0.546875,0.21875,1.0,1.0,0.578125,0.9375,1.0,-0.038599674138821136,-0.8971939355952733,0.15625,-0.03125
564,oracle_stable_quality,0.06189841016583332,0.03525685653807775,0.828125,0.390625,1.0,1.0,0.53125,0.875,1.0,-0.08303282801792793,-0.19755935055621443,0.4375,0.140625
564,oracle_nus_quality,0.07277713372496408,0.0622299669000688,0.828125,0.5625,1.0,1.0,0.734375,0.9375,1.0,-0.07215410445879716,0.41634450593249217,0.4375,0.3125
565,baseline_first,0.12291323824653194,0.03348848195864221,0.5,0.34375,0.890625,1.0,0.796875,0.9375,1.0,0.0,0.0,0.0,0.0
565,oracle_min_ehull,0.06224963050001576,0.017263946840531303,0.8125,0.4375,1.0,1.0,0.59375,0.9375,1.0,-0.060663607746516184,-0.48448105644645145,0.3125,0.09375
565,oracle_min_rmsd,0.10445105853543099,0.006427369805408648,0.59375,0.21875,1.0,1.0,0.5625,0.90625,1.0,-0.01846217971110095,-0.8080722257477554,0.09375,-0.125
565,oracle_stable_quality,0.06224963050001576,0.017263946840531303,0.8125,0.4375,1.0,1.0,0.59375,0.9375,1.0,-0.060663607746516184,-0.48448105644645145,0.3125,0.09375
565,oracle_nus_quality,0.0700240118159483,0.02582856715169328,0.8125,0.609375,1.0,1.0,0.78125,0.953125,1.0,-0.052889226430583636,-0.22873281674603263,0.3125,0.265625
566,baseline_first,0.13507839467262694,0.06858442200534749,0.4375,0.203125,0.890625,1.0,0.703125,0.96875,1.0,0.0,0.0,0.0,0.0
566,oracle_min_ehull,0.07046130925784291,0.017279870331919987,0.796875,0.46875,1.0,1.0,0.65625,0.96875,1.0,-0.06461708541478403,-0.7480496324577514,0.359375,0.265625
566,oracle_min_rmsd,0.1010437853181079,0.007616268504469354,0.5625,0.21875,1.0,1.0,0.546875,0.9375,1.0,-0.034034609354519046,-0.8889504601514974,0.125,0.015625
566,oracle_stable_quality,0.07046130925784291,0.017279870331919987,0.796875,0.46875,1.0,1.0,0.65625,0.96875,1.0,-0.06461708541478403,-0.7480496324577514,0.359375,0.265625
566,oracle_nus_quality,0.07697233731609505,0.019419123142326335,0.796875,0.609375,1.0,1.0,0.8125,0.984375,1.0,-0.05810605735653189,-0.7168581060461188,0.359375,0.40625
567,baseline_first,0.16134043239121576,0.11573727401784466,0.359375,0.21875,0.875,1.0,0.78125,0.96875,1.0,0.0,0.0,0.0,0.0
567,oracle_min_ehull,0.06187465800770882,0.042603402070989865,0.828125,0.515625,1.0,1.0,0.6875,0.953125,1.0,-0.09946577438350694,-0.6318955804642403,0.46875,0.296875
567,oracle_min_rmsd,0.10015446695197534,0.0056251754395814325,0.5625,0.25,1.0,1.0,0.546875,0.96875,1.0,-0.06118596543924042,-0.9513970284221993,0.203125,0.03125
567,oracle_stable_quality,0.06187465800770882,0.042603402070989865,0.828125,0.515625,1.0,1.0,0.6875,0.953125,1.0,-0.09946577438350694,-0.6318955804642403,0.46875,0.296875
567,oracle_nus_quality,0.06798497630073963,0.04721068624510683,0.828125,0.671875,1.0,1.0,0.84375,0.96875,1.0,-0.09335545609047613,-0.5920874528474918,0.46875,0.453125
568,baseline_first,0.13466183188852876,0.05646341455797245,0.453125,0.25,0.84375,1.0,0.734375,0.9375,1.0,0.0,0.0,0.0,0.0
568,oracle_min_ehull,0.061251134368243525,0.021335847990283173,0.890625,0.453125,1.0,1.0,0.53125,0.875,1.0,-0.07341069752028523,-0.6221296895111239,0.4375,0.203125
568,oracle_min_rmsd,0.0891095631817613,0.005907188038741942,0.640625,0.234375,1.0,1.0,0.484375,0.890625,1.0,-0.04555226870676746,-0.8953802548962589,0.1875,-0.015625
568,oracle_stable_quality,0.061251134368243525,0.021335847990283173,0.890625,0.453125,1.0,1.0,0.53125,0.875,1.0,-0.07341069752028523,-0.6221296895111239,0.4375,0.203125
568,oracle_nus_quality,0.07473507386034495,0.025979061544347506,0.890625,0.65625,1.0,1.0,0.78125,0.90625,1.0,-0.05992675802818381,-0.5398956696521757,0.4375,0.40625
569,baseline_first,0.1628248109634751,0.09578156828603224,0.390625,0.28125,0.890625,1.0,0.796875,0.953125,1.0,0.0,0.0,0.0,0.0
569,oracle_min_ehull,0.05689320226517244,0.022860193452581345,0.875,0.421875,1.0,1.0,0.515625,0.921875,1.0,-0.10593160869830265,-0.7613299316178035,0.484375,0.140625
569,oracle_min_rmsd,0.10487373643998413,0.00666299514476155,0.640625,0.265625,1.0,1.0,0.5625,0.90625,1.0,-0.057951074523490964,-0.930435518398865,0.25,-0.015625
569,oracle_stable_quality,0.05689320226517244,0.022860193452581345,0.875,0.421875,1.0,1.0,0.515625,0.921875,1.0,-0.10593160869830265,-0.7613299316178035,0.484375,0.140625
569,oracle_nus_quality,0.0631472583738389,0.038202096575778825,0.875,0.609375,1.0,1.0,0.75,0.9375,1.0,-0.09967755258963619,-0.6011539875637032,0.484375,0.328125
570,baseline_first,0.14073124161499534,0.06239604183466072,0.34375,0.21875,0.78125,1.0,0.78125,0.953125,1.0,0.0,0.0,0.0,0.0
570,oracle_min_ehull,0.06252133422025342,0.01572599456756109,0.8125,0.5,1.0,1.0,0.640625,0.953125,1.0,-0.07820990739474191,-0.7479648691621754,0.46875,0.28125
570,oracle_min_rmsd,0.10805958086947005,0.006547048217968816,0.53125,0.21875,1.0,1.0,0.59375,0.953125,1.0,-0.032671660745525286,-0.8950726997183984,0.1875,0.0
570,oracle_stable_quality,0.06252133422025342,0.01572599456756109,0.8125,0.5,1.0,1.0,0.640625,0.953125,1.0,-0.07820990739474191,-0.7479648691621754,0.46875,0.28125
570,oracle_nus_quality,0.07183373579024428,0.047634431928725005,0.8125,0.671875,1.0,1.0,0.859375,1.0,1.0,-0.06889750582475106,-0.23657926804157803,0.46875,0.453125
571,baseline_first,0.13773718062870466,0.06210585465825117,0.359375,0.140625,0.84375,1.0,0.71875,0.953125,1.0,0.0,0.0,0.0,0.0
571,oracle_min_ehull,0.056626877859215774,0.03953118777923237,0.90625,0.484375,1.0,1.0,0.5625,0.921875,1.0,-0.08111030276948888,-0.36348693699233414,0.546875,0.34375
571,oracle_min_rmsd,0.10139617621712012,0.006691623403929277,0.59375,0.234375,1.0,1.0,0.5625,0.90625,1.0,-0.03634100441158454,-0.892254547646898,0.234375,0.09375
571,oracle_stable_quality,0.056626877859215774,0.03953118777923237,0.90625,0.484375,1.0,1.0,0.5625,0.921875,1.0,-0.08111030276948888,-0.36348693699233414,0.546875,0.34375
571,oracle_nus_quality,0.06527828751202686,0.035358812040088436,0.90625,0.609375,1.0,1.0,0.71875,0.9375,1.0,-0.0724588931166778,-0.4306686183668711,0.546875,0.46875
572,baseline_first,0.15268492943564205,0.0642733511420256,0.328125,0.203125,0.828125,1.0,0.78125,0.96875,1.0,0.0,0.0,0.0,0.0
572,oracle_min_ehull,0.05880400143823536,0.053865928113768224,0.875,0.46875,1.0,1.0,0.59375,0.90625,1.0,-0.09388092799740669,-0.16192438768689643,0.546875,0.265625
572,oracle_min_rmsd,0.10161161977931851,0.0075645835141579885,0.640625,0.28125,1.0,1.0,0.609375,0.9375,1.0,-0.051073309656323534,-0.8823060665151496,0.3125,0.078125
572,oracle_stable_quality,0.05880400143823536,0.053865928113768224,0.875,0.46875,1.0,1.0,0.59375,0.90625,1.0,-0.09388092799740669,-0.16192438768689643,0.546875,0.265625
572,oracle_nus_quality,0.06457343785016419,0.05723765062403813,0.875,0.609375,1.0,1.0,0.734375,0.96875,1.0,-0.08811149158547786,-0.1094652821577734,0.546875,0.40625
573,baseline_first,0.1415019888794768,0.08333163358832042,0.40625,0.25,0.8125,1.0,0.78125,0.921875,1.0,0.0,0.0,0.0,0.0
573,oracle_min_ehull,0.058685572126853436,0.04367154106184365,0.828125,0.453125,1.0,1.0,0.625,0.9375,1.0,-0.08281641675262336,-0.4759308178501308,0.421875,0.203125
573,oracle_min_rmsd,0.09957493965983594,0.00821119855876744,0.609375,0.265625,1.0,1.0,0.546875,0.921875,1.0,-0.041927049219640855,-0.9014636074538889,0.203125,0.015625
573,oracle_stable_quality,0.058685572126853436,0.04367154106184365,0.828125,0.453125,1.0,1.0,0.625,0.9375,1.0,-0.08281641675262336,-0.4759308178501308,0.421875,0.203125
573,oracle_nus_quality,0.06550953148558859,0.03705390045211087,0.828125,0.546875,1.0,1.0,0.734375,0.9375,1.0,-0.0759924573938882,-0.5553441249553968,0.421875,0.296875
574,baseline_first,0.14963056014271126,0.11059365707372526,0.375,0.171875,0.84375,1.0,0.75,0.90625,1.0,0.0,0.0,0.0,0.0
574,oracle_min_ehull,0.05471358576569352,0.013376644171246285,0.90625,0.46875,1.0,1.0,0.5625,0.921875,1.0,-0.09491697437701774,-0.8790469134922541,0.53125,0.296875
574,oracle_min_rmsd,0.0961703061815884,0.0060278543511831165,0.59375,0.234375,1.0,1.0,0.515625,0.9375,1.0,-0.05346025396112286,-0.9454954785773586,0.21875,0.0625
574,oracle_stable_quality,0.05471358576569352,0.013376644171246285,0.90625,0.46875,1.0,1.0,0.5625,0.921875,1.0,-0.09491697437701774,-0.8790469134922541,0.53125,0.296875
574,oracle_nus_quality,0.06148022960227741,0.042091142365660986,0.90625,0.65625,1.0,1.0,0.765625,0.96875,1.0,-0.08815033054043384,-0.6194072654853824,0.53125,0.484375
575,baseline_first,0.15067550694247045,0.08684961187867535,0.453125,0.1875,0.90625,1.0,0.703125,0.953125,1.0,0.0,0.0,0.0,0.0
575,oracle_min_ehull,0.059721881032233144,0.056692375741081304,0.890625,0.484375,1.0,1.0,0.578125,0.921875,1.0,-0.09095362591023731,-0.3472351284623151,0.4375,0.296875
575,oracle_min_rmsd,0.10741608310051055,0.0056209783837266715,0.546875,0.171875,1.0,1.0,0.484375,0.9375,1.0,-0.043259423841959896,-0.9352791767039914,0.09375,-0.015625
575,oracle_stable_quality,0.059721881032233144,0.056692375741081304,0.890625,0.484375,1.0,1.0,0.578125,0.921875,1.0,-0.09095362591023731,-0.3472351284623151,0.4375,0.296875
575,oracle_nus_quality,0.06474722560362199,0.05979240963128429,0.890625,0.609375,1.0,1.0,0.734375,0.9375,1.0,-0.08592828133884846,-0.31154085392101283,0.4375,0.421875
576,baseline_first,0.16719733233845424,0.04494803818142233,0.296875,0.15625,0.84375,1.0,0.734375,0.96875,1.0,0.0,0.0,0.0,0.0
576,oracle_min_ehull,0.05685795171034995,0.02906986660766161,0.859375,0.46875,1.0,1.0,0.609375,0.921875,1.0,-0.11033938062810429,-0.3532561645888118,0.5625,0.3125
576,oracle_min_rmsd,0.1043492871293386,0.01172198846076084,0.5625,0.28125,1.0,1.0,0.625,0.921875,1.0,-0.06284804520911565,-0.7392102317469841,0.265625,0.125
576,oracle_stable_quality,0.05685795171034995,0.02906986660766161,0.859375,0.46875,1.0,1.0,0.609375,0.921875,1.0,-0.11033938062810429,-0.3532561645888118,0.5625,0.3125
576,oracle_nus_quality,0.06780138535467671,0.02537039956092242,0.859375,0.671875,1.0,1.0,0.8125,0.984375,1.0,-0.09939594698377753,-0.43556158205346607,0.5625,0.515625
577,baseline_first,0.15186735084065012,0.04422574612311876,0.34375,0.21875,0.84375,1.0,0.765625,1.0,1.0,0.0,0.0,0.0,0.0
577,oracle_min_ehull,0.06216206849943759,0.033264995346349566,0.8125,0.4375,1.0,1.0,0.59375,0.90625,1.0,-0.08970528234121253,-0.24783642420086893,0.46875,0.21875
577,oracle_min_rmsd,0.10523277407174698,0.007629269576383137,0.578125,0.265625,1.0,1.0,0.640625,0.9375,1.0,-0.04663457676890313,-0.8274925751361156,0.234375,0.046875
577,oracle_stable_quality,0.06216206849943759,0.033264995346349566,0.8125,0.4375,1.0,1.0,0.59375,0.90625,1.0,-0.08970528234121253,-0.24783642420086893,0.46875,0.21875
577,oracle_nus_quality,0.07194811087694154,0.02492176931999123,0.8125,0.578125,1.0,1.0,0.765625,0.984375,1.0,-0.07991923996370857,-0.4364873064976169,0.46875,0.359375
578,baseline_first,0.14553559823554346,0.07476412936725443,0.390625,0.21875,0.796875,1.0,0.8125,0.921875,1.0,0.0,0.0,0.0,0.0
578,oracle_min_ehull,0.054969728098964964,0.03527774216152785,0.921875,0.5625,1.0,1.0,0.625,0.9375,1.0,-0.09056587013657849,-0.5281461516359345,0.53125,0.34375
578,oracle_min_rmsd,0.09120368058160216,0.006058494543203365,0.640625,0.25,1.0,1.0,0.515625,0.921875,1.0,-0.0543319176539413,-0.918965223102606,0.25,0.03125
578,oracle_stable_quality,0.054969728098964964,0.03527774216152785,0.921875,0.5625,1.0,1.0,0.625,0.9375,1.0,-0.09056587013657849,-0.5281461516359345,0.53125,0.34375
578,oracle_nus_quality,0.06030256480422687,0.04061566559487129,0.921875,0.6875,1.0,1.0,0.765625,0.953125,1.0,-0.0852330334313166,-0.4567493002511931,0.53125,0.46875
579,baseline_first,0.12883088195860898,0.06789762782030365,0.4375,0.25,0.859375,1.0,0.703125,0.96875,1.0,0.0,0.0,0.0,0.0
579,oracle_min_ehull,0.056197574730787084,0.021023599905399357,0.875,0.515625,1.0,1.0,0.609375,0.9375,1.0,-0.0726333072278219,-0.6903632633375654,0.4375,0.265625
579,oracle_min_rmsd,0.09184975356851904,0.0055626686981297135,0.640625,0.25,1.0,1.0,0.53125,0.90625,1.0,-0.036981128390089935,-0.9180727092137629,0.203125,0.0
579,oracle_stable_quality,0.056197574730787084,0.021023599905399357,0.875,0.515625,1.0,1.0,0.609375,0.9375,1.0,-0.0726333072278219,-0.6903632633375654,0.4375,0.265625
579,oracle_nus_quality,0.06479337606558354,0.03131968354174765,0.875,0.671875,1.0,1.0,0.8125,0.953125,1.0,-0.06403750589302544,-0.5387219767877955,0.4375,0.421875
580,baseline_first,0.13513054594034288,0.05725010618314182,0.4375,0.203125,0.828125,1.0,0.65625,0.953125,1.0,0.0,0.0,0.0,0.0
580,oracle_min_ehull,0.056662882443672014,0.0257711169842964,0.859375,0.46875,1.0,1.0,0.59375,0.9375,1.0,-0.07846766349667086,-0.5498503198953872,0.421875,0.265625
580,oracle_min_rmsd,0.09496436081001096,0.006392839260655726,0.59375,0.296875,1.0,1.0,0.59375,0.9375,1.0,-0.04016618513033192,-0.8883348925117244,0.15625,0.09375
580,oracle_stable_quality,0.056662882443672014,0.0257711169842964,0.859375,0.46875,1.0,1.0,0.59375,0.9375,1.0,-0.07846766349667086,-0.5498503198953872,0.421875,0.265625
580,oracle_nus_quality,0.06472928256482319,0.047858413862679305,0.859375,0.59375,1.0,1.0,0.75,0.953125,1.0,-0.07040126337551969,-0.16404672316971258,0.421875,0.390625
581,baseline_first,0.15668755096544146,0.042755731226179226,0.421875,0.28125,0.875,1.0,0.75,0.96875,1.0,0.0,0.0,0.0,0.0
581,oracle_min_ehull,0.057152605068365184,0.03272295841603251,0.84375,0.40625,1.0,1.0,0.53125,0.921875,1.0,-0.09953494589707627,-0.2346532855928254,0.421875,0.125
581,oracle_min_rmsd,0.08920198355498123,0.0048269918593621345,0.640625,0.265625,1.0,1.0,0.546875,0.921875,1.0,-0.06748556741046023,-0.8871030451139477,0.21875,-0.015625
581,oracle_stable_quality,0.057152605068365184,0.03272295841603251,0.84375,0.40625,1.0,1.0,0.53125,0.921875,1.0,-0.09953494589707627,-0.2346532855928254,0.421875,0.125
581,oracle_nus_quality,0.0682904728530846,0.037000383902240676,0.84375,0.625,1.0,1.0,0.78125,0.953125,1.0,-0.08839707811235686,-0.13460996125858715,0.421875,0.34375
582,baseline_first,0.1322786367627508,0.08854177181696693,0.40625,0.25,0.875,1.0,0.71875,1.0,1.0,0.0,0.0,0.0,0.0
582,oracle_min_ehull,0.059597849162554534,0.03268420929051381,0.890625,0.46875,1.0,1.0,0.5625,0.9375,1.0,-0.07268078760019628,-0.6308611334537282,0.484375,0.21875
582,oracle_min_rmsd,0.09534045960303138,0.00785404717129976,0.59375,0.171875,1.0,1.0,0.5,0.921875,1.0,-0.036938177159719435,-0.9112955725853826,0.1875,-0.078125
582,oracle_stable_quality,0.059597849162554534,0.03268420929051381,0.890625,0.46875,1.0,1.0,0.5625,0.9375,1.0,-0.07268078760019628,-0.6308611334537282,0.484375,0.21875
582,oracle_nus_quality,0.06399926060293651,0.03419860505931631,0.890625,0.578125,1.0,1.0,0.703125,0.953125,1.0,-0.0682793761598143,-0.6137573897887262,0.484375,0.328125
583,baseline_first,0.1490738013241493,0.07185974493738845,0.375,0.21875,0.875,1.0,0.75,0.96875,1.0,0.0,0.0,0.0,0.0
583,oracle_min_ehull,0.05814308866332458,0.051138425554983366,0.890625,0.515625,1.0,1.0,0.609375,0.953125,1.0,-0.09093071266082473,-0.28835781981218567,0.515625,0.296875
583,oracle_min_rmsd,0.10191385657735011,0.006694174195388409,0.609375,0.265625,1.0,1.0,0.59375,0.921875,1.0,-0.04715994474679919,-0.9068438915108722,0.234375,0.046875
583,oracle_stable_quality,0.05814308866332458,0.051138425554983366,0.890625,0.515625,1.0,1.0,0.609375,0.953125,1.0,-0.09093071266082473,-0.28835781981218567,0.515625,0.296875
583,oracle_nus_quality,0.06113414276174071,0.053320615074915485,0.890625,0.609375,1.0,1.0,0.71875,0.953125,1.0,-0.0879396585624086,-0.2579904768466148,0.515625,0.390625
584,baseline_first,0.16483939740728482,0.05674196373521125,0.296875,0.171875,0.8125,1.0,0.765625,0.953125,1.0,0.0,0.0,0.0,0.0
584,oracle_min_ehull,0.056347329753292555,0.01811845282429094,0.875,0.421875,1.0,1.0,0.53125,0.9375,1.0,-0.10849206765399226,-0.6806868914716899,0.578125,0.25
584,oracle_min_rmsd,0.09438222206938038,0.00872295975656935,0.671875,0.3125,1.0,1.0,0.5625,0.921875,1.0,-0.07045717533790444,-0.8462696885628526,0.375,0.140625
584,oracle_stable_quality,0.056347329753292555,0.01811845282429094,0.875,0.421875,1.0,1.0,0.53125,0.9375,1.0,-0.10849206765399226,-0.6806868914716899,0.578125,0.25
584,oracle_nus_quality,0.06483245365031809,0.020494573652709767,0.875,0.65625,1.0,1.0,0.796875,0.96875,1.0,-0.10000694375696673,-0.6388109909563837,0.578125,0.484375
585,baseline_first,0.1512548578190271,0.07442930269563158,0.328125,0.203125,0.828125,1.0,0.796875,0.953125,1.0,0.0,0.0,0.0,0.0
585,oracle_min_ehull,0.05569681240424738,0.012694156731365888,0.859375,0.46875,1.0,1.0,0.578125,0.921875,1.0,-0.09555804541477972,-0.8294467867947535,0.53125,0.265625
585,oracle_min_rmsd,0.09102657883175273,0.005173987961875812,0.640625,0.265625,1.0,1.0,0.5,0.921875,1.0,-0.060228278987274356,-0.9304845299567815,0.3125,0.0625
585,oracle_stable_quality,0.05569681240424738,0.012694156731365888,0.859375,0.46875,1.0,1.0,0.578125,0.921875,1.0,-0.09555804541477972,-0.8294467867947535,0.53125,0.265625
585,oracle_nus_quality,0.0648961642298022,0.03536497679642257,0.859375,0.640625,1.0,1.0,0.765625,0.96875,1.0,-0.08635869358922489,-0.5248514292678141,0.53125,0.4375
586,baseline_first,0.13005165566168572,0.05797323177879334,0.4375,0.21875,0.796875,1.0,0.703125,0.96875,1.0,0.0,0.0,0.0,0.0
586,oracle_min_ehull,0.0634729748945641,0.04420293818109833,0.828125,0.4375,1.0,1.0,0.53125,0.921875,1.0,-0.06657868076712162,-0.2375284795272048,0.390625,0.21875
586,oracle_min_rmsd,0.1057355922594227,0.007788428013010683,0.5625,0.21875,1.0,1.0,0.546875,0.90625,1.0,-0.024316063402263027,-0.8656547552372318,0.125,0.0
586,oracle_stable_quality,0.0634729748945641,0.04420293818109833,0.828125,0.4375,1.0,1.0,0.53125,0.921875,1.0,-0.06657868076712162,-0.2375284795272048,0.390625,0.21875
586,oracle_nus_quality,0.082499782209562,0.044272626419095226,0.828125,0.59375,1.0,1.0,0.75,0.96875,1.0,-0.04755187345212372,-0.23632640339898747,0.390625,0.375
587,baseline_first,0.13826458507572165,0.07169747404637178,0.40625,0.25,0.859375,1.0,0.765625,0.984375,1.0,0.0,0.0,0.0,0.0
587,oracle_min_ehull,0.05754761762047539,0.012766063470638713,0.875,0.515625,1.0,1.0,0.640625,0.953125,1.0,-0.08071696745524626,-0.8219454222002018,0.46875,0.265625
587,oracle_min_rmsd,0.10318965298053628,0.005660103858628309,0.59375,0.21875,1.0,1.0,0.5625,0.953125,1.0,-0.03507493209518536,-0.9210557424245166,0.1875,-0.03125
587,oracle_stable_quality,0.05754761762047539,0.012766063470638713,0.875,0.515625,1.0,1.0,0.640625,0.953125,1.0,-0.08071696745524626,-0.8219454222002018,0.46875,0.265625
587,oracle_nus_quality,0.06058453335767743,0.01564697173306836,0.875,0.640625,1.0,1.0,0.78125,0.953125,1.0,-0.07768005171804421,-0.7817639750746537,0.46875,0.390625
588,baseline_first,0.12766763232725814,0.035876423705408444,0.453125,0.234375,0.875,1.0,0.734375,0.9375,1.0,0.0,0.0,0.0,0.0
588,oracle_min_ehull,0.062265080711840864,0.014099779527169624,0.8125,0.421875,1.0,1.0,0.578125,0.953125,1.0,-0.06540255161541728,-0.6069903833518375,0.359375,0.1875
588,oracle_min_rmsd,0.1015542502839975,0.005889934461876021,0.59375,0.203125,1.0,1.0,0.53125,0.890625,1.0,-0.026113382043260636,-0.8358271574045408,0.140625,-0.03125
588,oracle_stable_quality,0.062265080711840864,0.014099779527169624,0.8125,0.421875,1.0,1.0,0.578125,0.953125,1.0,-0.06540255161541728,-0.6069903833518375,0.359375,0.1875
588,oracle_nus_quality,0.07463948323341905,0.02075150761230395,0.8125,0.59375,1.0,1.0,0.796875,0.96875,1.0,-0.053028149093839086,-0.42158371796752925,0.359375,0.359375
589,baseline_first,0.13807794244759894,0.04645063419820555,0.453125,0.203125,0.875,1.0,0.6875,0.953125,1.0,0.0,0.0,0.0,0.0
589,oracle_min_ehull,0.05994350463300927,0.0501822278592295,0.8125,0.390625,1.0,1.0,0.546875,0.9375,1.0,-0.07813443781458967,0.08033461168907174,0.359375,0.1875
589,oracle_min_rmsd,0.10530169050458424,0.007129972330924324,0.609375,0.21875,1.0,1.0,0.515625,0.9375,1.0,-0.0327762519430147,-0.8465043060445498,0.15625,0.015625
589,oracle_stable_quality,0.05994350463300927,0.0501822278592295,0.8125,0.390625,1.0,1.0,0.546875,0.9375,1.0,-0.07813443781458967,0.08033461168907174,0.359375,0.1875
589,oracle_nus_quality,0.07060154352475365,0.04615065649807358,0.8125,0.65625,1.0,1.0,0.84375,0.984375,1.0,-0.0674763989228453,-0.006457989332329772,0.359375,0.453125
590,baseline_first,0.14613980656925638,0.07175911795227229,0.375,0.25,0.890625,1.0,0.828125,0.953125,1.0,0.0,0.0,0.0,0.0
590,oracle_min_ehull,0.062315344278683786,0.016010949397269846,0.84375,0.4375,1.0,1.0,0.578125,0.953125,1.0,-0.08382446229057258,-0.7768792335502384,0.46875,0.1875
590,oracle_min_rmsd,0.0989766253754767,0.009462695450037074,0.625,0.3125,1.0,1.0,0.640625,0.9375,1.0,-0.04716318119377967,-0.8681325005091226,0.25,0.0625
590,oracle_stable_quality,0.062315344278683786,0.016010949397269846,0.84375,0.4375,1.0,1.0,0.578125,0.953125,1.0,-0.08382446229057258,-0.7768792335502384,0.46875,0.1875
590,oracle_nus_quality,0.0697247543953653,0.02811788577411749,0.84375,0.609375,1.0,1.0,0.765625,0.96875,1.0,-0.07641505217389108,-0.6081628847107767,0.46875,0.359375
591,baseline_first,0.15686144212243736,0.03052135638451402,0.421875,0.21875,0.859375,1.0,0.71875,0.9375,1.0,0.0,0.0,0.0,0.0
591,oracle_min_ehull,0.05752768985712806,0.02529055701563674,0.84375,0.453125,1.0,1.0,0.59375,0.90625,1.0,-0.0993337522653093,-0.17138161564573495,0.421875,0.234375
591,oracle_min_rmsd,0.10422833950592333,0.004530868085901067,0.5625,0.234375,1.0,1.0,0.578125,0.921875,1.0,-0.05263310261651402,-0.8515508934524303,0.140625,0.015625
591,oracle_stable_quality,0.05752768985712806,0.02529055701563674,0.84375,0.453125,1.0,1.0,0.59375,0.90625,1.0,-0.0993337522653093,-0.17138161564573495,0.421875,0.234375
591,oracle_nus_quality,0.067054082988492,0.048666641029640946,0.84375,0.65625,1.0,1.0,0.8125,0.96875,1.0,-0.08980735913394536,0.5945110832077407,0.421875,0.4375
592,baseline_first,0.16702814455499432,0.12488321260683638,0.328125,0.15625,0.8125,1.0,0.765625,0.953125,1.0,0.0,0.0,0.0,0.0
592,oracle_min_ehull,0.06199067252456633,0.027018935147358508,0.875,0.453125,1.0,1.0,0.5625,0.90625,1.0,-0.10503747203042799,-0.7836463798187121,0.546875,0.296875
592,oracle_min_rmsd,0.09990091951897942,0.0048631347163493495,0.578125,0.234375,1.0,1.0,0.546875,0.90625,1.0,-0.0671272250360149,-0.9610585392957521,0.25,0.078125
592,oracle_stable_quality,0.06199067252456633,0.027018935147358508,0.875,0.453125,1.0,1.0,0.5625,0.90625,1.0,-0.10503747203042799,-0.7836463798187121,0.546875,0.296875
592,oracle_nus_quality,0.06791049629784365,0.028763323416560578,0.875,0.578125,1.0,1.0,0.703125,0.921875,1.0,-0.09911764825715066,-0.7696782232283316,0.546875,0.421875
593,baseline_first,0.1417693274304706,0.05789319137457806,0.46875,0.234375,0.875,1.0,0.703125,0.9375,1.0,0.0,0.0,0.0,0.0
593,oracle_min_ehull,0.05618571389102856,0.02688427848671584,0.875,0.484375,1.0,1.0,0.59375,0.953125,1.0,-0.08558361353944205,-0.5356227934858466,0.40625,0.25
593,oracle_min_rmsd,0.11047824206456587,0.006562428438836002,0.53125,0.203125,1.0,1.0,0.578125,0.90625,1.0,-0.03129108536590473,-0.886645937406075,0.0625,-0.03125
593,oracle_stable_quality,0.05618571389102856,0.02688427848671584,0.875,0.484375,1.0,1.0,0.59375,0.953125,1.0,-0.08558361353944205,-0.5356227934858466,0.40625,0.25
593,oracle_nus_quality,0.0621537745172402,0.028249638594649663,0.875,0.5625,1.0,1.0,0.6875,1.0,1.0,-0.07961555291323041,-0.5120386711475265,0.40625,0.328125
594,baseline_first,0.13012470438332233,0.07623235946734477,0.515625,0.28125,0.859375,1.0,0.71875,0.921875,1.0,0.0,0.0,0.0,0.0
594,oracle_min_ehull,0.05781155922643107,0.02446600630648013,0.859375,0.421875,1.0,1.0,0.5625,0.921875,1.0,-0.07231314515689126,-0.6790600936737305,0.34375,0.140625
594,oracle_min_rmsd,0.09179568040130351,0.005867250663982476,0.6875,0.28125,1.0,1.0,0.53125,0.90625,1.0,-0.03832902398201882,-0.9230346442773322,0.171875,0.0
594,oracle_stable_quality,0.05781155922643107,0.02446600630648013,0.859375,0.421875,1.0,1.0,0.5625,0.921875,1.0,-0.07231314515689126,-0.6790600936737305,0.34375,0.140625
594,oracle_nus_quality,0.062234371862315285,0.02622007755383322,0.859375,0.578125,1.0,1.0,0.71875,0.96875,1.0,-0.06789033252100704,-0.6560505573087376,0.34375,0.296875
595,baseline_first,0.13628111706553722,0.07609845757534675,0.4375,0.234375,0.734375,1.0,0.6875,0.921875,1.0,0.0,0.0,0.0,0.0
595,oracle_min_ehull,0.061329776364745694,0.030955965210271885,0.875,0.46875,1.0,1.0,0.578125,0.9375,1.0,-0.07495134070079153,-0.5932116603070212,0.4375,0.234375
595,oracle_min_rmsd,0.09355803744910837,0.007627337566125639,0.671875,0.28125,1.0,1.0,0.5625,0.9375,1.0,-0.04272307961642885,-0.8997701424030357,0.234375,0.046875
595,oracle_stable_quality,0.061329776364745694,0.030955965210271885,0.875,0.46875,1.0,1.0,0.578125,0.9375,1.0,-0.07495134070079153,-0.5932116603070212,0.4375,0.234375
595,oracle_nus_quality,0.06808777999016233,0.027446403521421275,0.875,0.65625,1.0,1.0,0.796875,0.9375,1.0,-0.0681933370753749,-0.6393303570674085,0.4375,0.421875
596,baseline_first,0.16289451058847731,0.0848514489598793,0.3125,0.15625,0.78125,1.0,0.78125,0.9375,1.0,0.0,0.0,0.0,0.0
596,oracle_min_ehull,0.05178827185223978,0.04792382666156965,0.953125,0.515625,1.0,1.0,0.546875,0.9375,1.0,-0.11110623873623754,-0.43520320219599673,0.640625,0.359375
596,oracle_min_rmsd,0.08906726808010842,0.005613139709773813,0.71875,0.28125,1.0,1.0,0.515625,0.921875,1.0,-0.07382724250836889,-0.9338474501192325,0.40625,0.125
596,oracle_stable_quality,0.05178827185223978,0.04792382666156965,0.953125,0.515625,1.0,1.0,0.546875,0.9375,1.0,-0.11110623873623754,-0.43520320219599673,0.640625,0.359375
596,oracle_nus_quality,0.056658990443632214,0.05170283253642309,0.953125,0.625,1.0,1.0,0.6875,0.9375,1.0,-0.10623552014484511,-0.3906664745245543,0.640625,0.46875
597,baseline_first,0.12773573058175894,0.0344493108310556,0.390625,0.21875,0.8125,1.0,0.765625,0.953125,1.0,0.0,0.0,0.0,0.0
597,oracle_min_ehull,0.06682441555213882,0.023509356918849575,0.796875,0.453125,1.0,1.0,0.609375,0.953125,1.0,-0.06091131502962012,-0.3175666986738035,0.40625,0.234375
597,oracle_min_rmsd,0.10263762770319593,0.005829529241463138,0.578125,0.21875,1.0,1.0,0.546875,0.9375,1.0,-0.02509810287856301,-0.8307795105088751,0.1875,0.0
597,oracle_stable_quality,0.06682441555213882,0.023509356918849575,0.796875,0.453125,1.0,1.0,0.609375,0.953125,1.0,-0.06091131502962012,-0.3175666986738035,0.40625,0.234375
597,oracle_nus_quality,0.07430756821982588,0.01999604518053501,0.796875,0.640625,1.0,1.0,0.84375,1.0,1.0,-0.053428162361933054,-0.41955166306233216,0.40625,0.421875
598,baseline_first,0.14070613018653513,0.05567625809015878,0.359375,0.21875,0.796875,1.0,0.78125,0.96875,1.0,0.0,0.0,0.0,0.0
598,oracle_min_ehull,0.05808358604317283,0.03574826756796088,0.8125,0.453125,1.0,1.0,0.609375,0.96875,1.0,-0.0826225441433623,-0.3579261826455311,0.453125,0.234375
598,oracle_min_rmsd,0.10659118896779948,0.0056514511776586925,0.5625,0.28125,1.0,1.0,0.59375,0.9375,1.0,-0.03411494121873565,-0.8984944144682447,0.203125,0.0625
598,oracle_stable_quality,0.05808358604317283,0.03574826756796088,0.8125,0.453125,1.0,1.0,0.609375,0.96875,1.0,-0.0826225441433623,-0.3579261826455311,0.453125,0.234375
598,oracle_nus_quality,0.06691356346437084,0.036052353843863044,0.8125,0.59375,1.0,1.0,0.78125,0.984375,1.0,-0.07379256672216429,-0.3524644959889002,0.453125,0.375
599,baseline_first,0.15719218319714498,0.09504739307211207,0.34375,0.25,0.890625,1.0,0.859375,0.9375,1.0,0.0,0.0,0.0,0.0
599,oracle_min_ehull,0.06298867837251741,0.03904672389604402,0.84375,0.484375,1.0,1.0,0.578125,0.921875,1.0,-0.09420350482462757,-0.5891867979333275,0.5,0.234375
599,oracle_min_rmsd,0.10758333217682148,0.007340125850617344,0.5625,0.21875,1.0,1.0,0.5625,0.9375,1.0,-0.0496088510203235,-0.9227740434180197,0.21875,-0.03125
599,oracle_stable_quality,0.06298867837251741,0.03904672389604402,0.84375,0.484375,1.0,1.0,0.578125,0.921875,1.0,-0.09420350482462757,-0.5891867979333275,0.5,0.234375
599,oracle_nus_quality,0.06755453060207744,0.05791353357884627,0.84375,0.609375,1.0,1.0,0.765625,0.953125,1.0,-0.08963765259506754,-0.39068782733570073,0.5,0.359375
600,baseline_first,0.14327025526425108,0.050687536894691895,0.359375,0.171875,0.75,1.0,0.765625,0.96875,1.0,0.0,0.0,0.0,0.0
600,oracle_min_ehull,0.061085854055282704,0.018450769083217137,0.90625,0.484375,1.0,1.0,0.578125,0.9375,1.0,-0.08218440120896837,-0.6359900241049325,0.546875,0.3125
600,oracle_min_rmsd,0.09421348495074386,0.007041474041028161,0.625,0.1875,1.0,1.0,0.46875,0.90625,1.0,-0.04905677031350722,-0.8610807612203079,0.265625,0.015625
600,oracle_stable_quality,0.061085854055282704,0.018450769083217137,0.90625,0.484375,1.0,1.0,0.578125,0.9375,1.0,-0.08218440120896837,-0.6359900241049325,0.546875,0.3125
600,oracle_nus_quality,0.06700357447675478,0.02114705903931791,0.90625,0.671875,1.0,1.0,0.78125,0.984375,1.0,-0.0762666807874963,-0.5827956863784305,0.546875,0.5
601,baseline_first,0.13488418019593335,0.05476940978615624,0.390625,0.171875,0.890625,1.0,0.703125,0.96875,1.0,0.0,0.0,0.0,0.0
601,oracle_min_ehull,0.060474846340271,0.016110944287173096,0.859375,0.40625,1.0,1.0,0.546875,0.9375,1.0,-0.07440933385566234,-0.7058404618549428,0.46875,0.234375
601,oracle_min_rmsd,0.10545122478506244,0.005614913409298174,0.53125,0.1875,1.0,1.0,0.546875,0.9375,1.0,-0.029432955410870904,-0.8974808486850369,0.140625,0.015625
601,oracle_stable_quality,0.060474846340271,0.016110944287173096,0.859375,0.40625,1.0,1.0,0.546875,0.9375,1.0,-0.07440933385566234,-0.7058404618549428,0.46875,0.234375
601,oracle_nus_quality,0.06805933896534193,0.019634354228185033,0.859375,0.53125,1.0,1.0,0.671875,0.953125,1.0,-0.06682484123059142,-0.6415087490472118,0.46875,0.359375
602,baseline_first,0.14162167530841235,0.07137638642696201,0.375,0.21875,0.828125,1.0,0.796875,0.96875,1.0,0.0,0.0,0.0,0.0
602,oracle_min_ehull,0.06049618007836788,0.02716470860053604,0.84375,0.46875,1.0,1.0,0.609375,0.921875,1.0,-0.08112549523004448,-0.6194160287403576,0.46875,0.25
602,oracle_min_rmsd,0.09750835998867596,0.006159133597002118,0.5625,0.21875,1.0,1.0,0.578125,0.921875,1.0,-0.04411331531973639,-0.9137090863614309,0.1875,0.0
602,oracle_stable_quality,0.06049618007836788,0.02716470860053604,0.84375,0.46875,1.0,1.0,0.609375,0.921875,1.0,-0.08112549523004448,-0.6194160287403576,0.46875,0.25
602,oracle_nus_quality,0.06688472943818083,0.03145048730478853,0.84375,0.609375,1.0,1.0,0.765625,0.953125,1.0,-0.07473694587023152,-0.5593712587709779,0.46875,0.390625
603,baseline_first,0.1275526651449368,0.025750076863915776,0.453125,0.1875,0.828125,1.0,0.625,0.90625,1.0,0.0,0.0,0.0,0.0
603,oracle_min_ehull,0.05331081896485829,0.023245659714330274,0.9375,0.484375,1.0,1.0,0.546875,0.9375,1.0,-0.07424184618007851,-0.09725862811287389,0.484375,0.296875
603,oracle_min_rmsd,0.09394675264804808,0.004990270792602976,0.640625,0.25,1.0,1.0,0.5,0.9375,1.0,-0.03360591249688871,-0.8062036544987574,0.1875,0.0625
603,oracle_stable_quality,0.05331081896485829,0.023245659714330274,0.9375,0.484375,1.0,1.0,0.546875,0.9375,1.0,-0.07424184618007851,-0.09725862811287389,0.484375,0.296875
603,oracle_nus_quality,0.05871482575817656,0.025031475375493197,0.9375,0.640625,1.0,1.0,0.703125,0.953125,1.0,-0.06883783938676023,-0.02790677061743352,0.484375,0.453125
604,baseline_first,0.15638130198784014,0.09794274295231162,0.359375,0.140625,0.796875,1.0,0.734375,0.953125,1.0,0.0,0.0,0.0,0.0
604,oracle_min_ehull,0.05722445067520188,0.0431112798697756,0.875,0.515625,1.0,1.0,0.625,0.9375,1.0,-0.09915685131263827,-0.5598318101958151,0.515625,0.375
604,oracle_min_rmsd,0.10119894959956,0.006908419858051664,0.609375,0.25,1.0,1.0,0.59375,0.9375,1.0,-0.05518235238828015,-0.929464709177939,0.25,0.109375
604,oracle_stable_quality,0.05722445067520188,0.0431112798697756,0.875,0.515625,1.0,1.0,0.625,0.9375,1.0,-0.09915685131263827,-0.5598318101958151,0.515625,0.375
604,oracle_nus_quality,0.06536327883187054,0.03584327371660652,0.875,0.625,1.0,1.0,0.765625,0.953125,1.0,-0.0910180231559696,-0.6340384939590815,0.515625,0.484375
605,baseline_first,0.16022065221340454,0.04909143782425682,0.34375,0.203125,0.8125,1.0,0.828125,0.984375,1.0,0.0,0.0,0.0,0.0
605,oracle_min_ehull,0.059723529000209705,0.031085964453471143,0.828125,0.4375,1.0,1.0,0.578125,0.90625,1.0,-0.10049712321319483,-0.36677421091726303,0.484375,0.234375
605,oracle_min_rmsd,0.09548018061015451,0.007213616141203547,0.640625,0.3125,1.0,1.0,0.59375,0.921875,1.0,-0.06474047160325003,-0.8530575501367941,0.296875,0.109375
605,oracle_stable_quality,0.059723529000209705,0.031085964453471143,0.828125,0.4375,1.0,1.0,0.578125,0.90625,1.0,-0.10049712321319483,-0.36677421091726303,0.484375,0.234375
605,oracle_nus_quality,0.06428246911338027,0.03467403897026575,0.828125,0.5625,1.0,1.0,0.71875,0.953125,1.0,-0.09593818310002426,-0.2936845913049876,0.484375,0.359375
606,baseline_first,0.14976798869356153,0.05054212053376063,0.484375,0.203125,0.84375,1.0,0.671875,0.90625,1.0,0.0,0.0,0.0,0.0
606,oracle_min_ehull,0.06089516985206871,0.015381609617867572,0.859375,0.453125,1.0,1.0,0.546875,0.90625,1.0,-0.08887281884149281,-0.6956675055295094,0.375,0.25
606,oracle_min_rmsd,0.0932038973103918,0.0043038490998440395,0.625,0.234375,1.0,1.0,0.515625,0.890625,1.0,-0.05656409138316973,-0.9148462895028475,0.140625,0.03125
606,oracle_stable_quality,0.06089516985206871,0.015381609617867572,0.859375,0.453125,1.0,1.0,0.546875,0.90625,1.0,-0.08887281884149281,-0.6956675055295094,0.375,0.25
606,oracle_nus_quality,0.07298411906466537,0.037121858967845006,0.859375,0.65625,1.0,1.0,0.8125,0.9375,1.0,-0.07678386962889616,-0.26552628627742847,0.375,0.453125
607,baseline_first,0.14699492834276057,0.06567380682544213,0.328125,0.140625,0.859375,1.0,0.71875,0.921875,1.0,0.0,0.0,0.0,0.0
607,oracle_min_ehull,0.059196563234119357,0.026124573314701957,0.859375,0.46875,1.0,1.0,0.625,0.953125,1.0,-0.08779836510864121,-0.6022071115179932,0.53125,0.328125
607,oracle_min_rmsd,0.10023963021718786,0.008158990683911219,0.609375,0.25,1.0,1.0,0.546875,0.9375,1.0,-0.046755298125572706,-0.875764919405427,0.28125,0.109375
607,oracle_stable_quality,0.059196563234119357,0.026124573314701957,0.859375,0.46875,1.0,1.0,0.625,0.953125,1.0,-0.08779836510864121,-0.6022071115179932,0.53125,0.328125
607,oracle_nus_quality,0.06225169112912535,0.046567686850838765,0.859375,0.5625,1.0,1.0,0.703125,0.984375,1.0,-0.08474323721363522,-0.2909245085394019,0.53125,0.421875
608,baseline_first,0.1559081203449751,0.07689758748311605,0.375,0.28125,0.796875,1.0,0.84375,0.9375,1.0,0.0,0.0,0.0,0.0
608,oracle_min_ehull,0.055320431334715106,0.02148346119439845,0.859375,0.453125,1.0,1.0,0.5625,0.9375,1.0,-0.10058768901025998,-0.720622429161182,0.484375,0.171875
608,oracle_min_rmsd,0.09376915266304796,0.00582388595899537,0.625,0.25,1.0,1.0,0.546875,0.890625,1.0,-0.06213896768192713,-0.924264386574233,0.25,-0.03125
608,oracle_stable_quality,0.055320431334715106,0.02148346119439845,0.859375,0.453125,1.0,1.0,0.5625,0.9375,1.0,-0.10058768901025998,-0.720622429161182,0.484375,0.171875
608,oracle_nus_quality,0.060233350106582435,0.023994769588803352,0.859375,0.5625,1.0,1.0,0.703125,0.984375,1.0,-0.09567477023839266,-0.6879645984463201,0.484375,0.28125
609,baseline_first,0.13768869664928973,0.051524144051136186,0.4375,0.1875,0.84375,1.0,0.703125,0.96875,1.0,0.0,0.0,0.0,0.0
609,oracle_min_ehull,0.0632392419648684,0.02158881990574428,0.828125,0.421875,1.0,1.0,0.546875,0.9375,1.0,-0.07444945468442134,-0.580996049457551,0.390625,0.234375
609,oracle_min_rmsd,0.10077832593243456,0.0072531183834700415,0.59375,0.234375,1.0,1.0,0.53125,0.921875,1.0,-0.03691037071685517,-0.8592287457260516,0.15625,0.046875
609,oracle_stable_quality,0.0632392419648684,0.02158881990574428,0.828125,0.421875,1.0,1.0,0.546875,0.9375,1.0,-0.07444945468442134,-0.580996049457551,0.390625,0.234375
609,oracle_nus_quality,0.07172598016972326,0.04863199997512521,0.828125,0.625,1.0,1.0,0.8125,0.953125,1.0,-0.06596271647956647,-0.05613182187249166,0.390625,0.4375
610,baseline_first,0.13865291664049287,0.026725895014792517,0.453125,0.203125,0.875,1.0,0.5625,0.953125,1.0,0.0,0.0,0.0,0.0
610,oracle_min_ehull,0.06465622035580772,0.05207056731844273,0.84375,0.515625,1.0,1.0,0.65625,0.953125,1.0,-0.07399669628468515,0.94831893523574,0.390625,0.3125
610,oracle_min_rmsd,0.10324392433008399,0.006640525119204096,0.578125,0.203125,1.0,1.0,0.53125,0.921875,1.0,-0.03540899231040888,-0.7515321707456895,0.125,0.0
610,oracle_stable_quality,0.06465622035580772,0.05207056731844273,0.84375,0.515625,1.0,1.0,0.65625,0.953125,1.0,-0.07399669628468515,0.94831893523574,0.390625,0.3125
610,oracle_nus_quality,0.06976886959566503,0.04919838848163824,0.84375,0.625,1.0,1.0,0.78125,0.96875,1.0,-0.06888404704482784,0.8408509220891356,0.390625,0.421875
611,baseline_first,0.14207500046710464,0.06426831701866718,0.421875,0.234375,0.890625,1.0,0.78125,0.9375,1.0,0.0,0.0,0.0,0.0
611,oracle_min_ehull,0.060443563027290634,0.022959975061895115,0.828125,0.390625,1.0,1.0,0.5625,0.90625,1.0,-0.081631437439814,-0.6427481513912021,0.40625,0.15625
611,oracle_min_rmsd,0.11170543887278572,0.004244831296983039,0.5625,0.1875,1.0,1.0,0.53125,0.890625,1.0,-0.030369561594318917,-0.9339514165938079,0.140625,-0.046875
611,oracle_stable_quality,0.060443563027290634,0.022959975061895115,0.828125,0.390625,1.0,1.0,0.5625,0.90625,1.0,-0.081631437439814,-0.6427481513912021,0.40625,0.15625
611,oracle_nus_quality,0.06804485042650808,0.023877422785542588,0.828125,0.609375,1.0,1.0,0.78125,1.0,1.0,-0.07403015004059656,-0.6284728791232044,0.40625,0.375
612,baseline_first,0.13714885694049528,0.0928367624442358,0.421875,0.21875,0.875,1.0,0.796875,0.96875,1.0,0.0,0.0,0.0,0.0
612,oracle_min_ehull,0.06014741044807742,0.030002274976212533,0.84375,0.484375,1.0,1.0,0.625,0.9375,1.0,-0.07700144649241786,-0.676827646868513,0.421875,0.265625
612,oracle_min_rmsd,0.10635862849507124,0.007212221958379944,0.5625,0.28125,1.0,1.0,0.640625,0.9375,1.0,-0.030790228445424034,-0.9223128664928174,0.140625,0.0625
612,oracle_stable_quality,0.06014741044807742,0.030002274976212533,0.84375,0.484375,1.0,1.0,0.625,0.9375,1.0,-0.07700144649241786,-0.676827646868513,0.421875,0.265625
612,oracle_nus_quality,0.06498654613242197,0.029804992640378947,0.84375,0.625,1.0,1.0,0.78125,0.984375,1.0,-0.07216231080807331,-0.6789526922776752,0.421875,0.40625
613,baseline_first,0.1379173797606671,0.054059257705248526,0.421875,0.296875,0.796875,1.0,0.8125,0.984375,1.0,0.0,0.0,0.0,0.0
613,oracle_min_ehull,0.05491630430025613,0.025859196773020007,0.859375,0.453125,1.0,1.0,0.546875,0.921875,1.0,-0.08300107546041097,-0.5216509091927584,0.4375,0.15625
613,oracle_min_rmsd,0.09124109896767416,0.0055330920255366334,0.625,0.265625,1.0,1.0,0.53125,0.90625,1.0,-0.046676280792992936,-0.8976476507371756,0.203125,-0.03125
613,oracle_stable_quality,0.05491630430025613,0.025859196773020007,0.859375,0.453125,1.0,1.0,0.546875,0.921875,1.0,-0.08300107546041097,-0.5216509091927584,0.4375,0.15625
613,oracle_nus_quality,0.06714579744617576,0.07034463682744103,0.859375,0.625,1.0,1.0,0.765625,0.953125,1.0,-0.07077158231449134,0.3012505131126022,0.4375,0.328125
614,baseline_first,0.1289963992020772,0.03478108716903991,0.5,0.25,0.859375,1.0,0.6875,0.9375,1.0,0.0,0.0,0.0,0.0
614,oracle_min_ehull,0.06565736957116973,0.019815111121653736,0.765625,0.421875,1.0,1.0,0.578125,0.9375,1.0,-0.06333902963090747,-0.43029063394855616,0.265625,0.171875
614,oracle_min_rmsd,0.09789298871770002,0.005645919283343569,0.625,0.265625,1.0,1.0,0.53125,0.921875,1.0,-0.031103410484377175,-0.8376727197771656,0.125,0.015625
614,oracle_stable_quality,0.06565736957116973,0.019815111121653736,0.765625,0.421875,1.0,1.0,0.578125,0.9375,1.0,-0.06333902963090747,-0.43029063394855616,0.265625,0.171875
614,oracle_nus_quality,0.07636793114315592,0.023373484494674635,0.765625,0.59375,1.0,1.0,0.828125,0.96875,1.0,-0.05262846805892128,-0.3279829241369906,0.265625,0.34375
615,baseline_first,0.14318216218119378,0.10514501855456795,0.421875,0.203125,0.921875,1.0,0.734375,0.953125,1.0,0.0,0.0,0.0,0.0
615,oracle_min_ehull,0.061993625831598655,0.03222224862061771,0.84375,0.375,1.0,1.0,0.5,0.953125,1.0,-0.08118853634959514,-0.6935446960438256,0.421875,0.171875
615,oracle_min_rmsd,0.10192532112203379,0.0057357168195051374,0.59375,0.21875,1.0,1.0,0.5,0.890625,1.0,-0.04125684105916,-0.9454494668567829,0.171875,0.015625
615,oracle_stable_quality,0.061993625831598655,0.03222224862061771,0.84375,0.375,1.0,1.0,0.5,0.953125,1.0,-0.08118853634959514,-0.6935446960438256,0.421875,0.171875
615,oracle_nus_quality,0.07035703620709505,0.053423025124400836,0.84375,0.59375,1.0,1.0,0.734375,1.0,1.0,-0.07282512597409874,-0.49191102099929285,0.421875,0.390625
616,baseline_first,0.1436431525042529,0.06378412584289708,0.421875,0.203125,0.875,1.0,0.71875,0.9375,1.0,0.0,0.0,0.0,0.0
616,oracle_min_ehull,0.05970794237424203,0.011371461268343649,0.859375,0.453125,1.0,1.0,0.578125,0.921875,1.0,-0.08393521013001087,-0.8217195717888801,0.4375,0.25
616,oracle_min_rmsd,0.0863801510982116,0.0059753570924379554,0.703125,0.296875,1.0,1.0,0.515625,0.921875,1.0,-0.05726300140604132,-0.9063190564505735,0.28125,0.09375
616,oracle_stable_quality,0.05970794237424203,0.011371461268343649,0.859375,0.453125,1.0,1.0,0.578125,0.921875,1.0,-0.08393521013001087,-0.8217195717888801,0.4375,0.25
616,oracle_nus_quality,0.07156291521707413,0.03287276816491934,0.859375,0.578125,1.0,1.0,0.734375,0.9375,1.0,-0.07208023728717879,-0.48462461889206865,0.4375,0.375
617,baseline_first,0.15166458885167383,0.08917184668745404,0.390625,0.1875,0.765625,1.0,0.75,0.953125,1.0,0.0,0.0,0.0,0.0
617,oracle_min_ehull,0.06128725804946314,0.03548758912235434,0.859375,0.421875,1.0,1.0,0.515625,0.90625,1.0,-0.09037733080221069,-0.6020314657524386,0.46875,0.234375
617,oracle_min_rmsd,0.1005276751358688,0.00639545971214419,0.609375,0.265625,1.0,1.0,0.5625,0.90625,1.0,-0.05113691371580503,-0.9282793846968295,0.21875,0.078125
617,oracle_stable_quality,0.06128725804946314,0.03548758912235434,0.859375,0.421875,1.0,1.0,0.515625,0.90625,1.0,-0.09037733080221069,-0.6020314657524386,0.46875,0.234375
617,oracle_nus_quality,0.06911739344529856,0.03374268266073889,0.859375,0.5625,1.0,1.0,0.703125,0.96875,1.0,-0.08254719540637527,-0.6215993734097884,0.46875,0.375
618,baseline_first,0.15911851345469463,0.09664367068687257,0.359375,0.203125,0.859375,1.0,0.8125,0.96875,1.0,0.0,0.0,0.0,0.0
618,oracle_min_ehull,0.0575651300619273,0.023161060403381985,0.828125,0.421875,1.0,1.0,0.53125,0.890625,1.0,-0.10155338339276733,-0.7603458122112903,0.46875,0.21875
618,oracle_min_rmsd,0.09713014669182238,0.006750036684303251,0.625,0.21875,1.0,1.0,0.515625,0.921875,1.0,-0.061988366762872255,-0.9301554190116236,0.265625,0.015625
618,oracle_stable_quality,0.0575651300619273,0.023161060403381985,0.828125,0.421875,1.0,1.0,0.53125,0.890625,1.0,-0.10155338339276733,-0.7603458122112903,0.46875,0.21875
618,oracle_nus_quality,0.06560407099181513,0.01917237041562672,0.828125,0.578125,1.0,1.0,0.75,0.9375,1.0,-0.0935144424628795,-0.8016179406332197,0.46875,0.375
619,baseline_first,0.1568323281659618,0.09884777229706088,0.34375,0.234375,0.8125,1.0,0.8125,0.96875,1.0,0.0,0.0,0.0,0.0
619,oracle_min_ehull,0.060199972523318504,0.02538934065939212,0.859375,0.46875,1.0,1.0,0.578125,0.921875,1.0,-0.09663235564264329,-0.7431470627067733,0.515625,0.234375
619,oracle_min_rmsd,0.09834215524197437,0.006030241405687142,0.609375,0.234375,1.0,1.0,0.5,0.921875,1.0,-0.05849017292398742,-0.9389946655796668,0.265625,0.0
619,oracle_stable_quality,0.060199972523318504,0.02538934065939212,0.859375,0.46875,1.0,1.0,0.578125,0.921875,1.0,-0.09663235564264329,-0.7431470627067733,0.515625,0.234375
619,oracle_nus_quality,0.06798268605720789,0.038383108933396574,0.859375,0.640625,1.0,1.0,0.796875,0.96875,1.0,-0.0888496421087539,-0.6116947500036087,0.515625,0.40625
620,baseline_first,0.14849257090176585,0.07960397415738621,0.40625,0.1875,0.828125,1.0,0.6875,0.96875,1.0,0.0,0.0,0.0,0.0
620,oracle_min_ehull,0.05423605049606296,0.023097716888095123,0.875,0.5,0.984375,1.0,0.625,0.9375,1.0,-0.09425652040570288,-0.7098421638795536,0.46875,0.3125
620,oracle_min_rmsd,0.09566872547371433,0.0071484492812807655,0.59375,0.25,0.984375,1.0,0.609375,0.875,1.0,-0.05282384542805152,-0.910199844204418,0.1875,0.0625
620,oracle_stable_quality,0.05423605049606296,0.023097716888095123,0.875,0.5,0.984375,1.0,0.625,0.9375,1.0,-0.09425652040570288,-0.7098421638795536,0.46875,0.3125
620,oracle_nus_quality,0.05892559452244289,0.02388888639606658,0.875,0.640625,0.984375,1.0,0.765625,0.96875,1.0,-0.08956697637932295,-0.6999033446642311,0.46875,0.453125
621,baseline_first,0.17677427175408567,0.07432239730739104,0.296875,0.15625,0.78125,1.0,0.796875,0.96875,1.0,0.0,0.0,0.0,0.0
621,oracle_min_ehull,0.060526419933606114,0.03243015762915931,0.828125,0.4375,1.0,1.0,0.609375,0.953125,1.0,-0.11624785182047956,-0.5636556569208745,0.53125,0.28125
621,oracle_min_rmsd,0.1107902085179241,0.004965741065351748,0.515625,0.203125,1.0,1.0,0.609375,0.90625,1.0,-0.06598406323616157,-0.9331864788374106,0.21875,0.046875
621,oracle_stable_quality,0.060526419933606114,0.03243015762915931,0.828125,0.4375,1.0,1.0,0.609375,0.953125,1.0,-0.11624785182047956,-0.5636556569208745,0.53125,0.28125
621,oracle_nus_quality,0.06637852892300708,0.03651377394141797,0.828125,0.578125,1.0,1.0,0.765625,0.96875,1.0,-0.11039574283107859,-0.5087110310718297,0.53125,0.421875
622,baseline_first,0.13707977839073643,0.08931209915530684,0.4375,0.25,0.875,1.0,0.71875,0.953125,1.0,0.0,0.0,0.0,0.0
622,oracle_min_ehull,0.05206984755652399,0.023202948707245694,0.90625,0.4375,1.0,1.0,0.515625,0.9375,1.0,-0.08500993083421243,-0.740203747009713,0.46875,0.1875
622,oracle_min_rmsd,0.08799839717681318,0.005327022818440717,0.65625,0.265625,1.0,1.0,0.546875,0.90625,1.0,-0.04908138121392325,-0.9403549701684042,0.21875,0.015625
622,oracle_stable_quality,0.05206984755652399,0.023202948707245694,0.90625,0.4375,1.0,1.0,0.515625,0.9375,1.0,-0.08500993083421243,-0.740203747009713,0.46875,0.1875
622,oracle_nus_quality,0.062189161490162015,0.020255643556060868,0.90625,0.65625,1.0,1.0,0.75,0.96875,1.0,-0.07489061690057441,-0.7732038128357294,0.46875,0.40625
623,baseline_first,0.1397260135247517,0.04799025939373422,0.46875,0.25,0.8125,1.0,0.703125,0.96875,1.0,0.0,0.0,0.0,0.0
623,oracle_min_ehull,0.055703783158443765,0.020163193778731624,0.875,0.40625,1.0,1.0,0.515625,0.921875,1.0,-0.08402223036630793,-0.5798482018339705,0.40625,0.15625
623,oracle_min_rmsd,0.09693728666139519,0.005475837321989795,0.578125,0.203125,1.0,1.0,0.546875,0.90625,1.0,-0.04278872686335651,-0.8858969009301763,0.109375,-0.046875
623,oracle_stable_quality,0.055703783158443765,0.020163193778731624,0.875,0.40625,1.0,1.0,0.515625,0.921875,1.0,-0.08402223036630793,-0.5798482018339705,0.40625,0.15625
623,oracle_nus_quality,0.06526834027464473,0.04255940342402527,0.875,0.59375,1.0,1.0,0.71875,0.984375,1.0,-0.07445767325010696,-0.11316579735799515,0.40625,0.34375
624,baseline_first,0.1470320595349789,0.07695326631228164,0.390625,0.21875,0.890625,1.0,0.71875,0.953125,1.0,0.0,0.0,0.0,0.0
624,oracle_min_ehull,0.057822634813582685,0.025243809599126213,0.890625,0.515625,1.0,1.0,0.609375,0.984375,1.0,-0.0892094247213962,-0.6719592187720129,0.5,0.296875
624,oracle_min_rmsd,0.09573878946714408,0.006753172965421704,0.625,0.25,1.0,1.0,0.546875,0.921875,1.0,-0.05129327006783481,-0.9122431926668731,0.234375,0.03125
624,oracle_stable_quality,0.057822634813582685,0.025243809599126213,0.890625,0.515625,1.0,1.0,0.609375,0.984375,1.0,-0.0892094247213962,-0.6719592187720129,0.5,0.296875
624,oracle_nus_quality,0.06317559497113043,0.028738905851747827,0.890625,0.640625,1.0,1.0,0.75,0.984375,1.0,-0.08385646456384846,-0.6265407924970543,0.5,0.421875
625,baseline_first,0.1374375324594474,0.09256991473638859,0.390625,0.203125,0.8125,1.0,0.734375,0.984375,1.0,0.0,0.0,0.0,0.0
625,oracle_min_ehull,0.05793922407762632,0.034416032904541066,0.875,0.453125,1.0,1.0,0.53125,0.9375,1.0,-0.07949830838182108,-0.6282157869265881,0.484375,0.25
625,oracle_min_rmsd,0.09635877872353218,0.006848858404743556,0.640625,0.265625,1.0,1.0,0.546875,0.90625,1.0,-0.04107875373591521,-0.9260142085660654,0.25,0.0625
625,oracle_stable_quality,0.05793922407762632,0.034416032904541066,0.875,0.453125,1.0,1.0,0.53125,0.9375,1.0,-0.07949830838182108,-0.6282157869265881,0.484375,0.25
625,oracle_nus_quality,0.06673961354943767,0.042667109352587745,0.875,0.609375,1.0,1.0,0.734375,0.984375,1.0,-0.07069791891000973,-0.5390823306460755,0.484375,0.40625
626,baseline_first,0.15048544600290753,0.06902806126008215,0.296875,0.21875,0.84375,1.0,0.765625,0.9375,1.0,0.0,0.0,0.0,0.0
626,oracle_min_ehull,0.061723895613353064,0.02971739259358649,0.859375,0.5,1.0,1.0,0.640625,0.953125,1.0,-0.08876155038955447,-0.5694882334646766,0.5625,0.28125
626,oracle_min_rmsd,0.09978206073124035,0.009101825999934341,0.578125,0.1875,1.0,1.0,0.5,0.90625,1.0,-0.05070338527166718,-0.8681431024747933,0.28125,-0.03125
626,oracle_stable_quality,0.061723895613353064,0.02971739259358649,0.859375,0.5,1.0,1.0,0.640625,0.953125,1.0,-0.08876155038955447,-0.5694882334646766,0.5625,0.28125
626,oracle_nus_quality,0.07007212272520438,0.04192062423502815,0.859375,0.671875,1.0,1.0,0.828125,0.984375,1.0,-0.08041332327770315,-0.39270170029720664,0.5625,0.453125
627,baseline_first,0.15469977576562605,0.054483834168382164,0.359375,0.15625,0.828125,1.0,0.703125,0.953125,1.0,0.0,0.0,0.0,0.0
627,oracle_min_ehull,0.0532901851615145,0.019870899937511063,0.875,0.4375,1.0,1.0,0.5,0.921875,1.0,-0.10140959060411155,-0.6352881503144567,0.515625,0.28125
627,oracle_min_rmsd,0.08608255038164966,0.005119306022958255,0.671875,0.28125,1.0,1.0,0.515625,0.9375,1.0,-0.06861722538397638,-0.9060399088812829,0.3125,0.125
627,oracle_stable_quality,0.0532901851615145,0.019870899937511063,0.875,0.4375,1.0,1.0,0.5,0.921875,1.0,-0.10140959060411155,-0.6352881503144567,0.515625,0.28125
627,oracle_nus_quality,0.06414559772444522,0.04422552352395921,0.875,0.59375,1.0,1.0,0.734375,0.953125,1.0,-0.09055417804118082,-0.18828173165492845,0.515625,0.4375
628,baseline_first,0.126335336022891,0.05768565111412553,0.453125,0.21875,0.8125,1.0,0.734375,0.953125,1.0,0.0,0.0,0.0,0.0
628,oracle_min_ehull,0.05453874532425043,0.04246854345716121,0.890625,0.46875,1.0,1.0,0.546875,0.90625,1.0,-0.07179659069864056,-0.26379363607873185,0.4375,0.25
628,oracle_min_rmsd,0.08453295007638591,0.006530915925982584,0.65625,0.3125,1.0,1.0,0.5625,0.921875,1.0,-0.04180238594650508,-0.8867843943884451,0.203125,0.09375
628,oracle_stable_quality,0.05453874532425043,0.04246854345716121,0.890625,0.46875,1.0,1.0,0.546875,0.90625,1.0,-0.07179659069864056,-0.26379363607873185,0.4375,0.25
628,oracle_nus_quality,0.061805840114109535,0.04949928924021846,0.890625,0.609375,1.0,1.0,0.734375,0.953125,1.0,-0.06452949590878146,-0.1419133132035061,0.4375,0.390625
629,baseline_first,0.14071562741033372,0.08155864366383447,0.40625,0.265625,0.890625,1.0,0.75,1.0,1.0,0.0,0.0,0.0,0.0
629,oracle_min_ehull,0.05624749636019128,0.027071090500773647,0.859375,0.46875,1.0,1.0,0.5625,0.953125,1.0,-0.08446813105014245,-0.6680782160581984,0.453125,0.203125
629,oracle_min_rmsd,0.09129080546283214,0.007579872316643734,0.640625,0.28125,1.0,1.0,0.5625,0.921875,1.0,-0.049424821947501585,-0.9070623054021572,0.234375,0.015625
629,oracle_stable_quality,0.05624749636019128,0.027071090500773647,0.859375,0.46875,1.0,1.0,0.5625,0.953125,1.0,-0.08446813105014245,-0.6680782160581984,0.453125,0.203125
629,oracle_nus_quality,0.06637202752747333,0.03634830263633169,0.859375,0.609375,1.0,1.0,0.75,0.984375,1.0,-0.07434359988286039,-0.5543292408570349,0.453125,0.34375
630,baseline_first,0.13520467292706762,0.05496870976527026,0.46875,0.328125,0.90625,1.0,0.75,0.9375,1.0,0.0,0.0,0.0,0.0
630,oracle_min_ehull,0.06282494398365694,0.032203610112249745,0.84375,0.421875,1.0,1.0,0.546875,0.90625,1.0,-0.07237972894341067,-0.41414651626776433,0.375,0.09375
630,oracle_min_rmsd,0.09371204648187291,0.005374119293110491,0.65625,0.265625,1.0,1.0,0.53125,0.921875,1.0,-0.041492626445194705,-0.9022331192407592,0.1875,-0.0625
630,oracle_stable_quality,0.06282494398365694,0.032203610112249745,0.84375,0.421875,1.0,1.0,0.546875,0.90625,1.0,-0.07237972894341067,-0.41414651626776433,0.375,0.09375
630,oracle_nus_quality,0.07114195637876466,0.04817398698010648,0.84375,0.625,1.0,1.0,0.78125,0.96875,1.0,-0.06406271654830295,-0.12361073807587808,0.375,0.296875
631,baseline_first,0.13919406760036734,0.048764888303887866,0.40625,0.25,0.796875,1.0,0.796875,0.984375,1.0,0.0,0.0,0.0,0.0
631,oracle_min_ehull,0.057930057264978206,0.028843123448138892,0.875,0.421875,1.0,1.0,0.546875,0.90625,1.0,-0.08126401033538913,-0.4085268222414994,0.46875,0.171875
631,oracle_min_rmsd,0.0932565313283631,0.004890417070081456,0.609375,0.234375,1.0,1.0,0.515625,0.9375,1.0,-0.04593753627200424,-0.8997143797478655,0.203125,-0.015625
631,oracle_stable_quality,0.057930057264978206,0.028843123448138892,0.875,0.421875,1.0,1.0,0.546875,0.90625,1.0,-0.08126401033538913,-0.4085268222414994,0.46875,0.171875
631,oracle_nus_quality,0.06047854989940738,0.02283060092365132,0.875,0.5625,1.0,1.0,0.6875,0.921875,1.0,-0.07871551770095997,-0.5318229628379747,0.46875,0.3125
632,baseline_first,0.11562137091650776,0.04212584148887042,0.484375,0.203125,0.765625,1.0,0.671875,0.953125,1.0,0.0,0.0,0.0,0.0
632,oracle_min_ehull,0.05746595289634799,0.021470894722293826,0.875,0.453125,0.984375,1.0,0.546875,0.9375,1.0,-0.05815541802015977,-0.49031535125615466,0.390625,0.25
632,oracle_min_rmsd,0.09726575145043785,0.0072671545058616395,0.578125,0.203125,0.984375,1.0,0.5,0.921875,1.0,-0.01835561946606991,-0.8274893925197527,0.09375,0.0
632,oracle_stable_quality,0.05746595289634799,0.021470894722293826,0.875,0.453125,0.984375,1.0,0.546875,0.9375,1.0,-0.05815541802015977,-0.49031535125615466,0.390625,0.25
632,oracle_nus_quality,0.06864467938753255,0.030252675841721643,0.875,0.671875,0.984375,1.0,0.796875,0.984375,1.0,-0.04697669152897521,-0.2818499340905902,0.390625,0.46875
633,baseline_first,0.15042312292676882,0.0854921396562929,0.40625,0.21875,0.859375,1.0,0.78125,0.9375,1.0,0.0,0.0,0.0,0.0
633,oracle_min_ehull,0.06049773480600029,0.03869019508966659,0.875,0.421875,1.0,1.0,0.515625,0.921875,1.0,-0.08992538812076853,-0.5474414929230434,0.46875,0.203125
633,oracle_min_rmsd,0.1089365241335785,0.005327265944848697,0.53125,0.21875,1.0,1.0,0.5625,0.90625,1.0,-0.04148659879319032,-0.9376870672992149,0.125,0.0
633,oracle_stable_quality,0.06049773480600029,0.03869019508966659,0.875,0.421875,1.0,1.0,0.515625,0.921875,1.0,-0.08992538812076853,-0.5474414929230434,0.46875,0.203125
633,oracle_nus_quality,0.06980806215783032,0.04385906677308191,0.875,0.640625,1.0,1.0,0.765625,0.96875,1.0,-0.0806150607689385,-0.48698129501249965,0.46875,0.421875
634,baseline_first,0.14109615892758476,0.03938326680721105,0.359375,0.1875,0.875,1.0,0.734375,0.96875,1.0,0.0,0.0,0.0,0.0
634,oracle_min_ehull,0.05210655063670163,0.021028443312721145,0.921875,0.546875,1.0,1.0,0.609375,0.90625,1.0,-0.08898960829088312,-0.46605639863093196,0.5625,0.359375
634,oracle_min_rmsd,0.09493102809435788,0.004912895585270092,0.625,0.1875,1.0,1.0,0.46875,0.90625,1.0,-0.046165130833226875,-0.8752542390828141,0.265625,0.0
634,oracle_stable_quality,0.05210655063670163,0.021028443312721145,0.921875,0.546875,1.0,1.0,0.609375,0.90625,1.0,-0.08898960829088312,-0.46605639863093196,0.5625,0.359375
634,oracle_nus_quality,0.05858861100924162,0.02489435260513751,0.921875,0.640625,1.0,1.0,0.734375,0.9375,1.0,-0.08250754791834314,-0.36789518434312884,0.5625,0.453125
635,baseline_first,0.13644137797847788,0.061620251704345146,0.46875,0.25,0.90625,1.0,0.71875,0.953125,1.0,0.0,0.0,0.0,0.0
635,oracle_min_ehull,0.06241671912328445,0.04863324727839978,0.84375,0.390625,1.0,1.0,0.515625,0.90625,1.0,-0.07402465885519344,-0.2107587045936975,0.375,0.140625
635,oracle_min_rmsd,0.10466758358310739,0.006241730958763462,0.5625,0.203125,1.0,1.0,0.546875,0.890625,1.0,-0.031773794395370494,-0.8987065001176663,0.09375,-0.046875
635,oracle_stable_quality,0.06241671912328445,0.04863324727839978,0.84375,0.390625,1.0,1.0,0.515625,0.90625,1.0,-0.07402465885519344,-0.2107587045936975,0.375,0.140625
635,oracle_nus_quality,0.06905006192243307,0.05368655096660559,0.84375,0.578125,1.0,1.0,0.75,0.953125,1.0,-0.06739131605604481,-0.12875151461252654,0.375,0.328125
636,baseline_first,0.13480499925985193,0.04230723464675237,0.4375,0.21875,0.875,1.0,0.65625,0.953125,1.0,0.0,0.0,0.0,0.0
636,oracle_min_ehull,0.06119352392280687,0.025919326322379074,0.8125,0.4375,1.0,1.0,0.5625,0.9375,1.0,-0.07361147533704505,-0.3873547505812054,0.375,0.21875
636,oracle_min_rmsd,0.1021871270577687,0.0054864976155956195,0.546875,0.234375,1.0,1.0,0.5625,0.921875,1.0,-0.03261787220208323,-0.8703177444376696,0.109375,0.015625
636,oracle_stable_quality,0.06119352392280687,0.025919326322379074,0.8125,0.4375,1.0,1.0,0.5625,0.9375,1.0,-0.07361147533704505,-0.3873547505812054,0.375,0.21875
636,oracle_nus_quality,0.07440418810625488,0.03860058868683677,0.8125,0.59375,1.0,1.0,0.78125,0.984375,1.0,-0.06040081115359705,-0.0876125795236804,0.375,0.375
637,baseline_first,0.1685102395347174,0.04684319100637619,0.375,0.1875,0.890625,1.0,0.796875,0.9375,1.0,0.0,0.0,0.0,0.0
637,oracle_min_ehull,0.05425276384437693,0.023703021093488562,0.90625,0.53125,1.0,1.0,0.59375,0.9375,1.0,-0.11425747569034045,-0.4939921772139272,0.53125,0.34375
637,oracle_min_rmsd,0.09865568394146078,0.0049002904431365455,0.609375,0.203125,1.0,1.0,0.46875,0.90625,1.0,-0.06985455559325661,-0.8953894827004948,0.234375,0.015625
637,oracle_stable_quality,0.05425276384437693,0.023703021093488562,0.90625,0.53125,1.0,1.0,0.59375,0.9375,1.0,-0.11425747569034045,-0.4939921772139272,0.53125,0.34375
637,oracle_nus_quality,0.06386434888907688,0.04596222787976295,0.90625,0.6875,1.0,1.0,0.765625,0.96875,1.0,-0.1046458906456405,-0.018806642068712298,0.53125,0.5
638,baseline_first,0.16189362388653566,0.1056780524387586,0.328125,0.15625,0.84375,1.0,0.78125,0.96875,1.0,0.0,0.0,0.0,0.0
638,oracle_min_ehull,0.06281849214980499,0.023087061048885346,0.8125,0.421875,1.0,1.0,0.5625,0.921875,1.0,-0.09907513173673067,-0.7815340033611566,0.484375,0.265625
638,oracle_min_rmsd,0.09213806564256553,0.004967995021332458,0.609375,0.234375,1.0,1.0,0.515625,0.921875,1.0,-0.06975555824397013,-0.9529893397286873,0.28125,0.078125
638,oracle_stable_quality,0.06281849214980499,0.023087061048885346,0.8125,0.421875,1.0,1.0,0.5625,0.921875,1.0,-0.09907513173673067,-0.7815340033611566,0.484375,0.265625
638,oracle_nus_quality,0.07487664349799458,0.05190965045139011,0.8125,0.640625,1.0,1.0,0.84375,0.953125,1.0,-0.08701698038854108,-0.5087944066581637,0.484375,0.484375
639,baseline_first,0.13593308623334932,0.07125213463127947,0.4375,0.21875,0.828125,1.0,0.75,0.921875,1.0,0.0,0.0,0.0,0.0
639,oracle_min_ehull,0.05644554345397755,0.03464740165476232,0.859375,0.46875,1.0,1.0,0.578125,0.921875,1.0,-0.07948754277937177,-0.5137352468938914,0.421875,0.25
639,oracle_min_rmsd,0.10540413643948965,0.006538964995895647,0.578125,0.21875,1.0,1.0,0.53125,0.921875,1.0,-0.030528949793859672,-0.9082278021601186,0.140625,0.0
639,oracle_stable_quality,0.05644554345397755,0.03464740165476232,0.859375,0.46875,1.0,1.0,0.578125,0.921875,1.0,-0.07948754277937177,-0.5137352468938914,0.421875,0.25
639,oracle_nus_quality,0.06244886706944705,0.035736262987492315,0.859375,0.609375,1.0,1.0,0.75,0.953125,1.0,-0.07348421916390227,-0.4984534404137809,0.421875,0.390625
640,baseline_first,0.1503604865147393,0.08486698988943375,0.34375,0.15625,0.765625,1.0,0.6875,0.921875,1.0,0.0,0.0,0.0,0.0
640,oracle_min_ehull,0.06296768878338384,0.02319920559937914,0.84375,0.40625,1.0,1.0,0.5625,0.890625,1.0,-0.08739279773135546,-0.726640409544353,0.5,0.25
640,oracle_min_rmsd,0.10157753563614695,0.006196317735925933,0.578125,0.203125,1.0,1.0,0.53125,0.90625,1.0,-0.04878295087859234,-0.9269878931254825,0.234375,0.046875
640,oracle_stable_quality,0.06296768878338384,0.02319920559937914,0.84375,0.40625,1.0,1.0,0.5625,0.890625,1.0,-0.08739279773135546,-0.726640409544353,0.5,0.25
640,oracle_nus_quality,0.06803149066600392,0.026428075213580985,0.84375,0.578125,1.0,1.0,0.75,0.921875,1.0,-0.08232899584873538,-0.6885941725043865,0.5,0.421875
641,baseline_first,0.15123597519531556,0.058589850148639266,0.328125,0.203125,0.875,1.0,0.78125,0.953125,1.0,0.0,0.0,0.0,0.0
641,oracle_min_ehull,0.057661188562907376,0.01543709173537966,0.90625,0.484375,1.0,1.0,0.5625,0.921875,1.0,-0.09357478663240819,-0.7365227646731201,0.578125,0.28125
641,oracle_min_rmsd,0.09876899677523518,0.005751653567600359,0.59375,0.21875,1.0,1.0,0.5,0.9375,1.0,-0.052466978420080385,-0.9018319119607112,0.265625,0.015625
641,oracle_stable_quality,0.057661188562907376,0.01543709173537966,0.90625,0.484375,1.0,1.0,0.5625,0.921875,1.0,-0.09357478663240819,-0.7365227646731201,0.578125,0.28125
641,oracle_nus_quality,0.06503794575983293,0.04200495192143035,0.90625,0.625,1.0,1.0,0.71875,0.953125,1.0,-0.08619802943548263,-0.2830677700170582,0.578125,0.421875
642,baseline_first,0.13996083841845391,0.03902299316726293,0.40625,0.234375,0.890625,1.0,0.703125,0.921875,1.0,0.0,0.0,0.0,0.0
642,oracle_min_ehull,0.058729454853374,0.01960609101182867,0.84375,0.40625,1.0,1.0,0.53125,0.90625,1.0,-0.08123138356507992,-0.49757593099556086,0.4375,0.171875
642,oracle_min_rmsd,0.09310329834612752,0.011521370308837292,0.640625,0.28125,1.0,1.0,0.5625,0.90625,1.0,-0.0468575400723264,-0.7047543160143142,0.234375,0.046875
642,oracle_stable_quality,0.058729454853374,0.01960609101182867,0.84375,0.40625,1.0,1.0,0.53125,0.90625,1.0,-0.08123138356507992,-0.49757593099556086,0.4375,0.171875
642,oracle_nus_quality,0.07367790352762403,0.044420177179746764,0.84375,0.609375,1.0,1.0,0.765625,0.96875,1.0,-0.06628293489082988,0.1383077917511366,0.4375,0.375
643,baseline_first,0.14473895311080326,0.036458645050401084,0.453125,0.3125,0.875,1.0,0.75,0.96875,1.0,0.0,0.0,0.0,0.0
643,oracle_min_ehull,0.06178229189988107,0.029468025243536165,0.84375,0.484375,1.0,1.0,0.625,0.9375,1.0,-0.08295666121092218,-0.19174107532523388,0.390625,0.171875
643,oracle_min_rmsd,0.10035687845599675,0.007360687652086034,0.609375,0.25,1.0,1.0,0.515625,0.953125,1.0,-0.04438207465480651,-0.7981085791336873,0.15625,-0.0625
643,oracle_stable_quality,0.06178229189988107,0.029468025243536165,0.84375,0.484375,1.0,1.0,0.625,0.9375,1.0,-0.08295666121092218,-0.19174107532523388,0.390625,0.171875
643,oracle_nus_quality,0.06912838546216185,0.02307779827232267,0.84375,0.609375,1.0,1.0,0.78125,0.953125,1.0,-0.07561056764864141,-0.3670143736713334,0.390625,0.296875
644,baseline_first,0.12716203005615662,0.09850095299126634,0.515625,0.21875,0.859375,1.0,0.65625,0.90625,1.0,0.0,0.0,0.0,0.0
644,oracle_min_ehull,0.05726530049056136,0.02572804243804251,0.890625,0.4375,1.0,1.0,0.546875,0.9375,1.0,-0.06989672956559526,-0.7388041266938432,0.375,0.21875
644,oracle_min_rmsd,0.10298619117681673,0.005969235185774703,0.609375,0.21875,1.0,1.0,0.578125,0.921875,1.0,-0.024175838879339884,-0.9393992138705097,0.09375,0.0
644,oracle_stable_quality,0.05726530049056136,0.02572804243804251,0.890625,0.4375,1.0,1.0,0.546875,0.9375,1.0,-0.06989672956559526,-0.7388041266938432,0.375,0.21875
644,oracle_nus_quality,0.06364793178603362,0.04584659966338014,0.890625,0.59375,1.0,1.0,0.703125,0.96875,1.0,-0.063514098270123,-0.5345567908622655,0.375,0.375
645,baseline_first,0.1314750245314964,0.06913757825064046,0.390625,0.1875,0.8125,1.0,0.71875,0.984375,1.0,0.0,0.0,0.0,0.0
645,oracle_min_ehull,0.05594313676352494,0.022714715756616245,0.84375,0.421875,1.0,1.0,0.546875,0.921875,1.0,-0.07553188776797146,-0.6714563001574931,0.453125,0.234375
645,oracle_min_rmsd,0.08753118591326006,0.005052465943109034,0.671875,0.296875,1.0,1.0,0.53125,0.90625,1.0,-0.043943838618236336,-0.9269215660867868,0.28125,0.109375
645,oracle_stable_quality,0.05594313676352494,0.022714715756616245,0.84375,0.421875,1.0,1.0,0.546875,0.921875,1.0,-0.07553188776797146,-0.6714563001574931,0.453125,0.234375
645,oracle_nus_quality,0.06750251305374746,0.04308940777659445,0.84375,0.59375,1.0,1.0,0.765625,0.921875,1.0,-0.06397251147774893,-0.3767585028740099,0.453125,0.40625
646,baseline_first,0.1378608194176112,0.06567637755373557,0.421875,0.265625,0.890625,1.0,0.796875,0.9375,1.0,0.0,0.0,0.0,0.0
646,oracle_min_ehull,0.059985026015132295,0.0348647173952103,0.875,0.359375,1.0,1.0,0.46875,0.9375,1.0,-0.0778757934024789,-0.4691437211699985,0.453125,0.09375
646,oracle_min_rmsd,0.09946805982572607,0.00937546040894604,0.609375,0.1875,1.0,1.0,0.484375,0.890625,1.0,-0.03839275959188512,-0.8572476016772521,0.1875,-0.078125
646,oracle_stable_quality,0.059985026015132295,0.0348647173952103,0.875,0.359375,1.0,1.0,0.46875,0.9375,1.0,-0.0778757934024789,-0.4691437211699985,0.453125,0.09375
646,oracle_nus_quality,0.07138830194407432,0.05881585544316778,0.875,0.640625,1.0,1.0,0.765625,0.984375,1.0,-0.06647251747353687,-0.10445950836668172,0.453125,0.375
647,baseline_first,0.15847305908746867,0.07626700045769183,0.390625,0.203125,0.796875,1.0,0.75,1.0,1.0,0.0,0.0,0.0,0.0
647,oracle_min_ehull,0.06320055936748854,0.02301628910983286,0.84375,0.453125,1.0,1.0,0.578125,0.984375,1.0,-0.09527249971998013,-0.6982143132454663,0.453125,0.25
647,oracle_min_rmsd,0.10688401073077458,0.00611016240355088,0.59375,0.234375,1.0,1.0,0.546875,0.90625,1.0,-0.05158904835669409,-0.919884584854751,0.203125,0.03125
647,oracle_stable_quality,0.06320055936748854,0.02301628910983286,0.84375,0.453125,1.0,1.0,0.578125,0.984375,1.0,-0.09527249971998013,-0.6982143132454663,0.453125,0.25
647,oracle_nus_quality,0.07456137713814459,0.048941952356462676,0.84375,0.65625,1.0,1.0,0.8125,1.0,1.0,-0.08391168194932408,-0.3582814052899247,0.453125,0.453125
648,baseline_first,0.14301539637528587,0.07432472676716323,0.421875,0.234375,0.90625,1.0,0.6875,0.953125,1.0,0.0,0.0,0.0,0.0
648,oracle_min_ehull,0.05759329866128998,0.0288441957868732,0.890625,0.484375,1.0,1.0,0.59375,0.9375,1.0,-0.08542209771399589,-0.61191655803548,0.46875,0.25
648,oracle_min_rmsd,0.09066722521930973,0.006111846355467415,0.625,0.28125,1.0,1.0,0.515625,0.921875,1.0,-0.05234817115597615,-0.9177683306577907,0.203125,0.046875
648,oracle_stable_quality,0.05759329866128998,0.0288441957868732,0.890625,0.484375,1.0,1.0,0.59375,0.9375,1.0,-0.08542209771399589,-0.61191655803548,0.46875,0.25
648,oracle_nus_quality,0.06360040822958676,0.029083877915596898,0.890625,0.671875,1.0,1.0,0.796875,0.953125,1.0,-0.07941498814569911,-0.6086917614011842,0.46875,0.4375
649,baseline_first,0.13415379953119583,0.05423507125129745,0.40625,0.234375,0.90625,1.0,0.765625,0.9375,1.0,0.0,0.0,0.0,0.0
649,oracle_min_ehull,0.06179333388332768,0.02933824562581039,0.828125,0.453125,1.0,1.0,0.59375,0.953125,1.0,-0.07236046564786815,-0.4590539857526501,0.421875,0.21875
649,oracle_min_rmsd,0.0953401768952353,0.008063202014849693,0.5625,0.1875,1.0,1.0,0.515625,0.921875,1.0,-0.038813622635960526,-0.8513286360869896,0.15625,-0.046875
649,oracle_stable_quality,0.06179333388332768,0.02933824562581039,0.828125,0.453125,1.0,1.0,0.59375,0.953125,1.0,-0.07236046564786815,-0.4590539857526501,0.421875,0.21875
649,oracle_nus_quality,0.06629879038586435,0.02373329457352534,0.828125,0.625,1.0,1.0,0.796875,0.96875,1.0,-0.06785500914533148,-0.562399494903262,0.421875,0.390625
650,baseline_first,0.14594740207722234,0.07418631029588443,0.390625,0.15625,0.8125,1.0,0.6875,0.96875,1.0,0.0,0.0,0.0,0.0
650,oracle_min_ehull,0.06241613501853349,0.018429526853250666,0.828125,0.46875,1.0,1.0,0.59375,0.953125,1.0,-0.08353126705868885,-0.7515777940735103,0.4375,0.3125
650,oracle_min_rmsd,0.10059362067930182,0.005951914105029744,0.625,0.234375,1.0,1.0,0.53125,0.953125,1.0,-0.045353781397920526,-0.9197707221010029,0.234375,0.078125
650,oracle_stable_quality,0.06241613501853349,0.018429526853250666,0.828125,0.46875,1.0,1.0,0.59375,0.953125,1.0,-0.08353126705868885,-0.7515777940735103,0.4375,0.3125
650,oracle_nus_quality,0.07270657751582196,0.039943019274024175,0.828125,0.609375,1.0,1.0,0.796875,0.96875,1.0,-0.07324082456140038,-0.46158504022217084,0.4375,0.453125
651,baseline_first,0.1299052440851185,0.056306239104166184,0.375,0.234375,0.828125,1.0,0.8125,1.0,1.0,0.0,0.0,0.0,0.0
651,oracle_min_ehull,0.060165382962424394,0.038059963176720904,0.84375,0.4375,1.0,1.0,0.578125,0.9375,1.0,-0.0697398611226941,-0.3240542472334156,0.46875,0.203125
651,oracle_min_rmsd,0.10268849001080613,0.006362879947996057,0.5625,0.234375,1.0,1.0,0.5625,0.921875,1.0,-0.02721675407431237,-0.8869951172511314,0.1875,0.0
651,oracle_stable_quality,0.060165382962424394,0.038059963176720904,0.84375,0.4375,1.0,1.0,0.578125,0.9375,1.0,-0.0697398611226941,-0.3240542472334156,0.46875,0.203125
651,oracle_nus_quality,0.06905453953620866,0.039452227539964954,0.84375,0.609375,1.0,1.0,0.765625,0.96875,1.0,-0.06085070454890984,-0.29932760263070346,0.46875,0.375
652,baseline_first,0.1272514016589453,0.06819270903721471,0.4375,0.28125,0.9375,1.0,0.765625,0.953125,1.0,0.0,0.0,0.0,0.0
652,oracle_min_ehull,0.05917472094190743,0.02254320301356839,0.875,0.4375,1.0,1.0,0.5625,0.921875,1.0,-0.06807668071703787,-0.669419160320117,0.4375,0.15625
652,oracle_min_rmsd,0.09195318575552053,0.00675740586983968,0.703125,0.28125,1.0,1.0,0.515625,0.890625,1.0,-0.03529821590342477,-0.900907208919476,0.265625,0.0
652,oracle_stable_quality,0.05917472094190743,0.02254320301356839,0.875,0.4375,1.0,1.0,0.5625,0.921875,1.0,-0.06807668071703787,-0.669419160320117,0.4375,0.15625
652,oracle_nus_quality,0.06508505202632422,0.029107305028461473,0.875,0.578125,1.0,1.0,0.71875,0.921875,1.0,-0.062166349632621076,-0.573161039656354,0.4375,0.296875
653,baseline_first,0.12395137416811547,0.06204983890398241,0.484375,0.234375,0.921875,1.0,0.734375,0.9375,1.0,0.0,0.0,0.0,0.0
653,oracle_min_ehull,0.05438984758160656,0.02211696655905337,0.90625,0.484375,1.0,1.0,0.578125,0.90625,1.0,-0.06956152658650891,-0.6435612573744509,0.421875,0.25
653,oracle_min_rmsd,0.09976276628902248,0.005300825501821097,0.640625,0.28125,1.0,1.0,0.53125,0.9375,1.0,-0.024188607879092994,-0.914571486478414,0.15625,0.046875
653,oracle_stable_quality,0.05438984758160656,0.02211696655905337,0.90625,0.484375,1.0,1.0,0.578125,0.90625,1.0,-0.06956152658650891,-0.6435612573744509,0.421875,0.25
653,oracle_nus_quality,0.06344741151657908,0.03852991604110664,0.90625,0.671875,1.0,1.0,0.765625,0.9375,1.0,-0.06050396265153639,-0.37904889486129256,0.421875,0.4375
654,baseline_first,0.15100244244360325,0.10352880090692132,0.375,0.21875,0.8125,1.0,0.765625,0.953125,1.0,0.0,0.0,0.0,0.0
654,oracle_min_ehull,0.05697907133575668,0.01848519654968802,0.875,0.4375,1.0,1.0,0.546875,0.90625,1.0,-0.09402337110784657,-0.8214487525427119,0.5,0.21875
654,oracle_min_rmsd,0.09922571389501315,0.005779614440016636,0.625,0.265625,1.0,1.0,0.59375,0.890625,1.0,-0.0517767285485901,-0.9441738493116243,0.25,0.046875
654,oracle_stable_quality,0.05697907133575668,0.01848519654968802,0.875,0.4375,1.0,1.0,0.546875,0.90625,1.0,-0.09402337110784657,-0.8214487525427119,0.5,0.21875
654,oracle_nus_quality,0.066573050434699,0.04087796195749144,0.875,0.65625,1.0,1.0,0.796875,0.9375,1.0,-0.08442939200890426,-0.6051537195505315,0.5,0.4375
655,baseline_first,0.1663884849216778,0.09045644948563318,0.28125,0.125,0.8125,1.0,0.734375,0.953125,1.0,0.0,0.0,0.0,0.0
655,oracle_min_ehull,0.058437833162606756,0.025558174723683755,0.84375,0.421875,1.0,1.0,0.546875,0.921875,1.0,-0.10795065175907104,-0.7174532621055059,0.5625,0.296875
655,oracle_min_rmsd,0.09719676734477631,0.008126683682484688,0.609375,0.21875,1.0,1.0,0.5,0.875,1.0,-0.06919171757690148,-0.9101591569346814,0.328125,0.09375
655,oracle_stable_quality,0.058437833162606756,0.025558174723683755,0.84375,0.421875,1.0,1.0,0.546875,0.921875,1.0,-0.10795065175907104,-0.7174532621055059,0.5625,0.296875
655,oracle_nus_quality,0.06898870312146915,0.030418437962294483,0.84375,0.59375,1.0,1.0,0.734375,0.953125,1.0,-0.09739978180020864,-0.6637228397171866,0.5625,0.46875
656,baseline_first,0.16247076344062833,0.07233520784179227,0.3125,0.203125,0.875,1.0,0.796875,0.953125,1.0,0.0,0.0,0.0,0.0
656,oracle_min_ehull,0.061255743140344,0.04062588515570904,0.875,0.484375,1.0,1.0,0.609375,0.953125,1.0,-0.10121502030028433,-0.4383663727826175,0.5625,0.28125
656,oracle_min_rmsd,0.10007294874906925,0.005940079647940749,0.5625,0.234375,1.0,1.0,0.578125,0.9375,1.0,-0.062397814691559084,-0.9178812113053912,0.25,0.03125
656,oracle_stable_quality,0.061255743140344,0.04062588515570904,0.875,0.484375,1.0,1.0,0.609375,0.953125,1.0,-0.10121502030028433,-0.4383663727826175,0.5625,0.28125
656,oracle_nus_quality,0.06730432562480994,0.035070881341716945,0.875,0.65625,1.0,1.0,0.796875,0.96875,1.0,-0.09516643781581839,-0.5151616703940063,0.5625,0.453125
657,baseline_first,0.13598513701864895,0.09896635868230452,0.421875,0.21875,0.796875,1.0,0.71875,0.953125,1.0,0.0,0.0,0.0,0.0
657,oracle_min_ehull,0.06392874242675224,0.030798637408013137,0.78125,0.40625,0.984375,1.0,0.609375,0.921875,1.0,-0.07205639459189671,-0.6887969021182142,0.359375,0.1875
657,oracle_min_rmsd,0.1063568485256065,0.007423940181200253,0.53125,0.203125,0.984375,1.0,0.5625,0.90625,1.0,-0.029628288493042443,-0.9249852143693382,0.109375,-0.015625
657,oracle_stable_quality,0.06392874242675224,0.030798637408013137,0.78125,0.40625,0.984375,1.0,0.609375,0.921875,1.0,-0.07205639459189671,-0.6887969021182142,0.359375,0.1875
657,oracle_nus_quality,0.07429916936827016,0.0352803413502497,0.78125,0.546875,0.984375,1.0,0.765625,0.9375,1.0,-0.06168596765037879,-0.6435117769311449,0.359375,0.328125
658,baseline_first,0.1618374896561439,0.0776177679337575,0.359375,0.203125,0.8125,1.0,0.734375,0.9375,1.0,0.0,0.0,0.0,0.0
658,oracle_min_ehull,0.05786478863173569,0.023191578344780958,0.875,0.46875,1.0,1.0,0.578125,0.921875,1.0,-0.1039727010244082,-0.7012078682219554,0.515625,0.265625
658,oracle_min_rmsd,0.09410834301534549,0.00686689571947407,0.671875,0.3125,1.0,1.0,0.5625,0.90625,1.0,-0.0677291466407984,-0.911529332751045,0.3125,0.109375
658,oracle_stable_quality,0.05786478863173569,0.023191578344780958,0.875,0.46875,1.0,1.0,0.578125,0.921875,1.0,-0.1039727010244082,-0.7012078682219554,0.515625,0.265625
658,oracle_nus_quality,0.06494136735677622,0.03145981090663774,0.875,0.65625,1.0,1.0,0.796875,0.96875,1.0,-0.09689612229936767,-0.5946828703772188,0.515625,0.453125
659,baseline_first,0.1692811762638879,0.12422233874621239,0.296875,0.234375,0.765625,1.0,0.859375,0.984375,1.0,0.0,0.0,0.0,0.0
659,oracle_min_ehull,0.06730104478034252,0.03084611706549103,0.828125,0.390625,1.0,1.0,0.578125,0.921875,1.0,-0.10198013148354537,-0.7516862315037396,0.53125,0.15625
659,oracle_min_rmsd,0.09712256638456308,0.006373325617122888,0.65625,0.234375,1.0,1.0,0.53125,0.9375,1.0,-0.0721586098793248,-0.948694206843556,0.359375,0.0
659,oracle_stable_quality,0.06730104478034252,0.03084611706549103,0.828125,0.390625,1.0,1.0,0.578125,0.921875,1.0,-0.10198013148354537,-0.7516862315037396,0.53125,0.15625
659,oracle_nus_quality,0.07339746000337517,0.03398731276457363,0.828125,0.5625,1.0,1.0,0.734375,0.9375,1.0,-0.09588371626051272,-0.7263993488803162,0.53125,0.328125
660,baseline_first,0.1510717723311486,0.04010546201107716,0.359375,0.1875,0.859375,1.0,0.71875,0.953125,1.0,0.0,0.0,0.0,0.0
660,oracle_min_ehull,0.059428042184918865,0.016524818813686053,0.875,0.421875,1.0,1.0,0.5,0.953125,1.0,-0.09164373014622973,-0.5879658783354276,0.515625,0.234375
660,oracle_min_rmsd,0.09962660790244089,0.0063921772051793715,0.625,0.25,1.0,1.0,0.546875,0.90625,1.0,-0.05144516442870771,-0.8406157943420812,0.265625,0.0625
660,oracle_stable_quality,0.059428042184918865,0.016524818813686053,0.875,0.421875,1.0,1.0,0.5,0.953125,1.0,-0.09164373014622973,-0.5879658783354276,0.515625,0.234375
660,oracle_nus_quality,0.06765731930213482,0.04404144232069067,0.875,0.609375,1.0,1.0,0.734375,0.953125,1.0,-0.08341445302901378,0.09814075470633865,0.515625,0.421875
661,baseline_first,0.14154491213509335,0.06340092354428845,0.421875,0.171875,0.890625,1.0,0.65625,0.96875,1.0,0.0,0.0,0.0,0.0
661,oracle_min_ehull,0.05176527367015726,0.03302341898743643,0.921875,0.546875,1.0,1.0,0.578125,0.921875,1.0,-0.08977963846493608,-0.47913347091280045,0.5,0.375
661,oracle_min_rmsd,0.08320594146139962,0.005881365422133483,0.6875,0.21875,1.0,1.0,0.421875,0.90625,1.0,-0.05833897067369373,-0.9072353351757553,0.265625,0.046875
661,oracle_stable_quality,0.05176527367015726,0.03302341898743643,0.921875,0.546875,1.0,1.0,0.578125,0.921875,1.0,-0.08977963846493608,-0.47913347091280045,0.5,0.375
661,oracle_nus_quality,0.057138926772189166,0.03508337513135014,0.921875,0.625,1.0,1.0,0.71875,0.953125,1.0,-0.08440598536290418,-0.4466425223783562,0.5,0.453125
662,baseline_first,0.13243611820298076,0.07669597264302919,0.453125,0.21875,0.875,1.0,0.640625,0.9375,1.0,0.0,0.0,0.0,0.0
662,oracle_min_ehull,0.06676747456529356,0.03416415194809449,0.796875,0.484375,1.0,1.0,0.65625,0.9375,1.0,-0.06566864363768721,-0.5545509005132927,0.34375,0.265625
662,oracle_min_rmsd,0.10748570403634405,0.007623480795214491,0.53125,0.25,1.0,1.0,0.609375,0.921875,1.0,-0.02495041416663671,-0.9006012893180594,0.078125,0.03125
662,oracle_stable_quality,0.06676747456529356,0.03416415194809449,0.796875,0.484375,1.0,1.0,0.65625,0.9375,1.0,-0.06566864363768721,-0.5545509005132927,0.34375,0.265625
662,oracle_nus_quality,0.07269520552182848,0.055283114953861345,0.796875,0.625,1.0,1.0,0.828125,0.984375,1.0,-0.05974091268115228,-0.27919142232970995,0.34375,0.40625
663,baseline_first,0.1422888342529641,0.07960089881351767,0.40625,0.234375,0.84375,1.0,0.765625,0.96875,1.0,0.0,0.0,0.0,0.0
663,oracle_min_ehull,0.06728025180056643,0.03742134116990106,0.796875,0.390625,1.0,1.0,0.578125,0.921875,1.0,-0.07500858245239767,-0.5298879569492218,0.390625,0.15625
663,oracle_min_rmsd,0.113934096359873,0.010360607917406192,0.546875,0.203125,1.0,1.0,0.609375,0.90625,1.0,-0.028354737893091092,-0.8698430787612317,0.140625,-0.03125
663,oracle_stable_quality,0.06728025180056643,0.03742134116990106,0.796875,0.390625,1.0,1.0,0.578125,0.921875,1.0,-0.07500858245239767,-0.5298879569492218,0.390625,0.15625
663,oracle_nus_quality,0.07565293350946847,0.030786610180424504,0.796875,0.578125,1.0,1.0,0.796875,0.953125,1.0,-0.06663590074349562,-0.6132379076202543,0.390625,0.34375
664,baseline_first,0.13969666811150383,0.06317322125309163,0.375,0.25,0.890625,1.0,0.796875,0.953125,1.0,0.0,0.0,0.0,0.0
664,oracle_min_ehull,0.06669717612616068,0.024606625333640393,0.796875,0.484375,1.0,1.0,0.640625,0.953125,1.0,-0.07299949198534315,-0.6104896213055437,0.421875,0.234375
664,oracle_min_rmsd,0.10380941672392713,0.005086230198590869,0.5625,0.203125,1.0,1.0,0.515625,0.953125,1.0,-0.0358872513875767,-0.9194875597966764,0.1875,-0.046875
664,oracle_stable_quality,0.06669717612616068,0.024606625333640393,0.796875,0.484375,1.0,1.0,0.640625,0.953125,1.0,-0.07299949198534315,-0.6104896213055437,0.421875,0.234375
664,oracle_nus_quality,0.07771834912269257,0.03259220193540338,0.796875,0.625,1.0,1.0,0.828125,0.984375,1.0,-0.06197831898881126,-0.4840820004281743,0.421875,0.375
665,baseline_first,0.1479445632104014,0.06397040716199802,0.390625,0.21875,0.890625,1.0,0.734375,0.953125,1.0,0.0,0.0,0.0,0.0
665,oracle_min_ehull,0.06489788813863542,0.03606897129109926,0.84375,0.40625,1.0,1.0,0.53125,0.953125,1.0,-0.08304667507176597,-0.43616161141887755,0.453125,0.1875
665,oracle_min_rmsd,0.10159275096974907,0.005872565431158715,0.609375,0.265625,1.0,1.0,0.578125,0.96875,1.0,-0.046351812240652324,-0.9081987173180391,0.21875,0.046875
665,oracle_stable_quality,0.06489788813863542,0.03606897129109926,0.84375,0.40625,1.0,1.0,0.53125,0.953125,1.0,-0.08304667507176597,-0.43616161141887755,0.453125,0.1875
665,oracle_nus_quality,0.07189242989605525,0.04114423358092937,0.84375,0.59375,1.0,1.0,0.75,0.984375,1.0,-0.07605213331434614,-0.3568239533518034,0.453125,0.375
666,baseline_first,0.14344036881757943,0.07300429641233669,0.359375,0.171875,0.78125,1.0,0.6875,0.96875,1.0,0.0,0.0,0.0,0.0
666,oracle_min_ehull,0.06556826050495712,0.03746077631161245,0.8125,0.390625,1.0,1.0,0.53125,0.9375,1.0,-0.07787210831262231,-0.48686888097613235,0.453125,0.21875
666,oracle_min_rmsd,0.09396593501558362,0.00601267674220337,0.671875,0.328125,1.0,1.0,0.59375,0.921875,1.0,-0.049474433801995815,-0.9176394125046685,0.3125,0.15625
666,oracle_stable_quality,0.06556826050495712,0.03746077631161245,0.8125,0.390625,1.0,1.0,0.53125,0.9375,1.0,-0.07787210831262231,-0.48686888097613235,0.453125,0.21875
666,oracle_nus_quality,0.07424714587617673,0.061928737147635304,0.8125,0.578125,1.0,1.0,0.78125,0.953125,1.0,-0.0691932229414027,-0.15171106097845732,0.453125,0.40625
667,baseline_first,0.11253090113551718,0.04449479043325614,0.53125,0.28125,0.859375,1.0,0.65625,0.96875,1.0,0.0,0.0,0.0,0.0
667,oracle_min_ehull,0.054075570034378954,0.030682322095282884,0.90625,0.484375,1.0,1.0,0.5625,0.9375,1.0,-0.05845533110113823,-0.3104288884940919,0.375,0.203125
667,oracle_min_rmsd,0.08821331078550827,0.006195338555696947,0.671875,0.296875,1.0,1.0,0.546875,0.953125,1.0,-0.02431759035000891,-0.8607626084903088,0.140625,0.015625
667,oracle_stable_quality,0.054075570034378954,0.030682322095282884,0.90625,0.484375,1.0,1.0,0.5625,0.9375,1.0,-0.05845533110113823,-0.3104288884940919,0.375,0.203125
667,oracle_nus_quality,0.06072176755239527,0.02555608446499979,0.90625,0.65625,1.0,1.0,0.75,0.953125,1.0,-0.05180913358312191,-0.4256387272272947,0.375,0.375
668,baseline_first,0.12325153590778762,0.09156571545147707,0.4375,0.265625,0.8125,1.0,0.796875,0.953125,1.0,0.0,0.0,0.0,0.0
668,oracle_min_ehull,0.054778836753150394,0.03657794015409466,0.890625,0.453125,1.0,1.0,0.5625,0.921875,1.0,-0.06847269915463722,-0.6005279926690661,0.453125,0.1875
668,oracle_min_rmsd,0.08878949605626435,0.0047683959620997704,0.65625,0.25,1.0,1.0,0.484375,0.921875,1.0,-0.03446203985152327,-0.9479237841523047,0.21875,-0.015625
668,oracle_stable_quality,0.054778836753150394,0.03657794015409466,0.890625,0.453125,1.0,1.0,0.5625,0.921875,1.0,-0.06847269915463722,-0.6005279926690661,0.453125,0.1875
668,oracle_nus_quality,0.059555277820784604,0.05749161728112666,0.890625,0.59375,1.0,1.0,0.71875,0.921875,1.0,-0.06369625808700302,-0.3721272531137172,0.453125,0.328125
669,baseline_first,0.14533948742277858,0.09471023364514705,0.421875,0.203125,0.84375,1.0,0.71875,0.953125,1.0,0.0,0.0,0.0,0.0
669,oracle_min_ehull,0.06545335975025535,0.0408472482089888,0.8125,0.4375,1.0,1.0,0.59375,0.953125,1.0,-0.07988612767252323,-0.5687134680500092,0.390625,0.234375
669,oracle_min_rmsd,0.11891794031060461,0.008690909776200227,0.5625,0.234375,1.0,1.0,0.609375,0.9375,1.0,-0.026421547112173968,-0.9082368457799117,0.140625,0.03125
669,oracle_stable_quality,0.06545335975025535,0.0408472482089888,0.8125,0.4375,1.0,1.0,0.59375,0.953125,1.0,-0.07988612767252323,-0.5687134680500092,0.390625,0.234375
669,oracle_nus_quality,0.07656867938719691,0.04519618809320214,0.8125,0.59375,1.0,1.0,0.78125,0.96875,1.0,-0.06877080803558167,-0.5227950945349823,0.390625,0.390625
670,baseline_first,0.13659415306431663,0.0605104848630674,0.53125,0.234375,0.875,1.0,0.59375,0.953125,1.0,0.0,0.0,0.0,0.0
670,oracle_min_ehull,0.058341818003531026,0.02328320696288639,0.875,0.53125,1.0,1.0,0.640625,0.921875,1.0,-0.0782523350607856,-0.6152202875985,0.34375,0.296875
670,oracle_min_rmsd,0.09367650007703769,0.005760695118329406,0.640625,0.265625,1.0,1.0,0.546875,0.921875,1.0,-0.04291765298727894,-0.9047983976435553,0.109375,0.03125
670,oracle_stable_quality,0.058341818003531026,0.02328320696288639,0.875,0.53125,1.0,1.0,0.640625,0.921875,1.0,-0.0782523350607856,-0.6152202875985,0.34375,0.296875
670,oracle_nus_quality,0.06323080162823777,0.024147159957348195,0.875,0.640625,1.0,1.0,0.765625,0.9375,1.0,-0.07336335143607886,-0.600942547196702,0.34375,0.40625
671,baseline_first,0.1405194172382228,0.08887758311655103,0.4375,0.25,0.828125,1.0,0.765625,0.953125,1.0,0.0,0.0,0.0,0.0
671,oracle_min_ehull,0.06640055143220919,0.04755880596128505,0.8125,0.453125,1.0,1.0,0.640625,0.9375,1.0,-0.07411886580601362,-0.4648953730107843,0.375,0.203125
671,oracle_min_rmsd,0.09558025727763544,0.006217771593746898,0.609375,0.28125,1.0,1.0,0.59375,0.90625,1.0,-0.044939159960587366,-0.9300411715112333,0.171875,0.03125
671,oracle_stable_quality,0.06640055143220919,0.04755880596128505,0.8125,0.453125,1.0,1.0,0.640625,0.9375,1.0,-0.07411886580601362,-0.4648953730107843,0.375,0.203125
671,oracle_nus_quality,0.07405885211057078,0.055380417807975195,0.8125,0.609375,1.0,1.0,0.8125,0.96875,1.0,-0.06646056512765203,-0.37689104647061333,0.375,0.359375
672,baseline_first,0.13599569464485456,0.10534135871287267,0.359375,0.234375,0.859375,1.0,0.796875,0.984375,1.0,0.0,0.0,0.0,0.0
672,oracle_min_ehull,0.05987665538182824,0.03015148418487723,0.859375,0.453125,1.0,1.0,0.578125,0.890625,1.0,-0.07611903926302632,-0.7137735401053572,0.5,0.21875
672,oracle_min_rmsd,0.10272702442495563,0.006190578115795517,0.578125,0.25,1.0,1.0,0.578125,0.90625,1.0,-0.03326867021989893,-0.9412331662374976,0.21875,0.015625
672,oracle_stable_quality,0.05987665538182824,0.03015148418487723,0.859375,0.453125,1.0,1.0,0.578125,0.890625,1.0,-0.07611903926302632,-0.7137735401053572,0.5,0.21875
672,oracle_nus_quality,0.07057814684606137,0.04664319237261354,0.859375,0.640625,1.0,1.0,0.796875,0.921875,1.0,-0.06541754779879319,-0.5572186181901434,0.5,0.40625
673,baseline_first,0.1476456247456506,0.04120346094800145,0.390625,0.21875,0.84375,1.0,0.71875,0.984375,1.0,0.0,0.0,0.0,0.0
673,oracle_min_ehull,0.059107651648548865,0.02324065793297941,0.84375,0.46875,1.0,1.0,0.625,0.921875,1.0,-0.08853797309710174,-0.43595374276182774,0.453125,0.25
673,oracle_min_rmsd,0.09300328168914314,0.006538642414662239,0.640625,0.28125,1.0,1.0,0.59375,0.9375,1.0,-0.05464234305650746,-0.8413084176857383,0.25,0.0625
673,oracle_stable_quality,0.059107651648548865,0.02324065793297941,0.84375,0.46875,1.0,1.0,0.625,0.921875,1.0,-0.08853797309710174,-0.43595374276182774,0.453125,0.25
673,oracle_nus_quality,0.06672544079210446,0.025844378399193443,0.84375,0.65625,1.0,1.0,0.828125,0.9375,1.0,-0.08092018395354614,-0.37276195240470433,0.453125,0.4375
674,baseline_first,0.11681955032489531,0.05302103626249843,0.53125,0.265625,0.828125,1.0,0.671875,0.984375,1.0,0.0,0.0,0.0,0.0
674,oracle_min_ehull,0.05813569103235603,0.041446874029105414,0.84375,0.4375,1.0,1.0,0.578125,0.90625,1.0,-0.05868385929253928,-0.21829377638134506,0.3125,0.171875
674,oracle_min_rmsd,0.10698654861084095,0.004296761604862,0.5625,0.234375,1.0,1.0,0.59375,0.9375,1.0,-0.009833001714054365,-0.9189611914865368,0.03125,-0.03125
674,oracle_stable_quality,0.05813569103235603,0.041446874029105414,0.84375,0.4375,1.0,1.0,0.578125,0.90625,1.0,-0.05868385929253928,-0.21829377638134506,0.3125,0.171875
674,oracle_nus_quality,0.06539885193358473,0.04227206987298917,0.84375,0.609375,1.0,1.0,0.78125,0.9375,1.0,-0.05142069839131058,-0.20273022081825975,0.3125,0.34375
675,baseline_first,0.15163208447352777,0.07587233672668475,0.390625,0.1875,0.875,1.0,0.71875,0.984375,1.0,0.0,0.0,0.0,0.0
675,oracle_min_ehull,0.059520346929568396,0.036247730125215455,0.890625,0.453125,1.0,1.0,0.546875,0.921875,1.0,-0.09211173754395938,-0.5222536738812882,0.5,0.265625
675,oracle_min_rmsd,0.0939385583845669,0.02571889149207286,0.625,0.25,1.0,1.0,0.53125,0.890625,1.0,-0.057693526088960875,-0.6610241281388218,0.234375,0.0625
675,oracle_stable_quality,0.059520346929568396,0.036247730125215455,0.890625,0.453125,1.0,1.0,0.546875,0.921875,1.0,-0.09211173754395938,-0.5222536738812882,0.5,0.265625
675,oracle_nus_quality,0.0656946620991078,0.058881848887375604,0.890625,0.625,1.0,1.0,0.734375,0.953125,1.0,-0.08593742237441997,-0.22393521238859504,0.5,0.4375
676,baseline_first,0.13472221422909475,0.06327624630806766,0.46875,0.234375,0.84375,1.0,0.640625,0.953125,1.0,0.0,0.0,0.0,0.0
676,oracle_min_ehull,0.06109577258507292,0.026666122956256075,0.890625,0.5625,1.0,1.0,0.671875,0.953125,1.0,-0.07362644164402182,-0.5785760927342467,0.421875,0.328125
676,oracle_min_rmsd,0.10357047131826164,0.0069486509862641994,0.640625,0.21875,1.0,1.0,0.53125,0.921875,1.0,-0.031151742910833113,-0.8901854741440588,0.171875,-0.015625
676,oracle_stable_quality,0.06109577258507292,0.026666122956256075,0.890625,0.5625,1.0,1.0,0.671875,0.953125,1.0,-0.07362644164402182,-0.5785760927342467,0.421875,0.328125
676,oracle_nus_quality,0.06616917857401665,0.02062586978559487,0.890625,0.65625,1.0,1.0,0.765625,0.96875,1.0,-0.0685530356550781,-0.6740345550022759,0.421875,0.421875
677,baseline_first,0.13035423653064804,0.08253449917857725,0.5,0.265625,0.796875,1.0,0.703125,0.96875,1.0,0.0,0.0,0.0,0.0
677,oracle_min_ehull,0.05896986314490786,0.026764640898200957,0.84375,0.453125,1.0,1.0,0.59375,0.90625,1.0,-0.07138437338574018,-0.6757157168871751,0.34375,0.1875
677,oracle_min_rmsd,0.10367003848800913,0.0052044374291848,0.59375,0.171875,1.0,1.0,0.515625,0.875,1.0,-0.026684198042638912,-0.9369422789138864,0.09375,-0.09375
677,oracle_stable_quality,0.05896986314490786,0.026764640898200957,0.84375,0.453125,1.0,1.0,0.59375,0.90625,1.0,-0.07138437338574018,-0.6757157168871751,0.34375,0.1875
677,oracle_nus_quality,0.06810254111469023,0.04920408917396433,0.84375,0.609375,1.0,1.0,0.765625,0.953125,1.0,-0.062251695415957806,-0.4038360968605017,0.34375,0.34375
678,baseline_first,0.14218139765505752,0.057009297820012676,0.375,0.15625,0.859375,1.0,0.71875,0.984375,1.0,0.0,0.0,0.0,0.0
678,oracle_min_ehull,0.061361240625411304,0.027707567669044253,0.875,0.484375,1.0,1.0,0.609375,0.921875,1.0,-0.08082015702964622,-0.5139816007465764,0.5,0.328125
678,oracle_min_rmsd,0.09864920981130496,0.006650045722646327,0.609375,0.265625,1.0,1.0,0.578125,0.953125,1.0,-0.04353218784375257,-0.8833515588344629,0.234375,0.109375
678,oracle_stable_quality,0.061361240625411304,0.027707567669044253,0.875,0.484375,1.0,1.0,0.609375,0.921875,1.0,-0.08082015702964622,-0.5139816007465764,0.5,0.328125
678,oracle_nus_quality,0.06966706623425427,0.03240863269277074,0.875,0.6875,1.0,1.0,0.8125,0.953125,1.0,-0.07251433142080325,-0.4315202268393149,0.5,0.53125
679,baseline_first,0.1592258428446947,0.07920134902777423,0.40625,0.265625,0.859375,1.0,0.796875,0.984375,1.0,0.0,0.0,0.0,0.0
679,oracle_min_ehull,0.055003324489047,0.022276855614055464,0.890625,0.484375,1.0,1.0,0.578125,0.921875,1.0,-0.10422251835564772,-0.7187313614286615,0.484375,0.21875
679,oracle_min_rmsd,0.09907855874566983,0.004945382215906214,0.609375,0.234375,1.0,1.0,0.546875,0.921875,1.0,-0.06014728409902488,-0.9375593689171636,0.203125,-0.03125
679,oracle_stable_quality,0.055003324489047,0.022276855614055464,0.890625,0.484375,1.0,1.0,0.578125,0.921875,1.0,-0.10422251835564772,-0.7187313614286615,0.484375,0.21875
679,oracle_nus_quality,0.060839418936239835,0.025973516881359987,0.890625,0.59375,1.0,1.0,0.71875,0.953125,1.0,-0.09838642390845487,-0.672057140437701,0.484375,0.328125
680,baseline_first,0.1512381264479019,0.038111547287686995,0.359375,0.203125,0.875,1.0,0.734375,0.953125,1.0,0.0,0.0,0.0,0.0
680,oracle_min_ehull,0.06152849518637831,0.020106046593675504,0.828125,0.421875,1.0,1.0,0.578125,0.921875,1.0,-0.08970963126152359,-0.4724421330389982,0.46875,0.21875
680,oracle_min_rmsd,0.0990689826419944,0.006582197870977176,0.625,0.25,1.0,1.0,0.53125,0.90625,1.0,-0.05216914380590751,-0.8272912453201883,0.265625,0.046875
680,oracle_stable_quality,0.06152849518637831,0.020106046593675504,0.828125,0.421875,1.0,1.0,0.578125,0.921875,1.0,-0.08970963126152359,-0.4724421330389982,0.46875,0.21875
680,oracle_nus_quality,0.07241803481292294,0.030609813788134606,0.828125,0.640625,1.0,1.0,0.8125,0.96875,1.0,-0.07882009163497897,-0.19683623556202434,0.46875,0.4375
681,baseline_first,0.12798744239149898,0.04107322604146424,0.46875,0.234375,0.78125,1.0,0.71875,0.984375,1.0,0.0,0.0,0.0,0.0
681,oracle_min_ehull,0.059071512150502575,0.041518817865834105,0.875,0.484375,1.0,1.0,0.59375,0.953125,1.0,-0.0689159302409964,0.01084871745696403,0.40625,0.25
681,oracle_min_rmsd,0.0970066136529939,0.012412821929993085,0.625,0.265625,1.0,1.0,0.578125,0.90625,1.0,-0.03098082873850508,-0.6977879965537137,0.15625,0.03125
681,oracle_stable_quality,0.059071512150502575,0.041518817865834105,0.875,0.484375,1.0,1.0,0.59375,0.953125,1.0,-0.0689159302409964,0.01084871745696403,0.40625,0.25
681,oracle_nus_quality,0.06499448171250807,0.04512948188510282,0.875,0.625,1.0,1.0,0.75,0.984375,1.0,-0.0629929606789909,0.09875668980916452,0.40625,0.390625
682,baseline_first,0.14514643409839834,0.06115497088155013,0.390625,0.1875,0.875,1.0,0.734375,1.0,1.0,0.0,0.0,0.0,0.0
682,oracle_min_ehull,0.06198329260731866,0.014535442720331585,0.875,0.46875,1.0,1.0,0.5625,0.921875,1.0,-0.08316314149107967,-0.7623178866606771,0.484375,0.28125
682,oracle_min_rmsd,0.09501342312384516,0.00726065021640682,0.59375,0.21875,1.0,1.0,0.53125,0.921875,1.0,-0.05013301097455318,-0.8812745699696296,0.203125,0.03125
682,oracle_stable_quality,0.06198329260731866,0.014535442720331585,0.875,0.46875,1.0,1.0,0.5625,0.921875,1.0,-0.08316314149107967,-0.7623178866606771,0.484375,0.28125
682,oracle_nus_quality,0.06861347840743355,0.038428410459372904,0.875,0.625,1.0,1.0,0.765625,0.953125,1.0,-0.07653295569096479,-0.37162245512627023,0.484375,0.4375
683,baseline_first,0.14142373498095637,0.03190009737099341,0.484375,0.25,0.921875,1.0,0.71875,0.96875,1.0,0.0,0.0,0.0,0.0
683,oracle_min_ehull,0.05830536579455635,0.04731755590439976,0.875,0.484375,0.984375,1.0,0.59375,0.921875,1.0,-0.08311836918640002,0.48330443490825714,0.390625,0.234375
683,oracle_min_rmsd,0.10807811492414265,0.005982154906929317,0.515625,0.203125,0.984375,1.0,0.578125,0.96875,1.0,-0.03334562005681371,-0.8124722054181296,0.03125,-0.046875
683,oracle_stable_quality,0.05830536579455635,0.04731755590439976,0.875,0.484375,0.984375,1.0,0.59375,0.921875,1.0,-0.08311836918640002,0.48330443490825714,0.390625,0.234375
683,oracle_nus_quality,0.06823955704887424,0.06774189396077598,0.875,0.671875,0.984375,1.0,0.8125,0.953125,1.0,-0.07318417793208212,1.1235638616693793,0.390625,0.421875
684,baseline_first,0.1582399078092183,0.06221001049117347,0.28125,0.109375,0.890625,1.0,0.734375,0.9375,1.0,0.0,0.0,0.0,0.0
684,oracle_min_ehull,0.06800359655784677,0.018441448340074527,0.84375,0.46875,1.0,1.0,0.59375,0.9375,1.0,-0.09023631125137152,-0.70356140122029,0.5625,0.359375
684,oracle_min_rmsd,0.10673054655517852,0.007615109833176616,0.59375,0.265625,1.0,1.0,0.578125,0.9375,1.0,-0.051509361254039765,-0.8775902821257832,0.3125,0.15625
684,oracle_stable_quality,0.06800359655784677,0.018441448340074527,0.84375,0.46875,1.0,1.0,0.59375,0.9375,1.0,-0.09023631125137152,-0.70356140122029,0.5625,0.359375
684,oracle_nus_quality,0.07331635246446745,0.04005754590106928,0.84375,0.578125,1.0,1.0,0.734375,0.984375,1.0,-0.08492355534475084,-0.35609163887293094,0.5625,0.46875
685,baseline_first,0.14193260085023346,0.06150451476856049,0.375,0.171875,0.8125,1.0,0.75,0.96875,1.0,0.0,0.0,0.0,0.0
685,oracle_min_ehull,0.056188428601103686,0.028384629464097654,0.90625,0.4375,1.0,1.0,0.53125,0.921875,1.0,-0.08574417224912978,-0.5384951889969687,0.53125,0.265625
685,oracle_min_rmsd,0.09190535626969723,0.011230527053447159,0.671875,0.34375,1.0,1.0,0.59375,0.9375,1.0,-0.05002724458053623,-0.81740320859847,0.296875,0.171875
685,oracle_stable_quality,0.056188428601103686,0.028384629464097654,0.90625,0.4375,1.0,1.0,0.53125,0.921875,1.0,-0.08574417224912978,-0.5384951889969687,0.53125,0.265625
685,oracle_nus_quality,0.061099190505486,0.022556611727909466,0.90625,0.640625,1.0,1.0,0.71875,0.953125,1.0,-0.08083341034474746,-0.6332527487975594,0.53125,0.46875
686,baseline_first,0.14194278115855496,0.058989709389909495,0.375,0.203125,0.875,1.0,0.78125,0.953125,1.0,0.0,0.0,0.0,0.0
686,oracle_min_ehull,0.05622135740156263,0.02242663524445116,0.875,0.453125,1.0,1.0,0.578125,0.9375,1.0,-0.08572142375699233,-0.619821228543171,0.5,0.25
686,oracle_min_rmsd,0.09667328726423502,0.007352089756405912,0.609375,0.3125,1.0,1.0,0.65625,0.9375,1.0,-0.045269493894319945,-0.8753665710096967,0.234375,0.109375
686,oracle_stable_quality,0.05622135740156263,0.02242663524445116,0.875,0.453125,1.0,1.0,0.578125,0.9375,1.0,-0.08572142375699233,-0.619821228543171,0.5,0.25
686,oracle_nus_quality,0.06085899261190486,0.024251778145450455,0.875,0.59375,1.0,1.0,0.734375,0.953125,1.0,-0.0810837885466501,-0.5888812066329852,0.5,0.390625
687,baseline_first,0.15359403643373726,0.0912375222574042,0.375,0.171875,0.90625,1.0,0.765625,0.953125,1.0,0.0,0.0,0.0,0.0
687,oracle_min_ehull,0.062424222884725405,0.02260316348650216,0.8125,0.4375,1.0,1.0,0.625,0.921875,1.0,-0.09116981354901185,-0.7522602222500858,0.4375,0.265625
687,oracle_min_rmsd,0.1059954051441054,0.0058387849318961155,0.5625,0.25,1.0,1.0,0.609375,0.921875,1.0,-0.04759863128963186,-0.9360045649264409,0.1875,0.078125
687,oracle_stable_quality,0.062424222884725405,0.02260316348650216,0.8125,0.4375,1.0,1.0,0.625,0.921875,1.0,-0.09116981354901185,-0.7522602222500858,0.4375,0.265625
687,oracle_nus_quality,0.06848655045294143,0.02642519598729891,0.8125,0.59375,1.0,1.0,0.796875,0.96875,1.0,-0.08510748598079583,-0.7103692062927056,0.4375,0.421875
688,baseline_first,0.16867967606749457,0.10106544044729465,0.34375,0.125,0.84375,1.0,0.71875,0.953125,1.0,0.0,0.0,0.0,0.0
688,oracle_min_ehull,0.054856584329093294,0.023016768449342043,0.890625,0.515625,1.0,1.0,0.625,0.953125,1.0,-0.11382309173840127,-0.772258762763269,0.546875,0.390625
688,oracle_min_rmsd,0.09430802440261085,0.0046367347675104215,0.609375,0.265625,1.0,1.0,0.5625,0.9375,1.0,-0.07437165166488371,-0.9541214608377582,0.265625,0.140625
688,oracle_stable_quality,0.054856584329093294,0.023016768449342043,0.890625,0.515625,1.0,1.0,0.625,0.953125,1.0,-0.11382309173840127,-0.772258762763269,0.546875,0.390625
688,oracle_nus_quality,0.0620817375998907,0.025993724165261554,0.890625,0.671875,1.0,1.0,0.78125,1.0,1.0,-0.10659793846760388,-0.7428030388012091,0.546875,0.546875
689,baseline_first,0.14812255090140267,0.05575120203939064,0.4375,0.15625,0.84375,1.0,0.671875,0.9375,1.0,0.0,0.0,0.0,0.0
689,oracle_min_ehull,0.057624200193039404,0.027839111888230083,0.84375,0.375,1.0,1.0,0.515625,0.921875,1.0,-0.09049835070836326,-0.5006544994570603,0.40625,0.21875
689,oracle_min_rmsd,0.09175247837555589,0.011886092004465339,0.625,0.234375,1.0,1.0,0.5,0.875,1.0,-0.056370072525846776,-0.7868011528062248,0.1875,0.078125
689,oracle_stable_quality,0.057624200193039404,0.027839111888230083,0.84375,0.375,1.0,1.0,0.515625,0.921875,1.0,-0.09049835070836326,-0.5006544994570603,0.40625,0.21875
689,oracle_nus_quality,0.06753150445331732,0.024465343852557296,0.84375,0.59375,1.0,1.0,0.75,0.96875,1.0,-0.08059104644808535,-0.5611692132615999,0.40625,0.4375
690,baseline_first,0.14822021320149767,0.08372561936813708,0.421875,0.296875,0.890625,1.0,0.796875,0.953125,1.0,0.0,0.0,0.0,0.0
690,oracle_min_ehull,0.059438737494035186,0.03146457892431258,0.828125,0.328125,1.0,1.0,0.5,0.921875,1.0,-0.08878147570746248,-0.6241941336263575,0.40625,0.03125
690,oracle_min_rmsd,0.09412739646430945,0.004847342345761766,0.625,0.25,1.0,1.0,0.5625,0.9375,1.0,-0.054092816737188215,-0.942104431327665,0.203125,-0.046875
690,oracle_stable_quality,0.059438737494035186,0.03146457892431258,0.828125,0.328125,1.0,1.0,0.5,0.921875,1.0,-0.08878147570746248,-0.6241941336263575,0.40625,0.03125
690,oracle_nus_quality,0.06898536376160949,0.02722464508521281,0.828125,0.5625,1.0,1.0,0.75,0.96875,1.0,-0.07923484943988818,-0.674834951467991,0.40625,0.265625
691,baseline_first,0.1554089608362581,0.0332090110478262,0.421875,0.203125,0.875,1.0,0.71875,0.9375,1.0,0.0,0.0,0.0,0.0
691,oracle_min_ehull,0.06198376428723009,0.05213357486669039,0.828125,0.40625,1.0,1.0,0.53125,0.9375,1.0,-0.093425196549028,0.5698623121179323,0.40625,0.203125
691,oracle_min_rmsd,0.10134089416320753,0.007999173816292164,0.625,0.21875,1.0,1.0,0.53125,0.921875,1.0,-0.05406806667305057,-0.759126406842646,0.203125,0.015625
691,oracle_stable_quality,0.06198376428723009,0.05213357486669039,0.828125,0.40625,1.0,1.0,0.53125,0.9375,1.0,-0.093425196549028,0.5698623121179323,0.40625,0.203125
691,oracle_nus_quality,0.0732626628783793,0.05420816136549689,0.828125,0.546875,1.0,1.0,0.734375,0.984375,1.0,-0.0821462979578788,0.6323329016762531,0.40625,0.34375
692,baseline_first,0.14971790647037106,0.054835171563828694,0.328125,0.1875,0.78125,1.0,0.71875,0.921875,1.0,0.0,0.0,0.0,0.0
692,oracle_min_ehull,0.05914980070117917,0.046706247085011955,0.890625,0.46875,1.0,1.0,0.578125,0.953125,1.0,-0.09056810576919189,-0.14824289314668393,0.5625,0.28125
692,oracle_min_rmsd,0.0987344027663798,0.009509067188529412,0.640625,0.234375,1.0,1.0,0.5,0.9375,1.0,-0.050983503703991254,-0.8265881747545777,0.3125,0.046875
692,oracle_stable_quality,0.05914980070117917,0.046706247085011955,0.890625,0.46875,1.0,1.0,0.578125,0.953125,1.0,-0.09056810576919189,-0.14824289314668393,0.5625,0.28125
692,oracle_nus_quality,0.06401942001095406,0.05009038754075244,0.890625,0.609375,1.0,1.0,0.734375,0.96875,1.0,-0.085698486459417,-0.08652811485331591,0.5625,0.421875
693,baseline_first,0.14662671413049658,0.08358698741175606,0.390625,0.171875,0.828125,1.0,0.71875,0.984375,1.0,0.0,0.0,0.0,0.0
693,oracle_min_ehull,0.0600066345757409,0.028107192757472397,0.859375,0.453125,1.0,1.0,0.53125,0.921875,1.0,-0.08662007955475567,-0.6637372200171043,0.46875,0.28125
693,oracle_min_rmsd,0.09974955886979567,0.007170461211425863,0.578125,0.1875,1.0,1.0,0.46875,0.9375,1.0,-0.04687715526070091,-0.914215580278021,0.1875,0.015625
693,oracle_stable_quality,0.0600066345757409,0.028107192757472397,0.859375,0.453125,1.0,1.0,0.53125,0.921875,1.0,-0.08662007955475567,-0.6637372200171043,0.46875,0.28125
693,oracle_nus_quality,0.06710037659111835,0.04694590893387478,0.859375,0.65625,1.0,1.0,0.796875,0.953125,1.0,-0.07952633753937823,-0.4383586442394969,0.46875,0.484375
694,baseline_first,0.14462695276769127,0.056154593753044796,0.4375,0.21875,0.765625,1.0,0.6875,0.953125,1.0,0.0,0.0,0.0,0.0
694,oracle_min_ehull,0.052392051916207376,0.02404263080125167,0.90625,0.5,1.0,1.0,0.59375,0.90625,1.0,-0.09223490085148389,-0.5718492612200932,0.46875,0.28125
694,oracle_min_rmsd,0.09511999248893732,0.005776583422809088,0.625,0.21875,1.0,1.0,0.515625,0.9375,1.0,-0.04950696027875395,-0.8971307058472688,0.1875,0.0
694,oracle_stable_quality,0.052392051916207376,0.02404263080125167,0.90625,0.5,1.0,1.0,0.59375,0.90625,1.0,-0.09223490085148389,-0.5718492612200932,0.46875,0.28125
694,oracle_nus_quality,0.05848312150110084,0.045371422960216005,0.90625,0.609375,1.0,1.0,0.703125,0.9375,1.0,-0.08614383126659043,-0.19202651238562485,0.46875,0.390625
695,baseline_first,0.12699395888555362,0.06057278997312989,0.4375,0.265625,0.875,1.0,0.796875,0.984375,1.0,0.0,0.0,0.0,0.0
695,oracle_min_ehull,0.05623996020007014,0.04172671125788778,0.859375,0.46875,1.0,1.0,0.609375,0.921875,1.0,-0.07075399868548349,-0.31113109902321223,0.421875,0.203125
695,oracle_min_rmsd,0.10526813775120668,0.005413381190521379,0.609375,0.203125,1.0,1.0,0.5625,0.90625,1.0,-0.021725821134346943,-0.9106301493967381,0.171875,-0.0625
695,oracle_stable_quality,0.05623996020007014,0.04172671125788778,0.859375,0.46875,1.0,1.0,0.609375,0.921875,1.0,-0.07075399868548349,-0.31113109902321223,0.421875,0.203125
695,oracle_nus_quality,0.06252785542556624,0.0383898904816099,0.859375,0.625,1.0,1.0,0.78125,0.96875,1.0,-0.06446610345998738,-0.3662188831216183,0.421875,0.359375
696,baseline_first,0.14270736860980682,0.08353995493740501,0.4375,0.25,0.875,1.0,0.703125,0.953125,1.0,0.0,0.0,0.0,0.0
696,oracle_min_ehull,0.054519261319465315,0.02721132455555977,0.921875,0.484375,1.0,1.0,0.5625,0.890625,1.0,-0.0881881072903415,-0.6742717352918286,0.484375,0.234375
696,oracle_min_rmsd,0.08931452612504101,0.006346576731222273,0.65625,0.296875,1.0,1.0,0.546875,0.90625,1.0,-0.05339284248476581,-0.9240294451202703,0.21875,0.046875
696,oracle_stable_quality,0.054519261319465315,0.02721132455555977,0.921875,0.484375,1.0,1.0,0.5625,0.890625,1.0,-0.0881881072903415,-0.6742717352918286,0.484375,0.234375
696,oracle_nus_quality,0.06040680384072771,0.04745656156437633,0.921875,0.609375,1.0,1.0,0.703125,0.9375,1.0,-0.0823005647690791,-0.4319297682176788,0.484375,0.359375
697,baseline_first,0.1390019222489337,0.06432095140620178,0.453125,0.21875,0.828125,1.0,0.6875,0.953125,1.0,0.0,0.0,0.0,0.0
697,oracle_min_ehull,0.059133158590426185,0.023288326195642504,0.828125,0.4375,1.0,1.0,0.515625,0.921875,1.0,-0.07986876365850752,-0.6379356075041349,0.375,0.21875
697,oracle_min_rmsd,0.09237669354659192,0.006277621658708803,0.625,0.3125,1.0,1.0,0.5625,0.9375,1.0,-0.04662522870234179,-0.902401604431126,0.171875,0.09375
697,oracle_stable_quality,0.059133158590426185,0.023288326195642504,0.828125,0.4375,1.0,1.0,0.515625,0.921875,1.0,-0.07986876365850752,-0.6379356075041349,0.375,0.21875
697,oracle_nus_quality,0.07431705056842114,0.02519340926725202,0.828125,0.609375,1.0,1.0,0.796875,0.953125,1.0,-0.06468487168051257,-0.6083172167627033,0.375,0.390625
698,baseline_first,0.11670634078754338,0.05226621698118154,0.5625,0.234375,0.828125,1.0,0.609375,0.9375,1.0,0.0,0.0,0.0,0.0
698,oracle_min_ehull,0.056221901903399506,0.01220752722027055,0.859375,0.375,1.0,1.0,0.5,0.921875,1.0,-0.06048443888414388,-0.7664356074466635,0.296875,0.140625
698,oracle_min_rmsd,0.09118255867464675,0.005760425691876457,0.640625,0.25,1.0,1.0,0.515625,0.9375,1.0,-0.02552378211289663,-0.8897868255138783,0.078125,0.015625
698,oracle_stable_quality,0.056221901903399506,0.01220752722027055,0.859375,0.375,1.0,1.0,0.5,0.921875,1.0,-0.06048443888414388,-0.7664356074466635,0.296875,0.140625
698,oracle_nus_quality,0.06343843442084351,0.016931455084414355,0.859375,0.546875,1.0,1.0,0.671875,0.953125,1.0,-0.05326790636669987,-0.6760535569178361,0.296875,0.3125
699,baseline_first,0.13208844321076169,0.06283846618228958,0.46875,0.28125,0.796875,1.0,0.75,0.984375,1.0,0.0,0.0,0.0,0.0
699,oracle_min_ehull,0.05946055282032352,0.06610462030354106,0.890625,0.484375,1.0,1.0,0.578125,0.9375,1.0,-0.07262789039043817,0.05197698670391815,0.421875,0.203125
699,oracle_min_rmsd,0.09995297865295794,0.00726976468472303,0.625,0.25,1.0,1.0,0.5625,0.921875,1.0,-0.03213546455780375,-0.8843102779811016,0.15625,-0.03125
699,oracle_stable_quality,0.05946055282032352,0.06610462030354106,0.890625,0.484375,1.0,1.0,0.578125,0.9375,1.0,-0.07262789039043817,0.05197698670391815,0.421875,0.203125
699,oracle_nus_quality,0.06506696794598127,0.06955256086468688,0.890625,0.625,1.0,1.0,0.75,0.96875,1.0,-0.06702147526478042,0.10684688997532521,0.421875,0.34375
700,baseline_first,0.13607022780636432,0.04221929181648897,0.453125,0.21875,0.84375,1.0,0.65625,0.984375,1.0,0.0,0.0,0.0,0.0
700,oracle_min_ehull,0.05880784062899266,0.04131901490252488,0.890625,0.40625,1.0,1.0,0.515625,0.90625,1.0,-0.07726238717737166,-0.021323827928645733,0.4375,0.1875
700,oracle_min_rmsd,0.09315483936830585,0.006451176487218796,0.640625,0.3125,1.0,1.0,0.59375,0.9375,1.0,-0.04291538843805848,-0.8471983728372428,0.1875,0.09375
700,oracle_stable_quality,0.05880784062899266,0.04131901490252488,0.890625,0.40625,1.0,1.0,0.515625,0.90625,1.0,-0.07726238717737166,-0.021323827928645733,0.4375,0.1875
700,oracle_nus_quality,0.06440184267093498,0.03688769480415814,0.890625,0.59375,1.0,1.0,0.71875,0.953125,1.0,-0.07166838513542935,-0.12628343070047776,0.4375,0.375
701,baseline_first,0.1449712720156057,0.04217375221518808,0.390625,0.21875,0.859375,1.0,0.765625,0.984375,1.0,0.0,0.0,0.0,0.0
701,oracle_min_ehull,0.058464215028273335,0.0448397166150538,0.859375,0.453125,1.0,1.0,0.5625,0.96875,1.0,-0.08650705698733235,0.06321382992584734,0.46875,0.234375
701,oracle_min_rmsd,0.10679992828584996,0.005819047809243481,0.59375,0.234375,1.0,1.0,0.578125,0.9375,1.0,-0.03817134372975574,-0.8620220515463677,0.203125,0.015625
701,oracle_stable_quality,0.058464215028273335,0.0448397166150538,0.859375,0.453125,1.0,1.0,0.5625,0.96875,1.0,-0.08650705698733235,0.06321382992584734,0.46875,0.234375
701,oracle_nus_quality,0.06380884417121299,0.04981982309192304,0.859375,0.609375,1.0,1.0,0.734375,0.984375,1.0,-0.0811624278443927,0.18129927917538646,0.46875,0.390625
702,baseline_first,0.14875097813899546,0.05772850010045298,0.46875,0.265625,0.875,1.0,0.6875,0.9375,1.0,0.0,0.0,0.0,0.0
702,oracle_min_ehull,0.0624301398309798,0.03082573428851719,0.84375,0.5,1.0,1.0,0.640625,0.9375,1.0,-0.08632083830801565,-0.4660222553006308,0.375,0.234375
702,oracle_min_rmsd,0.11077468121072817,0.00756685622973667,0.53125,0.234375,1.0,1.0,0.5625,0.890625,1.0,-0.03797629692826729,-0.8689233876409462,0.0625,-0.03125
702,oracle_stable_quality,0.0624301398309798,0.03082573428851719,0.84375,0.5,1.0,1.0,0.640625,0.9375,1.0,-0.08632083830801565,-0.4660222553006308,0.375,0.234375
702,oracle_nus_quality,0.07039930963519186,0.04419657098484918,0.84375,0.609375,1.0,1.0,0.75,0.96875,1.0,-0.0783516685038036,-0.23440638665575897,0.375,0.34375
703,baseline_first,0.13905354853022758,0.10998247998000957,0.4375,0.25,0.875,1.0,0.78125,0.953125,1.0,0.0,0.0,0.0,0.0
703,oracle_min_ehull,0.05863743198077345,0.01819379329464664,0.828125,0.453125,1.0,1.0,0.609375,0.921875,1.0,-0.08041611654945413,-0.8345755315032581,0.390625,0.203125
703,oracle_min_rmsd,0.09689097713936975,0.004990244982058991,0.640625,0.234375,1.0,1.0,0.515625,0.9375,1.0,-0.04216257139085783,-0.9546269098226734,0.203125,-0.015625
703,oracle_stable_quality,0.05863743198077345,0.01819379329464664,0.828125,0.453125,1.0,1.0,0.609375,0.921875,1.0,-0.08041611654945413,-0.8345755315032581,0.390625,0.203125
703,oracle_nus_quality,0.06684493843680558,0.039279218339564825,0.828125,0.59375,1.0,1.0,0.78125,0.96875,1.0,-0.072208610093422,-0.6428593140770764,0.390625,0.34375
704,baseline_first,0.14342250409438098,0.06313527748579988,0.375,0.234375,0.84375,1.0,0.734375,0.96875,1.0,0.0,0.0,0.0,0.0
704,oracle_min_ehull,0.054493368972032025,0.02407191846744788,0.875,0.40625,1.0,1.0,0.515625,0.9375,1.0,-0.08892913512234896,-0.6187247537977159,0.5,0.171875
704,oracle_min_rmsd,0.08994668367990923,0.008034627296969422,0.625,0.1875,1.0,1.0,0.5,0.9375,1.0,-0.053475820414471756,-0.8727394949871482,0.25,-0.046875
704,oracle_stable_quality,0.054493368972032025,0.02407191846744788,0.875,0.40625,1.0,1.0,0.515625,0.9375,1.0,-0.08892913512234896,-0.6187247537977159,0.5,0.171875
704,oracle_nus_quality,0.06163708986375379,0.02536089573439236,0.875,0.609375,1.0,1.0,0.71875,1.0,1.0,-0.08178541423062718,-0.5983086359270944,0.5,0.375
705,baseline_first,0.1643038498663345,0.049173247816156965,0.265625,0.140625,0.828125,1.0,0.796875,0.96875,1.0,0.0,0.0,0.0,0.0
705,oracle_min_ehull,0.05670132019427902,0.02675943548149673,0.890625,0.4375,1.0,1.0,0.515625,0.9375,1.0,-0.10760252967205548,-0.4558131368189936,0.625,0.296875
705,oracle_min_rmsd,0.09605742299706674,0.005956120772700037,0.625,0.21875,1.0,1.0,0.515625,0.875,1.0,-0.06824642686926777,-0.8788747736377295,0.359375,0.078125
705,oracle_stable_quality,0.05670132019427902,0.02675943548149673,0.890625,0.4375,1.0,1.0,0.515625,0.9375,1.0,-0.10760252967205548,-0.4558131368189936,0.625,0.296875
705,oracle_nus_quality,0.06649791509500265,0.021357611051024634,0.890625,0.609375,1.0,1.0,0.703125,0.96875,1.0,-0.09780593477133186,-0.5656660481147411,0.625,0.46875
706,baseline_first,0.15501081974855135,0.05927074440178237,0.34375,0.1875,0.859375,1.0,0.765625,0.984375,1.0,0.0,0.0,0.0,0.0
706,oracle_min_ehull,0.061013767451892645,0.025323292966815757,0.875,0.46875,1.0,1.0,0.578125,0.921875,1.0,-0.09399705229665871,-0.5727522368344973,0.53125,0.28125
706,oracle_min_rmsd,0.09533993368945012,0.008508416056425149,0.578125,0.1875,1.0,1.0,0.53125,0.921875,1.0,-0.05967088605910123,-0.8564483010581307,0.234375,0.0
706,oracle_stable_quality,0.061013767451892645,0.025323292966815757,0.875,0.46875,1.0,1.0,0.578125,0.921875,1.0,-0.09399705229665871,-0.5727522368344973,0.53125,0.28125
706,oracle_nus_quality,0.06951492675580867,0.029572663376718097,0.875,0.671875,1.0,1.0,0.8125,0.9375,1.0,-0.08549589299274268,-0.5010580063538261,0.53125,0.484375
707,baseline_first,0.14430922493780277,0.08058524140722362,0.34375,0.15625,0.8125,1.0,0.75,0.96875,1.0,0.0,0.0,0.0,0.0
707,oracle_min_ehull,0.06119953957882598,0.03871851718056783,0.859375,0.4375,1.0,1.0,0.5625,0.921875,1.0,-0.08310968535897678,-0.5195333971277634,0.515625,0.28125
707,oracle_min_rmsd,0.08826485352644536,0.015500909922518862,0.71875,0.3125,1.0,1.0,0.5625,0.90625,1.0,-0.0560443714113574,-0.807645796527584,0.375,0.15625
707,oracle_stable_quality,0.06119953957882598,0.03871851718056783,0.859375,0.4375,1.0,1.0,0.5625,0.921875,1.0,-0.08310968535897678,-0.5195333971277634,0.515625,0.28125
707,oracle_nus_quality,0.06927000208689918,0.04324348251556882,0.859375,0.625,1.0,1.0,0.78125,0.96875,1.0,-0.07503922285090359,-0.46338210619677445,0.515625,0.46875
708,baseline_first,0.13943216769801042,0.06505493203117102,0.4375,0.15625,0.875,1.0,0.671875,0.984375,1.0,0.0,0.0,0.0,0.0
708,oracle_min_ehull,0.0591847116555426,0.02310959944187897,0.859375,0.453125,1.0,1.0,0.546875,0.921875,1.0,-0.08024745604246783,-0.6447679104359678,0.421875,0.296875
708,oracle_min_rmsd,0.10003184096326034,0.004576970067468906,0.578125,0.21875,1.0,1.0,0.5625,0.921875,1.0,-0.03940032673475008,-0.9296445338644601,0.140625,0.0625
708,oracle_stable_quality,0.0591847116555426,0.02310959944187897,0.859375,0.453125,1.0,1.0,0.546875,0.921875,1.0,-0.08024745604246783,-0.6447679104359678,0.421875,0.296875
708,oracle_nus_quality,0.07186272122576332,0.04601493443796645,0.859375,0.640625,1.0,1.0,0.796875,0.953125,1.0,-0.06756944647224711,-0.29267569727198506,0.421875,0.484375
709,baseline_first,0.15338982166221762,0.08278610261652966,0.296875,0.15625,0.78125,1.0,0.71875,0.96875,1.0,0.0,0.0,0.0,0.0
709,oracle_min_ehull,0.060230174884126075,0.013051463705628846,0.8125,0.359375,0.984375,1.0,0.53125,0.9375,1.0,-0.09315964677809155,-0.8423471658512054,0.515625,0.203125
709,oracle_min_rmsd,0.0929612500323328,0.004887708797249396,0.59375,0.1875,0.984375,1.0,0.484375,0.953125,1.0,-0.060428571629884825,-0.9409597910425912,0.296875,0.03125
709,oracle_stable_quality,0.060230174884126075,0.013051463705628846,0.8125,0.359375,0.984375,1.0,0.53125,0.9375,1.0,-0.09315964677809155,-0.8423471658512054,0.515625,0.203125
709,oracle_nus_quality,0.06830712166507437,0.018546911216889762,0.8125,0.578125,0.984375,1.0,0.765625,0.984375,1.0,-0.08508269999714325,-0.7759658852066005,0.515625,0.421875
710,baseline_first,0.14142812873121244,0.07052963174657284,0.390625,0.203125,0.875,1.0,0.75,0.984375,1.0,0.0,0.0,0.0,0.0
710,oracle_min_ehull,0.07240019107510466,0.041716950457983334,0.765625,0.359375,1.0,1.0,0.5625,0.96875,1.0,-0.06902793765610778,-0.40851881081868213,0.375,0.15625
710,oracle_min_rmsd,0.11305087009821443,0.007942907104741633,0.515625,0.171875,1.0,1.0,0.546875,0.90625,1.0,-0.028377258632998004,-0.8873819853011271,0.125,-0.03125
710,oracle_stable_quality,0.07240019107510466,0.041716950457983334,0.765625,0.359375,1.0,1.0,0.5625,0.96875,1.0,-0.06902793765610778,-0.40851881081868213,0.375,0.15625
710,oracle_nus_quality,0.08226304037731091,0.05497563826908482,0.765625,0.609375,1.0,1.0,0.828125,1.0,1.0,-0.059165088353901524,-0.22053132977323142,0.375,0.40625
711,baseline_first,0.1529681582080316,0.06782532466050417,0.421875,0.203125,0.828125,1.0,0.734375,0.953125,1.0,0.0,0.0,0.0,0.0
711,oracle_min_ehull,0.060318725518605225,0.02356940559415853,0.828125,0.453125,0.984375,1.0,0.609375,0.9375,1.0,-0.09264943268942638,-0.6524984478565512,0.40625,0.25
711,oracle_min_rmsd,0.10681853550341854,0.005744529150883192,0.5625,0.1875,0.984375,1.0,0.59375,0.9375,1.0,-0.04614962270461308,-0.915304067033411,0.140625,-0.015625
711,oracle_stable_quality,0.060318725518605225,0.02356940559415853,0.828125,0.453125,0.984375,1.0,0.609375,0.9375,1.0,-0.09264943268942638,-0.6524984478565512,0.40625,0.25
711,oracle_nus_quality,0.06390531330622296,0.026754159097282168,0.828125,0.609375,0.984375,1.0,0.78125,0.984375,1.0,-0.08906284490180866,-0.605543221043193,0.40625,0.40625
712,baseline_first,0.10871992728966082,0.07881039377042615,0.515625,0.296875,0.8125,1.0,0.75,0.953125,1.0,0.0,0.0,0.0,0.0
712,oracle_min_ehull,0.055960846177949594,0.04932161952667265,0.890625,0.46875,1.0,1.0,0.578125,0.9375,1.0,-0.05275908111171122,-0.37417366965141663,0.375,0.171875
712,oracle_min_rmsd,0.0935747101137595,0.01214371531106624,0.625,0.28125,1.0,1.0,0.609375,0.90625,1.0,-0.015145217175901324,-0.8459122619480781,0.109375,-0.015625
712,oracle_stable_quality,0.055960846177949594,0.04932161952667265,0.890625,0.46875,1.0,1.0,0.578125,0.9375,1.0,-0.05275908111171122,-0.37417366965141663,0.375,0.171875
712,oracle_nus_quality,0.06282659845487598,0.05564931900063263,0.890625,0.578125,1.0,1.0,0.6875,0.96875,1.0,-0.045893328834784836,-0.29388350522979856,0.375,0.28125
713,baseline_first,0.12855297312253477,0.06767088101853674,0.4375,0.203125,0.8125,1.0,0.703125,0.9375,1.0,0.0,0.0,0.0,0.0
713,oracle_min_ehull,0.05991596256538238,0.03521138956452359,0.875,0.546875,1.0,1.0,0.671875,0.96875,1.0,-0.06863701055715239,-0.4796670438666476,0.4375,0.34375
713,oracle_min_rmsd,0.10608122753186358,0.004868694700471797,0.609375,0.25,1.0,1.0,0.578125,0.90625,1.0,-0.022471745590671194,-0.9280533277062236,0.171875,0.046875
713,oracle_stable_quality,0.05991596256538238,0.03521138956452359,0.875,0.546875,1.0,1.0,0.671875,0.96875,1.0,-0.06863701055715239,-0.4796670438666476,0.4375,0.34375
713,oracle_nus_quality,0.064762357168376,0.03842590411836736,0.875,0.6875,1.0,1.0,0.796875,0.984375,1.0,-0.06379061595415877,-0.43216486116322994,0.4375,0.484375
714,baseline_first,0.14198754732494176,0.04223300581997891,0.4375,0.21875,0.875,1.0,0.703125,0.953125,1.0,0.0,0.0,0.0,0.0
714,oracle_min_ehull,0.05877362807554351,0.027450014990321705,0.84375,0.40625,0.984375,1.0,0.53125,0.9375,1.0,-0.08321391924939825,-0.3500340679673788,0.40625,0.1875
714,oracle_min_rmsd,0.09105525079722582,0.011032086010465922,0.671875,0.234375,0.984375,1.0,0.515625,0.90625,1.0,-0.05093229652771594,-0.7387804681132348,0.234375,0.015625
714,oracle_stable_quality,0.05877362807554351,0.027450014990321705,0.84375,0.40625,0.984375,1.0,0.53125,0.9375,1.0,-0.08321391924939825,-0.3500340679673788,0.40625,0.1875
714,oracle_nus_quality,0.06557637925912543,0.030474999886658923,0.84375,0.59375,0.984375,1.0,0.75,0.953125,1.0,-0.07641116806581633,-0.2784079822174934,0.40625,0.375
715,baseline_first,0.14854632147384284,0.06605695253172092,0.359375,0.171875,0.84375,1.0,0.703125,0.921875,1.0,0.0,0.0,0.0,0.0
715,oracle_min_ehull,0.05677537308135613,0.04010456790644004,0.859375,0.484375,1.0,1.0,0.546875,0.9375,1.0,-0.0917709483924867,-0.3928789269050581,0.5,0.3125
715,oracle_min_rmsd,0.10182966913526895,0.013482107819142317,0.578125,0.203125,1.0,1.0,0.53125,0.890625,1.0,-0.04671665233857389,-0.795901758975815,0.21875,0.03125
715,oracle_stable_quality,0.05677537308135613,0.04010456790644004,0.859375,0.484375,1.0,1.0,0.546875,0.9375,1.0,-0.0917709483924867,-0.3928789269050581,0.5,0.3125
715,oracle_nus_quality,0.06999609077172071,0.048581236426285285,0.859375,0.59375,1.0,1.0,0.734375,0.96875,1.0,-0.07855023070212212,-0.26455528806061246,0.5,0.421875
716,baseline_first,0.14059366404502666,0.07713671222194532,0.46875,0.25,0.84375,1.0,0.734375,0.96875,1.0,0.0,0.0,0.0,0.0
716,oracle_min_ehull,0.0623259386088266,0.052542584369890066,0.8125,0.4375,1.0,1.0,0.5625,0.9375,1.0,-0.07826772543620006,-0.3188381659473717,0.34375,0.1875
716,oracle_min_rmsd,0.0989744491221266,0.006420052453806535,0.59375,0.28125,1.0,1.0,0.5625,0.9375,1.0,-0.04161921492290005,-0.9167704680576205,0.125,0.03125
716,oracle_stable_quality,0.0623259386088266,0.052542584369890066,0.8125,0.4375,1.0,1.0,0.5625,0.9375,1.0,-0.07826772543620006,-0.3188381659473717,0.34375,0.1875
716,oracle_nus_quality,0.07410201518391932,0.050661921742555766,0.8125,0.5625,1.0,1.0,0.765625,0.953125,1.0,-0.06649164886110734,-0.34321906802578894,0.34375,0.3125
717,baseline_first,0.13606262989197115,0.06116461077105822,0.421875,0.296875,0.84375,1.0,0.78125,0.921875,1.0,0.0,0.0,0.0,0.0
717,oracle_min_ehull,0.06557437430084906,0.021014469646327333,0.796875,0.484375,1.0,1.0,0.640625,0.953125,1.0,-0.0704882555911221,-0.6564276404049165,0.375,0.1875
717,oracle_min_rmsd,0.09806984885603609,0.0101307497504164,0.625,0.1875,1.0,1.0,0.5,0.890625,1.0,-0.037992781035935064,-0.834369096398958,0.203125,-0.109375
717,oracle_stable_quality,0.06557437430084906,0.021014469646327333,0.796875,0.484375,1.0,1.0,0.640625,0.953125,1.0,-0.0704882555911221,-0.6564276404049165,0.375,0.1875
717,oracle_nus_quality,0.07160550322778567,0.023425805491364637,0.796875,0.640625,1.0,1.0,0.828125,0.984375,1.0,-0.06445712666418549,-0.6170039309324074,0.375,0.34375
718,baseline_first,0.14436574984843087,0.0662112351606007,0.4375,0.1875,0.84375,1.0,0.65625,0.9375,1.0,0.0,0.0,0.0,0.0
718,oracle_min_ehull,0.05852099405945802,0.016187393618511667,0.90625,0.5,1.0,1.0,0.59375,0.921875,1.0,-0.08584475578897285,-0.7555189299935603,0.46875,0.3125
718,oracle_min_rmsd,0.10679538843502678,0.005190540035564378,0.578125,0.234375,1.0,1.0,0.5625,0.9375,1.0,-0.037570361413404085,-0.9216063554323628,0.140625,0.046875
718,oracle_stable_quality,0.05852099405945802,0.016187393618511667,0.90625,0.5,1.0,1.0,0.59375,0.921875,1.0,-0.08584475578897285,-0.7555189299935603,0.46875,0.3125
718,oracle_nus_quality,0.06254716118710307,0.03732532165022681,0.90625,0.65625,1.0,1.0,0.75,0.9375,1.0,-0.0818185886613278,-0.4362690628004262,0.46875,0.46875
719,baseline_first,0.13829950295710838,0.04771234950838615,0.375,0.15625,0.84375,1.0,0.703125,0.953125,1.0,0.0,0.0,0.0,0.0
719,oracle_min_ehull,0.05514863030980452,0.035755722950636365,0.90625,0.53125,1.0,1.0,0.609375,0.953125,1.0,-0.08315087264730386,-0.2505981508130978,0.53125,0.375
719,oracle_min_rmsd,0.09939961896795393,0.010264065681772233,0.609375,0.265625,1.0,1.0,0.609375,0.9375,1.0,-0.03889988398915445,-0.7848761214333373,0.234375,0.109375
719,oracle_stable_quality,0.05514863030980452,0.035755722950636365,0.90625,0.53125,1.0,1.0,0.609375,0.953125,1.0,-0.08315087264730386,-0.2505981508130978,0.53125,0.375
719,oracle_nus_quality,0.0629304556571235,0.038254568003580604,0.90625,0.625,1.0,1.0,0.71875,1.0,1.0,-0.07536904729998488,-0.1982250214515887,0.53125,0.46875
720,baseline_first,0.15679875932968018,0.06210706062337709,0.375,0.125,0.78125,1.0,0.640625,0.953125,1.0,0.0,0.0,0.0,0.0
720,oracle_min_ehull,0.05783551456714645,0.04348352270019831,0.859375,0.46875,1.0,1.0,0.609375,0.921875,1.0,-0.09896324476253374,-0.2998618472078983,0.484375,0.34375
720,oracle_min_rmsd,0.09999073457305435,0.008736411287408437,0.5625,0.203125,1.0,1.0,0.5625,0.921875,1.0,-0.05680802475662583,-0.859333042012939,0.1875,0.078125
720,oracle_stable_quality,0.05783551456714645,0.04348352270019831,0.859375,0.46875,1.0,1.0,0.609375,0.921875,1.0,-0.09896324476253374,-0.2998618472078983,0.484375,0.34375
720,oracle_nus_quality,0.06474750661996335,0.03745275432611627,0.859375,0.625,1.0,1.0,0.765625,0.96875,1.0,-0.09205125270971683,-0.3969646292998278,0.484375,0.5
721,baseline_first,0.14439573986384557,0.04377951152002307,0.390625,0.234375,0.84375,1.0,0.78125,0.9375,1.0,0.0,0.0,0.0,0.0
721,oracle_min_ehull,0.05422946784793267,0.033890213103591305,0.90625,0.421875,1.0,1.0,0.53125,0.9375,1.0,-0.0901662720159129,-0.22588873363533946,0.515625,0.1875
721,oracle_min_rmsd,0.092809410714918,0.0059602683243703495,0.625,0.25,1.0,1.0,0.515625,0.921875,1.0,-0.05158632914892758,-0.8638571304834146,0.234375,0.015625
721,oracle_stable_quality,0.05422946784793267,0.033890213103591305,0.90625,0.421875,1.0,1.0,0.53125,0.9375,1.0,-0.0901662720159129,-0.22588873363533946,0.515625,0.1875
721,oracle_nus_quality,0.06212519107635379,0.029712330851375778,0.90625,0.65625,1.0,1.0,0.765625,0.953125,1.0,-0.08227054878749179,-0.32131881284727226,0.515625,0.421875
722,baseline_first,0.1341153727644312,0.04418058029784798,0.4375,0.265625,0.8125,1.0,0.71875,0.96875,1.0,0.0,0.0,0.0,0.0
722,oracle_min_ehull,0.05596122035507918,0.02841089413804407,0.875,0.421875,1.0,1.0,0.515625,0.921875,1.0,-0.07815415240935202,-0.3569370536441787,0.4375,0.15625
722,oracle_min_rmsd,0.10496758941748338,0.007923903269838708,0.625,0.21875,1.0,1.0,0.515625,0.921875,1.0,-0.029147783346947814,-0.8206473700340989,0.1875,-0.046875
722,oracle_stable_quality,0.05596122035507918,0.02841089413804407,0.875,0.421875,1.0,1.0,0.515625,0.921875,1.0,-0.07815415240935202,-0.3569370536441787,0.4375,0.15625
722,oracle_nus_quality,0.06523006180402392,0.03183866329629498,0.875,0.609375,1.0,1.0,0.75,0.96875,1.0,-0.06888531096040727,-0.27935162730658325,0.4375,0.34375
723,baseline_first,0.12838039869014156,0.06805256493945723,0.4375,0.234375,0.84375,1.0,0.71875,0.921875,1.0,0.0,0.0,0.0,0.0
723,oracle_min_ehull,0.06177687922175145,0.043872823556380613,0.8125,0.375,1.0,1.0,0.515625,0.921875,1.0,-0.0666035194683901,-0.3553097727409401,0.375,0.140625
723,oracle_min_rmsd,0.0992303625082322,0.007265378680815834,0.5625,0.25,1.0,1.0,0.578125,0.953125,1.0,-0.029150036181909367,-0.8932387238118144,0.125,0.015625
723,oracle_stable_quality,0.06177687922175145,0.043872823556380613,0.8125,0.375,1.0,1.0,0.515625,0.921875,1.0,-0.0666035194683901,-0.3553097727409401,0.375,0.140625
723,oracle_nus_quality,0.07312572748649668,0.04886514575588262,0.8125,0.59375,1.0,1.0,0.78125,0.953125,1.0,-0.055254671203644884,-0.2819499779419724,0.375,0.359375
724,baseline_first,0.15500486491031165,0.07683653588675324,0.34375,0.140625,0.75,1.0,0.75,0.96875,1.0,0.0,0.0,0.0,0.0
724,oracle_min_ehull,0.056283906393965986,0.02386654509608773,0.890625,0.46875,1.0,1.0,0.546875,0.9375,1.0,-0.09872095851634566,-0.6893854619986536,0.546875,0.328125
724,oracle_min_rmsd,0.08968494966354804,0.005614070611525504,0.65625,0.25,1.0,1.0,0.53125,0.890625,1.0,-0.06531991524676362,-0.9269348813460319,0.3125,0.109375
724,oracle_stable_quality,0.056283906393965986,0.02386654509608773,0.890625,0.46875,1.0,1.0,0.546875,0.9375,1.0,-0.09872095851634566,-0.6893854619986536,0.546875,0.328125
724,oracle_nus_quality,0.06434153802434939,0.017745567533472253,0.890625,0.609375,1.0,1.0,0.703125,0.96875,1.0,-0.09066332688596226,-0.7690477931016197,0.546875,0.46875
725,baseline_first,0.14251601289798743,0.040569608253825606,0.390625,0.1875,0.84375,1.0,0.71875,0.96875,1.0,0.0,0.0,0.0,0.0
725,oracle_min_ehull,0.061353144506891305,0.032017899945623665,0.859375,0.46875,1.0,1.0,0.59375,0.921875,1.0,-0.08116286839109613,-0.2107910003640604,0.46875,0.28125
725,oracle_min_rmsd,0.09492589373859757,0.005701880262247117,0.671875,0.25,1.0,1.0,0.515625,0.9375,1.0,-0.04759011915938986,-0.8594543919040815,0.28125,0.0625
725,oracle_stable_quality,0.061353144506891305,0.032017899945623665,0.859375,0.46875,1.0,1.0,0.59375,0.921875,1.0,-0.08116286839109613,-0.2107910003640604,0.46875,0.28125
725,oracle_nus_quality,0.06789092887427689,0.033247504551661214,0.859375,0.578125,1.0,1.0,0.71875,0.96875,1.0,-0.07462508402371054,-0.1804824847297838,0.46875,0.390625
726,baseline_first,0.1447640331623703,0.04375847351571611,0.390625,0.203125,0.8125,1.0,0.734375,0.953125,1.0,0.0,0.0,0.0,0.0
726,oracle_min_ehull,0.05659782949975944,0.042299070934651656,0.890625,0.484375,1.0,1.0,0.59375,0.9375,1.0,-0.08816620366261085,-0.03335131378703826,0.5,0.28125
726,oracle_min_rmsd,0.09625199260113795,0.005753885379467461,0.625,0.265625,1.0,1.0,0.578125,0.90625,1.0,-0.048512040561232345,-0.8685080872987738,0.234375,0.0625
726,oracle_stable_quality,0.05659782949975944,0.042299070934651656,0.890625,0.484375,1.0,1.0,0.59375,0.9375,1.0,-0.08816620366261085,-0.03335131378703826,0.5,0.28125
726,oracle_nus_quality,0.06253221629485381,0.04775797364296668,0.890625,0.609375,1.0,1.0,0.71875,0.953125,1.0,-0.08223181686751649,0.09139944348867957,0.5,0.40625
727,baseline_first,0.15109021539222486,0.04675794769651251,0.40625,0.234375,0.828125,1.0,0.78125,0.984375,1.0,0.0,0.0,0.0,0.0
727,oracle_min_ehull,0.061664112301725325,0.026189995557907395,0.84375,0.453125,1.0,1.0,0.578125,0.890625,1.0,-0.08942610309049953,-0.4398814137888092,0.4375,0.21875
727,oracle_min_rmsd,0.09793250176905188,0.006393901195351958,0.578125,0.234375,1.0,1.0,0.53125,0.921875,1.0,-0.05315771362317298,-0.8632553071650565,0.171875,0.0
727,oracle_stable_quality,0.061664112301725325,0.026189995557907395,0.84375,0.453125,1.0,1.0,0.578125,0.890625,1.0,-0.08942610309049953,-0.4398814137888092,0.4375,0.21875
727,oracle_nus_quality,0.07481485038817359,0.048985257186392836,0.84375,0.578125,1.0,1.0,0.75,0.9375,1.0,-0.07627536500405127,0.04763488560996998,0.4375,0.34375
728,baseline_first,0.16061331448286492,0.06563769499608617,0.375,0.234375,0.84375,1.0,0.796875,0.96875,1.0,0.0,0.0,0.0,0.0
728,oracle_min_ehull,0.0631794882094244,0.03796659290217111,0.859375,0.421875,1.0,1.0,0.546875,0.921875,1.0,-0.09743382627344052,-0.4215733367170347,0.484375,0.1875
728,oracle_min_rmsd,0.10728813775081814,0.006105742904803391,0.515625,0.25,1.0,1.0,0.65625,0.90625,1.0,-0.053325176732046786,-0.9069781029762325,0.140625,0.015625
728,oracle_stable_quality,0.0631794882094244,0.03796659290217111,0.859375,0.421875,1.0,1.0,0.546875,0.921875,1.0,-0.09743382627344052,-0.4215733367170347,0.484375,0.1875
728,oracle_nus_quality,0.07009267180119233,0.04174460181726767,0.859375,0.578125,1.0,1.0,0.734375,0.9375,1.0,-0.09052064268167259,-0.3640148116146247,0.484375,0.34375
729,baseline_first,0.15358407359863413,0.061356208525641893,0.421875,0.265625,0.875,1.0,0.75,0.984375,1.0,0.0,0.0,0.0,0.0
729,oracle_min_ehull,0.05856325535075942,0.01370231337996957,0.890625,0.484375,1.0,1.0,0.53125,0.921875,1.0,-0.0950208182478747,-0.7766760086838951,0.46875,0.21875
729,oracle_min_rmsd,0.09802110285247488,0.0057409060087760455,0.65625,0.25,1.0,1.0,0.5,0.90625,1.0,-0.05556297074615925,-0.906433168757864,0.234375,-0.015625
729,oracle_stable_quality,0.05856325535075942,0.01370231337996957,0.890625,0.484375,1.0,1.0,0.53125,0.921875,1.0,-0.0950208182478747,-0.7766760086838951,0.46875,0.21875
729,oracle_nus_quality,0.06761610471683628,0.034268933436657906,0.890625,0.609375,1.0,1.0,0.703125,0.953125,1.0,-0.08596796888179785,-0.4414756996867516,0.46875,0.34375
730,baseline_first,0.14724071189089893,0.07066175792900302,0.421875,0.25,0.828125,1.0,0.734375,0.96875,1.0,0.0,0.0,0.0,0.0
730,oracle_min_ehull,0.06503117249559615,0.030494424337094886,0.859375,0.4375,1.0,1.0,0.578125,0.921875,1.0,-0.08220953939530279,-0.5684451500947092,0.4375,0.1875
730,oracle_min_rmsd,0.1204113106362373,0.008265507013698718,0.59375,0.265625,1.0,1.0,0.5625,0.90625,1.0,-0.026829401254661628,-0.8830271527917062,0.171875,0.015625
730,oracle_stable_quality,0.06503117249559615,0.030494424337094886,0.859375,0.4375,1.0,1.0,0.578125,0.921875,1.0,-0.08220953939530279,-0.5684451500947092,0.4375,0.1875
730,oracle_nus_quality,0.07180557077398352,0.05141933859764324,0.859375,0.640625,1.0,1.0,0.78125,0.96875,1.0,-0.07543514111691542,-0.27231730281453626,0.4375,0.390625
731,baseline_first,0.15700455723015955,0.07411291823682364,0.375,0.171875,0.84375,1.0,0.703125,0.921875,1.0,0.0,0.0,0.0,0.0
731,oracle_min_ehull,0.05470093058771328,0.04279376408731939,0.90625,0.546875,1.0,1.0,0.609375,0.9375,1.0,-0.10230362664244627,-0.42258697801408474,0.53125,0.375
731,oracle_min_rmsd,0.09872885452432081,0.008469952795257607,0.609375,0.25,1.0,1.0,0.515625,0.921875,1.0,-0.05827570270583873,-0.8857155675857702,0.234375,0.078125
731,oracle_stable_quality,0.05470093058771328,0.04279376408731939,0.90625,0.546875,1.0,1.0,0.609375,0.9375,1.0,-0.10230362664244627,-0.42258697801408474,0.53125,0.375
731,oracle_nus_quality,0.06119332063448962,0.04996797208823375,0.90625,0.640625,1.0,1.0,0.75,0.953125,1.0,-0.09581123659566992,-0.3257859321020943,0.53125,0.46875
732,baseline_first,0.1324848035238844,0.04804927484601373,0.5,0.296875,0.90625,1.0,0.75,0.9375,1.0,0.0,0.0,0.0,0.0
732,oracle_min_ehull,0.06051404174240445,0.033976106247926754,0.84375,0.546875,1.0,1.0,0.640625,0.9375,1.0,-0.07197076178147994,-0.29289034315685436,0.34375,0.25
732,oracle_min_rmsd,0.10006567962511603,0.006416792528816063,0.609375,0.28125,1.0,1.0,0.546875,0.9375,1.0,-0.03241912389876836,-0.8664539152904944,0.109375,-0.015625
732,oracle_stable_quality,0.06051404174240445,0.033976106247926754,0.84375,0.546875,1.0,1.0,0.640625,0.9375,1.0,-0.07197076178147994,-0.29289034315685436,0.34375,0.25
732,oracle_nus_quality,0.06665778903472759,0.03852312231952423,0.84375,0.640625,1.0,1.0,0.796875,0.96875,1.0,-0.0658270144891568,-0.19825798738937273,0.34375,0.34375
733,baseline_first,0.12664572052577702,0.08683750637211435,0.46875,0.25,0.890625,1.0,0.734375,1.0,1.0,0.0,0.0,0.0,0.0
733,oracle_min_ehull,0.055952268387788884,0.03299787858265931,0.859375,0.484375,1.0,1.0,0.59375,0.921875,1.0,-0.07069345213798814,-0.6200043050377626,0.390625,0.234375
733,oracle_min_rmsd,0.10041382756874817,0.006550386526722005,0.59375,0.203125,1.0,1.0,0.515625,0.921875,1.0,-0.02623189295702885,-0.9245673119786234,0.125,-0.046875
733,oracle_stable_quality,0.055952268387788884,0.03299787858265931,0.859375,0.484375,1.0,1.0,0.59375,0.921875,1.0,-0.07069345213798814,-0.6200043050377626,0.390625,0.234375
733,oracle_nus_quality,0.0679721845888753,0.029656519557624276,0.859375,0.640625,1.0,1.0,0.796875,0.953125,1.0,-0.05867353593690172,-0.6584825981697269,0.390625,0.390625
734,baseline_first,0.13471320561170613,0.0662677124386932,0.53125,0.25,0.8125,1.0,0.6875,0.96875,1.0,0.0,0.0,0.0,0.0
734,oracle_min_ehull,0.05301769970402207,0.022863221438192208,0.859375,0.453125,0.984375,1.0,0.5625,0.921875,1.0,-0.08169550590768407,-0.6549870125765417,0.328125,0.203125
734,oracle_min_rmsd,0.0891376260825947,0.006320015399097373,0.625,0.21875,0.984375,1.0,0.5,0.9375,1.0,-0.045575579529111426,-0.9046290392935434,0.09375,-0.03125
734,oracle_stable_quality,0.05301769970402207,0.022863221438192208,0.859375,0.453125,0.984375,1.0,0.5625,0.921875,1.0,-0.08169550590768407,-0.6549870125765417,0.328125,0.203125
734,oracle_nus_quality,0.06414866563628308,0.0450261890640299,0.859375,0.625,0.984375,1.0,0.78125,0.9375,1.0,-0.07056453997542306,-0.32054106883974076,0.328125,0.375
735,baseline_first,0.12720820601832095,0.08437049796762373,0.453125,0.265625,0.890625,1.0,0.71875,0.984375,1.0,0.0,0.0,0.0,0.0
735,oracle_min_ehull,0.05607566209177045,0.034885076281529,0.90625,0.5,1.0,1.0,0.59375,0.921875,1.0,-0.0711325439265505,-0.5865251821209378,0.453125,0.234375
735,oracle_min_rmsd,0.10210659073153905,0.016036324910815265,0.609375,0.234375,1.0,1.0,0.546875,0.90625,1.0,-0.025101615286781898,-0.809929711248486,0.15625,-0.03125
735,oracle_stable_quality,0.05607566209177045,0.034885076281529,0.90625,0.5,1.0,1.0,0.59375,0.921875,1.0,-0.0711325439265505,-0.5865251821209378,0.453125,0.234375
735,oracle_nus_quality,0.062018287345108725,0.03780964031018112,0.90625,0.640625,1.0,1.0,0.75,0.953125,1.0,-0.06518991867321222,-0.5518618329751928,0.453125,0.375
736,baseline_first,0.13292655478120668,0.03804396143563531,0.53125,0.28125,0.84375,1.0,0.734375,0.921875,1.0,0.0,0.0,0.0,0.0
736,oracle_min_ehull,0.05882198838146494,0.026408475770310608,0.84375,0.4375,1.0,1.0,0.578125,0.921875,1.0,-0.07410456639974175,-0.30584316738440087,0.3125,0.15625
736,oracle_min_rmsd,0.09684239295143551,0.0060358534494573506,0.65625,0.296875,1.0,1.0,0.578125,0.90625,1.0,-0.03608416182977117,-0.8413452957660807,0.125,0.015625
736,oracle_stable_quality,0.05882198838146494,0.026408475770310608,0.84375,0.4375,1.0,1.0,0.578125,0.921875,1.0,-0.07410456639974175,-0.30584316738440087,0.3125,0.15625
736,oracle_nus_quality,0.06684691263667714,0.030794890945029532,0.84375,0.5625,1.0,1.0,0.703125,0.953125,1.0,-0.06607964214452955,-0.1905445757238009,0.3125,0.28125
737,baseline_first,0.13370662311052234,0.08791997750302984,0.46875,0.25,0.828125,1.0,0.765625,0.9375,1.0,0.0,0.0,0.0,0.0
737,oracle_min_ehull,0.055504165843326604,0.025580799185798753,0.859375,0.4375,1.0,1.0,0.546875,0.9375,1.0,-0.07820245726719574,-0.709044520798277,0.390625,0.1875
737,oracle_min_rmsd,0.09314789864078607,0.007119226625926022,0.578125,0.234375,1.0,1.0,0.578125,0.90625,1.0,-0.04055872446973627,-0.9190260640628498,0.109375,-0.015625
737,oracle_stable_quality,0.055504165843326604,0.025580799185798753,0.859375,0.4375,1.0,1.0,0.546875,0.9375,1.0,-0.07820245726719574,-0.709044520798277,0.390625,0.1875
737,oracle_nus_quality,0.06413626527060856,0.025421483285175427,0.859375,0.625,1.0,1.0,0.75,0.984375,1.0,-0.06957035783991378,-0.7108565765465605,0.390625,0.375
738,baseline_first,0.1351802252149666,0.035819316787843725,0.34375,0.171875,0.8125,1.0,0.671875,0.9375,1.0,0.0,0.0,0.0,0.0
738,oracle_min_ehull,0.06737587241584447,0.02248941767885487,0.859375,0.453125,1.0,1.0,0.609375,0.921875,1.0,-0.06780435279912211,-0.3721427515756729,0.515625,0.28125
738,oracle_min_rmsd,0.10612238157794368,0.004838029167962219,0.59375,0.234375,1.0,1.0,0.546875,0.9375,1.0,-0.029057843637022907,-0.8649323995592194,0.25,0.0625
738,oracle_stable_quality,0.06737587241584447,0.02248941767885487,0.859375,0.453125,1.0,1.0,0.609375,0.921875,1.0,-0.06780435279912211,-0.3721427515756729,0.515625,0.28125
738,oracle_nus_quality,0.07140814966166976,0.025907022395793396,0.859375,0.578125,1.0,1.0,0.734375,0.953125,1.0,-0.06377207555329682,-0.2767304147859777,0.515625,0.40625
739,baseline_first,0.14477853690786563,0.0455657067600765,0.390625,0.1875,0.796875,1.0,0.765625,0.921875,1.0,0.0,0.0,0.0,0.0
739,oracle_min_ehull,0.05994285976225205,0.03963331622953492,0.875,0.578125,1.0,1.0,0.6875,0.921875,1.0,-0.08483567714561357,-0.13019419542372568,0.484375,0.390625
739,oracle_min_rmsd,0.10094696063800168,0.011460506968858128,0.578125,0.25,1.0,1.0,0.59375,0.90625,1.0,-0.04383157626986395,-0.7484839414605651,0.1875,0.0625
739,oracle_stable_quality,0.05994285976225205,0.03963331622953492,0.875,0.578125,1.0,1.0,0.6875,0.921875,1.0,-0.08483567714561357,-0.13019419542372568,0.484375,0.390625
739,oracle_nus_quality,0.06632499172102657,0.07909764559944402,0.875,0.671875,1.0,1.0,0.8125,0.96875,1.0,-0.07845354518683906,0.735902967903646,0.484375,0.484375
740,baseline_first,0.16829130928434918,0.0460601733330539,0.296875,0.125,0.84375,1.0,0.734375,0.921875,1.0,0.0,0.0,0.0,0.0
740,oracle_min_ehull,0.054888601006862596,0.028653607157868674,0.90625,0.515625,1.0,1.0,0.59375,0.90625,1.0,-0.11340270827748658,-0.377909263374262,0.609375,0.390625
740,oracle_min_rmsd,0.09144822513386461,0.006522744576060785,0.671875,0.328125,1.0,1.0,0.609375,0.921875,1.0,-0.07684308415048458,-0.8583864518073816,0.375,0.203125
740,oracle_stable_quality,0.054888601006862596,0.028653607157868674,0.90625,0.515625,1.0,1.0,0.59375,0.90625,1.0,-0.11340270827748658,-0.377909263374262,0.609375,0.390625
740,oracle_nus_quality,0.0643594887709216,0.022492058554928147,0.90625,0.65625,1.0,1.0,0.75,0.953125,1.0,-0.10393182051342759,-0.5116809832153346,0.609375,0.53125
741,baseline_first,0.1422140368146331,0.06073313255447403,0.40625,0.25,0.859375,1.0,0.78125,0.921875,1.0,0.0,0.0,0.0,0.0
741,oracle_min_ehull,0.05723017474329545,0.03961097967121391,0.875,0.421875,1.0,1.0,0.546875,0.9375,1.0,-0.08498386207133765,-0.34778632345885996,0.46875,0.171875
741,oracle_min_rmsd,0.10179810216381402,0.007870154912926287,0.625,0.234375,1.0,1.0,0.546875,0.921875,1.0,-0.04041593465081908,-0.8704141449337028,0.21875,-0.015625
741,oracle_stable_quality,0.05723017474329545,0.03961097967121391,0.875,0.421875,1.0,1.0,0.546875,0.9375,1.0,-0.08498386207133765,-0.34778632345885996,0.46875,0.171875
741,oracle_nus_quality,0.06290409888352547,0.043212376064935706,0.875,0.609375,1.0,1.0,0.75,0.953125,1.0,-0.07930993793110763,-0.2884876138049234,0.46875,0.359375
742,baseline_first,0.14744806448439612,0.05192691752460139,0.40625,0.234375,0.8125,1.0,0.765625,0.9375,1.0,0.0,0.0,0.0,0.0
742,oracle_min_ehull,0.054049771908423125,0.023288131305580557,0.90625,0.5,1.0,1.0,0.546875,0.90625,1.0,-0.093398292575973,-0.5515210142302911,0.5,0.265625
742,oracle_min_rmsd,0.09394611475733552,0.004677349819093934,0.640625,0.234375,1.0,1.0,0.515625,0.921875,1.0,-0.0535019497270606,-0.9099243698246108,0.234375,0.0
742,oracle_stable_quality,0.054049771908423125,0.023288131305580557,0.90625,0.5,1.0,1.0,0.546875,0.90625,1.0,-0.093398292575973,-0.5515210142302911,0.5,0.265625
742,oracle_nus_quality,0.0603699562093668,0.0462293091121245,0.90625,0.640625,1.0,1.0,0.71875,0.96875,1.0,-0.08707810827502932,-0.10972360163257411,0.5,0.40625
743,baseline_first,0.1432646710735777,0.06643799700117704,0.421875,0.25,0.828125,1.0,0.78125,0.953125,1.0,0.0,0.0,0.0,0.0
743,oracle_min_ehull,0.06211678446784214,0.04520117108647289,0.890625,0.5,1.0,1.0,0.609375,0.90625,1.0,-0.08114788660573558,-0.31964879847789385,0.46875,0.25
743,oracle_min_rmsd,0.09712065684277774,0.006368390539302056,0.671875,0.28125,1.0,1.0,0.53125,0.90625,1.0,-0.04614401423079997,-0.904145356170367,0.25,0.03125
743,oracle_stable_quality,0.06211678446784214,0.04520117108647289,0.890625,0.5,1.0,1.0,0.609375,0.90625,1.0,-0.08114788660573558,-0.31964879847789385,0.46875,0.25
743,oracle_nus_quality,0.06997646336849725,0.05657007827676728,0.890625,0.703125,1.0,1.0,0.796875,0.953125,1.0,-0.07328820770508046,-0.14852823940846593,0.46875,0.453125
744,baseline_first,0.14661251776226475,0.05581518145888416,0.40625,0.234375,0.828125,1.0,0.765625,0.953125,1.0,0.0,0.0,0.0,0.0
744,oracle_min_ehull,0.06109059683826625,0.024003561397201816,0.859375,0.5,1.0,1.0,0.65625,0.921875,1.0,-0.08552192092399849,-0.569945653318643,0.453125,0.265625
744,oracle_min_rmsd,0.09817848406849922,0.008014782220192269,0.59375,0.234375,1.0,1.0,0.5625,0.953125,1.0,-0.04843403369376553,-0.8564049778088368,0.1875,0.0
744,oracle_stable_quality,0.06109059683826625,0.024003561397201816,0.859375,0.5,1.0,1.0,0.65625,0.921875,1.0,-0.08552192092399849,-0.569945653318643,0.453125,0.265625
744,oracle_nus_quality,0.06785512410452033,0.027159628332108283,0.859375,0.671875,1.0,1.0,0.8125,0.984375,1.0,-0.07875739365774442,-0.5134006981216173,0.453125,0.4375
745,baseline_first,0.15522419214152533,0.04771583680886832,0.375,0.15625,0.859375,1.0,0.703125,0.953125,1.0,0.0,0.0,0.0,0.0
745,oracle_min_ehull,0.06431964416783492,0.023308028428788888,0.84375,0.359375,1.0,1.0,0.46875,0.90625,1.0,-0.09090454797369041,-0.5115242655776513,0.46875,0.203125
745,oracle_min_rmsd,0.09551663990737436,0.005399135236553344,0.671875,0.265625,1.0,1.0,0.53125,0.90625,1.0,-0.05970755223415097,-0.8868481494271965,0.296875,0.109375
745,oracle_stable_quality,0.06431964416783492,0.023308028428788888,0.84375,0.359375,1.0,1.0,0.46875,0.90625,1.0,-0.09090454797369041,-0.5115242655776513,0.46875,0.203125
745,oracle_nus_quality,0.07130270198162095,0.03718656996453103,0.84375,0.5625,1.0,1.0,0.71875,0.953125,1.0,-0.08392149015990438,-0.2206660838101524,0.46875,0.40625
746,baseline_first,0.13979875707683254,0.057422690831002474,0.4375,0.171875,0.890625,1.0,0.671875,0.921875,1.0,0.0,0.0,0.0,0.0
746,oracle_min_ehull,0.05435793491799611,0.03362340994878853,0.9375,0.546875,1.0,1.0,0.59375,0.9375,1.0,-0.08544082215883642,-0.4144577785854078,0.5,0.375
746,oracle_min_rmsd,0.09945700819333736,0.006582073755244545,0.65625,0.3125,1.0,1.0,0.609375,0.9375,1.0,-0.040341748883495177,-0.8853750379860136,0.21875,0.140625
746,oracle_stable_quality,0.05435793491799611,0.03362340994878853,0.9375,0.546875,1.0,1.0,0.59375,0.9375,1.0,-0.08544082215883642,-0.4144577785854078,0.5,0.375
746,oracle_nus_quality,0.05773291246611568,0.035105198688285336,0.9375,0.640625,1.0,1.0,0.71875,0.96875,1.0,-0.08206584461071686,-0.38865284471601147,0.5,0.46875
747,baseline_first,0.15112085584778598,0.04752581995823204,0.390625,0.265625,0.828125,1.0,0.78125,0.984375,1.0,0.0,0.0,0.0,0.0
747,oracle_min_ehull,0.05875760236609183,0.025416447535552812,0.84375,0.421875,1.0,1.0,0.53125,0.953125,1.0,-0.09236325348169415,-0.46520759541045265,0.453125,0.15625
747,oracle_min_rmsd,0.09159427819289749,0.006408223585424522,0.65625,0.1875,1.0,1.0,0.484375,0.921875,1.0,-0.05952657765488849,-0.8651633240403559,0.265625,-0.078125
747,oracle_stable_quality,0.05875760236609183,0.025416447535552812,0.84375,0.421875,1.0,1.0,0.53125,0.953125,1.0,-0.09236325348169415,-0.46520759541045265,0.453125,0.15625
747,oracle_nus_quality,0.06545830497070501,0.030499725771135473,0.84375,0.59375,1.0,1.0,0.75,0.96875,1.0,-0.08566255087708097,-0.358249351658949,0.453125,0.328125
748,baseline_first,0.1439635000374762,0.08289802216739453,0.4375,0.265625,0.859375,1.0,0.78125,0.984375,1.0,0.0,0.0,0.0,0.0
748,oracle_min_ehull,0.05755042930601603,0.023603285981839132,0.90625,0.53125,1.0,1.0,0.609375,0.953125,1.0,-0.08641307073146018,-0.7152732313181438,0.46875,0.265625
748,oracle_min_rmsd,0.09481198675700754,0.006514407523973539,0.640625,0.3125,1.0,1.0,0.609375,0.921875,1.0,-0.04915151328046867,-0.9214166109920077,0.203125,0.046875
748,oracle_stable_quality,0.05755042930601603,0.023603285981839132,0.90625,0.53125,1.0,1.0,0.609375,0.953125,1.0,-0.08641307073146018,-0.7152732313181438,0.46875,0.265625
748,oracle_nus_quality,0.06603986869299813,0.026555801567958556,0.90625,0.671875,1.0,1.0,0.765625,0.984375,1.0,-0.07792363134447808,-0.6796569945380013,0.46875,0.40625
749,baseline_first,0.13055905867285808,0.06420690820727384,0.421875,0.21875,0.859375,1.0,0.703125,0.953125,1.0,0.0,0.0,0.0,0.0
749,oracle_min_ehull,0.05499565618604636,0.045539951685862744,0.859375,0.5,1.0,1.0,0.625,0.96875,1.0,-0.07556340248681172,-0.29073127865229254,0.4375,0.28125
749,oracle_min_rmsd,0.09630229881027808,0.005715092438378597,0.65625,0.28125,1.0,1.0,0.53125,0.921875,1.0,-0.034256759862580005,-0.9109894464949311,0.234375,0.0625
749,oracle_stable_quality,0.05499565618604636,0.045539951685862744,0.859375,0.5,1.0,1.0,0.625,0.96875,1.0,-0.07556340248681172,-0.29073127865229254,0.4375,0.28125
749,oracle_nus_quality,0.06284427450817151,0.06639142530187529,0.859375,0.640625,1.0,1.0,0.78125,0.984375,1.0,-0.06771478416468657,0.03402308498564288,0.4375,0.421875
750,baseline_first,0.15415554678369275,0.07108272298927554,0.34375,0.21875,0.78125,1.0,0.796875,0.953125,1.0,0.0,0.0,0.0,0.0
750,oracle_min_ehull,0.0607962116038271,0.022561397691049652,0.859375,0.4375,1.0,1.0,0.5625,0.9375,1.0,-0.09335933517986565,-0.6826036378143032,0.515625,0.21875
750,oracle_min_rmsd,0.0896312519981507,0.006425643314674594,0.625,0.28125,1.0,1.0,0.546875,0.90625,1.0,-0.06452429478554206,-0.9096033038064109,0.28125,0.0625
750,oracle_stable_quality,0.0607962116038271,0.022561397691049652,0.859375,0.4375,1.0,1.0,0.5625,0.9375,1.0,-0.09335933517986565,-0.6826036378143032,0.515625,0.21875
750,oracle_nus_quality,0.06911424928623225,0.01884052917598608,0.859375,0.578125,1.0,1.0,0.734375,0.9375,1.0,-0.0850412974974605,-0.734949248091852,0.515625,0.359375
751,baseline_first,0.16639347870034843,0.053882378430095856,0.28125,0.1875,0.828125,1.0,0.8125,0.984375,1.0,0.0,0.0,0.0,0.0
751,oracle_min_ehull,0.060329005965567326,0.030774794701464707,0.84375,0.484375,1.0,1.0,0.59375,0.921875,1.0,-0.1060644727347811,-0.4288523335808144,0.5625,0.296875
751,oracle_min_rmsd,0.10065838681012473,0.005931664648511963,0.59375,0.234375,1.0,1.0,0.546875,0.953125,1.0,-0.0657350918902237,-0.8899145727910398,0.3125,0.046875
751,oracle_stable_quality,0.060329005965567326,0.030774794701464707,0.84375,0.484375,1.0,1.0,0.59375,0.921875,1.0,-0.1060644727347811,-0.4288523335808144,0.5625,0.296875
751,oracle_nus_quality,0.06913396693962892,0.059154655593219946,0.84375,0.625,1.0,1.0,0.796875,0.9375,1.0,-0.09725951176071951,0.09784789233021818,0.5625,0.4375
752,baseline_first,0.1396447238897788,0.07636315253588202,0.453125,0.265625,0.78125,1.0,0.75,0.96875,1.0,0.0,0.0,0.0,0.0
752,oracle_min_ehull,0.058670210062827126,0.0429889954057595,0.875,0.46875,1.0,1.0,0.59375,0.953125,1.0,-0.08097451382695167,-0.43704530289579724,0.421875,0.203125
752,oracle_min_rmsd,0.11359540336350127,0.007465849821946501,0.53125,0.171875,1.0,1.0,0.546875,0.921875,1.0,-0.026049320526277536,-0.9022322995578477,0.078125,-0.09375
752,oracle_stable_quality,0.058670210062827126,0.0429889954057595,0.875,0.46875,1.0,1.0,0.59375,0.953125,1.0,-0.08097451382695167,-0.43704530289579724,0.421875,0.203125
752,oracle_nus_quality,0.06495230899951315,0.045896178867777804,0.875,0.625,1.0,1.0,0.75,0.984375,1.0,-0.07469241489026565,-0.3989748020655407,0.421875,0.359375
753,baseline_first,0.14857580909376764,0.06991095213018639,0.359375,0.21875,0.765625,1.0,0.75,0.96875,1.0,0.0,0.0,0.0,0.0
753,oracle_min_ehull,0.06503283470622347,0.04756526423121951,0.8125,0.375,1.0,1.0,0.515625,0.9375,1.0,-0.08354297438754417,-0.31963071905179186,0.453125,0.15625
753,oracle_min_rmsd,0.11278804267494408,0.007369183748752519,0.546875,0.1875,1.0,1.0,0.5625,0.9375,1.0,-0.03578776641882356,-0.8945918554359006,0.1875,-0.03125
753,oracle_stable_quality,0.06503283470622347,0.04756526423121951,0.8125,0.375,1.0,1.0,0.515625,0.9375,1.0,-0.08354297438754417,-0.31963071905179186,0.453125,0.15625
753,oracle_nus_quality,0.07224233074462337,0.046731462781062306,0.8125,0.53125,1.0,1.0,0.71875,0.953125,1.0,-0.07633347834914427,-0.3315573403428955,0.453125,0.3125
754,baseline_first,0.1307052527421913,0.06300778080255483,0.453125,0.28125,0.75,1.0,0.71875,0.96875,1.0,0.0,0.0,0.0,0.0
754,oracle_min_ehull,0.060735142311988885,0.027090482296535927,0.828125,0.4375,1.0,1.0,0.59375,0.921875,1.0,-0.06997011043020242,-0.5700454459516933,0.375,0.15625
754,oracle_min_rmsd,0.09786677512460715,0.006896422043330775,0.609375,0.203125,1.0,1.0,0.484375,0.90625,1.0,-0.032838477617584155,-0.8905465014719081,0.15625,-0.078125
754,oracle_stable_quality,0.060735142311988885,0.027090482296535927,0.828125,0.4375,1.0,1.0,0.59375,0.921875,1.0,-0.06997011043020242,-0.5700454459516933,0.375,0.15625
754,oracle_nus_quality,0.0690566361324738,0.02992843502006911,0.828125,0.59375,1.0,1.0,0.78125,0.953125,1.0,-0.0616486166097175,-0.5250041401417589,0.375,0.3125
755,baseline_first,0.14204054708956287,0.06995490305676297,0.46875,0.25,0.859375,1.0,0.6875,0.921875,1.0,0.0,0.0,0.0,0.0
755,oracle_min_ehull,0.05969740591493583,0.03069266453079353,0.84375,0.46875,1.0,1.0,0.609375,0.9375,1.0,-0.08234314117462704,-0.5612507031009847,0.375,0.21875
755,oracle_min_rmsd,0.11427778753483207,0.009318939359654388,0.515625,0.234375,1.0,1.0,0.640625,0.921875,1.0,-0.0277627595547308,-0.8667864731069272,0.046875,-0.015625
755,oracle_stable_quality,0.05969740591493583,0.03069266453079353,0.84375,0.46875,1.0,1.0,0.609375,0.9375,1.0,-0.08234314117462704,-0.5612507031009847,0.375,0.21875
755,oracle_nus_quality,0.06457926435410535,0.03290387993809062,0.84375,0.59375,1.0,1.0,0.765625,0.96875,1.0,-0.07746128273545752,-0.5296415476211627,0.375,0.34375
756,baseline_first,0.14557994360919055,0.07328708114295382,0.421875,0.171875,0.84375,1.0,0.6875,0.9375,1.0,0.0,0.0,0.0,0.0
756,oracle_min_ehull,0.06183300985253322,0.024624111226488464,0.84375,0.453125,1.0,1.0,0.578125,0.953125,1.0,-0.08374693375665733,-0.664004748961735,0.421875,0.28125
756,oracle_min_rmsd,0.09630204250954826,0.005004554513874972,0.65625,0.265625,1.0,1.0,0.53125,0.921875,1.0,-0.04927790109964229,-0.9317130054052353,0.234375,0.09375
756,oracle_stable_quality,0.06183300985253322,0.024624111226488464,0.84375,0.453125,1.0,1.0,0.578125,0.953125,1.0,-0.08374693375665733,-0.664004748961735,0.421875,0.28125
756,oracle_nus_quality,0.07012973073698779,0.018168963879866835,0.84375,0.671875,1.0,1.0,0.84375,0.96875,1.0,-0.07545021287220276,-0.7520850387747542,0.421875,0.5
757,baseline_first,0.13419534141156392,0.06884915009101686,0.453125,0.203125,0.875,1.0,0.703125,0.96875,1.0,0.0,0.0,0.0,0.0
757,oracle_min_ehull,0.05521850263206763,0.02344961246318637,0.90625,0.515625,1.0,1.0,0.578125,0.9375,1.0,-0.0789768387794963,-0.6594059268387981,0.453125,0.3125
757,oracle_min_rmsd,0.09375784579032734,0.005624321459849785,0.65625,0.28125,1.0,1.0,0.546875,0.875,1.0,-0.04043749562123658,-0.9183095005179501,0.203125,0.078125
757,oracle_stable_quality,0.05521850263206763,0.02344961246318637,0.90625,0.515625,1.0,1.0,0.578125,0.9375,1.0,-0.0789768387794963,-0.6594059268387981,0.453125,0.3125
757,oracle_nus_quality,0.061834083854817326,0.035169930011635465,0.90625,0.640625,1.0,1.0,0.734375,0.953125,1.0,-0.07236125755674659,-0.4891740861703928,0.453125,0.4375
758,baseline_first,0.14858367803610054,0.10325775756830341,0.4375,0.203125,0.875,1.0,0.734375,0.921875,1.0,0.0,0.0,0.0,0.0
758,oracle_min_ehull,0.05859398088986849,0.03965678520278737,0.84375,0.421875,1.0,1.0,0.546875,0.90625,1.0,-0.08998969714623205,-0.6159437689070961,0.40625,0.21875
758,oracle_min_rmsd,0.10519324186734166,0.0076456162402864895,0.59375,0.25,1.0,1.0,0.5625,0.890625,1.0,-0.04339043616875887,-0.9259560112446851,0.15625,0.046875
758,oracle_stable_quality,0.05859398088986849,0.03965678520278737,0.84375,0.421875,1.0,1.0,0.546875,0.90625,1.0,-0.08998969714623205,-0.6159437689070961,0.40625,0.21875
758,oracle_nus_quality,0.06648372923275825,0.04611517458061007,0.84375,0.625,1.0,1.0,0.78125,0.953125,1.0,-0.08209994880334229,-0.5533974815392868,0.40625,0.421875
759,baseline_first,0.12883941569129137,0.0799760326221238,0.453125,0.265625,0.859375,1.0,0.765625,0.953125,1.0,0.0,0.0,0.0,0.0
759,oracle_min_ehull,0.059273864508583046,0.016006412332095335,0.84375,0.375,1.0,1.0,0.515625,0.90625,1.0,-0.06956555118270832,-0.7998598854268812,0.390625,0.109375
759,oracle_min_rmsd,0.1083344222946568,0.006970780993972426,0.546875,0.203125,1.0,1.0,0.578125,0.90625,1.0,-0.02050499339663457,-0.9128391248549619,0.09375,-0.0625
759,oracle_stable_quality,0.059273864508583046,0.016006412332095335,0.84375,0.375,1.0,1.0,0.515625,0.90625,1.0,-0.06956555118270832,-0.7998598854268812,0.390625,0.109375
759,oracle_nus_quality,0.0663408569041318,0.037528633415066764,0.84375,0.5625,1.0,1.0,0.71875,0.96875,1.0,-0.06249855878715957,-0.530751499109932,0.390625,0.296875
760,baseline_first,0.14392246230161743,0.058013366231959546,0.453125,0.234375,0.875,1.0,0.703125,0.953125,1.0,0.0,0.0,0.0,0.0
760,oracle_min_ehull,0.056582457421109546,0.0273997205848661,0.890625,0.5625,0.984375,1.0,0.65625,0.9375,1.0,-0.08734000488050789,-0.5276998670390618,0.4375,0.328125
760,oracle_min_rmsd,0.10284352990663585,0.006361833078968815,0.59375,0.203125,0.984375,1.0,0.53125,0.953125,1.0,-0.041078932394981574,-0.8903384945198356,0.140625,-0.03125
760,oracle_stable_quality,0.056582457421109546,0.0273997205848661,0.890625,0.5625,0.984375,1.0,0.65625,0.9375,1.0,-0.08734000488050789,-0.5276998670390618,0.4375,0.328125
760,oracle_nus_quality,0.06606589381513384,0.019357380464477273,0.890625,0.671875,0.984375,1.0,0.796875,0.9375,1.0,-0.07785656848648359,-0.6663289562084866,0.4375,0.4375
761,baseline_first,0.14551103821079453,0.04017414600150397,0.40625,0.234375,0.890625,1.0,0.75,0.953125,1.0,0.0,0.0,0.0,0.0
761,oracle_min_ehull,0.055489088729806915,0.04142785834362176,0.921875,0.5,1.0,1.0,0.5625,0.953125,1.0,-0.09002194948098761,0.031206944438118445,0.515625,0.265625
761,oracle_min_rmsd,0.10329434729646711,0.006058914391687181,0.65625,0.21875,1.0,1.0,0.515625,0.921875,1.0,-0.04221669091432742,-0.8491837414176681,0.25,-0.015625
761,oracle_stable_quality,0.055489088729806915,0.04142785834362176,0.921875,0.5,1.0,1.0,0.5625,0.953125,1.0,-0.09002194948098761,0.031206944438118445,0.515625,0.265625
761,oracle_nus_quality,0.061930278122940156,0.04356525498501424,0.921875,0.625,1.0,1.0,0.703125,0.96875,1.0,-0.08358076008785437,0.08441023197813147,0.515625,0.390625
762,baseline_first,0.15680684218850285,0.06300489365941724,0.359375,0.125,0.84375,1.0,0.703125,0.9375,1.0,0.0,0.0,0.0,0.0
762,oracle_min_ehull,0.05567665738776136,0.029605494820437905,0.875,0.484375,1.0,1.0,0.59375,0.921875,1.0,-0.10113018480074148,-0.5301080106495375,0.515625,0.359375
762,oracle_min_rmsd,0.09406734466897045,0.0068740127070669515,0.625,0.296875,1.0,1.0,0.578125,0.9375,1.0,-0.06273949751953241,-0.8908971619851388,0.265625,0.171875
762,oracle_stable_quality,0.05567665738776136,0.029605494820437905,0.875,0.484375,1.0,1.0,0.59375,0.921875,1.0,-0.10113018480074148,-0.5301080106495375,0.515625,0.359375
762,oracle_nus_quality,0.059526678282844234,0.031440160682135426,0.875,0.5625,1.0,1.0,0.671875,0.9375,1.0,-0.09728016390565862,-0.5009885922180884,0.515625,0.4375
763,baseline_first,0.12982474532088248,0.07519175912084214,0.4375,0.28125,0.875,1.0,0.796875,0.9375,1.0,0.0,0.0,0.0,0.0
763,oracle_min_ehull,0.065417286229253,0.03770944151423303,0.796875,0.40625,1.0,1.0,0.578125,0.90625,1.0,-0.06440745909162948,-0.49848970212773647,0.359375,0.125
763,oracle_min_rmsd,0.10805273044851488,0.008099198435826196,0.5625,0.203125,1.0,1.0,0.546875,0.890625,1.0,-0.0217720148723676,-0.8922860891868507,0.125,-0.078125
763,oracle_stable_quality,0.065417286229253,0.03770944151423303,0.796875,0.40625,1.0,1.0,0.578125,0.90625,1.0,-0.06440745909162948,-0.49848970212773647,0.359375,0.125
763,oracle_nus_quality,0.07659473171394204,0.05592919826039675,0.796875,0.609375,1.0,1.0,0.8125,0.9375,1.0,-0.053230013606940435,-0.25617914896083427,0.359375,0.328125
764,baseline_first,0.14937572943642835,0.04335345200270825,0.359375,0.203125,0.828125,1.0,0.796875,0.984375,1.0,0.0,0.0,0.0,0.0
764,oracle_min_ehull,0.06394134698058662,0.0350592844798627,0.828125,0.484375,1.0,1.0,0.609375,0.953125,1.0,-0.08543438245584173,-0.19131504274048172,0.46875,0.28125
764,oracle_min_rmsd,0.10412462368065278,0.008172329613233057,0.5625,0.25,1.0,1.0,0.578125,0.9375,1.0,-0.04525110575577557,-0.811495296551644,0.203125,0.046875
764,oracle_stable_quality,0.06394134698058662,0.0350592844798627,0.828125,0.484375,1.0,1.0,0.609375,0.953125,1.0,-0.08543438245584173,-0.19131504274048172,0.46875,0.28125
764,oracle_nus_quality,0.06899551067494294,0.03613435419727643,0.828125,0.609375,1.0,1.0,0.78125,0.96875,1.0,-0.0803802187614854,-0.16651725461171696,0.46875,0.40625
765,baseline_first,0.13026631404520914,0.0844456578866723,0.5,0.265625,0.828125,1.0,0.71875,0.96875,1.0,0.0,0.0,0.0,0.0
765,oracle_min_ehull,0.0616775317181729,0.028824490739317504,0.84375,0.390625,1.0,1.0,0.5,0.9375,1.0,-0.06858878232703625,-0.6586622514327436,0.34375,0.125
765,oracle_min_rmsd,0.10274691976555543,0.005199212324575167,0.5625,0.1875,1.0,1.0,0.515625,0.921875,1.0,-0.027519394279653706,-0.9384312650917752,0.0625,-0.078125
765,oracle_stable_quality,0.0616775317181729,0.028824490739317504,0.84375,0.390625,1.0,1.0,0.5,0.9375,1.0,-0.06858878232703625,-0.6586622514327436,0.34375,0.125
765,oracle_nus_quality,0.07475468404759156,0.052234183684875146,0.84375,0.671875,1.0,1.0,0.828125,0.984375,1.0,-0.05551162999761758,-0.38144618690786414,0.34375,0.40625
766,baseline_first,0.15353446875500668,0.10542897250952826,0.34375,0.21875,0.859375,1.0,0.75,0.984375,1.0,0.0,0.0,0.0,0.0
766,oracle_min_ehull,0.06119795921407967,0.013462100532690969,0.84375,0.421875,1.0,1.0,0.578125,0.9375,1.0,-0.09233650954092701,-0.8723111853198198,0.5,0.203125
766,oracle_min_rmsd,0.10285804741190827,0.005145613860938347,0.609375,0.265625,1.0,1.0,0.578125,0.921875,1.0,-0.05067642134309841,-0.9511935501365784,0.265625,0.046875
766,oracle_stable_quality,0.06119795921407967,0.013462100532690969,0.84375,0.421875,1.0,1.0,0.578125,0.9375,1.0,-0.09233650954092701,-0.8723111853198198,0.5,0.203125
766,oracle_nus_quality,0.06740402543739538,0.024482819673732614,0.84375,0.640625,1.0,1.0,0.796875,0.96875,1.0,-0.0861304433176113,-0.7677790166121561,0.5,0.421875
767,baseline_first,0.14698155647286099,0.06520450685102072,0.390625,0.21875,0.875,1.0,0.765625,1.0,1.0,0.0,0.0,0.0,0.0
767,oracle_min_ehull,0.056650018257434584,0.015896612410980816,0.859375,0.46875,1.0,1.0,0.5625,0.9375,1.0,-0.0903315382154264,-0.7562037782556749,0.46875,0.25
767,oracle_min_rmsd,0.09946187949327764,0.006613164062360281,0.609375,0.25,1.0,1.0,0.59375,0.90625,1.0,-0.04751967697958334,-0.8985781139719369,0.21875,0.03125
767,oracle_stable_quality,0.056650018257434584,0.015896612410980816,0.859375,0.46875,1.0,1.0,0.5625,0.9375,1.0,-0.0903315382154264,-0.7562037782556749,0.46875,0.25
767,oracle_nus_quality,0.06761395150136348,0.019007944771710566,0.859375,0.578125,1.0,1.0,0.71875,0.984375,1.0,-0.0793676049714975,-0.7084872551043147,0.46875,0.359375
768,baseline_first,0.15616155819907976,0.09660850229980385,0.4375,0.203125,0.78125,1.0,0.703125,1.0,1.0,0.0,0.0,0.0,0.0
768,oracle_min_ehull,0.06154552107121769,0.01992388016641408,0.8125,0.40625,1.0,1.0,0.59375,0.953125,1.0,-0.09461603712786207,-0.7937668042447799,0.375,0.203125
768,oracle_min_rmsd,0.10136485685007661,0.009559762061024046,0.609375,0.265625,1.0,1.0,0.5625,0.9375,1.0,-0.05479670134900315,-0.9010463692796171,0.171875,0.0625
768,oracle_stable_quality,0.06154552107121769,0.01992388016641408,0.8125,0.40625,1.0,1.0,0.59375,0.953125,1.0,-0.09461603712786207,-0.7937668042447799,0.375,0.203125
768,oracle_nus_quality,0.06738312397581186,0.023626848287681634,0.8125,0.625,1.0,1.0,0.828125,0.96875,1.0,-0.0887784342232679,-0.7554371745215472,0.375,0.421875
769,baseline_first,0.14595629331166443,0.05777528622304988,0.421875,0.234375,0.84375,1.0,0.734375,0.953125,1.0,0.0,0.0,0.0,0.0
769,oracle_min_ehull,0.05848121422789237,0.04008716970543148,0.859375,0.4375,1.0,1.0,0.578125,0.9375,1.0,-0.08747507908377206,-0.3061536804738769,0.4375,0.203125
769,oracle_min_rmsd,0.10031155698855597,0.006750455749956846,0.609375,0.234375,1.0,1.0,0.546875,0.921875,1.0,-0.04564473632310846,-0.8831601504509086,0.1875,0.0
769,oracle_stable_quality,0.05848121422789237,0.04008716970543148,0.859375,0.4375,1.0,1.0,0.578125,0.9375,1.0,-0.08747507908377206,-0.3061536804738769,0.4375,0.203125
769,oracle_nus_quality,0.06544224062842743,0.04355853404172905,0.859375,0.59375,1.0,1.0,0.734375,0.984375,1.0,-0.080514052683237,-0.2460697836516984,0.4375,0.359375
770,baseline_first,0.1443838202035055,0.07082893889364339,0.4375,0.21875,0.828125,1.0,0.71875,0.953125,1.0,0.0,0.0,0.0,0.0
770,oracle_min_ehull,0.06547179159258265,0.02320254737837426,0.828125,0.40625,1.0,1.0,0.5,0.921875,1.0,-0.07891202861092284,-0.6724143021087021,0.390625,0.1875
770,oracle_min_rmsd,0.0970884221778594,0.0057623384974956815,0.640625,0.21875,1.0,1.0,0.484375,0.90625,1.0,-0.047295398025646085,-0.9186442916200058,0.203125,0.0
770,oracle_stable_quality,0.06547179159258265,0.02320254737837426,0.828125,0.40625,1.0,1.0,0.5,0.921875,1.0,-0.07891202861092284,-0.6724143021087021,0.390625,0.1875
770,oracle_nus_quality,0.07804308199054605,0.019666086235831964,0.828125,0.59375,1.0,1.0,0.765625,0.984375,1.0,-0.06634073821295944,-0.7223439099467165,0.390625,0.375
771,baseline_first,0.13554292362974119,0.06420712130261469,0.46875,0.21875,0.8125,1.0,0.734375,0.9375,1.0,0.0,0.0,0.0,0.0
771,oracle_min_ehull,0.055234837216963,0.013399006653927518,0.890625,0.515625,1.0,1.0,0.59375,0.953125,1.0,-0.08030808641277819,-0.7913158792655314,0.421875,0.296875
771,oracle_min_rmsd,0.1028852324416279,0.0060532063438536714,0.609375,0.265625,1.0,1.0,0.578125,0.953125,1.0,-0.03265769118811329,-0.9057237542962829,0.140625,0.046875
771,oracle_stable_quality,0.055234837216963,0.013399006653927518,0.890625,0.515625,1.0,1.0,0.59375,0.953125,1.0,-0.08030808641277819,-0.7913158792655314,0.421875,0.296875
771,oracle_nus_quality,0.058566878847975914,0.014953804627902334,0.890625,0.578125,1.0,1.0,0.6875,0.96875,1.0,-0.07697604478176527,-0.7671005283444567,0.421875,0.359375
772,baseline_first,0.15290023967677102,0.0972344421215238,0.421875,0.203125,0.828125,1.0,0.734375,0.953125,1.0,0.0,0.0,0.0,0.0
772,oracle_min_ehull,0.056251175899470304,0.023188380816046947,0.859375,0.46875,1.0,1.0,0.578125,0.921875,1.0,-0.09664906377730072,-0.7615209147077117,0.4375,0.265625
772,oracle_min_rmsd,0.09745973787944497,0.005183942609056929,0.640625,0.28125,1.0,1.0,0.5625,0.90625,1.0,-0.055440501797326056,-0.9466861484886392,0.21875,0.078125
772,oracle_stable_quality,0.056251175899470304,0.023188380816046947,0.859375,0.46875,1.0,1.0,0.578125,0.921875,1.0,-0.09664906377730072,-0.7615209147077117,0.4375,0.265625
772,oracle_nus_quality,0.06739552528068213,0.027020960460970574,0.859375,0.59375,1.0,1.0,0.75,0.953125,1.0,-0.0855047143960889,-0.7221050496983392,0.4375,0.390625
773,baseline_first,0.16227028702511678,0.05958124324146151,0.375,0.1875,0.84375,1.0,0.734375,0.90625,1.0,0.0,0.0,0.0,0.0
773,oracle_min_ehull,0.0612228925039447,0.01901870791804272,0.8125,0.46875,1.0,1.0,0.59375,0.9375,1.0,-0.10104739452117209,-0.6807937048079596,0.4375,0.28125
773,oracle_min_rmsd,0.09516143946265737,0.007088325015144234,0.640625,0.25,1.0,1.0,0.5,0.890625,1.0,-0.06710884756245941,-0.8810309313886288,0.265625,0.0625
773,oracle_stable_quality,0.0612228925039447,0.01901870791804272,0.8125,0.46875,1.0,1.0,0.59375,0.9375,1.0,-0.10104739452117209,-0.6807937048079596,0.4375,0.28125
773,oracle_nus_quality,0.07061369368187086,0.023720304567922623,0.8125,0.625,1.0,1.0,0.8125,0.96875,1.0,-0.09165659334324593,-0.6018830209401187,0.4375,0.4375
774,baseline_first,0.14496985789715833,0.10195353073556943,0.34375,0.171875,0.765625,1.0,0.765625,0.96875,1.0,0.0,0.0,0.0,0.0
774,oracle_min_ehull,0.05822412578099601,0.03131648671358998,0.8125,0.453125,1.0,1.0,0.609375,0.921875,1.0,-0.08674573211616232,-0.6928356822206225,0.46875,0.28125
774,oracle_min_rmsd,0.11549521358911657,0.00623586781815271,0.546875,0.234375,1.0,1.0,0.65625,0.890625,1.0,-0.029474644308041753,-0.9388361759209076,0.203125,0.0625
774,oracle_stable_quality,0.05822412578099601,0.03131648671358998,0.8125,0.453125,1.0,1.0,0.609375,0.921875,1.0,-0.08674573211616232,-0.6928356822206225,0.46875,0.28125
774,oracle_nus_quality,0.06741931295008617,0.03608185208899781,0.8125,0.640625,1.0,1.0,0.828125,0.984375,1.0,-0.07755054494707216,-0.6460951197209532,0.46875,0.46875
775,baseline_first,0.15760552102395525,0.1058805310671625,0.296875,0.125,0.859375,1.0,0.75,0.96875,1.0,0.0,0.0,0.0,0.0
775,oracle_min_ehull,0.05856333568871907,0.02332930346856146,0.84375,0.484375,1.0,1.0,0.640625,0.9375,1.0,-0.09904218533523618,-0.7796638982310814,0.546875,0.359375
775,oracle_min_rmsd,0.09247236939629583,0.005833181436058644,0.65625,0.265625,1.0,1.0,0.53125,0.921875,1.0,-0.06513315162765942,-0.9449078940456153,0.359375,0.140625
775,oracle_stable_quality,0.05856333568871907,0.02332930346856146,0.84375,0.484375,1.0,1.0,0.640625,0.9375,1.0,-0.09904218533523618,-0.7796638982310814,0.546875,0.359375
775,oracle_nus_quality,0.06923620690496668,0.027967154531108616,0.84375,0.65625,1.0,1.0,0.8125,1.0,1.0,-0.08836931411898857,-0.7358612178345763,0.546875,0.53125
776,baseline_first,0.11983297956629267,0.06609436031012042,0.46875,0.21875,0.84375,1.0,0.671875,0.9375,1.0,0.0,0.0,0.0,0.0
776,oracle_min_ehull,0.05951329166356609,0.03362848650520464,0.859375,0.4375,1.0,1.0,0.546875,0.921875,1.0,-0.060319687902726585,-0.49120490239383674,0.390625,0.21875
776,oracle_min_rmsd,0.0939685161346365,0.0064665221427798545,0.59375,0.234375,1.0,1.0,0.53125,0.921875,1.0,-0.025864463431656173,-0.9021622705411115,0.125,0.015625
776,oracle_stable_quality,0.05951329166356609,0.03362848650520464,0.859375,0.4375,1.0,1.0,0.546875,0.921875,1.0,-0.060319687902726585,-0.49120490239383674,0.390625,0.21875
776,oracle_nus_quality,0.06783165935949265,0.03928156008713048,0.859375,0.625,1.0,1.0,0.78125,0.9375,1.0,-0.052001320206800025,-0.4056745552446832,0.390625,0.40625
777,baseline_first,0.15356223984484588,0.057092638790305274,0.375,0.171875,0.828125,1.0,0.640625,0.921875,1.0,0.0,0.0,0.0,0.0
777,oracle_min_ehull,0.06258735387005473,0.02198206788409221,0.875,0.53125,1.0,1.0,0.625,0.953125,1.0,-0.09097488597479114,-0.6149754442979973,0.5,0.359375
777,oracle_min_rmsd,0.09964225683215848,0.006368443534643791,0.671875,0.296875,1.0,1.0,0.578125,0.96875,1.0,-0.0539199830126874,-0.8884542093415168,0.296875,0.125
777,oracle_stable_quality,0.06258735387005473,0.02198206788409221,0.875,0.53125,1.0,1.0,0.625,0.953125,1.0,-0.09097488597479114,-0.6149754442979973,0.5,0.359375
777,oracle_nus_quality,0.06923048547672803,0.016060061260714496,0.875,0.671875,1.0,1.0,0.8125,0.953125,1.0,-0.08433175436811785,-0.7187017170514528,0.5,0.5
778,baseline_first,0.1597555496166841,0.07222201531447206,0.359375,0.203125,0.84375,1.0,0.734375,0.9375,1.0,0.0,0.0,0.0,0.0
778,oracle_min_ehull,0.05908164567622832,0.05046430786549531,0.859375,0.46875,1.0,1.0,0.5625,0.953125,1.0,-0.10067390394045578,-0.3012614277549367,0.5,0.265625
778,oracle_min_rmsd,0.09628054644235913,0.006552412161216313,0.625,0.265625,1.0,1.0,0.53125,0.921875,1.0,-0.06347500317432496,-0.9092740332336957,0.265625,0.0625
778,oracle_stable_quality,0.05908164567622832,0.05046430786549531,0.859375,0.46875,1.0,1.0,0.5625,0.953125,1.0,-0.10067390394045578,-0.3012614277549367,0.5,0.265625
778,oracle_nus_quality,0.06827552450571082,0.05538765393124612,0.859375,0.609375,1.0,1.0,0.765625,0.953125,1.0,-0.09148002511097326,-0.23309182539320006,0.5,0.40625
779,baseline_first,0.15185089086081532,0.08294923130601453,0.375,0.21875,0.84375,1.0,0.78125,0.9375,1.0,0.0,0.0,0.0,0.0
779,oracle_min_ehull,0.05411418328275831,0.0353501037165228,0.875,0.53125,1.0,1.0,0.609375,0.953125,1.0,-0.09773670757805701,-0.5738344628401684,0.5,0.3125
779,oracle_min_rmsd,0.0957070410848956,0.007832655439826376,0.640625,0.328125,1.0,1.0,0.625,0.90625,1.0,-0.05614384977591973,-0.9055728990310915,0.265625,0.109375
779,oracle_stable_quality,0.05411418328275831,0.0353501037165228,0.875,0.53125,1.0,1.0,0.609375,0.953125,1.0,-0.09773670757805701,-0.5738344628401684,0.5,0.3125
779,oracle_nus_quality,0.06167726983776277,0.041601097266075554,0.875,0.671875,1.0,1.0,0.796875,0.984375,1.0,-0.09017362102305256,-0.4984751924631866,0.5,0.453125
780,baseline_first,0.13939451561600946,0.08578960182679549,0.40625,0.1875,0.859375,1.0,0.75,0.984375,1.0,0.0,0.0,0.0,0.0
780,oracle_min_ehull,0.054016285268520994,0.022705753791886732,0.875,0.484375,1.0,1.0,0.578125,0.921875,1.0,-0.08537823034748847,-0.7353320995972401,0.46875,0.296875
780,oracle_min_rmsd,0.1083003920049267,0.006940372377057295,0.5625,0.265625,1.0,1.0,0.609375,0.921875,1.0,-0.03109412361108277,-0.9191000747261944,0.15625,0.078125
780,oracle_stable_quality,0.054016285268520994,0.022705753791886732,0.875,0.484375,1.0,1.0,0.578125,0.921875,1.0,-0.08537823034748847,-0.7353320995972401,0.46875,0.296875
780,oracle_nus_quality,0.06268099843032847,0.027057624895088943,0.875,0.609375,1.0,1.0,0.734375,0.96875,1.0,-0.076713517185681,-0.6846048434900442,0.46875,0.421875
781,baseline_first,0.13964770346203698,0.04050119453571395,0.4375,0.234375,0.859375,1.0,0.6875,0.96875,1.0,0.0,0.0,0.0,0.0
781,oracle_min_ehull,0.06531653289581021,0.029024804678815255,0.796875,0.4375,1.0,1.0,0.578125,0.953125,1.0,-0.07433117056622676,-0.2833592931877309,0.359375,0.203125
781,oracle_min_rmsd,0.1017748901163759,0.004814804850198914,0.59375,0.21875,1.0,1.0,0.546875,0.921875,1.0,-0.037872813345661074,-0.8811194359723583,0.15625,-0.015625
781,oracle_stable_quality,0.06531653289581021,0.029024804678815255,0.796875,0.4375,1.0,1.0,0.578125,0.953125,1.0,-0.07433117056622676,-0.2833592931877309,0.359375,0.203125
781,oracle_nus_quality,0.07461596144489964,0.032844816460831955,0.796875,0.59375,1.0,1.0,0.8125,0.96875,1.0,-0.06503174201713734,-0.18904079651602868,0.359375,0.359375
782,baseline_first,0.16669646642323427,0.0648894303881793,0.28125,0.1875,0.84375,1.0,0.84375,0.984375,1.0,0.0,0.0,0.0,0.0
782,oracle_min_ehull,0.06287995767823454,0.028618502740685507,0.796875,0.34375,1.0,1.0,0.5,0.90625,1.0,-0.10381650874499973,-0.5589651108125793,0.515625,0.15625
782,oracle_min_rmsd,0.09729375000803683,0.005909671179597429,0.578125,0.21875,1.0,1.0,0.5625,0.890625,1.0,-0.06940271641519744,-0.9089270603202279,0.296875,0.03125
782,oracle_stable_quality,0.06287995767823454,0.028618502740685507,0.796875,0.34375,1.0,1.0,0.5,0.90625,1.0,-0.10381650874499973,-0.5589651108125793,0.515625,0.15625
782,oracle_nus_quality,0.07101502474141234,0.028666580742781087,0.796875,0.5625,1.0,1.0,0.765625,0.921875,1.0,-0.09568144168182192,-0.5582241888811035,0.515625,0.375
783,baseline_first,0.13067503958962123,0.09475765095143315,0.453125,0.296875,0.84375,1.0,0.78125,0.953125,1.0,0.0,0.0,0.0,0.0
783,oracle_min_ehull,0.05793906747012747,0.02133983386188138,0.859375,0.46875,1.0,1.0,0.578125,0.953125,1.0,-0.07273597211949376,-0.7747956640164196,0.40625,0.171875
783,oracle_min_rmsd,0.09711398374447386,0.005375237442870311,0.59375,0.234375,1.0,1.0,0.5625,0.90625,1.0,-0.033561055845147375,-0.9432738423874044,0.140625,-0.0625
783,oracle_stable_quality,0.05793906747012747,0.02133983386188138,0.859375,0.46875,1.0,1.0,0.578125,0.953125,1.0,-0.07273597211949376,-0.7747956640164196,0.40625,0.171875
783,oracle_nus_quality,0.06396672403558927,0.026102737570814237,0.859375,0.59375,1.0,1.0,0.734375,0.96875,1.0,-0.06670831555403196,-0.724531609756843,0.40625,0.296875
784,baseline_first,0.15194984617559812,0.07461980126469589,0.453125,0.234375,0.796875,1.0,0.734375,0.96875,1.0,0.0,0.0,0.0,0.0
784,oracle_min_ehull,0.06184442396624938,0.039352042994501235,0.859375,0.453125,1.0,1.0,0.59375,0.9375,1.0,-0.09010542220934874,-0.47263270167513205,0.40625,0.21875
784,oracle_min_rmsd,0.09548059744343382,0.0066550213359149926,0.625,0.265625,1.0,1.0,0.546875,0.921875,1.0,-0.0564692487321643,-0.9108142715053891,0.171875,0.03125
784,oracle_stable_quality,0.06184442396624938,0.039352042994501235,0.859375,0.453125,1.0,1.0,0.59375,0.9375,1.0,-0.09010542220934874,-0.47263270167513205,0.40625,0.21875
784,oracle_nus_quality,0.06967900356586652,0.04069466660386496,0.859375,0.65625,1.0,1.0,0.796875,0.96875,1.0,-0.0822708426097316,-0.45463984205063246,0.40625,0.421875
785,baseline_first,0.14293871339486394,0.09297318400685461,0.46875,0.203125,0.90625,1.0,0.640625,0.984375,1.0,0.0,0.0,0.0,0.0
785,oracle_min_ehull,0.06216097354000741,0.039594239346180976,0.859375,0.515625,1.0,1.0,0.625,0.953125,1.0,-0.08077773985485653,-0.5741326946137306,0.390625,0.3125
785,oracle_min_rmsd,0.10721363280895047,0.006455990162596388,0.546875,0.203125,1.0,1.0,0.546875,0.921875,1.0,-0.03572508058591348,-0.9305607285416791,0.078125,0.0
785,oracle_stable_quality,0.06216097354000741,0.039594239346180976,0.859375,0.515625,1.0,1.0,0.625,0.953125,1.0,-0.08077773985485653,-0.5741326946137306,0.390625,0.3125
785,oracle_nus_quality,0.06716453641143208,0.04141371744614422,0.859375,0.640625,1.0,1.0,0.765625,0.984375,1.0,-0.07577417698343186,-0.5545627710986974,0.390625,0.4375
786,baseline_first,0.15557516319700243,0.03928697401034786,0.34375,0.21875,0.859375,1.0,0.8125,0.9375,1.0,0.0,0.0,0.0,0.0
786,oracle_min_ehull,0.05666794836985542,0.023978539070101522,0.875,0.5,1.0,1.0,0.625,0.96875,1.0,-0.09890721482714701,-0.38965675840074177,0.53125,0.28125
786,oracle_min_rmsd,0.08725190075939326,0.0059573457840328345,0.703125,0.296875,1.0,1.0,0.546875,0.953125,1.0,-0.06832326243760917,-0.8483633332904764,0.359375,0.078125
786,oracle_stable_quality,0.05666794836985542,0.023978539070101522,0.875,0.5,1.0,1.0,0.625,0.96875,1.0,-0.09890721482714701,-0.38965675840074177,0.53125,0.28125
786,oracle_nus_quality,0.06412943597219667,0.04538488703173859,0.875,0.609375,1.0,1.0,0.75,0.96875,1.0,-0.09144572722480576,0.15521462711240108,0.53125,0.390625
787,baseline_first,0.13337863542652834,0.06209017163798998,0.484375,0.28125,0.890625,1.0,0.71875,0.953125,1.0,0.0,0.0,0.0,0.0
787,oracle_min_ehull,0.05469364772228286,0.0221417354819139,0.90625,0.515625,1.0,1.0,0.578125,0.921875,1.0,-0.07868498770424548,-0.6433938754267118,0.421875,0.234375
787,oracle_min_rmsd,0.09957426625584187,0.006323790106253089,0.625,0.296875,1.0,1.0,0.578125,0.9375,1.0,-0.033804369170686466,-0.8981515119152309,0.140625,0.015625
787,oracle_stable_quality,0.05469364772228286,0.0221417354819139,0.90625,0.515625,1.0,1.0,0.578125,0.921875,1.0,-0.07868498770424548,-0.6433938754267118,0.421875,0.234375
787,oracle_nus_quality,0.06439135420859118,0.047186054898343155,0.90625,0.71875,1.0,1.0,0.8125,1.0,1.0,-0.06898728121793715,-0.2400398701833788,0.421875,0.4375
788,baseline_first,0.14516762142373613,0.11179792521918377,0.40625,0.234375,0.890625,1.0,0.78125,0.96875,1.0,0.0,0.0,0.0,0.0
788,oracle_min_ehull,0.057955342736203924,0.035298103535801845,0.875,0.453125,1.0,1.0,0.5625,0.953125,1.0,-0.0872122786875322,-0.68426870653817,0.46875,0.21875
788,oracle_min_rmsd,0.09163578890746182,0.0056093261783548235,0.609375,0.28125,1.0,1.0,0.609375,0.921875,1.0,-0.0535318325162743,-0.9498262050269937,0.203125,0.046875
788,oracle_stable_quality,0.057955342736203924,0.035298103535801845,0.875,0.453125,1.0,1.0,0.5625,0.953125,1.0,-0.0872122786875322,-0.68426870653817,0.46875,0.21875
788,oracle_nus_quality,0.06413707063761274,0.02943723812574695,0.875,0.59375,1.0,1.0,0.71875,1.0,1.0,-0.08103055078612338,-0.7366924469480609,0.46875,0.359375
789,baseline_first,0.1578362662899498,0.04895802129706024,0.328125,0.15625,0.828125,1.0,0.75,0.953125,1.0,0.0,0.0,0.0,0.0
789,oracle_min_ehull,0.05711187801458363,0.04570972775277643,0.84375,0.4375,0.984375,1.0,0.59375,0.921875,1.0,-0.10072438827536616,-0.0663485463306267,0.515625,0.28125
789,oracle_min_rmsd,0.09817931479359793,0.005862251000593936,0.59375,0.15625,0.984375,1.0,0.484375,0.90625,1.0,-0.05965695149635186,-0.8802596419282586,0.265625,0.0
789,oracle_stable_quality,0.05711187801458363,0.04570972775277643,0.84375,0.4375,0.984375,1.0,0.59375,0.921875,1.0,-0.10072438827536616,-0.0663485463306267,0.515625,0.28125
789,oracle_nus_quality,0.06569972791002758,0.04133550270383024,0.84375,0.640625,0.984375,1.0,0.796875,0.9375,1.0,-0.09213653837992221,-0.1556949891209698,0.515625,0.484375
790,baseline_first,0.14236797529177983,0.07441898736904191,0.390625,0.25,0.90625,1.0,0.828125,0.96875,1.0,0.0,0.0,0.0,0.0
790,oracle_min_ehull,0.055113672183549414,0.029539402647119267,0.890625,0.4375,1.0,1.0,0.5625,0.921875,1.0,-0.08725430310823042,-0.6030663182685609,0.5,0.1875
790,oracle_min_rmsd,0.09303957566214681,0.007436676637994468,0.65625,0.28125,1.0,1.0,0.515625,0.90625,1.0,-0.04932839962963302,-0.9000701715932229,0.265625,0.03125
790,oracle_stable_quality,0.055113672183549414,0.029539402647119267,0.890625,0.4375,1.0,1.0,0.5625,0.921875,1.0,-0.08725430310823042,-0.6030663182685609,0.5,0.1875
790,oracle_nus_quality,0.058979723736748424,0.024573197176953852,0.890625,0.59375,1.0,1.0,0.71875,0.921875,1.0,-0.0833882515550314,-0.6697993610811179,0.5,0.34375
791,baseline_first,0.1566467452364102,0.06548297381489085,0.375,0.1875,0.8125,1.0,0.765625,0.96875,1.0,0.0,0.0,0.0,0.0
791,oracle_min_ehull,0.058868794818293824,0.022646476319986585,0.875,0.5,1.0,1.0,0.578125,0.953125,1.0,-0.09777795041811638,-0.654162372283148,0.5,0.3125
791,oracle_min_rmsd,0.10234216131897596,0.005704251305527978,0.625,0.25,1.0,1.0,0.546875,0.921875,1.0,-0.05430458391743424,-0.9128895501653159,0.25,0.0625
791,oracle_stable_quality,0.058868794818293824,0.022646476319986585,0.875,0.5,1.0,1.0,0.578125,0.953125,1.0,-0.09777795041811638,-0.654162372283148,0.5,0.3125
791,oracle_nus_quality,0.06444616021546845,0.03433726087209557,0.875,0.609375,1.0,1.0,0.734375,0.96875,1.0,-0.09220058502094175,-0.4756307041100313,0.5,0.421875
792,baseline_first,0.1307091731599041,0.044309800424956455,0.453125,0.265625,0.859375,1.0,0.703125,0.9375,1.0,0.0,0.0,0.0,0.0
792,oracle_min_ehull,0.06302885057400665,0.04614763903873032,0.84375,0.46875,1.0,1.0,0.609375,0.921875,1.0,-0.06768032258589746,0.041477023054672824,0.390625,0.203125
792,oracle_min_rmsd,0.10199090245657923,0.005513969023535329,0.59375,0.1875,1.0,1.0,0.53125,0.921875,1.0,-0.028718270703324875,-0.8755587032518044,0.140625,-0.078125
792,oracle_stable_quality,0.06302885057400665,0.04614763903873032,0.84375,0.46875,1.0,1.0,0.609375,0.921875,1.0,-0.06768032258589746,0.041477023054672824,0.390625,0.203125
792,oracle_nus_quality,0.07201824966082221,0.049601937688987054,0.84375,0.640625,1.0,1.0,0.796875,0.984375,1.0,-0.05869092349908189,0.11943491537483708,0.390625,0.375
793,baseline_first,0.13624527229924907,0.06927326895077116,0.453125,0.234375,0.84375,1.0,0.6875,0.921875,1.0,0.0,0.0,0.0,0.0
793,oracle_min_ehull,0.0609523156653603,0.024331403381272418,0.84375,0.484375,1.0,1.0,0.59375,0.9375,1.0,-0.07529295663388877,-0.6487620152794658,0.390625,0.25
793,oracle_min_rmsd,0.10090425560214626,0.008455188397445926,0.609375,0.21875,1.0,1.0,0.546875,0.921875,1.0,-0.03534101669710281,-0.8779444289910069,0.15625,-0.015625
793,oracle_stable_quality,0.0609523156653603,0.024331403381272418,0.84375,0.484375,1.0,1.0,0.59375,0.9375,1.0,-0.07529295663388877,-0.6487620152794658,0.390625,0.25
793,oracle_nus_quality,0.06730212492435829,0.04627433057139733,0.84375,0.578125,1.0,1.0,0.734375,0.96875,1.0,-0.06894314737489078,-0.33200307604536394,0.390625,0.34375
794,baseline_first,0.12700594409832708,0.061410330624772205,0.4375,0.25,0.875,1.0,0.71875,0.953125,1.0,0.0,0.0,0.0,0.0
794,oracle_min_ehull,0.05828775568054722,0.05600883137714943,0.828125,0.40625,1.0,1.0,0.546875,0.921875,1.0,-0.06871818841777985,-0.08795750149314241,0.390625,0.15625
794,oracle_min_rmsd,0.09569009453711957,0.007363052274351656,0.640625,0.265625,1.0,1.0,0.53125,0.90625,1.0,-0.031315849561207504,-0.8801007550449258,0.203125,0.015625
794,oracle_stable_quality,0.05828775568054722,0.05600883137714943,0.828125,0.40625,1.0,1.0,0.546875,0.921875,1.0,-0.06871818841777985,-0.08795750149314241,0.390625,0.15625
794,oracle_nus_quality,0.06511937148796737,0.053149580051583115,0.828125,0.578125,1.0,1.0,0.75,0.953125,1.0,-0.06188657261035971,-0.13451727891946574,0.390625,0.328125
795,baseline_first,0.1489314263894544,0.10588063904694672,0.375,0.234375,0.796875,1.0,0.78125,0.984375,1.0,0.0,0.0,0.0,0.0
795,oracle_min_ehull,0.05731336050721991,0.022449439662517053,0.859375,0.453125,1.0,1.0,0.578125,0.9375,1.0,-0.09161806588223448,-0.7879740822818123,0.484375,0.21875
795,oracle_min_rmsd,0.10150857873156537,0.0050231297497553085,0.625,0.234375,1.0,1.0,0.53125,0.90625,1.0,-0.047422847657889025,-0.9525585622171387,0.25,0.0
795,oracle_stable_quality,0.05731336050721991,0.022449439662517053,0.859375,0.453125,1.0,1.0,0.578125,0.9375,1.0,-0.09161806588223448,-0.7879740822818123,0.484375,0.21875
795,oracle_nus_quality,0.06471359437110287,0.02305521648522573,0.859375,0.546875,1.0,1.0,0.703125,0.953125,1.0,-0.08421783201835152,-0.7822527641242965,0.484375,0.3125
796,baseline_first,0.14386046840575054,0.0726881950239209,0.40625,0.203125,0.875,1.0,0.71875,0.984375,1.0,0.0,0.0,0.0,0.0
796,oracle_min_ehull,0.0632140812733734,0.015048349114916919,0.765625,0.34375,1.0,1.0,0.515625,0.9375,1.0,-0.08064638713237714,-0.7929739607653667,0.359375,0.140625
796,oracle_min_rmsd,0.10071399698243683,0.00530875743640714,0.59375,0.265625,1.0,1.0,0.5625,0.953125,1.0,-0.04314647142331371,-0.9269653423824861,0.1875,0.0625
796,oracle_stable_quality,0.0632140812733734,0.015048349114916919,0.765625,0.34375,1.0,1.0,0.515625,0.9375,1.0,-0.08064638713237714,-0.7929739607653667,0.359375,0.140625
796,oracle_nus_quality,0.07489629897049709,0.024233825099076303,0.765625,0.5625,1.0,1.0,0.796875,0.96875,1.0,-0.06896416943525345,-0.6666057660243013,0.359375,0.359375
797,baseline_first,0.12430863333136233,0.04866876283876089,0.5,0.28125,0.84375,1.0,0.71875,0.9375,1.0,0.0,0.0,0.0,0.0
797,oracle_min_ehull,0.06145373095919328,0.02284971528873629,0.859375,0.46875,1.0,1.0,0.609375,0.9375,1.0,-0.06285490237216905,-0.530505524366067,0.359375,0.1875
797,oracle_min_rmsd,0.1081474273568984,0.005623002727781207,0.578125,0.21875,1.0,1.0,0.546875,0.921875,1.0,-0.016161205974463924,-0.8844638244368332,0.078125,-0.0625
797,oracle_stable_quality,0.06145373095919328,0.02284971528873629,0.859375,0.46875,1.0,1.0,0.609375,0.9375,1.0,-0.06285490237216905,-0.530505524366067,0.359375,0.1875
797,oracle_nus_quality,0.06875061677369124,0.05099612378761796,0.859375,0.65625,1.0,1.0,0.8125,0.96875,1.0,-0.05555801655767109,0.04782042552771659,0.359375,0.375
798,baseline_first,0.152026105529106,0.045112352857236124,0.421875,0.234375,0.8125,1.0,0.78125,0.953125,1.0,0.0,0.0,0.0,0.0
798,oracle_min_ehull,0.0615147366203746,0.04976697706096979,0.84375,0.46875,0.984375,1.0,0.5625,0.90625,1.0,-0.0905113689087314,0.10317848458190215,0.421875,0.234375
798,oracle_min_rmsd,0.10982687592559183,0.006660669366098425,0.578125,0.203125,0.984375,1.0,0.515625,0.90625,1.0,-0.042199229603514174,-0.8523537580232852,0.15625,-0.03125
798,oracle_stable_quality,0.0615147366203746,0.04976697706096979,0.84375,0.46875,0.984375,1.0,0.5625,0.90625,1.0,-0.0905113689087314,0.10317848458190215,0.421875,0.234375
798,oracle_nus_quality,0.07457363251020388,0.05414060545190393,0.84375,0.625,0.984375,1.0,0.78125,0.96875,1.0,-0.07745247301890212,0.20012816940049394,0.421875,0.390625
799,baseline_first,0.1483660305024778,0.05055951935945961,0.421875,0.234375,0.796875,1.0,0.703125,0.953125,1.0,0.0,0.0,0.0,0.0
799,oracle_min_ehull,0.06581009585527395,0.05710888766992933,0.828125,0.421875,1.0,1.0,0.5625,0.921875,1.0,-0.08255593464720384,0.12953778820376272,0.40625,0.1875
799,oracle_min_rmsd,0.1063716990617162,0.0062690327631951155,0.5625,0.1875,1.0,1.0,0.53125,0.921875,1.0,-0.04199433144076159,-0.8760068758046413,0.140625,-0.046875
799,oracle_stable_quality,0.06581009585527395,0.05710888766992933,0.828125,0.421875,1.0,1.0,0.5625,0.921875,1.0,-0.08255593464720384,0.12953778820376272,0.40625,0.1875
799,oracle_nus_quality,0.07002158756900065,0.053383438240645675,0.828125,0.59375,1.0,1.0,0.765625,0.984375,1.0,-0.07834444293347714,0.05585335693381577,0.40625,0.359375
800,baseline_first,0.1321526629515939,0.03928393926581576,0.421875,0.25,0.890625,1.0,0.78125,1.0,1.0,0.0,0.0,0.0,0.0
800,oracle_min_ehull,0.0606375073590764,0.022142150562823454,0.84375,0.421875,0.984375,1.0,0.546875,0.890625,1.0,-0.07151515559251749,-0.4363561552980205,0.421875,0.171875
800,oracle_min_rmsd,0.10394175671904572,0.0046430880223494175,0.59375,0.234375,0.984375,1.0,0.5625,0.921875,1.0,-0.02821090623254817,-0.8818069646495519,0.171875,-0.015625
800,oracle_stable_quality,0.0606375073590764,0.022142150562823454,0.84375,0.421875,0.984375,1.0,0.546875,0.890625,1.0,-0.07151515559251749,-0.4363561552980205,0.421875,0.171875
800,oracle_nus_quality,0.07124483389120444,0.03844355842993562,0.84375,0.609375,0.984375,1.0,0.78125,0.921875,1.0,-0.060907829060389454,-0.021392478747960797,0.421875,0.359375
801,baseline_first,0.14492102383278177,0.05452899084098216,0.375,0.234375,0.78125,1.0,0.765625,0.96875,1.0,0.0,0.0,0.0,0.0
801,oracle_min_ehull,0.057973060803353224,0.04324200382293952,0.875,0.484375,1.0,1.0,0.5625,0.984375,1.0,-0.08694796302942855,-0.2069905722436315,0.5,0.25
801,oracle_min_rmsd,0.09965622281711185,0.006883835333004167,0.5625,0.265625,1.0,1.0,0.625,0.953125,1.0,-0.04526480101566992,-0.8737582481018427,0.1875,0.03125
801,oracle_stable_quality,0.057973060803353224,0.04324200382293952,0.875,0.484375,1.0,1.0,0.5625,0.984375,1.0,-0.08694796302942855,-0.2069905722436315,0.5,0.25
801,oracle_nus_quality,0.06359844542651595,0.049055742236733625,0.875,0.5625,1.0,1.0,0.6875,0.984375,1.0,-0.08132257840626582,-0.1003731871768847,0.5,0.328125
802,baseline_first,0.14733078104510716,0.03898180190907654,0.4375,0.25,0.84375,1.0,0.765625,0.953125,1.0,0.0,0.0,0.0,0.0
802,oracle_min_ehull,0.05747433043386245,0.033587255173092155,0.859375,0.421875,1.0,1.0,0.515625,0.890625,1.0,-0.08985645061124471,-0.13838628467116387,0.421875,0.171875
802,oracle_min_rmsd,0.1013426450717401,0.010584964307355216,0.578125,0.1875,1.0,1.0,0.5,0.921875,1.0,-0.04598813597336707,-0.7284639552567577,0.140625,-0.0625
802,oracle_stable_quality,0.05747433043386245,0.033587255173092155,0.859375,0.421875,1.0,1.0,0.515625,0.890625,1.0,-0.08985645061124471,-0.13838628467116387,0.421875,0.171875
802,oracle_nus_quality,0.0663050176705599,0.03872974873571605,0.859375,0.546875,1.0,1.0,0.6875,0.9375,1.0,-0.08102576337454727,-0.006465918993390551,0.421875,0.296875
803,baseline_first,0.1519453097914742,0.09810525762282171,0.28125,0.15625,0.890625,1.0,0.8125,0.96875,1.0,0.0,0.0,0.0,0.0
803,oracle_min_ehull,0.055061917522411796,0.022715247679470744,0.890625,0.515625,1.0,1.0,0.59375,0.921875,1.0,-0.0968833922690624,-0.7684604451394191,0.609375,0.359375
803,oracle_min_rmsd,0.10316788549691311,0.005125308665093576,0.5625,0.234375,1.0,1.0,0.609375,0.9375,1.0,-0.048777424294561084,-0.9477570439211476,0.28125,0.078125
803,oracle_stable_quality,0.055061917522411796,0.022715247679470744,0.890625,0.515625,1.0,1.0,0.59375,0.921875,1.0,-0.0968833922690624,-0.7684604451394191,0.609375,0.359375
803,oracle_nus_quality,0.06509157588672652,0.055443923953359134,0.890625,0.703125,1.0,1.0,0.8125,0.96875,1.0,-0.08685373390474767,-0.4348526745985375,0.609375,0.546875
804,baseline_first,0.13152714677410168,0.07602913700272135,0.40625,0.265625,0.84375,1.0,0.765625,0.96875,1.0,0.0,0.0,0.0,0.0
804,oracle_min_ehull,0.06392057306525364,0.06418297517755867,0.796875,0.4375,1.0,1.0,0.625,0.921875,1.0,-0.06760657370884804,-0.15581081532911079,0.390625,0.171875
804,oracle_min_rmsd,0.11497137557242684,0.008523106216899203,0.546875,0.171875,1.0,1.0,0.5625,0.90625,1.0,-0.01655577120167484,-0.8878968438561373,0.140625,-0.09375
804,oracle_stable_quality,0.06392057306525364,0.06418297517755867,0.796875,0.4375,1.0,1.0,0.625,0.921875,1.0,-0.06760657370884804,-0.15581081532911079,0.390625,0.171875
804,oracle_nus_quality,0.07288594831536074,0.06813082674104037,0.796875,0.640625,1.0,1.0,0.828125,0.984375,1.0,-0.05864119845874094,-0.10388530730525414,0.390625,0.375
805,baseline_first,0.16168560271209087,0.09365636713176312,0.3125,0.1875,0.75,1.0,0.828125,0.9375,1.0,0.0,0.0,0.0,0.0
805,oracle_min_ehull,0.06306613382773255,0.04336018750806082,0.84375,0.5,1.0,1.0,0.625,0.921875,1.0,-0.09861946888435832,-0.5370289406265534,0.53125,0.3125
805,oracle_min_rmsd,0.09875283438018759,0.011032354167224383,0.609375,0.234375,1.0,1.0,0.5625,0.9375,1.0,-0.06293276833190328,-0.8822039066313216,0.296875,0.046875
805,oracle_stable_quality,0.06306613382773255,0.04336018750806082,0.84375,0.5,1.0,1.0,0.625,0.921875,1.0,-0.09861946888435832,-0.5370289406265534,0.53125,0.3125
805,oracle_nus_quality,0.06899171402407456,0.04712999660675935,0.84375,0.625,1.0,1.0,0.78125,0.984375,1.0,-0.09269388868801631,-0.49677744236595067,0.53125,0.4375
806,baseline_first,0.14488309697045718,0.041286542007985,0.34375,0.171875,0.78125,1.0,0.71875,0.96875,1.0,0.0,0.0,0.0,0.0
806,oracle_min_ehull,0.07248814149227123,0.034303999511853485,0.75,0.4375,1.0,1.0,0.640625,0.953125,1.0,-0.07239495547818595,-0.16912393619163013,0.40625,0.265625
806,oracle_min_rmsd,0.10819521315546486,0.0065457519716309275,0.546875,0.25,1.0,1.0,0.609375,0.90625,1.0,-0.036687883814992314,-0.8414555529895201,0.203125,0.078125
806,oracle_stable_quality,0.07248814149227123,0.034303999511853485,0.75,0.4375,1.0,1.0,0.640625,0.953125,1.0,-0.07239495547818595,-0.16912393619163013,0.40625,0.265625
806,oracle_nus_quality,0.08501713991884076,0.02899722199072405,0.75,0.59375,1.0,1.0,0.859375,0.96875,1.0,-0.05986595705161642,-0.29765922306799486,0.40625,0.421875
807,baseline_first,0.14452493196911106,0.05288352066366796,0.390625,0.171875,0.859375,1.0,0.6875,0.921875,1.0,0.0,0.0,0.0,0.0
807,oracle_min_ehull,0.05541478777163314,0.02113498134678325,0.890625,0.4375,1.0,1.0,0.515625,0.90625,1.0,-0.08911014419747793,-0.6003484434934112,0.5,0.265625
807,oracle_min_rmsd,0.09449046431811728,0.00515589814091924,0.609375,0.25,1.0,1.0,0.53125,0.9375,1.0,-0.050034467650993786,-0.9025046351639473,0.21875,0.078125
807,oracle_stable_quality,0.05541478777163314,0.02113498134678325,0.890625,0.4375,1.0,1.0,0.515625,0.90625,1.0,-0.08911014419747793,-0.6003484434934112,0.5,0.265625
807,oracle_nus_quality,0.06466953306680118,0.025607272822446486,0.890625,0.625,1.0,1.0,0.734375,0.9375,1.0,-0.07985539890230989,-0.5157797268206616,0.5,0.453125
808,baseline_first,0.15550701951240228,0.0628261211062536,0.359375,0.171875,0.890625,1.0,0.734375,0.96875,1.0,0.0,0.0,0.0,0.0
808,oracle_min_ehull,0.06470089600820472,0.03034931999271543,0.78125,0.390625,1.0,1.0,0.59375,0.953125,1.0,-0.09080612350419756,-0.5169315014468638,0.421875,0.21875
808,oracle_min_rmsd,0.09795657936030175,0.006211245620949183,0.5625,0.25,1.0,1.0,0.609375,0.921875,1.0,-0.057550440152100535,-0.901135936588469,0.203125,0.078125
808,oracle_stable_quality,0.06470089600820472,0.03034931999271543,0.78125,0.390625,1.0,1.0,0.59375,0.953125,1.0,-0.09080612350419756,-0.5169315014468638,0.421875,0.21875
808,oracle_nus_quality,0.07315211086637383,0.025882882009874864,0.78125,0.59375,1.0,1.0,0.8125,0.96875,1.0,-0.08235490864602846,-0.5880235552645231,0.421875,0.421875
809,baseline_first,0.1370636727491952,0.09058149996080009,0.4375,0.234375,0.796875,1.0,0.75,0.984375,1.0,0.0,0.0,0.0,0.0
809,oracle_min_ehull,0.06115487432944197,0.024508989414583633,0.859375,0.46875,1.0,1.0,0.59375,0.9375,1.0,-0.07590879841975323,-0.7294261032861002,0.421875,0.234375
809,oracle_min_rmsd,0.10480089923181668,0.006870786526435293,0.5625,0.171875,1.0,1.0,0.53125,0.921875,1.0,-0.032262773517378524,-0.9241480155505408,0.125,-0.0625
809,oracle_stable_quality,0.06115487432944197,0.024508989414583633,0.859375,0.46875,1.0,1.0,0.59375,0.9375,1.0,-0.07590879841975323,-0.7294261032861002,0.421875,0.234375
809,oracle_nus_quality,0.06706222399158912,0.02833331326565407,0.859375,0.609375,1.0,1.0,0.734375,0.9375,1.0,-0.07000144875760608,-0.6872064022133046,0.421875,0.375
810,baseline_first,0.1644335849599587,0.06307703261178352,0.328125,0.171875,0.796875,1.0,0.75,0.953125,1.0,0.0,0.0,0.0,0.0
810,oracle_min_ehull,0.05653634374883679,0.018858735426304035,0.890625,0.421875,1.0,1.0,0.53125,0.9375,1.0,-0.1078972412111219,-0.7010205673058088,0.5625,0.25
810,oracle_min_rmsd,0.09788638748185086,0.004120200543375694,0.65625,0.25,1.0,1.0,0.53125,0.9375,1.0,-0.06654719747810783,-0.9346798609133368,0.328125,0.078125
810,oracle_stable_quality,0.05653634374883679,0.018858735426304035,0.890625,0.421875,1.0,1.0,0.53125,0.9375,1.0,-0.1078972412111219,-0.7010205673058088,0.5625,0.25
810,oracle_nus_quality,0.06530824054355784,0.04274355342180748,0.890625,0.578125,1.0,1.0,0.6875,0.96875,1.0,-0.09912534441640085,-0.3223594761522993,0.5625,0.40625
811,baseline_first,0.14579354813467882,0.049996518424251735,0.421875,0.28125,0.828125,1.0,0.765625,0.953125,1.0,0.0,0.0,0.0,0.0
811,oracle_min_ehull,0.05620843018392538,0.02721605336461962,0.84375,0.421875,1.0,1.0,0.546875,0.921875,1.0,-0.08958511795075344,-0.455641028167714,0.421875,0.140625
811,oracle_min_rmsd,0.09209131623748812,0.006093782776940088,0.6875,0.25,1.0,1.0,0.5,0.890625,1.0,-0.0537022318971907,-0.8781158574837046,0.265625,-0.03125
811,oracle_stable_quality,0.05620843018392538,0.02721605336461962,0.84375,0.421875,1.0,1.0,0.546875,0.921875,1.0,-0.08958511795075344,-0.455641028167714,0.421875,0.140625
811,oracle_nus_quality,0.06750657437896068,0.04882860361752631,0.84375,0.609375,1.0,1.0,0.765625,0.953125,1.0,-0.07828697375571814,-0.02335992272131704,0.421875,0.328125
812,baseline_first,0.13817345745788343,0.07945237501509926,0.359375,0.25,0.8125,1.0,0.78125,1.0,1.0,0.0,0.0,0.0,0.0
812,oracle_min_ehull,0.055107065046974206,0.02454872809092596,0.875,0.453125,1.0,1.0,0.546875,0.9375,1.0,-0.08306639241090921,-0.6910258744781301,0.515625,0.203125
812,oracle_min_rmsd,0.11630593195692493,0.009821482053782481,0.5,0.15625,1.0,1.0,0.59375,0.890625,1.0,-0.021867525500958496,-0.8763852930523979,0.140625,-0.09375
812,oracle_stable_quality,0.055107065046974206,0.02454872809092596,0.875,0.453125,1.0,1.0,0.546875,0.9375,1.0,-0.08306639241090921,-0.6910258744781301,0.515625,0.203125
812,oracle_nus_quality,0.06701668185268225,0.02845482418547112,0.875,0.671875,1.0,1.0,0.796875,0.953125,1.0,-0.07115677560520117,-0.6418631390180153,0.515625,0.421875
813,baseline_first,0.15464073199114686,0.05412324586353942,0.421875,0.1875,0.875,1.0,0.6875,0.984375,1.0,0.0,0.0,0.0,0.0
813,oracle_min_ehull,0.061287964583534846,0.041993220613967874,0.875,0.40625,1.0,1.0,0.515625,0.921875,1.0,-0.09335276740761202,-0.224118584464703,0.453125,0.21875
813,oracle_min_rmsd,0.09107524847742053,0.008995045812647791,0.640625,0.25,1.0,1.0,0.53125,0.9375,1.0,-0.06356548351372633,-0.833804390902073,0.21875,0.0625
813,oracle_stable_quality,0.061287964583534846,0.041993220613967874,0.875,0.40625,1.0,1.0,0.515625,0.921875,1.0,-0.09335276740761202,-0.224118584464703,0.453125,0.21875
813,oracle_nus_quality,0.06974774156271021,0.04072640219784343,0.875,0.65625,1.0,1.0,0.78125,0.953125,1.0,-0.08489299042843665,-0.2475247641184226,0.453125,0.46875
814,baseline_first,0.14289865659921003,0.05255771809859036,0.453125,0.296875,0.859375,1.0,0.765625,0.96875,1.0,0.0,0.0,0.0,0.0
814,oracle_min_ehull,0.05809053116692196,0.018996667878618843,0.828125,0.4375,0.984375,1.0,0.59375,0.90625,1.0,-0.08480812543228806,-0.6385560757606722,0.375,0.140625
814,oracle_min_rmsd,0.09135219228383318,0.006840703948993675,0.625,0.265625,0.984375,1.0,0.546875,0.921875,1.0,-0.05154646431537685,-0.8698439697065701,0.171875,-0.03125
814,oracle_stable_quality,0.05809053116692196,0.018996667878618843,0.828125,0.4375,0.984375,1.0,0.59375,0.90625,1.0,-0.08480812543228806,-0.6385560757606722,0.375,0.140625
814,oracle_nus_quality,0.06968729337505011,0.04208765736927143,0.828125,0.6875,0.984375,1.0,0.859375,0.953125,1.0,-0.07321136322415991,-0.19921071743789698,0.375,0.390625
815,baseline_first,0.1513342073153253,0.09386076763911676,0.453125,0.265625,0.859375,1.0,0.78125,0.953125,1.0,0.0,0.0,0.0,0.0
815,oracle_min_ehull,0.06090338586679187,0.042240476521234416,0.875,0.5,1.0,1.0,0.609375,0.921875,1.0,-0.09043082144853343,-0.5499666411887455,0.421875,0.234375
815,oracle_min_rmsd,0.1020605739547806,0.005585912320196829,0.5625,0.265625,1.0,1.0,0.625,0.921875,1.0,-0.04927363336054469,-0.9404872508429296,0.109375,0.0
815,oracle_stable_quality,0.06090338586679187,0.042240476521234416,0.875,0.5,1.0,1.0,0.609375,0.921875,1.0,-0.09043082144853343,-0.5499666411887455,0.421875,0.234375
815,oracle_nus_quality,0.06460114169751448,0.03584086842420051,0.875,0.609375,1.0,1.0,0.75,0.9375,1.0,-0.08673306561781081,-0.618148569144413,0.421875,0.34375
816,baseline_first,0.14066662512826356,0.046521527493919655,0.421875,0.1875,0.84375,1.0,0.6875,0.9375,1.0,0.0,0.0,0.0,0.0
816,oracle_min_ehull,0.06134210756782743,0.025260777869811082,0.875,0.46875,1.0,1.0,0.59375,0.953125,1.0,-0.07932451756043613,-0.4570088466438972,0.453125,0.28125
816,oracle_min_rmsd,0.10709817936916186,0.00677983568381009,0.53125,0.25,1.0,1.0,0.640625,0.953125,1.0,-0.0335684457591017,-0.8542645512941034,0.109375,0.0625
816,oracle_stable_quality,0.06134210756782743,0.025260777869811082,0.875,0.46875,1.0,1.0,0.59375,0.953125,1.0,-0.07932451756043613,-0.4570088466438972,0.453125,0.28125
816,oracle_nus_quality,0.06914268599134647,0.048183166175103646,0.875,0.640625,1.0,1.0,0.765625,0.984375,1.0,-0.07152393913691708,0.03571762946522261,0.453125,0.453125
817,baseline_first,0.14449709104008124,0.07279606110259436,0.4375,0.28125,0.796875,1.0,0.78125,0.96875,1.0,0.0,0.0,0.0,0.0
817,oracle_min_ehull,0.05760216351008721,0.02465344605463601,0.90625,0.484375,1.0,1.0,0.546875,0.9375,1.0,-0.08689492752999403,-0.6613354392912696,0.46875,0.203125
817,oracle_min_rmsd,0.09436147600653852,0.0074637103500969785,0.625,0.25,1.0,1.0,0.546875,0.90625,1.0,-0.05013561503354272,-0.8974709587709961,0.1875,-0.03125
817,oracle_stable_quality,0.05760216351008721,0.02465344605463601,0.90625,0.484375,1.0,1.0,0.546875,0.9375,1.0,-0.08689492752999403,-0.6613354392912696,0.46875,0.203125
817,oracle_nus_quality,0.06412991984130353,0.04665763778186429,0.90625,0.609375,1.0,1.0,0.703125,0.96875,1.0,-0.0803671711987777,-0.3590637037887553,0.46875,0.328125
818,baseline_first,0.1660043517344123,0.08986715818468685,0.375,0.140625,0.8125,1.0,0.71875,0.96875,1.0,0.0,0.0,0.0,0.0
818,oracle_min_ehull,0.055308699777344705,0.025712908813645893,0.890625,0.5,1.0,1.0,0.59375,0.9375,1.0,-0.1106956519570676,-0.7138786923605278,0.515625,0.359375
818,oracle_min_rmsd,0.10048112216155847,0.005541441427608998,0.59375,0.1875,1.0,1.0,0.484375,0.921875,1.0,-0.06552322957285384,-0.9383374133604989,0.21875,0.046875
818,oracle_stable_quality,0.055308699777344705,0.025712908813645893,0.890625,0.5,1.0,1.0,0.59375,0.9375,1.0,-0.1106956519570676,-0.7138786923605278,0.515625,0.359375
818,oracle_nus_quality,0.06401019704583283,0.06407289116546871,0.890625,0.65625,1.0,1.0,0.765625,0.953125,1.0,-0.10199415468857947,-0.2870266239665451,0.515625,0.515625
819,baseline_first,0.1577434412487862,0.08145370400317571,0.328125,0.109375,0.828125,1.0,0.75,0.96875,1.0,0.0,0.0,0.0,0.0
819,oracle_min_ehull,0.062264544245164984,0.02633944396105939,0.859375,0.453125,1.0,1.0,0.5625,0.921875,1.0,-0.09547889700362122,-0.6766329501721313,0.53125,0.34375
819,oracle_min_rmsd,0.09530316160132189,0.006917842704948447,0.65625,0.265625,1.0,1.0,0.484375,0.90625,1.0,-0.062440279647464306,-0.9150702501548765,0.328125,0.15625
819,oracle_stable_quality,0.062264544245164984,0.02633944396105939,0.859375,0.453125,1.0,1.0,0.5625,0.921875,1.0,-0.09547889700362122,-0.6766329501721313,0.53125,0.34375
819,oracle_nus_quality,0.06973901703052512,0.020386164962169273,0.859375,0.609375,1.0,1.0,0.75,0.9375,1.0,-0.08800442421826107,-0.7497208357599741,0.53125,0.5
820,baseline_first,0.1398438827781287,0.047879949809051234,0.484375,0.28125,0.921875,1.0,0.75,0.984375,1.0,0.0,0.0,0.0,0.0
820,oracle_min_ehull,0.06072591153341292,0.023874829168376736,0.796875,0.40625,0.984375,1.0,0.578125,0.953125,1.0,-0.07911797124471578,-0.5013606057735793,0.3125,0.125
820,oracle_min_rmsd,0.1039991852538484,0.006832020540180355,0.59375,0.28125,0.984375,1.0,0.640625,0.90625,1.0,-0.03584469752428031,-0.8573093629498996,0.109375,0.0
820,oracle_stable_quality,0.06072591153341292,0.023874829168376736,0.796875,0.40625,0.984375,1.0,0.578125,0.953125,1.0,-0.07911797124471578,-0.5013606057735793,0.3125,0.125
820,oracle_nus_quality,0.07247745929436841,0.02903862417032941,0.796875,0.625,0.984375,1.0,0.828125,0.984375,1.0,-0.06736642348376029,-0.3935118084681045,0.3125,0.34375
821,baseline_first,0.14327912236395415,0.045140530578139604,0.515625,0.25,0.875,1.0,0.6875,0.953125,1.0,0.0,0.0,0.0,0.0
821,oracle_min_ehull,0.05943999742444864,0.03223862304215104,0.84375,0.46875,1.0,1.0,0.59375,0.96875,1.0,-0.08383912493950552,-0.28581647957493495,0.328125,0.21875
821,oracle_min_rmsd,0.100270137772003,0.013452991601995569,0.59375,0.25,1.0,1.0,0.578125,0.921875,1.0,-0.043008984591951155,-0.7019753328174103,0.078125,0.0
821,oracle_stable_quality,0.05943999742444864,0.03223862304215104,0.84375,0.46875,1.0,1.0,0.59375,0.96875,1.0,-0.08383912493950552,-0.28581647957493495,0.328125,0.21875
821,oracle_nus_quality,0.06924283702123561,0.03084103905474808,0.84375,0.640625,1.0,1.0,0.8125,0.96875,1.0,-0.07403628534271854,-0.31677721418534677,0.328125,0.390625
822,baseline_first,0.14264582343817905,0.08593919442102968,0.40625,0.1875,0.875,1.0,0.625,0.921875,1.0,0.0,0.0,0.0,0.0
822,oracle_min_ehull,0.05524941842083064,0.044383252823691766,0.875,0.46875,1.0,1.0,0.5625,0.9375,1.0,-0.08739640501734841,-0.4835505135613536,0.46875,0.28125
822,oracle_min_rmsd,0.0951298581535507,0.00739062559780789,0.59375,0.28125,1.0,1.0,0.59375,0.9375,1.0,-0.047515965284628356,-0.9140016886637307,0.1875,0.09375
822,oracle_stable_quality,0.05524941842083064,0.044383252823691766,0.875,0.46875,1.0,1.0,0.5625,0.9375,1.0,-0.08739640501734841,-0.4835505135613536,0.46875,0.28125
822,oracle_nus_quality,0.06533026362614419,0.05149964778232296,0.875,0.625,1.0,1.0,0.75,0.984375,1.0,-0.07731555981203486,-0.40074318674645637,0.46875,0.4375
823,baseline_first,0.13014948113442446,0.06284135881430249,0.421875,0.21875,0.875,1.0,0.6875,0.921875,1.0,0.0,0.0,0.0,0.0
823,oracle_min_ehull,0.06462825215143,0.04718114241251302,0.8125,0.4375,1.0,1.0,0.609375,0.921875,1.0,-0.06552122898299445,-0.24920238354593394,0.390625,0.21875
823,oracle_min_rmsd,0.10107131930888064,0.004460263588565059,0.609375,0.265625,1.0,1.0,0.546875,0.90625,1.0,-0.02907816182554382,-0.9290234381827225,0.1875,0.046875
823,oracle_stable_quality,0.06462825215143,0.04718114241251302,0.8125,0.4375,1.0,1.0,0.609375,0.921875,1.0,-0.06552122898299445,-0.24920238354593394,0.390625,0.21875
823,oracle_nus_quality,0.0690322995274836,0.044347229343928,0.8125,0.578125,1.0,1.0,0.765625,0.953125,1.0,-0.06111718160694085,-0.2942986883053408,0.390625,0.359375
824,baseline_first,0.1461524752650376,0.07806497325466755,0.328125,0.21875,0.828125,1.0,0.796875,0.96875,1.0,0.0,0.0,0.0,0.0
824,oracle_min_ehull,0.06378771166483313,0.044575126899449896,0.828125,0.4375,1.0,1.0,0.5625,0.90625,1.0,-0.08236476360020448,-0.4289996519433288,0.5,0.21875
824,oracle_min_rmsd,0.09818345583417387,0.006240598033505199,0.640625,0.234375,1.0,1.0,0.5,0.890625,1.0,-0.047969019430863735,-0.9200589230569926,0.3125,0.015625
824,oracle_stable_quality,0.06378771166483313,0.044575126899449896,0.828125,0.4375,1.0,1.0,0.5625,0.90625,1.0,-0.08236476360020448,-0.4289996519433288,0.5,0.21875
824,oracle_nus_quality,0.07287908121284367,0.05081370551535737,0.828125,0.640625,1.0,1.0,0.796875,0.953125,1.0,-0.07327339405219394,-0.34908444342137546,0.5,0.421875
825,baseline_first,0.13670899688320223,0.07656649434129617,0.453125,0.296875,0.875,1.0,0.796875,0.96875,1.0,0.0,0.0,0.0,0.0
825,oracle_min_ehull,0.0610421777659209,0.02431537369761226,0.875,0.484375,1.0,1.0,0.59375,0.953125,1.0,-0.07566681911728133,-0.6824280136266112,0.421875,0.1875
825,oracle_min_rmsd,0.10225596426082251,0.007411717785360634,0.578125,0.1875,1.0,1.0,0.515625,0.921875,1.0,-0.034453032622379726,-0.9031989403573474,0.125,-0.109375
825,oracle_stable_quality,0.0610421777659209,0.02431537369761226,0.875,0.484375,1.0,1.0,0.59375,0.953125,1.0,-0.07566681911728133,-0.6824280136266112,0.421875,0.1875
825,oracle_nus_quality,0.06768527845389517,0.02216612371214057,0.875,0.625,1.0,1.0,0.75,0.96875,1.0,-0.06902371842930706,-0.7104983857124922,0.421875,0.328125
826,baseline_first,0.1466589670458265,0.0794714237653586,0.421875,0.234375,0.859375,1.0,0.75,0.96875,1.0,0.0,0.0,0.0,0.0
826,oracle_min_ehull,0.056008280310224624,0.0526329329876019,0.875,0.4375,1.0,1.0,0.5,0.9375,1.0,-0.09065068673560189,-0.337712469541228,0.453125,0.203125
826,oracle_min_rmsd,0.08695201572444679,0.005961258165351733,0.625,0.34375,1.0,1.0,0.59375,0.890625,1.0,-0.05970695132137972,-0.9249886577727298,0.203125,0.109375
826,oracle_stable_quality,0.056008280310224624,0.0526329329876019,0.875,0.4375,1.0,1.0,0.5,0.9375,1.0,-0.09065068673560189,-0.337712469541228,0.453125,0.203125
826,oracle_nus_quality,0.07021059709416863,0.04634223333204899,0.875,0.640625,1.0,1.0,0.765625,0.96875,1.0,-0.07644836995165788,-0.41686921994910253,0.453125,0.40625
827,baseline_first,0.14196655901782512,0.053356839707444224,0.390625,0.171875,0.828125,1.0,0.703125,0.984375,1.0,0.0,0.0,0.0,0.0
827,oracle_min_ehull,0.06790626378131803,0.046147955910167696,0.859375,0.4375,1.0,1.0,0.5625,0.9375,1.0,-0.07406029523650709,-0.1351070235194376,0.46875,0.265625
827,oracle_min_rmsd,0.09707626062454523,0.006098681360283119,0.671875,0.265625,1.0,1.0,0.53125,0.953125,1.0,-0.04489029839327989,-0.8857001015479512,0.28125,0.09375
827,oracle_stable_quality,0.06790626378131803,0.046147955910167696,0.859375,0.4375,1.0,1.0,0.5625,0.9375,1.0,-0.07406029523650709,-0.1351070235194376,0.46875,0.265625
827,oracle_nus_quality,0.07202809588406549,0.04760161385257046,0.859375,0.578125,1.0,1.0,0.734375,0.96875,1.0,-0.06993846313375963,-0.10786294477764602,0.46875,0.40625
828,baseline_first,0.15417448555689983,0.05395338090809774,0.390625,0.21875,0.84375,1.0,0.75,0.96875,1.0,0.0,0.0,0.0,0.0
828,oracle_min_ehull,0.05622618809116199,0.02403596209324698,0.859375,0.453125,1.0,1.0,0.59375,0.921875,1.0,-0.09794829746573784,-0.5545049876635353,0.46875,0.234375
828,oracle_min_rmsd,0.10290695327844822,0.00511906040380085,0.5625,0.265625,1.0,1.0,0.59375,0.96875,1.0,-0.051267532278451614,-0.905120674225764,0.171875,0.046875
828,oracle_stable_quality,0.05622618809116199,0.02403596209324698,0.859375,0.453125,1.0,1.0,0.59375,0.921875,1.0,-0.09794829746573784,-0.5545049876635353,0.46875,0.234375
828,oracle_nus_quality,0.06213662469006538,0.04473197871064623,0.859375,0.640625,1.0,1.0,0.765625,0.984375,1.0,-0.09203786086683445,-0.17091426046421299,0.46875,0.421875
829,baseline_first,0.15859486276078655,0.06643771453854067,0.46875,0.203125,0.828125,1.0,0.71875,0.984375,1.0,0.0,0.0,0.0,0.0
829,oracle_min_ehull,0.05446958430449173,0.024222837099619046,0.90625,0.515625,1.0,1.0,0.609375,0.921875,1.0,-0.10412527845629482,-0.6354053225962895,0.4375,0.3125
829,oracle_min_rmsd,0.0993121341456859,0.004764256608101791,0.59375,0.28125,1.0,1.0,0.578125,0.921875,1.0,-0.059282728615100644,-0.9282898781032265,0.125,0.078125
829,oracle_stable_quality,0.05446958430449173,0.024222837099619046,0.90625,0.515625,1.0,1.0,0.609375,0.921875,1.0,-0.10412527845629482,-0.6354053225962895,0.4375,0.3125
829,oracle_nus_quality,0.057452719366742844,0.026818886539787267,0.90625,0.609375,1.0,1.0,0.71875,0.953125,1.0,-0.1011421433940437,-0.5963303866476386,0.4375,0.40625
830,baseline_first,0.14057327623158913,0.03806630583272328,0.390625,0.171875,0.765625,1.0,0.65625,0.953125,1.0,0.0,0.0,0.0,0.0
830,oracle_min_ehull,0.060856205302500264,0.043269545038407006,0.8125,0.421875,1.0,1.0,0.578125,0.90625,1.0,-0.07971707092908886,0.13668884048135865,0.421875,0.25
830,oracle_min_rmsd,0.09609982963872522,0.024058479807893576,0.59375,0.25,1.0,1.0,0.59375,0.90625,1.0,-0.04447344659286391,-0.3679849073452258,0.203125,0.078125
830,oracle_stable_quality,0.060856205302500264,0.043269545038407006,0.8125,0.421875,1.0,1.0,0.578125,0.90625,1.0,-0.07971707092908886,0.13668884048135865,0.421875,0.25
830,oracle_nus_quality,0.06760775388120227,0.0645071991216607,0.8125,0.578125,1.0,1.0,0.78125,0.9375,1.0,-0.07296552235038686,0.6946009787534411,0.421875,0.40625
831,baseline_first,0.12231876477018086,0.040368051954045046,0.484375,0.1875,0.84375,1.0,0.609375,0.984375,1.0,0.0,0.0,0.0,0.0
831,oracle_min_ehull,0.05318298579442331,0.04644315003649048,0.921875,0.546875,1.0,1.0,0.578125,0.96875,1.0,-0.06913577897575755,0.15049272353695242,0.4375,0.359375
831,oracle_min_rmsd,0.091129599441725,0.004484034526567676,0.671875,0.296875,1.0,1.0,0.546875,0.9375,1.0,-0.031189165328455865,-0.8889212060152841,0.1875,0.109375
831,oracle_stable_quality,0.05318298579442331,0.04644315003649048,0.921875,0.546875,1.0,1.0,0.578125,0.96875,1.0,-0.06913577897575755,0.15049272353695242,0.4375,0.359375
831,oracle_nus_quality,0.06363869005863873,0.051652580463003035,0.921875,0.71875,1.0,1.0,0.796875,0.984375,1.0,-0.05868007471154213,0.2795410717813256,0.4375,0.53125
832,baseline_first,0.1440533086386524,0.07868006818286352,0.34375,0.140625,0.859375,1.0,0.703125,0.953125,1.0,0.0,0.0,0.0,0.0
832,oracle_min_ehull,0.06134377075413505,0.032605465919197336,0.828125,0.390625,1.0,1.0,0.53125,0.921875,1.0,-0.08270953788451735,-0.5855943357418342,0.484375,0.25
832,oracle_min_rmsd,0.09893329336671354,0.004920630408017827,0.578125,0.1875,1.0,1.0,0.5,0.890625,1.0,-0.04512001527193886,-0.9374602676171861,0.234375,0.046875
832,oracle_stable_quality,0.06134377075413505,0.032605465919197336,0.828125,0.390625,1.0,1.0,0.53125,0.921875,1.0,-0.08270953788451735,-0.5855943357418342,0.484375,0.25
832,oracle_nus_quality,0.07039826432175615,0.027008698196978743,0.828125,0.578125,1.0,1.0,0.75,0.96875,1.0,-0.07365504431689625,-0.656727570009132,0.484375,0.4375
833,baseline_first,0.14980067907409633,0.061051677739835546,0.40625,0.265625,0.78125,1.0,0.84375,1.0,1.0,0.0,0.0,0.0,0.0
833,oracle_min_ehull,0.06081098558815452,0.044685112591856556,0.875,0.53125,1.0,1.0,0.65625,0.953125,1.0,-0.08898969348594181,-0.2680772380690857,0.46875,0.265625
833,oracle_min_rmsd,0.10489657213259365,0.005935595773893139,0.5625,0.1875,1.0,1.0,0.53125,0.90625,1.0,-0.04490410694150268,-0.9027775158090335,0.15625,-0.078125
833,oracle_stable_quality,0.06081098558815452,0.044685112591856556,0.875,0.53125,1.0,1.0,0.65625,0.953125,1.0,-0.08898969348594181,-0.2680772380690857,0.46875,0.265625
833,oracle_nus_quality,0.06501951958213227,0.04611727483324215,0.875,0.625,1.0,1.0,0.75,0.984375,1.0,-0.08478115949196406,-0.24461904176056515,0.46875,0.359375
834,baseline_first,0.14316285987617913,0.0628399749498214,0.375,0.1875,0.859375,1.0,0.703125,0.921875,1.0,0.0,0.0,0.0,0.0
834,oracle_min_ehull,0.059631327804017864,0.02881095191515058,0.84375,0.484375,1.0,1.0,0.625,0.921875,1.0,-0.08353153207216127,-0.5415187237398402,0.46875,0.296875
834,oracle_min_rmsd,0.09421030953179514,0.006976192111631664,0.609375,0.265625,1.0,1.0,0.546875,0.921875,1.0,-0.04895255034438399,-0.8889848043828431,0.234375,0.078125
834,oracle_stable_quality,0.059631327804017864,0.02881095191515058,0.84375,0.484375,1.0,1.0,0.625,0.921875,1.0,-0.08353153207216127,-0.5415187237398402,0.46875,0.296875
834,oracle_nus_quality,0.06510994185725481,0.03136574288775273,0.84375,0.59375,1.0,1.0,0.765625,0.9375,1.0,-0.07805291801892432,-0.5008632178354826,0.46875,0.40625
835,baseline_first,0.14239812620791736,0.07155904024909046,0.421875,0.21875,0.8125,1.0,0.71875,0.953125,1.0,0.0,0.0,0.0,0.0
835,oracle_min_ehull,0.06042995165372598,0.02862219929963721,0.859375,0.4375,1.0,1.0,0.546875,0.921875,1.0,-0.08196817455419139,-0.6000197990357898,0.4375,0.21875
835,oracle_min_rmsd,0.0952371982603621,0.004871010307875805,0.609375,0.21875,1.0,1.0,0.53125,0.90625,1.0,-0.04716092794755526,-0.9319301895201464,0.1875,0.0
835,oracle_stable_quality,0.06042995165372598,0.02862219929963721,0.859375,0.4375,1.0,1.0,0.546875,0.921875,1.0,-0.08196817455419139,-0.6000197990357898,0.4375,0.21875
835,oracle_nus_quality,0.0669226745091851,0.037916785454805646,0.859375,0.59375,1.0,1.0,0.734375,0.953125,1.0,-0.07547545169873227,-0.47013283964093433,0.4375,0.375
836,baseline_first,0.14166874941444899,0.0794787547832049,0.484375,0.25,0.796875,1.0,0.703125,0.96875,1.0,0.0,0.0,0.0,0.0
836,oracle_min_ehull,0.05282302650596473,0.014709602438760364,0.921875,0.46875,1.0,1.0,0.5,0.90625,1.0,-0.08884572290848425,-0.814924095390222,0.4375,0.21875
836,oracle_min_rmsd,0.09265162795944802,0.006067447176010564,0.671875,0.234375,1.0,1.0,0.46875,0.90625,1.0,-0.049017121455000964,-0.923659508851632,0.1875,-0.015625
836,oracle_stable_quality,0.05282302650596473,0.014709602438760364,0.921875,0.46875,1.0,1.0,0.5,0.90625,1.0,-0.08884572290848425,-0.814924095390222,0.4375,0.21875
836,oracle_nus_quality,0.06001111396457148,0.036413957554504675,0.921875,0.578125,1.0,1.0,0.671875,0.9375,1.0,-0.0816576354498775,-0.5418403615679255,0.4375,0.328125
837,baseline_first,0.13975130572760802,0.06346083116230347,0.375,0.15625,0.84375,1.0,0.71875,0.921875,1.0,0.0,0.0,0.0,0.0
837,oracle_min_ehull,0.06010297258885655,0.030145571886380215,0.84375,0.453125,1.0,1.0,0.59375,0.921875,1.0,-0.07964833313875147,-0.5249735729227722,0.46875,0.296875
837,oracle_min_rmsd,0.10726721170930474,0.005636800731972315,0.59375,0.203125,1.0,1.0,0.515625,0.921875,1.0,-0.03248409401830328,-0.9111766954713217,0.21875,0.046875
837,oracle_stable_quality,0.06010297258885655,0.030145571886380215,0.84375,0.453125,1.0,1.0,0.59375,0.921875,1.0,-0.07964833313875147,-0.5249735729227722,0.46875,0.296875
837,oracle_nus_quality,0.06854585490737386,0.04744885111588727,0.84375,0.625,1.0,1.0,0.78125,0.984375,1.0,-0.07120545082023416,-0.25231280071742135,0.46875,0.46875
838,baseline_first,0.14574472514078957,0.08337504300191591,0.46875,0.28125,0.859375,1.0,0.71875,0.984375,1.0,0.0,0.0,0.0,0.0
838,oracle_min_ehull,0.05896466279746093,0.030096515539288635,0.859375,0.484375,1.0,1.0,0.59375,0.921875,1.0,-0.08678006234332863,-0.639022488556953,0.390625,0.203125
838,oracle_min_rmsd,0.0971464032774979,0.012109473603726701,0.609375,0.265625,1.0,1.0,0.578125,0.921875,1.0,-0.04859832186329166,-0.8547590121968701,0.140625,-0.015625
838,oracle_stable_quality,0.05896466279746093,0.030096515539288635,0.859375,0.484375,1.0,1.0,0.59375,0.921875,1.0,-0.08678006234332863,-0.639022488556953,0.390625,0.203125
838,oracle_nus_quality,0.06661986642963931,0.03321196846999726,0.859375,0.59375,1.0,1.0,0.75,0.9375,1.0,-0.07912485871115026,-0.6016557560368027,0.390625,0.3125
839,baseline_first,0.14580230422687138,0.05484091288127185,0.375,0.21875,0.828125,1.0,0.765625,0.953125,1.0,0.0,0.0,0.0,0.0
839,oracle_min_ehull,0.05865223086611325,0.04210717038926577,0.84375,0.46875,1.0,1.0,0.59375,0.90625,1.0,-0.08715007336075813,-0.23219421090918146,0.46875,0.25
839,oracle_min_rmsd,0.11399946403582817,0.007473959361935561,0.546875,0.234375,1.0,1.0,0.5625,0.921875,1.0,-0.03180284019104321,-0.8637156281822596,0.171875,0.015625
839,oracle_stable_quality,0.05865223086611325,0.04210717038926577,0.84375,0.46875,1.0,1.0,0.59375,0.90625,1.0,-0.08715007336075813,-0.23219421090918146,0.46875,0.25
839,oracle_nus_quality,0.06493339722324674,0.03435797401020267,0.84375,0.640625,1.0,1.0,0.796875,0.96875,1.0,-0.08086890700362463,-0.3734974090495874,0.46875,0.421875
840,baseline_first,0.12940749350214598,0.07324770701420712,0.5,0.21875,0.859375,1.0,0.6875,0.96875,1.0,0.0,0.0,0.0,0.0
840,oracle_min_ehull,0.06114278336664272,0.02385202447954083,0.828125,0.421875,1.0,1.0,0.5625,0.9375,1.0,-0.06826471013550325,-0.6743648988914493,0.328125,0.203125
840,oracle_min_rmsd,0.09642889491801808,0.00543929375168612,0.59375,0.1875,1.0,1.0,0.5,0.90625,1.0,-0.0329785985841279,-0.9257411054433266,0.09375,-0.03125
840,oracle_stable_quality,0.06114278336664272,0.02385202447954083,0.828125,0.421875,1.0,1.0,0.5625,0.9375,1.0,-0.06826471013550325,-0.6743648988914493,0.328125,0.203125
840,oracle_nus_quality,0.07216846682067857,0.03679012097366186,0.828125,0.640625,1.0,1.0,0.8125,0.984375,1.0,-0.05723902668146741,-0.49773006591829483,0.328125,0.421875
841,baseline_first,0.12917455713352857,0.04312295806421227,0.484375,0.328125,0.90625,1.0,0.8125,0.984375,1.0,0.0,0.0,0.0,0.0
841,oracle_min_ehull,0.05958669223198344,0.032690807692997675,0.859375,0.53125,1.0,1.0,0.671875,0.953125,1.0,-0.06958786490154513,-0.24191639070029924,0.375,0.203125
841,oracle_min_rmsd,0.103015434735901,0.007593867659690178,0.609375,0.3125,1.0,1.0,0.640625,0.921875,1.0,-0.026159122397627577,-0.8239019770308307,0.125,-0.015625
841,oracle_stable_quality,0.05958669223198344,0.032690807692997675,0.859375,0.53125,1.0,1.0,0.671875,0.953125,1.0,-0.06958786490154513,-0.24191639070029924,0.375,0.203125
841,oracle_nus_quality,0.0632180560297291,0.05188096435735944,0.859375,0.640625,1.0,1.0,0.78125,0.96875,1.0,-0.06595650110379947,0.2030938202362198,0.375,0.3125
842,baseline_first,0.13362970836345067,0.04423202412421986,0.453125,0.28125,0.828125,1.0,0.703125,0.953125,1.0,0.0,0.0,0.0,0.0
842,oracle_min_ehull,0.061225214979524864,0.034391965523677306,0.828125,0.4375,1.0,1.0,0.59375,0.90625,1.0,-0.07240449338392581,-0.22246457844452316,0.375,0.15625
842,oracle_min_rmsd,0.09365140206983805,0.0056883009423774455,0.625,0.21875,1.0,1.0,0.5,0.890625,1.0,-0.039978306293612625,-0.8713985838314205,0.171875,-0.0625
842,oracle_stable_quality,0.061225214979524864,0.034391965523677306,0.828125,0.4375,1.0,1.0,0.59375,0.90625,1.0,-0.07240449338392581,-0.22246457844452316,0.375,0.15625
842,oracle_nus_quality,0.06542020578574254,0.02781474420466518,0.828125,0.5625,1.0,1.0,0.75,0.90625,1.0,-0.06820950257770814,-0.371162754692141,0.375,0.28125
843,baseline_first,0.15620318597466687,0.07941218486327577,0.390625,0.1875,0.875,1.0,0.703125,0.953125,1.0,0.0,0.0,0.0,0.0
843,oracle_min_ehull,0.0627871474785639,0.023954058763151195,0.8125,0.34375,1.0,1.0,0.5,0.90625,1.0,-0.09341603849610297,-0.6983578930060547,0.421875,0.15625
843,oracle_min_rmsd,0.09342973197698845,0.0059705610627719275,0.59375,0.234375,1.0,1.0,0.578125,0.90625,1.0,-0.06277345399767842,-0.9248155547785083,0.203125,0.046875
843,oracle_stable_quality,0.0627871474785639,0.023954058763151195,0.8125,0.34375,1.0,1.0,0.5,0.90625,1.0,-0.09341603849610297,-0.6983578930060547,0.421875,0.15625
843,oracle_nus_quality,0.07150555232731338,0.055768189891802586,0.8125,0.625,1.0,1.0,0.828125,0.96875,1.0,-0.08469763364735348,-0.2977376206457627,0.421875,0.4375
844,baseline_first,0.11988169476072474,0.03988428250680604,0.5,0.28125,0.859375,1.0,0.734375,0.984375,1.0,0.0,0.0,0.0,0.0
844,oracle_min_ehull,0.05491654373012896,0.022629920089139055,0.890625,0.5,1.0,1.0,0.625,0.9375,1.0,-0.06496515103059577,-0.43261057572547834,0.390625,0.21875
844,oracle_min_rmsd,0.09651704583725002,0.004881426971129477,0.625,0.25,1.0,1.0,0.546875,0.9375,1.0,-0.02336464892347473,-0.8776102598737614,0.125,-0.03125
844,oracle_stable_quality,0.05491654373012896,0.022629920089139055,0.890625,0.5,1.0,1.0,0.625,0.9375,1.0,-0.06496515103059577,-0.43261057572547834,0.390625,0.21875
844,oracle_nus_quality,0.05986704903811404,0.026650777633137192,0.890625,0.609375,1.0,1.0,0.734375,0.953125,1.0,-0.060014645722610706,-0.33179749118993485,0.390625,0.328125
845,baseline_first,0.13579927089090932,0.048592291259835885,0.4375,0.265625,0.859375,1.0,0.765625,0.96875,1.0,0.0,0.0,0.0,0.0
845,oracle_min_ehull,0.05696666368815472,0.020521104577155346,0.859375,0.390625,1.0,1.0,0.515625,0.953125,1.0,-0.07883260720275459,-0.5776880644005127,0.421875,0.125
845,oracle_min_rmsd,0.09661701409237197,0.006604080445440258,0.5625,0.203125,1.0,1.0,0.5625,0.9375,1.0,-0.039182256798537346,-0.8640920138931814,0.125,-0.0625
845,oracle_stable_quality,0.05696666368815472,0.020521104577155346,0.859375,0.390625,1.0,1.0,0.515625,0.953125,1.0,-0.07883260720275459,-0.5776880644005127,0.421875,0.125
845,oracle_nus_quality,0.06522870952728688,0.04313730632412533,0.859375,0.609375,1.0,1.0,0.75,1.0,1.0,-0.07057056136362244,-0.11226029467392884,0.421875,0.34375
846,baseline_first,0.13891356773679653,0.07361400223516408,0.40625,0.203125,0.84375,1.0,0.6875,0.96875,1.0,0.0,0.0,0.0,0.0
846,oracle_min_ehull,0.057731640501090864,0.0155963372549598,0.859375,0.453125,1.0,1.0,0.578125,0.9375,1.0,-0.08118192723570566,-0.7881335509359154,0.453125,0.25
846,oracle_min_rmsd,0.10308923158399555,0.004579590378435422,0.5625,0.234375,1.0,1.0,0.578125,0.9375,1.0,-0.03582433615280098,-0.9377891401175871,0.15625,0.03125
846,oracle_stable_quality,0.057731640501090864,0.0155963372549598,0.859375,0.453125,1.0,1.0,0.578125,0.9375,1.0,-0.08118192723570566,-0.7881335509359154,0.453125,0.25
846,oracle_nus_quality,0.06574468089723072,0.019243899474345114,0.859375,0.640625,1.0,1.0,0.78125,0.984375,1.0,-0.07316888683956581,-0.7385837083973591,0.453125,0.4375
847,baseline_first,0.13667221140715222,0.075680503885792,0.40625,0.203125,0.8125,1.0,0.734375,0.953125,1.0,0.0,0.0,0.0,0.0
847,oracle_min_ehull,0.05717125496270706,0.04328903229938877,0.9375,0.484375,1.0,1.0,0.546875,0.921875,1.0,-0.07950095644444516,-0.42800285308993957,0.53125,0.28125
847,oracle_min_rmsd,0.10368043436671337,0.024253422850762086,0.5625,0.203125,1.0,1.0,0.546875,0.90625,1.0,-0.03299177704043885,-0.6795287873959922,0.15625,0.0
847,oracle_stable_quality,0.05717125496270706,0.04328903229938877,0.9375,0.484375,1.0,1.0,0.546875,0.921875,1.0,-0.07950095644444516,-0.42800285308993957,0.53125,0.28125
847,oracle_nus_quality,0.061423733109531205,0.05015674589436519,0.9375,0.609375,1.0,1.0,0.6875,0.9375,1.0,-0.07524847829762102,-0.3372567131680866,0.53125,0.40625
848,baseline_first,0.15041025411256695,0.07879834619489393,0.375,0.203125,0.859375,1.0,0.8125,0.953125,1.0,0.0,0.0,0.0,0.0
848,oracle_min_ehull,0.06609106575014198,0.014378072732591262,0.8125,0.484375,1.0,1.0,0.640625,0.890625,1.0,-0.08431918836242497,-0.8175333185669962,0.4375,0.28125
848,oracle_min_rmsd,0.09788805271582923,0.006912346804257659,0.625,0.265625,1.0,1.0,0.515625,0.9375,1.0,-0.05252220139673772,-0.9122780218361286,0.25,0.0625
848,oracle_stable_quality,0.06609106575014198,0.014378072732591262,0.8125,0.484375,1.0,1.0,0.640625,0.890625,1.0,-0.08431918836242497,-0.8175333185669962,0.4375,0.28125
848,oracle_nus_quality,0.07143667100325304,0.018319928549577258,0.8125,0.59375,1.0,1.0,0.78125,0.9375,1.0,-0.0789735831093139,-0.7675087177049869,0.4375,0.390625
849,baseline_first,0.14466762504188208,0.07698874569505529,0.375,0.234375,0.890625,1.0,0.8125,0.96875,1.0,0.0,0.0,0.0,0.0
849,oracle_min_ehull,0.06383344632291257,0.02186862381123698,0.875,0.5,1.0,1.0,0.609375,0.875,1.0,-0.0808341787189695,-0.7159503819187234,0.5,0.265625
849,oracle_min_rmsd,0.10025379659958293,0.006701007631550294,0.609375,0.21875,1.0,1.0,0.515625,0.90625,1.0,-0.044413828442299144,-0.9129612052897664,0.234375,-0.015625
849,oracle_stable_quality,0.06383344632291257,0.02186862381123698,0.875,0.5,1.0,1.0,0.609375,0.875,1.0,-0.0808341787189695,-0.7159503819187234,0.5,0.265625
849,oracle_nus_quality,0.0675981557528188,0.043021782658341653,0.875,0.640625,1.0,1.0,0.765625,0.9375,1.0,-0.07706946928906327,-0.44119387489768147,0.5,0.40625
850,baseline_first,0.13351314879363163,0.0720648125693559,0.421875,0.21875,0.84375,1.0,0.734375,0.953125,1.0,0.0,0.0,0.0,0.0
850,oracle_min_ehull,0.05699701492837777,0.029606103294159684,0.90625,0.40625,1.0,1.0,0.484375,0.921875,1.0,-0.07651613386525385,-0.5891739360916748,0.484375,0.1875
850,oracle_min_rmsd,0.08693195438498036,0.006538390944087679,0.671875,0.328125,1.0,1.0,0.53125,0.921875,1.0,-0.04658119440865127,-0.9092706868862656,0.25,0.109375
850,oracle_stable_quality,0.05699701492837777,0.029606103294159684,0.90625,0.40625,1.0,1.0,0.484375,0.921875,1.0,-0.07651613386525385,-0.5891739360916748,0.484375,0.1875
850,oracle_nus_quality,0.06428092850693387,0.050413790627087875,0.90625,0.609375,1.0,1.0,0.71875,0.96875,1.0,-0.06923222028669776,-0.30043819126610316,0.484375,0.390625
851,baseline_first,0.13536838901963977,0.0648849148019581,0.484375,0.28125,0.890625,1.0,0.703125,0.9375,1.0,0.0,0.0,0.0,0.0
851,oracle_min_ehull,0.062031422267072166,0.026801045405429255,0.765625,0.359375,1.0,1.0,0.546875,0.90625,1.0,-0.0733369667525676,-0.5869448933202506,0.28125,0.078125
851,oracle_min_rmsd,0.10550282938950206,0.004894053603052253,0.53125,0.171875,1.0,1.0,0.53125,0.921875,1.0,-0.029865559630137706,-0.924573321580372,0.046875,-0.109375
851,oracle_stable_quality,0.062031422267072166,0.026801045405429255,0.765625,0.359375,1.0,1.0,0.546875,0.90625,1.0,-0.0733369667525676,-0.5869448933202506,0.28125,0.078125
851,oracle_nus_quality,0.07642151841264472,0.051480306765689605,0.765625,0.578125,1.0,1.0,0.828125,0.9375,1.0,-0.05894687060699505,-0.20659051610350532,0.28125,0.296875
852,baseline_first,0.13907046893428643,0.04118969338461824,0.453125,0.203125,0.859375,1.0,0.6875,0.953125,1.0,0.0,0.0,0.0,0.0
852,oracle_min_ehull,0.05483421660756811,0.029902947327264583,0.90625,0.453125,1.0,1.0,0.53125,0.875,1.0,-0.08423625232671832,-0.2740186956955729,0.453125,0.25
852,oracle_min_rmsd,0.08492831273866622,0.006010238758378326,0.6875,0.265625,1.0,1.0,0.515625,0.90625,1.0,-0.05414215619562021,-0.8540839160355884,0.234375,0.0625
852,oracle_stable_quality,0.05483421660756811,0.029902947327264583,0.90625,0.453125,1.0,1.0,0.53125,0.875,1.0,-0.08423625232671832,-0.2740186956955729,0.453125,0.25
852,oracle_nus_quality,0.0612396766874165,0.0341210046985153,0.90625,0.59375,1.0,1.0,0.703125,0.90625,1.0,-0.07783079224686992,-0.17161304455698256,0.453125,0.390625
853,baseline_first,0.1541555919500669,0.0524964096015758,0.40625,0.28125,0.828125,1.0,0.8125,1.0,1.0,0.0,0.0,0.0,0.0
853,oracle_min_ehull,0.06819975151275615,0.04121018708653179,0.796875,0.359375,1.0,1.0,0.546875,0.953125,1.0,-0.08595584043731075,-0.21499036983102982,0.390625,0.078125
853,oracle_min_rmsd,0.09764618766550104,0.0053382668555139266,0.59375,0.203125,1.0,1.0,0.546875,0.9375,1.0,-0.056509404284565856,-0.8983117722520649,0.1875,-0.078125
853,oracle_stable_quality,0.06819975151275615,0.04121018708653179,0.796875,0.359375,1.0,1.0,0.546875,0.953125,1.0,-0.08595584043731075,-0.21499036983102982,0.390625,0.078125
853,oracle_nus_quality,0.07922991062383813,0.03887370426358919,0.796875,0.625,1.0,1.0,0.828125,0.984375,1.0,-0.07492568132622876,-0.25949784835528433,0.390625,0.34375
854,baseline_first,0.1393246551831299,0.056854744575277866,0.4375,0.21875,0.859375,1.0,0.71875,0.90625,1.0,0.0,0.0,0.0,0.0
854,oracle_min_ehull,0.05622934206097893,0.04323968477328248,0.875,0.453125,1.0,1.0,0.578125,0.953125,1.0,-0.08309531312215096,-0.23947095187400802,0.4375,0.234375
854,oracle_min_rmsd,0.09474753037619094,0.006337755973465169,0.625,0.296875,1.0,1.0,0.625,0.921875,1.0,-0.044577124806938956,-0.8885272281001326,0.1875,0.078125
854,oracle_stable_quality,0.05622934206097893,0.04323968477328248,0.875,0.453125,1.0,1.0,0.578125,0.953125,1.0,-0.08309531312215096,-0.23947095187400802,0.4375,0.234375
854,oracle_nus_quality,0.060355500173257984,0.03714550101206064,0.875,0.578125,1.0,1.0,0.71875,0.953125,1.0,-0.07896915500987191,-0.34665960968519394,0.4375,0.359375
855,baseline_first,0.1532221569423844,0.05252858846423125,0.359375,0.203125,0.84375,1.0,0.75,0.96875,1.0,0.0,0.0,0.0,0.0
855,oracle_min_ehull,0.057725556454837734,0.023992814218971217,0.90625,0.4375,1.0,1.0,0.5,0.90625,1.0,-0.09549660048754666,-0.54324273846976,0.546875,0.234375
855,oracle_min_rmsd,0.09312206358883084,0.004289709358536139,0.65625,0.265625,1.0,1.0,0.515625,0.953125,1.0,-0.060100093353553555,-0.9183357199583391,0.296875,0.0625
855,oracle_stable_quality,0.057725556454837734,0.023992814218971217,0.90625,0.4375,1.0,1.0,0.5,0.90625,1.0,-0.09549660048754666,-0.54324273846976,0.546875,0.234375
855,oracle_nus_quality,0.06447468838938997,0.026626906912268048,0.90625,0.578125,1.0,1.0,0.671875,0.953125,1.0,-0.08874746855299442,-0.493096850862472,0.546875,0.375
856,baseline_first,0.1468016971598752,0.05157105308057494,0.453125,0.265625,0.8125,1.0,0.734375,0.96875,1.0,0.0,0.0,0.0,0.0
856,oracle_min_ehull,0.057357640996069756,0.02157959233880609,0.859375,0.5,1.0,1.0,0.609375,0.9375,1.0,-0.08944405616380545,-0.5815561046409117,0.40625,0.234375
856,oracle_min_rmsd,0.09024226785668732,0.005676663337062569,0.671875,0.328125,1.0,1.0,0.59375,0.953125,1.0,-0.056559429303187886,-0.8899253942285547,0.21875,0.0625
856,oracle_stable_quality,0.057357640996069756,0.02157959233880609,0.859375,0.5,1.0,1.0,0.609375,0.9375,1.0,-0.08944405616380545,-0.5815561046409117,0.40625,0.234375
856,oracle_nus_quality,0.06436385167765381,0.04220191328205251,0.859375,0.625,1.0,1.0,0.765625,0.96875,1.0,-0.0824378454822214,-0.18167439365420812,0.40625,0.359375
857,baseline_first,0.1521688196987382,0.08471628787217791,0.375,0.203125,0.90625,1.0,0.734375,0.953125,1.0,0.0,0.0,0.0,0.0
857,oracle_min_ehull,0.05783852182260192,0.045038921651757796,0.828125,0.390625,1.0,1.0,0.53125,0.875,1.0,-0.09433029787613627,-0.46835581700990414,0.453125,0.1875
857,oracle_min_rmsd,0.09923116919762012,0.005093990692286459,0.59375,0.28125,1.0,1.0,0.625,0.90625,1.0,-0.052937650501118066,-0.9398699964288756,0.21875,0.078125
857,oracle_stable_quality,0.05783852182260192,0.045038921651757796,0.828125,0.390625,1.0,1.0,0.53125,0.875,1.0,-0.09433029787613627,-0.46835581700990414,0.453125,0.1875
857,oracle_nus_quality,0.06723273239610222,0.04999197490068393,0.828125,0.578125,1.0,1.0,0.75,0.953125,1.0,-0.08493608730263597,-0.4098894538897515,0.453125,0.375
858,baseline_first,0.14934793804634838,0.06750882532004691,0.421875,0.25,0.75,1.0,0.78125,0.953125,1.0,0.0,0.0,0.0,0.0
858,oracle_min_ehull,0.05823755467533001,0.04055524477040084,0.890625,0.40625,1.0,1.0,0.515625,0.921875,1.0,-0.09111038337101837,-0.39926010298452264,0.46875,0.15625
858,oracle_min_rmsd,0.10231578893591328,0.007563218438026114,0.625,0.265625,1.0,1.0,0.59375,0.953125,1.0,-0.0470321491104351,-0.8879669672495368,0.203125,0.015625
858,oracle_stable_quality,0.05823755467533001,0.04055524477040084,0.890625,0.40625,1.0,1.0,0.515625,0.921875,1.0,-0.09111038337101837,-0.39926010298452264,0.46875,0.15625
858,oracle_nus_quality,0.06620660597196074,0.045724487768941974,0.890625,0.640625,1.0,1.0,0.75,0.953125,1.0,-0.08314133207438765,-0.322688736588578,0.46875,0.390625
859,baseline_first,0.1634760245185406,0.07073007991565307,0.359375,0.234375,0.859375,1.0,0.78125,0.953125,1.0,0.0,0.0,0.0,0.0
859,oracle_min_ehull,0.05567707293950488,0.025097816719962925,0.875,0.4375,1.0,1.0,0.546875,0.90625,1.0,-0.10779895157903571,-0.6451606339213453,0.515625,0.203125
859,oracle_min_rmsd,0.09867883170170676,0.013893505251397587,0.59375,0.234375,1.0,1.0,0.53125,0.890625,1.0,-0.06479719281683384,-0.8035700614510001,0.234375,0.0
859,oracle_stable_quality,0.05567707293950488,0.025097816719962925,0.875,0.4375,1.0,1.0,0.546875,0.90625,1.0,-0.10779895157903571,-0.6451606339213453,0.515625,0.203125
859,oracle_nus_quality,0.06464099226463735,0.02855475788300196,0.875,0.546875,1.0,1.0,0.6875,0.9375,1.0,-0.09883503225390325,-0.5962855136449154,0.515625,0.3125
860,baseline_first,0.1682461482299697,0.08698560985012696,0.265625,0.171875,0.765625,1.0,0.8125,0.953125,1.0,0.0,0.0,0.0,0.0
860,oracle_min_ehull,0.058014040689623424,0.041675584031886585,0.84375,0.4375,1.0,1.0,0.578125,0.9375,1.0,-0.11023210754034626,-0.520891051937302,0.578125,0.265625
860,oracle_min_rmsd,0.10346003200790502,0.005769427755365662,0.578125,0.21875,1.0,1.0,0.578125,0.90625,1.0,-0.06478611622206468,-0.9336737678185372,0.3125,0.046875
860,oracle_stable_quality,0.058014040689623424,0.041675584031886585,0.84375,0.4375,1.0,1.0,0.578125,0.9375,1.0,-0.11023210754034626,-0.520891051937302,0.578125,0.265625
860,oracle_nus_quality,0.06811040795241344,0.03660632418682237,0.84375,0.59375,1.0,1.0,0.765625,0.984375,1.0,-0.10013574027755626,-0.5791680457274055,0.578125,0.421875
861,baseline_first,0.1451753903708347,0.0807508088532558,0.359375,0.203125,0.8125,1.0,0.765625,0.96875,1.0,0.0,0.0,0.0,0.0
861,oracle_min_ehull,0.06061981255699798,0.034571467317511075,0.859375,0.46875,1.0,1.0,0.578125,0.9375,1.0,-0.08455557781383674,-0.5718746622051059,0.5,0.265625
861,oracle_min_rmsd,0.09718742221641694,0.006075052603368256,0.625,0.25,1.0,1.0,0.546875,0.90625,1.0,-0.047987968154417776,-0.9247679040044277,0.265625,0.046875
861,oracle_stable_quality,0.06061981255699798,0.034571467317511075,0.859375,0.46875,1.0,1.0,0.578125,0.9375,1.0,-0.08455557781383674,-0.5718746622051059,0.5,0.265625
861,oracle_nus_quality,0.0660520341453105,0.049333003586231036,0.859375,0.625,1.0,1.0,0.765625,0.96875,1.0,-0.07912335622552422,-0.38907109059574496,0.5,0.421875
862,baseline_first,0.1628633157507154,0.0978272310852651,0.328125,0.1875,0.875,1.0,0.734375,0.953125,1.0,0.0,0.0,0.0,0.0
862,oracle_min_ehull,0.058943011348930555,0.03048615623925448,0.875,0.453125,1.0,1.0,0.5625,0.921875,1.0,-0.10392030440178483,-0.6883673809321753,0.546875,0.265625
862,oracle_min_rmsd,0.09093616212602629,0.010486099717373923,0.671875,0.296875,1.0,1.0,0.546875,0.921875,1.0,-0.0719271536246891,-0.8928100120892274,0.34375,0.109375
862,oracle_stable_quality,0.058943011348930555,0.03048615623925448,0.875,0.453125,1.0,1.0,0.5625,0.921875,1.0,-0.10392030440178483,-0.6883673809321753,0.546875,0.265625
862,oracle_nus_quality,0.06472837670167299,0.025078141641013574,0.875,0.59375,1.0,1.0,0.734375,0.96875,1.0,-0.0981349390490424,-0.7436486613920847,0.546875,0.40625
863,baseline_first,0.12093755593412946,0.05176868338726655,0.484375,0.296875,0.84375,1.0,0.703125,0.953125,1.0,0.0,0.0,0.0,0.0
863,oracle_min_ehull,0.056676605926238355,0.023229768983865546,0.890625,0.515625,1.0,1.0,0.59375,0.90625,1.0,-0.0642609500078911,-0.5512775781819607,0.40625,0.21875
863,oracle_min_rmsd,0.09958766315122763,0.006193066394144367,0.546875,0.171875,1.0,1.0,0.5,0.890625,1.0,-0.021349892782901822,-0.880370409503834,0.0625,-0.125
863,oracle_stable_quality,0.056676605926238355,0.023229768983865546,0.890625,0.515625,1.0,1.0,0.59375,0.90625,1.0,-0.0642609500078911,-0.5512775781819607,0.40625,0.21875
863,oracle_nus_quality,0.06506630693530377,0.04552108866762425,0.890625,0.625,1.0,1.0,0.734375,0.9375,1.0,-0.05587124899882569,-0.12068289766818774,0.40625,0.328125
864,baseline_first,0.13798403374719384,0.07018195177077263,0.5,0.3125,0.765625,1.0,0.78125,0.953125,1.0,0.0,0.0,0.0,0.0
864,oracle_min_ehull,0.061912934521246125,0.03162261027211409,0.828125,0.375,1.0,1.0,0.515625,0.9375,1.0,-0.07607109922594771,-0.5494196232188092,0.328125,0.0625
864,oracle_min_rmsd,0.10217843735569965,0.0060748183787976695,0.625,0.265625,1.0,1.0,0.59375,0.953125,1.0,-0.03580559639149419,-0.9134418717986191,0.125,-0.046875
864,oracle_stable_quality,0.061912934521246125,0.03162261027211409,0.828125,0.375,1.0,1.0,0.515625,0.9375,1.0,-0.07607109922594771,-0.5494196232188092,0.328125,0.0625
864,oracle_nus_quality,0.07209158536531743,0.03120086362073823,0.828125,0.59375,1.0,1.0,0.765625,0.984375,1.0,-0.06589244838187641,-0.5554289552583821,0.328125,0.28125
865,baseline_first,0.13897966006089923,0.07908727610196274,0.421875,0.296875,0.828125,1.0,0.796875,0.96875,1.0,0.0,0.0,0.0,0.0
865,oracle_min_ehull,0.05883764771727065,0.0227671287164627,0.90625,0.4375,1.0,1.0,0.53125,0.9375,1.0,-0.08014201234362858,-0.7121265285820397,0.484375,0.140625
865,oracle_min_rmsd,0.08631822194662182,0.004491360787519879,0.6875,0.265625,1.0,1.0,0.484375,0.90625,1.0,-0.05266143811427741,-0.943210071089951,0.265625,-0.03125
865,oracle_stable_quality,0.05883764771727065,0.0227671287164627,0.90625,0.4375,1.0,1.0,0.53125,0.9375,1.0,-0.08014201234362858,-0.7121265285820397,0.484375,0.140625
865,oracle_nus_quality,0.06352780678693076,0.04356272594618927,0.90625,0.578125,1.0,1.0,0.6875,0.9375,1.0,-0.07545185327396847,-0.44918161184327154,0.484375,0.28125
866,baseline_first,0.15126918433000686,0.04344055624081842,0.421875,0.28125,0.8125,1.0,0.78125,0.96875,1.0,0.0,0.0,0.0,0.0
866,oracle_min_ehull,0.05403226344767378,0.04006843424904986,0.90625,0.453125,1.0,1.0,0.53125,0.875,1.0,-0.09723692088233307,-0.07762612368669408,0.484375,0.171875
866,oracle_min_rmsd,0.08831963370908269,0.005540041320558709,0.65625,0.265625,1.0,1.0,0.515625,0.90625,1.0,-0.06294955062092417,-0.8724684534459742,0.234375,-0.015625
866,oracle_stable_quality,0.05403226344767378,0.04006843424904986,0.90625,0.453125,1.0,1.0,0.53125,0.875,1.0,-0.09723692088233307,-0.07762612368669408,0.484375,0.171875
866,oracle_nus_quality,0.06270864232797735,0.041126672795999256,0.90625,0.546875,1.0,1.0,0.640625,0.90625,1.0,-0.08856054200202951,-0.053265511426507706,0.484375,0.265625
867,baseline_first,0.15613816641556216,0.03026364465142794,0.375,0.21875,0.921875,1.0,0.8125,0.921875,1.0,0.0,0.0,0.0,0.0
867,oracle_min_ehull,0.059130165338756535,0.03058580049353075,0.828125,0.421875,1.0,1.0,0.5625,0.9375,1.0,-0.09700800107680563,0.010644978349876766,0.453125,0.203125
867,oracle_min_rmsd,0.09842569552797392,0.008343289857859319,0.5625,0.25,1.0,1.0,0.640625,0.921875,1.0,-0.05771247088758824,-0.7243131171424968,0.1875,0.03125
867,oracle_stable_quality,0.059130165338756535,0.03058580049353075,0.828125,0.421875,1.0,1.0,0.5625,0.9375,1.0,-0.09700800107680563,0.010644978349876766,0.453125,0.203125
867,oracle_nus_quality,0.07149805423425196,0.05624470424331328,0.828125,0.625,1.0,1.0,0.796875,0.96875,1.0,-0.0846401121813102,0.858490769738121,0.453125,0.40625
868,baseline_first,0.13739482859151722,0.047198992213233704,0.421875,0.234375,0.890625,1.0,0.6875,0.96875,1.0,0.0,0.0,0.0,0.0
868,oracle_min_ehull,0.06032856172191642,0.027000563030425872,0.859375,0.453125,1.0,1.0,0.546875,0.921875,1.0,-0.0770662668696008,-0.42794195883581965,0.4375,0.21875
868,oracle_min_rmsd,0.09568694565069764,0.005708775771586139,0.640625,0.25,1.0,1.0,0.53125,0.9375,1.0,-0.04170788294081958,-0.8790487782918063,0.21875,0.015625
868,oracle_stable_quality,0.06032856172191642,0.027000563030425872,0.859375,0.453125,1.0,1.0,0.546875,0.921875,1.0,-0.0770662668696008,-0.42794195883581965,0.4375,0.21875
868,oracle_nus_quality,0.06702244560388987,0.055985232151108164,0.859375,0.625,1.0,1.0,0.765625,0.953125,1.0,-0.07037238298762735,0.1861531258587119,0.4375,0.390625
869,baseline_first,0.13621649439837574,0.08350226260469562,0.421875,0.28125,0.796875,1.0,0.796875,0.953125,1.0,0.0,0.0,0.0,0.0
869,oracle_min_ehull,0.06345369500611417,0.04876027233024956,0.796875,0.453125,0.984375,1.0,0.625,0.90625,1.0,-0.07276279939226157,-0.4160604657973951,0.375,0.171875
869,oracle_min_rmsd,0.11042172904133592,0.005873455141580383,0.546875,0.21875,0.984375,1.0,0.578125,0.90625,1.0,-0.025794765357039826,-0.9296611258381626,0.125,-0.0625
869,oracle_stable_quality,0.06345369500611417,0.04876027233024956,0.796875,0.453125,0.984375,1.0,0.625,0.90625,1.0,-0.07276279939226157,-0.4160604657973951,0.375,0.171875
869,oracle_nus_quality,0.0701612187680793,0.053330406027800766,0.796875,0.578125,0.984375,1.0,0.78125,1.0,1.0,-0.06605527563029644,-0.36132980874698106,0.375,0.296875
870,baseline_first,0.1471034765795312,0.10956683385767269,0.390625,0.203125,0.8125,1.0,0.78125,0.9375,1.0,0.0,0.0,0.0,0.0
870,oracle_min_ehull,0.0620190961751965,0.03379805391322395,0.828125,0.46875,1.0,1.0,0.625,0.953125,1.0,-0.08508438040433472,-0.691530249408068,0.4375,0.265625
870,oracle_min_rmsd,0.09026603739966643,0.006667884817776484,0.65625,0.25,1.0,1.0,0.5,0.90625,1.0,-0.05683743917986478,-0.9391432189558561,0.265625,0.046875
870,oracle_stable_quality,0.0620190961751965,0.03379805391322395,0.828125,0.46875,1.0,1.0,0.625,0.953125,1.0,-0.08508438040433472,-0.691530249408068,0.4375,0.265625
870,oracle_nus_quality,0.071594869744948,0.04204612994932547,0.828125,0.640625,1.0,1.0,0.828125,0.96875,1.0,-0.07550860683458321,-0.616251300973583,0.4375,0.4375
871,baseline_first,0.14197063466827667,0.035899176395800064,0.46875,0.25,0.859375,1.0,0.71875,0.9375,1.0,0.0,0.0,0.0,0.0
871,oracle_min_ehull,0.05598169959600493,0.024440604450961367,0.859375,0.40625,1.0,1.0,0.515625,0.9375,1.0,-0.08598893507227173,-0.3191875996959993,0.390625,0.15625
871,oracle_min_rmsd,0.09832121941648807,0.003514170647007905,0.578125,0.25,1.0,1.0,0.578125,0.921875,1.0,-0.0436494152517886,-0.9021099924894367,0.109375,0.0
871,oracle_stable_quality,0.05598169959600493,0.024440604450961367,0.859375,0.40625,1.0,1.0,0.515625,0.9375,1.0,-0.08598893507227173,-0.3191875996959993,0.390625,0.15625
871,oracle_nus_quality,0.06391805326515822,0.05554962271383492,0.859375,0.578125,1.0,1.0,0.71875,0.96875,1.0,-0.07805258140311845,0.5473787504588494,0.390625,0.328125
872,baseline_first,0.14604026717529378,0.07382279345231513,0.40625,0.25,0.859375,1.0,0.78125,0.9375,1.0,0.0,0.0,0.0,0.0
872,oracle_min_ehull,0.06010835903233796,0.023973857821326452,0.875,0.5,1.0,1.0,0.578125,0.921875,1.0,-0.08593190814295582,-0.6752512780918802,0.46875,0.25
872,oracle_min_rmsd,0.09634682589411722,0.006735813795197023,0.59375,0.1875,1.0,1.0,0.484375,0.90625,1.0,-0.04969344128117656,-0.9087569911649587,0.1875,-0.0625
872,oracle_stable_quality,0.06010835903233796,0.023973857821326452,0.875,0.5,1.0,1.0,0.578125,0.921875,1.0,-0.08593190814295582,-0.6752512780918802,0.46875,0.25
872,oracle_nus_quality,0.06892948481588834,0.019424041919027246,0.875,0.625,1.0,1.0,0.75,0.9375,1.0,-0.07711078235940544,-0.7368828648895012,0.46875,0.375
873,baseline_first,0.13837998734295218,0.07751524656286532,0.4375,0.21875,0.84375,1.0,0.6875,1.0,1.0,0.0,0.0,0.0,0.0
873,oracle_min_ehull,0.06052504163018826,0.02544823575110327,0.859375,0.46875,1.0,1.0,0.625,0.921875,1.0,-0.07785494571276391,-0.6717002540853095,0.421875,0.25
873,oracle_min_rmsd,0.0996604035067374,0.006719514493950446,0.609375,0.234375,1.0,1.0,0.5,0.9375,1.0,-0.03871958383621478,-0.9133136409686722,0.171875,0.015625
873,oracle_stable_quality,0.06052504163018826,0.02544823575110327,0.859375,0.46875,1.0,1.0,0.625,0.921875,1.0,-0.07785494571276391,-0.6717002540853095,0.421875,0.25
873,oracle_nus_quality,0.06498085653775698,0.027072100379167054,0.859375,0.578125,1.0,1.0,0.734375,0.921875,1.0,-0.0733991308051952,-0.6507512833980161,0.421875,0.359375
874,baseline_first,0.14734425360405567,0.06640143227923273,0.4375,0.234375,0.78125,1.0,0.6875,0.9375,1.0,0.0,0.0,0.0,0.0
874,oracle_min_ehull,0.05745147384921976,0.0431485005815185,0.90625,0.5,1.0,1.0,0.59375,0.953125,1.0,-0.08989277975483592,-0.35018720078100884,0.46875,0.265625
874,oracle_min_rmsd,0.08982674750472289,0.007935857068857556,0.65625,0.234375,1.0,1.0,0.46875,0.921875,1.0,-0.05751750609933279,-0.8804866582472872,0.21875,0.0
874,oracle_stable_quality,0.05745147384921976,0.0431485005815185,0.90625,0.5,1.0,1.0,0.59375,0.953125,1.0,-0.08989277975483592,-0.35018720078100884,0.46875,0.265625
874,oracle_nus_quality,0.06145990007881233,0.03520951482798347,0.90625,0.640625,1.0,1.0,0.734375,0.96875,1.0,-0.08588435352524335,-0.4697476602625127,0.46875,0.40625
875,baseline_first,0.12889190377339577,0.03960394452989978,0.484375,0.25,0.859375,1.0,0.703125,0.984375,1.0,0.0,0.0,0.0,0.0
875,oracle_min_ehull,0.05876116755537373,0.02257800794155842,0.890625,0.421875,1.0,1.0,0.546875,0.90625,1.0,-0.07013073621802204,-0.42990507108420206,0.40625,0.171875
875,oracle_min_rmsd,0.08293952635871926,0.00637613469426976,0.71875,0.34375,1.0,1.0,0.546875,0.90625,1.0,-0.045952377414676504,-0.839002534470879,0.234375,0.09375
875,oracle_stable_quality,0.05876116755537373,0.02257800794155842,0.890625,0.421875,1.0,1.0,0.546875,0.90625,1.0,-0.07013073621802204,-0.42990507108420206,0.40625,0.171875
875,oracle_nus_quality,0.06305673319773264,0.023137513022740655,0.890625,0.578125,1.0,1.0,0.703125,0.9375,1.0,-0.06583517057566313,-0.4157775621245875,0.40625,0.328125
876,baseline_first,0.15712575955739252,0.08782675816424027,0.375,0.21875,0.796875,1.0,0.765625,0.953125,1.0,0.0,0.0,0.0,0.0
876,oracle_min_ehull,0.05930483609846541,0.021667757772696396,0.859375,0.46875,1.0,1.0,0.609375,0.953125,1.0,-0.09782092345892712,-0.7532897920224193,0.484375,0.25
876,oracle_min_rmsd,0.09206414224143769,0.007195267307753981,0.65625,0.25,1.0,1.0,0.53125,0.90625,1.0,-0.06506161731595483,-0.9180743151842348,0.28125,0.03125
876,oracle_stable_quality,0.05930483609846541,0.021667757772696396,0.859375,0.46875,1.0,1.0,0.609375,0.953125,1.0,-0.09782092345892712,-0.7532897920224193,0.484375,0.25
876,oracle_nus_quality,0.06331622381389596,0.022716440405177937,0.859375,0.578125,1.0,1.0,0.734375,0.96875,1.0,-0.09380953574349657,-0.7413494374607668,0.484375,0.359375
877,baseline_first,0.1283032482578383,0.04152295922813167,0.53125,0.265625,0.875,1.0,0.6875,0.953125,1.0,0.0,0.0,0.0,0.0
877,oracle_min_ehull,0.05881265551856914,0.029891202902667533,0.84375,0.421875,1.0,1.0,0.5625,0.9375,1.0,-0.06949059273926915,-0.28012830833077185,0.3125,0.15625
877,oracle_min_rmsd,0.10350360359626193,0.007559812743760262,0.609375,0.25,1.0,1.0,0.609375,0.921875,1.0,-0.02479964466157636,-0.8179365612593787,0.078125,-0.015625
877,oracle_stable_quality,0.05881265551856914,0.029891202902667533,0.84375,0.421875,1.0,1.0,0.5625,0.9375,1.0,-0.06949059273926915,-0.28012830833077185,0.3125,0.15625
877,oracle_nus_quality,0.06938979702025284,0.03513916120368482,0.84375,0.640625,1.0,1.0,0.796875,0.96875,1.0,-0.05891345123758544,-0.15374140338537934,0.3125,0.375
878,baseline_first,0.1419922917499611,0.06657660234563301,0.390625,0.25,0.859375,1.0,0.75,0.9375,1.0,0.0,0.0,0.0,0.0
878,oracle_min_ehull,0.05259466200146749,0.024932648644285807,0.90625,0.46875,1.0,1.0,0.53125,0.921875,1.0,-0.08939762974849362,-0.6255043398753252,0.515625,0.21875
878,oracle_min_rmsd,0.09647043839896721,0.007229214987308457,0.609375,0.28125,1.0,1.0,0.578125,0.921875,1.0,-0.0455218533509939,-0.8914150807850193,0.21875,0.03125
878,oracle_stable_quality,0.05259466200146749,0.024932648644285807,0.90625,0.46875,1.0,1.0,0.53125,0.921875,1.0,-0.08939762974849362,-0.6255043398753252,0.515625,0.21875
878,oracle_nus_quality,0.06307593142904996,0.02836418191447937,0.90625,0.625,1.0,1.0,0.734375,0.953125,1.0,-0.07891636032091115,-0.5739617085409905,0.515625,0.375
879,baseline_first,0.1469624477496936,0.08327148747731498,0.390625,0.203125,0.859375,1.0,0.765625,0.9375,1.0,0.0,0.0,0.0,0.0
879,oracle_min_ehull,0.055673681360997145,0.026130227907730206,0.90625,0.484375,1.0,1.0,0.578125,0.90625,1.0,-0.09128876638869646,-0.6862043816036232,0.515625,0.28125
879,oracle_min_rmsd,0.0899112948691603,0.005944190788914092,0.640625,0.265625,1.0,1.0,0.515625,0.9375,1.0,-0.05705115288053331,-0.9286167334223083,0.25,0.0625
879,oracle_stable_quality,0.055673681360997145,0.026130227907730206,0.90625,0.484375,1.0,1.0,0.578125,0.90625,1.0,-0.09128876638869646,-0.6862043816036232,0.515625,0.28125
879,oracle_nus_quality,0.06070942906551901,0.047280198585178554,0.90625,0.625,1.0,1.0,0.703125,0.9375,1.0,-0.08625301868417459,-0.4322162361029189,0.515625,0.421875
880,baseline_first,0.12168957816583656,0.05103875494543151,0.515625,0.28125,0.921875,1.0,0.6875,0.9375,1.0,0.0,0.0,0.0,0.0
880,oracle_min_ehull,0.05347368896601449,0.03946822862370244,0.90625,0.453125,1.0,1.0,0.53125,0.90625,1.0,-0.06821588919982208,-0.22670079499587703,0.390625,0.171875
880,oracle_min_rmsd,0.08649028479679355,0.005716275372504404,0.6875,0.328125,1.0,1.0,0.5625,0.921875,1.0,-0.03519929336904301,-0.8880012770958852,0.171875,0.046875
880,oracle_stable_quality,0.05347368896601449,0.03946822862370244,0.90625,0.453125,1.0,1.0,0.53125,0.90625,1.0,-0.06821588919982208,-0.22670079499587703,0.390625,0.171875
880,oracle_nus_quality,0.06091274634130878,0.035910591318241834,0.90625,0.640625,1.0,1.0,0.75,0.953125,1.0,-0.06077683182452778,-0.29640542061349406,0.390625,0.359375
881,baseline_first,0.1798846117811812,0.09462562846513758,0.34375,0.203125,0.78125,1.0,0.75,1.0,1.0,0.0,0.0,0.0,0.0
881,oracle_min_ehull,0.05430242734622802,0.013110594343142927,0.90625,0.46875,1.0,1.0,0.53125,0.921875,1.0,-0.12558218443495317,-0.8614477435362747,0.5625,0.265625
881,oracle_min_rmsd,0.08161403869807998,0.006148677211987289,0.71875,0.265625,1.0,1.0,0.5,0.921875,1.0,-0.09827057308310122,-0.9350210158524589,0.375,0.0625
881,oracle_stable_quality,0.05430242734622802,0.013110594343142927,0.90625,0.46875,1.0,1.0,0.53125,0.921875,1.0,-0.12558218443495317,-0.8614477435362747,0.5625,0.265625
881,oracle_nus_quality,0.06313805919970089,0.027058596575568823,0.90625,0.671875,1.0,1.0,0.78125,0.984375,1.0,-0.11674655258148031,-0.7140457927258271,0.5625,0.46875
882,baseline_first,0.14773081869743304,0.07579078429363789,0.375,0.109375,0.859375,1.0,0.703125,0.90625,1.0,0.0,0.0,0.0,0.0
882,oracle_min_ehull,0.05651695479814807,0.03125178586447559,0.875,0.453125,1.0,1.0,0.578125,0.90625,1.0,-0.09121386389928497,-0.5876571781683098,0.5,0.34375
882,oracle_min_rmsd,0.09430248147728817,0.008173027334291426,0.625,0.25,1.0,1.0,0.5625,0.953125,1.0,-0.05342833722014487,-0.8921633096891242,0.25,0.140625
882,oracle_stable_quality,0.05651695479814807,0.03125178586447559,0.875,0.453125,1.0,1.0,0.578125,0.90625,1.0,-0.09121386389928497,-0.5876571781683098,0.5,0.34375
882,oracle_nus_quality,0.06530979751652852,0.02563405943910442,0.875,0.65625,1.0,1.0,0.78125,0.96875,1.0,-0.08242102118090452,-0.6617786756264479,0.5,0.546875
883,baseline_first,0.14989123834308066,0.0607747879543138,0.296875,0.203125,0.78125,1.0,0.8125,0.96875,1.0,0.0,0.0,0.0,0.0
883,oracle_min_ehull,0.05847536432845851,0.04155726601724062,0.84375,0.421875,1.0,1.0,0.5625,0.9375,1.0,-0.09141587401462214,-0.31620878630657756,0.546875,0.21875
883,oracle_min_rmsd,0.09721734479005575,0.007576578761599322,0.609375,0.234375,1.0,1.0,0.546875,0.90625,1.0,-0.0526738935530249,-0.8753335220635429,0.3125,0.03125
883,oracle_stable_quality,0.05847536432845851,0.04155726601724062,0.84375,0.421875,1.0,1.0,0.5625,0.9375,1.0,-0.09141587401462214,-0.31620878630657756,0.546875,0.21875
883,oracle_nus_quality,0.06479883136904326,0.04852904313219103,0.84375,0.609375,1.0,1.0,0.78125,0.96875,1.0,-0.0850924069740374,-0.20149383048984482,0.546875,0.40625
884,baseline_first,0.12352996605746197,0.06469175539264399,0.5,0.296875,0.890625,1.0,0.75,0.953125,1.0,0.0,0.0,0.0,0.0
884,oracle_min_ehull,0.05906547080801838,0.030906693730271745,0.859375,0.421875,1.0,1.0,0.546875,0.890625,1.0,-0.06446449524944359,-0.5222467910681228,0.359375,0.125
884,oracle_min_rmsd,0.10244035558051415,0.006488507923841017,0.640625,0.28125,1.0,1.0,0.59375,0.96875,1.0,-0.021089610476947823,-0.8997011615396849,0.140625,-0.015625
884,oracle_stable_quality,0.05906547080801838,0.030906693730271745,0.859375,0.421875,1.0,1.0,0.546875,0.890625,1.0,-0.06446449524944359,-0.5222467910681228,0.359375,0.125
884,oracle_nus_quality,0.07027065619670478,0.05213083745427375,0.859375,0.640625,1.0,1.0,0.78125,0.96875,1.0,-0.05325930986075719,-0.19416566859458761,0.359375,0.34375
885,baseline_first,0.15353491977635694,0.06507461506328498,0.34375,0.203125,0.875,1.0,0.765625,0.953125,1.0,0.0,0.0,0.0,0.0
885,oracle_min_ehull,0.0564124164234237,0.04405269717607156,0.890625,0.484375,1.0,1.0,0.578125,0.953125,1.0,-0.09712250335293324,-0.32304329217728955,0.546875,0.28125
885,oracle_min_rmsd,0.09873915281754253,0.00664656433710059,0.609375,0.265625,1.0,1.0,0.578125,0.90625,1.0,-0.05479576695881441,-0.8978624102403554,0.265625,0.0625
885,oracle_stable_quality,0.0564124164234237,0.04405269717607156,0.890625,0.484375,1.0,1.0,0.578125,0.953125,1.0,-0.09712250335293324,-0.32304329217728955,0.546875,0.28125
885,oracle_nus_quality,0.06094571269043385,0.04516397984888641,0.890625,0.625,1.0,1.0,0.734375,0.984375,1.0,-0.0925892070859231,-0.30596623883269225,0.546875,0.421875
886,baseline_first,0.13472173509333604,0.03730477043159014,0.515625,0.265625,0.84375,1.0,0.6875,0.96875,1.0,0.0,0.0,0.0,0.0
886,oracle_min_ehull,0.05745607850689215,0.042246150404146025,0.859375,0.484375,1.0,1.0,0.640625,0.953125,1.0,-0.0772656565864439,0.13245973411409784,0.34375,0.21875
886,oracle_min_rmsd,0.10133273961230108,0.006431750057578001,0.546875,0.25,1.0,1.0,0.578125,0.9375,1.0,-0.033388995481034967,-0.8275890728406274,0.03125,-0.015625
886,oracle_stable_quality,0.05745607850689215,0.042246150404146025,0.859375,0.484375,1.0,1.0,0.640625,0.953125,1.0,-0.0772656565864439,0.13245973411409784,0.34375,0.21875
886,oracle_nus_quality,0.0645496355667928,0.03771565813809165,0.859375,0.6875,1.0,1.0,0.828125,0.984375,1.0,-0.07017209952654324,0.01101434754182451,0.34375,0.421875
887,baseline_first,0.15521597863187872,0.05304190745114487,0.390625,0.203125,0.796875,1.0,0.734375,0.984375,1.0,0.0,0.0,0.0,0.0
887,oracle_min_ehull,0.06469539748587158,0.02532146064489508,0.859375,0.46875,1.0,1.0,0.578125,0.953125,1.0,-0.09052058114600714,-0.522614063828345,0.46875,0.265625
887,oracle_min_rmsd,0.09319633314377149,0.00571639551219179,0.59375,0.1875,1.0,1.0,0.5,0.953125,1.0,-0.06201964548810723,-0.8922286963858347,0.203125,-0.015625
887,oracle_stable_quality,0.06469539748587158,0.02532146064489508,0.859375,0.46875,1.0,1.0,0.578125,0.953125,1.0,-0.09052058114600714,-0.522614063828345,0.46875,0.265625
887,oracle_nus_quality,0.07172992322937945,0.03784351468370874,0.859375,0.640625,1.0,1.0,0.765625,0.96875,1.0,-0.08348605540249927,-0.28653556212010034,0.46875,0.4375
888,baseline_first,0.13073328480161922,0.04415973210688046,0.484375,0.328125,0.828125,1.0,0.796875,0.96875,1.0,0.0,0.0,0.0,0.0
888,oracle_min_ehull,0.06472832102747064,0.03214147208127072,0.875,0.46875,1.0,1.0,0.609375,0.90625,1.0,-0.06600496377414858,-0.2721542783937586,0.390625,0.140625
888,oracle_min_rmsd,0.10395312224258782,0.00700144102842206,0.671875,0.296875,1.0,1.0,0.5625,0.921875,1.0,-0.0267801625590314,-0.8414519134428541,0.1875,-0.03125
888,oracle_stable_quality,0.06472832102747064,0.03214147208127072,0.875,0.46875,1.0,1.0,0.609375,0.90625,1.0,-0.06600496377414858,-0.2721542783937586,0.390625,0.140625
888,oracle_nus_quality,0.07008368493765246,0.02593633251961057,0.875,0.640625,1.0,1.0,0.78125,0.9375,1.0,-0.06064959986396676,-0.4126700665475852,0.390625,0.3125
889,baseline_first,0.1397318720590364,0.048043964417251554,0.421875,0.234375,0.828125,1.0,0.734375,0.953125,1.0,0.0,0.0,0.0,0.0
889,oracle_min_ehull,0.06488211846188577,0.02918630960646884,0.828125,0.453125,1.0,1.0,0.578125,0.90625,1.0,-0.07484975359715063,-0.39250830025199446,0.40625,0.21875
889,oracle_min_rmsd,0.09975718291961327,0.006070688262823304,0.609375,0.25,1.0,1.0,0.546875,0.90625,1.0,-0.03997468913942312,-0.8736430613822649,0.1875,0.015625
889,oracle_stable_quality,0.06488211846188577,0.02918630960646884,0.828125,0.453125,1.0,1.0,0.578125,0.90625,1.0,-0.07484975359715063,-0.39250830025199446,0.40625,0.21875
889,oracle_nus_quality,0.0736513079279672,0.024098320126670198,0.828125,0.59375,1.0,1.0,0.765625,0.96875,1.0,-0.06608056413106919,-0.4984110820376636,0.40625,0.359375
890,baseline_first,0.14411402070662552,0.05925272175791137,0.4375,0.21875,0.90625,1.0,0.75,0.953125,1.0,0.0,0.0,0.0,0.0
890,oracle_min_ehull,0.06088186480406038,0.05749795093489062,0.84375,0.453125,1.0,1.0,0.546875,0.9375,1.0,-0.08323215590256514,-0.02961502477793687,0.40625,0.234375
890,oracle_min_rmsd,0.10304035824317391,0.004250398710754822,0.546875,0.203125,1.0,1.0,0.5625,0.9375,1.0,-0.04107366246345161,-0.9282666081041702,0.109375,-0.015625
890,oracle_stable_quality,0.06088186480406038,0.05749795093489062,0.84375,0.453125,1.0,1.0,0.546875,0.9375,1.0,-0.08323215590256514,-0.02961502477793687,0.40625,0.234375
890,oracle_nus_quality,0.07019668415949275,0.06134057006444776,0.84375,0.578125,1.0,1.0,0.734375,0.984375,1.0,-0.07391733654713277,0.035236327456259486,0.40625,0.359375
891,baseline_first,0.13698117359991546,0.08054484143145701,0.34375,0.1875,0.84375,1.0,0.75,0.9375,1.0,0.0,0.0,0.0,0.0
891,oracle_min_ehull,0.06377217036661714,0.024961704391662332,0.8125,0.40625,1.0,1.0,0.546875,0.921875,1.0,-0.07320900323329832,-0.6900893471507479,0.46875,0.21875
891,oracle_min_rmsd,0.09437909551694132,0.005095031451141946,0.640625,0.234375,1.0,1.0,0.53125,0.921875,1.0,-0.04260207808297414,-0.9367429203336657,0.296875,0.046875
891,oracle_stable_quality,0.06377217036661714,0.024961704391662332,0.8125,0.40625,1.0,1.0,0.546875,0.921875,1.0,-0.07320900323329832,-0.6900893471507479,0.46875,0.21875
891,oracle_nus_quality,0.07091842848426963,0.03161216307111412,0.8125,0.53125,1.0,1.0,0.734375,0.953125,1.0,-0.06606274511564583,-0.6075209472227243,0.46875,0.34375
892,baseline_first,0.14375391606952959,0.05818409969362408,0.40625,0.203125,0.8125,1.0,0.734375,0.9375,1.0,0.0,0.0,0.0,0.0
892,oracle_min_ehull,0.060533630266150475,0.02969997387075942,0.875,0.5,1.0,1.0,0.59375,0.90625,1.0,-0.08322028580337912,-0.48955171555204113,0.46875,0.296875
892,oracle_min_rmsd,0.09823975163045112,0.006621427057340484,0.578125,0.234375,1.0,1.0,0.578125,0.890625,1.0,-0.045514164439078464,-0.8861986849980241,0.171875,0.03125
892,oracle_stable_quality,0.060533630266150475,0.02969997387075942,0.875,0.5,1.0,1.0,0.59375,0.90625,1.0,-0.08322028580337912,-0.48955171555204113,0.46875,0.296875
892,oracle_nus_quality,0.06787176945920728,0.023757150309663008,0.875,0.640625,1.0,1.0,0.78125,0.953125,1.0,-0.0758821466103223,-0.591689990310766,0.46875,0.4375
893,baseline_first,0.15750492738939026,0.046767446204799334,0.421875,0.1875,0.84375,1.0,0.6875,0.96875,1.0,0.0,0.0,0.0,0.0
893,oracle_min_ehull,0.06378579880089662,0.02318119112080467,0.84375,0.421875,1.0,1.0,0.53125,0.9375,1.0,-0.09371912858849364,-0.5043306187964185,0.421875,0.234375
893,oracle_min_rmsd,0.10144097950018416,0.006590350686690616,0.59375,0.21875,1.0,1.0,0.5,0.921875,1.0,-0.0560639478892061,-0.8590825195408188,0.171875,0.03125
893,oracle_stable_quality,0.06378579880089662,0.02318119112080467,0.84375,0.421875,1.0,1.0,0.53125,0.9375,1.0,-0.09371912858849364,-0.5043306187964185,0.421875,0.234375
893,oracle_nus_quality,0.07530208799753138,0.04846115753845534,0.84375,0.578125,1.0,1.0,0.734375,0.984375,1.0,-0.08220283939185888,0.036215604466386164,0.421875,0.390625
894,baseline_first,0.13922913224431632,0.10021950833873343,0.40625,0.171875,0.859375,1.0,0.734375,0.953125,1.0,0.0,0.0,0.0,0.0
894,oracle_min_ehull,0.06411259238513731,0.02482817975519265,0.828125,0.390625,1.0,1.0,0.546875,0.890625,1.0,-0.07511653985917902,-0.752262007998727,0.421875,0.21875
894,oracle_min_rmsd,0.10220858385221814,0.003820282463945572,0.59375,0.1875,1.0,1.0,0.5,0.890625,1.0,-0.03702054839209819,-0.9618808500732877,0.1875,0.015625
894,oracle_stable_quality,0.06411259238513731,0.02482817975519265,0.828125,0.390625,1.0,1.0,0.546875,0.890625,1.0,-0.07511653985917902,-0.752262007998727,0.421875,0.21875
894,oracle_nus_quality,0.0734399621725472,0.02942329734840659,0.828125,0.578125,1.0,1.0,0.75,0.953125,1.0,-0.06578917007176913,-0.7064114778037192,0.421875,0.40625
895,baseline_first,0.12920142285028938,0.08160378080915673,0.46875,0.234375,0.828125,1.0,0.6875,0.96875,1.0,0.0,0.0,0.0,0.0
895,oracle_min_ehull,0.06054597239553095,0.029861632651453654,0.84375,0.5,1.0,1.0,0.65625,0.921875,1.0,-0.06865545045475843,-0.6340655744702592,0.375,0.265625
895,oracle_min_rmsd,0.0976244012469058,0.006671636691872032,0.625,0.28125,1.0,1.0,0.578125,0.9375,1.0,-0.031577021603383576,-0.9182435344818801,0.15625,0.046875
895,oracle_stable_quality,0.06054597239553095,0.029861632651453654,0.84375,0.5,1.0,1.0,0.65625,0.921875,1.0,-0.06865545045475843,-0.6340655744702592,0.375,0.265625
895,oracle_nus_quality,0.06376863839257968,0.03197554028008592,0.84375,0.5625,1.0,1.0,0.734375,0.9375,1.0,-0.0654327844577097,-0.6081610439733699,0.375,0.328125
896,baseline_first,0.1374563765171421,0.07039542406748421,0.421875,0.28125,0.84375,1.0,0.75,1.0,1.0,0.0,0.0,0.0,0.0
896,oracle_min_ehull,0.05841896096496123,0.04190003183843628,0.890625,0.46875,1.0,1.0,0.5625,0.9375,1.0,-0.07903741555218087,-0.40479040515092246,0.46875,0.1875
896,oracle_min_rmsd,0.09696823794451168,0.006409941903849858,0.625,0.265625,1.0,1.0,0.578125,0.921875,1.0,-0.04048813857263042,-0.9089437702981233,0.203125,-0.015625
896,oracle_stable_quality,0.05841896096496123,0.04190003183843628,0.890625,0.46875,1.0,1.0,0.5625,0.9375,1.0,-0.07903741555218087,-0.40479040515092246,0.46875,0.1875
896,oracle_nus_quality,0.06298830375415797,0.044358442134384994,0.890625,0.59375,1.0,1.0,0.71875,0.953125,1.0,-0.07446807276298413,-0.3698675344030743,0.46875,0.3125
897,baseline_first,0.14832396802522324,0.10019687340743733,0.375,0.234375,0.875,1.0,0.78125,0.96875,1.0,0.0,0.0,0.0,0.0
897,oracle_min_ehull,0.06617201444465831,0.04464878962243201,0.8125,0.453125,1.0,1.0,0.609375,0.921875,1.0,-0.08215195358056493,-0.5543893925624443,0.4375,0.21875
897,oracle_min_rmsd,0.10729455312593113,0.008437748840779198,0.59375,0.25,1.0,1.0,0.59375,0.921875,1.0,-0.04102941489929211,-0.9157883020314596,0.21875,0.015625
897,oracle_stable_quality,0.06617201444465831,0.04464878962243201,0.8125,0.453125,1.0,1.0,0.609375,0.921875,1.0,-0.08215195358056493,-0.5543893925624443,0.4375,0.21875
897,oracle_nus_quality,0.0760718829593513,0.04715852567328917,0.8125,0.640625,1.0,1.0,0.828125,0.984375,1.0,-0.07225208506587194,-0.5293413449986082,0.4375,0.40625
898,baseline_first,0.14914520364165404,0.06692356761266124,0.359375,0.234375,0.859375,1.0,0.828125,0.96875,1.0,0.0,0.0,0.0,0.0
898,oracle_min_ehull,0.06158739057432766,0.020230428481184004,0.84375,0.484375,0.984375,1.0,0.609375,0.953125,1.0,-0.08755781306732638,-0.697708457530638,0.484375,0.25
898,oracle_min_rmsd,0.09405386549440672,0.0076080229179144475,0.65625,0.234375,0.984375,1.0,0.546875,0.90625,1.0,-0.055091338147247315,-0.8863177324623817,0.296875,0.0
898,oracle_stable_quality,0.06158739057432766,0.020230428481184004,0.84375,0.484375,0.984375,1.0,0.609375,0.953125,1.0,-0.08755781306732638,-0.697708457530638,0.484375,0.25
898,oracle_nus_quality,0.06842616981562377,0.023424013767892233,0.84375,0.609375,0.984375,1.0,0.78125,0.953125,1.0,-0.08071903382603027,-0.6499885675033761,0.484375,0.375
899,baseline_first,0.1416208988536079,0.06093554163664126,0.421875,0.25,0.90625,1.0,0.6875,0.984375,1.0,0.0,0.0,0.0,0.0
899,oracle_min_ehull,0.06867261212052071,0.03205240669432331,0.84375,0.5,1.0,1.0,0.65625,0.953125,1.0,-0.07294828673308719,-0.4739948832250993,0.421875,0.25
899,oracle_min_rmsd,0.1079246655818598,0.007944309268456318,0.5625,0.234375,1.0,1.0,0.578125,0.921875,1.0,-0.0336962332717481,-0.8696276580943804,0.140625,-0.015625
899,oracle_stable_quality,0.06867261212052071,0.03205240669432331,0.84375,0.5,1.0,1.0,0.65625,0.953125,1.0,-0.07294828673308719,-0.4739948832250993,0.421875,0.25
899,oracle_nus_quality,0.07334823936317882,0.04259104250158272,0.84375,0.640625,1.0,1.0,0.796875,0.96875,1.0,-0.06827265949042909,-0.3010476093647747,0.421875,0.390625
900,baseline_first,0.15844427708559336,0.06723206011877238,0.40625,0.21875,0.875,1.0,0.75,0.921875,1.0,0.0,0.0,0.0,0.0
900,oracle_min_ehull,0.06167621007538604,0.024843218726440835,0.78125,0.34375,1.0,1.0,0.515625,0.9375,1.0,-0.09676806701020732,-0.6304855349880292,0.375,0.125
900,oracle_min_rmsd,0.10087028909642701,0.005328359674189702,0.578125,0.234375,1.0,1.0,0.546875,0.96875,1.0,-0.05757398798916635,-0.9207467439674375,0.171875,0.015625
900,oracle_stable_quality,0.06167621007538604,0.024843218726440835,0.78125,0.34375,1.0,1.0,0.515625,0.9375,1.0,-0.09676806701020732,-0.6304855349880292,0.375,0.125
900,oracle_nus_quality,0.07319600458818003,0.02363734826999192,0.78125,0.546875,1.0,1.0,0.78125,0.953125,1.0,-0.08524827249741333,-0.6484214788564547,0.375,0.328125
901,baseline_first,0.14533170808457424,0.06633468906350257,0.40625,0.203125,0.875,1.0,0.75,0.953125,1.0,0.0,0.0,0.0,0.0
901,oracle_min_ehull,0.06053731268754567,0.03866812688976529,0.859375,0.40625,1.0,1.0,0.53125,0.921875,1.0,-0.08479439539702857,-0.41707532762009214,0.453125,0.203125
901,oracle_min_rmsd,0.09716170171998037,0.00609521225419743,0.625,0.28125,1.0,1.0,0.578125,0.96875,1.0,-0.04817000636459387,-0.9081142560514236,0.21875,0.078125
901,oracle_stable_quality,0.06053731268754567,0.03866812688976529,0.859375,0.40625,1.0,1.0,0.53125,0.921875,1.0,-0.08479439539702857,-0.41707532762009214,0.453125,0.203125
901,oracle_nus_quality,0.06987046263639939,0.04351544068706516,0.859375,0.625,1.0,1.0,0.78125,0.953125,1.0,-0.07546124544817485,-0.34400173873721507,0.453125,0.421875
902,baseline_first,0.13630019074343222,0.0742019487008638,0.40625,0.265625,0.828125,1.0,0.796875,0.9375,1.0,0.0,0.0,0.0,0.0
902,oracle_min_ehull,0.06525805284655518,0.044490087653055704,0.84375,0.40625,1.0,1.0,0.546875,0.921875,1.0,-0.07104213789687704,-0.4004188780484442,0.4375,0.140625
902,oracle_min_rmsd,0.10705442210858462,0.008037172187330823,0.546875,0.265625,1.0,1.0,0.625,0.9375,1.0,-0.029245768634847596,-0.8916851601872113,0.140625,0.0
902,oracle_stable_quality,0.06525805284655518,0.044490087653055704,0.84375,0.40625,1.0,1.0,0.546875,0.921875,1.0,-0.07104213789687704,-0.4004188780484442,0.4375,0.140625
902,oracle_nus_quality,0.07333394364380472,0.03835248652918803,0.84375,0.578125,1.0,1.0,0.734375,0.96875,1.0,-0.0629662470996275,-0.4831337020028753,0.4375,0.3125
903,baseline_first,0.13674922563906589,0.04265337880797086,0.421875,0.265625,0.890625,1.0,0.734375,0.984375,1.0,0.0,0.0,0.0,0.0
903,oracle_min_ehull,0.06006626849041378,0.02383320901427321,0.84375,0.4375,1.0,1.0,0.546875,0.9375,1.0,-0.07668295714865211,-0.44123514524904717,0.421875,0.171875
903,oracle_min_rmsd,0.10969119036402285,0.005663312133933098,0.546875,0.203125,1.0,1.0,0.53125,0.90625,1.0,-0.027058035275043038,-0.8672247711153245,0.125,-0.0625
903,oracle_stable_quality,0.06006626849041378,0.02383320901427321,0.84375,0.4375,1.0,1.0,0.546875,0.9375,1.0,-0.07668295714865211,-0.44123514524904717,0.421875,0.171875
903,oracle_nus_quality,0.06692348811072543,0.044822322825468275,0.84375,0.5625,1.0,1.0,0.71875,0.953125,1.0,-0.06982573752834045,0.05085046198244192,0.421875,0.296875
904,baseline_first,0.15846558043024173,0.06325505809643184,0.21875,0.109375,0.796875,1.0,0.796875,0.953125,1.0,0.0,0.0,0.0,0.0
904,oracle_min_ehull,0.0630047060708077,0.04645683699458998,0.828125,0.40625,1.0,1.0,0.5625,0.90625,1.0,-0.09546087435943403,-0.2655632862787526,0.609375,0.296875
904,oracle_min_rmsd,0.09434046356744644,0.0047005824036237265,0.609375,0.265625,1.0,1.0,0.578125,0.921875,1.0,-0.06412511686279529,-0.9256884343310898,0.390625,0.15625
904,oracle_stable_quality,0.0630047060708077,0.04645683699458998,0.828125,0.40625,1.0,1.0,0.5625,0.90625,1.0,-0.09546087435943403,-0.2655632862787526,0.609375,0.296875
904,oracle_nus_quality,0.06584581460778342,0.042201146659591834,0.828125,0.546875,1.0,1.0,0.703125,0.96875,1.0,-0.0926197658224583,-0.3328415477026909,0.609375,0.4375
905,baseline_first,0.15453449902346428,0.06101356513702483,0.375,0.171875,0.859375,1.0,0.75,0.953125,1.0,0.0,0.0,0.0,0.0
905,oracle_min_ehull,0.05581351616233264,0.022026626837089322,0.84375,0.453125,1.0,1.0,0.53125,0.921875,1.0,-0.09872098286113164,-0.6389880383547213,0.46875,0.28125
905,oracle_min_rmsd,0.09838592234719734,0.005854981328820797,0.578125,0.234375,1.0,1.0,0.578125,0.921875,1.0,-0.05614857667626694,-0.9040380394807019,0.203125,0.0625
905,oracle_stable_quality,0.05581351616233264,0.022026626837089322,0.84375,0.453125,1.0,1.0,0.53125,0.921875,1.0,-0.09872098286113164,-0.6389880383547213,0.46875,0.28125
905,oracle_nus_quality,0.06390027719603113,0.02322568613497461,0.84375,0.59375,1.0,1.0,0.75,0.9375,1.0,-0.09063422182743315,-0.619335698826742,0.46875,0.421875
906,baseline_first,0.1454122227481422,0.03845793450071479,0.46875,0.234375,0.875,1.0,0.703125,0.953125,1.0,0.0,0.0,0.0,0.0
906,oracle_min_ehull,0.06507174810167032,0.041511662504460325,0.8125,0.390625,1.0,1.0,0.53125,0.921875,1.0,-0.08034047464647187,0.079404368523452,0.34375,0.15625
906,oracle_min_rmsd,0.10301884602967112,0.005716562831844151,0.59375,0.28125,1.0,1.0,0.59375,0.921875,1.0,-0.04239337671847107,-0.8513554379334152,0.125,0.046875
906,oracle_stable_quality,0.06507174810167032,0.041511662504460325,0.8125,0.390625,1.0,1.0,0.53125,0.921875,1.0,-0.08034047464647187,0.079404368523452,0.34375,0.15625
906,oracle_nus_quality,0.07430405233903906,0.05821396833588032,0.8125,0.59375,1.0,1.0,0.78125,0.96875,1.0,-0.07110817040910314,0.5137050154058156,0.34375,0.359375
907,baseline_first,0.15656980497246506,0.050191915387841624,0.375,0.203125,0.890625,1.0,0.75,0.96875,1.0,0.0,0.0,0.0,0.0
907,oracle_min_ehull,0.06025019718991144,0.02486532667522103,0.84375,0.40625,1.0,1.0,0.515625,0.9375,1.0,-0.09631960778255362,-0.504594983413517,0.46875,0.203125
907,oracle_min_rmsd,0.10258984462387843,0.007323595290514708,0.578125,0.234375,1.0,1.0,0.5625,0.921875,1.0,-0.053979960348586625,-0.8540881487800571,0.203125,0.03125
907,oracle_stable_quality,0.06025019718991144,0.02486532667522103,0.84375,0.40625,1.0,1.0,0.515625,0.9375,1.0,-0.09631960778255362,-0.504594983413517,0.46875,0.203125
907,oracle_nus_quality,0.06782859501375928,0.026800961197987725,0.84375,0.546875,1.0,1.0,0.703125,0.9375,1.0,-0.08874120995870578,-0.46603031602017864,0.46875,0.34375
908,baseline_first,0.13765902906358374,0.06659751821699672,0.390625,0.15625,0.84375,1.0,0.671875,0.953125,1.0,0.0,0.0,0.0,0.0
908,oracle_min_ehull,0.06152357431505317,0.030383570088804438,0.8125,0.4375,1.0,1.0,0.609375,0.96875,1.0,-0.07613545474853056,-0.5437732380686511,0.421875,0.28125
908,oracle_min_rmsd,0.0993473686515454,0.0067866015082194186,0.609375,0.265625,1.0,1.0,0.59375,0.9375,1.0,-0.03831166041203833,-0.8980952790747182,0.21875,0.109375
908,oracle_stable_quality,0.06152357431505317,0.030383570088804438,0.8125,0.4375,1.0,1.0,0.609375,0.96875,1.0,-0.07613545474853056,-0.5437732380686511,0.421875,0.28125
908,oracle_nus_quality,0.07066059583899648,0.05351116246575341,0.8125,0.671875,1.0,1.0,0.859375,1.0,1.0,-0.06699843322458726,-0.19649915044286848,0.421875,0.515625
909,baseline_first,0.13817853064895916,0.05264962837457254,0.421875,0.25,0.859375,1.0,0.75,0.96875,1.0,0.0,0.0,0.0,0.0
909,oracle_min_ehull,0.057082995968946684,0.016750345430707112,0.90625,0.484375,1.0,1.0,0.5625,0.9375,1.0,-0.08109553468001247,-0.6818525420248399,0.484375,0.234375
909,oracle_min_rmsd,0.1029849500168368,0.005094379065800538,0.609375,0.25,1.0,1.0,0.546875,0.9375,1.0,-0.03519358063212236,-0.9032399805454107,0.1875,0.0
909,oracle_stable_quality,0.057082995968946684,0.016750345430707112,0.90625,0.484375,1.0,1.0,0.5625,0.9375,1.0,-0.08109553468001247,-0.6818525420248399,0.484375,0.234375
909,oracle_nus_quality,0.06463443377003138,0.021744696494147873,0.90625,0.625,1.0,1.0,0.71875,0.953125,1.0,-0.07354409687892778,-0.586992403071745,0.484375,0.375
910,baseline_first,0.13866149277580855,0.09572710007692956,0.40625,0.234375,0.828125,1.0,0.75,0.953125,1.0,0.0,0.0,0.0,0.0
910,oracle_min_ehull,0.06251374398483389,0.05143208575996573,0.828125,0.5,1.0,1.0,0.609375,0.921875,1.0,-0.07614774879097466,-0.46272178182945944,0.421875,0.265625
910,oracle_min_rmsd,0.0999386679945516,0.009566823212102425,0.59375,0.21875,1.0,1.0,0.515625,0.90625,1.0,-0.03872282478125695,-0.9000614956014107,0.1875,-0.015625
910,oracle_stable_quality,0.06251374398483389,0.05143208575996573,0.828125,0.5,1.0,1.0,0.609375,0.921875,1.0,-0.07614774879097466,-0.46272178182945944,0.421875,0.265625
910,oracle_nus_quality,0.07366830372030791,0.04787987859447042,0.828125,0.65625,1.0,1.0,0.828125,0.9375,1.0,-0.06499318905550064,-0.49982942598289803,0.421875,0.421875
911,baseline_first,0.14354474673147655,0.0533519432834261,0.46875,0.21875,0.84375,1.0,0.6875,0.953125,1.0,0.0,0.0,0.0,0.0
911,oracle_min_ehull,0.0593457266896273,0.021140827710768712,0.875,0.4375,1.0,1.0,0.5625,0.9375,1.0,-0.08419902004184925,-0.603747747322708,0.40625,0.21875
911,oracle_min_rmsd,0.08825392882166119,0.006096732746034629,0.65625,0.234375,1.0,1.0,0.484375,0.921875,1.0,-0.055290817909815354,-0.885726135341567,0.1875,0.015625
911,oracle_stable_quality,0.0593457266896273,0.021140827710768712,0.875,0.4375,1.0,1.0,0.5625,0.9375,1.0,-0.08419902004184925,-0.603747747322708,0.40625,0.21875
911,oracle_nus_quality,0.06715315753684996,0.027456413585379435,0.875,0.65625,1.0,1.0,0.78125,0.96875,1.0,-0.07639158919462659,-0.48537181786387096,0.40625,0.4375
912,baseline_first,0.14301945327179993,0.04588592888822125,0.453125,0.234375,0.859375,1.0,0.65625,0.921875,1.0,0.0,0.0,0.0,0.0
912,oracle_min_ehull,0.06041844777369536,0.021019427276370253,0.859375,0.453125,1.0,1.0,0.546875,0.921875,1.0,-0.08260100549810458,-0.5419199788332962,0.40625,0.21875
912,oracle_min_rmsd,0.10830082170098787,0.005950554801687033,0.625,0.21875,1.0,1.0,0.515625,0.890625,1.0,-0.034718631570812064,-0.8703185280136169,0.171875,-0.015625
912,oracle_stable_quality,0.06041844777369536,0.021019427276370253,0.859375,0.453125,1.0,1.0,0.546875,0.921875,1.0,-0.08260100549810458,-0.5419199788332962,0.40625,0.21875
912,oracle_nus_quality,0.06541011125885311,0.04431325206014069,0.859375,0.59375,1.0,1.0,0.734375,0.96875,1.0,-0.07760934201294682,-0.03427361864922962,0.40625,0.359375
913,baseline_first,0.16137156825278345,0.08034893233236699,0.34375,0.171875,0.859375,1.0,0.734375,0.953125,1.0,0.0,0.0,0.0,0.0
913,oracle_min_ehull,0.06176701392491214,0.05147776888454727,0.84375,0.453125,1.0,1.0,0.546875,0.96875,1.0,-0.09960455432787131,-0.3593223034799373,0.5,0.28125
913,oracle_min_rmsd,0.1068323586257442,0.006481254977521559,0.59375,0.25,1.0,1.0,0.578125,0.90625,1.0,-0.05453920962703926,-0.9193361406382906,0.25,0.078125
913,oracle_stable_quality,0.06176701392491214,0.05147776888454727,0.84375,0.453125,1.0,1.0,0.546875,0.96875,1.0,-0.09960455432787131,-0.3593223034799373,0.5,0.28125
913,oracle_nus_quality,0.07041249452144564,0.04700294679274053,0.84375,0.59375,1.0,1.0,0.734375,0.96875,1.0,-0.09095907373133781,-0.4150146687909839,0.5,0.421875
914,baseline_first,0.16626044085142894,0.07433808623626253,0.375,0.203125,0.890625,1.0,0.78125,1.0,1.0,0.0,0.0,0.0,0.0
914,oracle_min_ehull,0.06138517097422626,0.019422913808639284,0.84375,0.453125,1.0,1.0,0.59375,0.921875,1.0,-0.10487526987720268,-0.7387219016251096,0.46875,0.25
914,oracle_min_rmsd,0.10938456445700995,0.006967882281352795,0.578125,0.203125,1.0,1.0,0.53125,0.9375,1.0,-0.05687587639441899,-0.906267666627745,0.203125,0.0
914,oracle_stable_quality,0.06138517097422626,0.019422913808639284,0.84375,0.453125,1.0,1.0,0.59375,0.921875,1.0,-0.10487526987720268,-0.7387219016251096,0.46875,0.25
914,oracle_nus_quality,0.06813225921151832,0.029314672433835343,0.84375,0.65625,1.0,1.0,0.796875,0.953125,1.0,-0.09812818163991062,-0.6056574238316148,0.46875,0.453125
915,baseline_first,0.15577644928014667,0.0589875627505183,0.359375,0.21875,0.828125,1.0,0.75,0.96875,1.0,0.0,0.0,0.0,0.0
915,oracle_min_ehull,0.06273045170373238,0.04661876639534518,0.875,0.4375,1.0,1.0,0.546875,0.90625,1.0,-0.09304599757641428,-0.2096848179248505,0.515625,0.21875
915,oracle_min_rmsd,0.0952907695643873,0.01226784535502605,0.609375,0.21875,1.0,1.0,0.515625,0.875,1.0,-0.06048567971575937,-0.7920265767393779,0.25,0.0
915,oracle_stable_quality,0.06273045170373238,0.04661876639534518,0.875,0.4375,1.0,1.0,0.546875,0.90625,1.0,-0.09304599757641428,-0.2096848179248505,0.515625,0.21875
915,oracle_nus_quality,0.06791845624813934,0.04834797157675838,0.875,0.578125,1.0,1.0,0.71875,0.953125,1.0,-0.08785799303200732,-0.180370075955824,0.515625,0.359375
916,baseline_first,0.1303100947904257,0.03381027070243778,0.484375,0.3125,0.828125,1.0,0.796875,0.96875,1.0,0.0,0.0,0.0,0.0
916,oracle_min_ehull,0.056501133263203045,0.04314717670070119,0.890625,0.4375,1.0,1.0,0.53125,0.921875,1.0,-0.07380896152722266,0.2761559077842639,0.40625,0.125
916,oracle_min_rmsd,0.104125336229481,0.007081174439594135,0.578125,0.25,1.0,1.0,0.59375,0.921875,1.0,-0.02618475856094471,-0.7905614390989313,0.09375,-0.0625
916,oracle_stable_quality,0.056501133263203045,0.04314717670070119,0.890625,0.4375,1.0,1.0,0.53125,0.921875,1.0,-0.07380896152722266,0.2761559077842639,0.40625,0.125
916,oracle_nus_quality,0.061874352944024845,0.046527401474926774,0.890625,0.59375,1.0,1.0,0.703125,0.96875,1.0,-0.06843574184640086,0.3761321784262457,0.40625,0.28125
917,baseline_first,0.11972620961281172,0.06658376144531457,0.484375,0.234375,0.8125,1.0,0.6875,0.96875,1.0,0.0,0.0,0.0,0.0
917,oracle_min_ehull,0.057853059585836,0.02637235364090012,0.890625,0.4375,1.0,1.0,0.546875,0.953125,1.0,-0.061873150026975715,-0.6039221415485845,0.40625,0.203125
917,oracle_min_rmsd,0.09137264582329926,0.005127481953213455,0.6875,0.25,1.0,1.0,0.5,0.90625,1.0,-0.028353563789512454,-0.9229920052290126,0.203125,0.015625
917,oracle_stable_quality,0.057853059585836,0.02637235364090012,0.890625,0.4375,1.0,1.0,0.546875,0.953125,1.0,-0.061873150026975715,-0.6039221415485845,0.40625,0.203125
917,oracle_nus_quality,0.06341599521930957,0.03973556419358803,0.890625,0.625,1.0,1.0,0.734375,0.96875,1.0,-0.056310214393502145,-0.40322439989781955,0.40625,0.390625
918,baseline_first,0.1428259017141178,0.0472398786749294,0.421875,0.21875,0.859375,1.0,0.765625,0.96875,1.0,0.0,0.0,0.0,0.0
918,oracle_min_ehull,0.061977336257132074,0.021084179794370862,0.84375,0.4375,1.0,1.0,0.578125,0.921875,1.0,-0.08084856545698572,-0.5536783669692105,0.421875,0.21875
918,oracle_min_rmsd,0.0999962684261956,0.005134631857202308,0.625,0.203125,1.0,1.0,0.515625,0.890625,1.0,-0.04282963328792219,-0.8913072598569712,0.203125,-0.015625
918,oracle_stable_quality,0.061977336257132074,0.021084179794370862,0.84375,0.4375,1.0,1.0,0.578125,0.921875,1.0,-0.08084856545698572,-0.5536783669692105,0.421875,0.21875
918,oracle_nus_quality,0.07042055192122512,0.019781020263217174,0.84375,0.6875,1.0,1.0,0.859375,0.96875,1.0,-0.07240534979289268,-0.5812643720079,0.421875,0.46875
919,baseline_first,0.13291152472282952,0.08959054055846916,0.421875,0.28125,0.859375,1.0,0.796875,0.96875,1.0,0.0,0.0,0.0,0.0
919,oracle_min_ehull,0.05452684265840072,0.0338270055807509,0.890625,0.484375,1.0,1.0,0.578125,0.9375,1.0,-0.0783846820644288,-0.6224265935902631,0.46875,0.203125
919,oracle_min_rmsd,0.09026531016953965,0.007171830539097203,0.640625,0.296875,1.0,1.0,0.578125,0.953125,1.0,-0.042646214553289874,-0.9199487971119376,0.21875,0.015625
919,oracle_stable_quality,0.05452684265840072,0.0338270055807509,0.890625,0.484375,1.0,1.0,0.578125,0.9375,1.0,-0.0783846820644288,-0.6224265935902631,0.46875,0.203125
919,oracle_nus_quality,0.0659426696268793,0.037670122155583116,0.890625,0.65625,1.0,1.0,0.765625,0.953125,1.0,-0.06696885509595023,-0.5795301387762182,0.46875,0.375
920,baseline_first,0.1290859356630913,0.040521692399783524,0.46875,0.265625,0.78125,1.0,0.75,0.9375,1.0,0.0,0.0,0.0,0.0
920,oracle_min_ehull,0.06352996828617187,0.035071714443323715,0.8125,0.34375,1.0,1.0,0.5,0.90625,1.0,-0.06555596737691942,-0.13449531926482228,0.34375,0.078125
920,oracle_min_rmsd,0.1019112807432118,0.009270301483857997,0.546875,0.203125,1.0,1.0,0.5625,0.921875,1.0,-0.027174654919879485,-0.771226201699623,0.078125,-0.0625
920,oracle_stable_quality,0.06352996828617187,0.035071714443323715,0.8125,0.34375,1.0,1.0,0.5,0.90625,1.0,-0.06555596737691942,-0.13449531926482228,0.34375,0.078125
920,oracle_nus_quality,0.07644755666966048,0.05164748013275377,0.8125,0.640625,1.0,1.0,0.828125,0.984375,1.0,-0.05263837899343081,0.274563747812016,0.34375,0.375
921,baseline_first,0.13457338487537257,0.04074223643156003,0.4375,0.234375,0.875,1.0,0.703125,0.96875,1.0,0.0,0.0,0.0,0.0
921,oracle_min_ehull,0.0565126381137145,0.04051725308726854,0.90625,0.484375,1.0,1.0,0.546875,0.9375,1.0,-0.07806074676165807,-0.005522115720609122,0.46875,0.25
921,oracle_min_rmsd,0.09957287662931474,0.00731462040402014,0.609375,0.234375,1.0,1.0,0.5,0.9375,1.0,-0.035000508246057827,-0.8204659084852288,0.171875,0.0
921,oracle_stable_quality,0.0565126381137145,0.04051725308726854,0.90625,0.484375,1.0,1.0,0.546875,0.9375,1.0,-0.07806074676165807,-0.005522115720609122,0.46875,0.25
921,oracle_nus_quality,0.06710410162731956,0.036204982313742015,0.90625,0.671875,1.0,1.0,0.765625,0.96875,1.0,-0.06746928324805301,-0.11136487623696911,0.46875,0.4375
922,baseline_first,0.13553094366710977,0.08038041110624336,0.4375,0.296875,0.890625,1.0,0.796875,0.953125,1.0,0.0,0.0,0.0,0.0
922,oracle_min_ehull,0.05813748072411344,0.026110621207684356,0.84375,0.40625,1.0,1.0,0.515625,0.90625,1.0,-0.07739346294299633,-0.6751618852362864,0.40625,0.109375
922,oracle_min_rmsd,0.10506650522992134,0.005946315281477003,0.59375,0.171875,1.0,1.0,0.484375,0.875,1.0,-0.030464438437188435,-0.926022830691704,0.15625,-0.125
922,oracle_stable_quality,0.05813748072411344,0.026110621207684356,0.84375,0.40625,1.0,1.0,0.515625,0.90625,1.0,-0.07739346294299633,-0.6751618852362864,0.40625,0.109375
922,oracle_nus_quality,0.06823329836406622,0.044846380221738466,0.84375,0.609375,1.0,1.0,0.765625,0.9375,1.0,-0.06729764530304355,-0.442073266302875,0.40625,0.3125
923,baseline_first,0.14066082911016264,0.061128452658125054,0.484375,0.203125,0.84375,1.0,0.671875,0.9375,1.0,0.0,0.0,0.0,0.0
923,oracle_min_ehull,0.0616540813774981,0.03603492096052202,0.90625,0.53125,1.0,1.0,0.640625,0.9375,1.0,-0.07900674773266454,-0.41050493847675795,0.421875,0.328125
923,oracle_min_rmsd,0.10255264070881465,0.012651159296518846,0.609375,0.265625,1.0,1.0,0.609375,0.9375,1.0,-0.038108188401348,-0.7930397589601463,0.125,0.0625
923,oracle_stable_quality,0.0616540813774981,0.03603492096052202,0.90625,0.53125,1.0,1.0,0.640625,0.9375,1.0,-0.07900674773266454,-0.41050493847675795,0.421875,0.328125
923,oracle_nus_quality,0.06478623314360281,0.039234163918572686,0.90625,0.65625,1.0,1.0,0.765625,0.9375,1.0,-0.07587459596655984,-0.35816854161189415,0.421875,0.453125
924,baseline_first,0.14985208010060264,0.0891212441728738,0.359375,0.21875,0.78125,1.0,0.765625,0.96875,1.0,0.0,0.0,0.0,0.0
924,oracle_min_ehull,0.058670051226305725,0.05389637029969854,0.890625,0.453125,1.0,1.0,0.5625,0.90625,1.0,-0.09118202887429691,-0.39524665751801524,0.53125,0.234375
924,oracle_min_rmsd,0.09410709877336121,0.01246075969400587,0.609375,0.25,1.0,1.0,0.546875,0.921875,1.0,-0.05574498132724143,-0.8601819374308219,0.25,0.03125
924,oracle_stable_quality,0.058670051226305725,0.05389637029969854,0.890625,0.453125,1.0,1.0,0.5625,0.90625,1.0,-0.09118202887429691,-0.39524665751801524,0.53125,0.234375
924,oracle_nus_quality,0.06513364545739643,0.05058222772569758,0.890625,0.6875,1.0,1.0,0.78125,0.96875,1.0,-0.0847184346432062,-0.43243355503901837,0.53125,0.46875
925,baseline_first,0.13563469494347546,0.08326462581055419,0.40625,0.203125,0.8125,1.0,0.6875,0.953125,1.0,0.0,0.0,0.0,0.0
925,oracle_min_ehull,0.06216419149858299,0.04383132606120324,0.84375,0.46875,1.0,1.0,0.578125,0.921875,1.0,-0.07347050344489248,-0.4735900673963347,0.4375,0.265625
925,oracle_min_rmsd,0.09837026239708477,0.007920886917603091,0.640625,0.21875,1.0,1.0,0.5,0.921875,1.0,-0.0372644325463907,-0.9048709239908806,0.234375,0.015625
925,oracle_stable_quality,0.06216419149858299,0.04383132606120324,0.84375,0.46875,1.0,1.0,0.578125,0.921875,1.0,-0.07347050344489248,-0.4735900673963347,0.4375,0.265625
925,oracle_nus_quality,0.06838591840190603,0.045301113401321244,0.84375,0.59375,1.0,1.0,0.75,0.953125,1.0,-0.06724877654156944,-0.4559380654109766,0.4375,0.390625
926,baseline_first,0.14574804023683896,0.07840408786719415,0.4375,0.28125,0.859375,1.0,0.8125,0.984375,1.0,0.0,0.0,0.0,0.0
926,oracle_min_ehull,0.060450562926052435,0.06050853666644311,0.859375,0.4375,0.984375,1.0,0.546875,0.921875,1.0,-0.08529747731078652,-0.22824768054267353,0.421875,0.15625
926,oracle_min_rmsd,0.10869884924643039,0.024736177730174235,0.546875,0.21875,0.984375,1.0,0.578125,0.90625,1.0,-0.03704919099040857,-0.6845039792813615,0.109375,-0.0625
926,oracle_stable_quality,0.060450562926052435,0.06050853666644311,0.859375,0.4375,0.984375,1.0,0.546875,0.921875,1.0,-0.08529747731078652,-0.22824768054267353,0.421875,0.15625
926,oracle_nus_quality,0.07067820906142705,0.0747753971531753,0.859375,0.65625,0.984375,1.0,0.796875,0.984375,1.0,-0.07506983117541191,-0.04628190713940017,0.421875,0.375
927,baseline_first,0.1566175005082402,0.05017892944650697,0.375,0.171875,0.828125,1.0,0.765625,0.953125,1.0,0.0,0.0,0.0,0.0
927,oracle_min_ehull,0.06562831675823878,0.026467364396494705,0.765625,0.40625,1.0,1.0,0.59375,0.9375,1.0,-0.09098918375000141,-0.4725402736080664,0.390625,0.234375
927,oracle_min_rmsd,0.10595617132364696,0.006904666701467303,0.53125,0.203125,1.0,1.0,0.546875,0.9375,1.0,-0.050661329184593235,-0.8623990830886898,0.15625,0.03125
927,oracle_stable_quality,0.06562831675823878,0.026467364396494705,0.765625,0.40625,1.0,1.0,0.59375,0.9375,1.0,-0.09098918375000141,-0.4725402736080664,0.390625,0.234375
927,oracle_nus_quality,0.07831538803001467,0.029534265770222577,0.765625,0.578125,1.0,1.0,0.8125,0.96875,1.0,-0.07830211247822552,-0.4114209670075274,0.390625,0.40625
928,baseline_first,0.15148002117700468,0.09218992246249136,0.375,0.1875,0.78125,1.0,0.734375,0.96875,1.0,0.0,0.0,0.0,0.0
928,oracle_min_ehull,0.06363004817754227,0.022636170253110897,0.859375,0.421875,1.0,1.0,0.5625,0.921875,1.0,-0.08784997299946241,-0.7544615544901807,0.484375,0.234375
928,oracle_min_rmsd,0.10976630733759035,0.007776335742980174,0.5625,0.21875,1.0,1.0,0.578125,0.921875,1.0,-0.04171371383941433,-0.9156487440788978,0.1875,0.03125
928,oracle_stable_quality,0.06363004817754227,0.022636170253110897,0.859375,0.421875,1.0,1.0,0.5625,0.921875,1.0,-0.08784997299946241,-0.7544615544901807,0.484375,0.234375
928,oracle_nus_quality,0.07255284994266023,0.027021117915631093,0.859375,0.609375,1.0,1.0,0.765625,0.953125,1.0,-0.07892717123434445,-0.7068972703971523,0.484375,0.421875
929,baseline_first,0.1350508548488758,0.04380976362464814,0.4375,0.203125,0.84375,1.0,0.6875,0.9375,1.0,0.0,0.0,0.0,0.0
929,oracle_min_ehull,0.05641648293397469,0.013424800146165556,0.90625,0.5,1.0,1.0,0.578125,0.953125,1.0,-0.07863437191490111,-0.6935660219218227,0.46875,0.296875
929,oracle_min_rmsd,0.08749620029415654,0.005822122152548383,0.71875,0.296875,1.0,1.0,0.53125,0.90625,1.0,-0.04755465455471926,-0.8671044609500528,0.28125,0.09375
929,oracle_stable_quality,0.05641648293397469,0.013424800146165556,0.90625,0.5,1.0,1.0,0.578125,0.953125,1.0,-0.07863437191490111,-0.6935660219218227,0.46875,0.296875
929,oracle_nus_quality,0.0608569127693742,0.03376922391678215,0.90625,0.609375,1.0,1.0,0.71875,0.953125,1.0,-0.0741939420795016,-0.22918497789422,0.46875,0.40625
930,baseline_first,0.13566948734134157,0.057588262193201116,0.453125,0.1875,0.84375,1.0,0.671875,0.921875,1.0,0.0,0.0,0.0,0.0
930,oracle_min_ehull,0.058069677919536045,0.030183077369411317,0.84375,0.4375,1.0,1.0,0.578125,0.90625,1.0,-0.07759980942180553,-0.47588143451609943,0.390625,0.25
930,oracle_min_rmsd,0.1037294713248681,0.005077718632630557,0.609375,0.21875,1.0,1.0,0.53125,0.890625,1.0,-0.03194001601647348,-0.9118271946530445,0.15625,0.03125
930,oracle_stable_quality,0.058069677919536045,0.030183077369411317,0.84375,0.4375,1.0,1.0,0.578125,0.90625,1.0,-0.07759980942180553,-0.47588143451609943,0.390625,0.25
930,oracle_nus_quality,0.066324202006941,0.04192799225233652,0.84375,0.5625,1.0,1.0,0.71875,0.9375,1.0,-0.06934528533440057,-0.2719351017804016,0.390625,0.375
931,baseline_first,0.13454807779037392,0.07587308389872953,0.421875,0.25,0.828125,1.0,0.78125,0.953125,1.0,0.0,0.0,0.0,0.0
931,oracle_min_ehull,0.060037707999043295,0.02355568694806761,0.859375,0.453125,1.0,1.0,0.5625,0.9375,1.0,-0.07451036979133063,-0.6895382955633091,0.4375,0.203125
931,oracle_min_rmsd,0.09620429900903257,0.005219450136565936,0.59375,0.21875,1.0,1.0,0.484375,0.9375,1.0,-0.03834377878134135,-0.9312081456510649,0.171875,-0.03125
931,oracle_stable_quality,0.060037707999043295,0.02355568694806761,0.859375,0.453125,1.0,1.0,0.5625,0.9375,1.0,-0.07451036979133063,-0.6895382955633091,0.4375,0.203125
931,oracle_nus_quality,0.06875055764783676,0.03042198934641848,0.859375,0.640625,1.0,1.0,0.78125,0.984375,1.0,-0.06579752014253716,-0.5990410856763937,0.4375,0.390625
932,baseline_first,0.15229979762632861,0.07249807924638452,0.4375,0.25,0.90625,1.0,0.78125,0.96875,1.0,0.0,0.0,0.0,0.0
932,oracle_min_ehull,0.059826131369552865,0.01274940022155245,0.84375,0.4375,1.0,1.0,0.546875,0.921875,1.0,-0.09247366625677575,-0.8241415447956401,0.40625,0.1875
932,oracle_min_rmsd,0.0934799972443626,0.006172981584104365,0.625,0.25,1.0,1.0,0.53125,0.890625,1.0,-0.05881980038196602,-0.9148531706181414,0.1875,0.0
932,oracle_stable_quality,0.059826131369552865,0.01274940022155245,0.84375,0.4375,1.0,1.0,0.546875,0.921875,1.0,-0.09247366625677575,-0.8241415447956401,0.40625,0.1875
932,oracle_nus_quality,0.06945890143629442,0.020775307639503235,0.84375,0.625,1.0,1.0,0.765625,0.953125,1.0,-0.0828408961900342,-0.7134364405862614,0.40625,0.375
933,baseline_first,0.13615093167977652,0.07043507347907282,0.390625,0.203125,0.84375,1.0,0.78125,0.890625,1.0,0.0,0.0,0.0,0.0
933,oracle_min_ehull,0.06079467733587021,0.03865725136530008,0.875,0.46875,1.0,1.0,0.59375,0.9375,1.0,-0.0753562543439063,-0.451164747108759,0.484375,0.265625
933,oracle_min_rmsd,0.09342181636247208,0.005120594991674348,0.65625,0.28125,1.0,1.0,0.5625,0.90625,1.0,-0.04272911531730443,-0.927300494785517,0.265625,0.078125
933,oracle_stable_quality,0.06079467733587021,0.03865725136530008,0.875,0.46875,1.0,1.0,0.59375,0.9375,1.0,-0.0753562543439063,-0.451164747108759,0.484375,0.265625
933,oracle_nus_quality,0.06528501107161952,0.04151878123603221,0.875,0.578125,1.0,1.0,0.703125,0.96875,1.0,-0.070865920608157,-0.4105382562230452,0.484375,0.375
934,baseline_first,0.1712004875419774,0.07607242992261043,0.3125,0.140625,0.875,1.0,0.765625,0.9375,1.0,0.0,0.0,0.0,0.0
934,oracle_min_ehull,0.06698665651397553,0.03470650829643815,0.8125,0.421875,1.0,1.0,0.5625,0.921875,1.0,-0.10421383102800186,-0.5437702156780639,0.5,0.28125
934,oracle_min_rmsd,0.1050434997050643,0.006583960172939355,0.546875,0.265625,1.0,1.0,0.609375,0.890625,1.0,-0.0661569878369131,-0.9134514280714141,0.234375,0.125
934,oracle_stable_quality,0.06698665651397553,0.03470650829643815,0.8125,0.421875,1.0,1.0,0.5625,0.921875,1.0,-0.10421383102800186,-0.5437702156780639,0.5,0.28125
934,oracle_nus_quality,0.07784232681618972,0.04396332591372555,0.8125,0.59375,1.0,1.0,0.78125,0.953125,1.0,-0.09335816072578768,-0.42208595205319366,0.5,0.453125
935,baseline_first,0.15413881774890875,0.05363571084406691,0.390625,0.21875,0.921875,1.0,0.71875,0.9375,1.0,0.0,0.0,0.0,0.0
935,oracle_min_ehull,0.06129359155005277,0.03053101404693809,0.84375,0.5,1.0,1.0,0.609375,0.96875,1.0,-0.09284522619885599,-0.43077077628933147,0.453125,0.28125
935,oracle_min_rmsd,0.10030493511435734,0.011887640685095343,0.59375,0.203125,1.0,1.0,0.515625,0.921875,1.0,-0.05383388263455141,-0.7783633236509937,0.203125,-0.015625
935,oracle_stable_quality,0.06129359155005277,0.03053101404693809,0.84375,0.5,1.0,1.0,0.609375,0.96875,1.0,-0.09284522619885599,-0.43077077628933147,0.453125,0.28125
935,oracle_nus_quality,0.07076565489164108,0.030514549201955045,0.84375,0.640625,1.0,1.0,0.796875,0.984375,1.0,-0.08337316285726767,-0.43107775171156304,0.453125,0.421875
936,baseline_first,0.1301064440213505,0.07868759399020844,0.46875,0.21875,0.8125,1.0,0.703125,0.96875,1.0,0.0,0.0,0.0,0.0
936,oracle_min_ehull,0.058366373428510296,0.026422451070096956,0.84375,0.4375,1.0,1.0,0.53125,0.921875,1.0,-0.0717400705928402,-0.6642107131476804,0.375,0.21875
936,oracle_min_rmsd,0.09031937201392085,0.004724820804039477,0.609375,0.203125,1.0,1.0,0.484375,0.90625,1.0,-0.03978707200742965,-0.9399546921637049,0.140625,-0.015625
936,oracle_stable_quality,0.058366373428510296,0.026422451070096956,0.84375,0.4375,1.0,1.0,0.53125,0.921875,1.0,-0.0717400705928402,-0.6642107131476804,0.375,0.21875
936,oracle_nus_quality,0.0670296975271143,0.021196330558821974,0.84375,0.578125,1.0,1.0,0.71875,0.953125,1.0,-0.0630767464942362,-0.7306267801064097,0.375,0.359375
937,baseline_first,0.15734361748825532,0.05217904951635553,0.3125,0.1875,0.78125,1.0,0.8125,0.96875,1.0,0.0,0.0,0.0,0.0
937,oracle_min_ehull,0.07156890786389478,0.05232878689210527,0.84375,0.390625,0.984375,1.0,0.546875,0.9375,1.0,-0.08577470962436054,0.0028696838508490696,0.53125,0.203125
937,oracle_min_rmsd,0.11585151815458841,0.01021218761466176,0.578125,0.21875,0.984375,1.0,0.5625,0.921875,1.0,-0.041492099333666904,-0.8042856719446232,0.265625,0.03125
937,oracle_stable_quality,0.07156890786389478,0.05232878689210527,0.84375,0.390625,0.984375,1.0,0.546875,0.9375,1.0,-0.08577470962436054,0.0028696838508490696,0.53125,0.203125
937,oracle_nus_quality,0.07932451079476169,0.05643737338942962,0.84375,0.609375,0.984375,1.0,0.765625,0.953125,1.0,-0.07801910669349363,0.08160983982161873,0.53125,0.421875
938,baseline_first,0.14702609388505156,0.07518998887112642,0.34375,0.125,0.828125,1.0,0.640625,0.953125,1.0,0.0,0.0,0.0,0.0
938,oracle_min_ehull,0.06001929699816505,0.015905343850924902,0.875,0.484375,1.0,1.0,0.578125,0.9375,1.0,-0.0870067968868865,-0.7884646069281082,0.53125,0.359375
938,oracle_min_rmsd,0.09497145358209112,0.009493658852042997,0.625,0.265625,1.0,1.0,0.59375,0.9375,1.0,-0.052054640302960434,-0.873737727660595,0.28125,0.140625
938,oracle_stable_quality,0.06001929699816505,0.015905343850924902,0.875,0.484375,1.0,1.0,0.578125,0.9375,1.0,-0.0870067968868865,-0.7884646069281082,0.53125,0.359375
938,oracle_nus_quality,0.06713846753642963,0.01948207999079649,0.875,0.6875,1.0,1.0,0.828125,0.9375,1.0,-0.07988762634862193,-0.7408952935983507,0.53125,0.5625
939,baseline_first,0.13239331562029372,0.03982701704702589,0.46875,0.28125,0.84375,1.0,0.75,0.96875,1.0,0.0,0.0,0.0,0.0
939,oracle_min_ehull,0.0636366922798291,0.02435744782555228,0.859375,0.421875,1.0,1.0,0.515625,0.90625,1.0,-0.06875662334046462,-0.38841897707799355,0.390625,0.140625
939,oracle_min_rmsd,0.10130335922430984,0.005435128596590844,0.609375,0.21875,1.0,1.0,0.515625,0.921875,1.0,-0.031089956395983873,-0.863531617490376,0.140625,-0.0625
939,oracle_stable_quality,0.0636366922798291,0.02435744782555228,0.859375,0.421875,1.0,1.0,0.515625,0.90625,1.0,-0.06875662334046462,-0.38841897707799355,0.390625,0.140625
939,oracle_nus_quality,0.07212015689706835,0.03905548761584548,0.859375,0.625,1.0,1.0,0.78125,0.953125,1.0,-0.06027315872322536,-0.019372011473252515,0.390625,0.34375
940,baseline_first,0.13712196713020375,0.046909906255408695,0.453125,0.28125,0.90625,1.0,0.765625,0.96875,1.0,0.0,0.0,0.0,0.0
940,oracle_min_ehull,0.05713205071508135,0.02874624809156042,0.890625,0.5,1.0,1.0,0.5625,0.890625,1.0,-0.0799899164151224,-0.3872030369225905,0.4375,0.21875
940,oracle_min_rmsd,0.10388225718407942,0.005982831855390236,0.625,0.296875,1.0,1.0,0.625,0.9375,1.0,-0.033239709946124324,-0.872461227638876,0.171875,0.015625
940,oracle_stable_quality,0.05713205071508135,0.02874624809156042,0.890625,0.5,1.0,1.0,0.5625,0.890625,1.0,-0.0799899164151224,-0.3872030369225905,0.4375,0.21875
940,oracle_nus_quality,0.06300276684978495,0.03290022926800962,0.890625,0.609375,1.0,1.0,0.734375,0.9375,1.0,-0.0741192002804188,-0.2986507137985117,0.4375,0.328125
941,baseline_first,0.14958882646488442,0.07724100590852348,0.421875,0.25,0.828125,1.0,0.765625,0.96875,1.0,0.0,0.0,0.0,0.0
941,oracle_min_ehull,0.06619480236692354,0.023170783026035303,0.8125,0.421875,1.0,1.0,0.59375,0.9375,1.0,-0.08339402409796087,-0.7000196624384144,0.390625,0.171875
941,oracle_min_rmsd,0.10629622196226061,0.0075997532668068725,0.578125,0.21875,1.0,1.0,0.53125,0.90625,1.0,-0.0432926045026238,-0.9016098615312278,0.15625,-0.03125
941,oracle_stable_quality,0.06619480236692354,0.023170783026035303,0.8125,0.421875,1.0,1.0,0.59375,0.9375,1.0,-0.08339402409796087,-0.7000196624384144,0.390625,0.171875
941,oracle_nus_quality,0.07402106187990223,0.019717247590750546,0.8125,0.609375,1.0,1.0,0.8125,0.953125,1.0,-0.07556776458498218,-0.7447308284138392,0.390625,0.359375
942,baseline_first,0.14951866719387663,0.09183958612065597,0.328125,0.203125,0.8125,1.0,0.796875,0.953125,1.0,0.0,0.0,0.0,0.0
942,oracle_min_ehull,0.0586536668783293,0.0416592120521619,0.875,0.453125,1.0,1.0,0.5625,0.921875,1.0,-0.09086500031554734,-0.5463915527947684,0.546875,0.25
942,oracle_min_rmsd,0.1025761656308472,0.006271922888118268,0.59375,0.21875,1.0,1.0,0.484375,0.921875,1.0,-0.046942501563029426,-0.9317078489456778,0.265625,0.015625
942,oracle_stable_quality,0.0586536668783293,0.0416592120521619,0.875,0.453125,1.0,1.0,0.5625,0.921875,1.0,-0.09086500031554734,-0.5463915527947684,0.546875,0.25
942,oracle_nus_quality,0.06416862150322122,0.03900105627775437,0.875,0.625,1.0,1.0,0.765625,0.9375,1.0,-0.08535004569065541,-0.575335017009811,0.546875,0.421875
943,baseline_first,0.13894984133536675,0.044287146389660734,0.46875,0.296875,0.859375,1.0,0.734375,0.890625,1.0,0.0,0.0,0.0,0.0
943,oracle_min_ehull,0.06469712458637997,0.0378552937237866,0.8125,0.4375,1.0,1.0,0.59375,0.921875,1.0,-0.07425271674898679,-0.14523068633240532,0.34375,0.140625
943,oracle_min_rmsd,0.09751125054968163,0.006292876627002829,0.609375,0.25,1.0,1.0,0.5625,0.90625,1.0,-0.041438590785685125,-0.8579073808089843,0.140625,-0.046875
943,oracle_stable_quality,0.06469712458637997,0.0378552937237866,0.8125,0.4375,1.0,1.0,0.59375,0.921875,1.0,-0.07425271674898679,-0.14523068633240532,0.34375,0.140625
943,oracle_nus_quality,0.07488768472338966,0.04962718224447312,0.8125,0.59375,1.0,1.0,0.78125,0.96875,1.0,-0.06406215661197709,0.12057755556946592,0.34375,0.296875
944,baseline_first,0.14712203678276425,0.06327406749335478,0.359375,0.203125,0.859375,1.0,0.703125,0.953125,1.0,0.0,0.0,0.0,0.0
944,oracle_min_ehull,0.05916816155733931,0.009209048642416423,0.859375,0.40625,1.0,1.0,0.5,0.921875,1.0,-0.08795387522542494,-0.8544577738204742,0.5,0.203125
944,oracle_min_rmsd,0.0909458906760496,0.0055207988888680785,0.671875,0.265625,1.0,1.0,0.546875,0.9375,1.0,-0.05617614610671465,-0.9127478427169569,0.3125,0.0625
944,oracle_stable_quality,0.05916816155733931,0.009209048642416423,0.859375,0.40625,1.0,1.0,0.5,0.921875,1.0,-0.08795387522542494,-0.8544577738204742,0.5,0.203125
944,oracle_nus_quality,0.0691003220594853,0.024436315111733192,0.859375,0.578125,1.0,1.0,0.71875,0.96875,1.0,-0.07802171472327896,-0.6138020506695012,0.5,0.375
945,baseline_first,0.15720088545960362,0.07086576895070883,0.328125,0.171875,0.890625,1.0,0.765625,0.984375,1.0,0.0,0.0,0.0,0.0
945,oracle_min_ehull,0.06250551025851896,0.025724608021948175,0.8125,0.359375,1.0,1.0,0.46875,0.921875,1.0,-0.09469537520108466,-0.6369952883762384,0.484375,0.1875
945,oracle_min_rmsd,0.09546500251466636,0.00565537282625707,0.609375,0.1875,1.0,1.0,0.453125,0.90625,1.0,-0.06173588294493726,-0.9201959858759071,0.28125,0.015625
945,oracle_stable_quality,0.06250551025851896,0.025724608021948175,0.8125,0.359375,1.0,1.0,0.46875,0.921875,1.0,-0.09469537520108466,-0.6369952883762384,0.484375,0.1875
945,oracle_nus_quality,0.07362806655468065,0.027583247906405057,0.8125,0.5625,1.0,1.0,0.75,0.96875,1.0,-0.08357281890492296,-0.6107676764843859,0.484375,0.390625
946,baseline_first,0.15281529912473704,0.08992946533530666,0.34375,0.21875,0.765625,1.0,0.78125,0.921875,1.0,0.0,0.0,0.0,0.0
946,oracle_min_ehull,0.05763160345244575,0.01566347825571608,0.84375,0.453125,1.0,1.0,0.578125,0.921875,1.0,-0.09518369567229129,-0.8258248484263306,0.5,0.234375
946,oracle_min_rmsd,0.09696291661880849,0.005485991134583228,0.609375,0.234375,1.0,1.0,0.5625,0.90625,1.0,-0.055852382505928555,-0.9389967335608143,0.265625,0.015625
946,oracle_stable_quality,0.05763160345244575,0.01566347825571608,0.84375,0.453125,1.0,1.0,0.578125,0.921875,1.0,-0.09518369567229129,-0.8258248484263306,0.5,0.234375
946,oracle_nus_quality,0.06719284131360719,0.027657061225309913,0.84375,0.59375,1.0,1.0,0.75,0.96875,1.0,-0.08562245781112986,-0.6924582935949954,0.5,0.375
947,baseline_first,0.15044024202418274,0.07648250580181606,0.484375,0.328125,0.875,1.0,0.765625,1.0,1.0,0.0,0.0,0.0,0.0
947,oracle_min_ehull,0.05893795669197553,0.045786053669601465,0.859375,0.421875,1.0,1.0,0.546875,0.921875,1.0,-0.09150228533220721,-0.4013525944319376,0.375,0.09375
947,oracle_min_rmsd,0.09754979116564574,0.00898477931847224,0.640625,0.25,1.0,1.0,0.578125,0.9375,1.0,-0.052890450858537,-0.8825250398861945,0.15625,-0.078125
947,oracle_stable_quality,0.05893795669197553,0.045786053669601465,0.859375,0.421875,1.0,1.0,0.546875,0.921875,1.0,-0.09150228533220721,-0.4013525944319376,0.375,0.09375
947,oracle_nus_quality,0.06490700607829804,0.04804126127788211,0.859375,0.546875,1.0,1.0,0.6875,0.9375,1.0,-0.0855332359458847,-0.37186601335515634,0.375,0.21875
948,baseline_first,0.1427924617681646,0.08059525596062003,0.453125,0.234375,0.796875,1.0,0.75,0.953125,1.0,0.0,0.0,0.0,0.0
948,oracle_min_ehull,0.05830917367380222,0.027580245708861167,0.875,0.375,1.0,1.0,0.5,0.90625,1.0,-0.08448328809436237,-0.6577931867064575,0.421875,0.140625
948,oracle_min_rmsd,0.09001823146607699,0.00459385016096933,0.609375,0.234375,1.0,1.0,0.546875,0.921875,1.0,-0.05277423030208761,-0.9430009855268162,0.15625,0.0
948,oracle_stable_quality,0.05830917367380222,0.027580245708861167,0.875,0.375,1.0,1.0,0.5,0.90625,1.0,-0.08448328809436237,-0.6577931867064575,0.421875,0.140625
948,oracle_nus_quality,0.0682478334503887,0.05172310112056586,0.875,0.640625,1.0,1.0,0.78125,0.921875,1.0,-0.07454462831777589,-0.35823640605051876,0.421875,0.40625
949,baseline_first,0.14806514803467777,0.07808173473540346,0.390625,0.1875,0.78125,1.0,0.734375,0.9375,1.0,0.0,0.0,0.0,0.0
949,oracle_min_ehull,0.0535485455261588,0.04598850601811921,0.890625,0.4375,1.0,1.0,0.546875,0.9375,1.0,-0.09451660250851897,-0.4110209490867355,0.5,0.25
949,oracle_min_rmsd,0.09509309209484812,0.00613308086708465,0.65625,0.296875,1.0,1.0,0.53125,0.921875,1.0,-0.05297205593982965,-0.9214530659716015,0.265625,0.109375
949,oracle_stable_quality,0.0535485455261588,0.04598850601811921,0.890625,0.4375,1.0,1.0,0.546875,0.9375,1.0,-0.09451660250851897,-0.4110209490867355,0.5,0.25
949,oracle_nus_quality,0.060649219422462944,0.04264711717834392,0.890625,0.625,1.0,1.0,0.734375,1.0,1.0,-0.08741592861221482,-0.4538144250654429,0.5,0.4375
950,baseline_first,0.13624276791483292,0.06692641110547395,0.453125,0.234375,0.859375,1.0,0.6875,0.953125,1.0,0.0,0.0,0.0,0.0
950,oracle_min_ehull,0.06874052911114802,0.03265075451216581,0.796875,0.4375,1.0,1.0,0.609375,0.9375,1.0,-0.0675022388036849,-0.5121394682181714,0.34375,0.203125
950,oracle_min_rmsd,0.109276114393967,0.007761645532558461,0.546875,0.21875,1.0,1.0,0.53125,0.9375,1.0,-0.026966653520865913,-0.8840271664899774,0.09375,-0.015625
950,oracle_stable_quality,0.06874052911114802,0.03265075451216581,0.796875,0.4375,1.0,1.0,0.609375,0.9375,1.0,-0.0675022388036849,-0.5121394682181714,0.34375,0.203125
950,oracle_nus_quality,0.07765861433886415,0.036898040335501675,0.796875,0.609375,1.0,1.0,0.8125,0.96875,1.0,-0.05858415357596877,-0.4486774395036437,0.34375,0.375
951,baseline_first,0.1462956641575738,0.053999121790902244,0.453125,0.21875,0.84375,1.0,0.75,0.96875,1.0,0.0,0.0,0.0,0.0
951,oracle_min_ehull,0.05690087650407758,0.02276987564469201,0.890625,0.46875,1.0,1.0,0.578125,0.921875,1.0,-0.08939478765349623,-0.5783287785149078,0.4375,0.25
951,oracle_min_rmsd,0.09984435380251078,0.006608345731487359,0.609375,0.296875,1.0,1.0,0.640625,0.9375,1.0,-0.04645131035506303,-0.8776212369327693,0.15625,0.078125
951,oracle_stable_quality,0.05690087650407758,0.02276987564469201,0.890625,0.46875,1.0,1.0,0.578125,0.921875,1.0,-0.08939478765349623,-0.5783287785149078,0.4375,0.25
951,oracle_nus_quality,0.06224542104521507,0.017645980967649966,0.890625,0.609375,1.0,1.0,0.734375,0.953125,1.0,-0.08405024311235873,-0.6732172601624985,0.4375,0.390625
952,baseline_first,0.1332916137389216,0.08469661970144886,0.453125,0.3125,0.796875,1.0,0.796875,0.96875,1.0,0.0,0.0,0.0,0.0
952,oracle_min_ehull,0.058608245156452535,0.022015222284461955,0.859375,0.421875,1.0,1.0,0.53125,0.921875,1.0,-0.07468336858246906,-0.7400696466746317,0.40625,0.109375
952,oracle_min_rmsd,0.08956102907783253,0.006679571348082612,0.640625,0.25,1.0,1.0,0.5625,0.921875,1.0,-0.04373058466108906,-0.9211353254518568,0.1875,-0.0625
952,oracle_stable_quality,0.058608245156452535,0.022015222284461955,0.859375,0.421875,1.0,1.0,0.53125,0.921875,1.0,-0.07468336858246906,-0.7400696466746317,0.40625,0.109375
952,oracle_nus_quality,0.06652017214209172,0.027644771078489692,0.859375,0.625,1.0,1.0,0.78125,0.9375,1.0,-0.06677144159682988,-0.6736024273939614,0.40625,0.3125
953,baseline_first,0.13865058679731443,0.06910811103754536,0.40625,0.25,0.8125,1.0,0.78125,0.953125,1.0,0.0,0.0,0.0,0.0
953,oracle_min_ehull,0.058800130411186285,0.024142458776991255,0.890625,0.46875,1.0,1.0,0.53125,0.9375,1.0,-0.07985045638612814,-0.6506566535457027,0.484375,0.21875
953,oracle_min_rmsd,0.10602411096105122,0.007192179336639804,0.625,0.296875,1.0,1.0,0.578125,0.90625,1.0,-0.03262647583626321,-0.8959285787346668,0.21875,0.046875
953,oracle_stable_quality,0.058800130411186285,0.024142458776991255,0.890625,0.46875,1.0,1.0,0.53125,0.9375,1.0,-0.07985045638612814,-0.6506566535457027,0.484375,0.21875
953,oracle_nus_quality,0.06545139801035682,0.02567456642261534,0.890625,0.5625,1.0,1.0,0.671875,0.9375,1.0,-0.07319918878695761,-0.6284869310251187,0.484375,0.3125
954,baseline_first,0.15041473184816656,0.05173594146202927,0.390625,0.203125,0.890625,1.0,0.71875,0.96875,1.0,0.0,0.0,0.0,0.0
954,oracle_min_ehull,0.05692086472928501,0.027792991877584126,0.875,0.5,1.0,1.0,0.609375,0.953125,1.0,-0.09349386711888155,-0.4627914155581313,0.484375,0.296875
954,oracle_min_rmsd,0.0939298069999858,0.006626617570282756,0.625,0.25,1.0,1.0,0.484375,0.96875,1.0,-0.05648492484818077,-0.871914622929086,0.234375,0.046875
954,oracle_stable_quality,0.05692086472928501,0.027792991877584126,0.875,0.5,1.0,1.0,0.609375,0.953125,1.0,-0.09349386711888155,-0.4627914155581313,0.484375,0.296875
954,oracle_nus_quality,0.06800287107481262,0.03128619272518481,0.875,0.578125,1.0,1.0,0.71875,0.953125,1.0,-0.08241186077335394,-0.39527160729940924,0.484375,0.375
955,baseline_first,0.1535265528413839,0.07279916886688459,0.375,0.1875,0.8125,1.0,0.71875,0.953125,1.0,0.0,0.0,0.0,0.0
955,oracle_min_ehull,0.05230738095385815,0.023871184844474924,0.921875,0.484375,1.0,1.0,0.53125,0.921875,1.0,-0.10121917188752574,-0.6720953657022639,0.546875,0.296875
955,oracle_min_rmsd,0.09565794903199723,0.007136770103842319,0.59375,0.25,1.0,1.0,0.578125,0.9375,1.0,-0.05786860380938666,-0.9019663244110367,0.21875,0.0625
955,oracle_stable_quality,0.05230738095385815,0.023871184844474924,0.921875,0.484375,1.0,1.0,0.53125,0.921875,1.0,-0.10121917188752574,-0.6720953657022639,0.546875,0.296875
955,oracle_nus_quality,0.06159923541116582,0.0435786272815807,0.921875,0.640625,1.0,1.0,0.734375,0.9375,1.0,-0.09192731743021806,-0.4013856482171453,0.546875,0.453125
956,baseline_first,0.1460994210613326,0.06235168372679692,0.421875,0.296875,0.84375,1.0,0.796875,0.984375,1.0,0.0,0.0,0.0,0.0
956,oracle_min_ehull,0.05698245266845285,0.011060109941640237,0.859375,0.40625,1.0,1.0,0.515625,0.921875,1.0,-0.08911696839287976,-0.8226173010804049,0.4375,0.109375
956,oracle_min_rmsd,0.08759560617194995,0.005477558348967764,0.703125,0.3125,1.0,1.0,0.5625,0.9375,1.0,-0.058503814889382666,-0.9121505944736233,0.28125,0.015625
956,oracle_stable_quality,0.05698245266845285,0.011060109941640237,0.859375,0.40625,1.0,1.0,0.515625,0.921875,1.0,-0.08911696839287976,-0.8226173010804049,0.4375,0.109375
956,oracle_nus_quality,0.06535749056627546,0.01485933567298477,0.859375,0.59375,1.0,1.0,0.734375,0.9375,1.0,-0.08074193049505715,-0.7616850935719213,0.4375,0.296875
957,baseline_first,0.13142927351065123,0.05117987962462399,0.421875,0.265625,0.828125,1.0,0.734375,0.9375,1.0,0.0,0.0,0.0,0.0
957,oracle_min_ehull,0.05835177397685373,0.01592491396645864,0.828125,0.40625,1.0,1.0,0.53125,0.921875,1.0,-0.0730774995337975,-0.6888442473241625,0.40625,0.140625
957,oracle_min_rmsd,0.09942977449099083,0.006704285000398802,0.59375,0.203125,1.0,1.0,0.546875,0.890625,1.0,-0.0319994990196604,-0.8690054558633,0.171875,-0.0625
957,oracle_stable_quality,0.05835177397685373,0.01592491396645864,0.828125,0.40625,1.0,1.0,0.53125,0.921875,1.0,-0.0730774995337975,-0.6888442473241625,0.40625,0.140625
957,oracle_nus_quality,0.06958616733542235,0.04787476433810068,0.828125,0.65625,1.0,1.0,0.828125,0.96875,1.0,-0.06184310617522888,-0.06457841071070303,0.40625,0.390625
958,baseline_first,0.148059016040556,0.03928464743869889,0.421875,0.25,0.78125,1.0,0.75,0.984375,1.0,0.0,0.0,0.0,0.0
958,oracle_min_ehull,0.058287258384985975,0.05281284594685418,0.84375,0.4375,1.0,1.0,0.609375,0.96875,1.0,-0.08977175765557002,0.34436349541548417,0.421875,0.1875
958,oracle_min_rmsd,0.09982399405217307,0.008123789267319517,0.640625,0.25,1.0,1.0,0.546875,0.9375,1.0,-0.04823502198838292,-0.7932070211398446,0.21875,0.0
958,oracle_stable_quality,0.058287258384985975,0.05281284594685418,0.84375,0.4375,1.0,1.0,0.609375,0.96875,1.0,-0.08977175765557002,0.34436349541548417,0.421875,0.1875
958,oracle_nus_quality,0.06568663015218215,0.05437506355578878,0.84375,0.59375,1.0,1.0,0.765625,0.96875,1.0,-0.08237238588837384,0.38413011445851697,0.421875,0.34375
959,baseline_first,0.1396066302046502,0.07121478603536777,0.4375,0.25,0.8125,1.0,0.78125,0.953125,1.0,0.0,0.0,0.0,0.0
959,oracle_min_ehull,0.05448695699384851,0.03932854223868278,0.921875,0.5,1.0,1.0,0.578125,0.90625,1.0,-0.08511967321080169,-0.4477475194666618,0.484375,0.25
959,oracle_min_rmsd,0.09509208049052935,0.004259723082642082,0.65625,0.21875,1.0,1.0,0.5,0.921875,1.0,-0.044514549714120846,-0.9401848503690434,0.21875,-0.03125
959,oracle_stable_quality,0.05448695699384851,0.03932854223868278,0.921875,0.5,1.0,1.0,0.578125,0.90625,1.0,-0.08511967321080169,-0.4477475194666618,0.484375,0.25
959,oracle_nus_quality,0.06136265300839526,0.03529139386226364,0.921875,0.609375,1.0,1.0,0.703125,0.90625,1.0,-0.07824397719625494,-0.5044372689017602,0.484375,0.359375
960,baseline_first,0.1396333643575228,0.08428968883089179,0.421875,0.1875,0.828125,1.0,0.703125,0.96875,1.0,0.0,0.0,0.0,0.0
960,oracle_min_ehull,0.05902309479507664,0.019113490149783557,0.84375,0.484375,1.0,1.0,0.625,0.953125,1.0,-0.08061026956244616,-0.773240470870281,0.421875,0.296875
960,oracle_min_rmsd,0.09408438618841752,0.006197532300437788,0.640625,0.28125,1.0,1.0,0.53125,0.921875,1.0,-0.045548978169105275,-0.9264734229489002,0.21875,0.09375
960,oracle_stable_quality,0.05902309479507664,0.019113490149783557,0.84375,0.484375,1.0,1.0,0.625,0.953125,1.0,-0.08061026956244616,-0.773240470870281,0.421875,0.296875
960,oracle_nus_quality,0.06920101551555208,0.02998943315694073,0.84375,0.65625,1.0,1.0,0.8125,1.0,1.0,-0.07043234884197072,-0.6442099434355755,0.421875,0.46875
961,baseline_first,0.14699774328379828,0.08651504299822504,0.328125,0.234375,0.875,1.0,0.796875,0.96875,1.0,0.0,0.0,0.0,0.0
961,oracle_min_ehull,0.05132420937502063,0.042065644880105696,0.921875,0.5625,1.0,1.0,0.640625,0.9375,1.0,-0.09567353390877764,-0.513776524610076,0.59375,0.328125
961,oracle_min_rmsd,0.09919912638404466,0.006668762946794694,0.609375,0.234375,1.0,1.0,0.578125,0.921875,1.0,-0.04779861689975362,-0.9229178797618871,0.28125,0.0
961,oracle_stable_quality,0.05132420937502063,0.042065644880105696,0.921875,0.5625,1.0,1.0,0.640625,0.9375,1.0,-0.09567353390877764,-0.513776524610076,0.59375,0.328125
961,oracle_nus_quality,0.05558072109281641,0.04540311394441917,0.921875,0.671875,1.0,1.0,0.765625,0.9375,1.0,-0.09141702219098187,-0.47519977600484264,0.59375,0.4375
962,baseline_first,0.13776218857874592,0.0645674013019826,0.453125,0.21875,0.84375,1.0,0.734375,0.96875,1.0,0.0,0.0,0.0,0.0
962,oracle_min_ehull,0.05772972281596583,0.02798104674653065,0.828125,0.484375,1.0,1.0,0.625,0.984375,1.0,-0.08003246576278009,-0.566638176815218,0.375,0.265625
962,oracle_min_rmsd,0.10214295785529039,0.006584818496224644,0.59375,0.25,1.0,1.0,0.53125,0.9375,1.0,-0.03561923072345553,-0.8980163617639285,0.140625,0.03125
962,oracle_stable_quality,0.05772972281596583,0.02798104674653065,0.828125,0.484375,1.0,1.0,0.625,0.984375,1.0,-0.08003246576278009,-0.566638176815218,0.375,0.265625
962,oracle_nus_quality,0.06312989483373559,0.023247948039084892,0.828125,0.609375,1.0,1.0,0.78125,1.0,1.0,-0.07463229374501033,-0.6399429499980349,0.375,0.390625
963,baseline_first,0.16104137469474195,0.06737680682034368,0.34375,0.171875,0.875,1.0,0.75,0.96875,1.0,0.0,0.0,0.0,0.0
963,oracle_min_ehull,0.06256568421153999,0.04393218795890551,0.84375,0.421875,1.0,1.0,0.5625,0.921875,1.0,-0.09847569048320196,-0.34796274813010775,0.5,0.25
963,oracle_min_rmsd,0.10804793139265764,0.005854282735789987,0.5625,0.265625,1.0,1.0,0.609375,0.9375,1.0,-0.0529934433020843,-0.9131113062184724,0.21875,0.09375
963,oracle_stable_quality,0.06256568421153999,0.04393218795890551,0.84375,0.421875,1.0,1.0,0.5625,0.921875,1.0,-0.09847569048320196,-0.34796274813010775,0.5,0.25
963,oracle_nus_quality,0.0723537201411881,0.0679550975213651,0.84375,0.5625,1.0,1.0,0.734375,0.953125,1.0,-0.08868765455355385,0.008582934221911032,0.5,0.390625
964,baseline_first,0.13852770669489212,0.0682439006665955,0.375,0.171875,0.8125,1.0,0.734375,0.96875,1.0,0.0,0.0,0.0,0.0
964,oracle_min_ehull,0.05994962025486944,0.026597305702546814,0.828125,0.453125,1.0,1.0,0.5625,0.90625,1.0,-0.07857808644002268,-0.6102610571384609,0.453125,0.28125
964,oracle_min_rmsd,0.10098397648972116,0.006353513807239341,0.59375,0.234375,1.0,1.0,0.5625,0.90625,1.0,-0.03754373020517096,-0.9068999024795003,0.21875,0.0625
964,oracle_stable_quality,0.05994962025486944,0.026597305702546814,0.828125,0.453125,1.0,1.0,0.5625,0.90625,1.0,-0.07857808644002268,-0.6102610571384609,0.453125,0.28125
964,oracle_nus_quality,0.07037097239919063,0.0509449662960369,0.828125,0.625,1.0,1.0,0.796875,0.984375,1.0,-0.06815673429570149,-0.25348689335728725,0.453125,0.453125
965,baseline_first,0.14295787904748966,0.04845743723544507,0.46875,0.21875,0.859375,1.0,0.703125,0.890625,1.0,0.0,0.0,0.0,0.0
965,oracle_min_ehull,0.06369339477471342,0.03067718204205496,0.796875,0.40625,1.0,1.0,0.5625,0.90625,1.0,-0.07926448427277624,-0.3669252071049358,0.328125,0.1875
965,oracle_min_rmsd,0.10446830914970616,0.006436754316497959,0.609375,0.203125,1.0,1.0,0.515625,0.921875,1.0,-0.0384895698977835,-0.8671668440651732,0.140625,-0.015625
965,oracle_stable_quality,0.06369339477471342,0.03067718204205496,0.796875,0.40625,1.0,1.0,0.5625,0.90625,1.0,-0.07926448427277624,-0.3669252071049358,0.328125,0.1875
965,oracle_nus_quality,0.07578705403322951,0.05395172175809784,0.796875,0.59375,1.0,1.0,0.8125,0.984375,1.0,-0.06717082501426015,0.11338372056196722,0.328125,0.375
966,baseline_first,0.13792188071550632,0.0983600240610202,0.484375,0.234375,0.84375,1.0,0.71875,0.953125,1.0,0.0,0.0,0.0,0.0
966,oracle_min_ehull,0.06441832378968892,0.029547003130873398,0.8125,0.453125,1.0,1.0,0.578125,0.875,1.0,-0.07350355692581739,-0.6996035390094746,0.328125,0.21875
966,oracle_min_rmsd,0.10157266248392399,0.006773031664728815,0.609375,0.265625,1.0,1.0,0.59375,0.875,1.0,-0.036349218231582325,-0.9311404025224008,0.125,0.03125
966,oracle_stable_quality,0.06441832378968892,0.029547003130873398,0.8125,0.453125,1.0,1.0,0.578125,0.875,1.0,-0.07350355692581739,-0.6996035390094746,0.328125,0.21875
966,oracle_nus_quality,0.07877097495404142,0.02429921782490923,0.8125,0.5625,1.0,1.0,0.765625,0.921875,1.0,-0.059150905761464895,-0.7529563655877658,0.328125,0.328125
967,baseline_first,0.17812402562771112,0.05607449957296638,0.234375,0.09375,0.78125,1.0,0.765625,0.9375,1.0,0.0,0.0,0.0,0.0
967,oracle_min_ehull,0.0574359940450701,0.023692413514170146,0.890625,0.40625,1.0,1.0,0.515625,0.9375,1.0,-0.12068803158264102,-0.5774832821585749,0.65625,0.3125
967,oracle_min_rmsd,0.09470476629187752,0.004788677975707704,0.578125,0.203125,1.0,1.0,0.5,0.96875,1.0,-0.0834192593358336,-0.914601503140006,0.34375,0.109375
967,oracle_stable_quality,0.0574359940450701,0.023692413514170146,0.890625,0.40625,1.0,1.0,0.515625,0.9375,1.0,-0.12068803158264102,-0.5774832821585749,0.65625,0.3125
967,oracle_nus_quality,0.06383897590486654,0.044356514058586205,0.890625,0.546875,1.0,1.0,0.65625,0.96875,1.0,-0.11428504972284459,-0.20897173588026885,0.65625,0.453125
968,baseline_first,0.15104835128127428,0.06829648637518115,0.328125,0.171875,0.828125,1.0,0.71875,0.96875,1.0,0.0,0.0,0.0,0.0
968,oracle_min_ehull,0.05831874001996387,0.053461977098861524,0.875,0.484375,1.0,1.0,0.59375,0.953125,1.0,-0.09272961126131041,-0.21720750310385617,0.546875,0.3125
968,oracle_min_rmsd,0.09618235623717632,0.007356787228836575,0.65625,0.265625,1.0,1.0,0.5625,0.9375,1.0,-0.05486599504409796,-0.8922816147755732,0.328125,0.09375
968,oracle_stable_quality,0.05831874001996387,0.053461977098861524,0.875,0.484375,1.0,1.0,0.59375,0.953125,1.0,-0.09272961126131041,-0.21720750310385617,0.546875,0.3125
968,oracle_nus_quality,0.06580188203136653,0.05759775134855554,0.875,0.640625,1.0,1.0,0.78125,0.96875,1.0,-0.08524646924990775,-0.15665132416700012,0.546875,0.46875
969,baseline_first,0.15948091511301446,0.052841852327443845,0.359375,0.15625,0.84375,1.0,0.71875,0.953125,1.0,0.0,0.0,0.0,0.0
969,oracle_min_ehull,0.06055598228346405,0.029108076240312836,0.84375,0.453125,1.0,1.0,0.578125,0.9375,1.0,-0.09892493282955041,-0.44914731489843474,0.484375,0.296875
969,oracle_min_rmsd,0.09275202454837721,0.006442563015836423,0.640625,0.25,1.0,1.0,0.515625,0.90625,1.0,-0.06672889056463725,-0.8780784031582779,0.28125,0.09375
969,oracle_stable_quality,0.06055598228346405,0.029108076240312836,0.84375,0.453125,1.0,1.0,0.578125,0.9375,1.0,-0.09892493282955041,-0.44914731489843474,0.484375,0.296875
969,oracle_nus_quality,0.06818705875874288,0.03456682124546174,0.84375,0.578125,1.0,1.0,0.734375,0.984375,1.0,-0.09129385635427158,-0.3458438770983586,0.484375,0.421875
970,baseline_first,0.14297224437160416,0.0680088624054055,0.375,0.171875,0.84375,1.0,0.765625,0.984375,1.0,0.0,0.0,0.0,0.0
970,oracle_min_ehull,0.059327068705154064,0.053462459863742456,0.875,0.484375,1.0,1.0,0.59375,0.921875,1.0,-0.0836451756664501,-0.2138898082863222,0.5,0.3125
970,oracle_min_rmsd,0.10079998028896843,0.005762482606762741,0.625,0.234375,1.0,1.0,0.5,0.90625,1.0,-0.04217226408263573,-0.9152686517175925,0.25,0.0625
970,oracle_stable_quality,0.059327068705154064,0.053462459863742456,0.875,0.484375,1.0,1.0,0.59375,0.921875,1.0,-0.0836451756664501,-0.2138898082863222,0.5,0.3125
970,oracle_nus_quality,0.0703885124573107,0.07701152388136434,0.875,0.65625,1.0,1.0,0.796875,0.921875,1.0,-0.07258373191429346,0.13237482818479385,0.5,0.484375
971,baseline_first,0.1297037151343336,0.06057880162961779,0.390625,0.234375,0.84375,1.0,0.734375,1.0,1.0,0.0,0.0,0.0,0.0
971,oracle_min_ehull,0.05684070563734742,0.017752845465796915,0.859375,0.421875,1.0,1.0,0.53125,0.90625,1.0,-0.07286300949698618,-0.7069462421138863,0.46875,0.1875
971,oracle_min_rmsd,0.10576622741387605,0.006461484238528208,0.59375,0.25,1.0,1.0,0.546875,0.921875,1.0,-0.023937487720457548,-0.8933375361560618,0.203125,0.015625
971,oracle_stable_quality,0.05684070563734742,0.017752845465796915,0.859375,0.421875,1.0,1.0,0.53125,0.90625,1.0,-0.07286300949698618,-0.7069462421138863,0.46875,0.1875
971,oracle_nus_quality,0.06391773379741907,0.022481408180707724,0.859375,0.578125,1.0,1.0,0.71875,0.953125,1.0,-0.06578598133691453,-0.6288898496513629,0.46875,0.34375
972,baseline_first,0.13339633440629162,0.0918478323123832,0.40625,0.25,0.84375,1.0,0.78125,0.9375,1.0,0.0,0.0,0.0,0.0
972,oracle_min_ehull,0.06970561170938278,0.029944271587062893,0.78125,0.40625,1.0,1.0,0.59375,0.90625,1.0,-0.06369072269690884,-0.6739795503804643,0.375,0.15625
972,oracle_min_rmsd,0.10854619805839757,0.007262701740771293,0.578125,0.203125,1.0,1.0,0.5625,0.9375,1.0,-0.024850136347894042,-0.9209268029748361,0.171875,-0.046875
972,oracle_stable_quality,0.06970561170938278,0.029944271587062893,0.78125,0.40625,1.0,1.0,0.59375,0.90625,1.0,-0.06369072269690884,-0.6739795503804643,0.375,0.15625
972,oracle_nus_quality,0.07728263041502749,0.03241217774539861,0.78125,0.5625,1.0,1.0,0.796875,0.953125,1.0,-0.05611370399126413,-0.6471100413653562,0.375,0.3125
973,baseline_first,0.14923936023065004,0.03960355196869527,0.34375,0.21875,0.859375,1.0,0.765625,0.96875,1.0,0.0,0.0,0.0,0.0
973,oracle_min_ehull,0.05862252957404051,0.02376502534626039,0.859375,0.375,1.0,1.0,0.53125,0.90625,1.0,-0.09061683065660953,-0.399926921579016,0.515625,0.15625
973,oracle_min_rmsd,0.10604532660222463,0.006937145334559823,0.609375,0.234375,1.0,1.0,0.546875,0.921875,1.0,-0.043194033628425416,-0.8248352738652506,0.265625,0.015625
973,oracle_stable_quality,0.05862252957404051,0.02376502534626039,0.859375,0.375,1.0,1.0,0.53125,0.90625,1.0,-0.09061683065660953,-0.399926921579016,0.515625,0.15625
973,oracle_nus_quality,0.06726374909329969,0.016515533357039758,0.859375,0.59375,1.0,1.0,0.734375,0.953125,1.0,-0.08197561113735036,-0.582978482079221,0.515625,0.375
974,baseline_first,0.1469600942347986,0.08325345732858241,0.40625,0.203125,0.890625,1.0,0.734375,0.9375,1.0,0.0,0.0,0.0,0.0
974,oracle_min_ehull,0.05750711698443492,0.046616595188601576,0.859375,0.4375,1.0,1.0,0.5625,0.9375,1.0,-0.08945297725036369,-0.44006415247577646,0.453125,0.234375
974,oracle_min_rmsd,0.10338387733652624,0.023479791365372215,0.59375,0.25,1.0,1.0,0.5625,0.9375,1.0,-0.043576216898272374,-0.7179721765463405,0.1875,0.046875
974,oracle_stable_quality,0.05750711698443492,0.046616595188601576,0.859375,0.4375,1.0,1.0,0.5625,0.9375,1.0,-0.08945297725036369,-0.44006415247577646,0.453125,0.234375
974,oracle_nus_quality,0.06791104760718183,0.048785627791866404,0.859375,0.640625,1.0,1.0,0.765625,0.96875,1.0,-0.07904904662761678,-0.41401078877336406,0.453125,0.4375
975,baseline_first,0.13163127761429044,0.0764132891622034,0.5,0.296875,0.84375,1.0,0.71875,0.921875,1.0,0.0,0.0,0.0,0.0
975,oracle_min_ehull,0.06100736301368406,0.020988043117271142,0.796875,0.421875,1.0,1.0,0.578125,0.9375,1.0,-0.07062391460060638,-0.7253351694792306,0.296875,0.125
975,oracle_min_rmsd,0.10077928256472096,0.005820422914779041,0.546875,0.21875,1.0,1.0,0.546875,0.921875,1.0,-0.03085199504956948,-0.9238297032022276,0.046875,-0.078125
975,oracle_stable_quality,0.06100736301368406,0.020988043117271142,0.796875,0.421875,1.0,1.0,0.578125,0.9375,1.0,-0.07062391460060638,-0.7253351694792306,0.296875,0.125
975,oracle_nus_quality,0.07535390722757512,0.049720152995029354,0.796875,0.640625,1.0,1.0,0.84375,1.0,1.0,-0.05627737038671532,-0.34932583664226524,0.296875,0.34375
976,baseline_first,0.1378402602081377,0.0718551548025638,0.5,0.28125,0.84375,1.0,0.703125,0.9375,1.0,0.0,0.0,0.0,0.0
976,oracle_min_ehull,0.06342918927091089,0.050927485475564756,0.8125,0.40625,1.0,1.0,0.59375,0.90625,1.0,-0.0744110709372268,-0.2912479888812701,0.3125,0.125
976,oracle_min_rmsd,0.10261564419163487,0.0070336213410041116,0.59375,0.203125,1.0,1.0,0.546875,0.921875,1.0,-0.03522461601650283,-0.9021138934244819,0.09375,-0.078125
976,oracle_stable_quality,0.06342918927091089,0.050927485475564756,0.8125,0.40625,1.0,1.0,0.59375,0.90625,1.0,-0.0744110709372268,-0.2912479888812701,0.3125,0.125
976,oracle_nus_quality,0.07355909549047973,0.056537943321943854,0.8125,0.625,1.0,1.0,0.828125,0.953125,1.0,-0.06428116471765796,-0.21316788646140983,0.3125,0.34375
977,baseline_first,0.1546553852320717,0.056115280050811255,0.375,0.1875,0.875,1.0,0.71875,0.921875,1.0,0.0,0.0,0.0,0.0
977,oracle_min_ehull,0.06349654877634191,0.029718992946236613,0.828125,0.453125,1.0,1.0,0.546875,0.953125,1.0,-0.0911588364557298,-0.47039392979369143,0.453125,0.265625
977,oracle_min_rmsd,0.09526956346732433,0.008824187533213465,0.609375,0.25,1.0,1.0,0.53125,0.953125,1.0,-0.05938582176474737,-0.8427489353127465,0.234375,0.0625
977,oracle_stable_quality,0.06349654877634191,0.029718992946236613,0.828125,0.453125,1.0,1.0,0.546875,0.953125,1.0,-0.0911588364557298,-0.47039392979369143,0.453125,0.265625
977,oracle_nus_quality,0.07477214586600504,0.05538208398599777,0.828125,0.609375,1.0,1.0,0.78125,0.953125,1.0,-0.07988323936606666,-0.013065889792398644,0.453125,0.421875
978,baseline_first,0.14163286871245934,0.03287245889338289,0.46875,0.1875,0.875,1.0,0.703125,0.96875,1.0,0.0,0.0,0.0,0.0
978,oracle_min_ehull,0.06386342642316337,0.03607062430461488,0.8125,0.390625,1.0,1.0,0.578125,0.921875,1.0,-0.07776944228929597,0.09729011819909128,0.34375,0.203125
978,oracle_min_rmsd,0.09196090072675804,0.006536027461295534,0.625,0.234375,1.0,1.0,0.515625,0.90625,1.0,-0.049671967985701296,-0.801170107703406,0.15625,0.046875
978,oracle_stable_quality,0.06386342642316337,0.03607062430461488,0.8125,0.390625,1.0,1.0,0.578125,0.921875,1.0,-0.07776944228929597,0.09729011819909128,0.34375,0.203125
978,oracle_nus_quality,0.07021148554591372,0.039009157016788,0.8125,0.59375,1.0,1.0,0.78125,0.96875,1.0,-0.07142138316654562,0.18668205330512722,0.34375,0.40625
979,baseline_first,0.15084280208357487,0.04946599656802623,0.375,0.21875,0.875,1.0,0.8125,0.921875,1.0,0.0,0.0,0.0,0.0
979,oracle_min_ehull,0.0652076569801662,0.02304618891143721,0.796875,0.4375,1.0,1.0,0.59375,0.9375,1.0,-0.08563514510340867,-0.5341003818705277,0.421875,0.21875
979,oracle_min_rmsd,0.10066196163182642,0.0053206009160363795,0.59375,0.234375,1.0,1.0,0.5625,0.9375,1.0,-0.05018084045174845,-0.8924392252217253,0.21875,0.015625
979,oracle_stable_quality,0.0652076569801662,0.02304618891143721,0.796875,0.4375,1.0,1.0,0.59375,0.9375,1.0,-0.08563514510340867,-0.5341003818705277,0.421875,0.21875
979,oracle_nus_quality,0.07421057771811879,0.04423104873855471,0.796875,0.59375,1.0,1.0,0.796875,0.984375,1.0,-0.07663222436545608,-0.10582921992226224,0.421875,0.375
980,baseline_first,0.1367059015449778,0.08986772601148106,0.421875,0.234375,0.890625,1.0,0.75,0.953125,1.0,0.0,0.0,0.0,0.0
980,oracle_min_ehull,0.05847655631323399,0.03186773058402874,0.859375,0.5,1.0,1.0,0.609375,0.953125,1.0,-0.07822934523174381,-0.6453929347232235,0.4375,0.265625
980,oracle_min_rmsd,0.08643130713343398,0.0056807438166694745,0.65625,0.25,1.0,1.0,0.515625,0.890625,1.0,-0.05027459441154382,-0.9367877204777193,0.234375,0.015625
980,oracle_stable_quality,0.05847655631323399,0.03186773058402874,0.859375,0.5,1.0,1.0,0.609375,0.953125,1.0,-0.07822934523174381,-0.6453929347232235,0.4375,0.265625
980,oracle_nus_quality,0.0644772003334809,0.03555733510193226,0.859375,0.59375,1.0,1.0,0.75,0.96875,1.0,-0.07222870121149691,-0.6043369885937737,0.4375,0.359375
981,baseline_first,0.15666098940327475,0.04596557576572412,0.4375,0.265625,0.859375,1.0,0.765625,0.96875,1.0,0.0,0.0,0.0,0.0
981,oracle_min_ehull,0.05414470302497429,0.020792478441312393,0.875,0.484375,0.984375,1.0,0.59375,0.9375,1.0,-0.10251628637830046,-0.5476510824690453,0.4375,0.21875
981,oracle_min_rmsd,0.09376401527615319,0.005535886728226225,0.609375,0.21875,0.984375,1.0,0.5625,0.953125,1.0,-0.06289697412712156,-0.8795645080909819,0.171875,-0.046875
981,oracle_stable_quality,0.05414470302497429,0.020792478441312393,0.875,0.484375,0.984375,1.0,0.59375,0.9375,1.0,-0.10251628637830046,-0.5476510824690453,0.4375,0.21875
981,oracle_nus_quality,0.06027302667873082,0.04140339798448478,0.875,0.640625,0.984375,1.0,0.75,0.984375,1.0,-0.09638796272454392,-0.09925205341692445,0.4375,0.375
982,baseline_first,0.1411605765687131,0.04032829295978397,0.40625,0.21875,0.84375,1.0,0.734375,0.96875,1.0,0.0,0.0,0.0,0.0
982,oracle_min_ehull,0.05947162100413941,0.05323015811938718,0.875,0.53125,1.0,1.0,0.625,0.984375,1.0,-0.08168895556457367,0.3199209342301981,0.46875,0.3125
982,oracle_min_rmsd,0.09908239031402322,0.008344759777175734,0.609375,0.25,1.0,1.0,0.5,0.953125,1.0,-0.04207818625468987,-0.7930792710344258,0.203125,0.03125
982,oracle_stable_quality,0.05947162100413941,0.05323015811938718,0.875,0.53125,1.0,1.0,0.625,0.984375,1.0,-0.08168895556457367,0.3199209342301981,0.46875,0.3125
982,oracle_nus_quality,0.06413653554567131,0.05757875692819078,0.875,0.640625,1.0,1.0,0.765625,0.984375,1.0,-0.07702404102304178,0.4277509089117473,0.46875,0.421875
983,baseline_first,0.15607919143879073,0.0702101482926766,0.390625,0.1875,0.84375,1.0,0.71875,0.96875,1.0,0.0,0.0,0.0,0.0
983,oracle_min_ehull,0.0579939722611663,0.03140221592127933,0.84375,0.453125,1.0,1.0,0.59375,0.9375,1.0,-0.09808521917762443,-0.5527396439845607,0.453125,0.265625
983,oracle_min_rmsd,0.09907916649379363,0.006352681004717547,0.59375,0.234375,1.0,1.0,0.546875,0.921875,1.0,-0.057000024944997105,-0.9095190487529539,0.203125,0.046875
983,oracle_stable_quality,0.0579939722611663,0.03140221592127933,0.84375,0.453125,1.0,1.0,0.59375,0.9375,1.0,-0.09808521917762443,-0.5527396439845607,0.453125,0.265625
983,oracle_nus_quality,0.06599796752470372,0.03605790306992937,0.84375,0.578125,1.0,1.0,0.75,0.9375,1.0,-0.09008122391408702,-0.4864289002834872,0.453125,0.390625
984,baseline_first,0.14385184936492187,0.07218851824143394,0.375,0.234375,0.859375,1.0,0.765625,0.9375,1.0,0.0,0.0,0.0,0.0
984,oracle_min_ehull,0.06020748598783786,0.05467879207050849,0.875,0.453125,1.0,1.0,0.546875,0.90625,1.0,-0.08364436337708402,-0.24255555588998656,0.5,0.21875
984,oracle_min_rmsd,0.10216777314443047,0.005425517557971033,0.578125,0.203125,1.0,1.0,0.5,0.921875,1.0,-0.0416840762204914,-0.9248423753508082,0.203125,-0.03125
984,oracle_stable_quality,0.06020748598783786,0.05467879207050849,0.875,0.453125,1.0,1.0,0.546875,0.90625,1.0,-0.08364436337708402,-0.24255555588998656,0.5,0.21875
984,oracle_nus_quality,0.06692636112434454,0.059270949679090246,0.875,0.59375,1.0,1.0,0.734375,0.953125,1.0,-0.07692548824057734,-0.17894214865501168,0.5,0.359375
985,baseline_first,0.13140156452198892,0.06128053581146091,0.46875,0.28125,0.84375,1.0,0.765625,0.96875,1.0,0.0,0.0,0.0,0.0
985,oracle_min_ehull,0.05914658254838254,0.023334028969836204,0.875,0.546875,1.0,1.0,0.65625,0.921875,1.0,-0.07225498197360639,-0.619226094209963,0.40625,0.265625
985,oracle_min_rmsd,0.09846558237947803,0.00627580369046723,0.625,0.296875,1.0,1.0,0.640625,0.9375,1.0,-0.032935982142510895,-0.8975889553287244,0.15625,0.015625
985,oracle_stable_quality,0.05914658254838254,0.023334028969836204,0.875,0.546875,1.0,1.0,0.65625,0.921875,1.0,-0.07225498197360639,-0.619226094209963,0.40625,0.265625
985,oracle_nus_quality,0.06495539934650052,0.045614867504475666,0.875,0.671875,1.0,1.0,0.796875,0.96875,1.0,-0.0664461651754884,-0.2556385661375923,0.40625,0.390625
986,baseline_first,0.1433111323319562,0.10092800525917361,0.34375,0.1875,0.859375,1.0,0.8125,0.984375,1.0,0.0,0.0,0.0,0.0
986,oracle_min_ehull,0.05977166572730416,0.014500367466920244,0.859375,0.578125,1.0,1.0,0.6875,0.921875,1.0,-0.08353946660465203,-0.8563295942520149,0.515625,0.390625
986,oracle_min_rmsd,0.09667026017428788,0.006434451698601603,0.609375,0.28125,1.0,1.0,0.578125,0.921875,1.0,-0.04664087215766831,-0.9362471131567642,0.265625,0.09375
986,oracle_stable_quality,0.05977166572730416,0.014500367466920244,0.859375,0.578125,1.0,1.0,0.6875,0.921875,1.0,-0.08353946660465203,-0.8563295942520149,0.515625,0.390625
986,oracle_nus_quality,0.06608312291213184,0.0189226907804328,0.859375,0.703125,1.0,1.0,0.859375,0.953125,1.0,-0.07722800941982436,-0.8125129815868142,0.515625,0.515625
987,baseline_first,0.15038359112183747,0.038197007536426214,0.390625,0.21875,0.8125,1.0,0.71875,0.953125,1.0,0.0,0.0,0.0,0.0
987,oracle_min_ehull,0.061446399819254635,0.04218131788946707,0.828125,0.375,1.0,1.0,0.546875,0.90625,1.0,-0.08893719130258283,0.10430948940807094,0.4375,0.15625
987,oracle_min_rmsd,0.10564527445539604,0.00723386381947657,0.625,0.265625,1.0,1.0,0.578125,0.875,1.0,-0.04473831666644143,-0.810617001539242,0.234375,0.046875
987,oracle_stable_quality,0.061446399819254635,0.04218131788946707,0.828125,0.375,1.0,1.0,0.546875,0.90625,1.0,-0.08893719130258283,0.10430948940807094,0.4375,0.15625
987,oracle_nus_quality,0.06790099716707743,0.03425977432479643,0.828125,0.53125,1.0,1.0,0.71875,0.953125,1.0,-0.08248259395476004,-0.1030770069585969,0.4375,0.3125
988,baseline_first,0.13532595385385335,0.061779706600046516,0.296875,0.140625,0.828125,1.0,0.6875,0.921875,1.0,0.0,0.0,0.0,0.0
988,oracle_min_ehull,0.058636540726090786,0.04130515514047308,0.875,0.46875,1.0,1.0,0.609375,0.90625,1.0,-0.07668941312776256,-0.331412248234245,0.578125,0.328125
988,oracle_min_rmsd,0.0969326680335243,0.006463290616245697,0.625,0.28125,1.0,1.0,0.59375,0.90625,1.0,-0.038393285820329054,-0.8953816556933789,0.328125,0.140625
988,oracle_stable_quality,0.058636540726090786,0.04130515514047308,0.875,0.46875,1.0,1.0,0.609375,0.90625,1.0,-0.07668941312776256,-0.331412248234245,0.578125,0.328125
988,oracle_nus_quality,0.06240878278530835,0.03438676766534826,0.875,0.609375,1.0,1.0,0.75,0.953125,1.0,-0.072917171068545,-0.4433970383193375,0.578125,0.46875
989,baseline_first,0.13789294996831533,0.057705467313180575,0.5,0.28125,0.8125,1.0,0.71875,0.9375,1.0,0.0,0.0,0.0,0.0
989,oracle_min_ehull,0.05894860560996078,0.028982493498032905,0.84375,0.4375,1.0,1.0,0.546875,0.921875,1.0,-0.07894434435835455,-0.4977513423340222,0.34375,0.15625
989,oracle_min_rmsd,0.10562380684148606,0.004753586775766228,0.5625,0.234375,1.0,1.0,0.5625,0.921875,1.0,-0.03226914312682927,-0.9176232860230134,0.0625,-0.046875
989,oracle_stable_quality,0.05894860560996078,0.028982493498032905,0.84375,0.4375,1.0,1.0,0.546875,0.921875,1.0,-0.07894434435835455,-0.4977513423340222,0.34375,0.15625
989,oracle_nus_quality,0.06545964471644146,0.05066912527029526,0.84375,0.59375,1.0,1.0,0.75,0.96875,1.0,-0.07243330525187387,-0.12193544858925587,0.34375,0.3125
990,baseline_first,0.14182876325092958,0.04155028893293485,0.40625,0.171875,0.90625,1.0,0.6875,0.921875,1.0,0.0,0.0,0.0,0.0
990,oracle_min_ehull,0.06519007248764729,0.02632995352921645,0.828125,0.484375,1.0,1.0,0.640625,0.953125,1.0,-0.0766386907632823,-0.3663111808508748,0.421875,0.3125
990,oracle_min_rmsd,0.11309941460220396,0.006855216588558948,0.515625,0.1875,1.0,1.0,0.5625,0.9375,1.0,-0.028729348648725617,-0.835013985110338,0.109375,0.015625
990,oracle_stable_quality,0.06519007248764729,0.02632995352921645,0.828125,0.484375,1.0,1.0,0.640625,0.953125,1.0,-0.0766386907632823,-0.3663111808508748,0.421875,0.3125
990,oracle_nus_quality,0.06995084834105283,0.038658863077444566,0.828125,0.625,1.0,1.0,0.78125,0.96875,1.0,-0.07187791490987674,-0.0695885860181924,0.421875,0.453125
991,baseline_first,0.14254940282020095,0.03969698002912386,0.390625,0.203125,0.875,1.0,0.703125,0.921875,1.0,0.0,0.0,0.0,0.0
991,oracle_min_ehull,0.05951438521411702,0.05502358242357164,0.859375,0.421875,1.0,1.0,0.546875,0.953125,1.0,-0.08303501760608394,0.38608988349248086,0.46875,0.21875
991,oracle_min_rmsd,0.09467539164175913,0.007252192449560962,0.671875,0.28125,1.0,1.0,0.515625,0.90625,1.0,-0.047874011178441825,-0.817311230117748,0.28125,0.078125
991,oracle_stable_quality,0.05951438521411702,0.05502358242357164,0.859375,0.421875,1.0,1.0,0.546875,0.953125,1.0,-0.08303501760608394,0.38608988349248086,0.46875,0.21875
991,oracle_nus_quality,0.0653374468295716,0.049375097140879454,0.859375,0.59375,1.0,1.0,0.734375,0.96875,1.0,-0.07721195599062936,0.24379983325318944,0.46875,0.390625
992,baseline_first,0.14960549919105334,0.058952525457533725,0.484375,0.296875,0.828125,1.0,0.765625,0.96875,1.0,0.0,0.0,0.0,0.0
992,oracle_min_ehull,0.06307838980733235,0.02355933638758903,0.828125,0.40625,1.0,1.0,0.546875,0.890625,1.0,-0.08652710938372099,-0.6003676482942206,0.34375,0.109375
992,oracle_min_rmsd,0.08931783566605389,0.005378739250904463,0.671875,0.265625,1.0,1.0,0.5,0.875,1.0,-0.06028766352499945,-0.9087615126042561,0.1875,-0.03125
992,oracle_stable_quality,0.06307838980733235,0.02355933638758903,0.828125,0.40625,1.0,1.0,0.546875,0.890625,1.0,-0.08652710938372099,-0.6003676482942206,0.34375,0.109375
992,oracle_nus_quality,0.07324978646447491,0.03667388246535133,0.828125,0.625,1.0,1.0,0.796875,0.96875,1.0,-0.07635571272657843,-0.3779082035803665,0.34375,0.328125
993,baseline_first,0.13103760974213025,0.05188012476359331,0.5,0.265625,0.859375,1.0,0.703125,0.9375,1.0,0.0,0.0,0.0,0.0
993,oracle_min_ehull,0.06039621314297965,0.04264213057667486,0.859375,0.421875,1.0,1.0,0.53125,0.90625,1.0,-0.07064139659915059,-0.17806422457567372,0.359375,0.15625
993,oracle_min_rmsd,0.09551985424934478,0.006097416849252269,0.625,0.25,1.0,1.0,0.5625,0.90625,1.0,-0.03551775549278546,-0.8824710449900246,0.125,-0.015625
993,oracle_stable_quality,0.06039621314297965,0.04264213057667486,0.859375,0.421875,1.0,1.0,0.53125,0.90625,1.0,-0.07064139659915059,-0.17806422457567372,0.359375,0.15625
993,oracle_nus_quality,0.06945130983089542,0.045624416427268395,0.859375,0.625,1.0,1.0,0.765625,0.96875,1.0,-0.06158629991123482,-0.12058005575026753,0.359375,0.359375
994,baseline_first,0.1402585940057015,0.053104257531586825,0.375,0.21875,0.8125,1.0,0.734375,0.984375,1.0,0.0,0.0,0.0,0.0
994,oracle_min_ehull,0.053788009903293715,0.04458946611782671,0.875,0.484375,1.0,1.0,0.578125,0.890625,1.0,-0.0864705841024078,-0.16034103120066134,0.5,0.265625
994,oracle_min_rmsd,0.0958327495030967,0.005886099725308687,0.640625,0.265625,1.0,1.0,0.515625,0.90625,1.0,-0.04442584450260481,-0.8891595514388354,0.265625,0.046875
994,oracle_stable_quality,0.053788009903293715,0.04458946611782671,0.875,0.484375,1.0,1.0,0.578125,0.890625,1.0,-0.0864705841024078,-0.16034103120066134,0.5,0.265625
994,oracle_nus_quality,0.05929354394440971,0.048152740092269025,0.875,0.546875,1.0,1.0,0.671875,0.921875,1.0,-0.0809650500612918,-0.09324143994241141,0.5,0.328125
995,baseline_first,0.14472613842365462,0.05964810413552318,0.4375,0.25,0.84375,1.0,0.75,0.96875,1.0,0.0,0.0,0.0,0.0
995,oracle_min_ehull,0.06001349607304972,0.042534333025393355,0.84375,0.421875,1.0,1.0,0.5625,0.921875,1.0,-0.0847126423506049,-0.28691223900841123,0.40625,0.171875
995,oracle_min_rmsd,0.09936097304974757,0.007496709188465719,0.625,0.25,1.0,1.0,0.5625,0.921875,1.0,-0.04536516537390704,-0.8743177290022017,0.1875,0.0
995,oracle_stable_quality,0.06001349607304972,0.042534333025393355,0.84375,0.421875,1.0,1.0,0.5625,0.921875,1.0,-0.0847126423506049,-0.28691223900841123,0.40625,0.171875
995,oracle_nus_quality,0.06556350743817667,0.034974146299993666,0.84375,0.546875,1.0,1.0,0.71875,0.953125,1.0,-0.07916263098547795,-0.41365871041716884,0.40625,0.296875
996,baseline_first,0.13953145604283995,0.09893901868327994,0.40625,0.25,0.828125,1.0,0.796875,0.984375,1.0,0.0,0.0,0.0,0.0
996,oracle_min_ehull,0.057095558162062535,0.02980348624026659,0.921875,0.5,1.0,1.0,0.578125,0.921875,1.0,-0.08243589788077742,-0.6987691343930502,0.515625,0.25
996,oracle_min_rmsd,0.10356565439713442,0.009187585684233276,0.59375,0.25,1.0,1.0,0.5625,0.890625,1.0,-0.035965801645705536,-0.9071389042815934,0.1875,0.0
996,oracle_stable_quality,0.057095558162062535,0.02980348624026659,0.921875,0.5,1.0,1.0,0.578125,0.921875,1.0,-0.08243589788077742,-0.6987691343930502,0.515625,0.25
996,oracle_nus_quality,0.062420532457885404,0.027195622319222332,0.921875,0.703125,1.0,1.0,0.78125,0.96875,1.0,-0.07711092358495455,-0.7251274301973826,0.515625,0.453125
997,baseline_first,0.14933645888367242,0.04420417728397287,0.5,0.25,0.859375,1.0,0.6875,0.953125,1.0,0.0,0.0,0.0,0.0
997,oracle_min_ehull,0.05838026429863146,0.0172895953729832,0.859375,0.484375,1.0,1.0,0.609375,0.90625,1.0,-0.09095619458504095,-0.6088696490851353,0.359375,0.234375
997,oracle_min_rmsd,0.08801809698815133,0.006265053153736775,0.65625,0.265625,1.0,1.0,0.515625,0.875,1.0,-0.06131836189552109,-0.8582701106845778,0.15625,0.015625
997,oracle_stable_quality,0.05838026429863146,0.0172895953729832,0.859375,0.484375,1.0,1.0,0.609375,0.90625,1.0,-0.09095619458504095,-0.6088696490851353,0.359375,0.234375
997,oracle_nus_quality,0.06491046446024891,0.03652311237119336,0.859375,0.625,1.0,1.0,0.75,0.953125,1.0,-0.08442599442342351,-0.17376332701399333,0.359375,0.375
998,baseline_first,0.14077445512204032,0.09940465381176035,0.4375,0.265625,0.90625,1.0,0.796875,0.96875,1.0,0.0,0.0,0.0,0.0
998,oracle_min_ehull,0.06224536029108249,0.03258929680918562,0.859375,0.4375,1.0,1.0,0.515625,0.90625,1.0,-0.07852909483095782,-0.672155220510108,0.421875,0.171875
998,oracle_min_rmsd,0.10530568149110438,0.005216555038723823,0.59375,0.265625,1.0,1.0,0.578125,0.921875,1.0,-0.03546877363093594,-0.9475220239828785,0.15625,0.0
998,oracle_stable_quality,0.06224536029108249,0.03258929680918562,0.859375,0.4375,1.0,1.0,0.515625,0.90625,1.0,-0.07852909483095782,-0.672155220510108,0.421875,0.171875
998,oracle_nus_quality,0.070984628990446,0.035198693559450905,0.859375,0.609375,1.0,1.0,0.75,0.953125,1.0,-0.06978982613159432,-0.6459049731604556,0.421875,0.34375
999,baseline_first,0.14000346910385605,0.0734821790441465,0.4375,0.28125,0.828125,1.0,0.8125,0.953125,1.0,0.0,0.0,0.0,0.0
999,oracle_min_ehull,0.060182976711231136,0.017836768705649993,0.84375,0.5,1.0,1.0,0.578125,0.953125,1.0,-0.07982049239262493,-0.7572640205057876,0.40625,0.21875
999,oracle_min_rmsd,0.10619020052629531,0.006426147854093869,0.546875,0.234375,1.0,1.0,0.5625,0.9375,1.0,-0.03381326857756074,-0.912548213217341,0.109375,-0.046875
999,oracle_stable_quality,0.060182976711231136,0.017836768705649993,0.84375,0.5,1.0,1.0,0.578125,0.953125,1.0,-0.07982049239262493,-0.7572640205057876,0.40625,0.21875
999,oracle_nus_quality,0.07612440368201678,0.023781810872531107,0.84375,0.5625,1.0,1.0,0.734375,0.953125,1.0,-0.06387906542183927,-0.6763594767890115,0.40625,0.28125
