method,seed,split,pred_energy_above_hull_per_atom,std_energy_above_hull_per_atom,pred_rmsd_from_relaxation,std_rmsd_from_relaxation,prob_stable,std_prob_stable,prob_novel_unique_stable,std_prob_novel_unique_stable,prob_comp_validity,std_prob_comp_validity,prob_novel,std_prob_novel,prob_unique,std_prob_unique
A0,20000,train,0.08132867840550559,0.015761520710892575,0.015335593558449526,0.004760707362151399,0.5742883,0.070700645,0.58937204,0.047288444,0.5919266,0.034587055,0.4757161,0.034858506,0.60082453,0.08276505
C0,20000,train,0.0907851538466855,0.00646482030523431,0.006591310865889129,0.001987231491626875,0.5989586,0.043981995,0.4422133,0.06266434,0.5716109,0.014132913,0.4351302,0.061892547,0.5829811,0.05036131
G3,20000,train,0.12689911352499283,0.03523765386197749,0.026995785878072255,0.008196697901176863,0.4951354,0.072502665,0.53169423,0.08399462,0.52888,0.021028679,0.54876214,0.087728396,0.6142104,0.08781187
A0,20001,train,0.14232717626467267,0.015696364598733085,0.05375026958380612,0.029395816951678765,0.42237467,0.098857544,0.5246088,0.040393677,0.5162512,0.03629012,0.58775723,0.11404519,0.6102355,0.1080731
C0,20001,train,0.15447508614595123,0.03135622242100477,0.05848959968981372,0.014327588431046223,0.40528113,0.05556941,0.40265673,0.044269864,0.4597757,0.037998665,0.53597665,0.0421311,0.59529096,0.10800518
G3,20001,train,0.1316316232372675,0.02338562415411361,0.03863411177263664,0.0193312938564633,0.4288951,0.112323835,0.5450594,0.088383056,0.524968,0.042678162,0.5823641,0.11462648,0.63777626,0.090746775
A0,20002,train,0.0495793256994599,0.008339030089619396,0.0046927834314222285,0.000984778777774493,0.6783214,0.121062465,0.6131375,0.107787885,0.64096075,0.071638644,0.4250865,0.08834985,0.5984728,0.0812665
C0,20002,train,0.10099764429431535,0.02765058388521932,0.005350664116772798,0.0018229705355679144,0.5728129,0.03327842,0.48387432,0.05230054,0.59097254,0.050616756,0.4645818,0.050826278,0.57132787,0.024280382
G3,20002,train,0.05854009643116668,0.006223922984493768,0.005918573300695883,0.0022693998106676732,0.6626637,0.10268574,0.591704,0.046469443,0.624399,0.058408435,0.41371006,0.10258454,0.5840649,0.069963835
A0,20003,train,0.12181558807000445,0.02586378788245184,0.045240472184130485,0.024986841525549364,0.46820432,0.06560292,0.4861671,0.053367913,0.5181555,0.03654503,0.5451249,0.10919124,0.6131795,0.08929396
C0,20003,train,0.07046305626204842,0.005913818130422279,0.01315309976960154,0.0044176099889381105,0.6179577,0.08523012,0.64129573,0.10225244,0.6133669,0.06640476,0.4729258,0.03929514,0.62022495,0.08609517
G3,20003,train,0.06487849261938322,0.021392883254835543,0.00968598834453192,0.0011090383877952576,0.647473,0.116787024,0.528654,0.04821086,0.5967308,0.030357635,0.39585623,0.117470585,0.61201227,0.052228253
A0,20004,train,0.06805014030869738,0.008697922075888006,0.013021447423551949,0.0031457989285045914,0.6169504,0.072327055,0.52468276,0.041027945,0.5837547,0.023983382,0.4110003,0.051399324,0.62523353,0.06886014
C0,20004,train,0.08306610731375687,0.009047431565750153,0.006381607231229576,0.002229366671447472,0.6032187,0.06364352,0.43783227,0.08792306,0.57156044,0.0120423,0.41150817,0.096446894,0.60146,0.042043906
G3,20004,train,0.06265862649188143,0.009898001833602958,0.0027924944766514045,0.0011452921128169446,0.66541165,0.09736675,0.49879774,0.020897841,0.62312675,0.04042275,0.40154853,0.1141831,0.5908028,0.030524235
A0,20005,train,0.053887083149756335,0.009576057614583657,0.00977801263519798,0.0027289128484409113,0.6470429,0.09459698,0.6340317,0.10704206,0.62692237,0.065728344,0.45002398,0.071934864,0.62041205,0.093530305
C0,20005,train,0.05934739137572224,0.019273986646187655,0.012476601403473373,0.003605417722511649,0.64494,0.12644917,0.64863694,0.13055159,0.63084215,0.06644491,0.4555416,0.08045328,0.6164187,0.08835729
G3,20005,train,0.067495390609516,0.008522547234354394,0.008616353530597158,0.003650839223282962,0.61886364,0.043639567,0.59133375,0.050071348,0.61357796,0.03807963,0.47664237,0.032976445,0.60547316,0.07873743
A0,20006,train,0.17336763134785668,0.021248513427771818,0.019243105849161554,0.009703415499913635,0.43103036,0.028219804,0.37988487,0.09288854,0.5552026,0.029348731,0.5053839,0.043741245,0.58153576,0.054579742
C0,20006,train,0.21393489562471363,0.02739652431278534,0.08091525593441919,0.060677006565253266,0.34105486,0.121766664,0.35523105,0.110887565,0.47621566,0.075246215,0.61342543,0.12548707,0.6054403,0.101919375
G3,20006,train,0.25254420111606474,0.023651633533258085,0.02671466744093799,0.0070410208047056045,0.34165123,0.10745262,0.31308028,0.113876075,0.50981885,0.033305433,0.5335087,0.05060084,0.57878864,0.042191382
A0,20007,train,0.1320234617023948,0.03084709949333739,0.053568673326511676,0.007529440773218772,0.44245535,0.03422683,0.55289537,0.06543181,0.49873132,0.039257497,0.5516848,0.052316196,0.6038569,0.104816124
C0,20007,train,0.15857205861149862,0.023551347020047866,0.031105647497790927,0.013236240636296219,0.45390075,0.05153988,0.4574337,0.04537532,0.5083766,0.052945178,0.53690803,0.022665586,0.6017078,0.06390638
G3,20007,train,0.11965493770655751,0.023568122564516753,0.048632515358971895,0.007696742459454231,0.45320034,0.03608731,0.56988764,0.07268749,0.49968594,0.049382117,0.5555886,0.04238379,0.6083554,0.10430876
A0,20008,train,0.07846228551937606,0.0214210007462022,0.004985909550671642,0.0017173124907970151,0.6221473,0.044730715,0.5495095,0.05083202,0.60379994,0.037415445,0.43694323,0.058421932,0.57010585,0.06253201
C0,20008,train,0.06418425645891704,0.012675450293903504,0.0089620453167052,0.0026277046427813718,0.6505486,0.12318648,0.63876015,0.114281796,0.61577976,0.08421942,0.43772382,0.07450252,0.6098371,0.09620039
G3,20008,train,0.07431876653553576,0.01902716102272266,0.0038641435306572547,0.0031632091338438246,0.6421633,0.04920853,0.5023922,0.06518744,0.60728973,0.04063583,0.39506304,0.08934723,0.5637188,0.035095826
A0,20009,train,0.04786791701473738,0.009387474072764575,0.006255970109073118,0.0016434092621868005,0.6829858,0.12565361,0.6579549,0.11826472,0.6358566,0.067993246,0.4243311,0.10986316,0.6047689,0.08747649
C0,20009,train,0.052452780728368543,0.008393077465167683,0.005766605158730299,0.001346040730482916,0.6814469,0.110458665,0.63872695,0.09900097,0.6275726,0.060701292,0.42691413,0.11159501,0.5991258,0.092058286
G3,20009,train,0.07250888577832655,0.01179357320040401,0.0034225409326474067,0.0018854438292631778,0.6290184,0.07204083,0.5455829,0.016041981,0.6208233,0.05209708,0.4195479,0.08095376,0.57821894,0.050988622
A0,20010,train,0.2830375826453292,0.025162014048853223,0.11527593704491981,0.04278365373372803,0.3025586,0.11839997,0.32175535,0.11758822,0.46104836,0.06215432,0.6085454,0.12181191,0.5858221,0.100758255
C0,20010,train,0.1765300151889439,0.017253292299883566,0.012356366557643472,0.004442982394465932,0.44881612,0.0378728,0.41977006,0.064185224,0.5646182,0.029627364,0.50969374,0.043186303,0.60774904,0.041898027
G3,20010,train,0.2673153371991332,0.02364328736557936,0.16572622707831036,0.087374979234628,0.3019086,0.119386904,0.34284937,0.12314494,0.4466858,0.0764766,0.62236416,0.1386926,0.5893974,0.111717746
A0,20011,train,0.07317560412757948,0.017999433440707674,0.003084395439656466,0.002120992487279039,0.62267077,0.04739812,0.5204206,0.069502026,0.59882516,0.026416091,0.41729888,0.08042038,0.58320993,0.046531606
C0,20011,train,0.25308392001056096,0.020766178101766116,0.10476918112713088,0.03507045454507032,0.31874248,0.10965495,0.34316558,0.12212333,0.4511947,0.07009557,0.61411315,0.10862993,0.5981994,0.09422392
G3,20011,train,0.06687099410141474,0.01564400873574134,0.006010814968538711,0.001782563763290581,0.6479239,0.07662955,0.5929612,0.028045934,0.6301953,0.050423387,0.4393149,0.08242962,0.60522753,0.0571277
A0,20012,train,0.0822251164675982,0.009807953596606897,0.019848026319544805,0.010814506221904588,0.57554877,0.035911977,0.63149536,0.08699873,0.5931212,0.04269152,0.5280188,0.0522866,0.614575,0.11575109
C0,20012,train,0.0608310744623641,0.007916727297853157,0.020660957688563082,0.014173842478065593,0.61055213,0.06182201,0.6174599,0.09085278,0.6058051,0.026731515,0.50545913,0.054423507,0.6105159,0.08651839
G3,20012,train,0.08405872966660208,0.031229657384313138,0.005889336871081345,0.0013228025135631736,0.59302866,0.040667605,0.54530954,0.055700343,0.6099213,0.039236385,0.47097397,0.053140223,0.5801051,0.030079154
A0,20013,train,0.07913893330766322,0.010154509041748546,0.003979986112275598,0.0008140855598123195,0.60379875,0.06886737,0.5221008,0.04726161,0.6076737,0.040054377,0.42236423,0.087180436,0.60008806,0.056194145
C0,20013,train,0.08636634787071654,0.03391859158273669,0.008021042101155201,0.0020522955833342273,0.59346527,0.034209818,0.5547348,0.07363002,0.5872992,0.033127893,0.48398393,0.019602299,0.6099132,0.072521225
G3,20013,train,0.07855553581169808,0.0037759922066138356,0.003355961034494146,0.001436519785555679,0.61124516,0.073241934,0.49622923,0.06731012,0.60155356,0.033719454,0.42183512,0.09954313,0.590223,0.044155058
A0,20014,train,0.2453955799223934,0.025720674583794498,0.05975884382261874,0.014329111076314105,0.29913053,0.09564446,0.33680546,0.13198042,0.46772546,0.04384804,0.55267143,0.06605699,0.5856655,0.0721504
C0,20014,train,0.24623606596266642,0.027912888437594117,0.058605886080913994,0.015057998897830322,0.29876897,0.094080344,0.3340879,0.13160717,0.47068587,0.043524366,0.55000293,0.059621096,0.5847228,0.07047209
G3,20014,train,0.28568096885566086,0.022410192000961247,0.0778820584734505,0.011987733805514584,0.27831393,0.11322873,0.32072634,0.13996373,0.44989547,0.059574522,0.58231413,0.10077436,0.58676493,0.08599582
A0,20015,train,0.25208531516864563,0.01922581784126274,0.12099696831204283,0.046710510064532744,0.2941664,0.10298442,0.353926,0.10190092,0.47159234,0.05011605,0.6177944,0.12174991,0.586349,0.098699056
C0,20015,train,0.24557625597044966,0.020014346204649237,0.09514754502020514,0.019549230442100152,0.28737536,0.09742863,0.35853153,0.11664785,0.48563147,0.062266715,0.6074108,0.10632416,0.59633535,0.0846477
G3,20015,train,0.26719917598339105,0.030322841781145648,0.0641684087942858,0.015767102542083487,0.3056978,0.11469023,0.3456987,0.13582137,0.47936934,0.06620031,0.60814345,0.11428495,0.60802543,0.065854095
A0,20016,train,0.07326523155269977,0.02948115058833791,0.010505648650976425,0.004685069893048637,0.6202695,0.12306033,0.5863495,0.09772095,0.59199446,0.050634146,0.42416996,0.12729208,0.60005635,0.06755409
C0,20016,train,0.05724368912569713,0.013261621036737994,0.007309210289106338,0.003098006212299337,0.66291094,0.11061852,0.5325731,0.058744073,0.61049366,0.0386289,0.38165087,0.09685261,0.6002675,0.05209007
G3,20016,train,0.04830526977377858,0.011864447546456077,0.004740639753070184,0.0014927971763895357,0.67296904,0.1118107,0.5255521,0.05664524,0.61702454,0.036825985,0.38009185,0.11102264,0.5934245,0.033815023
A0,20017,train,0.2978205890593554,0.022598602795004898,0.07234865250497952,0.013722391223836498,0.27753395,0.11100252,0.31349045,0.13519688,0.45800036,0.051516388,0.5767,0.096956685,0.5823811,0.08004513
C0,20017,train,0.22863227939250724,0.024073289872276336,0.08856697348878988,0.02808075414881679,0.30424717,0.11324346,0.34670132,0.14233434,0.4475228,0.0709191,0.586678,0.118439406,0.5911399,0.097742744
G3,20017,train,0.3099458986828942,0.026038758326061087,0.07949826327815354,0.014182815418354925,0.27643734,0.11494273,0.3096155,0.1356653,0.45637465,0.057697803,0.58439475,0.10404821,0.5820719,0.08408376
A0,20018,train,0.28693559615354114,0.020069579282939218,0.07834825506419582,0.012512014599784403,0.28680512,0.11152942,0.2950526,0.12513763,0.4573501,0.063696235,0.57056487,0.08975201,0.58534867,0.078968905
C0,20018,train,0.2680631457064698,0.0127329943387212,0.05962095005063246,0.004856816544644823,0.3052029,0.11598705,0.30857402,0.13394551,0.46691436,0.05977763,0.5730808,0.07980981,0.59276485,0.06264774
G3,20018,train,0.2646813244472101,0.028542227483995878,0.034492957404898536,0.008818846816903373,0.31727785,0.098600335,0.30611736,0.11288086,0.4897739,0.04016696,0.5338913,0.053895783,0.5755534,0.051474348
A0,20019,train,0.09686204196043754,0.014852100751145339,0.009802403304410599,0.0046911019398759544,0.5655634,0.047502153,0.38541445,0.11514637,0.55030286,0.045030873,0.41987577,0.06164169,0.58619994,0.034509614
C0,20019,train,0.07132330284897984,0.012810040202649245,0.003670820877814605,0.0017288316822403906,0.6328004,0.06963953,0.47149125,0.069640055,0.61557645,0.03531058,0.39173892,0.09383118,0.5830678,0.024292143
G3,20019,train,0.23168444467187524,0.034066194042538994,0.14317711409677988,0.0848485996146353,0.32454348,0.13134208,0.33985877,0.12697591,0.44612855,0.08069544,0.605262,0.12826054,0.59253633,0.11544233
A0,20020,train,0.1845337989753753,0.024865497418822564,0.02000243692195941,0.007436024590594756,0.42985076,0.063559785,0.41357931,0.09271042,0.54615366,0.03055536,0.5373188,0.04301121,0.57369655,0.038861
C0,20020,train,0.2140447440014986,0.03544018758104871,0.08091867372989145,0.014860428590161972,0.34192812,0.08353927,0.3692487,0.06822859,0.47407895,0.04822766,0.5881173,0.09677509,0.6057088,0.09650256
G3,20020,train,0.17862147222291186,0.037315389381286736,0.026279045393966936,0.011210750509087836,0.42104062,0.092270926,0.40453443,0.1204318,0.5292433,0.03817095,0.5483557,0.05653326,0.5820505,0.05288593
A0,20021,train,0.2072163950222504,0.020983210941979937,0.028627581308059598,0.005875455521879878,0.37101963,0.091637954,0.32171324,0.1316492,0.4688216,0.054418065,0.52568436,0.034562714,0.5943169,0.044134993
C0,20021,train,0.28366984706127096,0.023741520035756882,0.1468479227235892,0.07887757817960868,0.29836768,0.12171002,0.32957903,0.12825766,0.44232073,0.07539111,0.61050886,0.13448212,0.5930784,0.106620505
G3,20021,train,0.261262070959529,0.02527006490638773,0.0652954601552424,0.024381035313838756,0.3243303,0.123394854,0.34945425,0.13879687,0.47596425,0.05385458,0.5953704,0.124740474,0.5988328,0.07917152
A0,20022,train,0.07969406569550574,0.022904455447475703,0.004710017357300208,0.003838196050363568,0.6262118,0.043989252,0.52231705,0.04698674,0.6123831,0.05076053,0.4244357,0.08682464,0.57333314,0.026596494
C0,20022,train,0.05047076505528536,0.006742582451164719,0.005672363531549697,0.001350155688018491,0.67061186,0.1110719,0.5775038,0.06579099,0.61702764,0.055456687,0.40193057,0.09250542,0.60296863,0.06065746
G3,20022,train,0.1447346280336299,0.08846683345428566,0.04979227706762808,0.06000809831538515,0.45255905,0.17418519,0.50003016,0.1718012,0.521778,0.08247276,0.58306384,0.15065397,0.61806,0.08784404
A0,20023,train,0.2659148599364543,0.017538065590623392,0.08261264598715834,0.017310140233760336,0.30974668,0.11861917,0.3034483,0.12197749,0.46988282,0.06782659,0.6007023,0.099355556,0.5876426,0.067738354
C0,20023,train,0.25200810005058244,0.01508044813302536,0.07001975631717224,0.013014643005181278,0.32240388,0.118189365,0.3074429,0.12266413,0.46816677,0.06882647,0.5952328,0.08903662,0.58789134,0.058202066
G3,20023,train,0.306079473639294,0.024947674176036987,0.10694260681885234,0.030336505284622645,0.28817773,0.120323874,0.29460818,0.128706,0.45959052,0.07075173,0.6068196,0.11384183,0.58803284,0.08676134
A0,20024,train,0.06874130948447152,0.008690586656262548,0.016083370029398143,0.003797965418253526,0.61306214,0.07595313,0.50308526,0.05128296,0.55467266,0.013326702,0.42528945,0.06505972,0.6224041,0.07809049
C0,20024,train,0.08497992863678253,0.015799244029728043,0.006640100872353455,0.0017495342589073657,0.59708905,0.049494646,0.5396124,0.03944842,0.605847,0.029740779,0.4576098,0.04297113,0.5807222,0.056430183
G3,20024,train,0.06897783101958418,0.009010653374885106,0.004106098610428086,0.0018217594518288953,0.65385884,0.09861494,0.5709753,0.024257652,0.6109754,0.058663204,0.425631,0.102743216,0.58439773,0.049321007
A0,20025,train,0.226033755468335,0.02543588860803273,0.1055685614125732,0.04633140284202498,0.31418067,0.1259164,0.34950203,0.122482195,0.45224506,0.07781339,0.60486376,0.117024526,0.5921354,0.11116545
C0,20025,train,0.24136828331295393,0.0370046256813694,0.07177003622817997,0.018856276497718004,0.32441074,0.122203894,0.33497244,0.10621756,0.45726982,0.042733606,0.59088326,0.09519209,0.5903842,0.10772428
G3,20025,train,0.2573469306646662,0.0238903843322003,0.06806380747100985,0.015144190231159491,0.30696544,0.11881337,0.31220216,0.123012744,0.46346793,0.06151937,0.58743286,0.08460298,0.5937635,0.086377315
A0,20026,train,0.2819117342272672,0.01347406173262507,0.10699795500398439,0.04147608871665708,0.29739064,0.11839169,0.31159997,0.12801774,0.4451398,0.07082218,0.60146046,0.117119156,0.5839253,0.10001241
C0,20026,train,0.2380349066420473,0.026554668130508333,0.08473089239354406,0.021241445835283475,0.30860856,0.10394177,0.33188146,0.11665822,0.46773964,0.06371504,0.5761268,0.08100219,0.57966155,0.093817376
G3,20026,train,0.2869869839739721,0.02190414593970842,0.09369947596480652,0.028382689122736324,0.28867215,0.115794145,0.29192525,0.12402792,0.45040765,0.065678015,0.5806779,0.10604727,0.5808815,0.09617923
A0,20027,train,0.06923371665576905,0.01887366896089718,0.012467704031440974,0.0047099693547443195,0.6063465,0.14211741,0.6276654,0.12215161,0.5992707,0.08584764,0.44493118,0.09779475,0.604352,0.061619256
C0,20027,train,0.14481251030019004,0.01883131652991638,0.005331769991094392,0.0017661111442140922,0.52632976,0.023319636,0.44041365,0.06813706,0.58483076,0.03320755,0.47052544,0.03694178,0.5882532,0.038819212
G3,20027,train,0.06081421216533548,0.01915686932904101,0.01573545303768813,0.0045076701509496955,0.61335367,0.13577218,0.6444697,0.11251186,0.6003079,0.089894235,0.4573577,0.086051024,0.6129235,0.058534756
A0,20028,train,0.23077566856847848,0.013351603495540992,0.08771631354576144,0.016989115079363376,0.3012976,0.09850585,0.37315288,0.11501526,0.4884902,0.05460154,0.610648,0.11185785,0.59427404,0.07530419
C0,20028,train,0.20979628398254105,0.03027941572054901,0.0821794809460546,0.01239693150023734,0.31238627,0.08765143,0.41697517,0.0854765,0.50585616,0.049067438,0.597293,0.09674874,0.6046662,0.08557275
G3,20028,train,0.31283838346768594,0.02680281677079257,0.07814007080220399,0.014928082551348943,0.27964953,0.11624144,0.29912612,0.12839033,0.47630835,0.06241194,0.5862416,0.10287851,0.5806328,0.08184841
A0,20029,train,0.07581144725992835,0.031530002789749156,0.005603224792164988,0.0010135359784509677,0.62796485,0.042993248,0.5974647,0.042567402,0.62242967,0.06168592,0.46240085,0.04787599,0.6038004,0.07487189
C0,20029,train,0.0683056765577733,0.018174099830374258,0.004194158018251468,0.0015036582874365118,0.63409376,0.059346326,0.5725842,0.030438166,0.6198332,0.053386264,0.41824946,0.07465623,0.5920747,0.049055345
G3,20029,train,0.07517159437789037,0.006886469531795266,0.004913842123360302,0.0017424917346302987,0.65177757,0.081280895,0.57841027,0.023136333,0.6237542,0.049463388,0.43661243,0.08547751,0.5901989,0.058435023
A0,20030,train,0.06362570769209866,0.01165920777274067,0.00878241076124312,0.002415475005993313,0.63835996,0.097840615,0.5306549,0.047043014,0.60033876,0.031005507,0.42182764,0.07923665,0.6004363,0.054258946
C0,20030,train,0.12417503524041677,0.03932004841046512,0.03587061105543646,0.01913579479702339,0.48339367,0.08508075,0.5428459,0.036575776,0.54831105,0.023740558,0.5736701,0.12479808,0.60596436,0.06942346
G3,20030,train,0.14146736547888866,0.02322352695010473,0.017972776894789783,0.002348060425254596,0.4501074,0.08989954,0.39251688,0.101856664,0.5279636,0.028523264,0.5125873,0.035496622,0.59054327,0.033810418
A0,20031,train,0.06138857500797088,0.00799695248408968,0.01361233725005749,0.0030936833031597923,0.6301833,0.065436624,0.61020243,0.06609001,0.57971585,0.041023847,0.456856,0.037509087,0.6140543,0.07310315
C0,20031,train,0.0528785824428986,0.007303770279021321,0.00870072074342006,0.0015611196652773674,0.66265845,0.11158132,0.61265796,0.09617883,0.6182693,0.06453613,0.41060346,0.07988793,0.62040967,0.086257264
G3,20031,train,0.06416508770761627,0.003869535724352925,0.005262115631105491,0.0019108714297092443,0.6525439,0.07391378,0.58866787,0.056826975,0.6288153,0.044936266,0.44030342,0.06641032,0.59970194,0.07342939
A0,20032,train,0.12158033437339597,0.025196343586759422,0.04171769649291896,0.02380779369118819,0.48170114,0.07277388,0.5492829,0.035553142,0.52949065,0.029773504,0.5637974,0.11986775,0.61358005,0.07229062
C0,20032,train,0.1394174339088736,0.018270992561491308,0.03942788511257365,0.016859387270140115,0.46117383,0.06296611,0.44499093,0.0432083,0.52629304,0.02325258,0.5418664,0.075737245,0.6051743,0.077080235
G3,20032,train,0.16291547726631989,0.029785069137898433,0.041931548759124346,0.024589507739017254,0.45006022,0.10575356,0.42088613,0.07017622,0.51800585,0.033433605,0.5759575,0.10211854,0.60345036,0.08850368
A0,20033,train,0.057282562647403765,0.005211269193122716,0.0056435847033586405,0.002540122924720276,0.66380644,0.12349144,0.63726175,0.09056512,0.62103975,0.060129292,0.43056518,0.10802265,0.60444725,0.073230535
C0,20033,train,0.05734183267629672,0.005201012242055108,0.00564506095363185,0.0025322226800242064,0.6636763,0.1234589,0.63702375,0.09048044,0.62089145,0.06007086,0.43062854,0.108012825,0.6044016,0.07312503
G3,20033,train,0.08163695358953868,0.012726276012280102,0.0319990994034285,0.011021425903069128,0.53361684,0.035735045,0.50593406,0.03208767,0.5107436,0.023814417,0.4774243,0.023009136,0.61766225,0.08999946
A0,20034,train,0.07217529272725341,0.012823865306862773,0.009704633367836248,0.0031480024070763995,0.63442814,0.12100749,0.59492105,0.09250343,0.6001088,0.0691417,0.4319622,0.09108535,0.62407076,0.078674816
C0,20034,train,0.07689313559908575,0.016107416811297487,0.008367101806521933,0.0028289691844242976,0.6302986,0.124964334,0.5889834,0.09834574,0.6004736,0.07074589,0.42387995,0.0975596,0.616487,0.08244718
G3,20034,train,0.07737661637026481,0.016129214679465494,0.008545809003716884,0.002860984055654082,0.62957513,0.12515712,0.5887719,0.097904906,0.59929407,0.07090456,0.42347527,0.09691379,0.61661947,0.08252675
A0,20035,train,0.07794614120028938,0.011163217593349279,0.009897003502187338,0.005350825895395032,0.60559547,0.03584426,0.52683276,0.020340841,0.58684313,0.015180765,0.46064702,0.028040737,0.6002051,0.076212235
C0,20035,train,0.06332602255336264,0.00799499983423316,0.016124922475568976,0.0073844396469629255,0.6123376,0.072779335,0.5946989,0.07549087,0.5867718,0.03675859,0.46032634,0.033678114,0.62761444,0.095624596
G3,20035,train,0.04837515123836393,0.009029912232362216,0.009197784589252713,0.0017839235607794149,0.6623384,0.11286642,0.67142165,0.12202279,0.6375324,0.074991174,0.4588974,0.07249009,0.6263639,0.09558526
A0,20036,train,0.09898916730718262,0.022880340900154103,0.00868750240769073,0.0041325804535756955,0.5727583,0.093487546,0.50628054,0.031629816,0.5767194,0.042384364,0.44243652,0.10131101,0.6012283,0.050906602
C0,20036,train,0.11543007373072149,0.007557512176741809,0.010458037125267456,0.0021319822798513627,0.5605421,0.03404966,0.5329828,0.03388625,0.58166134,0.05035096,0.49282655,0.023733411,0.59058255,0.091153905
G3,20036,train,0.0793628797702435,0.01697899019670432,0.011770343904956081,0.001967661932386051,0.6145954,0.10350143,0.5984908,0.064172775,0.6086701,0.053213935,0.43685856,0.069003485,0.606348,0.06985114
A0,20037,train,0.09328511897402014,0.011435267147819908,0.00888477359499847,0.0032792346261790004,0.57858014,0.060227934,0.5079894,0.013042066,0.5905086,0.04884743,0.4411183,0.08199154,0.5859262,0.044972863
C0,20037,train,0.07609800346851867,0.009412067169198967,0.013161355585135237,0.004539320328954255,0.60022265,0.10853753,0.5842043,0.08409794,0.60293245,0.06976525,0.42830914,0.07641063,0.5996756,0.06497642
G3,20037,train,0.19247982425585913,0.04286876932728144,0.02945824753485974,0.012232672282482142,0.39295107,0.13488103,0.37225872,0.1460146,0.509419,0.06520636,0.53356755,0.099896595,0.6015521,0.058429196
A0,20038,train,0.23950130397291486,0.015182042997333507,0.07281117840021135,0.006913681156852004,0.29480574,0.10370907,0.3427488,0.13740428,0.4583653,0.05924913,0.56791776,0.08780596,0.5908124,0.082688645
C0,20038,train,0.29747555972842943,0.0338805239712048,0.13970775669097563,0.06970849182138851,0.29032078,0.11830749,0.32706258,0.14152668,0.44041282,0.07757422,0.6090194,0.13638815,0.5865079,0.10847511
G3,20038,train,0.28290776657492483,0.023939989054092226,0.13582584693432634,0.05992875032072747,0.27691326,0.11471355,0.33417597,0.14214951,0.43703777,0.07901086,0.6110407,0.1324482,0.59068733,0.10819229
A0,20039,train,0.260109224652433,0.01398602043832568,0.10968716106926298,0.03699230949565879,0.2881396,0.1121504,0.31129268,0.12355153,0.4398488,0.073522575,0.59520483,0.104270734,0.594657,0.10044759
C0,20039,train,0.24210497758385086,0.029550931599327746,0.06137765232482708,0.010116967100070217,0.31529158,0.09742345,0.3102904,0.11430114,0.45375687,0.061277714,0.5510519,0.054582607,0.57714146,0.08054767
G3,20039,train,0.2299455170182318,0.024121053994339635,0.03497389020327315,0.00857807881689303,0.33066708,0.08567822,0.33649606,0.11729816,0.5210937,0.035451565,0.5300547,0.044105746,0.5874592,0.049445186
A0,20040,train,0.05182940454635941,0.006464390441730202,0.0030209190242748924,0.0016635713703688614,0.67425996,0.095564656,0.5725673,0.017796138,0.627967,0.041230414,0.39120665,0.09900447,0.5860334,0.049567703
C0,20040,train,0.06230143072778669,0.006127472257358506,0.004314278877748441,0.0011553107346081346,0.65922505,0.08747178,0.56583685,0.017468961,0.6319259,0.03659798,0.4026743,0.088638514,0.5890228,0.05223898
G3,20040,train,0.0704258080709004,0.013711346143791875,0.003157235793328875,0.001414795482561475,0.6328944,0.058827925,0.48012263,0.061392277,0.60458815,0.02515154,0.43082064,0.07720453,0.6025073,0.05241307
A0,20041,train,0.05242092532279195,0.005755746235808747,0.00292740977268522,0.0011508689100741011,0.67114604,0.09059728,0.48797593,0.05228426,0.6005532,0.029056873,0.385479,0.10423464,0.5829669,0.03454434
C0,20041,train,0.06809043976940246,0.014741743614656418,0.015261058114817946,0.0036595246872772546,0.6263445,0.10398106,0.5561329,0.04338344,0.57560086,0.03327082,0.41602722,0.079013675,0.6230451,0.08551628
G3,20041,train,0.0834565978124348,0.005438330162254963,0.005634330879257523,0.0018153137759018018,0.6178403,0.06646131,0.5101713,0.034719054,0.59272134,0.04487405,0.4422801,0.07897188,0.5930654,0.049196273
A0,20042,train,0.06464127057539924,0.014879239297084153,0.011438985852922776,0.0025255755522266563,0.63923395,0.110810615,0.66552407,0.1017875,0.5912253,0.07064713,0.45842996,0.073662825,0.6274817,0.0767963
C0,20042,train,0.0622147485655127,0.008942724957165067,0.01038353512792706,0.0016928720108165423,0.6448211,0.11121928,0.6745057,0.11892659,0.6128805,0.078719735,0.4791668,0.039980587,0.62630975,0.08946013
G3,20042,train,0.06712470310156013,0.007008086560538112,0.014148729788665607,0.0035019665086859757,0.6157533,0.06956354,0.56662875,0.037138063,0.59561795,0.03501632,0.48049253,0.03340324,0.61555445,0.057278078
A0,20043,train,0.07453667895400501,0.010356735131618878,0.007778509241778734,0.0021761667305530375,0.59841377,0.054321058,0.55045015,0.020394234,0.5954576,0.03296569,0.46158114,0.034155022,0.6015613,0.069175854
C0,20043,train,0.19346829534032878,0.010915126362390776,0.014814011701621086,0.0031865687765564882,0.4216617,0.10246915,0.35430473,0.12799932,0.51211107,0.029713087,0.5104793,0.023181774,0.5829994,0.057431217
G3,20043,train,0.06473709952771237,0.013650695551507957,0.005416125526888485,0.0006340543104065129,0.64269096,0.09635202,0.5443341,0.058727082,0.60646933,0.035807744,0.42041224,0.08841721,0.6035506,0.08032867
A0,20044,train,0.06331895503097493,0.007768773110641272,0.004886864962853823,0.001746713200208268,0.6471838,0.09829866,0.5086111,0.029318599,0.601284,0.03571812,0.40704727,0.08880224,0.6012729,0.05859905
C0,20044,train,0.04319127005200153,0.00904698826653712,0.005251174117622508,0.0012036586526603388,0.69282824,0.11984673,0.6498128,0.10673856,0.64923,0.07149543,0.41767305,0.1039606,0.6011387,0.07627629
G3,20044,train,0.05327096805048982,0.00508044703685919,0.0034874052345674643,0.0014128106868632848,0.656922,0.10332191,0.5342528,0.039571583,0.61671746,0.039476633,0.39982924,0.09732521,0.6081178,0.051752537
A0,20045,train,0.16678701862546674,0.030993050909275923,0.023200308082590625,0.007443572060987279,0.4659322,0.10521876,0.43942007,0.10121545,0.5192994,0.020331696,0.5244288,0.08441076,0.5916851,0.049599305
C0,20045,train,0.07306589835517883,0.01462789815001609,0.011358454221963098,0.0037654704932337073,0.6237355,0.09636909,0.502219,0.037573904,0.59101874,0.028967561,0.4040862,0.080689415,0.6005417,0.050173275
G3,20045,train,0.1047966763346961,0.01849980524562665,0.015039870531176095,0.0049635454288488624,0.5849684,0.08082005,0.56861097,0.08541192,0.5853951,0.057514396,0.45242006,0.05733506,0.59875506,0.058854472
A0,20046,train,0.208553930721951,0.02248592414208812,0.01814367647688748,0.006537743835110508,0.40077215,0.0656118,0.37905023,0.080267936,0.5424247,0.016644942,0.52384526,0.0392034,0.59853786,0.04376267
C0,20046,train,0.06761291335345149,0.021347888167859097,0.01798861910793241,0.0058033744136897405,0.6205448,0.12202398,0.64417535,0.12641008,0.6108802,0.07958382,0.46249944,0.08117745,0.6214777,0.09615518
G3,20046,train,0.09850773361126966,0.015147412003299929,0.012220772403219877,0.001412401410165158,0.5420486,0.03228427,0.55978924,0.050896227,0.57144725,0.03364918,0.49680653,0.012786164,0.5942689,0.080147415
A0,20047,train,0.13656431096645213,0.06551446480598082,0.009344230135617982,0.004437990365892219,0.48947588,0.12203365,0.431108,0.15150107,0.5442635,0.017414154,0.5127593,0.027471703,0.58504224,0.057843454
C0,20047,train,0.07272047939210811,0.0090573608963903,0.00425660687710432,0.0012089452761715695,0.6311077,0.07160267,0.47976893,0.048720937,0.5880899,0.016814083,0.42283505,0.091055505,0.5894645,0.070759386
G3,20047,train,0.07391427403341523,0.008945891694415075,0.004300458452845742,0.0005886008896426883,0.64102906,0.07502975,0.59022754,0.030171571,0.6285184,0.06624485,0.42457122,0.080705516,0.5943694,0.08071493
A0,20048,train,0.14165009085960825,0.023151205163835266,0.029480861877979447,0.007694577416587543,0.39698324,0.073325284,0.4491501,0.07784022,0.52623856,0.030995412,0.522122,0.042715736,0.6105025,0.08738814
C0,20048,train,0.08386805234876595,0.008174993435243699,0.014557205288572675,0.005834404338303388,0.5830985,0.09843024,0.59229666,0.07103341,0.61015165,0.07610408,0.45765132,0.069873326,0.617731,0.0695339
G3,20048,train,0.18118130632174673,0.043467187071222387,0.08240549661973659,0.03758251246789565,0.37269542,0.11874572,0.4450635,0.119154975,0.47411364,0.06767271,0.59737766,0.1270911,0.6207456,0.089408495
A0,20049,train,0.11579406344844947,0.01202586071085901,0.009861907315635032,0.0034741901271604365,0.5465123,0.030927422,0.4959875,0.03711471,0.58674794,0.043623768,0.47973576,0.03698157,0.6174619,0.05044421
C0,20049,train,0.07569526202773953,0.020853202498596138,0.02625342752609522,0.011296691874036115,0.5755571,0.10525568,0.63353044,0.121876985,0.5854252,0.04849525,0.49588436,0.026520979,0.6142067,0.0823568
G3,20049,train,0.15901531559672422,0.035896022094897964,0.046644593320403306,0.03792296529266119,0.40464082,0.14168702,0.3888783,0.12643367,0.49794132,0.06752139,0.5577315,0.11803932,0.6125353,0.07946971
A0,20050,train,0.15836820581248318,0.023325562156746107,0.02794577287890752,0.003601952315297261,0.37806347,0.092143334,0.41948566,0.10630227,0.5313656,0.031150842,0.54016036,0.063433304,0.61275226,0.07406719
C0,20050,train,0.2828411602769326,0.02372337095331234,0.03543148175007297,0.010515286432943232,0.32478234,0.11145886,0.3001029,0.11888786,0.4882142,0.037555084,0.5422604,0.053205714,0.57944614,0.04618564
G3,20050,train,0.2258221944652993,0.02628314400714537,0.06504186933404112,0.012019640241041773,0.32483536,0.09599898,0.3445354,0.103186175,0.47518858,0.052004322,0.57074475,0.07119294,0.5967596,0.08061356
A0,20051,train,0.09197399176204075,0.011393847531747318,0.03399114770217908,0.011963445637293103,0.5244403,0.045678016,0.6235439,0.07738057,0.54177254,0.025522934,0.5271268,0.06332129,0.61710465,0.09956968
C0,20051,train,0.1146393762358818,0.014314339047214663,0.02067171458452584,0.002617659990851168,0.50483954,0.023766167,0.507224,0.04528518,0.5455499,0.015498523,0.5221143,0.034792677,0.62505376,0.069487594
G3,20051,train,0.06747612232191369,0.010414627570717754,0.004824113235327053,0.0022795092476037915,0.6521095,0.08443027,0.47956124,0.03341032,0.6105707,0.02841653,0.37675205,0.08544943,0.59628093,0.03637637
A0,20052,train,0.2572034005637821,0.02818150815109941,0.03475582211626108,0.010664000464312021,0.33482915,0.12180573,0.31346914,0.12344204,0.5051222,0.046739217,0.5572077,0.06972521,0.57439196,0.06316676
C0,20052,train,0.21071718304709472,0.02290473000782736,0.06904809955347752,0.0194668720570535,0.33979645,0.10680741,0.316089,0.11712983,0.43221134,0.073985785,0.55089873,0.061659876,0.59267503,0.09268724
G3,20052,train,0.27541660380222244,0.028312164617899663,0.03353857984397287,0.010044630962339703,0.326175,0.10624611,0.30622202,0.11205288,0.5025426,0.027231945,0.54203033,0.05250339,0.5795888,0.045722645
A0,20053,train,0.05610410716256502,0.005701245668853247,0.003966197444181525,0.0009723128879584157,0.6704245,0.09983871,0.57256544,0.044028696,0.628215,0.060169533,0.43116027,0.111366324,0.5859746,0.044566825
C0,20053,train,0.07755200407302745,0.02454411688215281,0.004831756061448212,0.0028087040652310393,0.611832,0.053901147,0.5663813,0.038408265,0.60792994,0.05195763,0.47271577,0.051377714,0.5994838,0.04439016
G3,20053,train,0.20777699965184288,0.01848458171906774,0.09244381134060742,0.040608185074479074,0.34526035,0.11397774,0.33619076,0.12222678,0.42543802,0.07649132,0.5660492,0.092141144,0.60048425,0.10723182
A0,20054,train,0.11109606189907353,0.015547204754895795,0.008395400960204746,0.004500075509345939,0.58427745,0.05306097,0.4629554,0.061640427,0.58453,0.04348363,0.45713377,0.07992605,0.5772003,0.040083107
C0,20054,train,0.11410471701713343,0.016293530393123257,0.008985962811640227,0.00481350582419139,0.5791844,0.051740132,0.4579579,0.062366568,0.5812551,0.04305623,0.4591908,0.07911432,0.577279,0.03963676
G3,20054,train,0.08528980675568743,0.01133496062791968,0.005367723523603831,0.0022069929737797925,0.6137153,0.047178753,0.5015048,0.0702991,0.6024402,0.031080695,0.4414297,0.07048427,0.5764878,0.0483189
A0,20055,train,0.07230766289972737,0.013611542637804005,0.01618109965218631,0.0038684906220560296,0.5895133,0.093442425,0.5369169,0.047246426,0.5984475,0.03818212,0.44981855,0.072121106,0.5923215,0.07349458
C0,20055,train,0.14380064656512573,0.028930164900180747,0.060284155426948635,0.04518330994042977,0.40410572,0.14548776,0.45295763,0.11965952,0.5114907,0.081997626,0.5618117,0.12605199,0.6246628,0.08834542
G3,20055,train,0.07621540317232542,0.018270354572650395,0.010288779089500289,0.002357825581346545,0.62666255,0.103662826,0.57982624,0.10062307,0.6062516,0.06451048,0.4339757,0.09602234,0.6024684,0.069715776
A0,20056,train,0.1999450247548094,0.04525924662770858,0.016532654265776974,0.003214122532941653,0.3975653,0.113807,0.36808366,0.14824073,0.50195885,0.056504842,0.53484786,0.06789534,0.601144,0.023149122
C0,20056,train,0.058357023805747435,0.02029165529748534,0.015518149119369464,0.004870146933557864,0.6378483,0.106168784,0.58762825,0.124857455,0.6067556,0.06143855,0.44736323,0.09462979,0.6015999,0.082243495
G3,20056,train,0.08218995830195475,0.012446233741412889,0.027701361243536938,0.011628537954720864,0.5565419,0.036160275,0.49715286,0.039142597,0.51615274,0.02365821,0.45739245,0.038590446,0.62525517,0.0979244
A0,20057,train,0.052575828904053226,0.011019492739184058,0.005459562786494569,0.0022533497169647605,0.6697801,0.102337696,0.49738336,0.03963376,0.60337293,0.02201461,0.3794573,0.103431836,0.6003672,0.038966082
C0,20057,train,0.058718480188349534,0.009489937517678838,0.0018791464650525776,0.0010635005174995165,0.66293126,0.08024577,0.47372046,0.06166867,0.6174799,0.03316519,0.3836967,0.10524097,0.5821563,0.02756587
G3,20057,train,0.056765473455836046,0.009978007994090994,0.004025789018052684,0.0017833565435137996,0.67063683,0.09689188,0.48470864,0.037220325,0.60996157,0.026681852,0.37740955,0.10182292,0.59519255,0.03519693
A0,20058,train,0.09338787864967478,0.024335943986101224,0.006357538078399433,0.0027986073977192966,0.60534227,0.10735581,0.5038247,0.03658585,0.5807227,0.055544194,0.4275323,0.112142,0.5934561,0.04634783
C0,20058,train,0.09039360867785999,0.016966435116836764,0.009455688246322695,0.004640835343465019,0.58558625,0.06219489,0.49989814,0.0680083,0.55597854,0.026759809,0.45866543,0.05694393,0.58899087,0.042177577
G3,20058,train,0.16129381061158668,0.02104984262766082,0.07558363632336619,0.03112868153477497,0.38250038,0.0960086,0.4093091,0.09682584,0.46118912,0.06649064,0.5713173,0.074793175,0.6137606,0.08658104
A0,20059,train,0.1251928952358517,0.01734730894640975,0.012573938670181764,0.004307910549299403,0.5211877,0.038687192,0.50391686,0.033298746,0.5751916,0.048060782,0.49770036,0.035661113,0.6105254,0.055790223
C0,20059,train,0.10436756900530741,0.01135963783453617,0.020807028475546992,0.006019063295669856,0.5178946,0.04257486,0.54355145,0.0641195,0.56532866,0.043868266,0.51014143,0.017582236,0.62609076,0.06316517
G3,20059,train,0.1561042968676862,0.00790195058038453,0.022061665257943626,0.0072049601670047345,0.45574442,0.028885283,0.4476462,0.0628855,0.5466596,0.036824077,0.5075804,0.013013527,0.5814694,0.04106994
A0,20060,train,0.15928967181673886,0.01836909880695338,0.04096350529485316,0.012167738076682345,0.42356253,0.08706036,0.44734412,0.081278,0.48498902,0.03216991,0.5576955,0.062670454,0.6023812,0.07949663
C0,20060,train,0.09159965699897679,0.011347517787855916,0.007495209122824528,0.0029730283424414354,0.56014156,0.016927646,0.5264993,0.043202847,0.58868885,0.042843748,0.47122282,0.05519282,0.6168525,0.05488374
G3,20060,train,0.2779463173541302,0.03445231321433651,0.15348595036845333,0.08875418386999437,0.3106752,0.1265857,0.3339263,0.1300931,0.4343695,0.073943645,0.6269554,0.13647592,0.59509695,0.10856715
A0,20061,train,0.2823989485327785,0.014965439428642698,0.07242663000534354,0.01878378815756079,0.3035639,0.117645144,0.28666303,0.123723224,0.4611891,0.059599027,0.58747995,0.075997174,0.5816606,0.06320194
C0,20061,train,0.11368613677253925,0.01907038403491042,0.04455024359281655,0.024479214057988308,0.453398,0.07571659,0.51296234,0.032531288,0.5259666,0.03807115,0.5727291,0.115526855,0.6097617,0.10729712
G3,20061,train,0.16082577522449173,0.02561875898974747,0.032582258553371414,0.009528334276584227,0.40944368,0.046730652,0.40009946,0.0840821,0.5290864,0.020626955,0.5071214,0.026172241,0.59003663,0.060492404
A0,20062,train,0.12558670574389022,0.028802947237910607,0.011751231922570701,0.0046611962696953895,0.50536203,0.03448753,0.41595063,0.06522741,0.5635826,0.025804384,0.47060966,0.06665026,0.5910615,0.03627863
C0,20062,train,0.1396816021657073,0.02666948776624966,0.03486912113120928,0.009908949348100318,0.41889858,0.09422206,0.42948374,0.09671731,0.51606214,0.039724715,0.56537837,0.09104081,0.61987287,0.089816086
G3,20062,train,0.29422157343803046,0.00822929807152177,0.0629000782865777,0.011262939689064198,0.31131443,0.12153427,0.29185694,0.13035645,0.43532357,0.0677034,0.57937527,0.08386256,0.58668643,0.076459676
A0,20063,train,0.09681114767996013,0.014180517882134498,0.010354523134705883,0.0030590131269359402,0.5880545,0.089075565,0.52750796,0.0650107,0.59729594,0.06191242,0.47793335,0.030722922,0.60328496,0.091347605
C0,20063,train,0.06627849417463456,0.005546063132709119,0.005177850434808664,0.0019202516126587393,0.65061295,0.094209075,0.62003744,0.08028559,0.62104475,0.08088462,0.45995027,0.05371955,0.6112974,0.08333603
G3,20063,train,0.06329936570675035,0.007428686423307829,0.00937279448991705,0.00196123667771462,0.64163595,0.106533706,0.6448281,0.114273414,0.60893536,0.08281613,0.4782405,0.029070077,0.62017584,0.09909988
A0,20064,train,0.0581333056843553,0.005669164855402051,0.008661160543062223,0.0019282439546594518,0.649459,0.08440514,0.6364399,0.10590058,0.6426692,0.05441813,0.4669084,0.035836883,0.6094495,0.085705884
C0,20064,train,0.054540996657418205,0.005696807729941634,0.013999929449111196,0.0038305007619220143,0.639215,0.08104208,0.67474544,0.11269657,0.6208946,0.058454487,0.48199725,0.018774161,0.6292031,0.09811292
G3,20064,train,0.04790500692888637,0.01434803179794039,0.014851982703917289,0.004708242348992405,0.6571122,0.11890298,0.66180193,0.1351447,0.630756,0.06697551,0.45558208,0.046769824,0.60755956,0.09151727
A0,20065,train,0.0493572495915465,0.007235387731246788,0.005620095765523891,0.0018562222043966607,0.69227326,0.107427,0.64767504,0.09748999,0.638399,0.071768634,0.43504864,0.104153976,0.6034609,0.08124098
C0,20065,train,0.1123061870976397,0.0492885455327879,0.008156464215689531,0.0034428931834459436,0.54472506,0.07693565,0.48648587,0.1390424,0.5853025,0.021384168,0.4809822,0.029822791,0.5894016,0.045086715
G3,20065,train,0.0643005075655008,0.014753044233876177,0.008444986055567065,0.004281086338093048,0.637656,0.12521097,0.62638026,0.12436106,0.6136228,0.08480834,0.42851582,0.08084569,0.6031643,0.09185527
A0,20066,train,0.2947628113852271,0.029507272329453358,0.12480963927311932,0.0510935297575536,0.28330904,0.11925681,0.3094394,0.13119744,0.4527854,0.07211793,0.60365623,0.12812679,0.58769405,0.106965154
C0,20066,train,0.29183998687075424,0.03630275680250955,0.14725925051312966,0.07324006725539696,0.29099908,0.11911153,0.32492512,0.13677429,0.45527607,0.07919282,0.6114208,0.13677259,0.59102213,0.10549862
G3,20066,train,0.1842399294997222,0.033412999360366916,0.038803349036496085,0.01793058664739533,0.38498423,0.02727589,0.39844266,0.078709334,0.5416982,0.028983822,0.51674044,0.05119073,0.58181375,0.040298153
A0,20067,train,0.09466916985752938,0.045088521681647134,0.030254372505143935,0.027475599500309367,0.50737894,0.12646823,0.5029594,0.12579691,0.5484611,0.07148803,0.5443409,0.11687293,0.6123159,0.077489406
C0,20067,train,0.14121987786481688,0.07502105218804618,0.02843611153843075,0.020931116513701446,0.45655727,0.14870475,0.43123728,0.14192238,0.52628696,0.068042405,0.55995715,0.12938732,0.5805067,0.068142876
G3,20067,train,0.14604392517991235,0.01202164086797381,0.04222583613666583,0.00970891519593812,0.45233202,0.045376282,0.50021964,0.029345227,0.5318871,0.00920833,0.5444125,0.08021758,0.60979366,0.08863532
A0,20068,train,0.2501383755256755,0.02463587832483476,0.05396995203145386,0.00835410467586417,0.33135784,0.12594958,0.32081932,0.12861964,0.4645248,0.06145956,0.5621224,0.090834446,0.5966772,0.06525808
C0,20068,train,0.2704925348227168,0.018685369605483382,0.06384041573938345,0.013798890952449289,0.31855738,0.12666328,0.30375576,0.13919917,0.43175673,0.073375076,0.5814705,0.08566854,0.58712137,0.0810273
G3,20068,train,0.22363886841309175,0.04289450835452409,0.05636071342342889,0.020151727446181315,0.37482572,0.13436964,0.3588753,0.13808955,0.48630995,0.04837352,0.5982194,0.09804848,0.59349483,0.070783384
A0,20069,train,0.05234452713869579,0.008969955876776854,0.005336863876054835,0.001515569499415607,0.6701974,0.12430392,0.6317663,0.096782446,0.6180281,0.062969,0.4256471,0.111354895,0.60305274,0.07721412
C0,20069,train,0.07890953434908717,0.009675340608395252,0.0033749897320831264,0.0013664804855923383,0.6349608,0.06584422,0.5594158,0.02114562,0.6228152,0.054560218,0.43902126,0.07312129,0.5914366,0.07461818
G3,20069,train,0.06845338789649326,0.006832059266949041,0.0072710176223940255,0.0022984224150751405,0.64083415,0.09542223,0.580423,0.021406816,0.58734757,0.039629947,0.439341,0.072541855,0.601558,0.07163011
A0,20070,train,0.18521992043018845,0.021903968077432213,0.01786025695061022,0.007108872796547306,0.4314012,0.044763487,0.4089447,0.05495345,0.5472517,0.03622742,0.53087175,0.029110702,0.60188156,0.054678403
C0,20070,train,0.13894038207139667,0.011663220359982795,0.04637291649743895,0.008879562496543526,0.40293702,0.06944188,0.48111224,0.036235195,0.5068675,0.031053277,0.5770851,0.086132005,0.6296005,0.08565186
G3,20070,train,0.14473844653577822,0.014119776868472784,0.05616690275086071,0.015281789566570975,0.38847357,0.084528014,0.4742251,0.049556244,0.4983856,0.04155978,0.5827451,0.099751174,0.6252394,0.086934045
A0,20071,train,0.18787960000938725,0.032570090003289524,0.04324756333378249,0.011684363036462128,0.3934803,0.07893799,0.31998193,0.11471568,0.44029117,0.063678995,0.53604096,0.030974148,0.5891048,0.07408172
C0,20071,train,0.0795850856379283,0.020734123964826913,0.00827472603636933,0.004023580656299579,0.6211502,0.10854012,0.4911789,0.029175526,0.5657981,0.03220075,0.42197752,0.12537153,0.59071153,0.047233827
G3,20071,train,0.07130920475292321,0.0031625478282853313,0.009478879632667152,0.0016779853735411504,0.64162064,0.084031306,0.6291611,0.103367545,0.6062249,0.07885937,0.4766039,0.04697807,0.6135686,0.085713804
A0,20072,train,0.26400676509891163,0.024817379752279684,0.06447579748000802,0.014144817440269727,0.28883693,0.10252321,0.32659003,0.13475567,0.4631827,0.047367208,0.5617345,0.07616012,0.58513194,0.07407396
C0,20072,train,0.2689633475854624,0.021730531149943697,0.09185763835218803,0.02746714633239762,0.2996004,0.120000295,0.32534325,0.1317687,0.45899314,0.06025047,0.59808695,0.1077652,0.59262943,0.09330047
G3,20072,train,0.29150057271690694,0.02515362844168087,0.06646989017116275,0.010982987113577761,0.28014597,0.109509975,0.31991327,0.13624932,0.46421766,0.052989345,0.57287925,0.09631103,0.58326393,0.07649507
A0,20073,train,0.22354731761253133,0.024079334668005468,0.12260559140487204,0.03775649722849428,0.3044173,0.0994251,0.3943668,0.09378635,0.48130125,0.06273295,0.6147679,0.11937872,0.5938602,0.08982993
C0,20073,train,0.26167483716391643,0.027317964503665238,0.1047385354316038,0.04710128835650889,0.30297762,0.12346751,0.3336514,0.13036874,0.45717302,0.06726162,0.5973547,0.12691148,0.6051338,0.09414662
G3,20073,train,0.19205121852503454,0.03500390988706416,0.1265269261409737,0.08731742691364455,0.32675377,0.12094087,0.39814514,0.12785295,0.4935752,0.076188944,0.61233485,0.14092591,0.6010312,0.10021712
A0,20074,train,0.0997778608742067,0.01743747077894105,0.01826607710443683,0.0033426819958736038,0.49116215,0.07424758,0.47894287,0.09501454,0.55064523,0.01947768,0.512773,0.038784496,0.5927069,0.081582084
C0,20074,train,0.052464313606120784,0.00893035244153005,0.007196204042655486,0.001987700187151664,0.66932994,0.109705344,0.642509,0.10188263,0.641146,0.065897964,0.44201344,0.0681855,0.61356455,0.08143641
G3,20074,train,0.10393666532680938,0.011837815653424181,0.02254611100510533,0.004022251058870392,0.5557935,0.051546104,0.6095974,0.10188422,0.5785098,0.054269306,0.5424823,0.049213596,0.61603975,0.07369355
A0,20075,train,0.07489684719650988,0.017848728876626894,0.014918149101836605,0.003293353184955768,0.611487,0.094208375,0.5850261,0.03869683,0.5714787,0.05584033,0.44715744,0.06870746,0.59797513,0.086645015
C0,20075,train,0.12430032774537043,0.013252825690768412,0.018016111197738,0.008815340496526818,0.535416,0.06962538,0.52495366,0.047385313,0.5669684,0.05740163,0.5130607,0.021500034,0.59655774,0.07622311
G3,20075,train,0.059873326232569656,0.01407294990756712,0.005163238455520771,0.0012202276304543154,0.6652937,0.08425887,0.6188471,0.055135828,0.63891846,0.06990886,0.4258538,0.07455553,0.6159225,0.077245034
A0,20076,train,0.20431115481252302,0.01455826053482959,0.047806674079393395,0.008879158073838095,0.34965056,0.09153181,0.40387893,0.079486385,0.50570273,0.042335775,0.59437364,0.097446956,0.6125446,0.07910947
C0,20076,train,0.2103018719066422,0.02847977018349848,0.06103047669105286,0.014771696251683961,0.33643854,0.077141814,0.39637893,0.06660646,0.4915038,0.050198242,0.59099483,0.07712127,0.5892719,0.06502753
G3,20076,train,0.2400335403026775,0.013780877802561932,0.08830023717199689,0.026641699926041353,0.31844848,0.10840564,0.36605024,0.10211185,0.46356288,0.06456042,0.6093435,0.12219341,0.59239113,0.08486902
A0,20077,train,0.05383316424904242,0.008286142493654164,0.007420275566166324,0.0015108379640283297,0.6527298,0.10507349,0.5566073,0.044326156,0.6063037,0.036400806,0.39809495,0.09976121,0.607334,0.06343208
C0,20077,train,0.05630793041094696,0.008496491012590823,0.005503730885424653,0.0012668939618873307,0.6534618,0.09232128,0.5380578,0.038627908,0.61056405,0.03867716,0.39967677,0.100840576,0.60186243,0.054511756
G3,20077,train,0.05171515210621906,0.009406189369308069,0.0049290394023046025,0.0012193169582253808,0.67958724,0.10363509,0.59800166,0.07933529,0.61754555,0.06617976,0.4075889,0.1132163,0.6025592,0.061098263
A0,20078,train,0.22419665905288583,0.02491261942674219,0.05129234268510528,0.01052293105000948,0.3737437,0.06375385,0.35287553,0.09550426,0.48629466,0.03755589,0.54335153,0.047891565,0.6004275,0.07870679
C0,20078,train,0.12533668005003099,0.010995269874422666,0.0074997891721297035,0.00349350133584218,0.52895993,0.030009637,0.3580467,0.11632704,0.5384981,0.02746952,0.44580197,0.088937484,0.5786625,0.03979298
G3,20078,train,0.22357230469632086,0.012428107709372761,0.05791948945636303,0.011309111352024271,0.34099048,0.10921092,0.30798632,0.12702622,0.4273572,0.07295758,0.5591474,0.046288997,0.5951768,0.084462285
A0,20079,train,0.0640305048741534,0.010808596426300325,0.006752442498571043,0.0021198410832498843,0.6562183,0.08804772,0.5064605,0.034067683,0.60650617,0.032115217,0.3913626,0.08195787,0.6027594,0.057104927
C0,20079,train,0.06586926292214734,0.0157199551641233,0.0019007968543656635,0.001258302218069701,0.6598238,0.06927734,0.4656555,0.07295508,0.6195963,0.03513614,0.37915373,0.09237609,0.5842,0.030700775
G3,20079,train,0.0827710776471898,0.008180866887231804,0.007952125987838642,0.003238197570932141,0.6257751,0.08718544,0.5620862,0.055173643,0.6185039,0.061301593,0.42804617,0.09710812,0.60387254,0.07055251
A0,20080,train,0.04432100848783264,0.008836805584979424,0.004550736987598223,0.0008545873911724413,0.6809925,0.11675519,0.57384217,0.073607884,0.6225905,0.054893177,0.38973564,0.11089021,0.6058693,0.05624753
C0,20080,train,0.06123591247290722,0.00944293759878619,0.0032518439932596524,0.0013228904465033935,0.6507077,0.10461255,0.57067573,0.017032983,0.61320066,0.04212106,0.40335664,0.09567844,0.57962334,0.058633775
G3,20080,train,0.050287638067728714,0.0037271416739067193,0.0035922364443006756,0.0012372556881649528,0.6846634,0.10256457,0.6068222,0.04630374,0.6228854,0.061859913,0.39575097,0.09879721,0.5927477,0.063094504
A0,20081,train,0.10557876870728278,0.007589680510674992,0.010868309459207222,0.003110681259394481,0.55112326,0.029387051,0.4946609,0.020952705,0.5645331,0.03526236,0.47672087,0.056732576,0.6013636,0.057370234
C0,20081,train,0.06548748109930462,0.006854591334662265,0.007731373311918074,0.002608234596058815,0.6299482,0.07834006,0.5613154,0.041975822,0.5997558,0.04263803,0.44642615,0.06792161,0.6058059,0.083412886
G3,20081,train,0.10585199358362787,0.019188703078702588,0.011418398317062678,0.0036473143535658325,0.5305651,0.045193125,0.38649195,0.13044292,0.53535485,0.048632726,0.4173848,0.040651307,0.59550416,0.043383654
A0,20082,train,0.07655306745192177,0.025693793312416908,0.025609069264904683,0.009199009967698521,0.571265,0.12142455,0.6400514,0.107779205,0.5542966,0.087386675,0.47455662,0.0691809,0.61908364,0.091664866
C0,20082,train,0.1206437980588568,0.02465151809470453,0.05582756287676586,0.011055761287494912,0.44203863,0.038320884,0.55878794,0.044167913,0.4837711,0.033026196,0.5669958,0.06633794,0.60483897,0.10732791
G3,20082,train,0.12791532447939138,0.021034442416411236,0.05114225622483274,0.01190058899488052,0.42194873,0.059483,0.49978453,0.039539933,0.48302764,0.035775352,0.5499779,0.0562083,0.604565,0.100724846
A0,20083,train,0.1710040002770691,0.005200745727170586,0.0469075616616339,0.002271630780589295,0.3948122,0.06776749,0.42575312,0.07605982,0.49251175,0.03824002,0.5841065,0.068622366,0.6095633,0.06296358
C0,20083,train,0.19754347559225185,0.02656164977038062,0.08771612328466347,0.03471915135072197,0.35218692,0.110381916,0.43645668,0.10395618,0.47158962,0.07769808,0.60954505,0.12008723,0.61934566,0.08443761
G3,20083,train,0.10887112318634369,0.024675762554870483,0.029481684730585378,0.01851078717136936,0.47898507,0.118630186,0.5159119,0.089762494,0.54076374,0.03733141,0.5655602,0.100777544,0.60603106,0.090784565
A0,20084,train,0.06560350216763702,0.011588366016236076,0.015884827990843724,0.0019583551515733487,0.5949375,0.07908795,0.58333385,0.07759699,0.5986017,0.053285755,0.4523867,0.047546245,0.5993066,0.09492849
C0,20084,train,0.056749503009746474,0.005369349602421712,0.013253213074424716,0.002419615332625473,0.6192912,0.081269614,0.6148485,0.087175824,0.6109717,0.051685918,0.46497813,0.039628442,0.60231984,0.08964375
G3,20084,train,0.04389075525474475,0.013354456654411756,0.009229592097221065,0.001767212264940412,0.6784452,0.12194054,0.6806881,0.12735914,0.6458199,0.07491644,0.446663,0.07234884,0.61354864,0.08819894
A0,20085,train,0.06634831759995802,0.010368685612396272,0.020193353676731297,0.0039029002640884433,0.59694433,0.089264736,0.58756995,0.10458822,0.57033074,0.056555774,0.44504866,0.03130053,0.6113677,0.086592704
C0,20085,train,0.25608291828083807,0.01923189249278229,0.11471162403573334,0.05180593512605081,0.31643468,0.12483321,0.34007946,0.114122465,0.4668746,0.061934706,0.6194645,0.12799458,0.5942153,0.097079836
G3,20085,train,0.07076248412920577,0.020894266748018458,0.01487918726835348,0.005426457285637072,0.6106863,0.1241715,0.65565574,0.1341868,0.59308624,0.087917484,0.4665348,0.055256844,0.6142,0.10559115
A0,20086,train,0.10817056857218485,0.010234985349554549,0.020927191363142972,0.005162641315015877,0.5499132,0.05360903,0.5633246,0.069172494,0.5732277,0.04307871,0.48986968,0.02744326,0.61046374,0.11143926
C0,20086,train,0.053186885138030104,0.015557969809286872,0.0064254706130904725,0.002329440154944638,0.6723007,0.11866779,0.56502116,0.06803073,0.6044072,0.04807771,0.39268202,0.11906228,0.59706587,0.045137808
G3,20086,train,0.22975858380758907,0.026550979938868104,0.08549811318041567,0.042000220256125084,0.3368114,0.11552239,0.36738056,0.09657728,0.47263008,0.047574613,0.60804844,0.11395717,0.59683734,0.103303775
A0,20087,train,0.26131902413756736,0.02215556582517522,0.11519928703850171,0.04249999212488276,0.2839021,0.11679367,0.3407992,0.14358729,0.44189844,0.07382302,0.6016213,0.12639177,0.59036165,0.104746684
C0,20087,train,0.27641186571604875,0.02339379642127036,0.08155239226482897,0.013893006322183548,0.28583732,0.11248662,0.3218363,0.13389255,0.44474941,0.05637378,0.5830256,0.10624744,0.5856413,0.09045035
G3,20087,train,0.2966441095138398,0.02568604828087386,0.1034360756438919,0.036427324651572286,0.2814877,0.114114314,0.30485192,0.12843986,0.45864978,0.06499841,0.59515893,0.1196402,0.58046925,0.100453176
A0,20088,train,0.07807724511662834,0.012378232940843763,0.014435506641274146,0.003399337742361922,0.58255374,0.039363645,0.41983914,0.08892935,0.5163731,0.033170912,0.4252748,0.073723115,0.5882438,0.06686172
C0,20088,train,0.05583158165214339,0.007796944273285183,0.004438418997767699,0.0016690250841209283,0.66788065,0.09594923,0.50562215,0.03557251,0.59758496,0.032141395,0.39563403,0.101342626,0.5816339,0.04394153
G3,20088,train,0.1687990730374079,0.02491254994636926,0.04275998561338583,0.010595523073736544,0.40518355,0.08303545,0.32301724,0.12024363,0.43268567,0.07314942,0.5202199,0.026031403,0.59606373,0.076849096
A0,20089,train,0.06123394923761476,0.0075889216620893115,0.01185820335329153,0.0036592392301818925,0.641729,0.08738138,0.6009107,0.09170495,0.5950869,0.06657232,0.45755893,0.060096532,0.6166009,0.087417044
C0,20089,train,0.07022877466324781,0.00927747483084074,0.012375055842930211,0.002654522923802481,0.6209677,0.1058261,0.56396776,0.06002574,0.5953979,0.047451,0.42725125,0.06726966,0.60233223,0.06821184
G3,20089,train,0.1386538123741117,0.0319273596033193,0.007144656143464835,0.0015614272238069556,0.53061867,0.045661293,0.41442204,0.07543865,0.5774826,0.040134992,0.45786983,0.04269855,0.5908767,0.051029764
A0,20090,train,0.15817373399176674,0.02139401544384268,0.03583883436859369,0.010778104208058708,0.39003474,0.06037693,0.43703276,0.046442654,0.5282805,0.023180569,0.5442004,0.039422102,0.58577985,0.041712504
C0,20090,train,0.23324541222899162,0.033969542317192084,0.10885743343379921,0.0448991603689656,0.32450515,0.12215091,0.37919596,0.120180644,0.4794928,0.061555512,0.59151155,0.14145842,0.5934485,0.0903651
G3,20090,train,0.25399098541277987,0.017934514219754855,0.14644881879213556,0.065950560620815,0.29157916,0.10576917,0.35739952,0.11060223,0.47193918,0.0699606,0.62624913,0.13292676,0.58784115,0.103115395
A0,20091,train,0.17419221478936256,0.02026267006689353,0.07016718366582063,0.03668575271506202,0.3370272,0.10475094,0.400958,0.11293368,0.4926257,0.063793585,0.5849899,0.108368605,0.6070281,0.08669748
C0,20091,train,0.0990681465219859,0.009007383633376168,0.019789412207574276,0.004211375288190907,0.5051285,0.0451313,0.5139972,0.016009832,0.5607802,0.017132275,0.4621431,0.052314024,0.60280424,0.058513205
G3,20091,train,0.17508017890859545,0.022100338884877908,0.022146054505647175,0.010960617511665669,0.42787904,0.026746986,0.40860495,0.06282936,0.52923864,0.052540034,0.52520955,0.04506659,0.5935837,0.050947275
A0,20092,train,0.10726816069583686,0.02167644482425594,0.046569433809551836,0.01407230957631045,0.4760147,0.019866701,0.48290753,0.0331531,0.50014687,0.027935939,0.5080344,0.04049032,0.6060029,0.102406055
C0,20092,train,0.24271058311319935,0.039811478814463994,0.10642664355837969,0.044272655976056646,0.32021686,0.12875408,0.35644755,0.13651422,0.46248478,0.069969304,0.589613,0.13395791,0.5961782,0.09043463
G3,20092,train,0.07933904471136785,0.01996836543105652,0.02502680642356177,0.007595543825372839,0.567229,0.127461,0.6342709,0.10893692,0.55693454,0.09817331,0.48249117,0.0699526,0.61123383,0.07917127
A0,20093,train,0.08638003051507441,0.011311940910082734,0.003254551184976958,0.0016975279358002072,0.60794204,0.042129572,0.40331683,0.10639674,0.56961,0.017205372,0.40799826,0.098330714,0.56978035,0.046138823
C0,20093,train,0.07836363606825082,0.012031227332795363,0.006155201330730704,0.002596629452848726,0.60844314,0.09800802,0.54652226,0.06155592,0.61102164,0.059984423,0.42640525,0.09410865,0.5922759,0.05750503
G3,20093,train,0.11630908115931822,0.020235494933432782,0.0008837681286887866,0.001062455289985087,0.57927006,0.033164684,0.38371077,0.108550385,0.59255654,0.025226578,0.40879327,0.081794,0.56774557,0.044590604
A0,20094,train,0.09150698947178615,0.018704089758859416,0.015203238898133265,0.004174715066474863,0.58346057,0.07022997,0.440566,0.05210689,0.52771574,0.021833733,0.42929992,0.07846709,0.60792315,0.065488726
C0,20094,train,0.04452316684037129,0.007148367888083586,0.004607986982221532,0.0009699509960031706,0.6780273,0.1167421,0.5718564,0.06725834,0.6191638,0.054056905,0.39634675,0.10756961,0.605431,0.055083174
G3,20094,train,0.10732938532704664,0.03398595952970645,0.00809018263548417,0.0032204280859768246,0.5431634,0.050121818,0.47416696,0.12470672,0.5540468,0.029657656,0.46722174,0.038362592,0.5545412,0.024419548
A0,20095,train,0.13537060560599845,0.04071760499583372,0.04778870588597217,0.028642162395362682,0.45000046,0.124931,0.5272201,0.09490423,0.5049392,0.041008566,0.5688168,0.13928993,0.62065524,0.09491753
C0,20095,train,0.08675990856510654,0.011194724755732544,0.01890122799660175,0.006123995204706253,0.5621735,0.024544816,0.6263953,0.057150308,0.5885865,0.03816217,0.5216142,0.063110955,0.6203359,0.09830383
G3,20095,train,0.08246987568837755,0.021982403438407332,0.016057085839933132,0.005692774688167161,0.5720898,0.034824964,0.62430084,0.048373688,0.5874138,0.0327144,0.5196493,0.06952458,0.61889476,0.09785993
A0,20096,train,0.04875417658050031,0.013999236128297135,0.005422600140967121,0.0019680668222212924,0.67146075,0.12092671,0.5371772,0.05710256,0.6125715,0.046884183,0.38626212,0.11607651,0.6052133,0.044657003
C0,20096,train,0.08184168462286587,0.015191581327823792,0.019756728568619576,0.006726042592276389,0.5580939,0.045444723,0.42412215,0.096517965,0.52897966,0.048448987,0.42338866,0.05898225,0.61483926,0.051320985
G3,20096,train,0.05526657635459494,0.010002460569732589,0.0032730907885590173,0.0014435922458918185,0.66789484,0.09716652,0.49780434,0.049962774,0.62014985,0.038483478,0.37982446,0.106974855,0.58724576,0.026844684
A0,20097,train,0.08493671543350757,0.03627366631051636,0.007285548740639436,0.0016229677365066843,0.6062411,0.041821748,0.5818119,0.04729453,0.60909,0.049196236,0.4943257,0.020467194,0.6017709,0.06644151
C0,20097,train,0.08698011934647183,0.027779029590752697,0.01184193390624787,0.00499704316649053,0.5897806,0.031012317,0.57749045,0.041026656,0.5976833,0.040619984,0.49970523,0.0396066,0.6096424,0.06734699
G3,20097,train,0.08238513974224623,0.025085695962240626,0.00798204451056338,0.001637083700286893,0.6107144,0.04335884,0.5800404,0.036565725,0.60756177,0.05195696,0.48197564,0.014465584,0.60291183,0.05613887
A0,20098,train,0.27777151100478903,0.023912271709006346,0.10726561518694741,0.04800829357443246,0.31879893,0.12904608,0.30563888,0.13864936,0.42832318,0.07775135,0.58494127,0.11280218,0.585857,0.10263316
C0,20098,train,0.06134439503358681,0.009039550692354762,0.010228566951230388,0.00217867731924836,0.64691526,0.10424979,0.607622,0.08914672,0.6117913,0.06264554,0.41992038,0.06792042,0.6168779,0.092056654
G3,20098,train,0.06819865757823358,0.01015429584322073,0.0022484619768347947,0.0014617809353244223,0.66560256,0.08671851,0.48433843,0.03406141,0.6166341,0.04183493,0.3843716,0.102606736,0.58819544,0.03788552
A0,20099,train,0.12624094377550496,0.01659716611058158,0.011011679541713379,0.0024665338432984358,0.5078257,0.02880392,0.45230937,0.047390435,0.55667865,0.025730802,0.47526807,0.046580426,0.5759794,0.024211328
C0,20099,train,0.09963381515069998,0.030542661709917127,0.008778734265058624,0.002527382909178784,0.5507638,0.04900648,0.51805884,0.06227292,0.59499764,0.03159777,0.4942577,0.02835885,0.57751876,0.024839764
G3,20099,train,0.10961471998502537,0.011660170387980234,0.014177705456546877,0.0031075419127359403,0.51409435,0.04028305,0.45633715,0.068886474,0.55232346,0.00587369,0.4797244,0.033361208,0.5809335,0.027973847
A0,20100,train,0.30625535233223544,0.02174357035818828,0.08237153979064715,0.029712111866334993,0.305532,0.12603484,0.31033164,0.1239203,0.4537693,0.057719637,0.5871648,0.11204068,0.5915116,0.08867669
C0,20100,train,0.13013174032039027,0.019808841152840477,0.013742733036048543,0.0040850376379945015,0.51257753,0.032039087,0.49574155,0.03702063,0.57078016,0.04634582,0.5060382,0.025736332,0.61444503,0.051765423
G3,20100,train,0.2263159541288728,0.026417787410365864,0.017048984020958415,0.0051449685217986605,0.38376397,0.09759681,0.3151235,0.1096078,0.52433455,0.023771394,0.49448872,0.03725005,0.5797634,0.036225744
A0,20101,train,0.05942757431825195,0.01084685534759258,0.009675280801800397,0.0022801724478705276,0.63635653,0.10033879,0.65214705,0.078539275,0.6254167,0.052724715,0.45405316,0.058318764,0.6050202,0.09003644
C0,20101,train,0.0628792034925427,0.008102444714479625,0.008390710120813032,0.0021396725925983875,0.6319233,0.09111622,0.6405796,0.06244005,0.62496597,0.054150786,0.45639783,0.05183999,0.60245943,0.08515871
G3,20101,train,0.09483892491235603,0.024912056294540956,0.01238325382398823,0.004630361230809702,0.5568919,0.041089617,0.5272935,0.048797652,0.585554,0.015089507,0.487813,0.01698805,0.5722664,0.0500274
A0,20102,train,0.0722385125753331,0.011254043404988003,0.008304270942155481,0.0022454443248370285,0.6137661,0.08490333,0.47920966,0.05759016,0.58833516,0.020390937,0.4015327,0.08679209,0.6011702,0.037870903
C0,20102,train,0.0770368234671483,0.01565843580716844,0.004447629930234455,0.0008770979228426964,0.6353656,0.052262813,0.6178308,0.03326892,0.62978554,0.060541723,0.4646953,0.054734495,0.5941639,0.06907146
G3,20102,train,0.05691654552954985,0.008920613910156071,0.002257565516877907,0.0011411286842339435,0.6703221,0.09019915,0.48819596,0.048610996,0.6198621,0.03843969,0.3806612,0.10760035,0.5840991,0.028777527
A0,20103,train,0.06412816108628897,0.006536448289498956,0.0031267666653405865,0.0018798321399985237,0.64317065,0.068906695,0.44644347,0.08113714,0.585801,0.012728329,0.39571878,0.09971657,0.59026855,0.036594827
C0,20103,train,0.06968397712807606,0.0062651546272167735,0.010358027726892528,0.0032709998090894254,0.6253046,0.06684931,0.53451663,0.044128954,0.5839702,0.03788101,0.44702888,0.063629314,0.6190337,0.06587803
G3,20103,train,0.07563811400122575,0.005549056986814305,0.009828088198276215,0.002255438312873464,0.5919154,0.04987163,0.45053396,0.07042746,0.555157,0.03137186,0.41149014,0.0767667,0.6147778,0.059482627
A0,20104,train,0.19691522602082837,0.018280928286027245,0.11696649052187727,0.05336049585604283,0.33989173,0.11245596,0.42520267,0.10009053,0.47694358,0.071357995,0.6161746,0.12744118,0.6112727,0.09430492
C0,20104,train,0.21720017077864848,0.02499311189030271,0.07059748583057504,0.012178922655496046,0.31639826,0.099016756,0.35534373,0.10805881,0.48569876,0.062219366,0.5876916,0.07126901,0.6050104,0.075046845
G3,20104,train,0.28096147552694334,0.01606831060620157,0.12603826189684744,0.05205872239527271,0.29947665,0.11745326,0.33451575,0.122910276,0.4642856,0.06764433,0.62254846,0.12768285,0.58927184,0.10680399
A0,20105,train,0.07719539694495213,0.012457724630758123,0.016470274758096915,0.0038371051144436025,0.58346003,0.077386975,0.5744588,0.079162166,0.5762795,0.039944015,0.4935607,0.01051792,0.61277044,0.10718184
C0,20105,train,0.09132748187581641,0.01817509137985703,0.013929602481767939,0.006096143164194932,0.57315147,0.09837248,0.5695678,0.05251733,0.5724359,0.039986674,0.47277316,0.075501226,0.6059644,0.047453906
G3,20105,train,0.13450568809870384,0.017872204731644196,0.014560309505041965,0.002656599535189805,0.51326036,0.017541725,0.4280936,0.06698869,0.54099953,0.021060985,0.4687621,0.051488508,0.5992849,0.06434419
A0,20106,train,0.06381921411416708,0.014370050258810423,0.016457380172518157,0.00494586952438701,0.63419974,0.12255095,0.6407159,0.121944964,0.6162841,0.082480915,0.4394633,0.07649522,0.6150948,0.09781635
C0,20106,train,0.11089972621210906,0.01211469180905364,0.02752914466635404,0.0075337755194040444,0.4916335,0.03151398,0.43280983,0.06895631,0.50945485,0.032605477,0.48591933,0.028670529,0.6273478,0.08617209
G3,20106,train,0.12119344160092912,0.01570680347034781,0.02318838877219334,0.0068929542357817905,0.49510264,0.023360023,0.43079886,0.08244299,0.5065924,0.038181886,0.46599445,0.06318331,0.6140557,0.060609497
A0,20107,train,0.12916870749841655,0.020946719519643248,0.008710406226408573,0.004355637236327026,0.49088722,0.04802415,0.43738127,0.09082859,0.5711678,0.01806105,0.4805987,0.03215795,0.59184575,0.057127435
C0,20107,train,0.0549198683817113,0.019895782109771804,0.007515692376759644,0.0024903000647595592,0.6571789,0.124393515,0.54772687,0.086323485,0.60240906,0.03842012,0.39484766,0.107573755,0.6018517,0.05877803
G3,20107,train,0.06946532358884816,0.009990189884116547,0.0032333218938422363,0.0010595362101654799,0.6439682,0.05323929,0.42444357,0.09396344,0.584617,0.006225542,0.39235884,0.092321396,0.583305,0.032897897
A0,20108,train,0.30920363132671796,0.02774591992632491,0.10454295563822776,0.031089784370209008,0.2754099,0.11570732,0.31245527,0.13588306,0.45259675,0.07285916,0.599096,0.12181997,0.58729,0.100673765
C0,20108,train,0.2640567692772187,0.03379986495548077,0.05951233064800134,0.017551705639705838,0.29412466,0.09698632,0.32049146,0.12914383,0.47705254,0.041858763,0.55026877,0.05448939,0.5807625,0.06418395
G3,20108,train,0.2788188742835128,0.01879407687092479,0.07987322651133515,0.013195108169109265,0.2819265,0.11057987,0.3102441,0.13045432,0.4411276,0.06567245,0.5780608,0.09725125,0.5865077,0.08955334
A0,20109,train,0.11170515090456863,0.029746045932213725,0.008181112590622933,0.003546597603789502,0.53279895,0.075139135,0.41260004,0.112006254,0.56298316,0.038256507,0.45971322,0.02974781,0.5900776,0.049228128
C0,20109,train,0.06667228777119735,0.017953941851472602,0.004610224541311352,0.001317347809571611,0.62946385,0.050578818,0.5220524,0.04868367,0.61865014,0.023660611,0.43097988,0.072699346,0.5982193,0.055767555
G3,20109,train,0.06492076250608021,0.009081295452999273,0.006692923821275428,0.0018801626387795205,0.6403332,0.089095786,0.493044,0.030924601,0.59994185,0.021964988,0.39406562,0.08892428,0.6011902,0.05397185
A0,20110,train,0.086800404055109,0.025129433505873724,0.02105028703142075,0.0042136535147767815,0.5780322,0.12741077,0.61940765,0.11733036,0.5616479,0.068143755,0.48431927,0.05919698,0.6110369,0.08149577
C0,20110,train,0.10497416053991919,0.04003449524941018,0.017634465692996988,0.01150580032858327,0.51323366,0.10183146,0.511796,0.085416086,0.56309116,0.03542211,0.52519906,0.08697299,0.6392867,0.07204606
G3,20110,train,0.20108797714734408,0.022582077417046216,0.09410496569909566,0.036460287072811175,0.333094,0.10273956,0.40365964,0.07913942,0.49570173,0.06502469,0.617954,0.11301575,0.6095327,0.10172444
A0,20111,train,0.12446516044342086,0.019605882290437606,0.04779295245872931,0.018431947033377038,0.43075547,0.09203053,0.51855886,0.07007404,0.5137838,0.045461558,0.56071895,0.09041262,0.59948146,0.08791738
C0,20111,train,0.13005701856141863,0.01736411152355104,0.05372186297356951,0.02104853218921015,0.42670935,0.10087926,0.5055787,0.07998188,0.505252,0.04841239,0.5634007,0.10120188,0.6052619,0.087177195
G3,20111,train,0.13223432115599326,0.022828047120679512,0.05921175459593168,0.027315898415553107,0.41361994,0.11337577,0.47770873,0.10643491,0.4948918,0.061781704,0.57307255,0.10336249,0.6040082,0.09094175
A0,20112,train,0.2843706233620636,0.018105129780047333,0.12623326483360725,0.0474312005555838,0.27961817,0.117083736,0.31753513,0.13923831,0.4324707,0.078744665,0.60391104,0.12322248,0.59132135,0.10777772
C0,20112,train,0.20712248347148768,0.019597555977224818,0.08672865989393598,0.033068455869461146,0.31317133,0.11126364,0.35774142,0.13599272,0.4437353,0.07860329,0.57997006,0.11177121,0.59550154,0.10627217
G3,20112,train,0.2460350952367858,0.019508707562266095,0.07696838920502416,0.014106615257570353,0.29873952,0.11078658,0.340491,0.13429478,0.44175163,0.055038914,0.57615185,0.1047238,0.59004396,0.09588943
A0,20113,train,0.07978377374784063,0.019767474161280968,0.005258542204306801,0.0016631743386775844,0.6138465,0.05212493,0.5253788,0.051226135,0.6018279,0.04350238,0.44634563,0.07782674,0.5742191,0.036101345
C0,20113,train,0.04682968398636221,0.009068390690018425,0.007015678333237371,0.0016260105100864327,0.6935051,0.1103444,0.661038,0.11243653,0.6279871,0.083560355,0.43371934,0.09727795,0.6104773,0.08529452
G3,20113,train,0.06320142130565677,0.0059734424479104984,0.0052582852691552134,0.0013858551533684205,0.65724754,0.08938482,0.5907434,0.05971966,0.63353,0.054332078,0.43201652,0.073488936,0.6017363,0.07696305
A0,20114,train,0.07964688819502821,0.02642682929358255,0.017243337665635176,0.006973836454443658,0.6048206,0.11436114,0.59129125,0.08737996,0.5627259,0.031585183,0.4456915,0.076206364,0.5989311,0.0790198
C0,20114,train,0.06087598455380387,0.012264677025610807,0.002259834834604471,0.0013492538728095648,0.6684677,0.08314076,0.4858331,0.056999184,0.6226556,0.04115342,0.3769245,0.09856416,0.58561325,0.029341042
G3,20114,train,0.1255007751229737,0.021190978511055218,0.012978518248419802,0.00258705988232029,0.52884835,0.06778379,0.52427065,0.037805125,0.5481819,0.026811006,0.49816853,0.04263835,0.5920721,0.04946997
A0,20115,train,0.16257930731171008,0.021030752432034214,0.04270359619740615,0.00955470991957617,0.4391691,0.027391637,0.49973136,0.0450865,0.5329577,0.036757525,0.5456401,0.040453106,0.5989807,0.06829943
C0,20115,train,0.1650697213505399,0.02772612958040051,0.045424122398638946,0.00791584599105191,0.4220519,0.029088717,0.48543364,0.012551865,0.52185166,0.028812733,0.5519258,0.05344837,0.6027683,0.07466953
G3,20115,train,0.23584831922002883,0.013923125479611003,0.08230313804648955,0.015367498324971057,0.3238447,0.0955467,0.364839,0.10052198,0.472862,0.05344281,0.6026702,0.09709114,0.60086197,0.07846088
A0,20116,train,0.06875318011979324,0.007669322558131136,0.005052687657782395,0.0029424595174418295,0.63042724,0.08628299,0.47273627,0.03211965,0.59607136,0.037045717,0.40017802,0.10034674,0.5829309,0.025099527
C0,20116,train,0.11083743028570299,0.021630943259700674,0.03484403516592425,0.012155471433181485,0.46703762,0.07864422,0.4983394,0.080400385,0.5505563,0.044537395,0.54116523,0.09961777,0.6041959,0.084137596
G3,20116,train,0.12923692913523682,0.03987250501050172,0.05995244958424091,0.048832073182068614,0.4380744,0.13595824,0.46428537,0.1162058,0.5096783,0.05252234,0.5814956,0.12660828,0.61571884,0.09477646
A0,20117,train,0.05416569715118931,0.006976680389859507,0.005945315794064786,0.0023893767114367844,0.67541754,0.12417221,0.6407345,0.094484426,0.6139442,0.07099111,0.42417184,0.10773347,0.6087699,0.07134835
C0,20117,train,0.2440925858734296,0.027648453032298646,0.06557136570696397,0.012273193881058957,0.3549638,0.08505778,0.34784517,0.0834959,0.4739616,0.031509064,0.5986246,0.09248009,0.5972049,0.09526369
G3,20117,train,0.08182072414542782,0.012621192523037105,0.007258440851748286,0.003310359125132927,0.5752758,0.022742184,0.46854067,0.11136662,0.5677907,0.018821124,0.42091304,0.07796581,0.5940933,0.018086143
A0,20118,train,0.19523677973667738,0.049196021458820904,0.06736183338211345,0.012443978600872874,0.3830009,0.050682496,0.44124833,0.063795745,0.49599415,0.027808333,0.588914,0.06653468,0.58885413,0.095835656
C0,20118,train,0.1727347731929497,0.020380683323487168,0.062396652756204166,0.02919938478531506,0.37562513,0.12546326,0.36244735,0.1311866,0.44715995,0.07022254,0.56142724,0.07259511,0.59695387,0.09946183
G3,20118,train,0.23059141456167764,0.04009491140395867,0.09502755644571884,0.022921899466031622,0.3347388,0.08878575,0.39235577,0.050451048,0.47366852,0.032659926,0.61062396,0.11080927,0.5881526,0.10346263
A0,20119,train,0.2580777954094883,0.016907816402155534,0.03807267837572859,0.010073363010432691,0.33135527,0.11045293,0.30329156,0.118833795,0.48160976,0.036398914,0.5438367,0.05411454,0.58792233,0.05550096
C0,20119,train,0.10345450405939612,0.013995305204210981,0.016244069406449756,0.002681847703353847,0.5206084,0.026346449,0.512191,0.02435837,0.5663506,0.024190132,0.51305884,0.016026411,0.6164072,0.08989831
G3,20119,train,0.26944797286033007,0.03460643377193093,0.06285035272464581,0.010289309859135193,0.31728193,0.12595557,0.32107058,0.13559227,0.4640097,0.066093326,0.5684141,0.102626465,0.5949276,0.0732947
A0,20120,train,0.1984162830157783,0.03735589798377094,0.06598782264517719,0.024766492845887635,0.35694638,0.123296015,0.39281982,0.13084713,0.46293432,0.05602475,0.58270943,0.125853,0.58798414,0.09063189
C0,20120,train,0.26659100078908243,0.022956298222264266,0.08198053158695826,0.010894516657239454,0.29095733,0.11246438,0.32998875,0.13518082,0.47601324,0.06908121,0.57410634,0.10569022,0.5932809,0.08205829
G3,20120,train,0.28618462212753093,0.01436610093361901,0.11388068251271,0.04139024706335489,0.2784347,0.11593091,0.32378516,0.13971515,0.43515998,0.072621755,0.60197353,0.124217585,0.58957636,0.10644196
A0,20121,train,0.07008701064323414,0.011637924447734076,0.023418683292264392,0.0044438149404603736,0.58228827,0.0800885,0.57955766,0.1000632,0.5602503,0.051323466,0.45353085,0.024987465,0.6117489,0.08836138
C0,20121,train,0.06973697758790287,0.0026566127009069727,0.007722360147158355,0.0013173791822508926,0.62536657,0.06423006,0.4883638,0.039683923,0.6025852,0.028014278,0.39555562,0.08617715,0.5988234,0.04477969
G3,20121,train,0.12800932285817862,0.015643663405583787,0.08450630338774251,0.04777069948551952,0.40249395,0.11230281,0.5105837,0.07910689,0.48952478,0.058906112,0.5813829,0.12428483,0.61808455,0.09701098
A0,20122,train,0.04695596242804226,0.009233789683392639,0.008801849037933383,0.001801252942060466,0.6661206,0.11397796,0.6727849,0.1229557,0.6389709,0.07437568,0.4560763,0.076022334,0.62706614,0.096866004
C0,20122,train,0.0683208961999561,0.00481730999303991,0.007645722338374862,0.002092335234711434,0.6447395,0.09302013,0.5858818,0.069557466,0.6051972,0.058509562,0.44437736,0.06853256,0.59671295,0.07917817
G3,20122,train,0.0797054130125473,0.015781774102151303,0.01610965454501394,0.0022769655266471557,0.5692388,0.047537107,0.552606,0.041518148,0.580536,0.043351036,0.47283745,0.026695805,0.60059273,0.08461762
A0,20123,train,0.25137019463146926,0.035394283718964796,0.10182597780038834,0.026489968809309164,0.31661865,0.09485134,0.36134905,0.07543439,0.4650046,0.05034571,0.60683835,0.11783033,0.5902835,0.09699984
C0,20123,train,0.0882098679685954,0.03301584006756248,0.031769093751541175,0.008345799902736494,0.5597182,0.103474624,0.5927579,0.14213724,0.5752915,0.06710138,0.5162241,0.071859226,0.5972142,0.07184648
G3,20123,train,0.2789124186152468,0.018858013158691372,0.12909939648459173,0.053715303736708284,0.30111757,0.11331178,0.33147413,0.107763186,0.4470028,0.06796926,0.6170944,0.12971494,0.59164387,0.1083865
A0,20124,train,0.06486098282717316,0.007881925184819526,0.006249203984112265,0.0016096656598458708,0.6541852,0.09810263,0.5776535,0.0668765,0.6271697,0.05430381,0.41010723,0.07728569,0.6071762,0.081732646
C0,20124,train,0.07550189994105858,0.01201464884298544,0.011578346495158143,0.004311363609455757,0.6034355,0.059740152,0.56862795,0.044366673,0.60032016,0.043436848,0.43634495,0.035337526,0.61355174,0.09124191
G3,20124,train,0.06893660151565742,0.007977567902591779,0.004609701139502616,0.0017392628353557376,0.6466757,0.08376771,0.46401557,0.029744685,0.6055195,0.02181861,0.38528457,0.095481284,0.5921634,0.029633304
A0,20125,train,0.18716275367384388,0.00901591421062553,0.044718181925973315,0.008298988211977668,0.38525262,0.12121981,0.33378038,0.13262984,0.4645819,0.07879363,0.5579549,0.051756483,0.58835155,0.05910409
C0,20125,train,0.2041782915471489,0.031831136496366076,0.07471087762201695,0.020663932738970166,0.3483933,0.11079,0.38484162,0.06793436,0.46148252,0.047035456,0.5927021,0.1002187,0.594571,0.10843436
G3,20125,train,0.10212163754032341,0.007643619553444917,0.02083818466541507,0.004106266516990651,0.533309,0.018448442,0.5100896,0.036753666,0.5564723,0.026439698,0.50224084,0.023500504,0.6066183,0.095843896
A0,20126,train,0.20619396929647996,0.017635828665876725,0.033646732392952176,0.01187326114604002,0.37328312,0.050042946,0.40010014,0.10574287,0.52589905,0.02484381,0.5539607,0.044701993,0.5905327,0.04865713
C0,20126,train,0.11539311926868794,0.019639016240903123,0.027574361699828926,0.009105893165547366,0.47620577,0.03834408,0.50999624,0.052500598,0.5730666,0.035339665,0.51568854,0.02545925,0.63088393,0.08157506
G3,20126,train,0.27436257480030063,0.02396856561489209,0.08094567060856654,0.025315024331895926,0.29915017,0.12539186,0.3028915,0.13207233,0.468211,0.07173065,0.5885486,0.10475813,0.5893227,0.08749599
A0,20127,train,0.11002841666131605,0.01607569043277843,0.014195471680012015,0.003418169345138605,0.55981576,0.022250902,0.5369718,0.02371676,0.58612645,0.031477887,0.50659186,0.03475189,0.61137104,0.0648097
C0,20127,train,0.06004527761883728,0.007100182278266264,0.011110728118225005,0.001437676121831418,0.626974,0.10380737,0.5606961,0.04895961,0.596907,0.047677424,0.4132177,0.07709003,0.61611235,0.07007681
G3,20127,train,0.12810391931343057,0.03790053441145123,0.03359106906156386,0.024139033647328643,0.475317,0.12114117,0.493539,0.13160229,0.5025449,0.050817616,0.5287212,0.08074634,0.61806077,0.07768812
A0,20128,train,0.13471229528036435,0.02000597542058988,0.01324885467157903,0.006165079073087366,0.50466883,0.06446651,0.42506748,0.09690544,0.5464169,0.037983604,0.45417053,0.039024327,0.60524106,0.055458993
C0,20128,train,0.07900775433738108,0.0318283773754332,0.004479606778636125,0.0017648479462370461,0.6195208,0.03954244,0.513607,0.07199879,0.61113065,0.031830154,0.43560416,0.035229106,0.6198809,0.040489916
G3,20128,train,0.08675350127845494,0.032483572214743385,0.0026073542084337265,0.0016644276177567251,0.5996827,0.032186728,0.45703706,0.112614304,0.5986167,0.015069238,0.41996995,0.064577654,0.5951513,0.035421506
A0,20129,train,0.27236887469475657,0.019190782045919674,0.1373230168213744,0.06078590262151805,0.29368648,0.112286866,0.33517858,0.12653276,0.4566037,0.07605377,0.626656,0.13300455,0.58832043,0.10172249
C0,20129,train,0.279252442730279,0.020765635017668663,0.08723797204249048,0.01963468114601895,0.29579058,0.11750161,0.3052457,0.12841244,0.47279397,0.06255622,0.5863491,0.1037095,0.5815511,0.079796515
G3,20129,train,0.24602679835791755,0.014288789768596866,0.09749401780907548,0.040743478155256314,0.30806035,0.108867854,0.3542518,0.1171459,0.4764951,0.061498836,0.6135341,0.12517738,0.59702504,0.09423475
A0,20130,train,0.05262150871299579,0.015493100071223656,0.007206575704631181,0.0023257426854611323,0.6640138,0.11990086,0.5340918,0.06761532,0.6087465,0.043096118,0.38897002,0.10898467,0.60087824,0.052632913
C0,20130,train,0.0709119220770795,0.020529924989206322,0.010254820454718785,0.004268804784718213,0.6305944,0.120230325,0.55518854,0.086034484,0.5811434,0.05188546,0.42159694,0.11560643,0.6024626,0.06007236
G3,20130,train,0.16655976640008996,0.030811783279680066,0.02870921117144807,0.011754058043529858,0.43562204,0.10523122,0.37703058,0.10889468,0.52502525,0.03267026,0.5284842,0.06356343,0.59997755,0.0549387
A0,20131,train,0.05776490077090372,0.019679222041267708,0.01613256413933887,0.00807676198841691,0.6347825,0.12462498,0.665221,0.12822807,0.60895556,0.07031734,0.4454864,0.09194111,0.62486386,0.10644494
C0,20131,train,0.07804603205779961,0.014713174475529466,0.017788532183767615,0.008859846022474941,0.5874829,0.02341907,0.6258807,0.059547216,0.5877331,0.046452872,0.53356594,0.07310442,0.6253654,0.106429115
G3,20131,train,0.11331666238273001,0.027854722549641955,0.03454106591418425,0.007625472635078759,0.48982304,0.043822158,0.5549189,0.06973691,0.57018197,0.035153277,0.52048504,0.030082176,0.60394603,0.09347836
A0,20132,train,0.2708756870086343,0.026534390902394463,0.11696409772903313,0.05291664177497006,0.3013047,0.1205028,0.3337872,0.13008857,0.4504798,0.0740866,0.6000597,0.13147075,0.60161513,0.097096995
C0,20132,train,0.09196529429046366,0.0188455902807464,0.008717170219297719,0.003489726044294311,0.5842471,0.05648096,0.5315191,0.050170764,0.5729569,0.02851817,0.47457114,0.038561948,0.5885256,0.054506823
G3,20132,train,0.19424857931354667,0.06185457098933739,0.051003028764666045,0.030140259039878478,0.38968855,0.1384359,0.42567548,0.15166569,0.49504647,0.049435616,0.5750869,0.12941882,0.60571545,0.05976285
A0,20133,train,0.08143763473349845,0.006169809219697736,0.01719913701295823,0.008221773874558457,0.57640225,0.043423995,0.6265107,0.085534,0.5912658,0.040101018,0.5128585,0.030648,0.6167682,0.087914236
C0,20133,train,0.1533496071944799,0.018340719801687465,0.02395674529690758,0.005432727103961606,0.44612518,0.07961963,0.4661568,0.044960123,0.54542845,0.018741705,0.54041725,0.031232446,0.59979314,0.08436206
G3,20133,train,0.07758105486525456,0.011685579337849026,0.013430032669426403,0.003786648067147346,0.5949202,0.07897604,0.5973088,0.028227452,0.56892675,0.027276106,0.47374386,0.028116323,0.59987015,0.06795654
A0,20134,train,0.16737955248618966,0.014622960860810153,0.10178795745321015,0.059424783842029975,0.35364872,0.11542716,0.4468394,0.10916087,0.4451478,0.064119704,0.5992595,0.13260356,0.59844095,0.11101988
C0,20134,train,0.08918997295637396,0.013932645838395145,0.030176110957073028,0.025373926236101938,0.52474344,0.07128695,0.59137696,0.029105525,0.56631505,0.040507425,0.5592149,0.10077066,0.61433506,0.10785421
G3,20134,train,0.10205926989606437,0.030198928514391588,0.03556141050421787,0.00932886990963212,0.5305697,0.07597053,0.59479237,0.086674556,0.52777576,0.062005833,0.49741602,0.022544906,0.61167103,0.09384211
A0,20135,train,0.2779015513533427,0.020213258305102993,0.14180830228926106,0.06598283704407161,0.292659,0.11889562,0.3100819,0.12988825,0.44144803,0.08146395,0.60685414,0.12401167,0.59088635,0.11206174
C0,20135,train,0.22910824388887302,0.02599554653899546,0.05593518868226196,0.008171209386141435,0.3330167,0.07940438,0.40632853,0.09736388,0.51433074,0.022814132,0.59293824,0.09558363,0.5942352,0.063515395
G3,20135,train,0.16925570483272678,0.013969770116590735,0.07673657863846552,0.037016116318577263,0.3655214,0.10686009,0.3429783,0.11655322,0.43377557,0.08208041,0.5394718,0.06705612,0.59879386,0.10761665
A0,20136,train,0.06178481746840302,0.012603790860679096,0.005422229483492376,0.0025901519130666273,0.6492165,0.122147925,0.60154307,0.066370346,0.60607684,0.06540787,0.41839942,0.10148236,0.5956592,0.065174304
C0,20136,train,0.07300676534548545,0.008821296891416534,0.0021946083999333918,0.0015673280651109106,0.64234245,0.07773815,0.55486816,0.015693234,0.6197423,0.057757955,0.43320054,0.09156534,0.5842951,0.05614346
G3,20136,train,0.04629339807827272,0.01652398962756944,0.006924823909720145,0.0008059164671445281,0.6776517,0.12620765,0.6000385,0.07207239,0.62145746,0.058455754,0.42020097,0.12679692,0.60097426,0.050715156
A0,20137,train,0.05989849786554565,0.006227082982903534,0.005385276119516262,0.0012789444435698273,0.64819825,0.09442581,0.5085164,0.02603263,0.5997876,0.033986855,0.39047807,0.09315335,0.589855,0.03522669
C0,20137,train,0.06263730826167123,0.00630311294658218,0.006000172792498282,0.001326938095980768,0.63525313,0.083458215,0.49941388,0.04314362,0.5889889,0.02946461,0.40311036,0.08796825,0.58772594,0.037066326
G3,20137,train,0.07462210899766485,0.005124706074643676,0.0053223843485212235,0.001887205210261528,0.62037665,0.061811693,0.4532349,0.068276964,0.58948463,0.021333294,0.3940665,0.0868251,0.59020483,0.029877545
A0,20138,train,0.27695201800901625,0.022502732068609744,0.08175330194144703,0.018595547389864957,0.28317776,0.114484616,0.32818422,0.13388652,0.47913665,0.05651486,0.5910278,0.10703103,0.5913003,0.07989635
C0,20138,train,0.2314161703034335,0.02234015378565553,0.07055968603216717,0.008886336304778312,0.31581417,0.100044005,0.38666597,0.11290756,0.50430524,0.03899078,0.59683114,0.10668684,0.5939205,0.07748937
G3,20138,train,0.23344291158697378,0.0352573691140764,0.11860469021954331,0.051724561526442586,0.31283993,0.11831938,0.3776415,0.13318582,0.4732491,0.07375355,0.6108855,0.13414413,0.5996462,0.09757975
A0,20139,train,0.1749924300042197,0.04798952079918181,0.04273218692663527,0.015598722682587699,0.3917585,0.04175372,0.46405855,0.03262833,0.5397113,0.036408678,0.53414595,0.035752643,0.6017019,0.0792477
C0,20139,train,0.2964904140374246,0.027514714644195745,0.13484371277488963,0.05759903545708307,0.27929464,0.11455924,0.31132346,0.13481745,0.44821054,0.07812594,0.61031663,0.12638572,0.5907274,0.10486075
G3,20139,train,0.22537432029714527,0.022002166135645915,0.11441509843087065,0.03915858494922809,0.3189219,0.10581654,0.40080547,0.098459035,0.4800149,0.05533425,0.60849357,0.13337521,0.59134233,0.09880215
A0,20140,train,0.09203899137419494,0.007635104455944588,0.00239108697170502,0.0008534452948356123,0.6235149,0.049238052,0.41901842,0.08174801,0.5929275,0.026103696,0.40389666,0.092887685,0.5750586,0.040734865
C0,20140,train,0.04807441550696305,0.009211501727166916,0.0044086940067644695,0.001430466366972339,0.6850011,0.1090114,0.5612949,0.061180647,0.6229571,0.048891347,0.38588867,0.107260734,0.6004165,0.057776548
G3,20140,train,0.09129013439799206,0.010263802585299363,0.012947445339002708,0.0034971351519032536,0.5744925,0.050841782,0.5256419,0.041451227,0.5734277,0.035864253,0.47750664,0.042771906,0.61157304,0.05664935
A0,20141,train,0.2482714809892003,0.029905307795182797,0.03177886760583007,0.013422464900460064,0.34322962,0.097382456,0.3061875,0.10556132,0.49946156,0.02271721,0.53557414,0.04338026,0.57935923,0.04889109
C0,20141,train,0.2309232846935,0.021899032776153876,0.01896852314382646,0.007483114536996738,0.37510252,0.090212874,0.321282,0.112187184,0.5205744,0.026412485,0.5029942,0.03874683,0.57898605,0.026730187
G3,20141,train,0.2357744512722307,0.02423459910751978,0.06214537653813541,0.01921346181490077,0.32582048,0.12604424,0.30741787,0.1295285,0.4703179,0.079420015,0.5666989,0.09024182,0.59325373,0.08090115
A0,20142,train,0.13956571873669169,0.02306944694058043,0.05561496902370736,0.020410732982052024,0.40940467,0.107725315,0.48226118,0.09452984,0.5057459,0.05452391,0.5698662,0.096105285,0.59816676,0.088536814
C0,20142,train,0.10531382138980419,0.010721923577535434,0.01864044734337669,0.005487141544063657,0.5540763,0.050833866,0.585625,0.06732313,0.5761691,0.0652476,0.53164303,0.038325157,0.61060625,0.07412788
G3,20142,train,0.13624455121021095,0.028245350874994222,0.014203881331711554,0.009242127499997293,0.48861068,0.05507787,0.48338762,0.014846095,0.5620927,0.047522973,0.51210386,0.052413072,0.59428453,0.05399072
A0,20143,train,0.08665005782835038,0.02991752632682357,0.011204953828528767,0.0022286040970010586,0.581571,0.039499052,0.61946404,0.036347304,0.6001438,0.045008115,0.5252066,0.045768395,0.60950804,0.08842088
C0,20143,train,0.056582240046628075,0.014015542187196887,0.013693431421880333,0.003322226459599645,0.6365266,0.12193674,0.60777557,0.09233001,0.6024806,0.06335276,0.42416772,0.0981823,0.6271538,0.08677344
G3,20143,train,0.06960170889828202,0.009665164933818046,0.015217404267708706,0.007074256279135372,0.587652,0.0335097,0.6049775,0.050947346,0.6043762,0.02963031,0.51181096,0.035914212,0.6132554,0.083506085
A0,20144,train,0.1328540428509249,0.04797156639501455,0.01106403682736003,0.003011085115878572,0.48098344,0.11153996,0.4374059,0.15649651,0.53188515,0.057806607,0.4797578,0.03724048,0.5918717,0.034838658
C0,20144,train,0.07116724847966382,0.012399220562216496,0.005783135784643966,0.0016980508177989486,0.6212188,0.040613614,0.5152863,0.07106621,0.58678764,0.030479025,0.41073918,0.06377488,0.5872865,0.04580065
G3,20144,train,0.07209228594847925,0.007646036617223228,0.006505304809530996,0.002496690092104895,0.6375329,0.078982145,0.5886894,0.0441651,0.61346287,0.05827954,0.4446028,0.056830753,0.5992333,0.07613572
A0,20145,train,0.19793413179793568,0.026545982112459905,0.06435574118566975,0.009639284757331973,0.33436245,0.09075777,0.3610587,0.10650032,0.45041594,0.054783843,0.55122495,0.0715459,0.59039986,0.09425793
C0,20145,train,0.2259114359188925,0.014223558744150237,0.08048583906437742,0.030218324367357687,0.32377222,0.111429594,0.36983484,0.10497976,0.48351914,0.053358443,0.60352945,0.116907686,0.5938241,0.10101959
G3,20145,train,0.2785237279209609,0.01746343114001484,0.08854023865737075,0.020215938845407868,0.28111023,0.11161095,0.3217637,0.13320163,0.44333678,0.061627336,0.587993,0.11474176,0.5848112,0.09846742
A0,20146,train,0.09983426114640012,0.009273478853547632,0.010451989864033048,0.0016071402376746007,0.5590904,0.023028484,0.43993774,0.07874081,0.55610716,0.025229588,0.44669825,0.04762267,0.60740983,0.06743029
C0,20146,train,0.067292456806154,0.012368761191695691,0.007851485235075676,0.003308432559754302,0.6422299,0.12394351,0.6073676,0.086881675,0.59595835,0.058919035,0.43469483,0.10886666,0.6017745,0.07056784
G3,20146,train,0.2054232537844692,0.054715338973424454,0.1145849056020104,0.0791818127496166,0.35711542,0.12880754,0.39803725,0.13157833,0.46558157,0.068891935,0.61330426,0.13607162,0.60395634,0.10850656
A0,20147,train,0.0700368917645644,0.005745128766347039,0.00635727182677281,0.0016814040977292872,0.645966,0.10503692,0.5989036,0.09674621,0.61008084,0.08460221,0.45629254,0.05146713,0.6049632,0.089064986
C0,20147,train,0.07688843225524669,0.024621808601860907,0.009749727872216446,0.0031734250263305308,0.61456203,0.037838954,0.6068708,0.040324837,0.60183334,0.050598487,0.48741236,0.017273955,0.6091181,0.08669922
G3,20147,train,0.0702865096583322,0.013520189453056204,0.004158092990618626,0.0019801787188997964,0.6285721,0.07408298,0.57957095,0.02112263,0.6137619,0.046191826,0.44222298,0.07057535,0.59262705,0.05001626
A0,20148,train,0.07323051297454,0.00689960905767054,0.012993194505389253,0.003174776128930694,0.6172554,0.06264389,0.4850834,0.060770027,0.5631758,0.016512463,0.42179948,0.064972386,0.6243304,0.06919702
C0,20148,train,0.06021167217671256,0.010973117289904591,0.0034773982495568652,0.0016780039577554628,0.66569465,0.076076984,0.45313755,0.07193275,0.5995166,0.017332071,0.37990215,0.09818225,0.59429854,0.032170136
G3,20148,train,0.08502700962499127,0.012359754550150927,0.008524457385774582,0.0026231024147081246,0.6036245,0.047592975,0.49249315,0.039167754,0.5691699,0.026782786,0.4468948,0.06487013,0.5924276,0.04252132
A0,20149,train,0.047840504676834004,0.008582412409644835,0.005230015748100034,0.0013277309799297062,0.67374706,0.109843016,0.52097785,0.042484757,0.59785366,0.035822038,0.39148903,0.10877771,0.5890971,0.04401465
C0,20149,train,0.09929640067812726,0.01698568577577067,0.029646882426214133,0.017188660155377275,0.49704152,0.08702256,0.39525762,0.13591455,0.47809896,0.080204114,0.45109922,0.046883374,0.59933054,0.08209885
G3,20149,train,0.07486681809878303,0.014477504467056231,0.006468385523008546,0.002340946829781841,0.629412,0.10271099,0.4830648,0.045103356,0.5885124,0.03900504,0.4096257,0.10592457,0.6069829,0.047074325
A0,20150,train,0.23066439256649995,0.03497237190142087,0.03787860557441947,0.013119216015792516,0.3386403,0.10836677,0.35288146,0.120919585,0.4966423,0.03309962,0.55883884,0.0909131,0.5868812,0.052015167
C0,20150,train,0.19957335339340945,0.034034275214540964,0.07341634419047985,0.028932115327921053,0.34645882,0.110734336,0.41066065,0.11298276,0.4973232,0.054228164,0.58128625,0.12800768,0.6082009,0.07778497
G3,20150,train,0.21100212281109024,0.04164916659885526,0.03175972172850169,0.01173291721301928,0.3757878,0.08742508,0.382227,0.08529307,0.5251265,0.021076033,0.5241482,0.024137408,0.5859003,0.055179916
A0,20151,train,0.18779586766407413,0.02519978200764973,0.04386619000439394,0.015346860096639148,0.38747567,0.109398894,0.4034472,0.09842652,0.49203056,0.038839158,0.5682832,0.08893481,0.6064559,0.10055901
C0,20151,train,0.1605477910834117,0.022090941149158935,0.07176176325175529,0.05455197123236511,0.38320345,0.14177981,0.4296052,0.11263512,0.4975272,0.090010606,0.5766182,0.120972075,0.6248306,0.09227873
G3,20151,train,0.2085020752254653,0.02647486531484016,0.05393214794231623,0.02251454612928267,0.3656695,0.13717832,0.36718845,0.11802425,0.4774372,0.06926521,0.57318056,0.082635276,0.614139,0.08815115
A0,20152,train,0.0934340809309879,0.011343394348105666,0.035240610857363054,0.006414653743078226,0.49470204,0.011669387,0.45612702,0.03754576,0.50575364,0.028214078,0.48241416,0.03221818,0.6073798,0.092664994
C0,20152,train,0.12736550153328247,0.025495424511655422,0.021860428663923764,0.00628242824980337,0.4947583,0.08844052,0.50992787,0.05409555,0.5312036,0.022500906,0.5187818,0.08028031,0.6054761,0.043651387
G3,20152,train,0.15456923012647267,0.015997965685084017,0.0816907635545149,0.027994606231807533,0.40134636,0.08540614,0.4887424,0.047431983,0.49171513,0.032328147,0.58972895,0.117569186,0.61136526,0.08572965
A0,20153,train,0.08111018839456921,0.021565219707673902,0.027843798069423754,0.005645088339976135,0.5668745,0.07641497,0.5871267,0.11454956,0.5564593,0.058941204,0.48604688,0.04951164,0.60814023,0.10164555
C0,20153,train,0.19043001068367577,0.052579633629726834,0.016982470770593294,0.010228518427282627,0.42408648,0.13549826,0.35800594,0.13482982,0.50577587,0.04988331,0.5303664,0.057057057,0.59028834,0.044469852
G3,20153,train,0.10148296256670793,0.016373316146098747,0.03659171003859953,0.012556387866140469,0.49813446,0.040678754,0.5966126,0.06875648,0.5427279,0.009734826,0.5631791,0.09219243,0.63255465,0.09321423
A0,20154,train,0.21089135412303656,0.06909701868738988,0.02886269381180757,0.01283778597706996,0.39949685,0.16426225,0.34151253,0.14243814,0.483702,0.05857303,0.5549205,0.09099233,0.595523,0.066378385
C0,20154,train,0.17522792251958771,0.058046326108291905,0.016437899311485833,0.006079511902154056,0.43122488,0.15114738,0.37058166,0.14209607,0.5170603,0.030974261,0.5372766,0.05855962,0.5897883,0.054076135
G3,20154,train,0.08113639224713906,0.0058754204693352435,0.019460566741439672,0.00657380324867899,0.55555236,0.057511907,0.5090109,0.025498547,0.5866405,0.012647547,0.46235538,0.029463064,0.59653205,0.07318706
A0,20155,train,0.05927997740251156,0.005887994571739274,0.004729651790905345,0.0007516389349280595,0.6713315,0.1109607,0.61624384,0.075621024,0.6419447,0.055205844,0.41736096,0.10739739,0.5902997,0.06744185
C0,20155,train,0.05672106266461914,0.003378313174030688,0.003408256735188671,0.0005565959275261307,0.6815462,0.10013648,0.6346494,0.078821786,0.6402694,0.061888937,0.4256248,0.100984186,0.59009504,0.07838886
G3,20155,train,0.10786665842319261,0.02435960562120088,0.005257174500508601,0.001914713313323714,0.55774444,0.05542406,0.49280056,0.07142351,0.6007164,0.034453217,0.4649647,0.04162421,0.5863058,0.069158524
A0,20156,train,0.09064179538559557,0.011768747276844732,0.016899976885206197,0.004257563389865937,0.5673724,0.059402544,0.5669547,0.039058764,0.5967563,0.040103056,0.48112115,0.018333994,0.62178487,0.08372982
C0,20156,train,0.1456797937094642,0.07270238677596212,0.050810280004085315,0.045227151019079447,0.44934362,0.1482588,0.43900284,0.13848458,0.48954743,0.0631209,0.56927913,0.14308625,0.62029374,0.093194745
G3,20156,train,0.15388309168978354,0.018955069187409267,0.03047039241868806,0.009630070752583157,0.42819014,0.08742381,0.4531288,0.07770408,0.5102591,0.045163702,0.55738413,0.07394737,0.5985879,0.077752426
A0,20157,train,0.19605665562831567,0.04909467842562251,0.07028299725792447,0.01461155373947867,0.36494213,0.04474206,0.4419704,0.044782653,0.5115621,0.027234266,0.5760943,0.06689862,0.5958103,0.072407894
C0,20157,train,0.12574401842093583,0.01859365183741117,0.030868916078431268,0.011970388924148435,0.50540787,0.022336118,0.5778934,0.069078416,0.5631887,0.032145146,0.56470394,0.08798378,0.61728525,0.07132114
G3,20157,train,0.09349177362963741,0.028033644778383913,0.0385292929846288,0.024392347608755725,0.49408498,0.085978426,0.58374226,0.054600634,0.5446284,0.036987968,0.5684053,0.105131045,0.6136786,0.09369707
A0,20158,train,0.06157391224862402,0.003702115235163814,0.006183141586693034,0.0018180684487069617,0.64886904,0.10665448,0.63070565,0.083649375,0.6216725,0.067976564,0.44646224,0.075964905,0.6127676,0.08005166
C0,20158,train,0.07813744400311153,0.015034718284837807,0.009691500934300188,0.004852378894903573,0.59787285,0.08860319,0.55649376,0.05148979,0.59834445,0.067911826,0.4627841,0.08292015,0.58044195,0.071176104
G3,20158,train,0.23322811188486062,0.01641130555840167,0.04105052485330481,0.014294028101835093,0.37252843,0.11585939,0.32194644,0.11755308,0.45707494,0.062965386,0.5561427,0.06783923,0.5868455,0.07577937
A0,20159,train,0.10629182160031447,0.03596775596273717,0.020972035811452235,0.0038537880698337524,0.5495831,0.1265642,0.5580703,0.10999113,0.5594299,0.065081835,0.48849487,0.08358349,0.5946397,0.06644667
C0,20159,train,0.13910805686961172,0.01688403559442924,0.014086837008822888,0.008150088350980642,0.45812184,0.017133906,0.42142838,0.06555541,0.5667672,0.028158935,0.4853227,0.062550865,0.6090584,0.033131525
G3,20159,train,0.24502169888792408,0.025501851058024497,0.09198956088243337,0.018927056179878523,0.30840015,0.114538886,0.34935743,0.103708185,0.46117982,0.05226866,0.60687697,0.10874162,0.59018123,0.099887595
A0,20160,train,0.16884619535540296,0.016301708318111348,0.03841258403425567,0.0023687852264103622,0.44612718,0.06027209,0.49871865,0.03903597,0.514365,0.020721523,0.54551035,0.074754305,0.6084298,0.04569125
C0,20160,train,0.12408033405031449,0.02102257738035959,0.020479769987592166,0.006358617263775437,0.4814168,0.08839815,0.45480555,0.09187337,0.54350096,0.038602464,0.523637,0.07209538,0.6070921,0.0763534
G3,20160,train,0.13998191544320307,0.033302672432443434,0.027827896276502395,0.008259728788746331,0.4357546,0.11054067,0.44716626,0.13101815,0.5347477,0.043895233,0.52748793,0.06496014,0.61321497,0.061929964
A0,20161,train,0.07523689175922904,0.022569264450769226,0.003089329008892308,0.0029126017776571846,0.6411636,0.044332515,0.51691216,0.053813558,0.6192337,0.04947797,0.41205484,0.09135795,0.57110655,0.032119136
C0,20161,train,0.07998051482755628,0.011841451904498675,0.006115386011422699,0.005001074811180019,0.6202613,0.076520324,0.52814984,0.027810954,0.6000287,0.063513726,0.42278188,0.09837182,0.5756043,0.018789416
G3,20161,train,0.07587027464086997,0.01573647398508011,0.003241480544215615,0.0015569113878105118,0.6194859,0.04087499,0.41472164,0.11175149,0.5801927,0.011840238,0.3993253,0.08761685,0.5856685,0.03223929
A0,20162,train,0.060786257929513345,0.006480859515359186,0.005784057798925538,0.002483915802971189,0.66212,0.078212194,0.49477434,0.04669208,0.6015093,0.026930932,0.39179343,0.09669894,0.5934244,0.043284655
C0,20162,train,0.06439131568718062,0.006500637730070528,0.007098587908679366,0.0034837887425037293,0.64563006,0.07963292,0.52366894,0.02571663,0.60626143,0.040063746,0.4068696,0.09618647,0.5986011,0.051894795
G3,20162,train,0.06106291196475755,0.010561436893070835,0.006852157736972396,0.002924443738408785,0.66240513,0.122648545,0.6190774,0.101162694,0.6190426,0.059639167,0.42197084,0.104938686,0.59978926,0.08903965
A0,20163,train,0.26383959082668484,0.05001894858610811,0.049019005867040846,0.014661370359614193,0.33961064,0.12889577,0.3183654,0.13678695,0.46151704,0.07223614,0.583484,0.100801736,0.6070671,0.06137689
C0,20163,train,0.17990149991784227,0.0349698848100564,0.06462090440940113,0.029913617895180922,0.3627091,0.12001175,0.41987124,0.12630618,0.5011628,0.050211865,0.583866,0.12293142,0.59969085,0.08772454
G3,20163,train,0.11817937751159954,0.02029891843620101,0.05096890836395677,0.02205101187703328,0.44116297,0.072964005,0.4081923,0.083634555,0.47434774,0.05712379,0.5077984,0.057898857,0.6041552,0.10396058
A0,20164,train,0.10419858674275248,0.01615176470868275,0.01027029316505163,0.0046214359562728674,0.5341214,0.031088006,0.46792227,0.11221265,0.5695662,0.019861564,0.4555946,0.05580459,0.5964355,0.013830395
C0,20164,train,0.09340489094208995,0.01565241154292197,0.016929568417977044,0.0030315394839732735,0.5897578,0.05554847,0.59617645,0.06579809,0.57778925,0.046593007,0.51694685,0.048600003,0.6061887,0.07729517
G3,20164,train,0.11292537024803662,0.029349256094337924,0.02675010724245378,0.011529389758640209,0.47671524,0.07040402,0.475879,0.08025374,0.5321664,0.047876604,0.5262366,0.06684571,0.6178557,0.06718239
A0,20165,train,0.20887466704038346,0.02376104641365181,0.038185151368337535,0.007887748730930545,0.37235475,0.06588677,0.4021235,0.10717057,0.51211625,0.027685199,0.56612885,0.05881976,0.59741324,0.06459799
C0,20165,train,0.179395060002978,0.02845411156497232,0.06662587135889578,0.018001906425987407,0.35518304,0.09574264,0.39655358,0.08604883,0.4876544,0.04202469,0.5778344,0.07724522,0.596962,0.09231666
G3,20165,train,0.17835049558702948,0.015257497433226356,0.09350028334857799,0.04028454023246209,0.35171103,0.108826704,0.42929873,0.08007838,0.47717667,0.070565626,0.6066514,0.11596019,0.6138483,0.09487303
A0,20166,train,0.15740097106298664,0.021402185320875476,0.047466196927924566,0.006223227021772128,0.4076952,0.05517102,0.48123926,0.02295663,0.51867616,0.03779452,0.5834934,0.07608168,0.6330654,0.080415554
C0,20166,train,0.2583334285115207,0.020113587516094714,0.08646405910163751,0.024025043678993493,0.31091538,0.11152087,0.33966726,0.11835276,0.46168217,0.062217437,0.5967721,0.11044812,0.59908354,0.08150403
G3,20166,train,0.16152831085432742,0.01288939077694418,0.0518297120033104,0.013867817096053123,0.4146998,0.06392075,0.4571821,0.029374316,0.51193863,0.025422202,0.5508127,0.09388689,0.6040576,0.09103308
A0,20167,train,0.06787229368317729,0.0073366440531285465,0.009522882849233,0.00122516726845014,0.63737106,0.105663344,0.6239978,0.11083211,0.6062771,0.08118999,0.4725256,0.031402387,0.6131494,0.09728526
C0,20167,train,0.07722271635384281,0.012699059199930971,0.004205429433642531,0.00170856116312493,0.63602054,0.06859694,0.5947131,0.037816174,0.61683005,0.07270497,0.45759016,0.057158403,0.6027685,0.06830601
G3,20167,train,0.10552390512101537,0.023299095402165577,0.015498802701227004,0.005505793895141528,0.5091191,0.10120681,0.487857,0.081182174,0.56231797,0.031692408,0.51147586,0.049211297,0.60698617,0.058269396
A0,20168,train,0.06337063382342098,0.00916611183038417,0.006888137508573344,0.0009738733938755838,0.6544142,0.091845796,0.61772764,0.06761409,0.6369852,0.064880274,0.42247105,0.07449986,0.606312,0.08105808
C0,20168,train,0.06993182424567176,0.00909226540366255,0.002426335079400003,0.0010715894486340526,0.62960726,0.076333,0.47534674,0.06146479,0.6083509,0.027809178,0.40683222,0.10322455,0.5877468,0.05201769
G3,20168,train,0.05303365587392227,0.006485612706574864,0.004792297529516825,0.0018511481503271777,0.68934333,0.099086195,0.6365058,0.078955516,0.6378748,0.07212645,0.43748292,0.100391865,0.60210055,0.07931337
A0,20169,train,0.12755890861242963,0.015020093036573904,0.02085748084193003,0.004817618267668027,0.4981041,0.02524767,0.49781546,0.045312725,0.5471923,0.0496521,0.5212696,0.016707445,0.61275446,0.064786695
C0,20169,train,0.07912489155349947,0.02596136991584638,0.034309398730536025,0.029286082477851257,0.5412258,0.05097209,0.586404,0.034819905,0.57851255,0.038553566,0.54028773,0.109711446,0.6060109,0.08554376
G3,20169,train,0.25221188959103996,0.020358518215003233,0.11565265208143231,0.05490214907995042,0.31272823,0.11689115,0.3510163,0.116865404,0.45741254,0.069931306,0.62423545,0.12987459,0.6008417,0.10152132
A0,20170,train,0.10011767378089784,0.019158004313573906,0.02396704512154274,0.004094860179869508,0.51460236,0.052689157,0.44194523,0.021975838,0.52028865,0.019786585,0.45325342,0.060287226,0.5996777,0.08448095
C0,20170,train,0.13739034189284557,0.0325764021821636,0.026460732771656482,0.0067327380292072775,0.46500292,0.038103275,0.3979283,0.028412702,0.50573635,0.023535518,0.47669035,0.038656108,0.5929497,0.07795974
G3,20170,train,0.1823199294948414,0.015341239498727934,0.08576554269354467,0.03521783025597959,0.33971837,0.11630342,0.34252486,0.12931724,0.43989605,0.091425,0.5574986,0.08693981,0.607246,0.105802536
A0,20171,train,0.2420846387192781,0.01947121275035614,0.13027473560821876,0.04834593803698435,0.301323,0.10988593,0.3711662,0.10828932,0.47356874,0.07321855,0.6252024,0.1238539,0.60060203,0.10030089
C0,20171,train,0.29190198057220945,0.020806060333387517,0.06573047324657724,0.010690922334083088,0.29049072,0.114590794,0.3205782,0.13165298,0.4777309,0.051729303,0.589838,0.098385215,0.58944285,0.07681466
G3,20171,train,0.2539965178016633,0.031022508633627103,0.15352122001041996,0.08892089820118207,0.3144489,0.1211932,0.37291202,0.12442775,0.4528521,0.07507832,0.6221881,0.14139783,0.59671336,0.10629947
A0,20172,train,0.22245768011245887,0.031173297304590564,0.055148838167419625,0.0072638620719080085,0.32264233,0.08927097,0.3255792,0.11295519,0.47072372,0.05522915,0.538072,0.047505446,0.57772744,0.07806182
C0,20172,train,0.27460513796424846,0.022216726366418013,0.07508426139962425,0.014654176541614126,0.2947672,0.11141587,0.31172734,0.1289474,0.48483157,0.056949545,0.5718231,0.08165636,0.5805088,0.06569317
G3,20172,train,0.28992362656198345,0.026197267880739058,0.1039662934894668,0.03114440150812292,0.29205438,0.12160958,0.3055315,0.12599863,0.45728737,0.06463482,0.5920353,0.111190714,0.5832366,0.09921356
A0,20173,train,0.24635837285925505,0.024850720574686274,0.10688311948524258,0.0479171982060527,0.3129902,0.12640174,0.331637,0.11760015,0.44567728,0.06586893,0.6061826,0.11457358,0.591061,0.11552952
C0,20173,train,0.21448504325825685,0.023027605463869293,0.07169564513158257,0.01231225485440031,0.31850636,0.09934423,0.35103542,0.11529363,0.4438548,0.060742427,0.5656388,0.08729586,0.5905744,0.09966757
G3,20173,train,0.2662113618174114,0.019371761190215844,0.11052284787791333,0.03643839416374214,0.28454,0.1169103,0.32793337,0.135553,0.44781452,0.07281361,0.60485566,0.11459846,0.5947396,0.09423798
A0,20174,train,0.09205580300135899,0.019136415148919506,0.012172379047150858,0.004352744153906084,0.5616419,0.041516285,0.5145775,0.059240535,0.57926404,0.019384403,0.48381957,0.016174467,0.5983431,0.04706759
C0,20174,train,0.06276707157286546,0.006695310092143519,0.011647855208043248,0.0034673370368692364,0.617539,0.06566898,0.6077811,0.0763229,0.61604446,0.024320131,0.48223144,0.03213848,0.62200546,0.09447381
G3,20174,train,0.23268554064408248,0.025645083820549797,0.04248108032670389,0.008485738325350248,0.35307628,0.08456891,0.39104342,0.11264903,0.5116117,0.024061957,0.5719763,0.0773558,0.5861887,0.06399941
A0,20175,train,0.1270474830856322,0.034064914900879824,0.0576190987411508,0.027261371516964207,0.43959934,0.1092625,0.54100686,0.07872176,0.5248103,0.029072126,0.5910217,0.11958544,0.61530364,0.102847345
C0,20175,train,0.08483733570202973,0.010804842080281922,0.019465915762073828,0.006193869278652026,0.5639747,0.027082002,0.64952123,0.0920751,0.5988069,0.04834641,0.52767336,0.04369972,0.6174569,0.11213737
G3,20175,train,0.08492420041071021,0.007510684643935856,0.026869389262769123,0.008862089133690224,0.5246669,0.045204725,0.6438158,0.04866997,0.57579803,0.027642835,0.5368391,0.079206064,0.6313755,0.1067692
A0,20176,train,0.08193937514887255,0.006922343718594025,0.00762968247177144,0.004224988636116897,0.5977952,0.082037546,0.58413285,0.057922196,0.5858674,0.05669523,0.4547368,0.067730844,0.5878407,0.07148115
C0,20176,train,0.1485543820936984,0.029385062818301857,0.036779933142439866,0.01126268710193584,0.42766714,0.0858987,0.5058359,0.07106783,0.50325096,0.053610176,0.56930125,0.09193294,0.6036255,0.07808691
G3,20176,train,0.07493379937252302,0.013412917315907673,0.009781188899048216,0.0019116717042812336,0.59839886,0.060856264,0.5601768,0.03069716,0.6063584,0.038227033,0.4619166,0.03654383,0.59814185,0.0768013
A0,20177,train,0.27501388520163256,0.030231886969609743,0.1402143524004109,0.0676437376933088,0.29721433,0.11530893,0.35293826,0.123516805,0.4651765,0.0661247,0.62050104,0.14001836,0.5920803,0.10468009
C0,20177,train,0.24228127073695785,0.015191921372410664,0.07907435688387329,0.020096129416846537,0.2975665,0.10320826,0.37804395,0.11099028,0.4907562,0.054164756,0.60989416,0.11951202,0.5983945,0.082794
G3,20177,train,0.1796921795438063,0.025525233562452378,0.03674233398394777,0.009397781631686957,0.35279956,0.06693915,0.42642546,0.0745522,0.5365528,0.0332072,0.56508476,0.05907222,0.60673964,0.06290399
A0,20178,train,0.14861259894209805,0.0058017298607303544,0.01866472978542238,0.006892066325162186,0.4701869,0.07301887,0.38069895,0.1233946,0.5200858,0.04285988,0.50349325,0.035104405,0.5790782,0.04048369
C0,20178,train,0.14915227696431144,0.007625042631890559,0.017246449279378597,0.008055065254563216,0.47642723,0.05794033,0.3776356,0.11550844,0.5241281,0.040718988,0.49573994,0.047781512,0.57642955,0.03567797
G3,20178,train,0.16661848653446298,0.017392049649864964,0.018508530690753127,0.007124719533899543,0.45811787,0.0639543,0.3622288,0.1143939,0.5190314,0.035423916,0.5011941,0.040682197,0.5851243,0.040916413
A0,20179,train,0.1565786381039392,0.04487742250358923,0.037084552818085696,0.0227209899836078,0.40843168,0.13744763,0.46170083,0.13202484,0.51217705,0.06503843,0.5813858,0.123986885,0.5921718,0.07593019
C0,20179,train,0.10860314645794986,0.021892892684990818,0.037943248274561726,0.004792314134127372,0.4912576,0.034119055,0.49802905,0.060241934,0.5222145,0.03059254,0.5087744,0.034772564,0.60401285,0.09874695
G3,20179,train,0.10446165242480517,0.019860104534020713,0.03077322355125938,0.011343169254396605,0.49206576,0.028530464,0.57294977,0.051141664,0.55135715,0.014650305,0.5115038,0.018792689,0.61342055,0.08426605
A0,20180,train,0.09556951755105668,0.007955086250841799,0.015445236864714227,0.0038441912952356444,0.5364971,0.029509032,0.43433776,0.09907641,0.55486286,0.0074831885,0.4404334,0.06540016,0.6089324,0.050323594
C0,20180,train,0.13420609754918836,0.006829087454016823,0.026995055841677003,0.004874755084501379,0.43922132,0.05960119,0.38048258,0.11840293,0.4955775,0.049199343,0.49656233,0.028321505,0.60732377,0.059733562
G3,20180,train,0.22016955515077924,0.02786517568480179,0.06600662481831789,0.01638239284253133,0.32276776,0.11045689,0.3618999,0.1282113,0.48588318,0.06331856,0.58954287,0.099637784,0.5994313,0.07939216
A0,20181,train,0.24001927007556337,0.02559968210567626,0.08906342966057079,0.0386090238325844,0.31275982,0.10978125,0.3671799,0.12216136,0.47323275,0.06904391,0.6144244,0.12169862,0.6025146,0.090490766
C0,20181,train,0.16254105412699266,0.04040082983293934,0.0501617480388334,0.009304288805579323,0.426328,0.037738584,0.49842653,0.09828722,0.52779883,0.037621,0.56606466,0.061293732,0.6025412,0.07977659
G3,20181,train,0.1775559328723435,0.02719409337203106,0.05066167445721059,0.014629973548900973,0.37025076,0.08617415,0.43014288,0.10669611,0.50338525,0.04710208,0.5753077,0.09522298,0.61379236,0.07753826
A0,20182,train,0.08339161179918009,0.025067289863478028,0.006484181519970264,0.004061862755414794,0.59658265,0.05321609,0.556105,0.04514776,0.5994488,0.04959025,0.48002252,0.038656298,0.6007669,0.042926773
C0,20182,train,0.14019245440051137,0.04325673008857423,0.013481925816965157,0.005744126613287392,0.49494225,0.07631553,0.46827656,0.11447128,0.54946834,0.03408514,0.52849317,0.033870913,0.58865625,0.022327553
G3,20182,train,0.06798791223289843,0.029065734013030173,0.0018402635587214714,0.0009298266544331962,0.65691197,0.04853556,0.5200928,0.059310943,0.63114035,0.045696802,0.40817285,0.069549926,0.5927502,0.039517026
A0,20183,train,0.06068614852163706,0.011079682356350961,0.0027181563943270643,0.0014192652027569628,0.6663459,0.079231076,0.54325694,0.045464523,0.61416626,0.042573057,0.3965184,0.10013368,0.5709656,0.0481686
C0,20183,train,0.0770857454650726,0.013663426495906296,0.002845379698619157,0.0015379574254034325,0.6315974,0.06457853,0.53409404,0.05734467,0.59326714,0.0358979,0.40965644,0.08878519,0.57619697,0.035246197
G3,20183,train,0.07307288071796444,0.01518752821020627,0.01983291920527261,0.003908368015161358,0.5877757,0.06754939,0.56985056,0.06611552,0.5705899,0.05530858,0.46153966,0.029658929,0.60598624,0.09227963
A0,20184,train,0.07608698201471256,0.01400185904391817,0.0239091202268051,0.0048467798795780006,0.5911326,0.09094804,0.6253031,0.11073519,0.5713583,0.07325323,0.48871025,0.025416462,0.61978996,0.0937478
C0,20184,train,0.08246868407863751,0.022620603647057903,0.022170772936013213,0.004642932981222682,0.5972301,0.080835946,0.6674439,0.10487746,0.5660346,0.051170733,0.49364215,0.029500356,0.626681,0.08628973
G3,20184,train,0.2235782254567935,0.021234065622924507,0.144027596847849,0.06906083157246314,0.32038373,0.11328039,0.36084104,0.108088955,0.44489878,0.0759995,0.60795486,0.12532137,0.59555936,0.11393693
A0,20185,train,0.08377702716063759,0.031376173713819275,0.022072857587401754,0.0068944431363038685,0.5788959,0.14702262,0.60972005,0.12773545,0.59543383,0.086973734,0.4574848,0.07996912,0.60940564,0.08222861
C0,20185,train,0.17821771629440591,0.0252268446316113,0.07416522344656233,0.01929744325447425,0.37622052,0.09640343,0.44488096,0.068959884,0.5090742,0.034427714,0.58529764,0.12086241,0.61429393,0.08937482
G3,20185,train,0.060892212396954214,0.006427015960256284,0.01078338581785534,0.0025389227699149793,0.6474987,0.08415589,0.6866108,0.10780433,0.6288734,0.076159984,0.50078523,0.025474504,0.6262841,0.108480275
A0,20186,train,0.05673621126212747,0.008916347851401657,0.007836204983025157,0.0022452357105490805,0.65559566,0.09518453,0.52248675,0.034575872,0.601772,0.03550403,0.39923185,0.096776806,0.60261834,0.053456306
C0,20186,train,0.05554030105740785,0.009318589940154477,0.0027565660960047955,0.0012693145855924633,0.6653301,0.087362856,0.4852004,0.0562545,0.61082953,0.029427096,0.38188645,0.10215225,0.59342086,0.03350379
G3,20186,train,0.07684031883607371,0.009039377045791535,0.0015352901942845712,0.0011776328080511716,0.64625466,0.065590344,0.46458188,0.041650962,0.61803573,0.034735765,0.38414815,0.085716754,0.5851263,0.03827923
A0,20187,train,0.08185076853012399,0.024369177872036088,0.022517837301592642,0.0064244798403886,0.60456914,0.08901118,0.6599575,0.11704596,0.5855921,0.05551404,0.49878535,0.031652104,0.6213045,0.08855093
C0,20187,train,0.08391810572447578,0.02275603533029395,0.013800680110711649,0.00570697105048143,0.60806763,0.09083412,0.6022102,0.087562986,0.5827019,0.06524842,0.4676908,0.06759885,0.6258145,0.084092036
G3,20187,train,0.08067218340337204,0.022835058170486536,0.022659005776866338,0.007061797395298792,0.6048171,0.08872859,0.6561187,0.11808959,0.58985806,0.053240716,0.4994239,0.03228031,0.61988485,0.09259499
A0,20188,train,0.05144423546972948,0.013999283008138774,0.010641576673023418,0.0029524853293534993,0.65986294,0.1282148,0.6734394,0.13252535,0.62879354,0.06470468,0.44474173,0.0793643,0.6072694,0.092399076
C0,20188,train,0.05061917071579962,0.0030222225217033842,0.006136896111203163,0.0013163321425840055,0.67602175,0.115152955,0.67475843,0.10962204,0.6381395,0.07048845,0.4489395,0.08277756,0.60976005,0.089705154
G3,20188,train,0.15975708041337933,0.04247866872009598,0.08076151548000184,0.08253789888297193,0.385706,0.129709,0.4100522,0.10226568,0.4965973,0.072700664,0.572297,0.1530888,0.5905612,0.08851401
A0,20189,train,0.06176726741299473,0.011457978931780497,0.013184256677160616,0.004626274651980183,0.6267475,0.11666581,0.6601043,0.119465455,0.6039044,0.05844175,0.4638071,0.057165783,0.6259111,0.07827554
C0,20189,train,0.17637347056627944,0.016269672008905847,0.009270783762104367,0.001534206058237503,0.4796535,0.061703477,0.35886532,0.10726896,0.54415715,0.031030456,0.46447358,0.041714743,0.57997453,0.036056317
G3,20189,train,0.12847552217841546,0.04004560375205198,0.035143135679889914,0.015327381821572427,0.4472045,0.09603724,0.52271336,0.07248265,0.49338228,0.03334974,0.5611742,0.110965885,0.61217034,0.08517347
A0,20190,train,0.11949219822925498,0.008708583235626708,0.02414638534190096,0.0033453528349784377,0.4793871,0.055773426,0.46208453,0.08950539,0.5345994,0.03940617,0.49097377,0.018419188,0.5909945,0.051993266
C0,20190,train,0.04497555519670401,0.009874173697776567,0.0065322349492995205,0.0007397830523167748,0.6842973,0.12026916,0.6456052,0.09764664,0.6422296,0.069874875,0.43689728,0.10566044,0.6096706,0.060791507
G3,20190,train,0.233700096377412,0.057769745094736896,0.04610894907054375,0.01577589934211541,0.35670456,0.14449584,0.3341311,0.13799424,0.4579126,0.050625835,0.6005547,0.10040932,0.60122246,0.07823366
A0,20191,train,0.11981947328753981,0.03596557003660999,0.030180011315027455,0.023342015832789036,0.47877842,0.12723544,0.4086925,0.13380282,0.5079445,0.05834781,0.50166285,0.084482975,0.57995844,0.07208029
C0,20191,train,0.06503760209698273,0.00909961206896892,0.007542415511276136,0.001364003135531065,0.6332968,0.08148641,0.5035192,0.028325435,0.58466303,0.025824297,0.4131395,0.07696457,0.58361304,0.04549403
G3,20191,train,0.0640247656810922,0.007714602801857005,0.0052212216488905245,0.0023094347281620454,0.64264625,0.089637466,0.4884796,0.042507134,0.59495956,0.036599364,0.4104448,0.096456595,0.57948345,0.03277293
A0,20192,validation,0.06829296759342036,0.006752995830256981,0.006835197344972147,0.002707165125498055,0.6300586,0.098631315,0.5916739,0.060754023,0.6174021,0.047759462,0.44433245,0.065112576,0.5966819,0.07718021
C0,20192,validation,0.06839155384232629,0.0067610806569002035,0.0068543342398038635,0.002709062866861453,0.62985826,0.09848452,0.5915382,0.06060067,0.6172818,0.047701728,0.44447905,0.064934745,0.59665334,0.07719916
G3,20192,validation,0.10201812305143407,0.022548365242342466,0.027378913517323515,0.009855119380345456,0.51841307,0.06495848,0.57618827,0.05283053,0.5524319,0.030280741,0.4846325,0.031661198,0.60382664,0.091815144
A0,20193,validation,0.25978102311382534,0.03418458574297199,0.11346222586557889,0.0604899512518614,0.32039168,0.12310423,0.35454628,0.1304602,0.46916786,0.06911628,0.61647993,0.13692683,0.60223174,0.09825026
C0,20193,validation,0.266913678199148,0.029548514337171285,0.11112865790516861,0.05380725687700066,0.30515367,0.12382586,0.32943714,0.13586017,0.45903286,0.07331287,0.6038998,0.12365737,0.5920822,0.101171315
G3,20193,validation,0.1035380430447365,0.016492533507442758,0.034019104554521715,0.01380847207127466,0.4631547,0.06416355,0.52326834,0.032903668,0.5365763,0.031612452,0.55374515,0.09901879,0.62580776,0.108164385
A0,20194,validation,0.10136177823930534,0.01375046119315095,0.0358962360358883,0.012140988727329783,0.50062495,0.042948734,0.49055988,0.050536737,0.501469,0.035714477,0.51243836,0.025588436,0.6216351,0.078162715
C0,20194,validation,0.05848719347426684,0.005992652240335257,0.011046796028886753,0.002247720499535491,0.63988227,0.08567647,0.5986372,0.08816691,0.5848869,0.056051575,0.43617135,0.0767328,0.6047702,0.083318435
G3,20194,validation,0.07857566821405308,0.011500533687729249,0.012833093251722091,0.0015484851925822332,0.5829826,0.049981304,0.5608244,0.03278459,0.58840877,0.03799476,0.5001358,0.022940082,0.61364853,0.100847445
A0,20195,validation,0.061078533719705244,0.012447859772791876,0.00683687757012208,0.0028623335793493175,0.6550909,0.095333494,0.4858876,0.038417384,0.5943802,0.01611246,0.3859881,0.09477758,0.5999297,0.04341441
C0,20195,validation,0.08060673133526555,0.008230022406814471,0.023601149337669963,0.007777306137986922,0.5796197,0.05930452,0.5412903,0.04982522,0.5529794,0.02336703,0.46008545,0.01634935,0.6280111,0.088936105
G3,20195,validation,0.08530518034614068,0.008483356420672125,0.0017355416857908596,0.0010230702454218836,0.63540256,0.05252562,0.42876807,0.06499977,0.6037327,0.027325092,0.38888943,0.08949415,0.5815718,0.039076954
A0,20196,validation,0.245339771282053,0.013138494396526765,0.052694279417552795,0.00978731557563616,0.32276657,0.10411672,0.32813096,0.12644878,0.47779042,0.049002625,0.5710825,0.06683174,0.6048771,0.056958452
C0,20196,validation,0.27012462132905524,0.018400356503068194,0.07646481653890451,0.01084169570763499,0.29501662,0.1172572,0.30854326,0.13292556,0.4724184,0.068292245,0.5717944,0.09593347,0.5876859,0.075869255
G3,20196,validation,0.2978419570879943,0.03392577695185314,0.14405571578141144,0.07515111292822682,0.29452845,0.125747,0.31120732,0.1314245,0.43286172,0.07704269,0.6161803,0.13188703,0.59226245,0.106635615
A0,20197,validation,0.044726364635531556,0.008957273532882398,0.005771511484531108,0.0009068091562607586,0.68648714,0.11926884,0.6368531,0.10111748,0.64545316,0.06536976,0.41651827,0.10065264,0.60209846,0.072702564
C0,20197,validation,0.044668904630421814,0.008943949738092528,0.005719653268560482,0.0008894880789349157,0.68667066,0.119263336,0.63682324,0.10103231,0.6455839,0.06543007,0.41634518,0.10096905,0.60192347,0.07266809
G3,20197,validation,0.14998977464645233,0.015555968622262986,0.01828010105436997,0.007297826529591056,0.49030533,0.017281538,0.45646566,0.07619928,0.55128586,0.028107611,0.5087164,0.024362776,0.59624755,0.052721478
A0,20198,validation,0.1485803170863531,0.01699782596275083,0.058594304708427324,0.016689266765186773,0.39133596,0.07929227,0.4850131,0.06352899,0.46339497,0.03976241,0.5807174,0.091915086,0.60111666,0.109625824
C0,20198,validation,0.18762750596008532,0.02053345292105047,0.06402533344250429,0.012970643884190159,0.36533546,0.080404915,0.38220984,0.08688305,0.453371,0.048529577,0.553897,0.059574474,0.6017211,0.101458654
G3,20198,validation,0.14281325400341321,0.023331487178713563,0.06124024490863404,0.009644418129597026,0.41935152,0.033552334,0.51448715,0.03513789,0.47423095,0.02977817,0.5703288,0.055281963,0.5996768,0.105835855
A0,20199,validation,0.09498178625160124,0.008325159680149366,0.012696051796066834,0.004828141937451645,0.5947655,0.07101985,0.5468597,0.037541285,0.5908457,0.041224007,0.4581859,0.035664264,0.60375077,0.0846504
C0,20199,validation,0.06308705636673316,0.005171311176925211,0.008382586385027658,0.0023043029697989623,0.6470966,0.11023384,0.6208117,0.03726733,0.58760107,0.058577295,0.43222237,0.085042804,0.5990423,0.058563013
G3,20199,validation,0.08450648274883424,0.012241433274106078,0.010709843421589187,0.0036653557728913056,0.5886456,0.03426123,0.53412706,0.0328348,0.5940352,0.03389988,0.4542337,0.034154203,0.6107704,0.06846198
A0,20200,validation,0.07669877806471428,0.0066527838135791465,0.02284186411000058,0.007296279320686786,0.54421985,0.024566334,0.5877326,0.043491416,0.56289256,0.02964519,0.4905427,0.036375534,0.6057335,0.093024544
C0,20200,validation,0.14657604271952732,0.02572012977575527,0.06777709459018817,0.036277717117456525,0.3937613,0.118135706,0.4895621,0.10218154,0.5032636,0.04840479,0.5790547,0.12262412,0.606816,0.09251086
G3,20200,validation,0.12557429544193038,0.01902430866714245,0.05372756458039022,0.024404772267083662,0.41870457,0.09625371,0.5005897,0.06886763,0.5209077,0.03254116,0.5530321,0.10345866,0.6009785,0.09496582
A0,20201,validation,0.1950998127470291,0.03276506837520523,0.026554541295499584,0.006013564135828952,0.3943381,0.124709815,0.3784133,0.14157115,0.503216,0.052361853,0.5287224,0.089431785,0.59751475,0.05413972
C0,20201,validation,0.19847319437236535,0.03847651384287465,0.03112984291601271,0.01164867844717471,0.38970512,0.13153224,0.3768924,0.14350332,0.49978557,0.059919108,0.54069835,0.105354115,0.5994756,0.05754483
G3,20201,validation,0.19742368117924639,0.03839926591901479,0.030707806405078475,0.01145718224124095,0.39162573,0.13204035,0.37670952,0.14388883,0.49957266,0.05978277,0.53919446,0.104221195,0.59909225,0.056256622
A0,20202,validation,0.21236771858201822,0.02430566097551932,0.1297959676194605,0.1179784220749167,0.3466588,0.1270368,0.3638994,0.11277149,0.45884252,0.0875968,0.6109384,0.13970345,0.59503746,0.11314224
C0,20202,validation,0.08417695356558283,0.015730597020443216,0.023661855861304926,0.0069695822559917185,0.5634588,0.058170646,0.56300676,0.07756322,0.5400519,0.050957732,0.48836264,0.033194017,0.60747236,0.094566055
G3,20202,validation,0.07476787900209357,0.018480811931387123,0.012781969466417492,0.005067416501862562,0.6118715,0.11963313,0.57763755,0.09490878,0.58219206,0.07937542,0.43843174,0.0836505,0.6033639,0.060670026
A0,20203,validation,0.05925066672386344,0.005459660708910989,0.011825172117141508,0.005089468752467135,0.62766314,0.07006917,0.6105374,0.07786499,0.61696655,0.028994747,0.48031035,0.022261694,0.6064137,0.0834307
C0,20203,validation,0.09164686456398978,0.010741043570503341,0.026230400348151217,0.010398894753535021,0.50656414,0.029432977,0.5017928,0.052147876,0.551699,0.032476157,0.49848953,0.013645181,0.58945763,0.06283814
G3,20203,validation,0.25368395009459616,0.032812778196668925,0.06935858727969066,0.016220778349105215,0.32530162,0.11966857,0.34810764,0.1321749,0.46691528,0.057548944,0.586553,0.11291141,0.59889007,0.08258744
A0,20204,validation,0.13444189884134403,0.024450844408870034,0.06249073112405947,0.02564545098298158,0.40491572,0.053254403,0.49734467,0.032797005,0.5291294,0.021961056,0.57730144,0.07622264,0.60066783,0.09468345
C0,20204,validation,0.26549269762669037,0.02024376809114237,0.10824342084021284,0.027256132628121148,0.28703126,0.10601894,0.34531382,0.12023968,0.475556,0.063319184,0.6106859,0.12513779,0.5940949,0.09182288
G3,20204,validation,0.2564625740999128,0.01795478782759337,0.10879597850463692,0.029862185123443585,0.28757393,0.103046834,0.35315874,0.11294618,0.47507128,0.06259117,0.6168235,0.12235653,0.5939614,0.09274012
A0,20205,validation,0.05561571032985557,0.01015350006633622,0.003400060353910904,0.0016462549772225201,0.6765666,0.0930259,0.48081827,0.049519364,0.60757816,0.030003048,0.37914628,0.107787944,0.5905508,0.035535477
C0,20205,validation,0.05815197654752361,0.009472338103610674,0.008591818606997172,0.0022138250636806744,0.64879763,0.09782131,0.52969974,0.036629483,0.59274703,0.0311879,0.40058294,0.09872434,0.6150554,0.061129354
G3,20205,validation,0.0694045821801333,0.012334562860268058,0.016159182824475142,0.0028866565834315522,0.61220247,0.102452874,0.5767018,0.05404701,0.57317466,0.04126605,0.4296859,0.06074072,0.62000036,0.091271676
A0,20206,validation,0.1792220963194043,0.04464492447397658,0.04953269555643422,0.015233098620942817,0.38719487,0.06295259,0.42885956,0.036582198,0.5130431,0.02177864,0.5662228,0.055255312,0.6030104,0.0773879
C0,20206,validation,0.15401558019881334,0.022633929164476114,0.008827267480228893,0.004001425601872403,0.47118363,0.048254278,0.41979924,0.08268379,0.57518566,0.021447143,0.48177624,0.045028202,0.5903939,0.029339619
G3,20206,validation,0.2091945877084652,0.02015942658227798,0.08567737080761065,0.02621707517806128,0.35222876,0.114955164,0.39822784,0.10725125,0.4669971,0.044590782,0.6120448,0.11878019,0.5967766,0.08904429
A0,20207,validation,0.16819175139227233,0.02384570533569666,0.045916146158775685,0.017377114799053524,0.38408595,0.10796342,0.39465317,0.11056578,0.5081268,0.03688188,0.55710477,0.11239728,0.6078249,0.0700005
C0,20207,validation,0.24688936195605785,0.02807506276557997,0.039839176916541576,0.011244881136740608,0.33101973,0.10931583,0.32864356,0.12252622,0.4949306,0.039973676,0.54648924,0.08250569,0.5847077,0.05415038
G3,20207,validation,0.2341453798442787,0.028983391003038695,0.049795652286114316,0.016920842762949365,0.3343712,0.119753025,0.34778252,0.1296261,0.48832005,0.046049748,0.56153643,0.10698088,0.5950569,0.062245753
A0,20208,validation,0.12769727149305776,0.030564866047115318,0.008166848589048308,0.0016267035926248495,0.53766954,0.035849627,0.46437746,0.067322485,0.5938073,0.033550296,0.4515071,0.021297647,0.5978161,0.045958288
C0,20208,validation,0.1023262341026796,0.021686676144446297,0.038876695432338425,0.020913746162262256,0.46799406,0.075706355,0.59293395,0.030131917,0.5396935,0.043776643,0.5627721,0.1147078,0.6215111,0.08744565
G3,20208,validation,0.0827380333758307,0.014258351271835208,0.010007142290428756,0.0017278117307681408,0.59350425,0.038736872,0.49541655,0.05869351,0.5973617,0.033763222,0.42287135,0.05376432,0.6063446,0.05095279
A0,20209,validation,0.13252745305485863,0.01890323171252345,0.03330107716258727,0.009604369991799004,0.4294911,0.060844205,0.42010444,0.08961455,0.5067204,0.052698165,0.5280536,0.035898853,0.61226404,0.0751637
C0,20209,validation,0.14395633235052574,0.009230033941744863,0.03297896438056199,0.0034172924742276786,0.39880198,0.085570574,0.4072052,0.11312709,0.53042567,0.03979394,0.52169573,0.06568219,0.59919775,0.07777563
G3,20209,validation,0.286722449228499,0.02442982052116634,0.08096029122516321,0.019440869139449264,0.2917834,0.113872536,0.30509764,0.12478109,0.4698556,0.059409592,0.5795549,0.102748595,0.5797752,0.08708988
A0,20210,validation,0.14498871330518048,0.018631781274361943,0.046139267281304366,0.015860769142559895,0.4180213,0.07438267,0.41724783,0.10772911,0.4964804,0.044781588,0.515966,0.024667652,0.6018445,0.08527417
C0,20210,validation,0.12412838742237649,0.014880059979754827,0.010787024597687246,0.005220059793073394,0.5252565,0.03727287,0.37706771,0.08644055,0.5538461,0.02315591,0.44348377,0.08987144,0.57919186,0.039530765
G3,20210,validation,0.1441512667428052,0.01880330428660236,0.04572302883533732,0.014672646497104511,0.4222352,0.06373851,0.40409446,0.05732338,0.46961123,0.048127685,0.52651244,0.045528814,0.61921245,0.09646561
A0,20211,validation,0.10368369308270779,0.00804530765155397,0.01859554448346313,0.0027623853338056095,0.5234553,0.02338767,0.5994599,0.05782789,0.55192685,0.021601668,0.5177518,0.04096085,0.6121483,0.08334629
C0,20211,validation,0.13146151737443543,0.01122237284469707,0.022575407432422298,0.004065773170382404,0.46963215,0.04360814,0.5092369,0.031543083,0.5358985,0.02991363,0.54025525,0.050581865,0.6086117,0.07849144
G3,20211,validation,0.19543153481962766,0.035617662687688796,0.054775509493974237,0.01510670443175314,0.35928187,0.061786328,0.42389995,0.03837358,0.48982534,0.03338099,0.58250463,0.06887452,0.6028589,0.07576776
A0,20212,validation,0.14799806213403902,0.01536718605138327,0.040864023106913026,0.0029363663459365144,0.40129858,0.063555464,0.4604661,0.053767834,0.52976775,0.027080351,0.5523413,0.060524352,0.6275848,0.08458827
C0,20212,validation,0.19492086180319443,0.016239783492735447,0.05974656386481565,0.002302995442878826,0.33382037,0.090761006,0.40004945,0.10179776,0.49547482,0.048162118,0.5817831,0.07799526,0.6082219,0.07669912
G3,20212,validation,0.1758295280764363,0.026765081125373052,0.059082577925452774,0.012957193629906329,0.3787453,0.08397698,0.4519352,0.037140995,0.51719683,0.032457296,0.5868329,0.09732227,0.61836326,0.08958514
A0,20213,validation,0.19538034746767668,0.03713713804340084,0.04577337619860924,0.012498477343087804,0.36117756,0.11224444,0.3819347,0.12667438,0.49915633,0.04837717,0.5679741,0.10437101,0.6007744,0.059565634
C0,20213,validation,0.07809618306553176,0.016784561661169924,0.023241897872252254,0.015225038214339749,0.5557231,0.054938164,0.58923846,0.025602363,0.555663,0.012356537,0.49812728,0.03482414,0.6209408,0.09910432
G3,20213,validation,0.05723568271600713,0.015424204684273107,0.005083551931269607,0.0016823232481779258,0.6584762,0.11355654,0.5342835,0.07175941,0.6189555,0.03904128,0.40156657,0.10642681,0.5926076,0.045027018
A0,20214,validation,0.04421054246385246,0.008897926290962187,0.005431918966566209,0.0008121299064562333,0.6878103,0.119381666,0.63719887,0.10104429,0.64640105,0.065790825,0.4152669,0.10295856,0.60076296,0.07258014
C0,20214,validation,0.04429917020909398,0.008953471314508021,0.00554562524790597,0.0008425228001613205,0.68746156,0.11948221,0.63743603,0.101398274,0.6461783,0.06570404,0.41560426,0.102362156,0.60115725,0.07266245
G3,20214,validation,0.08048988445603307,0.021745537005065905,0.014012115600262946,0.005228332649891133,0.5892111,0.031975865,0.54204315,0.04555933,0.5634342,0.013404413,0.47316375,0.035096843,0.6090991,0.054982483
A0,20215,validation,0.10669220252189845,0.03832775817988028,0.02232125949090102,0.008927588110808175,0.5280467,0.13339968,0.574969,0.10714397,0.5796075,0.08380339,0.46793,0.0686285,0.6076287,0.070346676
C0,20215,validation,0.18735523966077375,0.033969853460370396,0.05472664141182145,0.006391115156233903,0.34366706,0.07867163,0.46004397,0.06638366,0.5267526,0.033576656,0.5873199,0.089985125,0.61350375,0.0789519
G3,20215,validation,0.2640688047855857,0.036581138907870014,0.1617339008972016,0.09709948372134933,0.31155038,0.11952712,0.34869248,0.13640846,0.45431432,0.08226659,0.6192191,0.14049014,0.59111,0.106113255
A0,20216,validation,0.1707552449224347,0.02120449157065775,0.07149084043020693,0.044222788192117814,0.37917495,0.110839754,0.41064936,0.11058421,0.46459126,0.07473874,0.5522545,0.07952449,0.6205436,0.09559232
C0,20216,validation,0.07959262738304904,0.023499455833109046,0.02633744272769164,0.005482926667064311,0.5742208,0.08782428,0.614974,0.13560957,0.5926599,0.043165177,0.50069445,0.021447944,0.6146596,0.093072094
G3,20216,validation,0.19659960278703537,0.02135695962472601,0.06874783964168978,0.026537744782618458,0.34264594,0.115076944,0.34222072,0.13788204,0.44840193,0.08529186,0.57204175,0.08012757,0.61102474,0.08245736
A0,20217,validation,0.2751263887650333,0.0222825288128529,0.15008313083503927,0.08159378056362804,0.29991218,0.12443736,0.32386255,0.12580258,0.43483132,0.07782289,0.61446995,0.13103756,0.5898977,0.11863759
C0,20217,validation,0.2750722854307937,0.022201100251600436,0.1480850613577863,0.07911877747027367,0.30063874,0.1245403,0.32030407,0.12856905,0.4342174,0.07808701,0.61446744,0.12754335,0.5884739,0.117673896
G3,20217,validation,0.13756874069447306,0.01816079429295169,0.0226780260267682,0.006060773596462434,0.43822306,0.10709542,0.4134279,0.0944721,0.5317415,0.03386033,0.53190565,0.061021432,0.59730655,0.04111611
A0,20218,validation,0.21664245385049447,0.02151221017326281,0.11457542843227746,0.04785784124382216,0.33357525,0.11026319,0.35176933,0.10003642,0.44407302,0.068116345,0.5936841,0.10716667,0.59625196,0.110940486
C0,20218,validation,0.1512648976628529,0.023023607206845695,0.024600080480512217,0.011992550119231794,0.42020398,0.04979546,0.4393232,0.08826666,0.55932933,0.022661775,0.5205663,0.023295347,0.6064965,0.038354862
G3,20218,validation,0.14130203294911506,0.014413768695970284,0.028991046665217124,0.0034656644056757207,0.42850703,0.0899998,0.43826795,0.11191738,0.5244705,0.033752494,0.5180385,0.030921154,0.61461127,0.056028586
A0,20219,validation,0.18699518413117316,0.019557362417229256,0.042559569177657006,0.006659725432098823,0.36539382,0.08234883,0.3971446,0.106351644,0.5177046,0.034500703,0.5432641,0.066124015,0.60067904,0.063402474
C0,20219,validation,0.17435321155519728,0.023658868346559746,0.04088762398577899,0.004258629551874475,0.36146897,0.090045966,0.37410346,0.124827124,0.5087321,0.04532886,0.5398892,0.058647722,0.5990045,0.07206672
G3,20219,validation,0.26369486393287117,0.01716909248929706,0.09113258106047119,0.03152737875906671,0.29597768,0.110975236,0.33193082,0.122428864,0.47302312,0.06888765,0.6126669,0.117261775,0.59304404,0.0907339
A0,20220,validation,0.07383240790917216,0.012312016903215638,0.017376962476671125,0.008107061430247413,0.5965335,0.06396073,0.6192783,0.08411321,0.6035918,0.051053472,0.48185116,0.02344477,0.6251049,0.0985506
C0,20220,validation,0.08017368334658914,0.01287979840847081,0.016825878209312698,0.006471236566660946,0.57393974,0.06054438,0.5821201,0.05404724,0.604129,0.037948992,0.4873917,0.017470764,0.6236483,0.09129458
G3,20220,validation,0.08428568856610057,0.016260574796956813,0.013868506143850722,0.004331060701679604,0.5657996,0.047184475,0.5677508,0.03126367,0.595997,0.023530785,0.48579812,0.017578613,0.57965386,0.07194971
A0,20221,validation,0.29440717979851494,0.024352429967894027,0.1048404024390841,0.0370618968347291,0.27912724,0.116272464,0.30684742,0.1352644,0.4435904,0.06794059,0.5954586,0.11741221,0.58262223,0.09986662
C0,20221,validation,0.2943754868541924,0.020281132212974735,0.09947783526382899,0.038291064020522604,0.29225084,0.12120711,0.29163954,0.1306763,0.45018548,0.073034674,0.59465104,0.106720485,0.5878529,0.09744341
G3,20221,validation,0.2730677747724449,0.014304200116711548,0.10440689719460035,0.03603730162217176,0.3014015,0.11940714,0.3327903,0.13007669,0.47030988,0.06551803,0.60122883,0.12197831,0.59121376,0.091673195
A0,20222,validation,0.049559131108426004,0.009894503308623178,0.0056966002540374035,0.0016934278175288983,0.6822828,0.123953864,0.6435413,0.112663336,0.63355076,0.06509955,0.41849685,0.115506,0.6030105,0.08518433
C0,20222,validation,0.08645518063370958,0.01612168099009149,0.011760788636218818,0.006153989671773239,0.6110748,0.09546063,0.5802643,0.07296389,0.60462,0.056974,0.43927687,0.088858835,0.6025034,0.066398405
G3,20222,validation,0.15453186258839038,0.026966235346974794,0.017721016012417046,0.005908268587994193,0.4801352,0.05155419,0.34022585,0.11808087,0.50319225,0.046146944,0.4797677,0.06679602,0.5840527,0.03572207
A0,20223,validation,0.157724365099804,0.0342275521214855,0.01397687227551694,0.0077858713902240135,0.44852751,0.104466446,0.37541562,0.1275182,0.5342742,0.02398683,0.5166802,0.027708253,0.5703085,0.03827593
C0,20223,validation,0.15958818778044834,0.01684432994137734,0.022603914116312282,0.008826544551522982,0.44632897,0.09496164,0.36756912,0.117537886,0.505777,0.045081627,0.523112,0.0317641,0.581954,0.04424632
G3,20223,validation,0.1544632509460691,0.020949018741203296,0.042260179360372706,0.015316683474515317,0.42394274,0.07301551,0.4009223,0.07411903,0.48258075,0.053295083,0.5007487,0.042282477,0.6131902,0.09597604
A0,20224,test,0.14912582168394714,0.022316567355428706,0.04824217335726342,0.008817356469372758,0.42013097,0.066377796,0.48077908,0.018869704,0.52087426,0.014253325,0.54763615,0.07095611,0.6034228,0.08899919
C0,20224,test,0.25995905589674273,0.03301388704079133,0.051907232327763064,0.014517413352360222,0.30537778,0.09655813,0.32283252,0.12070542,0.46670896,0.030765425,0.54741204,0.06855485,0.5801313,0.0688879
G3,20224,test,0.27467453924787333,0.019834875009239337,0.13360640573286603,0.06207794013216993,0.30203336,0.12887199,0.31784534,0.12602693,0.4385379,0.07021503,0.61432,0.12522215,0.58875006,0.11819464
A0,20225,test,0.28787387645226703,0.023908574565719008,0.08753785889119284,0.019300514303132565,0.2908923,0.11405524,0.32353216,0.12761821,0.4754901,0.052510675,0.59417135,0.11153904,0.5813166,0.08914006
C0,20225,test,0.220584504052007,0.0475971539942333,0.037493272760915644,0.013738430970528603,0.3380514,0.056995858,0.38064346,0.066409506,0.53454554,0.026950298,0.54680073,0.04137026,0.59923875,0.05643823
G3,20225,test,0.21542037638085296,0.022967418003003587,0.09285637679788357,0.0268814115746929,0.32102096,0.10538465,0.39368328,0.09749849,0.4898447,0.05582782,0.59927493,0.12619841,0.60692614,0.08755484
A0,20226,test,0.15317698140011907,0.01374614973923297,0.07527094105207995,0.03573366432572769,0.3816111,0.08380846,0.4528327,0.06622843,0.5032958,0.045600366,0.5930756,0.104935035,0.60018694,0.10395633
C0,20226,test,0.18994533621101492,0.028717141060276574,0.07176080683950833,0.012602151890266908,0.37099063,0.080647014,0.4390622,0.04881045,0.49070364,0.038045153,0.5828995,0.09031661,0.5943074,0.092620604
G3,20226,test,0.10636877897626631,0.030066181461093473,0.019418990747402255,0.009207773901070587,0.531367,0.08550314,0.52065915,0.046252754,0.56053483,0.042626824,0.4626635,0.10941427,0.6176063,0.07247094
A0,20227,test,0.16833655166852438,0.018045161529633275,0.06791991365587931,0.023904825850417713,0.37367392,0.085638925,0.3557544,0.1026477,0.45134512,0.07399909,0.5521139,0.048603535,0.60431874,0.100770995
C0,20227,test,0.08231942042133797,0.012479201748995632,0.029028544744378874,0.012383427811644568,0.5508705,0.054081466,0.6426086,0.09514172,0.57140434,0.03372639,0.5409349,0.0670388,0.63040304,0.088398114
G3,20227,test,0.07826589395394992,0.011509214634871022,0.01583906524212924,0.0018449194901237974,0.6118566,0.080301404,0.6716109,0.115718976,0.6036812,0.07177315,0.5090869,0.013157091,0.6368519,0.086871706
A0,20228,test,0.11944833965743351,0.009328723274383128,0.0359462891965544,0.011309687807464802,0.4528175,0.05183254,0.45651636,0.07160318,0.5597767,0.006829182,0.5304358,0.053552616,0.6018928,0.08906303
C0,20228,test,0.16300888173936773,0.020377036167806634,0.05429978058484368,0.03407654106405048,0.3965789,0.13435504,0.40509096,0.12149237,0.48998624,0.086707436,0.56146395,0.08948535,0.6176138,0.092987984
G3,20228,test,0.12730820565517922,0.01483686525989391,0.028820307269959117,0.006460831298798917,0.4619779,0.0349334,0.460846,0.051607776,0.56931317,0.010429359,0.51897925,0.037997957,0.5980152,0.0824602
A0,20229,test,0.09898090514380038,0.011617930743233331,0.01926222230888273,0.008769605797873909,0.5373223,0.017588008,0.48646516,0.055639554,0.55408096,0.025606783,0.47214836,0.029944463,0.6051377,0.073172346
C0,20229,test,0.20243966915206296,0.022194596654305128,0.0852781282159644,0.02594991921320639,0.32955408,0.096931845,0.3857468,0.066999145,0.48146397,0.058542866,0.61067045,0.10441423,0.61609715,0.093558714
G3,20229,test,0.10581118684441063,0.009416740026719234,0.020514611659494454,0.008483591722027195,0.50715816,0.029726658,0.5051813,0.040176194,0.5566761,0.030134689,0.49884486,0.0064787297,0.6148326,0.07707347
A0,20230,test,0.29009242352553144,0.028940581657463396,0.0976717003748524,0.038869685436147904,0.3010554,0.12814896,0.30139238,0.13612644,0.43797764,0.07201087,0.60303336,0.11532397,0.59017116,0.09943909
C0,20230,test,0.06778646536070573,0.012333748854018644,0.0028265376895101045,0.001541567615132986,0.6640028,0.09409649,0.48803717,0.036465432,0.61369663,0.04034702,0.38726348,0.10473904,0.5900959,0.038701065
G3,20230,test,0.23518461421501075,0.01501544677768795,0.11305394324034054,0.05296002165883871,0.32275003,0.11768422,0.33118945,0.115422614,0.4373951,0.07722066,0.59229356,0.11052053,0.59898,0.11246128
A0,20231,test,0.10855651267649027,0.011446162512275124,0.015689766375220564,0.0020132795306908305,0.5443488,0.056111544,0.5167596,0.039081834,0.5824706,0.04119016,0.503501,0.029084086,0.60965997,0.097234964
C0,20231,test,0.07057405839011222,0.009426145276963584,0.010367260431530358,0.0036316864547821957,0.61536133,0.06659369,0.5848577,0.036152437,0.6080391,0.044085916,0.4694232,0.023026282,0.60824233,0.076589115
G3,20231,test,0.06505289271983805,0.006901424198614718,0.010942827392678075,0.0027766871199374384,0.6231896,0.07617474,0.62970793,0.07842156,0.6098303,0.050315615,0.481424,0.03181821,0.6288484,0.095663264
A0,20232,test,0.1405017411324299,0.04975324048862654,0.011400439720999475,0.004027506986441562,0.47046232,0.11765727,0.38769928,0.14034013,0.5333355,0.031946696,0.49238715,0.025392838,0.58889544,0.044423353
C0,20232,test,0.05375980497140651,0.010144799773409726,0.003074789468683172,0.0012393941823633447,0.67345715,0.109062865,0.52077264,0.055709053,0.6271712,0.048292425,0.38160574,0.11013096,0.588256,0.033536606
G3,20232,test,0.05805477196009392,0.013088705991912418,0.007327418205144281,0.002442204004326666,0.65427136,0.108849,0.5152093,0.043934833,0.6040001,0.035393856,0.39066598,0.10126532,0.5996691,0.04990118
A0,20233,test,0.11064665848319932,0.01582410234278268,0.02552808048169162,0.0077900793286626475,0.527964,0.03612251,0.5748493,0.038748085,0.526097,0.011837091,0.5085434,0.017823618,0.6212687,0.078906655
C0,20233,test,0.08441566904927289,0.02181498345301714,0.014951015293155664,0.0047941999799374,0.6087303,0.08734334,0.61821663,0.091796644,0.56818277,0.05140714,0.46824875,0.05692395,0.6174325,0.07078875
G3,20233,test,0.10912360395082743,0.02091912483402325,0.012713619677177226,0.00646975362772916,0.50776005,0.04145325,0.45635915,0.06529437,0.5658019,0.025096934,0.4927532,0.04093754,0.6213886,0.05458888
A0,20234,test,0.13006798513543022,0.007620590515720044,0.021161416537192623,0.002766289442482211,0.48554784,0.030838393,0.5399397,0.058854047,0.5566953,0.013787025,0.53490543,0.04923859,0.60686,0.08461122
C0,20234,test,0.1996311795041598,0.0043440639710983255,0.018073663722582164,0.008556493814085173,0.40982756,0.062320925,0.3565906,0.10254654,0.5320345,0.0056881146,0.5276772,0.051793,0.57098377,0.021936705
G3,20234,test,0.09000875609212435,0.007775047049133407,0.011692828512000554,0.00196694954939047,0.5818624,0.08625969,0.58384836,0.089664824,0.5991638,0.06851892,0.49778613,0.014172469,0.6091534,0.0995613
A0,20235,test,0.1644854807621482,0.0291519014357251,0.05183393744902707,0.010829165760392648,0.3865512,0.08476974,0.3819329,0.106651746,0.45841318,0.049706005,0.52349025,0.054154117,0.59481514,0.092523284
C0,20235,test,0.2094313462436435,0.02432095143608049,0.07156507153628197,0.019866502265424073,0.3421519,0.10637466,0.33837423,0.12525883,0.4514881,0.06709888,0.58229625,0.08481038,0.60573965,0.07854843
G3,20235,test,0.2282186834885546,0.03985309644721813,0.0299276109614597,0.013543159881501995,0.36911,0.096625894,0.33210075,0.11463213,0.48178607,0.016396293,0.50640094,0.03958703,0.57718945,0.055165295
A0,20236,test,0.19866103838183194,0.0444702532044877,0.027090920808499775,0.01028648817065538,0.3944325,0.059578057,0.3725816,0.077369295,0.5263368,0.022619134,0.50090146,0.03135763,0.58543897,0.057407502
C0,20236,test,0.23539600507486913,0.02184557518634346,0.020105966184919614,0.007712390638522625,0.37020424,0.0929663,0.31942952,0.11284872,0.51740396,0.026772037,0.5064438,0.038345974,0.5789988,0.028241338
G3,20236,test,0.21871323122441363,0.020531866318980716,0.02860158738484748,0.010757660087940686,0.37272835,0.06778932,0.38424033,0.11546896,0.5206462,0.01701082,0.53949994,0.03641786,0.57861674,0.0470599
A0,20237,test,0.08615055153610804,0.016239467073434766,0.00803869214184543,0.002144629255019039,0.590209,0.04926579,0.46664256,0.0703426,0.57860756,0.030657971,0.44661364,0.040119197,0.60782766,0.05481747
C0,20237,test,0.08320027383256302,0.009988579979984497,0.0017951533290894296,0.0011667527561783372,0.6450224,0.061670616,0.44253284,0.059035055,0.60803586,0.0394482,0.39278322,0.10011502,0.5822078,0.039789252
G3,20237,test,0.10887900700113821,0.01789698727229356,0.004835940638478598,0.0017270477514402436,0.5986963,0.053981815,0.43070722,0.07600838,0.5780209,0.042709526,0.4276064,0.09764275,0.58701444,0.046095807
A0,20238,test,0.12098248107128126,0.01294050977449859,0.024272402279894467,0.00575951599320546,0.48483714,0.028612705,0.5657295,0.038391728,0.545787,0.02003826,0.5340725,0.07384617,0.6114565,0.08981328
C0,20238,test,0.1390786514617257,0.01943685891663857,0.027182424887248043,0.006136733324358706,0.434853,0.07316947,0.50657874,0.043412577,0.5217862,0.030196752,0.5575243,0.08863947,0.60738695,0.07607324
G3,20238,test,0.11150580281697564,0.011313983165339147,0.0166424228093145,0.001884561205687459,0.50669223,0.025176285,0.56701124,0.04647772,0.56255233,0.017921735,0.5239244,0.04297839,0.6197456,0.076328605
A0,20239,test,0.17113261140720473,0.026314488506342017,0.04698097412250346,0.011139038646155208,0.40056115,0.044115063,0.47525516,0.04541759,0.48413053,0.035016097,0.5692205,0.06851048,0.6040423,0.09001285
C0,20239,test,0.08346874793487455,0.011330433889963737,0.014785981317212551,0.002292667231705121,0.60785025,0.08306089,0.65792763,0.114499524,0.606854,0.07124266,0.5019336,0.015538221,0.6304998,0.08163091
G3,20239,test,0.10965598985580675,0.016080749871231887,0.01396661057255863,0.004673504600703437,0.5784974,0.029387586,0.61711687,0.06806047,0.5971969,0.06614635,0.52464336,0.0340743,0.62305415,0.072829604
A0,20240,test,0.10908818132881506,0.01982018661619182,0.04831139163899665,0.02328500660810132,0.4497431,0.08959895,0.57458764,0.053598624,0.53034914,0.04066655,0.5730604,0.11547415,0.6195395,0.099943064
C0,20240,test,0.24160913662951175,0.03315442442545425,0.03161118089877301,0.012898104627034163,0.3428175,0.08356954,0.3430812,0.094819866,0.5134113,0.018151965,0.5451805,0.044972,0.59166795,0.049187373
G3,20240,test,0.12608027052272197,0.008097334068143041,0.020442258719292984,0.002938533911833554,0.49040198,0.011168999,0.5066637,0.031594004,0.5503158,0.01756664,0.5180211,0.019686095,0.62315637,0.06242558
A0,20241,test,0.29191687526755217,0.018859196862068394,0.11515475864300231,0.04223083178766365,0.28445697,0.121101014,0.30898556,0.13507265,0.44394797,0.07372809,0.6092077,0.11470607,0.5934214,0.09851959
C0,20241,test,0.2890694189334318,0.02411385602488914,0.082643466892804,0.013678172726213361,0.28955626,0.1177515,0.3071298,0.13309772,0.4647858,0.062696114,0.58208376,0.09419883,0.5881671,0.07572455
G3,20241,test,0.2788306396109178,0.02189868352038491,0.116288164472824,0.03660465345092562,0.28425366,0.115337156,0.31986013,0.13031594,0.45028457,0.07387336,0.6091579,0.11418571,0.59465355,0.0993058
A0,20242,test,0.20845027849417233,0.02465188890157214,0.062013148863952386,0.00980484567990906,0.35008597,0.111605,0.3787388,0.11389917,0.48815164,0.04449547,0.5593074,0.10070025,0.59677374,0.07306679
C0,20242,test,0.25531647771414817,0.027228441289556055,0.06070666425520303,0.0152168643447704,0.29395875,0.097841136,0.32942325,0.13309798,0.46690536,0.044514306,0.5543393,0.06480561,0.583821,0.07030455
G3,20242,test,0.26863687823022586,0.025471192389069187,0.06394731727378489,0.013525348273217542,0.2904871,0.10407189,0.32695743,0.13189799,0.45763463,0.043220453,0.5649466,0.085062176,0.5853979,0.07881896
A0,20243,test,0.08768314141830179,0.03197655261937859,0.022644002921248397,0.016201268095453573,0.51824737,0.08018248,0.5133511,0.07819383,0.55507714,0.03848512,0.51945275,0.08657595,0.6123163,0.077715285
C0,20243,test,0.23277558783461738,0.01704950993914611,0.09169454333398146,0.02479522257011172,0.3119858,0.100765266,0.37426752,0.0963744,0.473423,0.06304338,0.6088006,0.11505594,0.5849505,0.081986696
G3,20243,test,0.09028933884089937,0.015382699122376503,0.024420208502367622,0.0073797089157688405,0.5376494,0.04470415,0.6006998,0.079245776,0.56831104,0.026527727,0.5157496,0.054627,0.6141458,0.07242459
A0,20244,test,0.07058196546048368,0.015251519470906872,0.0040431569360196064,0.00103190834224727,0.6339215,0.054160185,0.5257019,0.056924563,0.5951479,0.030414153,0.41461673,0.07662895,0.56395227,0.05026773
C0,20244,test,0.07509236580985632,0.021576210416811837,0.004194328561048032,0.001168710364552676,0.62563276,0.054596648,0.54251647,0.04415222,0.61332464,0.04918889,0.44382614,0.08201769,0.5753685,0.03766703
G3,20244,test,0.061383254762111816,0.006327150418265283,0.005243211427939901,0.0011582047892700978,0.6670427,0.09688754,0.6044978,0.06204144,0.64651597,0.055205163,0.41993785,0.08700554,0.59842175,0.06821946
A0,20245,test,0.30747210507207606,0.027482944352404705,0.08994608063588873,0.020284988911574323,0.275837,0.116924606,0.3116389,0.13891013,0.45408136,0.06318868,0.5952051,0.11490887,0.58523023,0.09427966
C0,20245,test,0.25937877986474966,0.023926962976102716,0.13515838003628472,0.04905171143707008,0.29117063,0.110124245,0.34728912,0.11645063,0.4631812,0.07311486,0.61746323,0.12423311,0.5954219,0.10246545
G3,20245,test,0.26762145706187607,0.01744802452852063,0.08778127755996738,0.022166866734446573,0.29663274,0.11322141,0.31163913,0.12584542,0.43642196,0.07270213,0.5825086,0.10212986,0.5847912,0.096508004
A0,20246,test,0.07314968715959949,0.010055939536832577,0.010094435652388269,0.005338518946580718,0.6083905,0.05453773,0.5161282,0.06065049,0.5876194,0.015793333,0.45338744,0.050097883,0.58796453,0.07937865
C0,20246,test,0.04922289887608554,0.01117555220076357,0.005895013873660944,0.0021040955272318192,0.6740301,0.11256913,0.5265864,0.045258146,0.6013905,0.03945978,0.3863167,0.1053542,0.59006983,0.045822263
G3,20246,test,0.05367779158337702,0.005995905076071279,0.004361108641034564,0.0013843020066783862,0.6661712,0.09712447,0.49523944,0.04192893,0.59190154,0.030580629,0.40072474,0.10538608,0.5795048,0.03927522
A0,20247,test,0.23409979634116657,0.02663939269134204,0.13608918872226067,0.05705183919241969,0.31455073,0.11365471,0.38631088,0.11673064,0.4759477,0.070766315,0.6233047,0.13293684,0.59807456,0.101339325
C0,20247,test,0.25729361460911243,0.023490226977357486,0.11743543800536538,0.04392281882431685,0.30019277,0.113085255,0.35891485,0.11820518,0.47530395,0.06562281,0.6220027,0.12725675,0.59577215,0.09967927
G3,20247,test,0.25708298026943704,0.031381406229091975,0.10354390827354705,0.026859989398399377,0.2956908,0.10264657,0.36610496,0.10254123,0.4793717,0.054933712,0.6122068,0.117191084,0.5921753,0.09123781
A0,20248,test,0.0680705803189843,0.009892193038290562,0.019297914825189496,0.005482939637743475,0.5848154,0.04456548,0.6368391,0.07209717,0.59227544,0.043269467,0.49335107,0.025929201,0.61846936,0.104323074
C0,20248,test,0.28793207514836294,0.029560984049323308,0.13179769027552588,0.06807277285915023,0.30742472,0.1240366,0.33037034,0.12456231,0.4524657,0.067927025,0.6216071,0.1373393,0.59437084,0.10193544
G3,20248,test,0.16126108708992942,0.01864939891947132,0.05509725588901928,0.017297517399743757,0.38690528,0.08102715,0.4533224,0.07351623,0.5041541,0.052318126,0.5897313,0.091518246,0.622782,0.08495459
A0,20249,test,0.3062258473175784,0.024029463973411273,0.08519433418382268,0.024352929040379626,0.29374716,0.12110751,0.30629236,0.123253554,0.4644342,0.05865514,0.59816515,0.11533377,0.58078355,0.08947969
C0,20249,test,0.25773434602509526,0.022171573706727128,0.037601784210826,0.009019767836916333,0.33704537,0.11460252,0.30130428,0.1186339,0.48369464,0.037418835,0.55072826,0.048508327,0.5744494,0.05665364
G3,20249,test,0.27561275156816806,0.021027561794908264,0.13930470404841072,0.06439098033778605,0.303419,0.1253595,0.3183767,0.13305898,0.4476387,0.07761593,0.6090015,0.12921502,0.58852696,0.10469778
A0,20250,test,0.22284259215511545,0.023392567819634412,0.10878186455544,0.041107901400162156,0.3093359,0.11972112,0.33411345,0.11765786,0.4375248,0.07355054,0.6016205,0.09988956,0.5965229,0.114109084
C0,20250,test,0.2645809600966424,0.02012862858749725,0.09484284936000831,0.021743214930682087,0.29400536,0.11193225,0.33462337,0.12520394,0.47921818,0.053081527,0.5955699,0.108192466,0.5865317,0.08852606
G3,20250,test,0.20709643156557825,0.014941670073912847,0.0463252589973621,0.005551462274525868,0.36996704,0.07579243,0.4126421,0.093549244,0.5015777,0.03130346,0.578197,0.08107038,0.5957017,0.068414874
A0,20251,test,0.06972483972665054,0.02768112597644401,0.011578389912173092,0.0049838074833652895,0.62122685,0.12422572,0.6039692,0.103577286,0.5968004,0.048407733,0.4292181,0.12441704,0.6063176,0.06922797
C0,20251,test,0.085827139074019,0.007310783609289181,0.019212589352120946,0.006778109762893752,0.5559514,0.018781925,0.50651294,0.072142325,0.54047465,0.029051103,0.474293,0.016586436,0.6233531,0.08929731
G3,20251,test,0.08587860168184873,0.012978274484904977,0.0036503233149773515,0.0013319174988952593,0.6346289,0.08027739,0.47634906,0.028460577,0.60853577,0.04492858,0.41730323,0.10964143,0.59356505,0.040107537
A0,20252,test,0.0824046042498815,0.011412372728229812,0.021936642114224202,0.004076710560011558,0.58016217,0.0698611,0.54113036,0.037512653,0.55251545,0.028543388,0.45755348,0.02178726,0.6194595,0.09018124
C0,20252,test,0.07298065197039375,0.013679834184393459,0.015701485054512725,0.0043063637130329215,0.6070401,0.09467691,0.5298363,0.04319548,0.56306815,0.033340234,0.44902048,0.08195292,0.6093624,0.08716681
G3,20252,test,0.07246954781008193,0.012625032526534317,0.008260746014417359,0.004153060299168287,0.6143484,0.09673384,0.55721056,0.043815937,0.6008327,0.06885866,0.4532488,0.09160744,0.57970864,0.07059712
A0,20253,test,0.08502556531701519,0.024498041801343948,0.009224765647834372,0.0024930787518393856,0.5838989,0.055400968,0.51187646,0.053355966,0.5877446,0.035720527,0.48000225,0.025255969,0.62398434,0.07157526
C0,20253,test,0.07720040719218318,0.00775413856815248,0.009842165280790596,0.004152076662886844,0.61999404,0.06275217,0.61582553,0.06803022,0.61721385,0.061236292,0.4825953,0.03523305,0.59810853,0.0902039
G3,20253,test,0.06535825590855202,0.0015240587393938337,0.006142941232875039,0.0036766456564973314,0.63769484,0.11335405,0.61205006,0.06984628,0.6202366,0.08038224,0.4460184,0.09643983,0.6043723,0.063689865
A0,20254,test,0.05280119440360544,0.00508278556315455,0.005767213633917853,0.0017790495516153862,0.6718062,0.11309839,0.62994945,0.100626126,0.61988866,0.08358675,0.43993312,0.07836578,0.6081035,0.08330727
C0,20254,test,0.07361117291313704,0.022337836706149465,0.0043034150294357,0.001455407706974837,0.6290611,0.054725092,0.54650176,0.049239308,0.6152989,0.050726138,0.4457558,0.08284322,0.58200777,0.037383094
G3,20254,test,0.04959196301975918,0.008379647108584801,0.004754837430275019,0.0009843746254668633,0.6781408,0.12127259,0.6134752,0.10821778,0.64083016,0.07172347,0.42533547,0.08799089,0.59870726,0.081535436
A0,20255,test,0.1634201219254912,0.029836393674483448,0.02274429909733275,0.008341578546593753,0.43740335,0.04237358,0.4707852,0.058708455,0.54051954,0.034232777,0.51740414,0.020922719,0.5947514,0.058446255
C0,20255,test,0.26675589859742754,0.017000383149031,0.11966411508252957,0.05946598152231519,0.31373948,0.11909547,0.3585154,0.11534538,0.46136388,0.06344883,0.61477786,0.13151705,0.6002842,0.098802954
G3,20255,test,0.23018760694699858,0.03405636160869267,0.08423724951398479,0.027346059433444758,0.32182562,0.10109889,0.35751936,0.08226308,0.47818336,0.056221955,0.603368,0.09599771,0.6002057,0.09391711
