adapter_accept_calls,adapter_calls,adapter_checkpoint_sha256,atomic_risk_fallback_calls,checkpoint_sha256,coverage,failure_summary_path,fallback_calls,formula,forward_reduction,generation_time_seconds,invalid_risk_fallback_calls,late_exact_calls,logical_score_calls,method,nan_adapter_fallback_calls,nan_risk_fallback_calls,num_atoms,output_path,output_sha256,peak_gpu_memory_bytes,run_summary_path,run_summary_sha256,samples_per_hour,second_forward_avoidance,second_forward_calls,seed,success
0,0,,0,01dd3e86805165412e0810e2a77a4756f8e1020f3ff2707c74af0a3f88a1bb8e,0.0,,0,Fe5Sb,0.0,114.39470558403991,0,0,2000,C0,0,0,6,/mnt/lis-wam-data/dxl/mattergen_v1/experiments/corrector_residual_distillation_formal256/generation/C0/67000/generated_crystals.extxyz,cac000ba38ff6f8c4ba01fcd3afb6a78bed5092ce903d7aa2175e51d79c61ca6,273078272,/mnt/lis-wam-data/dxl/mattergen_v1/experiments/corrector_residual_distillation_formal256/generation/C0/67000/run_summary.json,f9d006581bfc9803bf92b918d5c498a53c3da0465fb346bb8380bc5828492a31,31.46998789515888,0.0,1000,67000,True
694,700,a2fd0f17c27b760958b60c1d1386577883635a34fb2101eb08e38fd8472702c7,6,01dd3e86805165412e0810e2a77a4756f8e1020f3ff2707c74af0a3f88a1bb8e,0.694,,306,Fe4SiRh,0.347,80.07141312095337,0,300,1306,V2_Frozen_Atomic75_Late30,0,0,6,/mnt/lis-wam-data/dxl/mattergen_v1/experiments/corrector_residual_distillation_formal256/generation/V2_Frozen_Atomic75_Late30/67000/generated_crystals.extxyz,4c136a8289b779eb1c23cb30574406620bca3e72030f8cc4bf90571fe31e47ef,272105472,/mnt/lis-wam-data/dxl/mattergen_v1/experiments/corrector_residual_distillation_formal256/generation/V2_Frozen_Atomic75_Late30/67000/run_summary.json,403d4edede4f19f73bd3debadfc00ab4591227c76af42d3f52112e916f9f2556,44.959865945689664,0.694,306,67000,True
0,0,,0,01dd3e86805165412e0810e2a77a4756f8e1020f3ff2707c74af0a3f88a1bb8e,0.0,,0,Eu2CuH5O6,0.0,115.36513525806367,0,0,2000,C0,0,0,14,/mnt/lis-wam-data/dxl/mattergen_v1/experiments/corrector_residual_distillation_formal256/generation/C0/67001/generated_crystals.extxyz,658977118474fc1fae5b48ee3781c2a77615a20e25021b8999ced11dab09ac7e,330451968,/mnt/lis-wam-data/dxl/mattergen_v1/experiments/corrector_residual_distillation_formal256/generation/C0/67001/run_summary.json,50c0d933b70b24d316b56458e5980ed116d9b96e0434fc8b9a5d066826ae268c,31.20526831565753,0.0,1000,67001,True
482,700,a2fd0f17c27b760958b60c1d1386577883635a34fb2101eb08e38fd8472702c7,218,01dd3e86805165412e0810e2a77a4756f8e1020f3ff2707c74af0a3f88a1bb8e,0.482,,518,Cr3Fe3O8,0.241,94.89715817011893,0,300,1518,V2_Frozen_Atomic75_Late30,0,0,14,/mnt/lis-wam-data/dxl/mattergen_v1/experiments/corrector_residual_distillation_formal256/generation/V2_Frozen_Atomic75_Late30/67001/generated_crystals.extxyz,8886557fb101d9a9c992e6cde31a1a4ac9d8006852fd8b8f15f4957096531fc2,329323008,/mnt/lis-wam-data/dxl/mattergen_v1/experiments/corrector_residual_distillation_formal256/generation/V2_Frozen_Atomic75_Late30/67001/run_summary.json,ddabb069cc265b5dd29e37e7a0e452956a067f56720b5a380b874f7c6fe41dad,37.93580407904736,0.482,518,67001,True
0,0,,0,01dd3e86805165412e0810e2a77a4756f8e1020f3ff2707c74af0a3f88a1bb8e,0.0,,0,ErSc2Fe9,0.0,115.52811699197628,0,0,2000,C0,0,0,12,/mnt/lis-wam-data/dxl/mattergen_v1/experiments/corrector_residual_distillation_formal256/generation/C0/67002/generated_crystals.extxyz,9e6fcb54fb672059dbe6c6d80aff80aca6022753b137dfcb1610cb2eef486aeb,316996608,/mnt/lis-wam-data/dxl/mattergen_v1/experiments/corrector_residual_distillation_formal256/generation/C0/67002/run_summary.json,867afe4b8e6bb9ab046f90e0679ca6dbb11867df85e92de748f0e1634bf32e3b,31.161245363758756,0.0,1000,67002,True
636,700,a2fd0f17c27b760958b60c1d1386577883635a34fb2101eb08e38fd8472702c7,64,01dd3e86805165412e0810e2a77a4756f8e1020f3ff2707c74af0a3f88a1bb8e,0.636,,364,RbFe3Cl8,0.318,88.226234247908,0,300,1364,V2_Frozen_Atomic75_Late30,0,0,12,/mnt/lis-wam-data/dxl/mattergen_v1/experiments/corrector_residual_distillation_formal256/generation/V2_Frozen_Atomic75_Late30/67002/generated_crystals.extxyz,aac7543e9eb1a4f573699b5887d913307adf8de2a7a870d86e5d28f7abd904ce,317614080,/mnt/lis-wam-data/dxl/mattergen_v1/experiments/corrector_residual_distillation_formal256/generation/V2_Frozen_Atomic75_Late30/67002/run_summary.json,9c6fef1b3478745f47ccc1519f5227613e814d613a6463e769764cc47a9f2fa9,40.80418971396099,0.636,364,67002,True
0,0,,0,01dd3e86805165412e0810e2a77a4756f8e1020f3ff2707c74af0a3f88a1bb8e,0.0,,0,Mn3F8,0.0,121.98554555000737,0,0,2000,C0,0,0,11,/mnt/lis-wam-data/dxl/mattergen_v1/experiments/corrector_residual_distillation_formal256/generation/C0/67003/generated_crystals.extxyz,2611bfef3a75c066c6f63b6acc2f48ba8a1fcee63348134a6ad68dbc6f9b66ad,307223552,/mnt/lis-wam-data/dxl/mattergen_v1/experiments/corrector_residual_distillation_formal256/generation/C0/67003/run_summary.json,81ddabec4e3fe70b607e937fc22a9436e06476381f521aebc02a9479277f1b99,29.51169324011588,0.0,1000,67003,True
680,700,a2fd0f17c27b760958b60c1d1386577883635a34fb2101eb08e38fd8472702c7,20,01dd3e86805165412e0810e2a77a4756f8e1020f3ff2707c74af0a3f88a1bb8e,0.68,,320,Eu3Cr2O6,0.34,81.74656876688823,0,300,1320,V2_Frozen_Atomic75_Late30,0,0,11,/mnt/lis-wam-data/dxl/mattergen_v1/experiments/corrector_residual_distillation_formal256/generation/V2_Frozen_Atomic75_Late30/67003/generated_crystals.extxyz,fd011a21ec4de94243bc7a1b93936cfece20d4e3c891acafa07a7b9b10017e4f,307239936,/mnt/lis-wam-data/dxl/mattergen_v1/experiments/corrector_residual_distillation_formal256/generation/V2_Frozen_Atomic75_Late30/67003/run_summary.json,6a3df281811eebfd015834a4229ab99a82020cbdfb3941ff4de2f9466f08bb66,44.03854564545581,0.68,320,67003,True
0,0,,0,01dd3e86805165412e0810e2a77a4756f8e1020f3ff2707c74af0a3f88a1bb8e,0.0,,0,TbEu2NbO6,0.0,115.21875687781721,0,0,2000,C0,0,0,10,/mnt/lis-wam-data/dxl/mattergen_v1/experiments/corrector_residual_distillation_formal256/generation/C0/67004/generated_crystals.extxyz,650c4ee09b30636c7f34f30a2b0d65883c3ede3482aa3ba6b8b1f5c87a3347eb,303697408,/mnt/lis-wam-data/dxl/mattergen_v1/experiments/corrector_residual_distillation_formal256/generation/C0/67004/run_summary.json,c0857c4630dd7524aa015ac4103c776c488d0df064fa435cfa992013ae983ef4,31.244912699566708,0.0,1000,67004,True
659,700,a2fd0f17c27b760958b60c1d1386577883635a34fb2101eb08e38fd8472702c7,41,01dd3e86805165412e0810e2a77a4756f8e1020f3ff2707c74af0a3f88a1bb8e,0.659,,341,EuDy2NbO6,0.3295,90.03912242501974,0,300,1341,V2_Frozen_Atomic75_Late30,0,0,10,/mnt/lis-wam-data/dxl/mattergen_v1/experiments/corrector_residual_distillation_formal256/generation/V2_Frozen_Atomic75_Late30/67004/generated_crystals.extxyz,7b77b60b1037e81380acf90ce56f0aa1c4ab53865b2e687d73172e6003e4c87c,300350464,/mnt/lis-wam-data/dxl/mattergen_v1/experiments/corrector_residual_distillation_formal256/generation/V2_Frozen_Atomic75_Late30/67004/run_summary.json,d984658f909585947999d1fafda90dd320f4efc886683dbc631c82fc94f2918c,39.98261981060408,0.659,341,67004,True
0,0,,0,01dd3e86805165412e0810e2a77a4756f8e1020f3ff2707c74af0a3f88a1bb8e,0.0,,0,EuZnNi,0.0,114.43687524506822,0,0,2000,C0,0,0,6,/mnt/lis-wam-data/dxl/mattergen_v1/experiments/corrector_residual_distillation_formal256/generation/C0/67005/generated_crystals.extxyz,b063fcb972e4f0d0bed1254349ffdae18b82b6e330068747a55d83ce44fd796f,273389568,/mnt/lis-wam-data/dxl/mattergen_v1/experiments/corrector_residual_distillation_formal256/generation/C0/67005/run_summary.json,7f5cd2cbd23648a1235f8250b5b87319cb207764f230050277e7443bcaa1cadb,31.458391294681437,0.0,1000,67005,True
695,700,a2fd0f17c27b760958b60c1d1386577883635a34fb2101eb08e38fd8472702c7,5,01dd3e86805165412e0810e2a77a4756f8e1020f3ff2707c74af0a3f88a1bb8e,0.695,,305,EuHoNi,0.3475,81.09797808690928,0,300,1305,V2_Frozen_Atomic75_Late30,0,0,6,/mnt/lis-wam-data/dxl/mattergen_v1/experiments/corrector_residual_distillation_formal256/generation/V2_Frozen_Atomic75_Late30/67005/generated_crystals.extxyz,735ef81ce8872caa35a55ac68662090a1f13ab2258fde630902b349f4f84bf52,272979968,/mnt/lis-wam-data/dxl/mattergen_v1/experiments/corrector_residual_distillation_formal256/generation/V2_Frozen_Atomic75_Late30/67005/run_summary.json,64bd9c944541faafc80a042b8eaab12926a43cca3948076010eb0524c2543794,44.39074912745706,0.695,305,67005,True
0,0,,0,01dd3e86805165412e0810e2a77a4756f8e1020f3ff2707c74af0a3f88a1bb8e,0.0,,0,Fe2Co2H,0.0,114.86789319710806,0,0,2000,C0,0,0,10,/mnt/lis-wam-data/dxl/mattergen_v1/experiments/corrector_residual_distillation_formal256/generation/C0/67006/generated_crystals.extxyz,537296ee8dd1328cae1363bdf07a19f1de88c1ae8565960a63d0a9f97d2121f3,300296704,/mnt/lis-wam-data/dxl/mattergen_v1/experiments/corrector_residual_distillation_formal256/generation/C0/67006/run_summary.json,5154cbcf401ae28c198243af5fbcc4425358f99d18ad262565c733c162c3ecea,31.340350204060627,0.0,1000,67006,True
589,700,a2fd0f17c27b760958b60c1d1386577883635a34fb2101eb08e38fd8472702c7,111,01dd3e86805165412e0810e2a77a4756f8e1020f3ff2707c74af0a3f88a1bb8e,0.589,,411,Fe4Co3Si2Ge,0.2945,85.56625221902505,0,300,1411,V2_Frozen_Atomic75_Late30,0,0,10,/mnt/lis-wam-data/dxl/mattergen_v1/experiments/corrector_residual_distillation_formal256/generation/V2_Frozen_Atomic75_Late30/67006/generated_crystals.extxyz,4c4de3dbcf0994a758befb9907f3b6c75a57101bf3a1c74613b00eb7a57ed4b2,303387136,/mnt/lis-wam-data/dxl/mattergen_v1/experiments/corrector_residual_distillation_formal256/generation/V2_Frozen_Atomic75_Late30/67006/run_summary.json,fafd346e357800584ea5f5c482541a7473c5d93522a2696c635d0d38e2c85d66,42.07266190395991,0.589,411,67006,True
0,0,,0,01dd3e86805165412e0810e2a77a4756f8e1020f3ff2707c74af0a3f88a1bb8e,0.0,,0,MnFe3,0.0,114.5358860869892,0,0,2000,C0,0,0,8,/mnt/lis-wam-data/dxl/mattergen_v1/experiments/corrector_residual_distillation_formal256/generation/C0/67007/generated_crystals.extxyz,033014b74d9f3bf0d89513f9fac57ff335ba9752cdad7128b57e2059a39e170b,286703616,/mnt/lis-wam-data/dxl/mattergen_v1/experiments/corrector_residual_distillation_formal256/generation/C0/67007/run_summary.json,72d624b4112eafc4b23792507be71584af5bd0ab73e7430bf39524ef413bbfb6,31.43119700724911,0.0,1000,67007,True
632,700,a2fd0f17c27b760958b60c1d1386577883635a34fb2101eb08e38fd8472702c7,68,01dd3e86805165412e0810e2a77a4756f8e1020f3ff2707c74af0a3f88a1bb8e,0.632,,368,MnFe2Ni,0.316,85.46345285885036,0,300,1368,V2_Frozen_Atomic75_Late30,0,0,8,/mnt/lis-wam-data/dxl/mattergen_v1/experiments/corrector_residual_distillation_formal256/generation/V2_Frozen_Atomic75_Late30/67007/generated_crystals.extxyz,ace9c3e295a3de6eaed7619fd39bfc38ab34d1cbaf397d462ac6e32cbc5fe333,286410240,/mnt/lis-wam-data/dxl/mattergen_v1/experiments/corrector_residual_distillation_formal256/generation/V2_Frozen_Atomic75_Late30/67007/run_summary.json,77f51a278a15e10a1968b23f8358a58160f58453435caf5457f6383b5275b8e9,42.12326883101346,0.632,368,67007,True
0,0,,0,01dd3e86805165412e0810e2a77a4756f8e1020f3ff2707c74af0a3f88a1bb8e,0.0,,0,Eu5As3O2,0.0,115.5424725569319,0,0,2000,C0,0,0,10,/mnt/lis-wam-data/dxl/mattergen_v1/experiments/corrector_residual_distillation_formal256/generation/C0/67008/generated_crystals.extxyz,eadf403e7d8bd31367ea95d1c05427d1a923b8589e886054de44e6397bde3ce5,303449600,/mnt/lis-wam-data/dxl/mattergen_v1/experiments/corrector_residual_distillation_formal256/generation/C0/67008/run_summary.json,40bfd6796c0e2de4b4b33f91d0dc2799ffeabd85ba76965f9d889a59ac912dad,31.157373737403375,0.0,1000,67008,True
600,700,a2fd0f17c27b760958b60c1d1386577883635a34fb2101eb08e38fd8472702c7,100,01dd3e86805165412e0810e2a77a4756f8e1020f3ff2707c74af0a3f88a1bb8e,0.6,,400,Eu2MnAs3Pt4,0.3,85.0640182371717,0,300,1400,V2_Frozen_Atomic75_Late30,0,0,10,/mnt/lis-wam-data/dxl/mattergen_v1/experiments/corrector_residual_distillation_formal256/generation/V2_Frozen_Atomic75_Late30/67008/generated_crystals.extxyz,718544aba04733a5e6608360d74b4aaf12c169da9354c3aced615750591a6f9e,304758784,/mnt/lis-wam-data/dxl/mattergen_v1/experiments/corrector_residual_distillation_formal256/generation/V2_Frozen_Atomic75_Late30/67008/run_summary.json,d898833e24f712b5ad586375823e8c9115ddca8873830c7caa240ab95bcedbab,42.32106682243297,0.6,400,67008,True
0,0,,0,01dd3e86805165412e0810e2a77a4756f8e1020f3ff2707c74af0a3f88a1bb8e,0.0,,0,Fe4NiO5F2,0.0,116.14538419200107,0,0,2000,C0,0,0,12,/mnt/lis-wam-data/dxl/mattergen_v1/experiments/corrector_residual_distillation_formal256/generation/C0/67009/generated_crystals.extxyz,88eaafac905713090dd3254e9f670c5c6ca48b1d9ad8a397e348436d1b797bff,317280768,/mnt/lis-wam-data/dxl/mattergen_v1/experiments/corrector_residual_distillation_formal256/generation/C0/67009/run_summary.json,a2608910de8180775cea1f21689d482c8e87236bae4376f09bba7e99747b0887,30.99563555662965,0.0,1000,67009,True
303,700,a2fd0f17c27b760958b60c1d1386577883635a34fb2101eb08e38fd8472702c7,397,01dd3e86805165412e0810e2a77a4756f8e1020f3ff2707c74af0a3f88a1bb8e,0.303,,697,Mn2Ni4O5F,0.1515,100.44347410090268,0,300,1697,V2_Frozen_Atomic75_Late30,0,0,12,/mnt/lis-wam-data/dxl/mattergen_v1/experiments/corrector_residual_distillation_formal256/generation/V2_Frozen_Atomic75_Late30/67009/generated_crystals.extxyz,41d472091751f4a699b522d971d252945c09786f42d857504bf00a5d12191a5e,317329920,/mnt/lis-wam-data/dxl/mattergen_v1/experiments/corrector_residual_distillation_formal256/generation/V2_Frozen_Atomic75_Late30/67009/run_summary.json,0084da9d363c92f5a4cc18087e325664df7db993607c44d02fb31b67dc04b3a8,35.84105420710102,0.303,697,67009,True
0,0,,0,01dd3e86805165412e0810e2a77a4756f8e1020f3ff2707c74af0a3f88a1bb8e,0.0,,0,FeNi,0.0,120.0813370810356,0,0,2000,C0,0,0,2,/mnt/lis-wam-data/dxl/mattergen_v1/experiments/corrector_residual_distillation_formal256/generation/C0/67010/generated_crystals.extxyz,ca753f3aae74b67b8ada0af931abf1b94f189ded950d8ab9979e50837a214e83,242691584,/mnt/lis-wam-data/dxl/mattergen_v1/experiments/corrector_residual_distillation_formal256/generation/C0/67010/run_summary.json,b702f096797a948ca0cf9038e6ad9aeb647545e1547add033e71ed48c99663c8,29.97967950315692,0.0,1000,67010,True
653,700,a2fd0f17c27b760958b60c1d1386577883635a34fb2101eb08e38fd8472702c7,47,01dd3e86805165412e0810e2a77a4756f8e1020f3ff2707c74af0a3f88a1bb8e,0.653,,347,FeNi,0.3265,82.44250249606557,0,300,1347,V2_Frozen_Atomic75_Late30,0,0,2,/mnt/lis-wam-data/dxl/mattergen_v1/experiments/corrector_residual_distillation_formal256/generation/V2_Frozen_Atomic75_Late30/67010/generated_crystals.extxyz,2e826d752346616c4ad0a31256d6e847ab44d1debb6292f10d57b1f46a8ad96a,242714624,/mnt/lis-wam-data/dxl/mattergen_v1/experiments/corrector_residual_distillation_formal256/generation/V2_Frozen_Atomic75_Late30/67010/run_summary.json,637bd1f5302b4a3272c523f44b8db00298672cb3d872ba1fcf065426c4048dc6,43.66679674930784,0.653,347,67010,True
0,0,,0,01dd3e86805165412e0810e2a77a4756f8e1020f3ff2707c74af0a3f88a1bb8e,0.0,,0,Mn2Co3Ge,0.0,111.70304620405659,0,0,2000,C0,0,0,12,/mnt/lis-wam-data/dxl/mattergen_v1/experiments/corrector_residual_distillation_formal256/generation/C0/67011/generated_crystals.extxyz,93b8cb7b5c9ec772de3ee72f47c2e7045544295a84674f8ccf0e9aabe9ccea54,316143104,/mnt/lis-wam-data/dxl/mattergen_v1/experiments/corrector_residual_distillation_formal256/generation/C0/67011/run_summary.json,aa261fbb47534c40d42bd92838bc05ee9eafe2f887f449f5e3721576880acde5,32.22830641004724,0.0,1000,67011,True
506,700,a2fd0f17c27b760958b60c1d1386577883635a34fb2101eb08e38fd8472702c7,194,01dd3e86805165412e0810e2a77a4756f8e1020f3ff2707c74af0a3f88a1bb8e,0.506,,494,GdCoGe,0.253,90.07198649900965,0,300,1494,V2_Frozen_Atomic75_Late30,0,0,12,/mnt/lis-wam-data/dxl/mattergen_v1/experiments/corrector_residual_distillation_formal256/generation/V2_Frozen_Atomic75_Late30/67011/generated_crystals.extxyz,22e4e56d4d73306437385532349a049b7c23fc4c999be7557ce6c2509b4717b4,315144192,/mnt/lis-wam-data/dxl/mattergen_v1/experiments/corrector_residual_distillation_formal256/generation/V2_Frozen_Atomic75_Late30/67011/run_summary.json,dac3f023f2a20f6c15899e5e28981d7ab9f76090029e300400ea56e0c8cccaa7,39.96803157038823,0.506,494,67011,True
0,0,,0,01dd3e86805165412e0810e2a77a4756f8e1020f3ff2707c74af0a3f88a1bb8e,0.0,,0,Li2Mn2OF3,0.0,115.05827034194954,0,0,2000,C0,0,0,8,/mnt/lis-wam-data/dxl/mattergen_v1/experiments/corrector_residual_distillation_formal256/generation/C0/67012/generated_crystals.extxyz,40127eb0ff2f3fdee81c2c2bed904788e808bc614ef845292bec166809292ba2,286331904,/mnt/lis-wam-data/dxl/mattergen_v1/experiments/corrector_residual_distillation_formal256/generation/C0/67012/run_summary.json,528ab9a947f5badc3336282418ef7f2460d8b8c87f7671f6a5846b1a70f0e4ec,31.288493989184037,0.0,1000,67012,True
695,700,a2fd0f17c27b760958b60c1d1386577883635a34fb2101eb08e38fd8472702c7,5,01dd3e86805165412e0810e2a77a4756f8e1020f3ff2707c74af0a3f88a1bb8e,0.695,,305,MnF,0.3475,81.68000921187922,0,300,1305,V2_Frozen_Atomic75_Late30,0,0,8,/mnt/lis-wam-data/dxl/mattergen_v1/experiments/corrector_residual_distillation_formal256/generation/V2_Frozen_Atomic75_Late30/67012/generated_crystals.extxyz,5da64ef3a6609f874823be0feb76b1afa193432c1d9d6b28bad4cd6cf1113ab8,287112704,/mnt/lis-wam-data/dxl/mattergen_v1/experiments/corrector_residual_distillation_formal256/generation/V2_Frozen_Atomic75_Late30/67012/run_summary.json,3b1f6b607bd89697d5bb68310903f03338aa9290ec4320b26783a9ff708ab309,44.07443185592136,0.695,305,67012,True
0,0,,0,01dd3e86805165412e0810e2a77a4756f8e1020f3ff2707c74af0a3f88a1bb8e,0.0,,0,NaEu4P2O3,0.0,121.87584665603936,0,0,2000,C0,0,0,10,/mnt/lis-wam-data/dxl/mattergen_v1/experiments/corrector_residual_distillation_formal256/generation/C0/67013/generated_crystals.extxyz,d309fe10d61feeb93c92771ed52d7050c916babd87a2460217b60875bde14fc9,301749760,/mnt/lis-wam-data/dxl/mattergen_v1/experiments/corrector_residual_distillation_formal256/generation/C0/67013/run_summary.json,923fb24ab3c52713e441a05f3530b92f55fcdffdaca894d843ac875247e46c6b,29.538256338517982,0.0,1000,67013,True
659,700,a2fd0f17c27b760958b60c1d1386577883635a34fb2101eb08e38fd8472702c7,41,01dd3e86805165412e0810e2a77a4756f8e1020f3ff2707c74af0a3f88a1bb8e,0.659,,341,EuMnO3,0.3295,83.8078268521931,0,300,1341,V2_Frozen_Atomic75_Late30,0,0,10,/mnt/lis-wam-data/dxl/mattergen_v1/experiments/corrector_residual_distillation_formal256/generation/V2_Frozen_Atomic75_Late30/67013/generated_crystals.extxyz,64abd3edca6e1eeda9a0089142f6050fca93cf9a7857bf054d83e19ae88921c2,300325888,/mnt/lis-wam-data/dxl/mattergen_v1/experiments/corrector_residual_distillation_formal256/generation/V2_Frozen_Atomic75_Late30/67013/run_summary.json,b576dac697a3cb3a72d7f12366233e2debddcb18ad13b827415d468e7745b316,42.955415206614376,0.659,341,67013,True
0,0,,0,01dd3e86805165412e0810e2a77a4756f8e1020f3ff2707c74af0a3f88a1bb8e,0.0,,0,Gd2Pd,0.0,114.28678989596665,0,0,2000,C0,0,0,9,/mnt/lis-wam-data/dxl/mattergen_v1/experiments/corrector_residual_distillation_formal256/generation/C0/67014/generated_crystals.extxyz,17548d2014796281f7e2ced8ed1e77d653ef81dc69f637076884b5be2d8dc4e8,293748224,/mnt/lis-wam-data/dxl/mattergen_v1/experiments/corrector_residual_distillation_formal256/generation/C0/67014/run_summary.json,0e3add8be715045f7c8c52d07bcb12c64250c75f1a41270f5721a434aebd427b,31.499703537714375,0.0,1000,67014,True
454,700,a2fd0f17c27b760958b60c1d1386577883635a34fb2101eb08e38fd8472702c7,246,01dd3e86805165412e0810e2a77a4756f8e1020f3ff2707c74af0a3f88a1bb8e,0.454,,546,GdMgPd,0.227,93.59296960709617,0,300,1546,V2_Frozen_Atomic75_Late30,0,0,9,/mnt/lis-wam-data/dxl/mattergen_v1/experiments/corrector_residual_distillation_formal256/generation/V2_Frozen_Atomic75_Late30/67014/generated_crystals.extxyz,fd6dd1c3ab8a32230b776714557b85151a20f1834704b7ec2091dab9dea945ad,293667328,/mnt/lis-wam-data/dxl/mattergen_v1/experiments/corrector_residual_distillation_formal256/generation/V2_Frozen_Atomic75_Late30/67014/run_summary.json,98f612c1365bb0b399be18fa1e0d13cbf6cecd4ad8b2bbf49c8ea0c6b4039982,38.464427564514956,0.454,546,67014,True
0,0,,0,01dd3e86805165412e0810e2a77a4756f8e1020f3ff2707c74af0a3f88a1bb8e,0.0,,0,Fe4H(PdPt)2,0.0,115.07642807182856,0,0,2000,C0,0,0,9,/mnt/lis-wam-data/dxl/mattergen_v1/experiments/corrector_residual_distillation_formal256/generation/C0/67015/generated_crystals.extxyz,b9bdc5adf72447bc2382d07920a24d36d4b9b13d7d8e49719907a150a7077e9e,294888960,/mnt/lis-wam-data/dxl/mattergen_v1/experiments/corrector_residual_distillation_formal256/generation/C0/67015/run_summary.json,9ba79d3c54b50cf58db7e79382faa9d3013b119617a79d4a4775e7f092a5533a,31.283557026578432,0.0,1000,67015,True
552,700,a2fd0f17c27b760958b60c1d1386577883635a34fb2101eb08e38fd8472702c7,148,01dd3e86805165412e0810e2a77a4756f8e1020f3ff2707c74af0a3f88a1bb8e,0.552,,448,Fe2H3Pd4,0.276,95.56153720687144,0,300,1448,V2_Frozen_Atomic75_Late30,0,0,9,/mnt/lis-wam-data/dxl/mattergen_v1/experiments/corrector_residual_distillation_formal256/generation/V2_Frozen_Atomic75_Late30/67015/generated_crystals.extxyz,95cd3823178ee5c33f40f77436f7ff86c937d1ceb43f2092473a5df63a8c460b,294330880,/mnt/lis-wam-data/dxl/mattergen_v1/experiments/corrector_residual_distillation_formal256/generation/V2_Frozen_Atomic75_Late30/67015/run_summary.json,d3691a083f5ca2c9b18eb6440bfc5d00a9fbb9a85a8d9f418c801e77b0e55550,37.67206038352781,0.552,448,67015,True
0,0,,0,01dd3e86805165412e0810e2a77a4756f8e1020f3ff2707c74af0a3f88a1bb8e,0.0,,0,CoAu,0.0,122.87771623698063,0,0,2000,C0,0,0,4,/mnt/lis-wam-data/dxl/mattergen_v1/experiments/corrector_residual_distillation_formal256/generation/C0/67016/generated_crystals.extxyz,cf23267c4b0bf43bd65b48a18b16e80773ab7ba7e22162a5d51f977d7ffef546,258167808,/mnt/lis-wam-data/dxl/mattergen_v1/experiments/corrector_residual_distillation_formal256/generation/C0/67016/run_summary.json,4378b4145a54d835c2ceaed28d775f3b816af88775610850e968cd04212d9ec4,29.297419501653813,0.0,1000,67016,True
699,700,a2fd0f17c27b760958b60c1d1386577883635a34fb2101eb08e38fd8472702c7,1,01dd3e86805165412e0810e2a77a4756f8e1020f3ff2707c74af0a3f88a1bb8e,0.699,,301,Fe2CoNi,0.3495,82.44826024095528,0,300,1301,V2_Frozen_Atomic75_Late30,0,0,4,/mnt/lis-wam-data/dxl/mattergen_v1/experiments/corrector_residual_distillation_formal256/generation/V2_Frozen_Atomic75_Late30/67016/generated_crystals.extxyz,beec8e541f35b6e1329b2ca63d1a4d1de37dec337b8728d5d19f0df8d340e724,257908736,/mnt/lis-wam-data/dxl/mattergen_v1/experiments/corrector_residual_distillation_formal256/generation/V2_Frozen_Atomic75_Late30/67016/run_summary.json,49649e2da01dc4a2f78aadb45b6b3bc9b33a3ba10cc38ff97f9e46c59bc28435,43.66374729410893,0.699,301,67016,True
0,0,,0,01dd3e86805165412e0810e2a77a4756f8e1020f3ff2707c74af0a3f88a1bb8e,0.0,,0,Fe6SiNi,0.0,122.87563078198582,0,0,2000,C0,0,0,8,/mnt/lis-wam-data/dxl/mattergen_v1/experiments/corrector_residual_distillation_formal256/generation/C0/67017/generated_crystals.extxyz,b214f16b5cc589d3cbabf2fab2d2e630928e4aad6b52ad5590898fe3716f5de2,286884352,/mnt/lis-wam-data/dxl/mattergen_v1/experiments/corrector_residual_distillation_formal256/generation/C0/67017/run_summary.json,9020fd7d12cdb161a700a62430ed1306785fc6f945a34a58db0eea98720d365c,29.297916739791646,0.0,1000,67017,True
563,700,a2fd0f17c27b760958b60c1d1386577883635a34fb2101eb08e38fd8472702c7,137,01dd3e86805165412e0810e2a77a4756f8e1020f3ff2707c74af0a3f88a1bb8e,0.563,,437,Fe5Si2Ni,0.2815,86.64058581902646,0,300,1437,V2_Frozen_Atomic75_Late30,0,0,8,/mnt/lis-wam-data/dxl/mattergen_v1/experiments/corrector_residual_distillation_formal256/generation/V2_Frozen_Atomic75_Late30/67017/generated_crystals.extxyz,046bc9dcc0c6358be76da0c45d27c2186446c2efe2690be42030734de5d30cf2,287723008,/mnt/lis-wam-data/dxl/mattergen_v1/experiments/corrector_residual_distillation_formal256/generation/V2_Frozen_Atomic75_Late30/67017/run_summary.json,991e5d284f0f87010e2f68e55c3d4e1674b2ea44813ac0cb6904d5d0b2b9c5dd,41.550965589263505,0.563,437,67017,True
0,0,,0,01dd3e86805165412e0810e2a77a4756f8e1020f3ff2707c74af0a3f88a1bb8e,0.0,,0,EuMnAs,0.0,122.53334504296072,0,0,2000,C0,0,0,12,/mnt/lis-wam-data/dxl/mattergen_v1/experiments/corrector_residual_distillation_formal256/generation/C0/67018/generated_crystals.extxyz,4c1c1ac3148227b8ba62df7a9bdd8afa5eae103e88ccf2ae2e08192e4501c33e,315388416,/mnt/lis-wam-data/dxl/mattergen_v1/experiments/corrector_residual_distillation_formal256/generation/C0/67018/run_summary.json,d0053fb113537f09df229a37b6ad092717f832f130516ad9a52ef6179f760af4,29.37975780174633,0.0,1000,67018,True
530,700,a2fd0f17c27b760958b60c1d1386577883635a34fb2101eb08e38fd8472702c7,170,01dd3e86805165412e0810e2a77a4756f8e1020f3ff2707c74af0a3f88a1bb8e,0.53,,470,EuFe7Si4,0.265,90.42852026200853,0,300,1470,V2_Frozen_Atomic75_Late30,0,0,12,/mnt/lis-wam-data/dxl/mattergen_v1/experiments/corrector_residual_distillation_formal256/generation/V2_Frozen_Atomic75_Late30/67018/generated_crystals.extxyz,fc3875130eecc3a49ae22e4de2f2a69dad344298ef141342216fcfe119ba1b01,315009536,/mnt/lis-wam-data/dxl/mattergen_v1/experiments/corrector_residual_distillation_formal256/generation/V2_Frozen_Atomic75_Late30/67018/run_summary.json,8879be2677d2520b1f984b8ff17e7092e251b00d28f3d29e5f3016eca9241608,39.810449065950905,0.53,470,67018,True
0,0,,0,01dd3e86805165412e0810e2a77a4756f8e1020f3ff2707c74af0a3f88a1bb8e,0.0,,0,Fe5Pt4,0.0,122.1690728678368,0,0,2000,C0,0,0,9,/mnt/lis-wam-data/dxl/mattergen_v1/experiments/corrector_residual_distillation_formal256/generation/C0/67019/generated_crystals.extxyz,f43b5db7c05521bc5d7ff4236b3dfbdbc005ae2e5220bcb7e55a2437ae47e1cf,293984256,/mnt/lis-wam-data/dxl/mattergen_v1/experiments/corrector_residual_distillation_formal256/generation/C0/67019/run_summary.json,b6a5d39d13b1c18ff838604476429b5a0af81f2061ad27144805a5bc3b396d44,29.467359582031865,0.0,1000,67019,True
517,700,a2fd0f17c27b760958b60c1d1386577883635a34fb2101eb08e38fd8472702c7,183,01dd3e86805165412e0810e2a77a4756f8e1020f3ff2707c74af0a3f88a1bb8e,0.517,,483,Fe4Pt5,0.2585,89.0482869609259,0,300,1483,V2_Frozen_Atomic75_Late30,0,0,9,/mnt/lis-wam-data/dxl/mattergen_v1/experiments/corrector_residual_distillation_formal256/generation/V2_Frozen_Atomic75_Late30/67019/generated_crystals.extxyz,ebb817d3497ecd2672171202f856a4eda009be4c723810079ffc9cd3b39e8e5e,293442048,/mnt/lis-wam-data/dxl/mattergen_v1/experiments/corrector_residual_distillation_formal256/generation/V2_Frozen_Atomic75_Late30/67019/run_summary.json,bd7b1c6e2fbd2b33d6fca4484b8a39ba5cb2de2bfcdcbc32a90e9354d02d684e,40.42750425485072,0.517,483,67019,True
0,0,,0,01dd3e86805165412e0810e2a77a4756f8e1020f3ff2707c74af0a3f88a1bb8e,0.0,,0,Eu2Zn,0.0,113.62588917603716,0,0,2000,C0,0,0,9,/mnt/lis-wam-data/dxl/mattergen_v1/experiments/corrector_residual_distillation_formal256/generation/C0/67020/generated_crystals.extxyz,82aa4c1ba5c8f5f2db11d32793c6cb2cd01d0515fcc568b23810376d71b5ad6d,297909760,/mnt/lis-wam-data/dxl/mattergen_v1/experiments/corrector_residual_distillation_formal256/generation/C0/67020/run_summary.json,dfd3ed49c698f2b35b7a2f17c9b72d5fd12ea9a3812d8614ccb3f0584a8cbbd2,31.68292038113452,0.0,1000,67020,True
458,700,a2fd0f17c27b760958b60c1d1386577883635a34fb2101eb08e38fd8472702c7,242,01dd3e86805165412e0810e2a77a4756f8e1020f3ff2707c74af0a3f88a1bb8e,0.458,,542,EuZnPt,0.229,94.54192254203372,0,300,1542,V2_Frozen_Atomic75_Late30,0,0,9,/mnt/lis-wam-data/dxl/mattergen_v1/experiments/corrector_residual_distillation_formal256/generation/V2_Frozen_Atomic75_Late30/67020/generated_crystals.extxyz,04bf4bcbf1910bbafa95a297e37bebdabfef4437d63ca887554a5a17b666b086,293305344,/mnt/lis-wam-data/dxl/mattergen_v1/experiments/corrector_residual_distillation_formal256/generation/V2_Frozen_Atomic75_Late30/67020/run_summary.json,8f98708ea853eef527be4f7d73fe9f3fca5959ba803e74d2d0a5a23287602094,38.078345597419236,0.458,542,67020,True
0,0,,0,01dd3e86805165412e0810e2a77a4756f8e1020f3ff2707c74af0a3f88a1bb8e,0.0,,0,Eu3AsO,0.0,117.0474049129989,0,0,2000,C0,0,0,5,/mnt/lis-wam-data/dxl/mattergen_v1/experiments/corrector_residual_distillation_formal256/generation/C0/67021/generated_crystals.extxyz,13baf18cf286f94ff2ec0a518c5aba0553384227e725d045f6cfbd9c5447f201,264752640,/mnt/lis-wam-data/dxl/mattergen_v1/experiments/corrector_residual_distillation_formal256/generation/C0/67021/run_summary.json,1c33da85d91c00f2331846574df2a9458bdc8c623bf0c4131a029d4d33c672c9,30.756769043071674,0.0,1000,67021,True
700,700,a2fd0f17c27b760958b60c1d1386577883635a34fb2101eb08e38fd8472702c7,0,01dd3e86805165412e0810e2a77a4756f8e1020f3ff2707c74af0a3f88a1bb8e,0.7,,300,Eu3GeO,0.35,87.14282929408364,0,300,1300,V2_Frozen_Atomic75_Late30,0,0,5,/mnt/lis-wam-data/dxl/mattergen_v1/experiments/corrector_residual_distillation_formal256/generation/V2_Frozen_Atomic75_Late30/67021/generated_crystals.extxyz,4bf2a9ed3fa0a76249f38be49429ebf308301f82325684a0a343715670777e3c,264634880,/mnt/lis-wam-data/dxl/mattergen_v1/experiments/corrector_residual_distillation_formal256/generation/V2_Frozen_Atomic75_Late30/67021/run_summary.json,017d0b056b5fe524f43ea67880454647665c24807808f27fe7d85d6ef97fb171,41.31148861200004,0.7,300,67021,True
0,0,,0,01dd3e86805165412e0810e2a77a4756f8e1020f3ff2707c74af0a3f88a1bb8e,0.0,,0,LiEuPt,0.0,114.84510499495082,0,0,2000,C0,0,0,12,/mnt/lis-wam-data/dxl/mattergen_v1/experiments/corrector_residual_distillation_formal256/generation/C0/67022/generated_crystals.extxyz,8ca738c9f5f3c01110fd56fc91a934bc740b70dd5d1d9089ef660a449a902d51,316996096,/mnt/lis-wam-data/dxl/mattergen_v1/experiments/corrector_residual_distillation_formal256/generation/C0/67022/run_summary.json,67fcfddb7616c0be2d80430dde42992e73557c6335dc9d941411725cfc4473b7,31.346568930023395,0.0,1000,67022,True
655,700,a2fd0f17c27b760958b60c1d1386577883635a34fb2101eb08e38fd8472702c7,45,01dd3e86805165412e0810e2a77a4756f8e1020f3ff2707c74af0a3f88a1bb8e,0.655,,345,Eu4P3Pt5,0.3275,89.46813406492583,0,300,1345,V2_Frozen_Atomic75_Late30,0,0,12,/mnt/lis-wam-data/dxl/mattergen_v1/experiments/corrector_residual_distillation_formal256/generation/V2_Frozen_Atomic75_Late30/67022/generated_crystals.extxyz,0fc58b6dfef967cdfd286c5f282f08e1fdee27a93bca44a795df4677df2595ee,317619712,/mnt/lis-wam-data/dxl/mattergen_v1/experiments/corrector_residual_distillation_formal256/generation/V2_Frozen_Atomic75_Late30/67022/run_summary.json,cc384a1edae6d5189c67861a1ec5b60e21bf05b7280f44878956798bd0acb86a,40.237790109577205,0.655,345,67022,True
0,0,,0,01dd3e86805165412e0810e2a77a4756f8e1020f3ff2707c74af0a3f88a1bb8e,0.0,,0,Eu2SbO4,0.0,114.75742707494646,0,0,2000,C0,0,0,7,/mnt/lis-wam-data/dxl/mattergen_v1/experiments/corrector_residual_distillation_formal256/generation/C0/67023/generated_crystals.extxyz,6a8e5d82caf16dd2eee056ad41ea2f9dc975a7dbf4b17031a0f01c4053a00049,280118784,/mnt/lis-wam-data/dxl/mattergen_v1/experiments/corrector_residual_distillation_formal256/generation/C0/67023/run_summary.json,d8b9496c1482dde7302e3471bdb69cdd9ddf9d26b89d8e38342cb447dfb1ade4,31.370518595270443,0.0,1000,67023,True
697,700,a2fd0f17c27b760958b60c1d1386577883635a34fb2101eb08e38fd8472702c7,3,01dd3e86805165412e0810e2a77a4756f8e1020f3ff2707c74af0a3f88a1bb8e,0.697,,303,Eu3O4,0.3485,79.59636990586296,0,300,1303,V2_Frozen_Atomic75_Late30,0,0,7,/mnt/lis-wam-data/dxl/mattergen_v1/experiments/corrector_residual_distillation_formal256/generation/V2_Frozen_Atomic75_Late30/67023/generated_crystals.extxyz,77f85df9be1984a4802719805b30f78d06265594820693359bad2ad8a55fb62e,280154624,/mnt/lis-wam-data/dxl/mattergen_v1/experiments/corrector_residual_distillation_formal256/generation/V2_Frozen_Atomic75_Late30/67023/run_summary.json,30a794f826181e2d517a0aa7dfecd35d681869e8f8ce45f821a75d563739131b,45.22819324873293,0.697,303,67023,True
0,0,,0,01dd3e86805165412e0810e2a77a4756f8e1020f3ff2707c74af0a3f88a1bb8e,0.0,,0,Cr3Fe4N5,0.0,115.82328010094352,0,0,2000,C0,0,0,12,/mnt/lis-wam-data/dxl/mattergen_v1/experiments/corrector_residual_distillation_formal256/generation/C0/67024/generated_crystals.extxyz,fdce1235c7800df39064d42b2c4cd65080f0f1cb3e656fac43e417a714ba34ba,318492160,/mnt/lis-wam-data/dxl/mattergen_v1/experiments/corrector_residual_distillation_formal256/generation/C0/67024/run_summary.json,fedb409321ef937da17282afdedb7a7bd1a239256e6ea1ab4d1f6bf077b4e5ba,31.081834298445788,0.0,1000,67024,True
606,700,a2fd0f17c27b760958b60c1d1386577883635a34fb2101eb08e38fd8472702c7,94,01dd3e86805165412e0810e2a77a4756f8e1020f3ff2707c74af0a3f88a1bb8e,0.606,,394,Fe5Ni7,0.303,84.8408166540321,0,300,1394,V2_Frozen_Atomic75_Late30,0,0,12,/mnt/lis-wam-data/dxl/mattergen_v1/experiments/corrector_residual_distillation_formal256/generation/V2_Frozen_Atomic75_Late30/67024/generated_crystals.extxyz,d33c1c69de027ae968c6e075f0161df2a0f5d3334c57057dae5872d8228c7215,318587392,/mnt/lis-wam-data/dxl/mattergen_v1/experiments/corrector_residual_distillation_formal256/generation/V2_Frozen_Atomic75_Late30/67024/run_summary.json,d7eb0d15271ca48a1080a8f1150a306e032f7f43ed9d5220930893901e59f7a7,42.432406263606005,0.606,394,67024,True
0,0,,0,01dd3e86805165412e0810e2a77a4756f8e1020f3ff2707c74af0a3f88a1bb8e,0.0,,0,Gd3MnO6,0.0,117.10799743188545,0,0,2000,C0,0,0,10,/mnt/lis-wam-data/dxl/mattergen_v1/experiments/corrector_residual_distillation_formal256/generation/C0/67025/generated_crystals.extxyz,b8e3ea70e4aba79a62f8266410523f997e336876ddb066e6e2a22b69698209c8,301326336,/mnt/lis-wam-data/dxl/mattergen_v1/experiments/corrector_residual_distillation_formal256/generation/C0/67025/run_summary.json,14889e02c57dd943c5edcbc1f1ab4f3c5336b6ce6cefff4bd2efde9923d43379,30.74085526988795,0.0,1000,67025,True
549,700,a2fd0f17c27b760958b60c1d1386577883635a34fb2101eb08e38fd8472702c7,151,01dd3e86805165412e0810e2a77a4756f8e1020f3ff2707c74af0a3f88a1bb8e,0.549,,451,Fe3Co5H2,0.2745,90.74321378115565,0,300,1451,V2_Frozen_Atomic75_Late30,0,0,10,/mnt/lis-wam-data/dxl/mattergen_v1/experiments/corrector_residual_distillation_formal256/generation/V2_Frozen_Atomic75_Late30/67025/generated_crystals.extxyz,56291fd03d0e5f36a33eaf02adc0b8cab364a392f5723badb33d63e40cd9750b,303144448,/mnt/lis-wam-data/dxl/mattergen_v1/experiments/corrector_residual_distillation_formal256/generation/V2_Frozen_Atomic75_Late30/67025/run_summary.json,d560e94ce75f67c8fab373f65c0a8deba3f6639f85a12b7c4e6537d263d121cf,39.672388159869215,0.549,451,67025,True
0,0,,0,01dd3e86805165412e0810e2a77a4756f8e1020f3ff2707c74af0a3f88a1bb8e,0.0,,0,Sc2Mn2(FeCo4)3,0.0,123.92880109115504,0,0,2000,C0,0,0,19,/mnt/lis-wam-data/dxl/mattergen_v1/experiments/corrector_residual_distillation_formal256/generation/C0/67026/generated_crystals.extxyz,4b07de97ab61188512e4b20b3b523bf4c8d4582274b2b1a4c186293a909ff780,365339648,/mnt/lis-wam-data/dxl/mattergen_v1/experiments/corrector_residual_distillation_formal256/generation/C0/67026/run_summary.json,fe05d81f2d277e155f1225b6532a82fc82a127e4955e4ebe2182b6a90eaa14e7,29.048937521408305,0.0,1000,67026,True
302,700,a2fd0f17c27b760958b60c1d1386577883635a34fb2101eb08e38fd8472702c7,398,01dd3e86805165412e0810e2a77a4756f8e1020f3ff2707c74af0a3f88a1bb8e,0.302,,698,Sm2Fe5Co12,0.151,102.87870355299674,0,300,1698,V2_Frozen_Atomic75_Late30,0,0,19,/mnt/lis-wam-data/dxl/mattergen_v1/experiments/corrector_residual_distillation_formal256/generation/V2_Frozen_Atomic75_Late30/67026/generated_crystals.extxyz,978fb6100f37894189f949244e595659bc79c367cd91d2f51af79220dd87d04f,365745664,/mnt/lis-wam-data/dxl/mattergen_v1/experiments/corrector_residual_distillation_formal256/generation/V2_Frozen_Atomic75_Late30/67026/run_summary.json,9316860d21e4abb949e53c1fd4e5791f90cdbdf3a7db5b47a63877a7c6aada83,34.99266491189309,0.302,698,67026,True
0,0,,0,01dd3e86805165412e0810e2a77a4756f8e1020f3ff2707c74af0a3f88a1bb8e,0.0,,0,FeNiPd,0.0,112.68587873713113,0,0,2000,C0,0,0,6,/mnt/lis-wam-data/dxl/mattergen_v1/experiments/corrector_residual_distillation_formal256/generation/C0/67027/generated_crystals.extxyz,c6bc3908acc1d6f1dc6928a093799f1eef19b605de397801a2bfe0a5ea4897de,273251840,/mnt/lis-wam-data/dxl/mattergen_v1/experiments/corrector_residual_distillation_formal256/generation/C0/67027/run_summary.json,780cc80a705437f5adcb7537ee0626b523dc1261a164c9d926fe1379607106a0,31.947215040119872,0.0,1000,67027,True
681,700,a2fd0f17c27b760958b60c1d1386577883635a34fb2101eb08e38fd8472702c7,19,01dd3e86805165412e0810e2a77a4756f8e1020f3ff2707c74af0a3f88a1bb8e,0.681,,319,EuMnNi4,0.3405,81.88704664097168,0,300,1319,V2_Frozen_Atomic75_Late30,0,0,6,/mnt/lis-wam-data/dxl/mattergen_v1/experiments/corrector_residual_distillation_formal256/generation/V2_Frozen_Atomic75_Late30/67027/generated_crystals.extxyz,3b29c9f2e92766bf0360e9d17e9a3e2c4a868c00ad627d505b5ec0df7fb10589,271921152,/mnt/lis-wam-data/dxl/mattergen_v1/experiments/corrector_residual_distillation_formal256/generation/V2_Frozen_Atomic75_Late30/67027/run_summary.json,6d630aaeb26a5672440d3ec000a58ff0e216a108de255c0dad3a9d1bbad23893,43.962997173215456,0.681,319,67027,True
0,0,,0,01dd3e86805165412e0810e2a77a4756f8e1020f3ff2707c74af0a3f88a1bb8e,0.0,,0,Eu2ErSn,0.0,117.59585546888411,0,0,2000,C0,0,0,4,/mnt/lis-wam-data/dxl/mattergen_v1/experiments/corrector_residual_distillation_formal256/generation/C0/67028/generated_crystals.extxyz,6b941e6c585c603cb8328eb84812bd62dc6fa9a925bfb9fc04cdb1c5205a4e55,259074048,/mnt/lis-wam-data/dxl/mattergen_v1/experiments/corrector_residual_distillation_formal256/generation/C0/67028/run_summary.json,d7a91c26a55a001175bde1395b5969af1e2805a7656e6f2a94e7087f83e40e85,30.613323791437196,0.0,1000,67028,True
700,700,a2fd0f17c27b760958b60c1d1386577883635a34fb2101eb08e38fd8472702c7,0,01dd3e86805165412e0810e2a77a4756f8e1020f3ff2707c74af0a3f88a1bb8e,0.7,,300,Fe3Co,0.35,86.58137912605889,0,300,1300,V2_Frozen_Atomic75_Late30,0,0,4,/mnt/lis-wam-data/dxl/mattergen_v1/experiments/corrector_residual_distillation_formal256/generation/V2_Frozen_Atomic75_Late30/67028/generated_crystals.extxyz,c49792780106ebaaa3c467f9810f4165df8c48d08b0ddebb5f8f670576e6e2dd,257581568,/mnt/lis-wam-data/dxl/mattergen_v1/experiments/corrector_residual_distillation_formal256/generation/V2_Frozen_Atomic75_Late30/67028/run_summary.json,441d804b638b5279e376432e08365070411bbd8c1decd3408688021f016ef42a,41.57937926535623,0.7,300,67028,True
0,0,,0,01dd3e86805165412e0810e2a77a4756f8e1020f3ff2707c74af0a3f88a1bb8e,0.0,,0,EuPt3,0.0,123.29852713318542,0,0,2000,C0,0,0,12,/mnt/lis-wam-data/dxl/mattergen_v1/experiments/corrector_residual_distillation_formal256/generation/C0/67029/generated_crystals.extxyz,1d26a56d2559b640339a3f86f0e828e09bf44738c2b607ab5bad8825ce212a81,315482624,/mnt/lis-wam-data/dxl/mattergen_v1/experiments/corrector_residual_distillation_formal256/generation/C0/67029/run_summary.json,a7191750090d1ef7bc165624cfe4a41dc09da7f29ae7e31f525970a32f9431d4,29.197429066701893,0.0,1000,67029,True
375,700,a2fd0f17c27b760958b60c1d1386577883635a34fb2101eb08e38fd8472702c7,325,01dd3e86805165412e0810e2a77a4756f8e1020f3ff2707c74af0a3f88a1bb8e,0.375,,625,Eu4SbPt,0.1875,98.91064183204435,0,300,1625,V2_Frozen_Atomic75_Late30,0,0,12,/mnt/lis-wam-data/dxl/mattergen_v1/experiments/corrector_residual_distillation_formal256/generation/V2_Frozen_Atomic75_Late30/67029/generated_crystals.extxyz,8532e6f3fefd3be0fa2a3d6bb36422973aae59f6e6a8e58f5d3654f627f9456b,316087808,/mnt/lis-wam-data/dxl/mattergen_v1/experiments/corrector_residual_distillation_formal256/generation/V2_Frozen_Atomic75_Late30/67029/run_summary.json,88a851ec99ccad16c7f1b21ce66ddc02cc295bf0060cf165f8f5d5f2cf80bf27,36.3964881161422,0.375,625,67029,True
0,0,,0,01dd3e86805165412e0810e2a77a4756f8e1020f3ff2707c74af0a3f88a1bb8e,0.0,,0,Eu2InGe2,0.0,120.08448456809856,0,0,2000,C0,0,0,5,/mnt/lis-wam-data/dxl/mattergen_v1/experiments/corrector_residual_distillation_formal256/generation/C0/67030/generated_crystals.extxyz,24b2b7d76e40e23cd6f02cef995ca6d0e4c2b068d9f0ce7a295a629e7d6f7bc2,264923648,/mnt/lis-wam-data/dxl/mattergen_v1/experiments/corrector_residual_distillation_formal256/generation/C0/67030/run_summary.json,7238673dbfeffc01eb86bee69ac57aea7c567c49eec2f0c1dd1491e0c9ecfb18,29.978893717601633,0.0,1000,67030,True
639,700,a2fd0f17c27b760958b60c1d1386577883635a34fb2101eb08e38fd8472702c7,61,01dd3e86805165412e0810e2a77a4756f8e1020f3ff2707c74af0a3f88a1bb8e,0.639,,361,EuGd2InN,0.3195,91.03918869514018,0,300,1361,V2_Frozen_Atomic75_Late30,0,0,5,/mnt/lis-wam-data/dxl/mattergen_v1/experiments/corrector_residual_distillation_formal256/generation/V2_Frozen_Atomic75_Late30/67030/generated_crystals.extxyz,0fb26f7bc45d3dbdce8376de80675c8bde16ad8b61113e31253b957e1b84e454,264628736,/mnt/lis-wam-data/dxl/mattergen_v1/experiments/corrector_residual_distillation_formal256/generation/V2_Frozen_Atomic75_Late30/67030/run_summary.json,2d2a68f5dd256c9c36e55bc78182fd5ce3368c11f585c4337af6e0d6440c7f61,39.54341038841193,0.639,361,67030,True
0,0,,0,01dd3e86805165412e0810e2a77a4756f8e1020f3ff2707c74af0a3f88a1bb8e,0.0,,0,Eu2F7,0.0,112.88974393904209,0,0,2000,C0,0,0,18,/mnt/lis-wam-data/dxl/mattergen_v1/experiments/corrector_residual_distillation_formal256/generation/C0/67031/generated_crystals.extxyz,cd538c832b88153bd0be2815d2ac86b2867c8a2bad0dcbf30e84a2202795c733,360844800,/mnt/lis-wam-data/dxl/mattergen_v1/experiments/corrector_residual_distillation_formal256/generation/C0/67031/run_summary.json,bc91d253a32ffa1ea6c0d60dfaf0aa4cdea242acb156a822a579f182f9ba76f9,31.889522239893807,0.0,1000,67031,True
336,700,a2fd0f17c27b760958b60c1d1386577883635a34fb2101eb08e38fd8472702c7,364,01dd3e86805165412e0810e2a77a4756f8e1020f3ff2707c74af0a3f88a1bb8e,0.336,,664,Mn6OF11,0.168,102.00270600686781,0,300,1664,V2_Frozen_Atomic75_Late30,0,0,18,/mnt/lis-wam-data/dxl/mattergen_v1/experiments/corrector_residual_distillation_formal256/generation/V2_Frozen_Atomic75_Late30/67031/generated_crystals.extxyz,4136f5b1b378babb2925cddbedd3927e5eb817b770cc75682972a303ba4fb2fd,358817792,/mnt/lis-wam-data/dxl/mattergen_v1/experiments/corrector_residual_distillation_formal256/generation/V2_Frozen_Atomic75_Late30/67031/run_summary.json,37856f059f3ad0f59376f4e1ba0dc069f89ff81d0cd365e2b5595b7c880ffe58,35.2931813373423,0.336,664,67031,True
0,0,,0,01dd3e86805165412e0810e2a77a4756f8e1020f3ff2707c74af0a3f88a1bb8e,0.0,,0,LiEu2Zn,0.0,112.7979273928795,0,0,2000,C0,0,0,4,/mnt/lis-wam-data/dxl/mattergen_v1/experiments/corrector_residual_distillation_formal256/generation/C0/67032/generated_crystals.extxyz,c491dcfdc60fc91fc8231980e7261f14eb3f6bb4a09f3f79e2b077bc22beb619,257713664,/mnt/lis-wam-data/dxl/mattergen_v1/experiments/corrector_residual_distillation_formal256/generation/C0/67032/run_summary.json,ad9e1f514a38fbaa34e857a250bfe513a25196ef0e2b48b06bb914611dcf3c3a,31.915480037687768,0.0,1000,67032,True
700,700,a2fd0f17c27b760958b60c1d1386577883635a34fb2101eb08e38fd8472702c7,0,01dd3e86805165412e0810e2a77a4756f8e1020f3ff2707c74af0a3f88a1bb8e,0.7,,300,LiEu3,0.35,85.94861878408119,0,300,1300,V2_Frozen_Atomic75_Late30,0,0,4,/mnt/lis-wam-data/dxl/mattergen_v1/experiments/corrector_residual_distillation_formal256/generation/V2_Frozen_Atomic75_Late30/67032/generated_crystals.extxyz,b5570ad0c1497e3abf4809ffd4422668c2387d34a7831895eb1ec1e8ee78e034,258184192,/mnt/lis-wam-data/dxl/mattergen_v1/experiments/corrector_residual_distillation_formal256/generation/V2_Frozen_Atomic75_Late30/67032/run_summary.json,703f07795bccf9f4055aca38b3a627fcb93744e890c65341ef34321c4debe527,41.885489853465415,0.7,300,67032,True
0,0,,0,01dd3e86805165412e0810e2a77a4756f8e1020f3ff2707c74af0a3f88a1bb8e,0.0,,0,FeCoAu,0.0,112.3410282889381,0,0,2000,C0,0,0,3,/mnt/lis-wam-data/dxl/mattergen_v1/experiments/corrector_residual_distillation_formal256/generation/C0/67033/generated_crystals.extxyz,378c1eba5672405b42b25406590d0501f0d4742109d1c999b34c6cb632d0890a,251191296,/mnt/lis-wam-data/dxl/mattergen_v1/experiments/corrector_residual_distillation_formal256/generation/C0/67033/run_summary.json,88011f000f8a5b8a5e9eeb7a4e225b70b0c41acd9d774ea107c441622a57c378,32.04528260806815,0.0,1000,67033,True
699,700,a2fd0f17c27b760958b60c1d1386577883635a34fb2101eb08e38fd8472702c7,1,01dd3e86805165412e0810e2a77a4756f8e1020f3ff2707c74af0a3f88a1bb8e,0.699,,301,Co2Ir,0.3495,81.63795797596686,0,300,1301,V2_Frozen_Atomic75_Late30,0,0,3,/mnt/lis-wam-data/dxl/mattergen_v1/experiments/corrector_residual_distillation_formal256/generation/V2_Frozen_Atomic75_Late30/67033/generated_crystals.extxyz,e9f3c6078197f6f7606649875f1be848f192899f524d6d9f93dcb7fc0bb40a07,250268672,/mnt/lis-wam-data/dxl/mattergen_v1/experiments/corrector_residual_distillation_formal256/generation/V2_Frozen_Atomic75_Late30/67033/run_summary.json,cacc123a02ee3644be4e2869e8faeb89a1a6a550e8c7cb1ac4cd3d7a943ee91c,44.0971343386589,0.699,301,67033,True
0,0,,0,01dd3e86805165412e0810e2a77a4756f8e1020f3ff2707c74af0a3f88a1bb8e,0.0,,0,HfFe3,0.0,112.48812081688084,0,0,2000,C0,0,0,8,/mnt/lis-wam-data/dxl/mattergen_v1/experiments/corrector_residual_distillation_formal256/generation/C0/67034/generated_crystals.extxyz,c110721194269d7f2aeeddb49b876d379312527cfdb247fd0b593cb883debf17,289264128,/mnt/lis-wam-data/dxl/mattergen_v1/experiments/corrector_residual_distillation_formal256/generation/C0/67034/run_summary.json,8b36bd631b6b997cb293d2152c41e92861c356bdff54518fe90f1351736c65aa,32.00337932447491,0.0,1000,67034,True
666,700,a2fd0f17c27b760958b60c1d1386577883635a34fb2101eb08e38fd8472702c7,34,01dd3e86805165412e0810e2a77a4756f8e1020f3ff2707c74af0a3f88a1bb8e,0.666,,334,HfFe7,0.333,82.53100363491103,0,300,1334,V2_Frozen_Atomic75_Late30,0,0,8,/mnt/lis-wam-data/dxl/mattergen_v1/experiments/corrector_residual_distillation_formal256/generation/V2_Frozen_Atomic75_Late30/67034/generated_crystals.extxyz,f276143dddefb6941ca5b8152d1dc21b7f813f7b010cb146af477814f4a36109,286424576,/mnt/lis-wam-data/dxl/mattergen_v1/experiments/corrector_residual_distillation_formal256/generation/V2_Frozen_Atomic75_Late30/67034/run_summary.json,21208de3cabe24defc7ddaee0ba32e0f9c3effe021f280b2b951181a0cc4e129,43.61997117986315,0.666,334,67034,True
0,0,,0,01dd3e86805165412e0810e2a77a4756f8e1020f3ff2707c74af0a3f88a1bb8e,0.0,,0,CaEuSn,0.0,112.72851507505402,0,0,2000,C0,0,0,12,/mnt/lis-wam-data/dxl/mattergen_v1/experiments/corrector_residual_distillation_formal256/generation/C0/67035/generated_crystals.extxyz,377e70732a26506aa39fbf01edd8f8ad7702c073aca67f8a82e5eb324fe9e35d,316042240,/mnt/lis-wam-data/dxl/mattergen_v1/experiments/corrector_residual_distillation_formal256/generation/C0/67035/run_summary.json,16e63e34899fba406d40cd75a4d348a7c5d7548356c7d12b1fc78d15723d0f6f,31.935131919400696,0.0,1000,67035,True
447,700,a2fd0f17c27b760958b60c1d1386577883635a34fb2101eb08e38fd8472702c7,253,01dd3e86805165412e0810e2a77a4756f8e1020f3ff2707c74af0a3f88a1bb8e,0.447,,553,EuNiSn,0.2235,102.64332851697691,0,300,1553,V2_Frozen_Atomic75_Late30,0,0,12,/mnt/lis-wam-data/dxl/mattergen_v1/experiments/corrector_residual_distillation_formal256/generation/V2_Frozen_Atomic75_Late30/67035/generated_crystals.extxyz,cee52bfa0d5c7ad7c8c94aa3bef3a585347870440b662fe95897be5de1bf9fbb,317058560,/mnt/lis-wam-data/dxl/mattergen_v1/experiments/corrector_residual_distillation_formal256/generation/V2_Frozen_Atomic75_Late30/67035/run_summary.json,d4009ed761c5655ac5b26914719c074cc97bf8f53d1f474b8954490e296ca3bc,35.07290782570998,0.447,553,67035,True
0,0,,0,01dd3e86805165412e0810e2a77a4756f8e1020f3ff2707c74af0a3f88a1bb8e,0.0,,0,MnAlFe5C,0.0,116.23798713297583,0,0,2000,C0,0,0,16,/mnt/lis-wam-data/dxl/mattergen_v1/experiments/corrector_residual_distillation_formal256/generation/C0/67036/generated_crystals.extxyz,2f397223fbeebee429422ce50b623bf1bdefa8f04912c079e1f93d10acdd3d25,348743680,/mnt/lis-wam-data/dxl/mattergen_v1/experiments/corrector_residual_distillation_formal256/generation/C0/67036/run_summary.json,2dd806d64492715b7e0b3d175e0914979732dc4e972505aab4df1833feb5fcb3,30.970942363976185,0.0,1000,67036,True
348,700,a2fd0f17c27b760958b60c1d1386577883635a34fb2101eb08e38fd8472702c7,352,01dd3e86805165412e0810e2a77a4756f8e1020f3ff2707c74af0a3f88a1bb8e,0.348,,652,Mn4GaFe7Ni3Ge,0.174,107.48087499500252,0,300,1652,V2_Frozen_Atomic75_Late30,0,0,16,/mnt/lis-wam-data/dxl/mattergen_v1/experiments/corrector_residual_distillation_formal256/generation/V2_Frozen_Atomic75_Late30/67036/generated_crystals.extxyz,9120a0dca73d729834d7b00980991effab74741f6e0af52d9d85f04499648854,344426496,/mnt/lis-wam-data/dxl/mattergen_v1/experiments/corrector_residual_distillation_formal256/generation/V2_Frozen_Atomic75_Late30/67036/run_summary.json,83ba43d102875db25bb66b2b173372d745e0c0dc8672582b751cac6a57e8d323,33.49433096974124,0.348,652,67036,True
0,0,,0,01dd3e86805165412e0810e2a77a4756f8e1020f3ff2707c74af0a3f88a1bb8e,0.0,,0,EuZn2Fe,0.0,112.70690736500546,0,0,2000,C0,0,0,4,/mnt/lis-wam-data/dxl/mattergen_v1/experiments/corrector_residual_distillation_formal256/generation/C0/67037/generated_crystals.extxyz,a3eb14ab08ac348dde51e78106c27b996a7e88a3f0a552093386ff8a07f1351d,257311744,/mnt/lis-wam-data/dxl/mattergen_v1/experiments/corrector_residual_distillation_formal256/generation/C0/67037/run_summary.json,4d5697f25c384b819153a5247ad8c8555a6f93a46fcf7b5954427c7bd986903d,31.941254393053903,0.0,1000,67037,True
700,700,a2fd0f17c27b760958b60c1d1386577883635a34fb2101eb08e38fd8472702c7,0,01dd3e86805165412e0810e2a77a4756f8e1020f3ff2707c74af0a3f88a1bb8e,0.7,,300,Eu2MgZn,0.35,81.22295181406662,0,300,1300,V2_Frozen_Atomic75_Late30,0,0,4,/mnt/lis-wam-data/dxl/mattergen_v1/experiments/corrector_residual_distillation_formal256/generation/V2_Frozen_Atomic75_Late30/67037/generated_crystals.extxyz,5ec699b3bde6610bceccab24e9365adcea2e4f71e7cd5155f3cf42150159569a,257058816,/mnt/lis-wam-data/dxl/mattergen_v1/experiments/corrector_residual_distillation_formal256/generation/V2_Frozen_Atomic75_Late30/67037/run_summary.json,589a2bba950a4bbdfdc844a1cdc0f3f1a583e8505e73b932c7f73ee9e46745fd,44.32244728363262,0.7,300,67037,True
0,0,,0,01dd3e86805165412e0810e2a77a4756f8e1020f3ff2707c74af0a3f88a1bb8e,0.0,,0,EuGd2O4,0.0,114.93638648907654,0,0,2000,C0,0,0,14,/mnt/lis-wam-data/dxl/mattergen_v1/experiments/corrector_residual_distillation_formal256/generation/C0/67038/generated_crystals.extxyz,61b054be8bcd81e50ab7b5b86985ca183e5e7ef30baaf93a9342f3b0eb5d0b90,328678912,/mnt/lis-wam-data/dxl/mattergen_v1/experiments/corrector_residual_distillation_formal256/generation/C0/67038/run_summary.json,99a92c36b1749a66648dc35420033c245c4dc8be6bfdb274466ec6eca85c8b2d,31.32167375335174,0.0,1000,67038,True
558,700,a2fd0f17c27b760958b60c1d1386577883635a34fb2101eb08e38fd8472702c7,142,01dd3e86805165412e0810e2a77a4756f8e1020f3ff2707c74af0a3f88a1bb8e,0.558,,442,Eu2Gd3NiO8,0.279,95.91243008687161,0,300,1442,V2_Frozen_Atomic75_Late30,0,0,14,/mnt/lis-wam-data/dxl/mattergen_v1/experiments/corrector_residual_distillation_formal256/generation/V2_Frozen_Atomic75_Late30/67038/generated_crystals.extxyz,a2ee635fc18290c589d49aa077b154760a83feba12bedad6efae3d42d36ec9b0,326998016,/mnt/lis-wam-data/dxl/mattergen_v1/experiments/corrector_residual_distillation_formal256/generation/V2_Frozen_Atomic75_Late30/67038/run_summary.json,eb017424b42886dfb7f9fc8958f3dfe84ff0be48b33111eef38fec42e9d6b5cb,37.534238228969286,0.558,442,67038,True
0,0,,0,01dd3e86805165412e0810e2a77a4756f8e1020f3ff2707c74af0a3f88a1bb8e,0.0,,0,Eu2InGa,0.0,114.84930460806936,0,0,2000,C0,0,0,4,/mnt/lis-wam-data/dxl/mattergen_v1/experiments/corrector_residual_distillation_formal256/generation/C0/67039/generated_crystals.extxyz,daf3a1b04c31382d0cec91ace246b1fd64c160ca32e5e49b56f3b30da770cc18,257636864,/mnt/lis-wam-data/dxl/mattergen_v1/experiments/corrector_residual_distillation_formal256/generation/C0/67039/run_summary.json,4b660a8ced7773b0f4f81c1cba387153c4f3ad23fa9400da03a21971898d6b94,31.3454227022552,0.0,1000,67039,True
700,700,a2fd0f17c27b760958b60c1d1386577883635a34fb2101eb08e38fd8472702c7,0,01dd3e86805165412e0810e2a77a4756f8e1020f3ff2707c74af0a3f88a1bb8e,0.7,,300,NaEu2P,0.35,79.11424467200413,0,300,1300,V2_Frozen_Atomic75_Late30,0,0,4,/mnt/lis-wam-data/dxl/mattergen_v1/experiments/corrector_residual_distillation_formal256/generation/V2_Frozen_Atomic75_Late30/67039/generated_crystals.extxyz,4bd63eaccba7fed1ec92274532f0636222d7d9e1874f81a71dc510b0232bafc2,257034752,/mnt/lis-wam-data/dxl/mattergen_v1/experiments/corrector_residual_distillation_formal256/generation/V2_Frozen_Atomic75_Late30/67039/run_summary.json,b38a7e8e4d3aeacfefbee948b71f1de6166ff480879e3cf14b6d7c7d918c2894,45.50381558877372,0.7,300,67039,True
0,0,,0,01dd3e86805165412e0810e2a77a4756f8e1020f3ff2707c74af0a3f88a1bb8e,0.0,,0,Eu2GdF6,0.0,121.95202409708872,0,0,2000,C0,0,0,9,/mnt/lis-wam-data/dxl/mattergen_v1/experiments/corrector_residual_distillation_formal256/generation/C0/67040/generated_crystals.extxyz,fe55c7f64136a48b78d478c8799e153e69c3a4c79a66f0e002d48581db1a8e27,294124544,/mnt/lis-wam-data/dxl/mattergen_v1/experiments/corrector_residual_distillation_formal256/generation/C0/67040/run_summary.json,84a2e92dc89d5a08b9f052f912b6ace05cb3ee247108437d9989894855b45b1f,29.519805240247262,0.0,1000,67040,True
512,700,a2fd0f17c27b760958b60c1d1386577883635a34fb2101eb08e38fd8472702c7,188,01dd3e86805165412e0810e2a77a4756f8e1020f3ff2707c74af0a3f88a1bb8e,0.512,,488,Eu2GdF6,0.256,90.51003563497216,0,300,1488,V2_Frozen_Atomic75_Late30,0,0,9,/mnt/lis-wam-data/dxl/mattergen_v1/experiments/corrector_residual_distillation_formal256/generation/V2_Frozen_Atomic75_Late30/67040/generated_crystals.extxyz,74537087b36ff98e47678676a2c07d4218479b13017faf1d5c91c691bd8f0382,295920128,/mnt/lis-wam-data/dxl/mattergen_v1/experiments/corrector_residual_distillation_formal256/generation/V2_Frozen_Atomic75_Late30/67040/run_summary.json,41d6d510a8238c47f99f831b87f5e196e5d84468804b2c950092031174c7eb99,39.77459488049297,0.512,488,67040,True
0,0,,0,01dd3e86805165412e0810e2a77a4756f8e1020f3ff2707c74af0a3f88a1bb8e,0.0,,0,FeCo,0.0,112.4814966940321,0,0,2000,C0,0,0,8,/mnt/lis-wam-data/dxl/mattergen_v1/experiments/corrector_residual_distillation_formal256/generation/C0/67041/generated_crystals.extxyz,a80828ea8661a8c1e7281cfeab2669c411617b6c7e8b0e521d71ef42ce7b3741,287681024,/mnt/lis-wam-data/dxl/mattergen_v1/experiments/corrector_residual_distillation_formal256/generation/C0/67041/run_summary.json,07a6dbe6ea121a1516b4099dac93d6f5d0df2405cb1a9bbcadf406400e3134f4,32.00526402838134,0.0,1000,67041,True
497,700,a2fd0f17c27b760958b60c1d1386577883635a34fb2101eb08e38fd8472702c7,203,01dd3e86805165412e0810e2a77a4756f8e1020f3ff2707c74af0a3f88a1bb8e,0.497,,503,Fe3Ir,0.2485,91.73802880197763,0,300,1503,V2_Frozen_Atomic75_Late30,0,0,8,/mnt/lis-wam-data/dxl/mattergen_v1/experiments/corrector_residual_distillation_formal256/generation/V2_Frozen_Atomic75_Late30/67041/generated_crystals.extxyz,07c850ca7eb330cf4050006ea9fa823f0463748c75cd3edccdb3a4b5f7f281e0,287200256,/mnt/lis-wam-data/dxl/mattergen_v1/experiments/corrector_residual_distillation_formal256/generation/V2_Frozen_Atomic75_Late30/67041/run_summary.json,b0de5602f45914cdbd4f6c088cac9ad94927688fc11844480b8d0ea307150e7c,39.24217739374833,0.497,503,67041,True
0,0,,0,01dd3e86805165412e0810e2a77a4756f8e1020f3ff2707c74af0a3f88a1bb8e,0.0,,0,EuSiNi,0.0,112.38093923404813,0,0,2000,C0,0,0,12,/mnt/lis-wam-data/dxl/mattergen_v1/experiments/corrector_residual_distillation_formal256/generation/C0/67042/generated_crystals.extxyz,cb4d095dca01a27d35b04e43c4f4beab1e2b5b513dcd56382d9030a150b3ae6a,315094016,/mnt/lis-wam-data/dxl/mattergen_v1/experiments/corrector_residual_distillation_formal256/generation/C0/67042/run_summary.json,da364f9c076449d46d45664f10f42b333d0c3da0c60e0569638cd2607f0a6398,32.03390205257606,0.0,1000,67042,True
584,700,a2fd0f17c27b760958b60c1d1386577883635a34fb2101eb08e38fd8472702c7,116,01dd3e86805165412e0810e2a77a4756f8e1020f3ff2707c74af0a3f88a1bb8e,0.584,,416,Eu7TlPt4,0.292,86.37804270302877,0,300,1416,V2_Frozen_Atomic75_Late30,0,0,12,/mnt/lis-wam-data/dxl/mattergen_v1/experiments/corrector_residual_distillation_formal256/generation/V2_Frozen_Atomic75_Late30/67042/generated_crystals.extxyz,8567b0e301f2cd44f96bce3a8385b0d59b316e367dcefb3a917de7767d9974e3,317271552,/mnt/lis-wam-data/dxl/mattergen_v1/experiments/corrector_residual_distillation_formal256/generation/V2_Frozen_Atomic75_Late30/67042/run_summary.json,9e49489dd9737b30420e7db8207566be1b292856cabc0647247c868016c98732,41.67725833261755,0.584,416,67042,True
0,0,,0,01dd3e86805165412e0810e2a77a4756f8e1020f3ff2707c74af0a3f88a1bb8e,0.0,,0,LiEu2Cd,0.0,117.84010069305077,0,0,2000,C0,0,0,4,/mnt/lis-wam-data/dxl/mattergen_v1/experiments/corrector_residual_distillation_formal256/generation/C0/67043/generated_crystals.extxyz,364a806bf5942292ac825ee35764ed2f9c7c4f2065c70a7a592109fb0cfb9fec,257122816,/mnt/lis-wam-data/dxl/mattergen_v1/experiments/corrector_residual_distillation_formal256/generation/C0/67043/run_summary.json,f09840a9e9aec422bd0c4880f07c0109fca9c59aaf0fc695710654dec10a2316,30.54987206245911,0.0,1000,67043,True
700,700,a2fd0f17c27b760958b60c1d1386577883635a34fb2101eb08e38fd8472702c7,0,01dd3e86805165412e0810e2a77a4756f8e1020f3ff2707c74af0a3f88a1bb8e,0.7,,300,FeNi,0.35,86.44942117901519,0,300,1300,V2_Frozen_Atomic75_Late30,0,0,4,/mnt/lis-wam-data/dxl/mattergen_v1/experiments/corrector_residual_distillation_formal256/generation/V2_Frozen_Atomic75_Late30/67043/generated_crystals.extxyz,7fe0a90ce76456c93b8b54be7be5126a85dbcb46a91f3ca89bea185b9171d5f0,259102720,/mnt/lis-wam-data/dxl/mattergen_v1/experiments/corrector_residual_distillation_formal256/generation/V2_Frozen_Atomic75_Late30/67043/run_summary.json,3458ade7e6432246dd8945c346820d6ecb877af10f2e4f5c19135c0c8577fe2e,41.642846775634254,0.7,300,67043,True
0,0,,0,01dd3e86805165412e0810e2a77a4756f8e1020f3ff2707c74af0a3f88a1bb8e,0.0,,0,Eu2PdAu,0.0,114.3766177771613,0,0,2000,C0,0,0,4,/mnt/lis-wam-data/dxl/mattergen_v1/experiments/corrector_residual_distillation_formal256/generation/C0/67044/generated_crystals.extxyz,72ee2c74000a2fe2561035d27820259c92841316abf0b648b4c35691d0ad6b91,259206144,/mnt/lis-wam-data/dxl/mattergen_v1/experiments/corrector_residual_distillation_formal256/generation/C0/67044/run_summary.json,d60ce6c1994a1d81d244a4b4dda5800ca2cd086f09d323ac3fad74fcb2b62aac,31.474964638435456,0.0,1000,67044,True
700,700,a2fd0f17c27b760958b60c1d1386577883635a34fb2101eb08e38fd8472702c7,0,01dd3e86805165412e0810e2a77a4756f8e1020f3ff2707c74af0a3f88a1bb8e,0.7,,300,Eu2CuP,0.35,81.19813725398853,0,300,1300,V2_Frozen_Atomic75_Late30,0,0,4,/mnt/lis-wam-data/dxl/mattergen_v1/experiments/corrector_residual_distillation_formal256/generation/V2_Frozen_Atomic75_Late30/67044/generated_crystals.extxyz,7b2e03566ccaacc2fb64d40fdae46cf9bffdbcbb87ad219e73159ea8c3836c68,257033728,/mnt/lis-wam-data/dxl/mattergen_v1/experiments/corrector_residual_distillation_formal256/generation/V2_Frozen_Atomic75_Late30/67044/run_summary.json,e89ee870e05aa626afca2346f5ca5c5871bdb3ff22a1061740db3e47f803ca6b,44.335992446959295,0.7,300,67044,True
0,0,,0,01dd3e86805165412e0810e2a77a4756f8e1020f3ff2707c74af0a3f88a1bb8e,0.0,,0,LiEu2CO3,0.0,113.63817209703848,0,0,2000,C0,0,0,7,/mnt/lis-wam-data/dxl/mattergen_v1/experiments/corrector_residual_distillation_formal256/generation/C0/67045/generated_crystals.extxyz,95f1eb165101d1ceda725236f00bce4945cffd9db687c24fc8bbf259cfc9d7e4,280162816,/mnt/lis-wam-data/dxl/mattergen_v1/experiments/corrector_residual_distillation_formal256/generation/C0/67045/run_summary.json,f6d9580b633e74abd977ca801f0065bb3e25a1397ff39e298ca8f64a0172abd1,31.679495838122687,0.0,1000,67045,True
671,700,a2fd0f17c27b760958b60c1d1386577883635a34fb2101eb08e38fd8472702c7,29,01dd3e86805165412e0810e2a77a4756f8e1020f3ff2707c74af0a3f88a1bb8e,0.671,,329,Eu3COF2,0.3355,81.0358463730663,0,300,1329,V2_Frozen_Atomic75_Late30,0,0,7,/mnt/lis-wam-data/dxl/mattergen_v1/experiments/corrector_residual_distillation_formal256/generation/V2_Frozen_Atomic75_Late30/67045/generated_crystals.extxyz,a1035880ee4c389f41bc3fac6dc00c0be4fca7b3dd25f79958972d040909f79f,280111616,/mnt/lis-wam-data/dxl/mattergen_v1/experiments/corrector_residual_distillation_formal256/generation/V2_Frozen_Atomic75_Late30/67045/run_summary.json,78ca8b1d3d4a61d6875eb8abc5e4b8b22f8d1afdb20e0a90999ec81b2226c19a,44.42478435316897,0.671,329,67045,True
0,0,,0,01dd3e86805165412e0810e2a77a4756f8e1020f3ff2707c74af0a3f88a1bb8e,0.0,,0,Mn3GeO6,0.0,112.99012293992564,0,0,2000,C0,0,0,10,/mnt/lis-wam-data/dxl/mattergen_v1/experiments/corrector_residual_distillation_formal256/generation/C0/67046/generated_crystals.extxyz,ba88bfd38b334a6ee774ecf8b21e2d987ceb8d618e3f7a044789a5e3cdf6cb94,303128064,/mnt/lis-wam-data/dxl/mattergen_v1/experiments/corrector_residual_distillation_formal256/generation/C0/67046/run_summary.json,d9ee00f16a0e39eae1f300489fe0c645d04d6cee9def8b85e8292948c2d41eba,31.861191990330347,0.0,1000,67046,True
587,700,a2fd0f17c27b760958b60c1d1386577883635a34fb2101eb08e38fd8472702c7,113,01dd3e86805165412e0810e2a77a4756f8e1020f3ff2707c74af0a3f88a1bb8e,0.587,,413,KEu2O2,0.2935,87.94599676388316,0,300,1413,V2_Frozen_Atomic75_Late30,0,0,10,/mnt/lis-wam-data/dxl/mattergen_v1/experiments/corrector_residual_distillation_formal256/generation/V2_Frozen_Atomic75_Late30/67046/generated_crystals.extxyz,26bdf2d6abeff500b3c35300686dabaad721282e685b318b128bcbc8d359f56e,303305216,/mnt/lis-wam-data/dxl/mattergen_v1/experiments/corrector_residual_distillation_formal256/generation/V2_Frozen_Atomic75_Late30/67046/run_summary.json,24545a9b1027e2af990ee77a7a3f40b027c93ffd43d56644988dcd331fc77293,40.93421113487697,0.587,413,67046,True
0,0,,0,01dd3e86805165412e0810e2a77a4756f8e1020f3ff2707c74af0a3f88a1bb8e,0.0,,0,Eu2Fe3SO5,0.0,121.28453183011152,0,0,2000,C0,0,0,11,/mnt/lis-wam-data/dxl/mattergen_v1/experiments/corrector_residual_distillation_formal256/generation/C0/67047/generated_crystals.extxyz,5d6de23f4d22b4662267789dbd5b8c790fd69ea1d840298c24a31ed2f4246699,308145664,/mnt/lis-wam-data/dxl/mattergen_v1/experiments/corrector_residual_distillation_formal256/generation/C0/67047/run_summary.json,2b43344da0b7c4a3f1ccb6d7f6ea2fdf8359bd690ade3653be2b6744249817c2,29.682268181095637,0.0,1000,67047,True
651,700,a2fd0f17c27b760958b60c1d1386577883635a34fb2101eb08e38fd8472702c7,49,01dd3e86805165412e0810e2a77a4756f8e1020f3ff2707c74af0a3f88a1bb8e,0.651,,349,Eu2TlFe3S2O3,0.3255,84.2787068800535,0,300,1349,V2_Frozen_Atomic75_Late30,0,0,11,/mnt/lis-wam-data/dxl/mattergen_v1/experiments/corrector_residual_distillation_formal256/generation/V2_Frozen_Atomic75_Late30/67047/generated_crystals.extxyz,41239ad0b38234e8272fe6a95b57b35ab818a898355e51bc131c702bc5d45af0,310214144,/mnt/lis-wam-data/dxl/mattergen_v1/experiments/corrector_residual_distillation_formal256/generation/V2_Frozen_Atomic75_Late30/67047/run_summary.json,8b1753ce4d730e549c17b6f206e4b323904a04e249f59650fbe0d21a6e615559,42.71541571139154,0.651,349,67047,True
0,0,,0,01dd3e86805165412e0810e2a77a4756f8e1020f3ff2707c74af0a3f88a1bb8e,0.0,,0,Fe3O3F2,0.0,113.86924604792148,0,0,2000,C0,0,0,16,/mnt/lis-wam-data/dxl/mattergen_v1/experiments/corrector_residual_distillation_formal256/generation/C0/67048/generated_crystals.extxyz,491259425547763567f6e98fa507b1236b177b638763958bbb196536c4553e73,345500160,/mnt/lis-wam-data/dxl/mattergen_v1/experiments/corrector_residual_distillation_formal256/generation/C0/67048/run_summary.json,7f04aff27fa863631d526dba85eebee0de38da9db6ee972455f6955e792a4f33,31.615208890422902,0.0,1000,67048,True
563,700,a2fd0f17c27b760958b60c1d1386577883635a34fb2101eb08e38fd8472702c7,137,01dd3e86805165412e0810e2a77a4756f8e1020f3ff2707c74af0a3f88a1bb8e,0.563,,437,Fe5H3O7F,0.2815,88.78375584213063,0,300,1437,V2_Frozen_Atomic75_Late30,0,0,16,/mnt/lis-wam-data/dxl/mattergen_v1/experiments/corrector_residual_distillation_formal256/generation/V2_Frozen_Atomic75_Late30/67048/generated_crystals.extxyz,13b3103f1b09e3ab4937349c1dc00c79916d569150d552205d6d288fba0bfe4c,344895488,/mnt/lis-wam-data/dxl/mattergen_v1/experiments/corrector_residual_distillation_formal256/generation/V2_Frozen_Atomic75_Late30/67048/run_summary.json,ae5299ce381b87c4fea44db10b86f8bc1c9dfccb287fa853ef5333ededc1777d,40.547957966559565,0.563,437,67048,True
0,0,,0,01dd3e86805165412e0810e2a77a4756f8e1020f3ff2707c74af0a3f88a1bb8e,0.0,,0,Eu2HgAu,0.0,121.45501716807485,0,0,2000,C0,0,0,4,/mnt/lis-wam-data/dxl/mattergen_v1/experiments/corrector_residual_distillation_formal256/generation/C0/67049/generated_crystals.extxyz,da0e2f36ca8c2d36a44fa3b66ae7fb7b701ca8e7aef27a6eeb860091396ae75d,257148416,/mnt/lis-wam-data/dxl/mattergen_v1/experiments/corrector_residual_distillation_formal256/generation/C0/67049/run_summary.json,6a86a3a4a13263891ff9e2976e420d87f34aa7737ee90e96f342033c250a6f5c,29.640603442656964,0.0,1000,67049,True
700,700,a2fd0f17c27b760958b60c1d1386577883635a34fb2101eb08e38fd8472702c7,0,01dd3e86805165412e0810e2a77a4756f8e1020f3ff2707c74af0a3f88a1bb8e,0.7,,300,Eu2TlAu,0.35,79.41930883703753,0,300,1300,V2_Frozen_Atomic75_Late30,0,0,4,/mnt/lis-wam-data/dxl/mattergen_v1/experiments/corrector_residual_distillation_formal256/generation/V2_Frozen_Atomic75_Late30/67049/generated_crystals.extxyz,34e8459826d080cebdafc4c04eb505ce7344084b51198637143180e4d29f5000,257906688,/mnt/lis-wam-data/dxl/mattergen_v1/experiments/corrector_residual_distillation_formal256/generation/V2_Frozen_Atomic75_Late30/67049/run_summary.json,00c310535489afd0b6d28100daacd2026362c6f79af088830ed87d709500371f,45.329027068051296,0.7,300,67049,True
0,0,,0,01dd3e86805165412e0810e2a77a4756f8e1020f3ff2707c74af0a3f88a1bb8e,0.0,,0,Eu9P2Pd4O3,0.0,113.9887629461009,0,0,2000,C0,0,0,18,/mnt/lis-wam-data/dxl/mattergen_v1/experiments/corrector_residual_distillation_formal256/generation/C0/67050/generated_crystals.extxyz,62ebfaaecf9f18125ec14e0b7495f66a74b176112682e83c3b96ceaccc4de0fb,360236032,/mnt/lis-wam-data/dxl/mattergen_v1/experiments/corrector_residual_distillation_formal256/generation/C0/67050/run_summary.json,054960aeac6851ce922e852596eb702ee3688e17c2d3ca945e945bc1d4ea0b1f,31.582060432590573,0.0,1000,67050,True
494,700,a2fd0f17c27b760958b60c1d1386577883635a34fb2101eb08e38fd8472702c7,206,01dd3e86805165412e0810e2a77a4756f8e1020f3ff2707c74af0a3f88a1bb8e,0.494,,506,Mn7O9F2,0.247,92.61670590983704,0,300,1506,V2_Frozen_Atomic75_Late30,0,0,18,/mnt/lis-wam-data/dxl/mattergen_v1/experiments/corrector_residual_distillation_formal256/generation/V2_Frozen_Atomic75_Late30/67050/generated_crystals.extxyz,4bfccbca86852c51e7c2bef460e335eecc1cdf9a3ece338176acef226a75fe0e,358195712,/mnt/lis-wam-data/dxl/mattergen_v1/experiments/corrector_residual_distillation_formal256/generation/V2_Frozen_Atomic75_Late30/67050/run_summary.json,f58f4e0556055a1bb8ca4f0115a82cb515d8860bb5440c71abec5427a0e2725f,38.869877357812996,0.494,506,67050,True
0,0,,0,01dd3e86805165412e0810e2a77a4756f8e1020f3ff2707c74af0a3f88a1bb8e,0.0,,0,Eu2TlZn,0.0,114.62095077103004,0,0,2000,C0,0,0,4,/mnt/lis-wam-data/dxl/mattergen_v1/experiments/corrector_residual_distillation_formal256/generation/C0/67051/generated_crystals.extxyz,6666c8cd61cd46157eaafadd4cff24b2fe7c69fd76afb7194c3c5ab2e37538aa,257762816,/mnt/lis-wam-data/dxl/mattergen_v1/experiments/corrector_residual_distillation_formal256/generation/C0/67051/run_summary.json,1fe7ae9adac77f10ae116c322d65d381473c9bed206695589dcc5625e1fb1008,31.407870688417677,0.0,1000,67051,True
699,700,a2fd0f17c27b760958b60c1d1386577883635a34fb2101eb08e38fd8472702c7,1,01dd3e86805165412e0810e2a77a4756f8e1020f3ff2707c74af0a3f88a1bb8e,0.699,,301,Fe3Ir,0.3495,80.92938317288645,0,300,1301,V2_Frozen_Atomic75_Late30,0,0,4,/mnt/lis-wam-data/dxl/mattergen_v1/experiments/corrector_residual_distillation_formal256/generation/V2_Frozen_Atomic75_Late30/67051/generated_crystals.extxyz,27b05a81be3844ac20052152442aab83b7f443fa18a20ff979116fe317a0da0e,257528832,/mnt/lis-wam-data/dxl/mattergen_v1/experiments/corrector_residual_distillation_formal256/generation/V2_Frozen_Atomic75_Late30/67051/run_summary.json,65d3c18b3ef37eaf568f15f288d90c74b42d54e82e3d8a389e2a69db737224f2,44.48322548448755,0.699,301,67051,True
0,0,,0,01dd3e86805165412e0810e2a77a4756f8e1020f3ff2707c74af0a3f88a1bb8e,0.0,,0,EuMgTl,0.0,114.49057400389574,0,0,2000,C0,0,0,12,/mnt/lis-wam-data/dxl/mattergen_v1/experiments/corrector_residual_distillation_formal256/generation/C0/67052/generated_crystals.extxyz,85278b7a558b7471697ba9f8e3bc65f12afce275f896b9ea6637e84a5de0212b,315012608,/mnt/lis-wam-data/dxl/mattergen_v1/experiments/corrector_residual_distillation_formal256/generation/C0/67052/run_summary.json,496594a74292ddbe6fbe1a9eae1573fc76061eb0bab3d30e8f836827d06f8701,31.443636572889428,0.0,1000,67052,True
629,700,a2fd0f17c27b760958b60c1d1386577883635a34fb2101eb08e38fd8472702c7,71,01dd3e86805165412e0810e2a77a4756f8e1020f3ff2707c74af0a3f88a1bb8e,0.629,,371,Eu2Ni,0.3145,85.78306047199294,0,300,1371,V2_Frozen_Atomic75_Late30,0,0,12,/mnt/lis-wam-data/dxl/mattergen_v1/experiments/corrector_residual_distillation_formal256/generation/V2_Frozen_Atomic75_Late30/67052/generated_crystals.extxyz,06367dbe3611b38e475928c2df5e48fc543739f0d8a58a2e8481a073c3caa8f2,315838976,/mnt/lis-wam-data/dxl/mattergen_v1/experiments/corrector_residual_distillation_formal256/generation/V2_Frozen_Atomic75_Late30/67052/run_summary.json,5216f264c339e732428243b9c19cb0d881e6c002053fa60722a63f3bf21bbc12,41.966327386691376,0.629,371,67052,True
0,0,,0,01dd3e86805165412e0810e2a77a4756f8e1020f3ff2707c74af0a3f88a1bb8e,0.0,,0,CrFeCo4,0.0,113.8789034159854,0,0,2000,C0,0,0,6,/mnt/lis-wam-data/dxl/mattergen_v1/experiments/corrector_residual_distillation_formal256/generation/C0/67053/generated_crystals.extxyz,aced2c1bd1a1f1f833c4cf8149fbf6f334ac4addda25d56d049eeef83a1d78f3,273368576,/mnt/lis-wam-data/dxl/mattergen_v1/experiments/corrector_residual_distillation_formal256/generation/C0/67053/run_summary.json,6735315dfee91f6bd631327498107d0e0c624330840a057139727c2a3dc73488,31.612527799373424,0.0,1000,67053,True
694,700,a2fd0f17c27b760958b60c1d1386577883635a34fb2101eb08e38fd8472702c7,6,01dd3e86805165412e0810e2a77a4756f8e1020f3ff2707c74af0a3f88a1bb8e,0.694,,306,FeCo2,0.347,86.82057131500915,0,300,1306,V2_Frozen_Atomic75_Late30,0,0,6,/mnt/lis-wam-data/dxl/mattergen_v1/experiments/corrector_residual_distillation_formal256/generation/V2_Frozen_Atomic75_Late30/67053/generated_crystals.extxyz,ab81257a864d3285fc6388b30e88cf2bde137ecc72b74bbbbff01f1b94e4f76f,273213952,/mnt/lis-wam-data/dxl/mattergen_v1/experiments/corrector_residual_distillation_formal256/generation/V2_Frozen_Atomic75_Late30/67053/run_summary.json,e43a549d2980a6a6243cf94d7152c757c77a4f80978fed9b95ef9a6d4abc8e41,41.46482734993992,0.694,306,67053,True
0,0,,0,01dd3e86805165412e0810e2a77a4756f8e1020f3ff2707c74af0a3f88a1bb8e,0.0,,0,Mn6InPt3,0.0,115.50492088403553,0,0,2000,C0,0,0,10,/mnt/lis-wam-data/dxl/mattergen_v1/experiments/corrector_residual_distillation_formal256/generation/C0/67054/generated_crystals.extxyz,f8c5086c807e04593ff49a6dbd2062c811f0817b7dad574734ab768287171b56,301671936,/mnt/lis-wam-data/dxl/mattergen_v1/experiments/corrector_residual_distillation_formal256/generation/C0/67054/run_summary.json,c16796fae8e285c15b2a893f52f018103df9d9392002ab967cd66ff0e5346fcc,31.16750327559051,0.0,1000,67054,True
450,700,a2fd0f17c27b760958b60c1d1386577883635a34fb2101eb08e38fd8472702c7,250,01dd3e86805165412e0810e2a77a4756f8e1020f3ff2707c74af0a3f88a1bb8e,0.45,,550,Eu2P2Br,0.225,93.91173412208445,0,300,1550,V2_Frozen_Atomic75_Late30,0,0,10,/mnt/lis-wam-data/dxl/mattergen_v1/experiments/corrector_residual_distillation_formal256/generation/V2_Frozen_Atomic75_Late30/67054/generated_crystals.extxyz,36bc65b06962c7857dee0a2914a1cdf3781d3bfaea40465089b52f6011cedc43,300062208,/mnt/lis-wam-data/dxl/mattergen_v1/experiments/corrector_residual_distillation_formal256/generation/V2_Frozen_Atomic75_Late30/67054/run_summary.json,2879c03849de87f77cc54ab947185403a67dec37ef6c417042df22c01d6d7123,38.33386779249578,0.45,550,67054,True
0,0,,0,01dd3e86805165412e0810e2a77a4756f8e1020f3ff2707c74af0a3f88a1bb8e,0.0,,0,EuMn2CrPO7,0.0,114.93690695799887,0,0,2000,C0,0,0,12,/mnt/lis-wam-data/dxl/mattergen_v1/experiments/corrector_residual_distillation_formal256/generation/C0/67055/generated_crystals.extxyz,6b18a4f6cf01c77bf4adc5678be2cd23dcf90bc5d5429ce5ceab20349352ae7f,315597824,/mnt/lis-wam-data/dxl/mattergen_v1/experiments/corrector_residual_distillation_formal256/generation/C0/67055/run_summary.json,392cc4ab21643ed84e7a5e1b4648d7b4631e81b0e4e22bfab22153ecda30c285,31.321531919381993,0.0,1000,67055,True
660,700,a2fd0f17c27b760958b60c1d1386577883635a34fb2101eb08e38fd8472702c7,40,01dd3e86805165412e0810e2a77a4756f8e1020f3ff2707c74af0a3f88a1bb8e,0.66,,340,Eu2MnO3,0.33,82.4338279098738,0,300,1340,V2_Frozen_Atomic75_Late30,0,0,12,/mnt/lis-wam-data/dxl/mattergen_v1/experiments/corrector_residual_distillation_formal256/generation/V2_Frozen_Atomic75_Late30/67055/generated_crystals.extxyz,49ac483d0d33fdd6f847f54cab4ea70a17722c722c95be0884e9893b1fbfe2f3,315184128,/mnt/lis-wam-data/dxl/mattergen_v1/experiments/corrector_residual_distillation_formal256/generation/V2_Frozen_Atomic75_Late30/67055/run_summary.json,1bc1221f880444602920a05b8eeed7571882dc290ef0c56f7d38afb43c9997a4,43.67139184578371,0.66,340,67055,True
0,0,,0,01dd3e86805165412e0810e2a77a4756f8e1020f3ff2707c74af0a3f88a1bb8e,0.0,,0,CaEu2Pb,0.0,120.49875280284323,0,0,2000,C0,0,0,4,/mnt/lis-wam-data/dxl/mattergen_v1/experiments/corrector_residual_distillation_formal256/generation/C0/67056/generated_crystals.extxyz,aced1e3209d98438defaf85ff95633ceeb532e5cba4d98c1e28861406b0c9cea,257764864,/mnt/lis-wam-data/dxl/mattergen_v1/experiments/corrector_residual_distillation_formal256/generation/C0/67056/run_summary.json,90f592361bd382caf9359c9a5d139659bb62b6c4eadd7b6695f3a1efc3890b17,29.875827892511236,0.0,1000,67056,True
700,700,a2fd0f17c27b760958b60c1d1386577883635a34fb2101eb08e38fd8472702c7,0,01dd3e86805165412e0810e2a77a4756f8e1020f3ff2707c74af0a3f88a1bb8e,0.7,,300,NaEu2Pb,0.35,86.54243905004114,0,300,1300,V2_Frozen_Atomic75_Late30,0,0,4,/mnt/lis-wam-data/dxl/mattergen_v1/experiments/corrector_residual_distillation_formal256/generation/V2_Frozen_Atomic75_Late30/67056/generated_crystals.extxyz,6a520c6e1f70eab590e2e704e9cd48b987f0700cb74fa0a0667665461116fc59,257527808,/mnt/lis-wam-data/dxl/mattergen_v1/experiments/corrector_residual_distillation_formal256/generation/V2_Frozen_Atomic75_Late30/67056/run_summary.json,0f815fb88c1a5d952f2ea185aaa57b7ca0aabaf0e418723fdcc63eeb56e46ecf,41.59808805386666,0.7,300,67056,True
0,0,,0,01dd3e86805165412e0810e2a77a4756f8e1020f3ff2707c74af0a3f88a1bb8e,0.0,,0,La3Eu3Gd2O12,0.0,116.18533465312794,0,0,2000,C0,0,0,20,/mnt/lis-wam-data/dxl/mattergen_v1/experiments/corrector_residual_distillation_formal256/generation/C0/67057/generated_crystals.extxyz,605b0a6a49fdbac6d8695a481c9ebcf0d0ed0b2bb83a647c7d1b396607e59ef3,371150336,/mnt/lis-wam-data/dxl/mattergen_v1/experiments/corrector_residual_distillation_formal256/generation/C0/67057/run_summary.json,27d86516e99bbbe715c084bf665bce804265b9f7a90bed49603fb9beb138ead4,30.98497767164697,0.0,1000,67057,True
655,700,a2fd0f17c27b760958b60c1d1386577883635a34fb2101eb08e38fd8472702c7,45,01dd3e86805165412e0810e2a77a4756f8e1020f3ff2707c74af0a3f88a1bb8e,0.655,,345,PrEu2Fe5O12,0.3275,89.70705143804662,0,300,1345,V2_Frozen_Atomic75_Late30,0,0,20,/mnt/lis-wam-data/dxl/mattergen_v1/experiments/corrector_residual_distillation_formal256/generation/V2_Frozen_Atomic75_Late30/67057/generated_crystals.extxyz,187e92e0368a9fd4d0741fdd3c1b32262260a9b9f32ad46b41e01b6e8ca7396a,370638848,/mnt/lis-wam-data/dxl/mattergen_v1/experiments/corrector_residual_distillation_formal256/generation/V2_Frozen_Atomic75_Late30/67057/run_summary.json,6e027f2ab3fdaa1cf571d22888f6dabd401837a1c9ae74b339b4da7ffc416872,40.130624541664126,0.655,345,67057,True
0,0,,0,01dd3e86805165412e0810e2a77a4756f8e1020f3ff2707c74af0a3f88a1bb8e,0.0,,0,Fe2CuNi,0.0,122.62083459412679,0,0,2000,C0,0,0,4,/mnt/lis-wam-data/dxl/mattergen_v1/experiments/corrector_residual_distillation_formal256/generation/C0/67058/generated_crystals.extxyz,02487b29f69e34377e8c04459c10de39f31a39dc26a3e06e9bbdbf8fd7ab650d,257764864,/mnt/lis-wam-data/dxl/mattergen_v1/experiments/corrector_residual_distillation_formal256/generation/C0/67058/run_summary.json,08b81b27e5363c609253b4277d3ba4c31752ee2d130eb6d96b99e754f88c76ea,29.35879544382444,0.0,1000,67058,True
697,700,a2fd0f17c27b760958b60c1d1386577883635a34fb2101eb08e38fd8472702c7,3,01dd3e86805165412e0810e2a77a4756f8e1020f3ff2707c74af0a3f88a1bb8e,0.697,,303,ZnFe2Cu,0.3485,84.13337328191847,0,300,1303,V2_Frozen_Atomic75_Late30,0,0,4,/mnt/lis-wam-data/dxl/mattergen_v1/experiments/corrector_residual_distillation_formal256/generation/V2_Frozen_Atomic75_Late30/67058/generated_crystals.extxyz,07d818c5dd333542b2ab2bffcacf716f43f3ad69a6d4128c2980884d53ed39c4,259077632,/mnt/lis-wam-data/dxl/mattergen_v1/experiments/corrector_residual_distillation_formal256/generation/V2_Frozen_Atomic75_Late30/67058/run_summary.json,8bb69a6c88fecc5ca6f5a8f7911206985ca55fe620ba83ca71ef3ffe91375279,42.78920313746286,0.697,303,67058,True
0,0,,0,01dd3e86805165412e0810e2a77a4756f8e1020f3ff2707c74af0a3f88a1bb8e,0.0,,0,KEu2Br4,0.0,113.51599048404023,0,0,2000,C0,0,0,7,/mnt/lis-wam-data/dxl/mattergen_v1/experiments/corrector_residual_distillation_formal256/generation/C0/67059/generated_crystals.extxyz,0b1c7050c5288a17df8cb1c997973be6d63111f3ce85642900a51d2b99ee0be8,281800192,/mnt/lis-wam-data/dxl/mattergen_v1/experiments/corrector_residual_distillation_formal256/generation/C0/67059/run_summary.json,dcce19da45b847caf4c0609cb906d9076e7cf47ee1fc8a4e45755a28ecfe1cd6,31.713593694151324,0.0,1000,67059,True
670,700,a2fd0f17c27b760958b60c1d1386577883635a34fb2101eb08e38fd8472702c7,30,01dd3e86805165412e0810e2a77a4756f8e1020f3ff2707c74af0a3f88a1bb8e,0.67,,330,K2Eu2O2F,0.335,81.2419072932098,0,300,1330,V2_Frozen_Atomic75_Late30,0,0,7,/mnt/lis-wam-data/dxl/mattergen_v1/experiments/corrector_residual_distillation_formal256/generation/V2_Frozen_Atomic75_Late30/67059/generated_crystals.extxyz,974ee390486e74212cb6108c6e07b23948166e667edf5018986471d0e097f58b,280174592,/mnt/lis-wam-data/dxl/mattergen_v1/experiments/corrector_residual_distillation_formal256/generation/V2_Frozen_Atomic75_Late30/67059/run_summary.json,4497d29c8b842d9bd742d9e5815aaae0e7fe0ef3469282888a8f1ad3e458ba94,44.312105906219756,0.67,330,67059,True
0,0,,0,01dd3e86805165412e0810e2a77a4756f8e1020f3ff2707c74af0a3f88a1bb8e,0.0,,0,EuAlGe,0.0,114.69640538888052,0,0,2000,C0,0,0,3,/mnt/lis-wam-data/dxl/mattergen_v1/experiments/corrector_residual_distillation_formal256/generation/C0/67060/generated_crystals.extxyz,29d61288dd5a974495ec71f9b35ac22cb5ec48e81d4c48fb489d1bd3805858c1,250671104,/mnt/lis-wam-data/dxl/mattergen_v1/experiments/corrector_residual_distillation_formal256/generation/C0/67060/run_summary.json,4f61386918503afbe310af682fb08059ea93645f942cb833d5e73ffaee0db146,31.3872085859546,0.0,1000,67060,True
700,700,a2fd0f17c27b760958b60c1d1386577883635a34fb2101eb08e38fd8472702c7,0,01dd3e86805165412e0810e2a77a4756f8e1020f3ff2707c74af0a3f88a1bb8e,0.7,,300,Eu2Ge,0.35,79.73253003321588,0,300,1300,V2_Frozen_Atomic75_Late30,0,0,3,/mnt/lis-wam-data/dxl/mattergen_v1/experiments/corrector_residual_distillation_formal256/generation/V2_Frozen_Atomic75_Late30/67060/generated_crystals.extxyz,3efd5f01a5f87f314ab0861ce7087ca38b55424e08d5d5aeb8392daaeadba494,250174976,/mnt/lis-wam-data/dxl/mattergen_v1/experiments/corrector_residual_distillation_formal256/generation/V2_Frozen_Atomic75_Late30/67060/run_summary.json,d092a10c23a63a6d6970552be72faa76b1ae35c214e26542e32317eaceeaa838,45.15095656064433,0.7,300,67060,True
0,0,,0,01dd3e86805165412e0810e2a77a4756f8e1020f3ff2707c74af0a3f88a1bb8e,0.0,,0,Fe5Ir,0.0,111.89453190704808,0,0,2000,C0,0,0,6,/mnt/lis-wam-data/dxl/mattergen_v1/experiments/corrector_residual_distillation_formal256/generation/C0/67061/generated_crystals.extxyz,5ea2c712f5b7ab3ba461921b14b41e7bd88b8f1f0237a9fae5fb4e5fee9e6bd3,272282624,/mnt/lis-wam-data/dxl/mattergen_v1/experiments/corrector_residual_distillation_formal256/generation/C0/67061/run_summary.json,bb623a1427215670e2a70d39b9e3f95c05deb3c85643da48e24862a66ffb2019,32.17315393919836,0.0,1000,67061,True
699,700,a2fd0f17c27b760958b60c1d1386577883635a34fb2101eb08e38fd8472702c7,1,01dd3e86805165412e0810e2a77a4756f8e1020f3ff2707c74af0a3f88a1bb8e,0.699,,301,Fe4NiRh,0.3495,88.05031532095745,0,300,1301,V2_Frozen_Atomic75_Late30,0,0,6,/mnt/lis-wam-data/dxl/mattergen_v1/experiments/corrector_residual_distillation_formal256/generation/V2_Frozen_Atomic75_Late30/67061/generated_crystals.extxyz,8e7cfde4b63917d5b08e0a70f72661cb24d2edb0426b9bedbd4e4d10a7754cf9,272297984,/mnt/lis-wam-data/dxl/mattergen_v1/experiments/corrector_residual_distillation_formal256/generation/V2_Frozen_Atomic75_Late30/67061/run_summary.json,6725fd716c36dc7a243635f9a35d2ee5dc93394eb56168c219855181dbee337b,40.88571388844464,0.699,301,67061,True
0,0,,0,01dd3e86805165412e0810e2a77a4756f8e1020f3ff2707c74af0a3f88a1bb8e,0.0,,0,Fe2PdRu,0.0,122.08875948586501,0,0,2000,C0,0,0,4,/mnt/lis-wam-data/dxl/mattergen_v1/experiments/corrector_residual_distillation_formal256/generation/C0/67062/generated_crystals.extxyz,5a76fff33f419e06769151de19a6205b77882e9c3f38f27d56375f05c192f2b0,258087424,/mnt/lis-wam-data/dxl/mattergen_v1/experiments/corrector_residual_distillation_formal256/generation/C0/67062/run_summary.json,f30d389743fe3bfd8ffb2a70582c83c8d3de64cbafcc2157d4f7d5138031f443,29.4867440308196,0.0,1000,67062,True
700,700,a2fd0f17c27b760958b60c1d1386577883635a34fb2101eb08e38fd8472702c7,0,01dd3e86805165412e0810e2a77a4756f8e1020f3ff2707c74af0a3f88a1bb8e,0.7,,300,Eu2PdPb,0.35,80.23313547298312,0,300,1300,V2_Frozen_Atomic75_Late30,0,0,4,/mnt/lis-wam-data/dxl/mattergen_v1/experiments/corrector_residual_distillation_formal256/generation/V2_Frozen_Atomic75_Late30/67062/generated_crystals.extxyz,2cd750a752d757a51c38f47511f573b9f985d181ca764a38fe2acff6d89fe3cd,259347968,/mnt/lis-wam-data/dxl/mattergen_v1/experiments/corrector_residual_distillation_formal256/generation/V2_Frozen_Atomic75_Late30/67062/run_summary.json,0dc9963de50a34d6f03e4612e93c03af172870d7a1e3156d1a40b7f7ef94c211,44.8692423495306,0.7,300,67062,True
0,0,,0,01dd3e86805165412e0810e2a77a4756f8e1020f3ff2707c74af0a3f88a1bb8e,0.0,,0,HoVFe10,0.0,122.2505961980205,0,0,2000,C0,0,0,12,/mnt/lis-wam-data/dxl/mattergen_v1/experiments/corrector_residual_distillation_formal256/generation/C0/67063/generated_crystals.extxyz,baa6b8aa2bea2331ad5e9a8417494957d74b5c5528f671f188644dc9d5d71280,320956416,/mnt/lis-wam-data/dxl/mattergen_v1/experiments/corrector_residual_distillation_formal256/generation/C0/67063/run_summary.json,72d9d56035acfbb893ea4a299b5b5e8646a3eb2880135af4bc41e07a23c47a57,29.447709147927178,0.0,1000,67063,True
571,700,a2fd0f17c27b760958b60c1d1386577883635a34fb2101eb08e38fd8472702c7,129,01dd3e86805165412e0810e2a77a4756f8e1020f3ff2707c74af0a3f88a1bb8e,0.571,,429,HoHf2Fe9,0.2855,86.91918922495097,0,300,1429,V2_Frozen_Atomic75_Late30,0,0,12,/mnt/lis-wam-data/dxl/mattergen_v1/experiments/corrector_residual_distillation_formal256/generation/V2_Frozen_Atomic75_Late30/67063/generated_crystals.extxyz,c314aa1de8e6083ceff497ec2637f5fcb94cf78963a7fa8bb7c9c6855752eeb9,321524224,/mnt/lis-wam-data/dxl/mattergen_v1/experiments/corrector_residual_distillation_formal256/generation/V2_Frozen_Atomic75_Late30/67063/run_summary.json,846697612a022df6e4d0500ece4422072c16d37990e371872c10f702d1140777,41.41778164408586,0.571,429,67063,True
0,0,,0,01dd3e86805165412e0810e2a77a4756f8e1020f3ff2707c74af0a3f88a1bb8e,0.0,,0,EuRhAu,0.0,117.20832016505301,0,0,2000,C0,0,0,3,/mnt/lis-wam-data/dxl/mattergen_v1/experiments/corrector_residual_distillation_formal256/generation/C0/67064/generated_crystals.extxyz,26d93b6e051494adc59f3fd590c979c97bac2f7998a52dae2f7048966d46d73c,250483712,/mnt/lis-wam-data/dxl/mattergen_v1/experiments/corrector_residual_distillation_formal256/generation/C0/67064/run_summary.json,6fd43b34cb831c5ad52d18c036ed613f387ecce61432b6a0d6b24bcdcacb2bbd,30.714543088156816,0.0,1000,67064,True
696,700,a2fd0f17c27b760958b60c1d1386577883635a34fb2101eb08e38fd8472702c7,4,01dd3e86805165412e0810e2a77a4756f8e1020f3ff2707c74af0a3f88a1bb8e,0.696,,304,EuRhN,0.348,82.15938250091858,0,300,1304,V2_Frozen_Atomic75_Late30,0,0,3,/mnt/lis-wam-data/dxl/mattergen_v1/experiments/corrector_residual_distillation_formal256/generation/V2_Frozen_Atomic75_Late30/67064/generated_crystals.extxyz,24b396ca59364e9fc2f07ac12d43a5b422c03a62fd0d3bd8e97796a804cc9027,250174976,/mnt/lis-wam-data/dxl/mattergen_v1/experiments/corrector_residual_distillation_formal256/generation/V2_Frozen_Atomic75_Late30/67064/run_summary.json,c0dc1d8470a104b8c21073c99aaaac7e9770fbc81eb4abe87d838bb08b1b6b02,43.81727187348019,0.696,304,67064,True
0,0,,0,01dd3e86805165412e0810e2a77a4756f8e1020f3ff2707c74af0a3f88a1bb8e,0.0,,0,Li4Eu2Ge3,0.0,121.56920561403967,0,0,2000,C0,0,0,9,/mnt/lis-wam-data/dxl/mattergen_v1/experiments/corrector_residual_distillation_formal256/generation/C0/67065/generated_crystals.extxyz,0e101b0ec8dfe4ceb7e8bc4aff701717efb5c3c83ab52b1863e0ec0f180a98dc,294172160,/mnt/lis-wam-data/dxl/mattergen_v1/experiments/corrector_residual_distillation_formal256/generation/C0/67065/run_summary.json,d10999d1429c0f32b2887bac193e20310675a3d5f8e38b981230afcfb3e07cb0,29.612762391730612,0.0,1000,67065,True
652,700,a2fd0f17c27b760958b60c1d1386577883635a34fb2101eb08e38fd8472702c7,48,01dd3e86805165412e0810e2a77a4756f8e1020f3ff2707c74af0a3f88a1bb8e,0.652,,348,EuHN,0.326,84.39023410598747,0,300,1348,V2_Frozen_Atomic75_Late30,0,0,9,/mnt/lis-wam-data/dxl/mattergen_v1/experiments/corrector_residual_distillation_formal256/generation/V2_Frozen_Atomic75_Late30/67065/generated_crystals.extxyz,199a3b80523abd38fdfe26733ff1455d26cb6a5ce709e491c7b390b200e60f35,294654976,/mnt/lis-wam-data/dxl/mattergen_v1/experiments/corrector_residual_distillation_formal256/generation/V2_Frozen_Atomic75_Late30/67065/run_summary.json,2236cf87351a3a963fcc15cbcf8a50a8b91dba8d4bf9a9eb0c5e9ed6086e2d78,42.658964489643246,0.652,348,67065,True
0,0,,0,01dd3e86805165412e0810e2a77a4756f8e1020f3ff2707c74af0a3f88a1bb8e,0.0,,0,BeCo3,0.0,117.72438181680627,0,0,2000,C0,0,0,8,/mnt/lis-wam-data/dxl/mattergen_v1/experiments/corrector_residual_distillation_formal256/generation/C0/67066/generated_crystals.extxyz,5a91d81a17a3fb21c78a7475cf5e63ce8d0ddd3d24bc14f614d0369f2d767c58,287524864,/mnt/lis-wam-data/dxl/mattergen_v1/experiments/corrector_residual_distillation_formal256/generation/C0/67066/run_summary.json,9311c9a83673fdc7314e876d80058f793676eb877a3b7bff14927eb691589be1,30.579901499096817,0.0,1000,67066,True
646,700,a2fd0f17c27b760958b60c1d1386577883635a34fb2101eb08e38fd8472702c7,54,01dd3e86805165412e0810e2a77a4756f8e1020f3ff2707c74af0a3f88a1bb8e,0.646,,354,Eu2HPt,0.323,90.59060066496022,0,300,1354,V2_Frozen_Atomic75_Late30,0,0,8,/mnt/lis-wam-data/dxl/mattergen_v1/experiments/corrector_residual_distillation_formal256/generation/V2_Frozen_Atomic75_Late30/67066/generated_crystals.extxyz,308ff1f543a44270edccffbb08fcf73b73dde20e5146cec3e4c9e6e147a20a21,287813632,/mnt/lis-wam-data/dxl/mattergen_v1/experiments/corrector_residual_distillation_formal256/generation/V2_Frozen_Atomic75_Late30/67066/run_summary.json,47a87cd2b3c9de79924b9990304c9fe5c511adbde18f9b8cbe06a8ced7739973,39.739222100030226,0.646,354,67066,True
0,0,,0,01dd3e86805165412e0810e2a77a4756f8e1020f3ff2707c74af0a3f88a1bb8e,0.0,,0,Eu6GdO4,0.0,113.15227707801387,0,0,2000,C0,0,0,11,/mnt/lis-wam-data/dxl/mattergen_v1/experiments/corrector_residual_distillation_formal256/generation/C0/67067/generated_crystals.extxyz,03440b69a01db927c00db893139928bb5b34726962d30ceaf1699e3436a8e152,308753408,/mnt/lis-wam-data/dxl/mattergen_v1/experiments/corrector_residual_distillation_formal256/generation/C0/67067/run_summary.json,7417940efb3ab0efe06324525e4e8f4cae8e60ed3f97b750fe58db09597ba1fa,31.81553295227057,0.0,1000,67067,True
496,700,a2fd0f17c27b760958b60c1d1386577883635a34fb2101eb08e38fd8472702c7,204,01dd3e86805165412e0810e2a77a4756f8e1020f3ff2707c74af0a3f88a1bb8e,0.496,,504,Eu3Si3Pd5,0.248,94.91094458196312,0,300,1504,V2_Frozen_Atomic75_Late30,0,0,11,/mnt/lis-wam-data/dxl/mattergen_v1/experiments/corrector_residual_distillation_formal256/generation/V2_Frozen_Atomic75_Late30/67067/generated_crystals.extxyz,4f8f98984ee51f59c2aa52c14c4c158b91c25396204e4e44895de418e03458f7,307878400,/mnt/lis-wam-data/dxl/mattergen_v1/experiments/corrector_residual_distillation_formal256/generation/V2_Frozen_Atomic75_Late30/67067/run_summary.json,9c12687d66622cd1c6b3c3af07a8ba515a37ce5caa223ae7c0ebee8c021b0807,37.93029366482719,0.496,504,67067,True
0,0,,0,01dd3e86805165412e0810e2a77a4756f8e1020f3ff2707c74af0a3f88a1bb8e,0.0,,0,EuCN2,0.0,116.97990151005797,0,0,2000,C0,0,0,4,/mnt/lis-wam-data/dxl/mattergen_v1/experiments/corrector_residual_distillation_formal256/generation/C0/67068/generated_crystals.extxyz,d5243a8a9af4dbf57676319fd3e3e351a1b496a5c55b0d3582f29f7e68cbe5f8,257638912,/mnt/lis-wam-data/dxl/mattergen_v1/experiments/corrector_residual_distillation_formal256/generation/C0/67068/run_summary.json,33e28a38d521860c1b846aebf44e7ecd3ce169c9d9e238c008ff8ad8fd962a3f,30.774517276290158,0.0,1000,67068,True
700,700,a2fd0f17c27b760958b60c1d1386577883635a34fb2101eb08e38fd8472702c7,0,01dd3e86805165412e0810e2a77a4756f8e1020f3ff2707c74af0a3f88a1bb8e,0.7,,300,Eu2PdN,0.35,81.27165564103052,0,300,1300,V2_Frozen_Atomic75_Late30,0,0,4,/mnt/lis-wam-data/dxl/mattergen_v1/experiments/corrector_residual_distillation_formal256/generation/V2_Frozen_Atomic75_Late30/67068/generated_crystals.extxyz,bc54bf03ba531377bf910243f71c22fa479792322705a531f73c058e33a6b237,257329152,/mnt/lis-wam-data/dxl/mattergen_v1/experiments/corrector_residual_distillation_formal256/generation/V2_Frozen_Atomic75_Late30/67068/run_summary.json,46dc1e59ecc5b793d97c0286580449d1cd35285c7906b684c286a02a9a445cf4,44.2958860823615,0.7,300,67068,True
0,0,,0,01dd3e86805165412e0810e2a77a4756f8e1020f3ff2707c74af0a3f88a1bb8e,0.0,,0,Gd2InGa,0.0,114.77716839290224,0,0,2000,C0,0,0,4,/mnt/lis-wam-data/dxl/mattergen_v1/experiments/corrector_residual_distillation_formal256/generation/C0/67069/generated_crystals.extxyz,2b9098c1e39452554f6cf13adc8eafd7e1a9a9ba5c8d4fefc1ed46b6366092b0,257516544,/mnt/lis-wam-data/dxl/mattergen_v1/experiments/corrector_residual_distillation_formal256/generation/C0/67069/run_summary.json,1efebe04c76981c2f0be7cea6a6a6ea04146b92ca0f028be0809fd8cd1cd7efb,31.365122963101623,0.0,1000,67069,True
700,700,a2fd0f17c27b760958b60c1d1386577883635a34fb2101eb08e38fd8472702c7,0,01dd3e86805165412e0810e2a77a4756f8e1020f3ff2707c74af0a3f88a1bb8e,0.7,,300,Eu3Dy,0.35,79.18110469402745,0,300,1300,V2_Frozen_Atomic75_Late30,0,0,4,/mnt/lis-wam-data/dxl/mattergen_v1/experiments/corrector_residual_distillation_formal256/generation/V2_Frozen_Atomic75_Late30/67069/generated_crystals.extxyz,9372dadc45f40b6ee340dafec70c5458ba674f5b7c084e6f30c8a50d056c8b36,258060288,/mnt/lis-wam-data/dxl/mattergen_v1/experiments/corrector_residual_distillation_formal256/generation/V2_Frozen_Atomic75_Late30/67069/run_summary.json,41d9b511062974e448ec6e199e061a3d3e3e7b4ebb284b0bb9515d54ee178d57,45.46539245582847,0.7,300,67069,True
0,0,,0,01dd3e86805165412e0810e2a77a4756f8e1020f3ff2707c74af0a3f88a1bb8e,0.0,,0,EuMgGe,0.0,114.05785896792077,0,0,2000,C0,0,0,12,/mnt/lis-wam-data/dxl/mattergen_v1/experiments/corrector_residual_distillation_formal256/generation/C0/67070/generated_crystals.extxyz,05da43ee4c86d048bb69b9af715e92234146179db66a46834eb4f90dcfd34500,317885952,/mnt/lis-wam-data/dxl/mattergen_v1/experiments/corrector_residual_distillation_formal256/generation/C0/67070/run_summary.json,a154f15be8e00501af5300a3af41f38b7ac39548a62f8400564d2a7f0186135e,31.562928083829057,0.0,1000,67070,True
578,700,a2fd0f17c27b760958b60c1d1386577883635a34fb2101eb08e38fd8472702c7,122,01dd3e86805165412e0810e2a77a4756f8e1020f3ff2707c74af0a3f88a1bb8e,0.578,,422,EuB2Rh3,0.289,94.24654107913375,0,300,1422,V2_Frozen_Atomic75_Late30,0,0,12,/mnt/lis-wam-data/dxl/mattergen_v1/experiments/corrector_residual_distillation_formal256/generation/V2_Frozen_Atomic75_Late30/67070/generated_crystals.extxyz,276474cc897a1775225c24fbaad793c85582a07feaa017b339f6bf52738755f0,316044288,/mnt/lis-wam-data/dxl/mattergen_v1/experiments/corrector_residual_distillation_formal256/generation/V2_Frozen_Atomic75_Late30/67070/run_summary.json,8171f028fb9bb3100b589baf8fa6d8274af13c1b6f0fd71035c48023e3760c42,38.197688305369994,0.578,422,67070,True
0,0,,0,01dd3e86805165412e0810e2a77a4756f8e1020f3ff2707c74af0a3f88a1bb8e,0.0,,0,SrEu2O3,0.0,112.02051897509955,0,0,2000,C0,0,0,12,/mnt/lis-wam-data/dxl/mattergen_v1/experiments/corrector_residual_distillation_formal256/generation/C0/67071/generated_crystals.extxyz,2bab73fcdfbb89b71516ce619bc044d8f418140135160c7275bc5a9819419d6b,320663552,/mnt/lis-wam-data/dxl/mattergen_v1/experiments/corrector_residual_distillation_formal256/generation/C0/67071/run_summary.json,c0b7c495f55d24a0b88cafefda602b1e226cda59aa20a852fa8883076b3740f1,32.136969485030015,0.0,1000,67071,True
629,700,a2fd0f17c27b760958b60c1d1386577883635a34fb2101eb08e38fd8472702c7,71,01dd3e86805165412e0810e2a77a4756f8e1020f3ff2707c74af0a3f88a1bb8e,0.629,,371,Eu2Ge,0.3145,83.95956433098763,0,300,1371,V2_Frozen_Atomic75_Late30,0,0,12,/mnt/lis-wam-data/dxl/mattergen_v1/experiments/corrector_residual_distillation_formal256/generation/V2_Frozen_Atomic75_Late30/67071/generated_crystals.extxyz,7995f40f1788be05bfed721afc95073ab2dfc3fa279bb63bbf5365b7c137f96d,318199808,/mnt/lis-wam-data/dxl/mattergen_v1/experiments/corrector_residual_distillation_formal256/generation/V2_Frozen_Atomic75_Late30/67071/run_summary.json,6ba4e3876629150eb49f2d3d70f949160784358f6496abef4783c4250e526901,42.87778323632057,0.629,371,67071,True
0,0,,0,01dd3e86805165412e0810e2a77a4756f8e1020f3ff2707c74af0a3f88a1bb8e,0.0,,0,EuYZn2,0.0,113.19594342494383,0,0,2000,C0,0,0,4,/mnt/lis-wam-data/dxl/mattergen_v1/experiments/corrector_residual_distillation_formal256/generation/C0/67072/generated_crystals.extxyz,e28a5337bad2b4dc863c787b66577734ecba06e4c45ed32c2e4b7cfa5ff559ab,257390080,/mnt/lis-wam-data/dxl/mattergen_v1/experiments/corrector_residual_distillation_formal256/generation/C0/67072/run_summary.json,5a959da87e70b427b90939a85d4153ba45c986e98fcc46c6cecd5f63903ad7f0,31.80325982606462,0.0,1000,67072,True
699,700,a2fd0f17c27b760958b60c1d1386577883635a34fb2101eb08e38fd8472702c7,1,01dd3e86805165412e0810e2a77a4756f8e1020f3ff2707c74af0a3f88a1bb8e,0.699,,301,Eu2TlZn,0.3495,81.12190307187848,0,300,1301,V2_Frozen_Atomic75_Late30,0,0,4,/mnt/lis-wam-data/dxl/mattergen_v1/experiments/corrector_residual_distillation_formal256/generation/V2_Frozen_Atomic75_Late30/67072/generated_crystals.extxyz,82ace33d07b1927fc0a3d23771f997a255250b27413f39499f439b4676da3f2c,257531904,/mnt/lis-wam-data/dxl/mattergen_v1/experiments/corrector_residual_distillation_formal256/generation/V2_Frozen_Atomic75_Late30/67072/run_summary.json,0259ed803991411b3fa970f6236146de6f7b7a2cbcb4739313e4da141c506929,44.37765712683295,0.699,301,67072,True
0,0,,0,01dd3e86805165412e0810e2a77a4756f8e1020f3ff2707c74af0a3f88a1bb8e,0.0,,0,KEu4O5,0.0,115.8350625289604,0,0,2000,C0,0,0,10,/mnt/lis-wam-data/dxl/mattergen_v1/experiments/corrector_residual_distillation_formal256/generation/C0/67073/generated_crystals.extxyz,440324503db691925354f9805dbaf1936af8fd4f829a5e2b16fa0da6d96bde36,303210496,/mnt/lis-wam-data/dxl/mattergen_v1/experiments/corrector_residual_distillation_formal256/generation/C0/67073/run_summary.json,eec39bca11c7bd31e651084070d86bd2ee0f60a3f420a6b712f3dfdcbc646be0,31.078672738661915,0.0,1000,67073,True
684,700,a2fd0f17c27b760958b60c1d1386577883635a34fb2101eb08e38fd8472702c7,16,01dd3e86805165412e0810e2a77a4756f8e1020f3ff2707c74af0a3f88a1bb8e,0.684,,316,Eu2Mn2HO5,0.342,82.62166380695999,0,300,1316,V2_Frozen_Atomic75_Late30,0,0,10,/mnt/lis-wam-data/dxl/mattergen_v1/experiments/corrector_residual_distillation_formal256/generation/V2_Frozen_Atomic75_Late30/67073/generated_crystals.extxyz,663c1ef8ad464cc57b61735b194df82e483edda35a1e8a9aa41a570108d30bbd,301874176,/mnt/lis-wam-data/dxl/mattergen_v1/experiments/corrector_residual_distillation_formal256/generation/V2_Frozen_Atomic75_Late30/67073/run_summary.json,86d986e2cb36e7fb450784a7fea60336a60c2b35ae961c383881139473496ec8,43.57210729151086,0.684,316,67073,True
0,0,,0,01dd3e86805165412e0810e2a77a4756f8e1020f3ff2707c74af0a3f88a1bb8e,0.0,,0,EuSiNi,0.0,114.79869143501855,0,0,2000,C0,0,0,3,/mnt/lis-wam-data/dxl/mattergen_v1/experiments/corrector_residual_distillation_formal256/generation/C0/67074/generated_crystals.extxyz,3ecccb1823cd606177a857d33d083f34335790ab046f0790b6c4e03c58262fd7,250391552,/mnt/lis-wam-data/dxl/mattergen_v1/experiments/corrector_residual_distillation_formal256/generation/C0/67074/run_summary.json,9d773621f4673baf522875336c7c054dd9f0efd01a081353d91307f3e4ff6dfd,31.359242470440257,0.0,1000,67074,True
700,700,a2fd0f17c27b760958b60c1d1386577883635a34fb2101eb08e38fd8472702c7,0,01dd3e86805165412e0810e2a77a4756f8e1020f3ff2707c74af0a3f88a1bb8e,0.7,,300,Eu2Cu,0.35,81.18028054200113,0,300,1300,V2_Frozen_Atomic75_Late30,0,0,3,/mnt/lis-wam-data/dxl/mattergen_v1/experiments/corrector_residual_distillation_formal256/generation/V2_Frozen_Atomic75_Late30/67074/generated_crystals.extxyz,1ecc529dc99a0314d7e1dd81272bb0cefc008f425c8923f5b6a899eab0848932,250268672,/mnt/lis-wam-data/dxl/mattergen_v1/experiments/corrector_residual_distillation_formal256/generation/V2_Frozen_Atomic75_Late30/67074/run_summary.json,ae2300023f95e6cff7b2a27d00687c11554936ee47060359543c0896d00f7926,44.34574475432404,0.7,300,67074,True
0,0,,0,01dd3e86805165412e0810e2a77a4756f8e1020f3ff2707c74af0a3f88a1bb8e,0.0,,0,Eu2PbO6,0.0,114.3827555810567,0,0,2000,C0,0,0,9,/mnt/lis-wam-data/dxl/mattergen_v1/experiments/corrector_residual_distillation_formal256/generation/C0/67075/generated_crystals.extxyz,b90cf9a347d69d5ddd51da7e912a69d8e03ee638e4969bf6f4185b3aec175485,301042176,/mnt/lis-wam-data/dxl/mattergen_v1/experiments/corrector_residual_distillation_formal256/generation/C0/67075/run_summary.json,cb883121d89634998207db1e72115dde90f698bdc0f9c4b0fc4e0e5b55a48455,31.47327568489011,0.0,1000,67075,True
680,700,a2fd0f17c27b760958b60c1d1386577883635a34fb2101eb08e38fd8472702c7,20,01dd3e86805165412e0810e2a77a4756f8e1020f3ff2707c74af0a3f88a1bb8e,0.68,,320,Eu6Sb2Pb,0.34,81.88223556498997,0,300,1320,V2_Frozen_Atomic75_Late30,0,0,9,/mnt/lis-wam-data/dxl/mattergen_v1/experiments/corrector_residual_distillation_formal256/generation/V2_Frozen_Atomic75_Late30/67075/generated_crystals.extxyz,f2a7dfb7ead7305ec6b4327c2c311cc1ca194309dfda9136d2d7dc0b4905bb09,294256640,/mnt/lis-wam-data/dxl/mattergen_v1/experiments/corrector_residual_distillation_formal256/generation/V2_Frozen_Atomic75_Late30/67075/run_summary.json,52e30d70a5f44812a45850b84be09022eb1f7d387142520511def7493638f4b7,43.96558026487538,0.68,320,67075,True
0,0,,0,01dd3e86805165412e0810e2a77a4756f8e1020f3ff2707c74af0a3f88a1bb8e,0.0,,0,CaGd5O8,0.0,115.09631013683975,0,0,2000,C0,0,0,14,/mnt/lis-wam-data/dxl/mattergen_v1/experiments/corrector_residual_distillation_formal256/generation/C0/67076/generated_crystals.extxyz,aa30d91007011683b99d7f763c47a617fbb6c0c37f4069e6e7f8c885883fea2d,328681984,/mnt/lis-wam-data/dxl/mattergen_v1/experiments/corrector_residual_distillation_formal256/generation/C0/67076/run_summary.json,8ec319c338f57cc93a64d69aad6b685145a2734518adc75f564b585bcf627f63,31.27815301567796,0.0,1000,67076,True
657,700,a2fd0f17c27b760958b60c1d1386577883635a34fb2101eb08e38fd8472702c7,43,01dd3e86805165412e0810e2a77a4756f8e1020f3ff2707c74af0a3f88a1bb8e,0.657,,343,Eu2TiO4,0.3285,85.0155607399065,0,300,1343,V2_Frozen_Atomic75_Late30,0,0,14,/mnt/lis-wam-data/dxl/mattergen_v1/experiments/corrector_residual_distillation_formal256/generation/V2_Frozen_Atomic75_Late30/67076/generated_crystals.extxyz,72d2ef40c679e9ecdca583204972b37a8a3d0238de31cb0cc7fad221df5aa61b,327685632,/mnt/lis-wam-data/dxl/mattergen_v1/experiments/corrector_residual_distillation_formal256/generation/V2_Frozen_Atomic75_Late30/67076/run_summary.json,819a420202dc916dff8b3d3188ebaf2fca6b4e540db659acb789b34b4041c717,42.34518914735749,0.657,343,67076,True
0,0,,0,01dd3e86805165412e0810e2a77a4756f8e1020f3ff2707c74af0a3f88a1bb8e,0.0,,0,EuGaF6,0.0,115.73086214391515,0,0,2000,C0,0,0,8,/mnt/lis-wam-data/dxl/mattergen_v1/experiments/corrector_residual_distillation_formal256/generation/C0/67077/generated_crystals.extxyz,d61caa851b45f1d44146931fec3acb4d2433819aa140b8bd23c5dfde2f50c848,287817728,/mnt/lis-wam-data/dxl/mattergen_v1/experiments/corrector_residual_distillation_formal256/generation/C0/67077/run_summary.json,efe35b0acc935d95a6cddb7ba1c382e6dfa4cfa9eb19a4dc26b9451e5a8198bf,31.106654986491687,0.0,1000,67077,True
676,700,a2fd0f17c27b760958b60c1d1386577883635a34fb2101eb08e38fd8472702c7,24,01dd3e86805165412e0810e2a77a4756f8e1020f3ff2707c74af0a3f88a1bb8e,0.676,,324,LiMn(FeO2)2,0.338,85.24338507698849,0,300,1324,V2_Frozen_Atomic75_Late30,0,0,8,/mnt/lis-wam-data/dxl/mattergen_v1/experiments/corrector_residual_distillation_formal256/generation/V2_Frozen_Atomic75_Late30/67077/generated_crystals.extxyz,558db143c42631723e8f97b36e294aa3ce6a83f495069645bd1c6c7cbfc746f3,287913984,/mnt/lis-wam-data/dxl/mattergen_v1/experiments/corrector_residual_distillation_formal256/generation/V2_Frozen_Atomic75_Late30/67077/run_summary.json,db0b608f661a1aa8a61f55d7006eb54ff45a05eddd9bc3b448a1753d0da77ad2,42.23201597107648,0.676,324,67077,True
0,0,,0,01dd3e86805165412e0810e2a77a4756f8e1020f3ff2707c74af0a3f88a1bb8e,0.0,,0,Li2MnOF3,0.0,113.60842504911125,0,0,2000,C0,0,0,7,/mnt/lis-wam-data/dxl/mattergen_v1/experiments/corrector_residual_distillation_formal256/generation/C0/67078/generated_crystals.extxyz,b03bbdb28dbecb4e700dd9c7227db4597f16551e912cf65839fc852f2ada1ec6,280159232,/mnt/lis-wam-data/dxl/mattergen_v1/experiments/corrector_residual_distillation_formal256/generation/C0/67078/run_summary.json,9a090249e973af867ef8626a77912c7171e06c1b7eae7ccc1c8b96242ac46533,31.68779074653815,0.0,1000,67078,True
695,700,a2fd0f17c27b760958b60c1d1386577883635a34fb2101eb08e38fd8472702c7,5,01dd3e86805165412e0810e2a77a4756f8e1020f3ff2707c74af0a3f88a1bb8e,0.695,,305,Mn3(OF)2,0.3475,86.74757183506154,0,300,1305,V2_Frozen_Atomic75_Late30,0,0,7,/mnt/lis-wam-data/dxl/mattergen_v1/experiments/corrector_residual_distillation_formal256/generation/V2_Frozen_Atomic75_Late30/67078/generated_crystals.extxyz,e758210b0f802e2f19f446ea1c685e5efc25613322c34b70e391c927c7abf5ea,280707072,/mnt/lis-wam-data/dxl/mattergen_v1/experiments/corrector_residual_distillation_formal256/generation/V2_Frozen_Atomic75_Late30/67078/run_summary.json,cbf7a3896f26a8a480333b236e05a691097d9202ab9bbd37f9c490722dbaac23,41.499720670509376,0.695,305,67078,True
0,0,,0,01dd3e86805165412e0810e2a77a4756f8e1020f3ff2707c74af0a3f88a1bb8e,0.0,,0,Mn(FeH)2,0.0,122.32465862901881,0,0,2000,C0,0,0,5,/mnt/lis-wam-data/dxl/mattergen_v1/experiments/corrector_residual_distillation_formal256/generation/C0/67079/generated_crystals.extxyz,00c0aa44091a37e5121c81c71f874d85d3fa7a8cfc44d3d00142e5a0153cd114,264611328,/mnt/lis-wam-data/dxl/mattergen_v1/experiments/corrector_residual_distillation_formal256/generation/C0/67079/run_summary.json,495ac39237a10d1c10e0ceb61cf9acce36f687312d43b0b738af401cc22387e2,29.42987979977064,0.0,1000,67079,True
697,700,a2fd0f17c27b760958b60c1d1386577883635a34fb2101eb08e38fd8472702c7,3,01dd3e86805165412e0810e2a77a4756f8e1020f3ff2707c74af0a3f88a1bb8e,0.697,,303,Eu(FeGe)2,0.3485,81.34861346916296,0,300,1303,V2_Frozen_Atomic75_Late30,0,0,5,/mnt/lis-wam-data/dxl/mattergen_v1/experiments/corrector_residual_distillation_formal256/generation/V2_Frozen_Atomic75_Late30/67079/generated_crystals.extxyz,c1d70078f3e0b86cb9d23486de992af6694534d3679ef904aa99336b05fd087f,266899968,/mnt/lis-wam-data/dxl/mattergen_v1/experiments/corrector_residual_distillation_formal256/generation/V2_Frozen_Atomic75_Late30/67079/run_summary.json,0847c12d0107e47ef609e940e79b5b485c24258fa8e2fb9fd6a072302d7647d7,44.25398106342233,0.697,303,67079,True
0,0,,0,01dd3e86805165412e0810e2a77a4756f8e1020f3ff2707c74af0a3f88a1bb8e,0.0,,0,Eu3(SCl)2,0.0,113.82641351805069,0,0,2000,C0,0,0,7,/mnt/lis-wam-data/dxl/mattergen_v1/experiments/corrector_residual_distillation_formal256/generation/C0/67080/generated_crystals.extxyz,a2b51bed0aefe70509a6b9d5afaff45c943314edcee2a77837e71a0d5ffe32cf,280095232,/mnt/lis-wam-data/dxl/mattergen_v1/experiments/corrector_residual_distillation_formal256/generation/C0/67080/run_summary.json,90529472a329ec4145401476187cc7659d6126af96a97412fbd05d131b12583b,31.627105596444967,0.0,1000,67080,True
699,700,a2fd0f17c27b760958b60c1d1386577883635a34fb2101eb08e38fd8472702c7,1,01dd3e86805165412e0810e2a77a4756f8e1020f3ff2707c74af0a3f88a1bb8e,0.699,,301,EuBF5,0.3495,78.90970950992778,0,300,1301,V2_Frozen_Atomic75_Late30,0,0,7,/mnt/lis-wam-data/dxl/mattergen_v1/experiments/corrector_residual_distillation_formal256/generation/V2_Frozen_Atomic75_Late30/67080/generated_crystals.extxyz,01787dd054c018c399ffa0768b0de067785f80393a2deac7af4844b60f7dab18,279452672,/mnt/lis-wam-data/dxl/mattergen_v1/experiments/corrector_residual_distillation_formal256/generation/V2_Frozen_Atomic75_Late30/67080/run_summary.json,a531cdb5895f4e99501a1aaeca4a326a8e0e48ec706767192cfe595bcbb90be5,45.62176216789997,0.699,301,67080,True
0,0,,0,01dd3e86805165412e0810e2a77a4756f8e1020f3ff2707c74af0a3f88a1bb8e,0.0,,0,Eu3Tl3Ag2,0.0,111.65547044505365,0,0,2000,C0,0,0,8,/mnt/lis-wam-data/dxl/mattergen_v1/experiments/corrector_residual_distillation_formal256/generation/C0/67081/generated_crystals.extxyz,409ff2af8bcd92581ede13d81629c2f9f72fe37d7afb9d247576aa86cfaa9ffb,286818304,/mnt/lis-wam-data/dxl/mattergen_v1/experiments/corrector_residual_distillation_formal256/generation/C0/67081/run_summary.json,10850e215c58c84323908e1186c6e3a99f77b9ad9c41aa42f5d081fae4357344,32.24203870755784,0.0,1000,67081,True
654,700,a2fd0f17c27b760958b60c1d1386577883635a34fb2101eb08e38fd8472702c7,46,01dd3e86805165412e0810e2a77a4756f8e1020f3ff2707c74af0a3f88a1bb8e,0.654,,346,BaEu7,0.327,83.39226963580586,0,300,1346,V2_Frozen_Atomic75_Late30,0,0,8,/mnt/lis-wam-data/dxl/mattergen_v1/experiments/corrector_residual_distillation_formal256/generation/V2_Frozen_Atomic75_Late30/67081/generated_crystals.extxyz,eb53691bb91c5c0865a8a92da49de5f1fdff04770939c51c1c32a6a0de7f494e,286524416,/mnt/lis-wam-data/dxl/mattergen_v1/experiments/corrector_residual_distillation_formal256/generation/V2_Frozen_Atomic75_Late30/67081/run_summary.json,efadca793a9016b1150b7e11363c8c76b34049a64ed87fb516ea889fbbcaa1a8,43.16946901339978,0.654,346,67081,True
0,0,,0,01dd3e86805165412e0810e2a77a4756f8e1020f3ff2707c74af0a3f88a1bb8e,0.0,,0,NaEuN3,0.0,111.98754663811997,0,0,2000,C0,0,0,5,/mnt/lis-wam-data/dxl/mattergen_v1/experiments/corrector_residual_distillation_formal256/generation/C0/67082/generated_crystals.extxyz,2d7fe6a816af504425f5c4e1a1fba8dcb121c5c49e24d629559db144dbb70778,264381952,/mnt/lis-wam-data/dxl/mattergen_v1/experiments/corrector_residual_distillation_formal256/generation/C0/67082/run_summary.json,3e1b08caed9eecd63a0012effe9925da17064c9bcfd0d73805510499b9b10fc1,32.1464315280801,0.0,1000,67082,True
699,700,a2fd0f17c27b760958b60c1d1386577883635a34fb2101eb08e38fd8472702c7,1,01dd3e86805165412e0810e2a77a4756f8e1020f3ff2707c74af0a3f88a1bb8e,0.699,,301,EuCr4,0.3495,82.01092337397859,0,300,1301,V2_Frozen_Atomic75_Late30,0,0,5,/mnt/lis-wam-data/dxl/mattergen_v1/experiments/corrector_residual_distillation_formal256/generation/V2_Frozen_Atomic75_Late30/67082/generated_crystals.extxyz,93748b461185d887097110f0f7558c469a4f96ff70a22cc4dae07b80f8d39539,264454144,/mnt/lis-wam-data/dxl/mattergen_v1/experiments/corrector_residual_distillation_formal256/generation/V2_Frozen_Atomic75_Late30/67082/run_summary.json,2d15e0c012a6a6e8ea89595413e97f79d1c6f7c03d4e8c14e9a04c20d6777273,43.896591477011114,0.699,301,67082,True
0,0,,0,01dd3e86805165412e0810e2a77a4756f8e1020f3ff2707c74af0a3f88a1bb8e,0.0,,0,ZnFe2,0.0,112.96680467389524,0,0,2000,C0,0,0,6,/mnt/lis-wam-data/dxl/mattergen_v1/experiments/corrector_residual_distillation_formal256/generation/C0/67083/generated_crystals.extxyz,023772b0ea9677556df6585e9319ce9d531e29b65c8d69b46d5a12f6b72eed71,271768576,/mnt/lis-wam-data/dxl/mattergen_v1/experiments/corrector_residual_distillation_formal256/generation/C0/67083/run_summary.json,608052a0c38868909fbc77e76b50bc4697826a5b89012b4a48f670d879529e80,31.867768681182326,0.0,1000,67083,True
688,700,a2fd0f17c27b760958b60c1d1386577883635a34fb2101eb08e38fd8472702c7,12,01dd3e86805165412e0810e2a77a4756f8e1020f3ff2707c74af0a3f88a1bb8e,0.688,,312,ZnFe2,0.344,89.0735085660126,0,300,1312,V2_Frozen_Atomic75_Late30,0,0,6,/mnt/lis-wam-data/dxl/mattergen_v1/experiments/corrector_residual_distillation_formal256/generation/V2_Frozen_Atomic75_Late30/67083/generated_crystals.extxyz,45d575b229b9534fe058d23da42812c8219a20b63b759b09cd47e0be8d474b4d,271919104,/mnt/lis-wam-data/dxl/mattergen_v1/experiments/corrector_residual_distillation_formal256/generation/V2_Frozen_Atomic75_Late30/67083/run_summary.json,8562db80483b53c730d85e6219be1fd456976c4dfe73bee6a5992a7f2f2936e6,40.41605700680389,0.688,312,67083,True
0,0,,0,01dd3e86805165412e0810e2a77a4756f8e1020f3ff2707c74af0a3f88a1bb8e,0.0,,0,LiEu2N,0.0,112.87793384003453,0,0,2000,C0,0,0,4,/mnt/lis-wam-data/dxl/mattergen_v1/experiments/corrector_residual_distillation_formal256/generation/C0/67084/generated_crystals.extxyz,face033508b8755c21b84ed8957e30405dde4be706b7c98d9899f05e8280df2e,259061248,/mnt/lis-wam-data/dxl/mattergen_v1/experiments/corrector_residual_distillation_formal256/generation/C0/67084/run_summary.json,32f01d8d1e459896f2d9bd6c2de04ab1455192c8852b33d355e86d04a2451999,31.89285875042465,0.0,1000,67084,True
699,700,a2fd0f17c27b760958b60c1d1386577883635a34fb2101eb08e38fd8472702c7,1,01dd3e86805165412e0810e2a77a4756f8e1020f3ff2707c74af0a3f88a1bb8e,0.699,,301,Li2EuAu,0.3495,79.56665943702683,0,300,1301,V2_Frozen_Atomic75_Late30,0,0,4,/mnt/lis-wam-data/dxl/mattergen_v1/experiments/corrector_residual_distillation_formal256/generation/V2_Frozen_Atomic75_Late30/67084/generated_crystals.extxyz,e4ca4eedac29001fa4c72188d6eb796318395500e3e362de23030aa5d204401f,257906688,/mnt/lis-wam-data/dxl/mattergen_v1/experiments/corrector_residual_distillation_formal256/generation/V2_Frozen_Atomic75_Late30/67084/run_summary.json,42d9b4142dd7e794dff3eca7092d3df4d0cc9b38cea61f77c0723a48cca1dd7f,45.245081614230976,0.699,301,67084,True
0,0,,0,01dd3e86805165412e0810e2a77a4756f8e1020f3ff2707c74af0a3f88a1bb8e,0.0,,0,Eu2P2PdPt,0.0,113.8733164910227,0,0,2000,C0,0,0,6,/mnt/lis-wam-data/dxl/mattergen_v1/experiments/corrector_residual_distillation_formal256/generation/C0/67085/generated_crystals.extxyz,d0fe0deac24d0f25d59ef3d18336f17cd11d24be0d8b6f5258b3e3462a085d9b,271878144,/mnt/lis-wam-data/dxl/mattergen_v1/experiments/corrector_residual_distillation_formal256/generation/C0/67085/run_summary.json,5077851e3b6edfd9ce0dcedb1f993632710cec97a8cf36091932764c0cc077fb,31.614078793286126,0.0,1000,67085,True
686,700,a2fd0f17c27b760958b60c1d1386577883635a34fb2101eb08e38fd8472702c7,14,01dd3e86805165412e0810e2a77a4756f8e1020f3ff2707c74af0a3f88a1bb8e,0.686,,314,FeCo2,0.343,81.61638180189766,0,300,1314,V2_Frozen_Atomic75_Late30,0,0,6,/mnt/lis-wam-data/dxl/mattergen_v1/experiments/corrector_residual_distillation_formal256/generation/V2_Frozen_Atomic75_Late30/67085/generated_crystals.extxyz,99e65a47f920c2835e6a7f9a576a60a9fd32d37531370ecdd61c47053c61a202,271974912,/mnt/lis-wam-data/dxl/mattergen_v1/experiments/corrector_residual_distillation_formal256/generation/V2_Frozen_Atomic75_Late30/67085/run_summary.json,28f6f0d1a79691afb6519c843db66827b4f5b63c300fb6e7a209ce9f4d1ec391,44.10879189349578,0.686,314,67085,True
0,0,,0,01dd3e86805165412e0810e2a77a4756f8e1020f3ff2707c74af0a3f88a1bb8e,0.0,,0,MgMn3Fe3O7,0.0,113.86669707205147,0,0,2000,C0,0,0,14,/mnt/lis-wam-data/dxl/mattergen_v1/experiments/corrector_residual_distillation_formal256/generation/C0/67086/generated_crystals.extxyz,917895271b00bedf4dcc33c36a6227f173c528b8cf63b835637e45033934be7b,335798272,/mnt/lis-wam-data/dxl/mattergen_v1/experiments/corrector_residual_distillation_formal256/generation/C0/67086/run_summary.json,d71a02db54da5b4045e2bbd620bc0e319f1685b488477378b99acd1610f4d7fa,31.615916616269523,0.0,1000,67086,True
616,700,a2fd0f17c27b760958b60c1d1386577883635a34fb2101eb08e38fd8472702c7,84,01dd3e86805165412e0810e2a77a4756f8e1020f3ff2707c74af0a3f88a1bb8e,0.616,,384,BeFe4H2O7,0.308,87.0071960228961,0,300,1384,V2_Frozen_Atomic75_Late30,0,0,14,/mnt/lis-wam-data/dxl/mattergen_v1/experiments/corrector_residual_distillation_formal256/generation/V2_Frozen_Atomic75_Late30/67086/generated_crystals.extxyz,2631e901a9e563679789c3f370ee63adff0c524fb42ce4bcb314afe3381c1ff8,326752256,/mnt/lis-wam-data/dxl/mattergen_v1/experiments/corrector_residual_distillation_formal256/generation/V2_Frozen_Atomic75_Late30/67086/run_summary.json,ec99f41736169c5da6ef6d4e4b3265e4b5ea4ed081d459b732e90882f4d9814b,41.37588802485548,0.616,384,67086,True
0,0,,0,01dd3e86805165412e0810e2a77a4756f8e1020f3ff2707c74af0a3f88a1bb8e,0.0,,0,EuNi3,0.0,113.90067397500388,0,0,2000,C0,0,0,12,/mnt/lis-wam-data/dxl/mattergen_v1/experiments/corrector_residual_distillation_formal256/generation/C0/67087/generated_crystals.extxyz,0309cdbc7a86e5d5a152ff4f28226d556c6282e30685445125dc6915d478a225,314891776,/mnt/lis-wam-data/dxl/mattergen_v1/experiments/corrector_residual_distillation_formal256/generation/C0/67087/run_summary.json,bb0cd24d49eca682b0de77437537e6ced720d912a4f01b1ff97efb9b28cb98d2,31.606485496214354,0.0,1000,67087,True
578,700,a2fd0f17c27b760958b60c1d1386577883635a34fb2101eb08e38fd8472702c7,122,01dd3e86805165412e0810e2a77a4756f8e1020f3ff2707c74af0a3f88a1bb8e,0.578,,422,BaEu3CuO7,0.289,94.77565668104216,0,300,1422,V2_Frozen_Atomic75_Late30,0,0,12,/mnt/lis-wam-data/dxl/mattergen_v1/experiments/corrector_residual_distillation_formal256/generation/V2_Frozen_Atomic75_Late30/67087/generated_crystals.extxyz,72b525970b189a7f3db6a56b6f6cacc74cd510d1ea44437eb0836cc99f6037ef,315406848,/mnt/lis-wam-data/dxl/mattergen_v1/experiments/corrector_residual_distillation_formal256/generation/V2_Frozen_Atomic75_Late30/67087/run_summary.json,826481f17a0cd41b7a85aec00c7398a32a341bac7db0d6992a0282ea99cde596,37.98443741851807,0.578,422,67087,True
0,0,,0,01dd3e86805165412e0810e2a77a4756f8e1020f3ff2707c74af0a3f88a1bb8e,0.0,,0,Eu2PtRh,0.0,114.47966423793696,0,0,2000,C0,0,0,4,/mnt/lis-wam-data/dxl/mattergen_v1/experiments/corrector_residual_distillation_formal256/generation/C0/67088/generated_crystals.extxyz,a99e564bf60653848bdba6e4aa172fa837bb4b9a328839f05176ce2a8b67938b,261559296,/mnt/lis-wam-data/dxl/mattergen_v1/experiments/corrector_residual_distillation_formal256/generation/C0/67088/run_summary.json,0b3788182e78638f29ec4924ee4e7a7b50272d8f88c6034f0ca8447310c9d36d,31.4466331113418,0.0,1000,67088,True
693,700,a2fd0f17c27b760958b60c1d1386577883635a34fb2101eb08e38fd8472702c7,7,01dd3e86805165412e0810e2a77a4756f8e1020f3ff2707c74af0a3f88a1bb8e,0.693,,307,Eu2PtRh,0.3465,80.05933760106564,0,300,1307,V2_Frozen_Atomic75_Late30,0,0,4,/mnt/lis-wam-data/dxl/mattergen_v1/experiments/corrector_residual_distillation_formal256/generation/V2_Frozen_Atomic75_Late30/67088/generated_crystals.extxyz,cfef11063766f2db0ee916fc4ccfbbbaf8418f70b602c2d74fefed61af72c079,259222528,/mnt/lis-wam-data/dxl/mattergen_v1/experiments/corrector_residual_distillation_formal256/generation/V2_Frozen_Atomic75_Late30/67088/run_summary.json,46fa8def5b1906bb44fee34cdd4d34bbbf6682f748d1d77e17ecdac5ce0ef29f,44.966647337737676,0.693,307,67088,True
0,0,,0,01dd3e86805165412e0810e2a77a4756f8e1020f3ff2707c74af0a3f88a1bb8e,0.0,,0,LiEu2Co,0.0,119.59289672784507,0,0,2000,C0,0,0,4,/mnt/lis-wam-data/dxl/mattergen_v1/experiments/corrector_residual_distillation_formal256/generation/C0/67089/generated_crystals.extxyz,7997dcce2e885b860c8d86db865de828e3e2b0c3dddea7482479d0d92fede0f2,257763840,/mnt/lis-wam-data/dxl/mattergen_v1/experiments/corrector_residual_distillation_formal256/generation/C0/67089/run_summary.json,72d105507377789bdb2a31054dd1f096adbb5584df8d6e572d68b6dfb9a128e4,30.1021222706265,0.0,1000,67089,True
700,700,a2fd0f17c27b760958b60c1d1386577883635a34fb2101eb08e38fd8472702c7,0,01dd3e86805165412e0810e2a77a4756f8e1020f3ff2707c74af0a3f88a1bb8e,0.7,,300,LiEu2Co,0.35,81.08031348511577,0,300,1300,V2_Frozen_Atomic75_Late30,0,0,4,/mnt/lis-wam-data/dxl/mattergen_v1/experiments/corrector_residual_distillation_formal256/generation/V2_Frozen_Atomic75_Late30/67089/generated_crystals.extxyz,fde87b430cf4354c957fa70900df2edb3fce91a2a6a215f34fdd0752ec0ca2f0,259235840,/mnt/lis-wam-data/dxl/mattergen_v1/experiments/corrector_residual_distillation_formal256/generation/V2_Frozen_Atomic75_Late30/67089/run_summary.json,01dcde1f4e289a59c9eaef8aec3a7637d799fbe8979dcacd8aba6c965123c0cc,44.400420339529965,0.7,300,67089,True
0,0,,0,01dd3e86805165412e0810e2a77a4756f8e1020f3ff2707c74af0a3f88a1bb8e,0.0,,0,Fe2Ni2Pt,0.0,112.14460787991993,0,0,2000,C0,0,0,5,/mnt/lis-wam-data/dxl/mattergen_v1/experiments/corrector_residual_distillation_formal256/generation/C0/67090/generated_crystals.extxyz,9fc78a412243952d9ae9d6f1de8839dfec445cf41df4bd2320c308fe0e9ee08b,267442176,/mnt/lis-wam-data/dxl/mattergen_v1/experiments/corrector_residual_distillation_formal256/generation/C0/67090/run_summary.json,26df7f340f4d3494be0b9fafb8bb64d50478bcce739f2580dbe46c55b483d9c7,32.10140967147292,0.0,1000,67090,True
697,700,a2fd0f17c27b760958b60c1d1386577883635a34fb2101eb08e38fd8472702c7,3,01dd3e86805165412e0810e2a77a4756f8e1020f3ff2707c74af0a3f88a1bb8e,0.697,,303,Fe4Pt,0.3485,79.99389188201167,0,300,1303,V2_Frozen_Atomic75_Late30,0,0,5,/mnt/lis-wam-data/dxl/mattergen_v1/experiments/corrector_residual_distillation_formal256/generation/V2_Frozen_Atomic75_Late30/67090/generated_crystals.extxyz,3ed8116809f66f9f529888232fc4cc512e5af35d9ce53653e91d18d1e2806a4e,266899968,/mnt/lis-wam-data/dxl/mattergen_v1/experiments/corrector_residual_distillation_formal256/generation/V2_Frozen_Atomic75_Late30/67090/run_summary.json,a9b7cd34f6947b0f03b52453716f7d7050adcb1cb950fdcdca95cde683abf4ca,45.00343607871812,0.697,303,67090,True
0,0,,0,01dd3e86805165412e0810e2a77a4756f8e1020f3ff2707c74af0a3f88a1bb8e,0.0,,0,Eu11In2Cu5,0.0,116.73580207000487,0,0,2000,C0,0,0,18,/mnt/lis-wam-data/dxl/mattergen_v1/experiments/corrector_residual_distillation_formal256/generation/C0/67091/generated_crystals.extxyz,d64d0d81ab060ba092da767fb818d0ac70cb105f6aa6d8b87da004b43a243ce6,358754304,/mnt/lis-wam-data/dxl/mattergen_v1/experiments/corrector_residual_distillation_formal256/generation/C0/67091/run_summary.json,a0de09724f167c328b79687fbb13d3db58b972bb2a18a87f17c84f8db075e050,30.838868077859516,0.0,1000,67091,True
601,700,a2fd0f17c27b760958b60c1d1386577883635a34fb2101eb08e38fd8472702c7,99,01dd3e86805165412e0810e2a77a4756f8e1020f3ff2707c74af0a3f88a1bb8e,0.601,,399,LiEu2O6,0.3005,87.92419219110161,0,300,1399,V2_Frozen_Atomic75_Late30,0,0,18,/mnt/lis-wam-data/dxl/mattergen_v1/experiments/corrector_residual_distillation_formal256/generation/V2_Frozen_Atomic75_Late30/67091/generated_crystals.extxyz,ff94b99af64acd38137f13f4207defb00ad56a9daa5028c81f71381b378a408d,359664128,/mnt/lis-wam-data/dxl/mattergen_v1/experiments/corrector_residual_distillation_formal256/generation/V2_Frozen_Atomic75_Late30/67091/run_summary.json,e09e961c74c9cdec5ac1fc77bd17c0895859da61f6c02704e945418d64fafa39,40.94436252738571,0.601,399,67091,True
0,0,,0,01dd3e86805165412e0810e2a77a4756f8e1020f3ff2707c74af0a3f88a1bb8e,0.0,,0,Li2(Eu2Bi)3,0.0,117.09133969200775,0,0,2000,C0,0,0,11,/mnt/lis-wam-data/dxl/mattergen_v1/experiments/corrector_residual_distillation_formal256/generation/C0/67092/generated_crystals.extxyz,a5af902ad0487bc258c330618b07d42fb9d9f76639f66b9ba85babd75d962da3,309179904,/mnt/lis-wam-data/dxl/mattergen_v1/experiments/corrector_residual_distillation_formal256/generation/C0/67092/run_summary.json,8544cdd50b92c12c384368e30ab2cfd845a6a4e84ac3b3ed53167515a012fb71,30.74522854951777,0.0,1000,67092,True
368,700,a2fd0f17c27b760958b60c1d1386577883635a34fb2101eb08e38fd8472702c7,332,01dd3e86805165412e0810e2a77a4756f8e1020f3ff2707c74af0a3f88a1bb8e,0.368,,632,Li2Eu5As4,0.184,100.68365079187788,0,300,1632,V2_Frozen_Atomic75_Late30,0,0,11,/mnt/lis-wam-data/dxl/mattergen_v1/experiments/corrector_residual_distillation_formal256/generation/V2_Frozen_Atomic75_Late30/67092/generated_crystals.extxyz,795fa5c647c4eab4e1820079ea3bc591f3871acdc6b1796f86dddd93588931f1,306924544,/mnt/lis-wam-data/dxl/mattergen_v1/experiments/corrector_residual_distillation_formal256/generation/V2_Frozen_Atomic75_Late30/67092/run_summary.json,9d5d43e4252c7aae3d3bd7f79e40dafc1e518826c08f29eaadcbc6b19a6ad4da,35.75555685243796,0.368,632,67092,True
0,0,,0,01dd3e86805165412e0810e2a77a4756f8e1020f3ff2707c74af0a3f88a1bb8e,0.0,,0,Eu2Hf2O7,0.0,124.06333266105503,0,0,2000,C0,0,0,11,/mnt/lis-wam-data/dxl/mattergen_v1/experiments/corrector_residual_distillation_formal256/generation/C0/67093/generated_crystals.extxyz,9dc33500bcb7e20b31d2d5e1365bebed817f75588294964f821295d7ddd4031c,308486656,/mnt/lis-wam-data/dxl/mattergen_v1/experiments/corrector_residual_distillation_formal256/generation/C0/67093/run_summary.json,b289800bbaba2cf23ab7f0eb28ee9968adab4d18cf1b5f67ecf68f0106c96a4a,29.01743748763637,0.0,1000,67093,True
677,700,a2fd0f17c27b760958b60c1d1386577883635a34fb2101eb08e38fd8472702c7,23,01dd3e86805165412e0810e2a77a4756f8e1020f3ff2707c74af0a3f88a1bb8e,0.677,,323,Eu2Ta2O7,0.3385,88.90375390206464,0,300,1323,V2_Frozen_Atomic75_Late30,0,0,11,/mnt/lis-wam-data/dxl/mattergen_v1/experiments/corrector_residual_distillation_formal256/generation/V2_Frozen_Atomic75_Late30/67093/generated_crystals.extxyz,09f4441a2abe2aa8a4206ca6d595f3164ba216aaa843607c5d3fe229a48e0b8b,307225600,/mnt/lis-wam-data/dxl/mattergen_v1/experiments/corrector_residual_distillation_formal256/generation/V2_Frozen_Atomic75_Late30/67093/run_summary.json,552054c543449522d18d53a3a394774a8f64fb9ebee083936759d565972bcfbb,40.49322826081921,0.677,323,67093,True
0,0,,0,01dd3e86805165412e0810e2a77a4756f8e1020f3ff2707c74af0a3f88a1bb8e,0.0,,0,Mn2CdFeO4,0.0,122.20891561498865,0,0,2000,C0,0,0,16,/mnt/lis-wam-data/dxl/mattergen_v1/experiments/corrector_residual_distillation_formal256/generation/C0/67094/generated_crystals.extxyz,d1830ddb85fd142c007e55ae5dd1f82825d3adf5a57a5541f94789a3d970e6b2,349709824,/mnt/lis-wam-data/dxl/mattergen_v1/experiments/corrector_residual_distillation_formal256/generation/C0/67094/run_summary.json,090b1281a4cb7b5a1bf107639fba2c14a11874f67ac2efe2daf11991d1a34610,29.457752586084382,0.0,1000,67094,True
387,700,a2fd0f17c27b760958b60c1d1386577883635a34fb2101eb08e38fd8472702c7,313,01dd3e86805165412e0810e2a77a4756f8e1020f3ff2707c74af0a3f88a1bb8e,0.387,,613,Mn5Fe9Ge2,0.1935,99.9918813451659,0,300,1613,V2_Frozen_Atomic75_Late30,0,0,16,/mnt/lis-wam-data/dxl/mattergen_v1/experiments/corrector_residual_distillation_formal256/generation/V2_Frozen_Atomic75_Late30/67094/generated_crystals.extxyz,33f3479fbfc8641f502abe4d58462be12e4bec033c6c13143cc6dbfceb45ae91,344591360,/mnt/lis-wam-data/dxl/mattergen_v1/experiments/corrector_residual_distillation_formal256/generation/V2_Frozen_Atomic75_Late30/67094/run_summary.json,9ecd2464d1c83fc86f43409cb645ba9517cb7c48c19b3cc169815a2dccabd0ec,36.002922953044745,0.387,613,67094,True
0,0,,0,01dd3e86805165412e0810e2a77a4756f8e1020f3ff2707c74af0a3f88a1bb8e,0.0,,0,Eu2BrO2,0.0,113.28145178593695,0,0,2000,C0,0,0,10,/mnt/lis-wam-data/dxl/mattergen_v1/experiments/corrector_residual_distillation_formal256/generation/C0/67095/generated_crystals.extxyz,c4420b6d8759489bdce45d50f58a7ea75cd8f6ea60eb0a2b181be06812580577,302232576,/mnt/lis-wam-data/dxl/mattergen_v1/experiments/corrector_residual_distillation_formal256/generation/C0/67095/run_summary.json,0ecd6ba29557b5d3e974977ab6a234f4584b783cfffc81507221578da398f304,31.779253736990977,0.0,1000,67095,True
663,700,a2fd0f17c27b760958b60c1d1386577883635a34fb2101eb08e38fd8472702c7,37,01dd3e86805165412e0810e2a77a4756f8e1020f3ff2707c74af0a3f88a1bb8e,0.663,,337,CaEu9,0.3315,82.22880584793165,0,300,1337,V2_Frozen_Atomic75_Late30,0,0,10,/mnt/lis-wam-data/dxl/mattergen_v1/experiments/corrector_residual_distillation_formal256/generation/V2_Frozen_Atomic75_Late30/67095/generated_crystals.extxyz,179e7cffa662e5cdeadab35b7e73f8d8230bdb3a15e7b3e40db1f4731ab048f2,301497856,/mnt/lis-wam-data/dxl/mattergen_v1/experiments/corrector_residual_distillation_formal256/generation/V2_Frozen_Atomic75_Late30/67095/run_summary.json,c565c489f10343b9cca6fca3875f12be74c4ac32bd1a0b5e71f04e51ae2001ae,43.780278247717646,0.663,337,67095,True
0,0,,0,01dd3e86805165412e0810e2a77a4756f8e1020f3ff2707c74af0a3f88a1bb8e,0.0,,0,Fe2Ge,0.0,111.22064562095329,0,0,2000,C0,0,0,6,/mnt/lis-wam-data/dxl/mattergen_v1/experiments/corrector_residual_distillation_formal256/generation/C0/67096/generated_crystals.extxyz,5e16d7e63e44282b95e8db6bd422cdb2ef03d5edd55000f5d55d549eb645879c,273080320,/mnt/lis-wam-data/dxl/mattergen_v1/experiments/corrector_residual_distillation_formal256/generation/C0/67096/run_summary.json,da7f92e6ac658802cf611517284a0ec40bfdd4a24a5607b6534597b10a0b052a,32.36809119296986,0.0,1000,67096,True
690,700,a2fd0f17c27b760958b60c1d1386577883635a34fb2101eb08e38fd8472702c7,10,01dd3e86805165412e0810e2a77a4756f8e1020f3ff2707c74af0a3f88a1bb8e,0.69,,310,Fe2Ge,0.345,81.69176427088678,0,300,1310,V2_Frozen_Atomic75_Late30,0,0,6,/mnt/lis-wam-data/dxl/mattergen_v1/experiments/corrector_residual_distillation_formal256/generation/V2_Frozen_Atomic75_Late30/67096/generated_crystals.extxyz,77fe9bd2b44ac4e3a39e318503d7f5b0c6c99a693cd66c77d269c3a19e898155,273025024,/mnt/lis-wam-data/dxl/mattergen_v1/experiments/corrector_residual_distillation_formal256/generation/V2_Frozen_Atomic75_Late30/67096/run_summary.json,d3627f641226275118e3ff96e7ec524b2fc6363f3c0373ce15c7122bb5efaf58,44.06808975336286,0.69,310,67096,True
0,0,,0,01dd3e86805165412e0810e2a77a4756f8e1020f3ff2707c74af0a3f88a1bb8e,0.0,,0,GdBO3,0.0,123.68356165010482,0,0,2000,C0,0,0,10,/mnt/lis-wam-data/dxl/mattergen_v1/experiments/corrector_residual_distillation_formal256/generation/C0/67097/generated_crystals.extxyz,ad1a89b56bc7e63a608d24984f3dfccee2424fd179cb23eba11755dffe039c8f,301403648,/mnt/lis-wam-data/dxl/mattergen_v1/experiments/corrector_residual_distillation_formal256/generation/C0/67097/run_summary.json,c5bbea8121bfa778459edf5738364cb4fb23809fc85a8ceb2334d610e1f1667c,29.106535678397073,0.0,1000,67097,True
697,700,a2fd0f17c27b760958b60c1d1386577883635a34fb2101eb08e38fd8472702c7,3,01dd3e86805165412e0810e2a77a4756f8e1020f3ff2707c74af0a3f88a1bb8e,0.697,,303,GdBO3,0.3485,83.26075442810543,0,300,1303,V2_Frozen_Atomic75_Late30,0,0,10,/mnt/lis-wam-data/dxl/mattergen_v1/experiments/corrector_residual_distillation_formal256/generation/V2_Frozen_Atomic75_Late30/67097/generated_crystals.extxyz,c6d025772047d8af8b9c7542322216a447099407690d11ca18d3286a47298a19,304972800,/mnt/lis-wam-data/dxl/mattergen_v1/experiments/corrector_residual_distillation_formal256/generation/V2_Frozen_Atomic75_Late30/67097/run_summary.json,3783b8ec6ce5c114da89111144982dfd54632d189b4cfe08f93ebdd498f5258a,43.237657702327844,0.697,303,67097,True
0,0,,0,01dd3e86805165412e0810e2a77a4756f8e1020f3ff2707c74af0a3f88a1bb8e,0.0,,0,Fe3Co,0.0,114.43648937600665,0,0,2000,C0,0,0,8,/mnt/lis-wam-data/dxl/mattergen_v1/experiments/corrector_residual_distillation_formal256/generation/C0/67098/generated_crystals.extxyz,949cb8f3d447f49ea60bafec8914bbea9bdc3eb1a0ed8b90d9af2be61908ef48,286404608,/mnt/lis-wam-data/dxl/mattergen_v1/experiments/corrector_residual_distillation_formal256/generation/C0/67098/run_summary.json,1a56f5f3d6bf38f7ae7c25cda68c30f15ccef058e59f2bdd12d6e5185c2b602d,31.458497369413315,0.0,1000,67098,True
649,700,a2fd0f17c27b760958b60c1d1386577883635a34fb2101eb08e38fd8472702c7,51,01dd3e86805165412e0810e2a77a4756f8e1020f3ff2707c74af0a3f88a1bb8e,0.649,,351,La2Fe5Co,0.3245,82.47773096803576,0,300,1351,V2_Frozen_Atomic75_Late30,0,0,8,/mnt/lis-wam-data/dxl/mattergen_v1/experiments/corrector_residual_distillation_formal256/generation/V2_Frozen_Atomic75_Late30/67098/generated_crystals.extxyz,59d63d9d72e2c1a0c3038298301aab4e3a57c5cf95a7a61fd1b527ada650b78f,287048704,/mnt/lis-wam-data/dxl/mattergen_v1/experiments/corrector_residual_distillation_formal256/generation/V2_Frozen_Atomic75_Late30/67098/run_summary.json,a8df3eeb7fa1e31a5500c01163cd9d33f24e600de5864481a3aa0dd4f15a5c41,43.64814547814343,0.649,351,67098,True
0,0,,0,01dd3e86805165412e0810e2a77a4756f8e1020f3ff2707c74af0a3f88a1bb8e,0.0,,0,Eu4NO2F,0.0,115.36252681887709,0,0,2000,C0,0,0,8,/mnt/lis-wam-data/dxl/mattergen_v1/experiments/corrector_residual_distillation_formal256/generation/C0/67099/generated_crystals.extxyz,e23b985faf523746e96e2e34a278b7b91331f3802169b988df2f7d1bb1c69d8a,287516160,/mnt/lis-wam-data/dxl/mattergen_v1/experiments/corrector_residual_distillation_formal256/generation/C0/67099/run_summary.json,3a46fe39614a8e3ff1b730d2a754deeec05df0389e4b8caef2fb21cd78039e46,31.20597389178305,0.0,1000,67099,True
489,700,a2fd0f17c27b760958b60c1d1386577883635a34fb2101eb08e38fd8472702c7,211,01dd3e86805165412e0810e2a77a4756f8e1020f3ff2707c74af0a3f88a1bb8e,0.489,,511,Fe3Ni,0.2445,92.39866122812964,0,300,1511,V2_Frozen_Atomic75_Late30,0,0,8,/mnt/lis-wam-data/dxl/mattergen_v1/experiments/corrector_residual_distillation_formal256/generation/V2_Frozen_Atomic75_Late30/67099/generated_crystals.extxyz,a408758304549e623c27ef8d13c197768c7f8f7cff6bee88859df1d4d01ea085,286569472,/mnt/lis-wam-data/dxl/mattergen_v1/experiments/corrector_residual_distillation_formal256/generation/V2_Frozen_Atomic75_Late30/67099/run_summary.json,0f6c78b8d153fc8f4a34c2c6d7a7cbddb256fe247d6fcd24dad9588a7c2b78e1,38.9616034707657,0.489,511,67099,True
0,0,,0,01dd3e86805165412e0810e2a77a4756f8e1020f3ff2707c74af0a3f88a1bb8e,0.0,,0,MnFe5Ge2N,0.0,116.00103201903403,0,0,2000,C0,0,0,9,/mnt/lis-wam-data/dxl/mattergen_v1/experiments/corrector_residual_distillation_formal256/generation/C0/67100/generated_crystals.extxyz,2553e314d250070a46ae897b53118f81822dc754e6ae5840e209356c29d54045,293553664,/mnt/lis-wam-data/dxl/mattergen_v1/experiments/corrector_residual_distillation_formal256/generation/C0/67100/run_summary.json,64ea4c800260f684130ed0fc65b77f76bfc5e95b70941a0901e53d45a679f562,31.034206656103663,0.0,1000,67100,True
553,700,a2fd0f17c27b760958b60c1d1386577883635a34fb2101eb08e38fd8472702c7,147,01dd3e86805165412e0810e2a77a4756f8e1020f3ff2707c74af0a3f88a1bb8e,0.553,,447,MnFeB,0.2765,90.06743940291926,0,300,1447,V2_Frozen_Atomic75_Late30,0,0,9,/mnt/lis-wam-data/dxl/mattergen_v1/experiments/corrector_residual_distillation_formal256/generation/V2_Frozen_Atomic75_Late30/67100/generated_crystals.extxyz,92ef224a73b04e7d67e2b532763bb5b03bffed73b2b71085c7ca77e21456ffbb,297058816,/mnt/lis-wam-data/dxl/mattergen_v1/experiments/corrector_residual_distillation_formal256/generation/V2_Frozen_Atomic75_Late30/67100/run_summary.json,2a6593c876804bf251c896a0551cb331edf4177631a6cf8d649864d403b70a81,39.97004937483897,0.553,447,67100,True
0,0,,0,01dd3e86805165412e0810e2a77a4756f8e1020f3ff2707c74af0a3f88a1bb8e,0.0,,0,Eu3Au,0.0,120.95380386803299,0,0,2000,C0,0,0,4,/mnt/lis-wam-data/dxl/mattergen_v1/experiments/corrector_residual_distillation_formal256/generation/C0/67101/generated_crystals.extxyz,b4bd25dc5867cffee54759e831392de869b56500b3a2faa7deab182f2b5a23ff,257890304,/mnt/lis-wam-data/dxl/mattergen_v1/experiments/corrector_residual_distillation_formal256/generation/C0/67101/run_summary.json,fd13d63e2e38a263d1aac2a857f3179803d563630afcecf706cfbbf89ee9d6e7,29.76342938274013,0.0,1000,67101,True
687,700,a2fd0f17c27b760958b60c1d1386577883635a34fb2101eb08e38fd8472702c7,13,01dd3e86805165412e0810e2a77a4756f8e1020f3ff2707c74af0a3f88a1bb8e,0.687,,313,Eu2CdSn,0.3435,80.58153331605718,0,300,1313,V2_Frozen_Atomic75_Late30,0,0,4,/mnt/lis-wam-data/dxl/mattergen_v1/experiments/corrector_residual_distillation_formal256/generation/V2_Frozen_Atomic75_Late30/67101/generated_crystals.extxyz,207b27ecc4685c3cf19343d77739cb2fc4c1c129dc585c847a6d6ac4da69729a,259347968,/mnt/lis-wam-data/dxl/mattergen_v1/experiments/corrector_residual_distillation_formal256/generation/V2_Frozen_Atomic75_Late30/67101/run_summary.json,ae46cd5c87e59d6ba316652c253197a76c7a9767cb7dec8dac354243a9ed649d,44.67524818471829,0.687,313,67101,True
0,0,,0,01dd3e86805165412e0810e2a77a4756f8e1020f3ff2707c74af0a3f88a1bb8e,0.0,,0,Eu3Zn2(NiAs2)2,0.0,112.1257710850332,0,0,2000,C0,0,0,11,/mnt/lis-wam-data/dxl/mattergen_v1/experiments/corrector_residual_distillation_formal256/generation/C0/67102/generated_crystals.extxyz,acb0bd104f492439069259487e13ea7a73ff13aaec29dd4675eb94f75fcc0ff9,307176960,/mnt/lis-wam-data/dxl/mattergen_v1/experiments/corrector_residual_distillation_formal256/generation/C0/67102/run_summary.json,5bf1679dd19a4fb2a1a874cf78b1d377ee4393840a08e1e64247d2c121fe3fb1,32.10680261248644,0.0,1000,67102,True
487,700,a2fd0f17c27b760958b60c1d1386577883635a34fb2101eb08e38fd8472702c7,213,01dd3e86805165412e0810e2a77a4756f8e1020f3ff2707c74af0a3f88a1bb8e,0.487,,513,Li(Eu4Ga)2,0.2435,99.10029303701594,0,300,1513,V2_Frozen_Atomic75_Late30,0,0,11,/mnt/lis-wam-data/dxl/mattergen_v1/experiments/corrector_residual_distillation_formal256/generation/V2_Frozen_Atomic75_Late30/67102/generated_crystals.extxyz,ea6af59a398d14683228825968ad9bc814b2c62ade0ed21328ba73ace3eee735,311103488,/mnt/lis-wam-data/dxl/mattergen_v1/experiments/corrector_residual_distillation_formal256/generation/V2_Frozen_Atomic75_Late30/67102/run_summary.json,ebb41aeb69c20c8d23e1373b106f2d176d5a1ea8bdf9fbf3c2d6c16abec4979c,36.3268350645071,0.487,513,67102,True
0,0,,0,01dd3e86805165412e0810e2a77a4756f8e1020f3ff2707c74af0a3f88a1bb8e,0.0,,0,LiEu2Ga,0.0,111.69278813106939,0,0,2000,C0,0,0,4,/mnt/lis-wam-data/dxl/mattergen_v1/experiments/corrector_residual_distillation_formal256/generation/C0/67103/generated_crystals.extxyz,8fcb50b98adf743796a851159c08467076536429a0ad8a33501eb476bcd2fbc5,259356160,/mnt/lis-wam-data/dxl/mattergen_v1/experiments/corrector_residual_distillation_formal256/generation/C0/67103/run_summary.json,c3675a718b8438ed64651f87fc20c219160f11ab23f4ad2af7baf411e06f108b,32.231266317530434,0.0,1000,67103,True
700,700,a2fd0f17c27b760958b60c1d1386577883635a34fb2101eb08e38fd8472702c7,0,01dd3e86805165412e0810e2a77a4756f8e1020f3ff2707c74af0a3f88a1bb8e,0.7,,300,MnCuPt2,0.35,80.46986909979023,0,300,1300,V2_Frozen_Atomic75_Late30,0,0,4,/mnt/lis-wam-data/dxl/mattergen_v1/experiments/corrector_residual_distillation_formal256/generation/V2_Frozen_Atomic75_Late30/67103/generated_crystals.extxyz,9dc1199f2346c2b3c1039b1bdd008820cfc0b87db4a6bcb70f93ba53ef5db42b,257163776,/mnt/lis-wam-data/dxl/mattergen_v1/experiments/corrector_residual_distillation_formal256/generation/V2_Frozen_Atomic75_Late30/67103/run_summary.json,55ea1f6c49c37ad227fdf55c7df10d7ac2b84079e0497de62b3c62da20535fbb,44.73724190523611,0.7,300,67103,True
0,0,,0,01dd3e86805165412e0810e2a77a4756f8e1020f3ff2707c74af0a3f88a1bb8e,0.0,,0,Mn2ZnFe2O7,0.0,114.63148591201752,0,0,2000,C0,0,0,12,/mnt/lis-wam-data/dxl/mattergen_v1/experiments/corrector_residual_distillation_formal256/generation/C0/67104/generated_crystals.extxyz,d78a4d42fb96af924974c6c6efb2b2a364431099fbc7f5afd258f5e111cf08c3,315009024,/mnt/lis-wam-data/dxl/mattergen_v1/experiments/corrector_residual_distillation_formal256/generation/C0/67104/run_summary.json,d8ec0bbb3a6c370574a3719a2c839f2b300b458422d493fa97d75b36b5e5a63c,31.40498416607012,0.0,1000,67104,True
472,700,a2fd0f17c27b760958b60c1d1386577883635a34fb2101eb08e38fd8472702c7,228,01dd3e86805165412e0810e2a77a4756f8e1020f3ff2707c74af0a3f88a1bb8e,0.472,,528,FeNi,0.236,101.4814924148377,0,300,1528,V2_Frozen_Atomic75_Late30,0,0,12,/mnt/lis-wam-data/dxl/mattergen_v1/experiments/corrector_residual_distillation_formal256/generation/V2_Frozen_Atomic75_Late30/67104/generated_crystals.extxyz,fcad98831509ccd9a20e82756dc1e10b3a21b83020a9fdc473ca018a73ce86c1,315197440,/mnt/lis-wam-data/dxl/mattergen_v1/experiments/corrector_residual_distillation_formal256/generation/V2_Frozen_Atomic75_Late30/67104/run_summary.json,8b0174fb1e4957ce5121fff039901ba04342d2142ac78c2fb96a69b62478873a,35.47444873281781,0.472,528,67104,True
0,0,,0,01dd3e86805165412e0810e2a77a4756f8e1020f3ff2707c74af0a3f88a1bb8e,0.0,,0,EuAl2In,0.0,112.9553514549043,0,0,2000,C0,0,0,8,/mnt/lis-wam-data/dxl/mattergen_v1/experiments/corrector_residual_distillation_formal256/generation/C0/67105/generated_crystals.extxyz,e81223c559e0c65c2361c0f4f699f39f3a3dfc7e2be07e5c543b59d6a0d6527b,287896064,/mnt/lis-wam-data/dxl/mattergen_v1/experiments/corrector_residual_distillation_formal256/generation/C0/67105/run_summary.json,ade3aa5458183a9121990db355aa16e86b606d7f68830b16af80709fb96ef3e1,31.87099994494059,0.0,1000,67105,True
698,700,a2fd0f17c27b760958b60c1d1386577883635a34fb2101eb08e38fd8472702c7,2,01dd3e86805165412e0810e2a77a4756f8e1020f3ff2707c74af0a3f88a1bb8e,0.698,,302,Eu6AlIn,0.349,79.40845445916057,0,300,1302,V2_Frozen_Atomic75_Late30,0,0,8,/mnt/lis-wam-data/dxl/mattergen_v1/experiments/corrector_residual_distillation_formal256/generation/V2_Frozen_Atomic75_Late30/67105/generated_crystals.extxyz,06c7ec948f32065041bca4dec913104504edaa8de142bc27b1ff567be55e19c8,286485504,/mnt/lis-wam-data/dxl/mattergen_v1/experiments/corrector_residual_distillation_formal256/generation/V2_Frozen_Atomic75_Late30/67105/run_summary.json,9fbf6b435c4fb7c6a8330efbaeaabad39a43ac5e47f320c15ae155b08b2c2ee8,45.3352231134465,0.698,302,67105,True
0,0,,0,01dd3e86805165412e0810e2a77a4756f8e1020f3ff2707c74af0a3f88a1bb8e,0.0,,0,Eu2ZnGe3,0.0,112.93239872483537,0,0,2000,C0,0,0,6,/mnt/lis-wam-data/dxl/mattergen_v1/experiments/corrector_residual_distillation_formal256/generation/C0/67106/generated_crystals.extxyz,0b6e2ae93b9a12593a677b3d3cabff79e87ee59f77f11a63710a88ea81046c1c,271724544,/mnt/lis-wam-data/dxl/mattergen_v1/experiments/corrector_residual_distillation_formal256/generation/C0/67106/run_summary.json,caaa7de87f3ae527a05c84c7e93e437ff5623e7abd1e8ab8b5462fc481802327,31.87747750556113,0.0,1000,67106,True
692,700,a2fd0f17c27b760958b60c1d1386577883635a34fb2101eb08e38fd8472702c7,8,01dd3e86805165412e0810e2a77a4756f8e1020f3ff2707c74af0a3f88a1bb8e,0.692,,308,Eu2ZnGe3,0.346,81.70157183893025,0,300,1308,V2_Frozen_Atomic75_Late30,0,0,6,/mnt/lis-wam-data/dxl/mattergen_v1/experiments/corrector_residual_distillation_formal256/generation/V2_Frozen_Atomic75_Late30/67106/generated_crystals.extxyz,19cd36ffd2247f0b301655c1565b5df140a3e8d37a775c549ef1ff310dbdf7a0,271932416,/mnt/lis-wam-data/dxl/mattergen_v1/experiments/corrector_residual_distillation_formal256/generation/V2_Frozen_Atomic75_Late30/67106/run_summary.json,6c249b5d57d2817aba3b556487b5e0e439e5759e49b5c3630f756283086bf287,44.062799759803696,0.692,308,67106,True
0,0,,0,01dd3e86805165412e0810e2a77a4756f8e1020f3ff2707c74af0a3f88a1bb8e,0.0,,0,NdEu3,0.0,114.1209921380505,0,0,2000,C0,0,0,8,/mnt/lis-wam-data/dxl/mattergen_v1/experiments/corrector_residual_distillation_formal256/generation/C0/67107/generated_crystals.extxyz,55bff690a4b928744d86b32539ab9496319a20e72f361484f109f5e264a86278,286406656,/mnt/lis-wam-data/dxl/mattergen_v1/experiments/corrector_residual_distillation_formal256/generation/C0/67107/run_summary.json,3bc9ae5c5375b1d6eecd74481053b7a56508029c2d842ab88da38d8c888b3547,31.545467074498728,0.0,1000,67107,True
669,700,a2fd0f17c27b760958b60c1d1386577883635a34fb2101eb08e38fd8472702c7,31,01dd3e86805165412e0810e2a77a4756f8e1020f3ff2707c74af0a3f88a1bb8e,0.669,,331,Fe2CoH,0.3345,82.78928080899641,0,300,1331,V2_Frozen_Atomic75_Late30,0,0,8,/mnt/lis-wam-data/dxl/mattergen_v1/experiments/corrector_residual_distillation_formal256/generation/V2_Frozen_Atomic75_Late30/67107/generated_crystals.extxyz,292419ae0e84d2f4cc08e263fb502447e5b7001bf54876751441962165a69e04,286495744,/mnt/lis-wam-data/dxl/mattergen_v1/experiments/corrector_residual_distillation_formal256/generation/V2_Frozen_Atomic75_Late30/67107/run_summary.json,2d309abcdc3a48087bbf5bf3d955207375c4bef6c6fc299f7fa44b4211bf615a,43.4838902430567,0.669,331,67107,True
0,0,,0,01dd3e86805165412e0810e2a77a4756f8e1020f3ff2707c74af0a3f88a1bb8e,0.0,,0,EuFeO3,0.0,112.48878593207337,0,0,2000,C0,0,0,5,/mnt/lis-wam-data/dxl/mattergen_v1/experiments/corrector_residual_distillation_formal256/generation/C0/67108/generated_crystals.extxyz,b6e9b9b28a78421c585117d0955eded81690f3df152e6ec1b12cdf9fbd9b8af5,266906624,/mnt/lis-wam-data/dxl/mattergen_v1/experiments/corrector_residual_distillation_formal256/generation/C0/67108/run_summary.json,dcca18ec3c6bffd8e45b25a42e95bf37e5ec09047f32362edfe579870c9300ed,32.00319009731218,0.0,1000,67108,True
699,700,a2fd0f17c27b760958b60c1d1386577883635a34fb2101eb08e38fd8472702c7,1,01dd3e86805165412e0810e2a77a4756f8e1020f3ff2707c74af0a3f88a1bb8e,0.699,,301,Eu(FeN)2,0.3495,79.72651897696778,0,300,1301,V2_Frozen_Atomic75_Late30,0,0,5,/mnt/lis-wam-data/dxl/mattergen_v1/experiments/corrector_residual_distillation_formal256/generation/V2_Frozen_Atomic75_Late30/67108/generated_crystals.extxyz,0f8534be715f82bd4da7d700bedde46cec6caa8e3de26026b4ce0a332b49462f,265109504,/mnt/lis-wam-data/dxl/mattergen_v1/experiments/corrector_residual_distillation_formal256/generation/V2_Frozen_Atomic75_Late30/67108/run_summary.json,fc62e0f11220dff847820da56e9df53a9da12f13e490a8996b2e481ca53e5895,45.15436075968656,0.699,301,67108,True
0,0,,0,01dd3e86805165412e0810e2a77a4756f8e1020f3ff2707c74af0a3f88a1bb8e,0.0,,0,MnFe2IrO4,0.0,123.71693459991366,0,0,2000,C0,0,0,8,/mnt/lis-wam-data/dxl/mattergen_v1/experiments/corrector_residual_distillation_formal256/generation/C0/67109/generated_crystals.extxyz,bc36996c86d0f687235e6074fbdcfe0f1a548130263012d4ae9ff61d2723c0f1,288797696,/mnt/lis-wam-data/dxl/mattergen_v1/experiments/corrector_residual_distillation_formal256/generation/C0/67109/run_summary.json,5c378b40dbc8943ea0285fd1147a8fd254ad51139c5fb7b5f5efedeae522063e,29.09868411824126,0.0,1000,67109,True
463,700,a2fd0f17c27b760958b60c1d1386577883635a34fb2101eb08e38fd8472702c7,237,01dd3e86805165412e0810e2a77a4756f8e1020f3ff2707c74af0a3f88a1bb8e,0.463,,537,Fe6CuNi,0.2315,92.3142731601838,0,300,1537,V2_Frozen_Atomic75_Late30,0,0,8,/mnt/lis-wam-data/dxl/mattergen_v1/experiments/corrector_residual_distillation_formal256/generation/V2_Frozen_Atomic75_Late30/67109/generated_crystals.extxyz,ff7a933f91a30d44bd288c5881f6d70f0cb213d9f6289f87e48fd6ecb85c25fe,286726656,/mnt/lis-wam-data/dxl/mattergen_v1/experiments/corrector_residual_distillation_formal256/generation/V2_Frozen_Atomic75_Late30/67109/run_summary.json,c3231a1ad39145de73c8bdd9a05aa27b1f80ce266ffd6f8c255a509ec6c834ac,38.9972197880308,0.463,537,67109,True
0,0,,0,01dd3e86805165412e0810e2a77a4756f8e1020f3ff2707c74af0a3f88a1bb8e,0.0,,0,MnFe2Co,0.0,118.09159559896216,0,0,2000,C0,0,0,4,/mnt/lis-wam-data/dxl/mattergen_v1/experiments/corrector_residual_distillation_formal256/generation/C0/67110/generated_crystals.extxyz,dbade1a8df1302f951ca46aa7520c5c5bc1eefa63b17db59c88b2d3a5643d016,257389056,/mnt/lis-wam-data/dxl/mattergen_v1/experiments/corrector_residual_distillation_formal256/generation/C0/67110/run_summary.json,5e27b7df3281e3e6b0be3b01a16189121a10f8c77490b3b58a32d129def350d7,30.484811232677075,0.0,1000,67110,True
699,700,a2fd0f17c27b760958b60c1d1386577883635a34fb2101eb08e38fd8472702c7,1,01dd3e86805165412e0810e2a77a4756f8e1020f3ff2707c74af0a3f88a1bb8e,0.699,,301,FeCo,0.3495,81.5773733551614,0,300,1301,V2_Frozen_Atomic75_Late30,0,0,4,/mnt/lis-wam-data/dxl/mattergen_v1/experiments/corrector_residual_distillation_formal256/generation/V2_Frozen_Atomic75_Late30/67110/generated_crystals.extxyz,7313a621947e96cbe991ec371b7158a69621542a3d5ddb761c7f9a77bce2b9e6,257163776,/mnt/lis-wam-data/dxl/mattergen_v1/experiments/corrector_residual_distillation_formal256/generation/V2_Frozen_Atomic75_Late30/67110/run_summary.json,55e44232e14ca62e821708a7a09f84ed0d96edd9f4c41729295c7be891670106,44.129883715754964,0.699,301,67110,True
0,0,,0,01dd3e86805165412e0810e2a77a4756f8e1020f3ff2707c74af0a3f88a1bb8e,0.0,,0,FeCo2,0.0,114.80538819986396,0,0,2000,C0,0,0,9,/mnt/lis-wam-data/dxl/mattergen_v1/experiments/corrector_residual_distillation_formal256/generation/C0/67111/generated_crystals.extxyz,5e70664d99a9c146eb4e6931283f9837274fe24256d2095c007f185d446324df,295319552,/mnt/lis-wam-data/dxl/mattergen_v1/experiments/corrector_residual_distillation_formal256/generation/C0/67111/run_summary.json,2248877932cb346ca663fe22978c7e0ad0256e4756a71d7e5c88fa725de374f0,31.35741324033314,0.0,1000,67111,True
635,700,a2fd0f17c27b760958b60c1d1386577883635a34fb2101eb08e38fd8472702c7,65,01dd3e86805165412e0810e2a77a4756f8e1020f3ff2707c74af0a3f88a1bb8e,0.635,,365,Fe4Co5,0.3175,85.86211736383848,0,300,1365,V2_Frozen_Atomic75_Late30,0,0,9,/mnt/lis-wam-data/dxl/mattergen_v1/experiments/corrector_residual_distillation_formal256/generation/V2_Frozen_Atomic75_Late30/67111/generated_crystals.extxyz,03dfe8e96cf0b967321cfa0641fdfe0f68c9a4fbdbbb77fd45315e95d54d375f,294617600,/mnt/lis-wam-data/dxl/mattergen_v1/experiments/corrector_residual_distillation_formal256/generation/V2_Frozen_Atomic75_Late30/67111/run_summary.json,7ea13febc6c56d0d578d661d2a0dc3616c37fb73a28e4184da727461c0a6ce83,41.92768720977488,0.635,365,67111,True
0,0,,0,01dd3e86805165412e0810e2a77a4756f8e1020f3ff2707c74af0a3f88a1bb8e,0.0,,0,Eu2HOsO6,0.0,116.39021396101452,0,0,2000,C0,0,0,10,/mnt/lis-wam-data/dxl/mattergen_v1/experiments/corrector_residual_distillation_formal256/generation/C0/67112/generated_crystals.extxyz,3b9785c3eea680e7af7a7cb44bafd604ebbf7c9e90d9841e87b209e0ab5d6ac7,303211008,/mnt/lis-wam-data/dxl/mattergen_v1/experiments/corrector_residual_distillation_formal256/generation/C0/67112/run_summary.json,7eb41d4e69cf1fab7b3004ff1af6b2fceac20df88d36f582b74caff01a954f92,30.93043545057695,0.0,1000,67112,True
669,700,a2fd0f17c27b760958b60c1d1386577883635a34fb2101eb08e38fd8472702c7,31,01dd3e86805165412e0810e2a77a4756f8e1020f3ff2707c74af0a3f88a1bb8e,0.669,,331,Eu2O3,0.3345,89.29823789303191,0,300,1331,V2_Frozen_Atomic75_Late30,0,0,10,/mnt/lis-wam-data/dxl/mattergen_v1/experiments/corrector_residual_distillation_formal256/generation/V2_Frozen_Atomic75_Late30/67112/generated_crystals.extxyz,25a9a924a76c21f56ebc47425b6ef7df0c188da1c0b90c73666dbb74475cb1ab,303144448,/mnt/lis-wam-data/dxl/mattergen_v1/experiments/corrector_residual_distillation_formal256/generation/V2_Frozen_Atomic75_Late30/67112/run_summary.json,afbfc4b590e9c2faa1726aa7133309aca629f38ca6760eb817a0ba957209ac26,40.31434533246164,0.669,331,67112,True
0,0,,0,01dd3e86805165412e0810e2a77a4756f8e1020f3ff2707c74af0a3f88a1bb8e,0.0,,0,Eu5GdBi3,0.0,111.88289715792052,0,0,2000,C0,0,0,9,/mnt/lis-wam-data/dxl/mattergen_v1/experiments/corrector_residual_distillation_formal256/generation/C0/67113/generated_crystals.extxyz,4b7e3f987bce8ce31e4819098650f3432de66e82bf03153ed8a39fb8e5a0e1e0,293220864,/mnt/lis-wam-data/dxl/mattergen_v1/experiments/corrector_residual_distillation_formal256/generation/C0/67113/run_summary.json,406897e1b8f8b8292df37d7c6f6f8169b0b233db1450d24acf03e7462fd620f8,32.17649963889182,0.0,1000,67113,True
678,700,a2fd0f17c27b760958b60c1d1386577883635a34fb2101eb08e38fd8472702c7,22,01dd3e86805165412e0810e2a77a4756f8e1020f3ff2707c74af0a3f88a1bb8e,0.678,,322,Eu5GdSe3,0.339,81.45490280888043,0,300,1322,V2_Frozen_Atomic75_Late30,0,0,9,/mnt/lis-wam-data/dxl/mattergen_v1/experiments/corrector_residual_distillation_formal256/generation/V2_Frozen_Atomic75_Late30/67113/generated_crystals.extxyz,cd500226b12dcf4faa614a8ede15e18edbc2a79fa98604106ae7a0b749873595,295910400,/mnt/lis-wam-data/dxl/mattergen_v1/experiments/corrector_residual_distillation_formal256/generation/V2_Frozen_Atomic75_Late30/67113/run_summary.json,f2b9a204b3e24ab2a44a368475991fce959e70ae63d5ad0539acd4a7ea838cdb,44.196234675360984,0.678,322,67113,True
0,0,,0,01dd3e86805165412e0810e2a77a4756f8e1020f3ff2707c74af0a3f88a1bb8e,0.0,,0,LiMn6O9,0.0,113.65865387301892,0,0,2000,C0,0,0,16,/mnt/lis-wam-data/dxl/mattergen_v1/experiments/corrector_residual_distillation_formal256/generation/C0/67114/generated_crystals.extxyz,81ce7d8f0d3afeeae38f4e258989ca6f8d3cff3915d4fa103b4f52bc41d4fea4,344198656,/mnt/lis-wam-data/dxl/mattergen_v1/experiments/corrector_residual_distillation_formal256/generation/C0/67114/run_summary.json,0bbbbbdc6339f291b497361b9a49025cc4535e6d0c19812ef93349144e85db27,31.673787057358357,0.0,1000,67114,True
556,700,a2fd0f17c27b760958b60c1d1386577883635a34fb2101eb08e38fd8472702c7,144,01dd3e86805165412e0810e2a77a4756f8e1020f3ff2707c74af0a3f88a1bb8e,0.556,,444,Mn3ZnO4,0.278,96.36020069895312,0,300,1444,V2_Frozen_Atomic75_Late30,0,0,16,/mnt/lis-wam-data/dxl/mattergen_v1/experiments/corrector_residual_distillation_formal256/generation/V2_Frozen_Atomic75_Late30/67114/generated_crystals.extxyz,50b573aabb792a88baea62e85dc3033611895143428739d248e9a0e87e67b916,341920768,/mnt/lis-wam-data/dxl/mattergen_v1/experiments/corrector_residual_distillation_formal256/generation/V2_Frozen_Atomic75_Late30/67114/run_summary.json,825565b707bb66d5eb2737c808b3668a3abf0e11aec235a5646af76e0828e0a7,37.359822560426764,0.556,444,67114,True
0,0,,0,01dd3e86805165412e0810e2a77a4756f8e1020f3ff2707c74af0a3f88a1bb8e,0.0,,0,Eu2GaSnO6,0.0,113.18411680706777,0,0,2000,C0,0,0,10,/mnt/lis-wam-data/dxl/mattergen_v1/experiments/corrector_residual_distillation_formal256/generation/C0/67115/generated_crystals.extxyz,4283007e54c87c561e0296a405120b26b168c7231e33f7d70e3d5bc252fce830,303209984,/mnt/lis-wam-data/dxl/mattergen_v1/experiments/corrector_residual_distillation_formal256/generation/C0/67115/run_summary.json,81ebc1abca08c3732dd338f211005fcd903ceac121ecc6c56335ff6dca08b5ed,31.806582951356287,0.0,1000,67115,True
662,700,a2fd0f17c27b760958b60c1d1386577883635a34fb2101eb08e38fd8472702c7,38,01dd3e86805165412e0810e2a77a4756f8e1020f3ff2707c74af0a3f88a1bb8e,0.662,,338,Eu2ScPdO6,0.331,84.22386702895164,0,300,1338,V2_Frozen_Atomic75_Late30,0,0,10,/mnt/lis-wam-data/dxl/mattergen_v1/experiments/corrector_residual_distillation_formal256/generation/V2_Frozen_Atomic75_Late30/67115/generated_crystals.extxyz,d8b9f341939915ae2e52dbeb6e59075ff2658ae9172085719c15c24b1e3e3953,300054528,/mnt/lis-wam-data/dxl/mattergen_v1/experiments/corrector_residual_distillation_formal256/generation/V2_Frozen_Atomic75_Late30/67115/run_summary.json,1f1e4398b42b320798248b761ea36e64d1e7ec04ef4a8782083024e9d15e0f6f,42.74322857631927,0.662,338,67115,True
0,0,,0,01dd3e86805165412e0810e2a77a4756f8e1020f3ff2707c74af0a3f88a1bb8e,0.0,,0,Eu2ZnCu,0.0,121.8091966600623,0,0,2000,C0,0,0,4,/mnt/lis-wam-data/dxl/mattergen_v1/experiments/corrector_residual_distillation_formal256/generation/C0/67116/generated_crystals.extxyz,42d8e711b99175a11d40dcac5650fda1ab22c525f7decf7768b6cdac29f3c828,257566208,/mnt/lis-wam-data/dxl/mattergen_v1/experiments/corrector_residual_distillation_formal256/generation/C0/67116/run_summary.json,863dcee1204dcb1951a682e79fb94ef9ccce26c500c2437e01c58111a6418e41,29.554418703266396,0.0,1000,67116,True
695,700,a2fd0f17c27b760958b60c1d1386577883635a34fb2101eb08e38fd8472702c7,5,01dd3e86805165412e0810e2a77a4756f8e1020f3ff2707c74af0a3f88a1bb8e,0.695,,305,Eu2GeCl,0.3475,81.77647363906726,0,300,1305,V2_Frozen_Atomic75_Late30,0,0,4,/mnt/lis-wam-data/dxl/mattergen_v1/experiments/corrector_residual_distillation_formal256/generation/V2_Frozen_Atomic75_Late30/67116/generated_crystals.extxyz,216ef1577c56dfc530f81b2a11b1c787f18b24897925c23d3d5ff6b95da2a10e,259077632,/mnt/lis-wam-data/dxl/mattergen_v1/experiments/corrector_residual_distillation_formal256/generation/V2_Frozen_Atomic75_Late30/67116/run_summary.json,4721b4da1fea032664b2b3795e193387a597241a9018e8e01f471cb91c5c2206,44.022441171639905,0.695,305,67116,True
0,0,,0,01dd3e86805165412e0810e2a77a4756f8e1020f3ff2707c74af0a3f88a1bb8e,0.0,,0,FeCo2H,0.0,113.77403923403472,0,0,2000,C0,0,0,4,/mnt/lis-wam-data/dxl/mattergen_v1/experiments/corrector_residual_distillation_formal256/generation/C0/67117/generated_crystals.extxyz,09193d6d2d5355b79d3770b0276ca919c3c04a96e9da1b9ee39ec34ee88e9de2,257634816,/mnt/lis-wam-data/dxl/mattergen_v1/experiments/corrector_residual_distillation_formal256/generation/C0/67117/run_summary.json,ecf629575375de624da290954a5bb3aff12d771c9e44eb8ccf500b53c1ad1d71,31.641664691140587,0.0,1000,67117,True
700,700,a2fd0f17c27b760958b60c1d1386577883635a34fb2101eb08e38fd8472702c7,0,01dd3e86805165412e0810e2a77a4756f8e1020f3ff2707c74af0a3f88a1bb8e,0.7,,300,GdFeO2,0.35,79.51523122284561,0,300,1300,V2_Frozen_Atomic75_Late30,0,0,4,/mnt/lis-wam-data/dxl/mattergen_v1/experiments/corrector_residual_distillation_formal256/generation/V2_Frozen_Atomic75_Late30/67117/generated_crystals.extxyz,92c2184cc2e35a81ce82775d424dd889e2d91b4447fac5eb39a3649397ff7cef,257779200,/mnt/lis-wam-data/dxl/mattergen_v1/experiments/corrector_residual_distillation_formal256/generation/V2_Frozen_Atomic75_Late30/67117/run_summary.json,b36cfdc8662943b1bedcb2655037480ff6c55fc7c1b7bf41f05e783d27462a86,45.274344859927666,0.7,300,67117,True
0,0,,0,01dd3e86805165412e0810e2a77a4756f8e1020f3ff2707c74af0a3f88a1bb8e,0.0,,0,EuGd3O6,0.0,119.74509066995233,0,0,2000,C0,0,0,10,/mnt/lis-wam-data/dxl/mattergen_v1/experiments/corrector_residual_distillation_formal256/generation/C0/67118/generated_crystals.extxyz,fc2dd8314a32fb66656a0a7fb30f76b28fd1baded59ab666422deaa1467ba76d,301753344,/mnt/lis-wam-data/dxl/mattergen_v1/experiments/corrector_residual_distillation_formal256/generation/C0/67118/run_summary.json,9a3d9e1723e561142d77265801434bf324b352316752991b3ba3629ad0a64e32,30.063862993118505,0.0,1000,67118,True
661,700,a2fd0f17c27b760958b60c1d1386577883635a34fb2101eb08e38fd8472702c7,39,01dd3e86805165412e0810e2a77a4756f8e1020f3ff2707c74af0a3f88a1bb8e,0.661,,339,Eu2Gd2TeO5,0.3305,83.48685198905878,0,300,1339,V2_Frozen_Atomic75_Late30,0,0,10,/mnt/lis-wam-data/dxl/mattergen_v1/experiments/corrector_residual_distillation_formal256/generation/V2_Frozen_Atomic75_Late30/67118/generated_crystals.extxyz,615d879dc427a7e558e87fb1e7eddb9823679d2c06894c6931cc133582718f08,300346368,/mnt/lis-wam-data/dxl/mattergen_v1/experiments/corrector_residual_distillation_formal256/generation/V2_Frozen_Atomic75_Late30/67118/run_summary.json,bbd6d0eef8848b3d3ba749044f49f3d20e61c58adcf2e7f6f5e59741a5ab2048,43.120562270952455,0.661,339,67118,True
0,0,,0,01dd3e86805165412e0810e2a77a4756f8e1020f3ff2707c74af0a3f88a1bb8e,0.0,,0,AlCoNi2,0.0,114.84615327394567,0,0,2000,C0,0,0,4,/mnt/lis-wam-data/dxl/mattergen_v1/experiments/corrector_residual_distillation_formal256/generation/C0/67119/generated_crystals.extxyz,6572d081ece71b0912fd8fcfd6905152b9630357ba42fe6ad578c6911d87d183,257968128,/mnt/lis-wam-data/dxl/mattergen_v1/experiments/corrector_residual_distillation_formal256/generation/C0/67119/run_summary.json,68cf89c746272501ab6a2a6d3ae7d24d6e784ffce0ea636523044c62c4e4168e,31.346282808557127,0.0,1000,67119,True
700,700,a2fd0f17c27b760958b60c1d1386577883635a34fb2101eb08e38fd8472702c7,0,01dd3e86805165412e0810e2a77a4756f8e1020f3ff2707c74af0a3f88a1bb8e,0.7,,300,FeCoNi2,0.35,87.5119589860551,0,300,1300,V2_Frozen_Atomic75_Late30,0,0,4,/mnt/lis-wam-data/dxl/mattergen_v1/experiments/corrector_residual_distillation_formal256/generation/V2_Frozen_Atomic75_Late30/67119/generated_crystals.extxyz,fb87b0d45ec5c486758fd67410db173f484c177b7ace71e5daaf3bb012778ffd,257908736,/mnt/lis-wam-data/dxl/mattergen_v1/experiments/corrector_residual_distillation_formal256/generation/V2_Frozen_Atomic75_Late30/67119/run_summary.json,99f6bf81e7fde8dc30f16babbddf663dd134ead243abcd173609b37e374bd2dc,41.137234747237855,0.7,300,67119,True
0,0,,0,01dd3e86805165412e0810e2a77a4756f8e1020f3ff2707c74af0a3f88a1bb8e,0.0,,0,Eu3AlO6,0.0,117.40002628811635,0,0,2000,C0,0,0,10,/mnt/lis-wam-data/dxl/mattergen_v1/experiments/corrector_residual_distillation_formal256/generation/C0/67120/generated_crystals.extxyz,28f17b7252d58049395e34620b3cbf18ccfd03cd2191bfe275a4fa5a521443cb,303723520,/mnt/lis-wam-data/dxl/mattergen_v1/experiments/corrector_residual_distillation_formal256/generation/C0/67120/run_summary.json,2a3dd0fddadeb027aa5d69f3af76128a74a324005a9287ce765419de994d1d28,30.66438836363706,0.0,1000,67120,True
667,700,a2fd0f17c27b760958b60c1d1386577883635a34fb2101eb08e38fd8472702c7,33,01dd3e86805165412e0810e2a77a4756f8e1020f3ff2707c74af0a3f88a1bb8e,0.667,,333,EuAlO3,0.3335,81.99423166690394,0,300,1333,V2_Frozen_Atomic75_Late30,0,0,10,/mnt/lis-wam-data/dxl/mattergen_v1/experiments/corrector_residual_distillation_formal256/generation/V2_Frozen_Atomic75_Late30/67120/generated_crystals.extxyz,b0b78dad860cf8fea62423a6ea15862f6de95d9934843540f4e23e3e61ec3ef8,301873664,/mnt/lis-wam-data/dxl/mattergen_v1/experiments/corrector_residual_distillation_formal256/generation/V2_Frozen_Atomic75_Late30/67120/run_summary.json,c32de53e3566619dac90ebaddc0e47803f4612b8b2abe79f3831098219095514,43.90552758180305,0.667,333,67120,True
0,0,,0,01dd3e86805165412e0810e2a77a4756f8e1020f3ff2707c74af0a3f88a1bb8e,0.0,,0,Mn2ZnFe,0.0,114.64785095094703,0,0,2000,C0,0,0,4,/mnt/lis-wam-data/dxl/mattergen_v1/experiments/corrector_residual_distillation_formal256/generation/C0/67121/generated_crystals.extxyz,8ee7a56d9c35ab348da3cfe72023c386bf55b8054d3a6be7de75668073ea1bd1,257762816,/mnt/lis-wam-data/dxl/mattergen_v1/experiments/corrector_residual_distillation_formal256/generation/C0/67121/run_summary.json,d3f0e191b9fb58cec4515f52f050d19e4c55428c185ecdac11fbd7b173196d05,31.400501362561847,0.0,1000,67121,True
700,700,a2fd0f17c27b760958b60c1d1386577883635a34fb2101eb08e38fd8472702c7,0,01dd3e86805165412e0810e2a77a4756f8e1020f3ff2707c74af0a3f88a1bb8e,0.7,,300,MnZnFeCo,0.35,79.77728138794191,0,300,1300,V2_Frozen_Atomic75_Late30,0,0,4,/mnt/lis-wam-data/dxl/mattergen_v1/experiments/corrector_residual_distillation_formal256/generation/V2_Frozen_Atomic75_Late30/67121/generated_crystals.extxyz,a69608b787481bf8369044f76a09112e8a8d42d09bdf7a52eb07cbf26d4424e8,257455104,/mnt/lis-wam-data/dxl/mattergen_v1/experiments/corrector_residual_distillation_formal256/generation/V2_Frozen_Atomic75_Late30/67121/run_summary.json,2adac2e5dd64ac083b927a516dee750a21e88a4eb90598dce92d7d2b55e54238,45.12562896815044,0.7,300,67121,True
0,0,,0,01dd3e86805165412e0810e2a77a4756f8e1020f3ff2707c74af0a3f88a1bb8e,0.0,,0,BaEu7,0.0,112.97878140979446,0,0,2000,C0,0,0,8,/mnt/lis-wam-data/dxl/mattergen_v1/experiments/corrector_residual_distillation_formal256/generation/C0/67122/generated_crystals.extxyz,8252c1cbca3966889e629b440757736d50ee16df99587b939b2a7426a2d0b2da,286747136,/mnt/lis-wam-data/dxl/mattergen_v1/experiments/corrector_residual_distillation_formal256/generation/C0/67122/run_summary.json,ff8a657869a07c86f1095eae4c7a4f1097a469bd4fd1fdca92dc8a3f696aee9c,31.86439041984485,0.0,1000,67122,True
595,700,a2fd0f17c27b760958b60c1d1386577883635a34fb2101eb08e38fd8472702c7,105,01dd3e86805165412e0810e2a77a4756f8e1020f3ff2707c74af0a3f88a1bb8e,0.595,,405,Eu2(CoNi)3,0.2975,93.00810117111541,0,300,1405,V2_Frozen_Atomic75_Late30,0,0,8,/mnt/lis-wam-data/dxl/mattergen_v1/experiments/corrector_residual_distillation_formal256/generation/V2_Frozen_Atomic75_Late30/67122/generated_crystals.extxyz,ae1223f9566a3c2d410f0a26b54347555ee84684363ba748108e79086eb1e49c,287065088,/mnt/lis-wam-data/dxl/mattergen_v1/experiments/corrector_residual_distillation_formal256/generation/V2_Frozen_Atomic75_Late30/67122/run_summary.json,0a00c762e297929162b41a0e2cace8d1f9bc2e290127057f10346cde55a3bb57,38.706305737569615,0.595,405,67122,True
0,0,,0,01dd3e86805165412e0810e2a77a4756f8e1020f3ff2707c74af0a3f88a1bb8e,0.0,,0,Na2(EuGe)5,0.0,112.93809649394825,0,0,2000,C0,0,0,12,/mnt/lis-wam-data/dxl/mattergen_v1/experiments/corrector_residual_distillation_formal256/generation/C0/67123/generated_crystals.extxyz,8ee284b487fc7a52b1c6d96c2526db0e7c46308e86bcf0e125f9e859b01b324c,320202752,/mnt/lis-wam-data/dxl/mattergen_v1/experiments/corrector_residual_distillation_formal256/generation/C0/67123/run_summary.json,037a818504480f6f632a8e1ecfa3f0696c18e731a8c3bf5dbbed687e30bb8a8d,31.875869274925353,0.0,1000,67123,True
435,700,a2fd0f17c27b760958b60c1d1386577883635a34fb2101eb08e38fd8472702c7,265,01dd3e86805165412e0810e2a77a4756f8e1020f3ff2707c74af0a3f88a1bb8e,0.435,,565,Fe5Ni7,0.2175,96.50874286913313,0,300,1565,V2_Frozen_Atomic75_Late30,0,0,12,/mnt/lis-wam-data/dxl/mattergen_v1/experiments/corrector_residual_distillation_formal256/generation/V2_Frozen_Atomic75_Late30/67123/generated_crystals.extxyz,eaff4e935b13dfa6545ec0fb547dc0f677ec35d781cbbdc8425498f8b2d444f7,315974656,/mnt/lis-wam-data/dxl/mattergen_v1/experiments/corrector_residual_distillation_formal256/generation/V2_Frozen_Atomic75_Late30/67123/run_summary.json,aa75c1e21cd6a25187fa33a98d6a9183f873f480d505abdc10226d2ceded8d53,37.302319903613686,0.435,565,67123,True
0,0,,0,01dd3e86805165412e0810e2a77a4756f8e1020f3ff2707c74af0a3f88a1bb8e,0.0,,0,LiEu2HIr,0.0,114.10326127102599,0,0,2000,C0,0,0,5,/mnt/lis-wam-data/dxl/mattergen_v1/experiments/corrector_residual_distillation_formal256/generation/C0/67124/generated_crystals.extxyz,31d28509279298ce19231137c2b10003f7d33ea5757caf515abf821c61efd60f,264350720,/mnt/lis-wam-data/dxl/mattergen_v1/experiments/corrector_residual_distillation_formal256/generation/C0/67124/run_summary.json,49ad91663c3d4556bb86abb4379fbc992744e3e51df04f5884add8ab09d72956,31.550369024501677,0.0,1000,67124,True
676,700,a2fd0f17c27b760958b60c1d1386577883635a34fb2101eb08e38fd8472702c7,24,01dd3e86805165412e0810e2a77a4756f8e1020f3ff2707c74af0a3f88a1bb8e,0.676,,324,Eu2AlH2,0.338,84.68418170814402,0,300,1324,V2_Frozen_Atomic75_Late30,0,0,5,/mnt/lis-wam-data/dxl/mattergen_v1/experiments/corrector_residual_distillation_formal256/generation/V2_Frozen_Atomic75_Late30/67124/generated_crystals.extxyz,b31d8c1b7d86e7ed6b1312e12d2f644fc3c5361f4150afd829f9f7dbb02782d9,264956416,/mnt/lis-wam-data/dxl/mattergen_v1/experiments/corrector_residual_distillation_formal256/generation/V2_Frozen_Atomic75_Late30/67124/run_summary.json,74f482478a72f365ba5cc119e0eea217b7e94dd044280d47f49c28c69c71866a,42.51089078721995,0.676,324,67124,True
0,0,,0,01dd3e86805165412e0810e2a77a4756f8e1020f3ff2707c74af0a3f88a1bb8e,0.0,,0,Fe5Co3,0.0,114.48082562792115,0,0,2000,C0,0,0,8,/mnt/lis-wam-data/dxl/mattergen_v1/experiments/corrector_residual_distillation_formal256/generation/C0/67125/generated_crystals.extxyz,d55288d1329c52b0fca473626eb67d934f1188ddb746ad24ea69e757d1db0e41,288113664,/mnt/lis-wam-data/dxl/mattergen_v1/experiments/corrector_residual_distillation_formal256/generation/C0/67125/run_summary.json,ee69e6090c569dbb2a6845cecd291f913bc042a50a5ea7529ccc4a00f2563623,31.446314090191038,0.0,1000,67125,True
354,700,a2fd0f17c27b760958b60c1d1386577883635a34fb2101eb08e38fd8472702c7,346,01dd3e86805165412e0810e2a77a4756f8e1020f3ff2707c74af0a3f88a1bb8e,0.354,,646,Fe4NiPt3,0.177,98.53162656584755,0,300,1646,V2_Frozen_Atomic75_Late30,0,0,8,/mnt/lis-wam-data/dxl/mattergen_v1/experiments/corrector_residual_distillation_formal256/generation/V2_Frozen_Atomic75_Late30/67125/generated_crystals.extxyz,31b8c8fb27ffb13c34becea981231507a247bc83a2598b73840655d56bb5ff38,286578176,/mnt/lis-wam-data/dxl/mattergen_v1/experiments/corrector_residual_distillation_formal256/generation/V2_Frozen_Atomic75_Late30/67125/run_summary.json,26a7007eb30e3c532a94b6ea2e2a656ebf8426f1c04ff2670c00ecb6ceb13efd,36.53649214441986,0.354,646,67125,True
0,0,,0,01dd3e86805165412e0810e2a77a4756f8e1020f3ff2707c74af0a3f88a1bb8e,0.0,,0,Mn3(OF2)2,0.0,114.4864940228872,0,0,2000,C0,0,0,18,/mnt/lis-wam-data/dxl/mattergen_v1/experiments/corrector_residual_distillation_formal256/generation/C0/67126/generated_crystals.extxyz,569153970a352390236f752b8c6ed610710b695149a739aa97fcbc5930623291,358802944,/mnt/lis-wam-data/dxl/mattergen_v1/experiments/corrector_residual_distillation_formal256/generation/C0/67126/run_summary.json,45705c29672123c8c03af7d6fd221f96eb06956e4370c7299c9579442d52348c,31.44475713685771,0.0,1000,67126,True
557,700,a2fd0f17c27b760958b60c1d1386577883635a34fb2101eb08e38fd8472702c7,143,01dd3e86805165412e0810e2a77a4756f8e1020f3ff2707c74af0a3f88a1bb8e,0.557,,443,Mn7O9F2,0.2785,89.36080270493403,0,300,1443,V2_Frozen_Atomic75_Late30,0,0,18,/mnt/lis-wam-data/dxl/mattergen_v1/experiments/corrector_residual_distillation_formal256/generation/V2_Frozen_Atomic75_Late30/67126/generated_crystals.extxyz,8c4df920871dea2ea730ad52480b1ec005b71a6c467168830354ff5c8b0335aa,356182528,/mnt/lis-wam-data/dxl/mattergen_v1/experiments/corrector_residual_distillation_formal256/generation/V2_Frozen_Atomic75_Late30/67126/run_summary.json,b62a105f623f9383e207f232e4af5aca223f7f1b35f4e0e0639efedbb4bac336,40.28611976424454,0.557,443,67126,True
0,0,,0,01dd3e86805165412e0810e2a77a4756f8e1020f3ff2707c74af0a3f88a1bb8e,0.0,,0,Eu3CuO6,0.0,122.91175520606339,0,0,2000,C0,0,0,10,/mnt/lis-wam-data/dxl/mattergen_v1/experiments/corrector_residual_distillation_formal256/generation/C0/67127/generated_crystals.extxyz,0dc521b4979a5a7de5575d6cbc8b85c97b498bfac690e1a7b9632d3ca1bb3f98,303127040,/mnt/lis-wam-data/dxl/mattergen_v1/experiments/corrector_residual_distillation_formal256/generation/C0/67127/run_summary.json,9cc2a2338a9eae1be9d8e300dc33aee4a03539a1f6bef0229c6e593ea0abdbac,29.289305924925948,0.0,1000,67127,True
678,700,a2fd0f17c27b760958b60c1d1386577883635a34fb2101eb08e38fd8472702c7,22,01dd3e86805165412e0810e2a77a4756f8e1020f3ff2707c74af0a3f88a1bb8e,0.678,,322,Eu2ZrMnO6,0.339,82.64826728892513,0,300,1322,V2_Frozen_Atomic75_Late30,0,0,10,/mnt/lis-wam-data/dxl/mattergen_v1/experiments/corrector_residual_distillation_formal256/generation/V2_Frozen_Atomic75_Late30/67127/generated_crystals.extxyz,e81f39fb0648eebb71c9c31d34555b07dc8c69ba8995c33f6974f38fbe9e3524,302031360,/mnt/lis-wam-data/dxl/mattergen_v1/experiments/corrector_residual_distillation_formal256/generation/V2_Frozen_Atomic75_Late30/67127/run_summary.json,62495870e15d811f5af867bf71a097b783785555fdc7762b72a1c0fbdad0d3b2,43.55808195488208,0.678,322,67127,True
0,0,,0,01dd3e86805165412e0810e2a77a4756f8e1020f3ff2707c74af0a3f88a1bb8e,0.0,,0,Fe3Ni5Pd,0.0,115.15719611593522,0,0,2000,C0,0,0,9,/mnt/lis-wam-data/dxl/mattergen_v1/experiments/corrector_residual_distillation_formal256/generation/C0/67128/generated_crystals.extxyz,553f299069936b5b9bb0cdb89dee2f8ac0e49cf84d4d9c7d42c6fdc5af001ce6,295107072,/mnt/lis-wam-data/dxl/mattergen_v1/experiments/corrector_residual_distillation_formal256/generation/C0/67128/run_summary.json,6ba0d7564d153a9d1fad60f2df8d387132d2caf48c093baeac3824a4d7aef0eb,31.26161561258992,0.0,1000,67128,True
642,700,a2fd0f17c27b760958b60c1d1386577883635a34fb2101eb08e38fd8472702c7,58,01dd3e86805165412e0810e2a77a4756f8e1020f3ff2707c74af0a3f88a1bb8e,0.642,,358,Eu2Zn5Pd2,0.321,91.56390091893263,0,300,1358,V2_Frozen_Atomic75_Late30,0,0,9,/mnt/lis-wam-data/dxl/mattergen_v1/experiments/corrector_residual_distillation_formal256/generation/V2_Frozen_Atomic75_Late30/67128/generated_crystals.extxyz,6c94862767eee91f39bc3bfad7c5e219a706c9b6b14fc71dd93e0bfb8c355de3,294523904,/mnt/lis-wam-data/dxl/mattergen_v1/experiments/corrector_residual_distillation_formal256/generation/V2_Frozen_Atomic75_Late30/67128/run_summary.json,3a9132c7a9016ebb43368ed8dce6fb0bb7aac1f0ee1ce082b7332cab7a866f05,39.316804590788564,0.642,358,67128,True
0,0,,0,01dd3e86805165412e0810e2a77a4756f8e1020f3ff2707c74af0a3f88a1bb8e,0.0,,0,Eu3Pb,0.0,119.54315095301718,0,0,2000,C0,0,0,4,/mnt/lis-wam-data/dxl/mattergen_v1/experiments/corrector_residual_distillation_formal256/generation/C0/67129/generated_crystals.extxyz,0cf1859bf16e042ac5a1dc9b1afbbca44726f32dfc78355e9eb3b9b237378db2,257635840,/mnt/lis-wam-data/dxl/mattergen_v1/experiments/corrector_residual_distillation_formal256/generation/C0/67129/run_summary.json,8d706653f4f50dbcb3496cd3140097f41ef35788445b0a9ca755993063405d89,30.11464873813533,0.0,1000,67129,True
700,700,a2fd0f17c27b760958b60c1d1386577883635a34fb2101eb08e38fd8472702c7,0,01dd3e86805165412e0810e2a77a4756f8e1020f3ff2707c74af0a3f88a1bb8e,0.7,,300,ZnFe2N,0.35,89.01915279193781,0,300,1300,V2_Frozen_Atomic75_Late30,0,0,4,/mnt/lis-wam-data/dxl/mattergen_v1/experiments/corrector_residual_distillation_formal256/generation/V2_Frozen_Atomic75_Late30/67129/generated_crystals.extxyz,26d60dd322fc27b206a908aaab31472a537fdacec2f78fc0966491f02f1acb92,257531904,/mnt/lis-wam-data/dxl/mattergen_v1/experiments/corrector_residual_distillation_formal256/generation/V2_Frozen_Atomic75_Late30/67129/run_summary.json,1718fbdda2e6b8c58ee79b320734aee3bcf55c2b62412895f293aa5b4d9f4dd0,40.44073535966117,0.7,300,67129,True
0,0,,0,01dd3e86805165412e0810e2a77a4756f8e1020f3ff2707c74af0a3f88a1bb8e,0.0,,0,Mn2NbCrO6,0.0,120.75285116396844,0,0,2000,C0,0,0,10,/mnt/lis-wam-data/dxl/mattergen_v1/experiments/corrector_residual_distillation_formal256/generation/C0/67130/generated_crystals.extxyz,b52217542346e219cdfcb002e853458f800657cfa9056645ec46baac46ec97d3,303371264,/mnt/lis-wam-data/dxl/mattergen_v1/experiments/corrector_residual_distillation_formal256/generation/C0/67130/run_summary.json,a807a97cbaf473fcd83e7f5a56f524d960ffc4e647c82ee87980fd1c4dc25b8a,29.812960648950767,0.0,1000,67130,True
446,700,a2fd0f17c27b760958b60c1d1386577883635a34fb2101eb08e38fd8472702c7,254,01dd3e86805165412e0810e2a77a4756f8e1020f3ff2707c74af0a3f88a1bb8e,0.446,,554,Zn2Fe6HN,0.223,100.65692285704426,0,300,1554,V2_Frozen_Atomic75_Late30,0,0,10,/mnt/lis-wam-data/dxl/mattergen_v1/experiments/corrector_residual_distillation_formal256/generation/V2_Frozen_Atomic75_Late30/67130/generated_crystals.extxyz,b832e01d7b6b630a954d899febf1550cf971ddd982f3b1f3d2b74a1576fd03e0,301076480,/mnt/lis-wam-data/dxl/mattergen_v1/experiments/corrector_residual_distillation_formal256/generation/V2_Frozen_Atomic75_Late30/67130/run_summary.json,2df7638d883e376c3744ae9189c93e3b6418afb7304a283f753e5b3b903541b6,35.765051203808596,0.446,554,67130,True
0,0,,0,01dd3e86805165412e0810e2a77a4756f8e1020f3ff2707c74af0a3f88a1bb8e,0.0,,0,EuTmGa,0.0,115.29518856317736,0,0,2000,C0,0,0,3,/mnt/lis-wam-data/dxl/mattergen_v1/experiments/corrector_residual_distillation_formal256/generation/C0/67131/generated_crystals.extxyz,83821c0efda1f8f9fdfd427538fe0dfb66cd535dea5117efc19fce720e0a54bf,250868224,/mnt/lis-wam-data/dxl/mattergen_v1/experiments/corrector_residual_distillation_formal256/generation/C0/67131/run_summary.json,7b72b38ec84240f6fb6f9697a38ff171fa7e919c220d0a76e0c41a7523d02028,31.224199768122478,0.0,1000,67131,True
672,700,a2fd0f17c27b760958b60c1d1386577883635a34fb2101eb08e38fd8472702c7,28,01dd3e86805165412e0810e2a77a4756f8e1020f3ff2707c74af0a3f88a1bb8e,0.672,,328,Eu2Hg,0.336,83.05938476091251,0,300,1328,V2_Frozen_Atomic75_Late30,0,0,3,/mnt/lis-wam-data/dxl/mattergen_v1/experiments/corrector_residual_distillation_formal256/generation/V2_Frozen_Atomic75_Late30/67131/generated_crystals.extxyz,bb86df83493cfe6879f407e36e057dc28899b1382a41d7d4395786ff2c5e070c,250080768,/mnt/lis-wam-data/dxl/mattergen_v1/experiments/corrector_residual_distillation_formal256/generation/V2_Frozen_Atomic75_Late30/67131/run_summary.json,9f55d69e3d7bf7b3bfa6e78db84f7d8ce2eb931fab266793fafc2a544d315305,43.34248333722488,0.672,328,67131,True
0,0,,0,01dd3e86805165412e0810e2a77a4756f8e1020f3ff2707c74af0a3f88a1bb8e,0.0,,0,LiTi3Fe4O11,0.0,123.29883278696798,0,0,2000,C0,0,0,19,/mnt/lis-wam-data/dxl/mattergen_v1/experiments/corrector_residual_distillation_formal256/generation/C0/67132/generated_crystals.extxyz,c93e285207a53dc1da44ce8d9f5a030057826da0ebdfbcc68d7df9c0c425b0a5,365606400,/mnt/lis-wam-data/dxl/mattergen_v1/experiments/corrector_residual_distillation_formal256/generation/C0/67132/run_summary.json,152a2d7a331dbef8e99674d6c349ba8a6f326865de618e24cdfd95b4d730e14f,29.19735668722811,0.0,1000,67132,True
580,700,a2fd0f17c27b760958b60c1d1386577883635a34fb2101eb08e38fd8472702c7,120,01dd3e86805165412e0810e2a77a4756f8e1020f3ff2707c74af0a3f88a1bb8e,0.58,,420,Eu3Ti(FeO4)3,0.29,88.19892572099343,0,300,1420,V2_Frozen_Atomic75_Late30,0,0,19,/mnt/lis-wam-data/dxl/mattergen_v1/experiments/corrector_residual_distillation_formal256/generation/V2_Frozen_Atomic75_Late30/67132/generated_crystals.extxyz,553e7870354df2f732728ad4f7385c49a476a51659d70eda2bd55beeeff43eaf,363030528,/mnt/lis-wam-data/dxl/mattergen_v1/experiments/corrector_residual_distillation_formal256/generation/V2_Frozen_Atomic75_Late30/67132/run_summary.json,96c52e1823040edcf439038150a4aa5480c0a88be0cea2808d4b14edc0c79bc2,40.816823680916045,0.58,420,67132,True
0,0,,0,01dd3e86805165412e0810e2a77a4756f8e1020f3ff2707c74af0a3f88a1bb8e,0.0,,0,Eu2AsAu,0.0,119.46926293312572,0,0,2000,C0,0,0,4,/mnt/lis-wam-data/dxl/mattergen_v1/experiments/corrector_residual_distillation_formal256/generation/C0/67133/generated_crystals.extxyz,6a3f32e50800a7290d68f221f938cdcb18b90205b042c6e88e33d1c5f4305cc0,259061248,/mnt/lis-wam-data/dxl/mattergen_v1/experiments/corrector_residual_distillation_formal256/generation/C0/67133/run_summary.json,e74892667d9f44b888e16c986add7a8793ccd9caccc8c842754dadf6350f31f3,30.1332737108719,0.0,1000,67133,True
700,700,a2fd0f17c27b760958b60c1d1386577883635a34fb2101eb08e38fd8472702c7,0,01dd3e86805165412e0810e2a77a4756f8e1020f3ff2707c74af0a3f88a1bb8e,0.7,,300,Eu3Ni,0.35,84.5931382260751,0,300,1300,V2_Frozen_Atomic75_Late30,0,0,4,/mnt/lis-wam-data/dxl/mattergen_v1/experiments/corrector_residual_distillation_formal256/generation/V2_Frozen_Atomic75_Late30/67133/generated_crystals.extxyz,fd3bc6aaba7a61772ad9758e97a250d5c498898a23431be635cd1882aca21f4e,257906688,/mnt/lis-wam-data/dxl/mattergen_v1/experiments/corrector_residual_distillation_formal256/generation/V2_Frozen_Atomic75_Late30/67133/run_summary.json,da62585661459cb0d6d7680421e1359a97a88fb7256378ed532b7e5270dc0bbe,42.556643192252814,0.7,300,67133,True
0,0,,0,01dd3e86805165412e0810e2a77a4756f8e1020f3ff2707c74af0a3f88a1bb8e,0.0,,0,Eu3Mg2MnPb4,0.0,120.9041774070356,0,0,2000,C0,0,0,10,/mnt/lis-wam-data/dxl/mattergen_v1/experiments/corrector_residual_distillation_formal256/generation/C0/67134/generated_crystals.extxyz,3fd7c3c6c3bb7eb297c2bb1b3da3f7a63dc01c6d94f1d6eb0341e66ecbec9d34,305524736,/mnt/lis-wam-data/dxl/mattergen_v1/experiments/corrector_residual_distillation_formal256/generation/C0/67134/run_summary.json,5d9f1142aa4b25945d31ee56b8c4ab1909ab6f5dea2262c733f0e0ed261f36b1,29.775646112542926,0.0,1000,67134,True
589,700,a2fd0f17c27b760958b60c1d1386577883635a34fb2101eb08e38fd8472702c7,111,01dd3e86805165412e0810e2a77a4756f8e1020f3ff2707c74af0a3f88a1bb8e,0.589,,411,Eu2MgCu2,0.2945,87.38602245994844,0,300,1411,V2_Frozen_Atomic75_Late30,0,0,10,/mnt/lis-wam-data/dxl/mattergen_v1/experiments/corrector_residual_distillation_formal256/generation/V2_Frozen_Atomic75_Late30/67134/generated_crystals.extxyz,5a974763b9de949325547da9c3ba9e444aea078b1cfcd0496173306fb49cccba,301532672,/mnt/lis-wam-data/dxl/mattergen_v1/experiments/corrector_residual_distillation_formal256/generation/V2_Frozen_Atomic75_Late30/67134/run_summary.json,7e4db7bb7bf620d2bb0fef035ee467f5f4b380b104aed0317ab482174bef84f2,41.196519748338304,0.589,411,67134,True
0,0,,0,01dd3e86805165412e0810e2a77a4756f8e1020f3ff2707c74af0a3f88a1bb8e,0.0,,0,Eu2TiNiO6,0.0,116.26415632199496,0,0,2000,C0,0,0,20,/mnt/lis-wam-data/dxl/mattergen_v1/experiments/corrector_residual_distillation_formal256/generation/C0/67135/generated_crystals.extxyz,eb12ea57fd96ed446350babc2bd5e1967d72798c67e27e29dc7e0a2cddfcad4c,372567040,/mnt/lis-wam-data/dxl/mattergen_v1/experiments/corrector_residual_distillation_formal256/generation/C0/67135/run_summary.json,36d79a96bed1e6a81fe9be05e1c41344165bb50250bb957855d15dcf22472cb7,30.963971303672967,0.0,1000,67135,True
565,700,a2fd0f17c27b760958b60c1d1386577883635a34fb2101eb08e38fd8472702c7,135,01dd3e86805165412e0810e2a77a4756f8e1020f3ff2707c74af0a3f88a1bb8e,0.565,,435,Eu3Ti2Fe(NiO6)2,0.2825,87.53642060398124,0,300,1435,V2_Frozen_Atomic75_Late30,0,0,20,/mnt/lis-wam-data/dxl/mattergen_v1/experiments/corrector_residual_distillation_formal256/generation/V2_Frozen_Atomic75_Late30/67135/generated_crystals.extxyz,c883f218f70fca39cecf29ae5bd9c381babe7272317524730d23f594b86fe241,373410816,/mnt/lis-wam-data/dxl/mattergen_v1/experiments/corrector_residual_distillation_formal256/generation/V2_Frozen_Atomic75_Late30/67135/run_summary.json,a56603dc471eb1112cd7590d76b5e522e9da844dc696844b15d82b4e360bb5bf,41.12573915132496,0.565,435,67135,True
0,0,,0,01dd3e86805165412e0810e2a77a4756f8e1020f3ff2707c74af0a3f88a1bb8e,0.0,,0,Mn3Fe3Co4,0.0,115.46443743305281,0,0,2000,C0,0,0,10,/mnt/lis-wam-data/dxl/mattergen_v1/experiments/corrector_residual_distillation_formal256/generation/C0/67136/generated_crystals.extxyz,4d5c32a0ab69e47ccaa93490074600a6187a2953e0d369ae4827456c94672054,300303360,/mnt/lis-wam-data/dxl/mattergen_v1/experiments/corrector_residual_distillation_formal256/generation/C0/67136/run_summary.json,1201a2ce2bb1bd27a9439ebf4d64a6d4faf1f2c0aa51744bacc7fbf8dc5ef458,31.178431039317264,0.0,1000,67136,True
646,700,a2fd0f17c27b760958b60c1d1386577883635a34fb2101eb08e38fd8472702c7,54,01dd3e86805165412e0810e2a77a4756f8e1020f3ff2707c74af0a3f88a1bb8e,0.646,,354,Mn3Fe4Co3,0.323,83.0923735939432,0,300,1354,V2_Frozen_Atomic75_Late30,0,0,10,/mnt/lis-wam-data/dxl/mattergen_v1/experiments/corrector_residual_distillation_formal256/generation/V2_Frozen_Atomic75_Late30/67136/generated_crystals.extxyz,bbf42c89cb615b88e6ef8714c317bbe027a0f0b69ddad6d4730f5affbde772f1,300049408,/mnt/lis-wam-data/dxl/mattergen_v1/experiments/corrector_residual_distillation_formal256/generation/V2_Frozen_Atomic75_Late30/67136/run_summary.json,f61e49bb8e6ae302a50a12af5cecf5c953b6bc476868c76da077ad75d10e01ee,43.32527576589066,0.646,354,67136,True
0,0,,0,01dd3e86805165412e0810e2a77a4756f8e1020f3ff2707c74af0a3f88a1bb8e,0.0,,0,EuMnO3,0.0,114.91249843384139,0,0,2000,C0,0,0,10,/mnt/lis-wam-data/dxl/mattergen_v1/experiments/corrector_residual_distillation_formal256/generation/C0/67137/generated_crystals.extxyz,0ba1c967d4ac9e0d400815328422882769f1d4e573f23309d5cf6bab5d01db4e,303450624,/mnt/lis-wam-data/dxl/mattergen_v1/experiments/corrector_residual_distillation_formal256/generation/C0/67137/run_summary.json,e6ca3751a79c8fd73868ae8124d7ec064f775fa1f53cd4118805348377d88588,31.328184915173775,0.0,1000,67137,True
631,700,a2fd0f17c27b760958b60c1d1386577883635a34fb2101eb08e38fd8472702c7,69,01dd3e86805165412e0810e2a77a4756f8e1020f3ff2707c74af0a3f88a1bb8e,0.631,,369,Eu4Ni,0.3155,86.398382877931,0,300,1369,V2_Frozen_Atomic75_Late30,0,0,10,/mnt/lis-wam-data/dxl/mattergen_v1/experiments/corrector_residual_distillation_formal256/generation/V2_Frozen_Atomic75_Late30/67137/generated_crystals.extxyz,ddae8c64d3878b580bbc9e0da14f2b459c93687400c4b8b5127974e2ffb43c44,303144448,/mnt/lis-wam-data/dxl/mattergen_v1/experiments/corrector_residual_distillation_formal256/generation/V2_Frozen_Atomic75_Late30/67137/run_summary.json,7437cccfe118eb2fe362ee145c3bdd6ed638109cd911fb15978278676124e82d,41.66744654337227,0.631,369,67137,True
0,0,,0,01dd3e86805165412e0810e2a77a4756f8e1020f3ff2707c74af0a3f88a1bb8e,0.0,,0,FeCoPt2,0.0,119.69979659887031,0,0,2000,C0,0,0,4,/mnt/lis-wam-data/dxl/mattergen_v1/experiments/corrector_residual_distillation_formal256/generation/C0/67138/generated_crystals.extxyz,7f4b4e064abdb4e674e0bfa36ec2a62248857e5abc3b409e373a889b4af6ca5f,257188864,/mnt/lis-wam-data/dxl/mattergen_v1/experiments/corrector_residual_distillation_formal256/generation/C0/67138/run_summary.json,04529bfa8387f2059ae5ac7c11ff587cb43eb4e448ac28c9122c91563502a662,30.075239075502118,0.0,1000,67138,True
700,700,a2fd0f17c27b760958b60c1d1386577883635a34fb2101eb08e38fd8472702c7,0,01dd3e86805165412e0810e2a77a4756f8e1020f3ff2707c74af0a3f88a1bb8e,0.7,,300,Co3Pt,0.35,84.89660085481592,0,300,1300,V2_Frozen_Atomic75_Late30,0,0,4,/mnt/lis-wam-data/dxl/mattergen_v1/experiments/corrector_residual_distillation_formal256/generation/V2_Frozen_Atomic75_Late30/67138/generated_crystals.extxyz,31e0b4e9a0650f93ae2b34e190d2ae9c5977839b3ea1ff38d6dfe28667858d41,257581568,/mnt/lis-wam-data/dxl/mattergen_v1/experiments/corrector_residual_distillation_formal256/generation/V2_Frozen_Atomic75_Late30/67138/run_summary.json,103d2a99e6bcb35e07a2c22b70831ebd35c3901fd043e2b71afddb2fd92f73b8,42.404524607015325,0.7,300,67138,True
0,0,,0,01dd3e86805165412e0810e2a77a4756f8e1020f3ff2707c74af0a3f88a1bb8e,0.0,,0,MnFeCoIr,0.0,117.26952279102989,0,0,2000,C0,0,0,4,/mnt/lis-wam-data/dxl/mattergen_v1/experiments/corrector_residual_distillation_formal256/generation/C0/67139/generated_crystals.extxyz,aabe5b8227c785be05ef5e668bd2b8fbb0ec36a821be042715966c7d8dd00d3b,257146368,/mnt/lis-wam-data/dxl/mattergen_v1/experiments/corrector_residual_distillation_formal256/generation/C0/67139/run_summary.json,bfac5f1e24ea213d8b41a72a436800e34c185eaefdd59f3a55e82bb87029436f,30.698513256637632,0.0,1000,67139,True
700,700,a2fd0f17c27b760958b60c1d1386577883635a34fb2101eb08e38fd8472702c7,0,01dd3e86805165412e0810e2a77a4756f8e1020f3ff2707c74af0a3f88a1bb8e,0.7,,300,MnFeCoIr,0.35,80.77401830791496,0,300,1300,V2_Frozen_Atomic75_Late30,0,0,4,/mnt/lis-wam-data/dxl/mattergen_v1/experiments/corrector_residual_distillation_formal256/generation/V2_Frozen_Atomic75_Late30/67139/generated_crystals.extxyz,985248fa13467000a56ad31e8e047d714469e7c20fe9f361007fc4e8c53c9c46,257779200,/mnt/lis-wam-data/dxl/mattergen_v1/experiments/corrector_residual_distillation_formal256/generation/V2_Frozen_Atomic75_Late30/67139/run_summary.json,2701825a69d241b91a6c0747acbe453f919c24251b5c6003f9f304c5f4f79bad,44.56878678830368,0.7,300,67139,True
0,0,,0,01dd3e86805165412e0810e2a77a4756f8e1020f3ff2707c74af0a3f88a1bb8e,0.0,,0,Gd2MnZnO6,0.0,114.2417697510682,0,0,2000,C0,0,0,10,/mnt/lis-wam-data/dxl/mattergen_v1/experiments/corrector_residual_distillation_formal256/generation/C0/67140/generated_crystals.extxyz,7dd994e1c632a9116b8fe1d89721feec7821ee944d366fd420da221c2d5cd716,303612928,/mnt/lis-wam-data/dxl/mattergen_v1/experiments/corrector_residual_distillation_formal256/generation/C0/67140/run_summary.json,c3135050b8943560d8fd9c3656bf8a26aed5b76781951cd5e4c01b432b521692,31.512116871476763,0.0,1000,67140,True
693,700,a2fd0f17c27b760958b60c1d1386577883635a34fb2101eb08e38fd8472702c7,7,01dd3e86805165412e0810e2a77a4756f8e1020f3ff2707c74af0a3f88a1bb8e,0.693,,307,CaGd(BO3)2,0.3465,87.90876571601257,0,300,1307,V2_Frozen_Atomic75_Late30,0,0,10,/mnt/lis-wam-data/dxl/mattergen_v1/experiments/corrector_residual_distillation_formal256/generation/V2_Frozen_Atomic75_Late30/67140/generated_crystals.extxyz,28f1a268d573f644ecc35c51a7c874e29cd1a6ca637c4af3ca5f49d2e3c4bd73,304995840,/mnt/lis-wam-data/dxl/mattergen_v1/experiments/corrector_residual_distillation_formal256/generation/V2_Frozen_Atomic75_Late30/67140/run_summary.json,43955abbbcd232619c5e4c3066fa3137b95f0e9597279803472c52353039db4c,40.951547558177815,0.693,307,67140,True
0,0,,0,01dd3e86805165412e0810e2a77a4756f8e1020f3ff2707c74af0a3f88a1bb8e,0.0,,0,GaFe9Co5Ge,0.0,116.88663528813049,0,0,2000,C0,0,0,16,/mnt/lis-wam-data/dxl/mattergen_v1/experiments/corrector_residual_distillation_formal256/generation/C0/67141/generated_crystals.extxyz,1adeb875ac697593761163a93043461b00f489fb1450810938131bd5960ecb1f,344263168,/mnt/lis-wam-data/dxl/mattergen_v1/experiments/corrector_residual_distillation_formal256/generation/C0/67141/run_summary.json,b6b54f6fef04f765cb97e98c480b4bff48b609d21f2cc0c3021aa87f5397358d,30.799072889093335,0.0,1000,67141,True
289,700,a2fd0f17c27b760958b60c1d1386577883635a34fb2101eb08e38fd8472702c7,411,01dd3e86805165412e0810e2a77a4756f8e1020f3ff2707c74af0a3f88a1bb8e,0.289,,711,Fe11Co3Ge2,0.1445,102.4570270369295,0,300,1711,V2_Frozen_Atomic75_Late30,0,0,16,/mnt/lis-wam-data/dxl/mattergen_v1/experiments/corrector_residual_distillation_formal256/generation/V2_Frozen_Atomic75_Late30/67141/generated_crystals.extxyz,5307d92353581bbbab60a678bc42165c8a0fe2e82cc4223f6646976a976af0d3,342260736,/mnt/lis-wam-data/dxl/mattergen_v1/experiments/corrector_residual_distillation_formal256/generation/V2_Frozen_Atomic75_Late30/67141/run_summary.json,2ddc47e555c17e534001007d378cc292294063dfedd967b93ffe1c0a866ff926,35.13668221802317,0.289,711,67141,True
0,0,,0,01dd3e86805165412e0810e2a77a4756f8e1020f3ff2707c74af0a3f88a1bb8e,0.0,,0,Eu2YTaO6,0.0,114.02245967206545,0,0,2000,C0,0,0,10,/mnt/lis-wam-data/dxl/mattergen_v1/experiments/corrector_residual_distillation_formal256/generation/C0/67142/generated_crystals.extxyz,1aff09721d7594e5a64fc120165bae7334228166192897589c195eecd440ac73,303565824,/mnt/lis-wam-data/dxl/mattergen_v1/experiments/corrector_residual_distillation_formal256/generation/C0/67142/run_summary.json,64fcf97bed24be82c420c7e0960da1e6d7b659a3770d06049c777ab4960707f8,31.572727078101877,0.0,1000,67142,True
691,700,a2fd0f17c27b760958b60c1d1386577883635a34fb2101eb08e38fd8472702c7,9,01dd3e86805165412e0810e2a77a4756f8e1020f3ff2707c74af0a3f88a1bb8e,0.691,,309,Eu3MnO6,0.3455,81.0736761749722,0,300,1309,V2_Frozen_Atomic75_Late30,0,0,10,/mnt/lis-wam-data/dxl/mattergen_v1/experiments/corrector_residual_distillation_formal256/generation/V2_Frozen_Atomic75_Late30/67142/generated_crystals.extxyz,4567589f452d48734280006a628af97d4d173bc30793921c2bb50c7c49b16850,301607936,/mnt/lis-wam-data/dxl/mattergen_v1/experiments/corrector_residual_distillation_formal256/generation/V2_Frozen_Atomic75_Late30/67142/run_summary.json,89d8b1ec10031f404501bcbf9b314824ccca57bbd76c0aab4b23cee537742c1c,44.40405529694404,0.691,309,67142,True
0,0,,0,01dd3e86805165412e0810e2a77a4756f8e1020f3ff2707c74af0a3f88a1bb8e,0.0,,0,LiEu7Si4,0.0,114.73832770297304,0,0,2000,C0,0,0,12,/mnt/lis-wam-data/dxl/mattergen_v1/experiments/corrector_residual_distillation_formal256/generation/C0/67143/generated_crystals.extxyz,98884009e26aecd1846f50aef5b04c9ee24b9533bd49946c7e70c4694e192666,318163968,/mnt/lis-wam-data/dxl/mattergen_v1/experiments/corrector_residual_distillation_formal256/generation/C0/67143/run_summary.json,77aedd5762f4848803450ccdcdd5721a389db5d93bbe5ca5c909cf30f76c1363,31.375740539982775,0.0,1000,67143,True
544,700,a2fd0f17c27b760958b60c1d1386577883635a34fb2101eb08e38fd8472702c7,156,01dd3e86805165412e0810e2a77a4756f8e1020f3ff2707c74af0a3f88a1bb8e,0.544,,456,Li2Eu5O5,0.272,91.42365460190922,0,300,1456,V2_Frozen_Atomic75_Late30,0,0,12,/mnt/lis-wam-data/dxl/mattergen_v1/experiments/corrector_residual_distillation_formal256/generation/V2_Frozen_Atomic75_Late30/67143/generated_crystals.extxyz,5105aad1c1a5cfa3a5e41157a1358dda2b71908e2398334117712b4c0ed96f2f,315439104,/mnt/lis-wam-data/dxl/mattergen_v1/experiments/corrector_residual_distillation_formal256/generation/V2_Frozen_Atomic75_Late30/67143/run_summary.json,bae0fe233b0be92d0466e9e4af752e03b1ab10ccd04527e4f0d84b9afb337171,39.37711761442558,0.544,456,67143,True
0,0,,0,01dd3e86805165412e0810e2a77a4756f8e1020f3ff2707c74af0a3f88a1bb8e,0.0,,0,Gd2Mn5S7,0.0,113.8981693580281,0,0,2000,C0,0,0,14,/mnt/lis-wam-data/dxl/mattergen_v1/experiments/corrector_residual_distillation_formal256/generation/C0/67144/generated_crystals.extxyz,189d75af9815ee3b3f222d808a854366bac80cdfbfae26d9f889be1529de9860,328313856,/mnt/lis-wam-data/dxl/mattergen_v1/experiments/corrector_residual_distillation_formal256/generation/C0/67144/run_summary.json,a3914d35d41f290ed976378490819a1d3e4ad909499ef674401386bed976b678,31.607180521784695,0.0,1000,67144,True
455,700,a2fd0f17c27b760958b60c1d1386577883635a34fb2101eb08e38fd8472702c7,245,01dd3e86805165412e0810e2a77a4756f8e1020f3ff2707c74af0a3f88a1bb8e,0.455,,545,EuMn4SnSO7,0.2275,95.89086235314608,0,300,1545,V2_Frozen_Atomic75_Late30,0,0,14,/mnt/lis-wam-data/dxl/mattergen_v1/experiments/corrector_residual_distillation_formal256/generation/V2_Frozen_Atomic75_Late30/67144/generated_crystals.extxyz,6edb9935241b2cbaf2360b0e968aac9eaa516d837462df8968ab73f163f0fffb,327972864,/mnt/lis-wam-data/dxl/mattergen_v1/experiments/corrector_residual_distillation_formal256/generation/V2_Frozen_Atomic75_Late30/67144/run_summary.json,b1c04456c3ec5bae51962aa2c12ee0b071a789d968add8314c7b49d89ec7cb87,37.54268041455243,0.455,545,67144,True
0,0,,0,01dd3e86805165412e0810e2a77a4756f8e1020f3ff2707c74af0a3f88a1bb8e,0.0,,0,LaFe8B3,0.0,114.36380579392426,0,0,2000,C0,0,0,12,/mnt/lis-wam-data/dxl/mattergen_v1/experiments/corrector_residual_distillation_formal256/generation/C0/67145/generated_crystals.extxyz,87ff8c728359a2ea1b551158be66c834b590fc1d8e9cd715bcbdfa4d27536767,315661312,/mnt/lis-wam-data/dxl/mattergen_v1/experiments/corrector_residual_distillation_formal256/generation/C0/67145/run_summary.json,8ef453cafd70f8cf9b0bacc30fdf30030b737574d3591ad40cd8d91b00a53895,31.478490725351982,0.0,1000,67145,True
599,700,a2fd0f17c27b760958b60c1d1386577883635a34fb2101eb08e38fd8472702c7,101,01dd3e86805165412e0810e2a77a4756f8e1020f3ff2707c74af0a3f88a1bb8e,0.599,,401,KEu4O7,0.2995,85.52723122993484,0,300,1401,V2_Frozen_Atomic75_Late30,0,0,12,/mnt/lis-wam-data/dxl/mattergen_v1/experiments/corrector_residual_distillation_formal256/generation/V2_Frozen_Atomic75_Late30/67145/generated_crystals.extxyz,8aa69594748cacbfed0fe749f2e78f3879200e80d36ce618ea9b78bfbc67c411,315638272,/mnt/lis-wam-data/dxl/mattergen_v1/experiments/corrector_residual_distillation_formal256/generation/V2_Frozen_Atomic75_Late30/67145/run_summary.json,81565ffbae732c72d84124a86954f7ffaa9a124e3c626e7b70745ef596124d43,42.09185715741943,0.599,401,67145,True
0,0,,0,01dd3e86805165412e0810e2a77a4756f8e1020f3ff2707c74af0a3f88a1bb8e,0.0,,0,TlFe2N,0.0,113.74744727090001,0,0,2000,C0,0,0,8,/mnt/lis-wam-data/dxl/mattergen_v1/experiments/corrector_residual_distillation_formal256/generation/C0/67146/generated_crystals.extxyz,f550240177b21294a99e6c92943b7e57588c6f916af2d7571301342d86c81655,286807552,/mnt/lis-wam-data/dxl/mattergen_v1/experiments/corrector_residual_distillation_formal256/generation/C0/67146/run_summary.json,00e5df742a946b525c39dce7ddef30395dbfe08032ccc6e011b0def4f4688644,31.649061903132374,0.0,1000,67146,True
431,700,a2fd0f17c27b760958b60c1d1386577883635a34fb2101eb08e38fd8472702c7,269,01dd3e86805165412e0810e2a77a4756f8e1020f3ff2707c74af0a3f88a1bb8e,0.431,,569,Fe3CuH4,0.2155,95.0448620270472,0,300,1569,V2_Frozen_Atomic75_Late30,0,0,8,/mnt/lis-wam-data/dxl/mattergen_v1/experiments/corrector_residual_distillation_formal256/generation/V2_Frozen_Atomic75_Late30/67146/generated_crystals.extxyz,694571909c2e713d37cb470e88a015d90808fd16bb82344c79ff27f994b68b53,286781440,/mnt/lis-wam-data/dxl/mattergen_v1/experiments/corrector_residual_distillation_formal256/generation/V2_Frozen_Atomic75_Late30/67146/run_summary.json,a20cd0f5f5262a527d1bbdc08e5e13e0ffd537ef49725016bbb3e8a7afd886c1,37.876850186552296,0.431,569,67146,True
0,0,,0,01dd3e86805165412e0810e2a77a4756f8e1020f3ff2707c74af0a3f88a1bb8e,0.0,,0,LiMn3H5O7,0.0,112.46395578212105,0,0,2000,C0,0,0,16,/mnt/lis-wam-data/dxl/mattergen_v1/experiments/corrector_residual_distillation_formal256/generation/C0/67147/generated_crystals.extxyz,e094294d722e95a7187d33c90e5e96647066a05f5a434612ecf7839580227414,343917056,/mnt/lis-wam-data/dxl/mattergen_v1/experiments/corrector_residual_distillation_formal256/generation/C0/67147/run_summary.json,c11a8bc28f1dd87bb61b6fb449a5126b396075d6baad8740167e15cdef163da8,32.01025586343736,0.0,1000,67147,True
560,700,a2fd0f17c27b760958b60c1d1386577883635a34fb2101eb08e38fd8472702c7,140,01dd3e86805165412e0810e2a77a4756f8e1020f3ff2707c74af0a3f88a1bb8e,0.56,,440,Fe2Ni3H3O8,0.28,87.14943750505336,0,300,1440,V2_Frozen_Atomic75_Late30,0,0,16,/mnt/lis-wam-data/dxl/mattergen_v1/experiments/corrector_residual_distillation_formal256/generation/V2_Frozen_Atomic75_Late30/67147/generated_crystals.extxyz,6d19920facfc34bc6bf05d753aba4e61ceee490bb900dc6a6d69f3f82d137057,343198208,/mnt/lis-wam-data/dxl/mattergen_v1/experiments/corrector_residual_distillation_formal256/generation/V2_Frozen_Atomic75_Late30/67147/run_summary.json,bdbdecd2f74d57b8e6caccb803d7f5438aa6b0d78915c547ba79f0f273abeacd,41.30835611866404,0.56,440,67147,True
0,0,,0,01dd3e86805165412e0810e2a77a4756f8e1020f3ff2707c74af0a3f88a1bb8e,0.0,,0,Mn7H2Ru,0.0,113.6802893159911,0,0,2000,C0,0,0,10,/mnt/lis-wam-data/dxl/mattergen_v1/experiments/corrector_residual_distillation_formal256/generation/C0/67148/generated_crystals.extxyz,9d991c3da2aa2f296a9ad12032a8314a4379cac9af8f6a86f3df8035a054d0cf,305508864,/mnt/lis-wam-data/dxl/mattergen_v1/experiments/corrector_residual_distillation_formal256/generation/C0/67148/run_summary.json,150123e92bc70a84108b854e7c4ddcb0b736e8181982e5aa502fed324e801095,31.667758955057458,0.0,1000,67148,True
641,700,a2fd0f17c27b760958b60c1d1386577883635a34fb2101eb08e38fd8472702c7,59,01dd3e86805165412e0810e2a77a4756f8e1020f3ff2707c74af0a3f88a1bb8e,0.641,,359,Mn2FeH2,0.3205,89.02137087401934,0,300,1359,V2_Frozen_Atomic75_Late30,0,0,10,/mnt/lis-wam-data/dxl/mattergen_v1/experiments/corrector_residual_distillation_formal256/generation/V2_Frozen_Atomic75_Late30/67148/generated_crystals.extxyz,c8c31cfebe88b748097ecf7b880ac315656c410cfe0dc5d8df506d1d8c50eb41,303628800,/mnt/lis-wam-data/dxl/mattergen_v1/experiments/corrector_residual_distillation_formal256/generation/V2_Frozen_Atomic75_Late30/67148/run_summary.json,46a664ffe240d98f94807b217cae979099508cdaf4e6b3b164c702efa675ee50,40.43972772666716,0.641,359,67148,True
0,0,,0,01dd3e86805165412e0810e2a77a4756f8e1020f3ff2707c74af0a3f88a1bb8e,0.0,,0,Tb2Fe3Ge,0.0,114.71856290311553,0,0,2000,C0,0,0,12,/mnt/lis-wam-data/dxl/mattergen_v1/experiments/corrector_residual_distillation_formal256/generation/C0/67149/generated_crystals.extxyz,1335538e2139f8aee74af8c73c2f227b4ab636284a7b0408ebca077f4df05b97,317931008,/mnt/lis-wam-data/dxl/mattergen_v1/experiments/corrector_residual_distillation_formal256/generation/C0/67149/run_summary.json,b065974aed543e7f9eac581b2b67813d847bd936e28e2caa5d8421f5f888583d,31.38114624954242,0.0,1000,67149,True
493,700,a2fd0f17c27b760958b60c1d1386577883635a34fb2101eb08e38fd8472702c7,207,01dd3e86805165412e0810e2a77a4756f8e1020f3ff2707c74af0a3f88a1bb8e,0.493,,507,Li3H4F5,0.2465,98.16337511898018,0,300,1507,V2_Frozen_Atomic75_Late30,0,0,12,/mnt/lis-wam-data/dxl/mattergen_v1/experiments/corrector_residual_distillation_formal256/generation/V2_Frozen_Atomic75_Late30/67149/generated_crystals.extxyz,245d78a25dbeec1e819a7cb2399d846f731edce45dcc89b9460f7fae788587fb,317300736,/mnt/lis-wam-data/dxl/mattergen_v1/experiments/corrector_residual_distillation_formal256/generation/V2_Frozen_Atomic75_Late30/67149/run_summary.json,3ecc47da6252fd09dfdfb8bb0ff54de50940e3c76abe7317d498a255a62a2e31,36.67355564778181,0.493,507,67149,True
0,0,,0,01dd3e86805165412e0810e2a77a4756f8e1020f3ff2707c74af0a3f88a1bb8e,0.0,,0,Fe2SiO4,0.0,112.35461429087445,0,0,2000,C0,0,0,14,/mnt/lis-wam-data/dxl/mattergen_v1/experiments/corrector_residual_distillation_formal256/generation/C0/67150/generated_crystals.extxyz,d0ea2d7b8b3d20b2e7139cb3543b7214cf003824fecc48da61810a32814be2f0,328706048,/mnt/lis-wam-data/dxl/mattergen_v1/experiments/corrector_residual_distillation_formal256/generation/C0/67150/run_summary.json,e96d1171a55249081be381e86d656c0399f07e302f950a5bb74cc95d8e432755,32.041407669114264,0.0,1000,67150,True
545,700,a2fd0f17c27b760958b60c1d1386577883635a34fb2101eb08e38fd8472702c7,155,01dd3e86805165412e0810e2a77a4756f8e1020f3ff2707c74af0a3f88a1bb8e,0.545,,455,Mn3Cr(FeO4)2,0.2725,89.76491404115222,0,300,1455,V2_Frozen_Atomic75_Late30,0,0,14,/mnt/lis-wam-data/dxl/mattergen_v1/experiments/corrector_residual_distillation_formal256/generation/V2_Frozen_Atomic75_Late30/67150/generated_crystals.extxyz,d72918c7abe180eddaed7c8b989ae08d2336c449baa52ffd68706f2c3cddee8c,328290816,/mnt/lis-wam-data/dxl/mattergen_v1/experiments/corrector_residual_distillation_formal256/generation/V2_Frozen_Atomic75_Late30/67150/run_summary.json,0e72ed6dcda67edb33a5deab229e3f84d749df490d53225bf1688255b21cbb45,40.10475627871264,0.545,455,67150,True
0,0,,0,01dd3e86805165412e0810e2a77a4756f8e1020f3ff2707c74af0a3f88a1bb8e,0.0,,0,EuMnN2,0.0,119.29545478802174,0,0,2000,C0,0,0,4,/mnt/lis-wam-data/dxl/mattergen_v1/experiments/corrector_residual_distillation_formal256/generation/C0/67151/generated_crystals.extxyz,b26526e744bc4f0a21849c72471e3b314bb045a75bf035747d9c4987168fade3,257312768,/mnt/lis-wam-data/dxl/mattergen_v1/experiments/corrector_residual_distillation_formal256/generation/C0/67151/run_summary.json,aebcb5ae03481dd166b5770832c9006d7767d48815bd0eba58b68f6282bf0fb8,30.17717654370743,0.0,1000,67151,True
699,700,a2fd0f17c27b760958b60c1d1386577883635a34fb2101eb08e38fd8472702c7,1,01dd3e86805165412e0810e2a77a4756f8e1020f3ff2707c74af0a3f88a1bb8e,0.699,,301,EuMnN2,0.3495,83.27152967709117,0,300,1301,V2_Frozen_Atomic75_Late30,0,0,4,/mnt/lis-wam-data/dxl/mattergen_v1/experiments/corrector_residual_distillation_formal256/generation/V2_Frozen_Atomic75_Late30/67151/generated_crystals.extxyz,669383001cc5b64bddb1763fadcad52b30ca8c07b100ea6109e6adc635a79a11,257329152,/mnt/lis-wam-data/dxl/mattergen_v1/experiments/corrector_residual_distillation_formal256/generation/V2_Frozen_Atomic75_Late30/67151/run_summary.json,9a3fe3c687a1d630e154b5fad9205643b4a0da3052b302ccf043a3847965f270,43.23206279457114,0.699,301,67151,True
0,0,,0,01dd3e86805165412e0810e2a77a4756f8e1020f3ff2707c74af0a3f88a1bb8e,0.0,,0,MnP3O10,0.0,115.96540253795683,0,0,2000,C0,0,0,14,/mnt/lis-wam-data/dxl/mattergen_v1/experiments/corrector_residual_distillation_formal256/generation/C0/67152/generated_crystals.extxyz,427c3305bf2c047b7f5a7ee88e203b9b4f3b24a15715886c45122f9c35d52fb0,327628800,/mnt/lis-wam-data/dxl/mattergen_v1/experiments/corrector_residual_distillation_formal256/generation/C0/67152/run_summary.json,27a8104f15c19e0df42c5f5b5adff99423e36eede7ee1c2a70a4e01345d12a9b,31.0437416782275,0.0,1000,67152,True
648,700,a2fd0f17c27b760958b60c1d1386577883635a34fb2101eb08e38fd8472702c7,52,01dd3e86805165412e0810e2a77a4756f8e1020f3ff2707c74af0a3f88a1bb8e,0.648,,352,GdYFeO4,0.324,82.47955205803737,0,300,1352,V2_Frozen_Atomic75_Late30,0,0,14,/mnt/lis-wam-data/dxl/mattergen_v1/experiments/corrector_residual_distillation_formal256/generation/V2_Frozen_Atomic75_Late30/67152/generated_crystals.extxyz,320b95818f1a92c2596ccacceaf3c4367431c037d2addeb5193bb8527bd918d5,329916416,/mnt/lis-wam-data/dxl/mattergen_v1/experiments/corrector_residual_distillation_formal256/generation/V2_Frozen_Atomic75_Late30/67152/run_summary.json,d46ea167fcff8864b79e8a1f590e83a6022ea148dfbac9b6a2d6806a0bc7ec79,43.64718175805359,0.648,352,67152,True
0,0,,0,01dd3e86805165412e0810e2a77a4756f8e1020f3ff2707c74af0a3f88a1bb8e,0.0,,0,Co2Ni,0.0,115.32842864189297,0,0,2000,C0,0,0,6,/mnt/lis-wam-data/dxl/mattergen_v1/experiments/corrector_residual_distillation_formal256/generation/C0/67153/generated_crystals.extxyz,fdb516ac9c0ac982657397faf9a9215ed23b10db13fa99d83f7beb294871364a,273717760,/mnt/lis-wam-data/dxl/mattergen_v1/experiments/corrector_residual_distillation_formal256/generation/C0/67153/run_summary.json,2b41129109a185c0481196dde2ce25a7f95001a4ba8c1b7be6ceb71149a4eb13,31.215200297043694,0.0,1000,67153,True
700,700,a2fd0f17c27b760958b60c1d1386577883635a34fb2101eb08e38fd8472702c7,0,01dd3e86805165412e0810e2a77a4756f8e1020f3ff2707c74af0a3f88a1bb8e,0.7,,300,Co5Sn,0.35,85.4075080100447,0,300,1300,V2_Frozen_Atomic75_Late30,0,0,6,/mnt/lis-wam-data/dxl/mattergen_v1/experiments/corrector_residual_distillation_formal256/generation/V2_Frozen_Atomic75_Late30/67153/generated_crystals.extxyz,9d721431a7bfbcec5f884308d4ddaf286ed668123a2f68c310a76d2a65c7b17f,271715840,/mnt/lis-wam-data/dxl/mattergen_v1/experiments/corrector_residual_distillation_formal256/generation/V2_Frozen_Atomic75_Late30/67153/run_summary.json,88a08e613f97b14965f0318fe6451ab6caa06db12558d919ff82e86e385eb01b,42.15086101770593,0.7,300,67153,True
0,0,,0,01dd3e86805165412e0810e2a77a4756f8e1020f3ff2707c74af0a3f88a1bb8e,0.0,,0,Eu3Ni7P2,0.0,113.85800464800559,0,0,2000,C0,0,0,12,/mnt/lis-wam-data/dxl/mattergen_v1/experiments/corrector_residual_distillation_formal256/generation/C0/67154/generated_crystals.extxyz,dde0e303c1b2f08aac91cdc35c39a96b20548068eeca75e13c30010eda717436,317058560,/mnt/lis-wam-data/dxl/mattergen_v1/experiments/corrector_residual_distillation_formal256/generation/C0/67154/run_summary.json,9c77a8f21ae91cae2d113a6d7bd7cb29f32266f3772fac0bd71ec37cc2630a4f,31.618330315285917,0.0,1000,67154,True
574,700,a2fd0f17c27b760958b60c1d1386577883635a34fb2101eb08e38fd8472702c7,126,01dd3e86805165412e0810e2a77a4756f8e1020f3ff2707c74af0a3f88a1bb8e,0.574,,426,Eu2Si2Ni5H3,0.287,87.77461826615036,0,300,1426,V2_Frozen_Atomic75_Late30,0,0,12,/mnt/lis-wam-data/dxl/mattergen_v1/experiments/corrector_residual_distillation_formal256/generation/V2_Frozen_Atomic75_Late30/67154/generated_crystals.extxyz,c6926d9222e96780ebb13f7804adf695262eab955173f5ca225979c70bab0414,316699648,/mnt/lis-wam-data/dxl/mattergen_v1/experiments/corrector_residual_distillation_formal256/generation/V2_Frozen_Atomic75_Late30/67154/run_summary.json,5f708b2bd77ce5b2789068135f4c37b41899ab80165155f489465d8dbf8bafcf,41.0141345084985,0.574,426,67154,True
0,0,,0,01dd3e86805165412e0810e2a77a4756f8e1020f3ff2707c74af0a3f88a1bb8e,0.0,,0,Eu4Mn3Sb4,0.0,112.92604209994897,0,0,2000,C0,0,0,11,/mnt/lis-wam-data/dxl/mattergen_v1/experiments/corrector_residual_distillation_formal256/generation/C0/67155/generated_crystals.extxyz,13baed3f4564906c34b035d5402f667287ac394daa9dc740c57f22c125b7f256,310770176,/mnt/lis-wam-data/dxl/mattergen_v1/experiments/corrector_residual_distillation_formal256/generation/C0/67155/run_summary.json,c698e5edec91f2730ac003f363d95d1d9559821463c94f3f7ec907c52f8986c3,31.879271893844464,0.0,1000,67155,True
369,700,a2fd0f17c27b760958b60c1d1386577883635a34fb2101eb08e38fd8472702c7,331,01dd3e86805165412e0810e2a77a4756f8e1020f3ff2707c74af0a3f88a1bb8e,0.369,,631,Mn2(Fe2Sb)3,0.1845,98.55705124908127,0,300,1631,V2_Frozen_Atomic75_Late30,0,0,11,/mnt/lis-wam-data/dxl/mattergen_v1/experiments/corrector_residual_distillation_formal256/generation/V2_Frozen_Atomic75_Late30/67155/generated_crystals.extxyz,8c0460434f29c86bad82b04ec29d72e7748fbd489e91d0a7e11b417e11f6cd6b,306949120,/mnt/lis-wam-data/dxl/mattergen_v1/experiments/corrector_residual_distillation_formal256/generation/V2_Frozen_Atomic75_Late30/67155/run_summary.json,19ccff1d9e0987c8958e21d70564f1e73b68685b3be80b6f0b428660b6534156,36.52706685493047,0.369,631,67155,True
0,0,,0,01dd3e86805165412e0810e2a77a4756f8e1020f3ff2707c74af0a3f88a1bb8e,0.0,,0,Fe2CoRh,0.0,113.1418933919631,0,0,2000,C0,0,0,4,/mnt/lis-wam-data/dxl/mattergen_v1/experiments/corrector_residual_distillation_formal256/generation/C0/67156/generated_crystals.extxyz,5d3582d7cc9b33e7e565950f443fa64c27a8a4be89692e99da3d941e6d30b0b2,259331584,/mnt/lis-wam-data/dxl/mattergen_v1/experiments/corrector_residual_distillation_formal256/generation/C0/67156/run_summary.json,8d74d1445dad98189cebffde732d6dd56f821687b4f3690b3d03acc9ff56d718,31.818452847773553,0.0,1000,67156,True
698,700,a2fd0f17c27b760958b60c1d1386577883635a34fb2101eb08e38fd8472702c7,2,01dd3e86805165412e0810e2a77a4756f8e1020f3ff2707c74af0a3f88a1bb8e,0.698,,302,Fe2CoNi,0.349,80.40888903802261,0,300,1302,V2_Frozen_Atomic75_Late30,0,0,4,/mnt/lis-wam-data/dxl/mattergen_v1/experiments/corrector_residual_distillation_formal256/generation/V2_Frozen_Atomic75_Late30/67156/generated_crystals.extxyz,32c2e664211ba26da5229bc69dd5045e5ca02346cde2841ba6032aa646b23619,257405440,/mnt/lis-wam-data/dxl/mattergen_v1/experiments/corrector_residual_distillation_formal256/generation/V2_Frozen_Atomic75_Late30/67156/run_summary.json,63779a7d850bc20f44d73a504612be6d4eba7c2f18a96eab616f08dd15703c9b,44.77116949467718,0.698,302,67156,True
0,0,,0,01dd3e86805165412e0810e2a77a4756f8e1020f3ff2707c74af0a3f88a1bb8e,0.0,,0,Eu2ZnPdO6,0.0,121.22065866994672,0,0,2000,C0,0,0,10,/mnt/lis-wam-data/dxl/mattergen_v1/experiments/corrector_residual_distillation_formal256/generation/C0/67157/generated_crystals.extxyz,56848b704a76f8c8bdb9be08e449e4eb6c3517d022fe1a2ffed24b7d97b1fe83,301763584,/mnt/lis-wam-data/dxl/mattergen_v1/experiments/corrector_residual_distillation_formal256/generation/C0/67157/run_summary.json,bce1eab1771afdb128a44c65782737abe7df543785f238b64982715f28e16a4d,29.69790825672621,0.0,1000,67157,True
693,700,a2fd0f17c27b760958b60c1d1386577883635a34fb2101eb08e38fd8472702c7,7,01dd3e86805165412e0810e2a77a4756f8e1020f3ff2707c74af0a3f88a1bb8e,0.693,,307,Mn3FeO6,0.3465,82.33174358215183,0,300,1307,V2_Frozen_Atomic75_Late30,0,0,10,/mnt/lis-wam-data/dxl/mattergen_v1/experiments/corrector_residual_distillation_formal256/generation/V2_Frozen_Atomic75_Late30/67157/generated_crystals.extxyz,7403d3efa06b998c093ad14f96988d3c899e137178b66bc64f646be877625693,301967360,/mnt/lis-wam-data/dxl/mattergen_v1/experiments/corrector_residual_distillation_formal256/generation/V2_Frozen_Atomic75_Late30/67157/run_summary.json,e5044340c5405847e4fe772ce95c447e856d33836afa27e87f4e22f732ffb679,43.725540640444066,0.693,307,67157,True
0,0,,0,01dd3e86805165412e0810e2a77a4756f8e1020f3ff2707c74af0a3f88a1bb8e,0.0,,0,Fe2CoGe,0.0,112.58062125300057,0,0,2000,C0,0,0,4,/mnt/lis-wam-data/dxl/mattergen_v1/experiments/corrector_residual_distillation_formal256/generation/C0/67158/generated_crystals.extxyz,c74e4d83625317a569b3cd28c137359a68faa1292b7375fb61cf202f9c7aa1d3,257388032,/mnt/lis-wam-data/dxl/mattergen_v1/experiments/corrector_residual_distillation_formal256/generation/C0/67158/run_summary.json,4710727fc9ac1ddb9257502d31e5fb4d5f92e53705e7297fba9ea9e75f357f14,31.977084154739025,0.0,1000,67158,True
700,700,a2fd0f17c27b760958b60c1d1386577883635a34fb2101eb08e38fd8472702c7,0,01dd3e86805165412e0810e2a77a4756f8e1020f3ff2707c74af0a3f88a1bb8e,0.7,,300,Eu2ZnCu,0.35,82.89151582214981,0,300,1300,V2_Frozen_Atomic75_Late30,0,0,4,/mnt/lis-wam-data/dxl/mattergen_v1/experiments/corrector_residual_distillation_formal256/generation/V2_Frozen_Atomic75_Late30/67158/generated_crystals.extxyz,7d16fe5e0b96acae6a1123d28d3d7741d3146d9ca4aa838bbbc37ae3bf47197b,257204224,/mnt/lis-wam-data/dxl/mattergen_v1/experiments/corrector_residual_distillation_formal256/generation/V2_Frozen_Atomic75_Late30/67158/run_summary.json,64f318234eb9bf157ac5ea0502300bcb28ecec2e2e048de20d6bb1ca830f7d97,43.43025898722952,0.7,300,67158,True
0,0,,0,01dd3e86805165412e0810e2a77a4756f8e1020f3ff2707c74af0a3f88a1bb8e,0.0,,0,EuMgZn2,0.0,116.48873456800357,0,0,2000,C0,0,0,4,/mnt/lis-wam-data/dxl/mattergen_v1/experiments/corrector_residual_distillation_formal256/generation/C0/67159/generated_crystals.extxyz,2294cd8a0f3bb7d28a0aec2bc3f07368656ea9bc9d0280beaf6691d824051066,257513472,/mnt/lis-wam-data/dxl/mattergen_v1/experiments/corrector_residual_distillation_formal256/generation/C0/67159/run_summary.json,825e007eccec8975c3af6be563864c0b41e5c0506e3391629dab642a141e23b4,30.904275965830834,0.0,1000,67159,True
699,700,a2fd0f17c27b760958b60c1d1386577883635a34fb2101eb08e38fd8472702c7,1,01dd3e86805165412e0810e2a77a4756f8e1020f3ff2707c74af0a3f88a1bb8e,0.699,,301,Eu2MgZn,0.3495,81.12122897501104,0,300,1301,V2_Frozen_Atomic75_Late30,0,0,4,/mnt/lis-wam-data/dxl/mattergen_v1/experiments/corrector_residual_distillation_formal256/generation/V2_Frozen_Atomic75_Late30/67159/generated_crystals.extxyz,7b99139e0b25929dd8c08fb761e49783622e18f471ef1b0edc283c54ff93c718,257328128,/mnt/lis-wam-data/dxl/mattergen_v1/experiments/corrector_residual_distillation_formal256/generation/V2_Frozen_Atomic75_Late30/67159/run_summary.json,ea746a231d1e3e90fc1db7f7fe5b4a81906cd499dd0b88b8e54d56199a042c4f,44.378025893924274,0.699,301,67159,True
0,0,,0,01dd3e86805165412e0810e2a77a4756f8e1020f3ff2707c74af0a3f88a1bb8e,0.0,,0,Mn5SO4,0.0,114.4745381961111,0,0,2000,C0,0,0,10,/mnt/lis-wam-data/dxl/mattergen_v1/experiments/corrector_residual_distillation_formal256/generation/C0/67160/generated_crystals.extxyz,b44688baa5a09ee7523ccc15103f7106d8084139326bd25ea92a0cd78c19ef7a,303405056,/mnt/lis-wam-data/dxl/mattergen_v1/experiments/corrector_residual_distillation_formal256/generation/C0/67160/run_summary.json,87ad9ebec70504076c79e94c25859879405bcacb5f25e02d4f0feb6ede43342b,31.448041256411884,0.0,1000,67160,True
689,700,a2fd0f17c27b760958b60c1d1386577883635a34fb2101eb08e38fd8472702c7,11,01dd3e86805165412e0810e2a77a4756f8e1020f3ff2707c74af0a3f88a1bb8e,0.689,,311,EuO,0.3445,88.62741075200029,0,300,1311,V2_Frozen_Atomic75_Late30,0,0,10,/mnt/lis-wam-data/dxl/mattergen_v1/experiments/corrector_residual_distillation_formal256/generation/V2_Frozen_Atomic75_Late30/67160/generated_crystals.extxyz,bd8f2c7ebfef697e3c6511a99de2b189a903b60149ca1c7728ebd1f711542e1b,310245376,/mnt/lis-wam-data/dxl/mattergen_v1/experiments/corrector_residual_distillation_formal256/generation/V2_Frozen_Atomic75_Late30/67160/run_summary.json,b8bbd537766d50660e3ac00c7c6a3aac536095866f8aba958b38293735501227,40.619487463913636,0.689,311,67160,True
0,0,,0,01dd3e86805165412e0810e2a77a4756f8e1020f3ff2707c74af0a3f88a1bb8e,0.0,,0,Ca2Gd4V3O11,0.0,114.71655760495923,0,0,2000,C0,0,0,20,/mnt/lis-wam-data/dxl/mattergen_v1/experiments/corrector_residual_distillation_formal256/generation/C0/67161/generated_crystals.extxyz,05b2d11b99b0135cce7a2d529f0a1f11c0589552f3a14fdc5d073cc317c572f5,375113728,/mnt/lis-wam-data/dxl/mattergen_v1/experiments/corrector_residual_distillation_formal256/generation/C0/67161/run_summary.json,266738532630440427e8b6c50b004fc0641e61aa62a4f208f0ca4f2d2ccd6b50,31.381694806403175,0.0,1000,67161,True
628,700,a2fd0f17c27b760958b60c1d1386577883635a34fb2101eb08e38fd8472702c7,72,01dd3e86805165412e0810e2a77a4756f8e1020f3ff2707c74af0a3f88a1bb8e,0.628,,372,Gd3Mn4O13,0.314,84.62129838601686,0,300,1372,V2_Frozen_Atomic75_Late30,0,0,20,/mnt/lis-wam-data/dxl/mattergen_v1/experiments/corrector_residual_distillation_formal256/generation/V2_Frozen_Atomic75_Late30/67161/generated_crystals.extxyz,3ef5b823688bddde8ed2e7cf96997452759d02da71c98e4fb8467df9996f25ae,371694080,/mnt/lis-wam-data/dxl/mattergen_v1/experiments/corrector_residual_distillation_formal256/generation/V2_Frozen_Atomic75_Late30/67161/run_summary.json,1bacbcb72b3ee6a76d11f7fc7a27833b615efd6b604567ec5b36418971b27715,42.54248125073531,0.628,372,67161,True
0,0,,0,01dd3e86805165412e0810e2a77a4756f8e1020f3ff2707c74af0a3f88a1bb8e,0.0,,0,EuPAu,0.0,117.23523433785886,0,0,2000,C0,0,0,6,/mnt/lis-wam-data/dxl/mattergen_v1/experiments/corrector_residual_distillation_formal256/generation/C0/67162/generated_crystals.extxyz,a83f643677fcb0c59b5b05111c5b04c340618e78535c9daeeec9f2340833a5cd,273556480,/mnt/lis-wam-data/dxl/mattergen_v1/experiments/corrector_residual_distillation_formal256/generation/C0/67162/run_summary.json,21f10b74ec13018fbe36d862a9e0283bcff4c5e7d9bfb8f78d1f851085dac7cf,30.70749182472909,0.0,1000,67162,True
611,700,a2fd0f17c27b760958b60c1d1386577883635a34fb2101eb08e38fd8472702c7,89,01dd3e86805165412e0810e2a77a4756f8e1020f3ff2707c74af0a3f88a1bb8e,0.611,,389,EuAlAu,0.3055,90.3984720739536,0,300,1389,V2_Frozen_Atomic75_Late30,0,0,6,/mnt/lis-wam-data/dxl/mattergen_v1/experiments/corrector_residual_distillation_formal256/generation/V2_Frozen_Atomic75_Late30/67162/generated_crystals.extxyz,3e56618f905eae720f5483dd6c360105f9759c0f57fde6444c7f2b754a10b415,271539712,/mnt/lis-wam-data/dxl/mattergen_v1/experiments/corrector_residual_distillation_formal256/generation/V2_Frozen_Atomic75_Late30/67162/run_summary.json,f04a14cc879ee735c29f8f46ec0d9879f1e9f31847c8497b2cb7501202b7dd89,39.82368194293036,0.611,389,67162,True
0,0,,0,01dd3e86805165412e0810e2a77a4756f8e1020f3ff2707c74af0a3f88a1bb8e,0.0,,0,ErFe11W,0.0,123.45846925210208,0,0,2000,C0,0,0,13,/mnt/lis-wam-data/dxl/mattergen_v1/experiments/corrector_residual_distillation_formal256/generation/C0/67163/generated_crystals.extxyz,1f8d052ceddfde8ed9b6c890eeaa952497aff296c49ed4d63fd1f9f853bf6075,323630592,/mnt/lis-wam-data/dxl/mattergen_v1/experiments/corrector_residual_distillation_formal256/generation/C0/67163/run_summary.json,78cda1e8a79e607f9fcb19bbaf90c8da2ffdafaf52eb4ce1fe9feed25f057a81,29.159603401924606,0.0,1000,67163,True
333,700,a2fd0f17c27b760958b60c1d1386577883635a34fb2101eb08e38fd8472702c7,367,01dd3e86805165412e0810e2a77a4756f8e1020f3ff2707c74af0a3f88a1bb8e,0.333,,667,YMnFe11,0.1665,99.75472658500075,0,300,1667,V2_Frozen_Atomic75_Late30,0,0,13,/mnt/lis-wam-data/dxl/mattergen_v1/experiments/corrector_residual_distillation_formal256/generation/V2_Frozen_Atomic75_Late30/67163/generated_crystals.extxyz,9700ba2d1f50dfe6549ee3d7e39225d046b1c4943f3d00519191069db2d25b38,323811328,/mnt/lis-wam-data/dxl/mattergen_v1/experiments/corrector_residual_distillation_formal256/generation/V2_Frozen_Atomic75_Late30/67163/run_summary.json,3189f2e461d8902d84a1749cc0aed36f761d76118f1122c310c4e4a3f2df1bae,36.088515534473935,0.333,667,67163,True
0,0,,0,01dd3e86805165412e0810e2a77a4756f8e1020f3ff2707c74af0a3f88a1bb8e,0.0,,0,Eu3Mg,0.0,115.89009651099332,0,0,2000,C0,0,0,8,/mnt/lis-wam-data/dxl/mattergen_v1/experiments/corrector_residual_distillation_formal256/generation/C0/67164/generated_crystals.extxyz,b4d1050ce1eaa26fcfa4f5a510ea265201056e3388bff4957856c6d71bce251f,292623360,/mnt/lis-wam-data/dxl/mattergen_v1/experiments/corrector_residual_distillation_formal256/generation/C0/67164/run_summary.json,4411a943dc971193eaf3fb072eefbd94c8ffc744ff26f6771683bac0c4b0040b,31.06391407361115,0.0,1000,67164,True
494,700,a2fd0f17c27b760958b60c1d1386577883635a34fb2101eb08e38fd8472702c7,206,01dd3e86805165412e0810e2a77a4756f8e1020f3ff2707c74af0a3f88a1bb8e,0.494,,506,Eu2IN,0.247,96.15285102208145,0,300,1506,V2_Frozen_Atomic75_Late30,0,0,8,/mnt/lis-wam-data/dxl/mattergen_v1/experiments/corrector_residual_distillation_formal256/generation/V2_Frozen_Atomic75_Late30/67164/generated_crystals.extxyz,365e331cfd77e8065d665fac71d78e757601155b8138498a462f9d0c324bd0c6,287270912,/mnt/lis-wam-data/dxl/mattergen_v1/experiments/corrector_residual_distillation_formal256/generation/V2_Frozen_Atomic75_Late30/67164/run_summary.json,134ae69894e296688e6f60ef1abe0594040f6d5d80aa41d780813d8fddaa8686,37.440387484436236,0.494,506,67164,True
0,0,,0,01dd3e86805165412e0810e2a77a4756f8e1020f3ff2707c74af0a3f88a1bb8e,0.0,,0,EuAgBi2,0.0,114.37742305197753,0,0,2000,C0,0,0,4,/mnt/lis-wam-data/dxl/mattergen_v1/experiments/corrector_residual_distillation_formal256/generation/C0/67165/generated_crystals.extxyz,5d321c94f8cc49fbddcf7419405dda0e796b3a3bf47ab37ca7141eb05eceb1d7,257268736,/mnt/lis-wam-data/dxl/mattergen_v1/experiments/corrector_residual_distillation_formal256/generation/C0/67165/run_summary.json,25e9a5891c1f3479f9c6b9196e58e083f2f6b493f90d51332f1eb2b7b65ec705,31.474743038790272,0.0,1000,67165,True
698,700,a2fd0f17c27b760958b60c1d1386577883635a34fb2101eb08e38fd8472702c7,2,01dd3e86805165412e0810e2a77a4756f8e1020f3ff2707c74af0a3f88a1bb8e,0.698,,302,EuAg,0.349,80.56727566896006,0,300,1302,V2_Frozen_Atomic75_Late30,0,0,4,/mnt/lis-wam-data/dxl/mattergen_v1/experiments/corrector_residual_distillation_formal256/generation/V2_Frozen_Atomic75_Late30/67165/generated_crystals.extxyz,8a84204fa202c3985bedad727f0c417184c5d71a35ab77f6474a7c4cbd71f5bd,257407488,/mnt/lis-wam-data/dxl/mattergen_v1/experiments/corrector_residual_distillation_formal256/generation/V2_Frozen_Atomic75_Late30/67165/run_summary.json,92f6bf5c0b6e076c0535002d183b745f7cec95866e780fd2c4080f5fbe78d912,44.68315417281712,0.698,302,67165,True
0,0,,0,01dd3e86805165412e0810e2a77a4756f8e1020f3ff2707c74af0a3f88a1bb8e,0.0,,0,Mn3Fe2Co3P4,0.0,114.93636982399039,0,0,2000,C0,0,0,12,/mnt/lis-wam-data/dxl/mattergen_v1/experiments/corrector_residual_distillation_formal256/generation/C0/67166/generated_crystals.extxyz,1cf5fc3e42bec6aa37c21435791d3d6328e9ab7a09d67da3e51c2b5f55f96180,316477952,/mnt/lis-wam-data/dxl/mattergen_v1/experiments/corrector_residual_distillation_formal256/generation/C0/67166/run_summary.json,dff13abfd8a1eee2546e933d13d7490dd1d27e70a1b4ded2f6742a7e7fa11fa7,31.321678294807086,0.0,1000,67166,True
613,700,a2fd0f17c27b760958b60c1d1386577883635a34fb2101eb08e38fd8472702c7,87,01dd3e86805165412e0810e2a77a4756f8e1020f3ff2707c74af0a3f88a1bb8e,0.613,,387,Mn5Co7,0.3065,85.66970025002956,0,300,1387,V2_Frozen_Atomic75_Late30,0,0,12,/mnt/lis-wam-data/dxl/mattergen_v1/experiments/corrector_residual_distillation_formal256/generation/V2_Frozen_Atomic75_Late30/67166/generated_crystals.extxyz,1397ae5b5abcd0eaba88c39ea2ef1810868d2b763c12ac95d85db3312bca578f,315639296,/mnt/lis-wam-data/dxl/mattergen_v1/experiments/corrector_residual_distillation_formal256/generation/V2_Frozen_Atomic75_Late30/67166/run_summary.json,d9fec8e484d74798a0a6aa63de1d303627ab1169fbdc29776ed40db0cfa5152f,42.02185824735342,0.613,387,67166,True
0,0,,0,01dd3e86805165412e0810e2a77a4756f8e1020f3ff2707c74af0a3f88a1bb8e,0.0,,0,LiEu2Mg,0.0,112.50123574701138,0,0,2000,C0,0,0,4,/mnt/lis-wam-data/dxl/mattergen_v1/experiments/corrector_residual_distillation_formal256/generation/C0/67167/generated_crystals.extxyz,f1d00e82c93aa3411596c09468764b84917c5a98ae8e01532d9d45fce2349080,257636864,/mnt/lis-wam-data/dxl/mattergen_v1/experiments/corrector_residual_distillation_formal256/generation/C0/67167/run_summary.json,8897b0d5fd7c04a9f4aeb4ad12f86c61f5e2eca7969eaea38842cf20589c06f9,31.99964850248887,0.0,1000,67167,True
700,700,a2fd0f17c27b760958b60c1d1386577883635a34fb2101eb08e38fd8472702c7,0,01dd3e86805165412e0810e2a77a4756f8e1020f3ff2707c74af0a3f88a1bb8e,0.7,,300,EuH2Pt,0.35,81.18666098918766,0,300,1300,V2_Frozen_Atomic75_Late30,0,0,4,/mnt/lis-wam-data/dxl/mattergen_v1/experiments/corrector_residual_distillation_formal256/generation/V2_Frozen_Atomic75_Late30/67167/generated_crystals.extxyz,20ad5b96423c028f08f613d4060e13352608fdc585ab28db5a77101455673c96,259089408,/mnt/lis-wam-data/dxl/mattergen_v1/experiments/corrector_residual_distillation_formal256/generation/V2_Frozen_Atomic75_Late30/67167/run_summary.json,87aa73be03d6b70ecb084f86a8fac89b7b821eb5920a5ca4b11a636b42113b48,44.34225962907187,0.7,300,67167,True
0,0,,0,01dd3e86805165412e0810e2a77a4756f8e1020f3ff2707c74af0a3f88a1bb8e,0.0,,0,Gd4(SO)3,0.0,116.33828778890893,0,0,2000,C0,0,0,20,/mnt/lis-wam-data/dxl/mattergen_v1/experiments/corrector_residual_distillation_formal256/generation/C0/67168/generated_crystals.extxyz,4d1c98ed35713476fb39ad8d9aa54375ef0f5990ca5413d46e827f211287cff1,371929088,/mnt/lis-wam-data/dxl/mattergen_v1/experiments/corrector_residual_distillation_formal256/generation/C0/67168/run_summary.json,77060dc94a03f0e214ef31767679f80bc003d0560f71d4cacae36c961793254d,30.944240872205828,0.0,1000,67168,True
490,700,a2fd0f17c27b760958b60c1d1386577883635a34fb2101eb08e38fd8472702c7,210,01dd3e86805165412e0810e2a77a4756f8e1020f3ff2707c74af0a3f88a1bb8e,0.49,,510,Eu4GdMn3O12,0.245,97.43992104800418,0,300,1510,V2_Frozen_Atomic75_Late30,0,0,20,/mnt/lis-wam-data/dxl/mattergen_v1/experiments/corrector_residual_distillation_formal256/generation/V2_Frozen_Atomic75_Late30/67168/generated_crystals.extxyz,676b9dd5719df4a5a44aa248c714228764e3219925ba69bd6462679980892081,371594752,/mnt/lis-wam-data/dxl/mattergen_v1/experiments/corrector_residual_distillation_formal256/generation/V2_Frozen_Atomic75_Late30/67168/run_summary.json,4afde4ccf168c25dcdda21f34918e460fbd747bdf685ab626907084207eaa9cd,36.94584274371944,0.49,510,67168,True
0,0,,0,01dd3e86805165412e0810e2a77a4756f8e1020f3ff2707c74af0a3f88a1bb8e,0.0,,0,MnFeH2Pt,0.0,119.37774035311304,0,0,2000,C0,0,0,5,/mnt/lis-wam-data/dxl/mattergen_v1/experiments/corrector_residual_distillation_formal256/generation/C0/67169/generated_crystals.extxyz,e76fd06dc2736da9022c737417cf4d2d9960350838c440391ad8764b97e07156,264768512,/mnt/lis-wam-data/dxl/mattergen_v1/experiments/corrector_residual_distillation_formal256/generation/C0/67169/run_summary.json,4346a14607e345ea62981fd98317226cb17181ae0c3d7bba6945b6da90b0956c,30.156375797961918,0.0,1000,67169,True
698,700,a2fd0f17c27b760958b60c1d1386577883635a34fb2101eb08e38fd8472702c7,2,01dd3e86805165412e0810e2a77a4756f8e1020f3ff2707c74af0a3f88a1bb8e,0.698,,302,Eu3PtN,0.349,80.95877550588921,0,300,1302,V2_Frozen_Atomic75_Late30,0,0,5,/mnt/lis-wam-data/dxl/mattergen_v1/experiments/corrector_residual_distillation_formal256/generation/V2_Frozen_Atomic75_Late30/67169/generated_crystals.extxyz,75d19d3482b34081a3789167cb8f156ff93cb0a3f8f458c28982cf8e10392409,265091584,/mnt/lis-wam-data/dxl/mattergen_v1/experiments/corrector_residual_distillation_formal256/generation/V2_Frozen_Atomic75_Late30/67169/run_summary.json,cdb36da255a734fded62aa7aa60f5340d2589a67bcb76d26792bf40ac1f811b7,44.46707571235591,0.698,302,67169,True
0,0,,0,01dd3e86805165412e0810e2a77a4756f8e1020f3ff2707c74af0a3f88a1bb8e,0.0,,0,LiEu2Zn,0.0,112.99882279406302,0,0,2000,C0,0,0,4,/mnt/lis-wam-data/dxl/mattergen_v1/experiments/corrector_residual_distillation_formal256/generation/C0/67170/generated_crystals.extxyz,6c5702fa4b50a7187f5843d033f9daccabc594edb463527663c83fe0834de0bd,257566208,/mnt/lis-wam-data/dxl/mattergen_v1/experiments/corrector_residual_distillation_formal256/generation/C0/67170/run_summary.json,bf3e6b53af39e77088a2a13a284ef1066b73fb446a9a6ecfd05c88ccabaaf918,31.858738976076705,0.0,1000,67170,True
699,700,a2fd0f17c27b760958b60c1d1386577883635a34fb2101eb08e38fd8472702c7,1,01dd3e86805165412e0810e2a77a4756f8e1020f3ff2707c74af0a3f88a1bb8e,0.699,,301,EuCuO2,0.3495,79.82606224995106,0,300,1301,V2_Frozen_Atomic75_Late30,0,0,4,/mnt/lis-wam-data/dxl/mattergen_v1/experiments/corrector_residual_distillation_formal256/generation/V2_Frozen_Atomic75_Late30/67170/generated_crystals.extxyz,30a75598c23d9af61905199b30fef13071a7ce2a918e4bdb3ee68094a5133e82,257780224,/mnt/lis-wam-data/dxl/mattergen_v1/experiments/corrector_residual_distillation_formal256/generation/V2_Frozen_Atomic75_Late30/67170/run_summary.json,7c728fd1c8fb8071454c22f8756cc40a7927bd4ce7836beb870f6a7dc049fdb0,45.09805317375788,0.699,301,67170,True
0,0,,0,01dd3e86805165412e0810e2a77a4756f8e1020f3ff2707c74af0a3f88a1bb8e,0.0,,0,FeNiH,0.0,116.17284038616344,0,0,2000,C0,0,0,9,/mnt/lis-wam-data/dxl/mattergen_v1/experiments/corrector_residual_distillation_formal256/generation/C0/67171/generated_crystals.extxyz,4f8f7589c0bf2d8b604a0eb60ed618707d6ad25ae84df323c7005e01adc17c4c,294236160,/mnt/lis-wam-data/dxl/mattergen_v1/experiments/corrector_residual_distillation_formal256/generation/C0/67171/run_summary.json,3c55604bb431188f419aef963976a69f70493d16a60d40faa8c56f6e709e78d5,30.988310073451313,0.0,1000,67171,True
348,700,a2fd0f17c27b760958b60c1d1386577883635a34fb2101eb08e38fd8472702c7,352,01dd3e86805165412e0810e2a77a4756f8e1020f3ff2707c74af0a3f88a1bb8e,0.348,,652,Fe3CuNi5,0.174,98.27307770214975,0,300,1652,V2_Frozen_Atomic75_Late30,0,0,9,/mnt/lis-wam-data/dxl/mattergen_v1/experiments/corrector_residual_distillation_formal256/generation/V2_Frozen_Atomic75_Late30/67171/generated_crystals.extxyz,1cf00b1557650529e9f1e6c074240e215382eb01384637d4fae51f3bfbbcff25,294741504,/mnt/lis-wam-data/dxl/mattergen_v1/experiments/corrector_residual_distillation_formal256/generation/V2_Frozen_Atomic75_Late30/67171/run_summary.json,02d65cc9d7287adf2ee3aae4dc9de2a7b224a9c9a5d87ed0a872e68f044fdbcc,36.63261682829385,0.348,652,67171,True
0,0,,0,01dd3e86805165412e0810e2a77a4756f8e1020f3ff2707c74af0a3f88a1bb8e,0.0,,0,Ba2Eu4NiH2,0.0,114.47481252998114,0,0,2000,C0,0,0,9,/mnt/lis-wam-data/dxl/mattergen_v1/experiments/corrector_residual_distillation_formal256/generation/C0/67172/generated_crystals.extxyz,ce13d78134a7eb45a8d93e2d1e613c5dd162effc28dc0f2b4c4b7aeab545ecb2,293174784,/mnt/lis-wam-data/dxl/mattergen_v1/experiments/corrector_residual_distillation_formal256/generation/C0/67172/run_summary.json,2e1fc692cb3bc6c523670c9492acb75e6a979c6e87158cb9f303d647f8fb2830,31.44796589255959,0.0,1000,67172,True
585,700,a2fd0f17c27b760958b60c1d1386577883635a34fb2101eb08e38fd8472702c7,115,01dd3e86805165412e0810e2a77a4756f8e1020f3ff2707c74af0a3f88a1bb8e,0.585,,415,Eu5Ni4,0.2925,87.02146173408255,0,300,1415,V2_Frozen_Atomic75_Late30,0,0,9,/mnt/lis-wam-data/dxl/mattergen_v1/experiments/corrector_residual_distillation_formal256/generation/V2_Frozen_Atomic75_Late30/67172/generated_crystals.extxyz,866073c4819ef0dc3bfb9402ed0fdd35b21941549e535654bf525606ac9fca72,295159296,/mnt/lis-wam-data/dxl/mattergen_v1/experiments/corrector_residual_distillation_formal256/generation/V2_Frozen_Atomic75_Late30/67172/run_summary.json,3d126460f3a4c568c67af91f77646d166051737b90f440d2f3b8b57f836e37a8,41.36910514099116,0.585,415,67172,True
0,0,,0,01dd3e86805165412e0810e2a77a4756f8e1020f3ff2707c74af0a3f88a1bb8e,0.0,,0,Fe2Co3Ni,0.0,115.6331731530372,0,0,2000,C0,0,0,12,/mnt/lis-wam-data/dxl/mattergen_v1/experiments/corrector_residual_distillation_formal256/generation/C0/67173/generated_crystals.extxyz,5c64eea731a9bd34edd5e139723aaf16036a5591c63088e82219bdae438e7eea,315362816,/mnt/lis-wam-data/dxl/mattergen_v1/experiments/corrector_residual_distillation_formal256/generation/C0/67173/run_summary.json,28787c8458ffb4b635b7e54cc5e142af09a0b6ff68f4da38a6120f4f24493d2c,31.132934449835627,0.0,1000,67173,True
409,700,a2fd0f17c27b760958b60c1d1386577883635a34fb2101eb08e38fd8472702c7,291,01dd3e86805165412e0810e2a77a4756f8e1020f3ff2707c74af0a3f88a1bb8e,0.409,,591,Fe4Co5Ni3,0.2045,97.00076740095392,0,300,1591,V2_Frozen_Atomic75_Late30,0,0,12,/mnt/lis-wam-data/dxl/mattergen_v1/experiments/corrector_residual_distillation_formal256/generation/V2_Frozen_Atomic75_Late30/67173/generated_crystals.extxyz,585bd1baa689982ca8748f74e4738beabcfa4bca0d6c1f9b453155b473d286b7,315018240,/mnt/lis-wam-data/dxl/mattergen_v1/experiments/corrector_residual_distillation_formal256/generation/V2_Frozen_Atomic75_Late30/67173/run_summary.json,5d6e9fa24a125086d86a7990008195b65100bc558c1737eda7855a72bdf46e8c,37.11310844706366,0.409,591,67173,True
0,0,,0,01dd3e86805165412e0810e2a77a4756f8e1020f3ff2707c74af0a3f88a1bb8e,0.0,,0,Eu2NO,0.0,114.8320186350029,0,0,2000,C0,0,0,12,/mnt/lis-wam-data/dxl/mattergen_v1/experiments/corrector_residual_distillation_formal256/generation/C0/67174/generated_crystals.extxyz,7c200d37cde438eebfd8f0c4ca7ff048bc7345492aaec59708ef8f9f16c07c0a,318387712,/mnt/lis-wam-data/dxl/mattergen_v1/experiments/corrector_residual_distillation_formal256/generation/C0/67174/run_summary.json,fc6847f9438d9bd7b9eca4150d294b4126ea84ed6fe769aef436678cab11b8c6,31.35014121316382,0.0,1000,67174,True
623,700,a2fd0f17c27b760958b60c1d1386577883635a34fb2101eb08e38fd8472702c7,77,01dd3e86805165412e0810e2a77a4756f8e1020f3ff2707c74af0a3f88a1bb8e,0.623,,377,Gd2Fe3Ir,0.3115,85.02965527307242,0,300,1377,V2_Frozen_Atomic75_Late30,0,0,12,/mnt/lis-wam-data/dxl/mattergen_v1/experiments/corrector_residual_distillation_formal256/generation/V2_Frozen_Atomic75_Late30/67174/generated_crystals.extxyz,64469bfcf3677d017275bc2ac500828d58dea7078852d8578d54ccf70d7191d0,316330496,/mnt/lis-wam-data/dxl/mattergen_v1/experiments/corrector_residual_distillation_formal256/generation/V2_Frozen_Atomic75_Late30/67174/run_summary.json,c2d7aba6637d34270dbac0d347eb5dd861efca9cf3d740a4819cc52c02fd360e,42.33817000008542,0.623,377,67174,True
0,0,,0,01dd3e86805165412e0810e2a77a4756f8e1020f3ff2707c74af0a3f88a1bb8e,0.0,,0,MgMn12Si(SnB2)2,0.0,115.82368109584786,0,0,2000,C0,0,0,20,/mnt/lis-wam-data/dxl/mattergen_v1/experiments/corrector_residual_distillation_formal256/generation/C0/67175/generated_crystals.extxyz,3053d9823ab11eec2f5c465db2c5fd25aee3961cded3759ec0a5b62a6e570aba,390611456,/mnt/lis-wam-data/dxl/mattergen_v1/experiments/corrector_residual_distillation_formal256/generation/C0/67175/run_summary.json,39dede2698682162c64099ebda0af1905f8aaf48808cae27170a21b6d049128a,31.08172668956086,0.0,1000,67175,True
405,700,a2fd0f17c27b760958b60c1d1386577883635a34fb2101eb08e38fd8472702c7,295,01dd3e86805165412e0810e2a77a4756f8e1020f3ff2707c74af0a3f88a1bb8e,0.405,,595,Sm2Fe5SnB2,0.2025,98.17374714603648,0,300,1595,V2_Frozen_Atomic75_Late30,0,0,20,/mnt/lis-wam-data/dxl/mattergen_v1/experiments/corrector_residual_distillation_formal256/generation/V2_Frozen_Atomic75_Late30/67175/generated_crystals.extxyz,8364fd5283e25d64562c3e1c4634083af99ea00570713eb7f626e2f2a9f99afc,371005440,/mnt/lis-wam-data/dxl/mattergen_v1/experiments/corrector_residual_distillation_formal256/generation/V2_Frozen_Atomic75_Late30/67175/run_summary.json,9ddc9cd3788812f2ad0c21cb9da9b9a51c4e2a4393dd8ec629d63f34f59f93fc,36.66968109758395,0.405,595,67175,True
0,0,,0,01dd3e86805165412e0810e2a77a4756f8e1020f3ff2707c74af0a3f88a1bb8e,0.0,,0,EuSi,0.0,114.59406324289739,0,0,2000,C0,0,0,8,/mnt/lis-wam-data/dxl/mattergen_v1/experiments/corrector_residual_distillation_formal256/generation/C0/67176/generated_crystals.extxyz,c1406c7174e7124bcbf08f0266e6e69ff59045e14c795d790d9259fd77de0382,286121984,/mnt/lis-wam-data/dxl/mattergen_v1/experiments/corrector_residual_distillation_formal256/generation/C0/67176/run_summary.json,a85a479736e3d5850dcf3df60026e2ae99ae4beabbe4887a892ebd9399781bb8,31.415240005665215,0.0,1000,67176,True
690,700,a2fd0f17c27b760958b60c1d1386577883635a34fb2101eb08e38fd8472702c7,10,01dd3e86805165412e0810e2a77a4756f8e1020f3ff2707c74af0a3f88a1bb8e,0.69,,310,Eu7Sn,0.345,81.14031353010796,0,300,1310,V2_Frozen_Atomic75_Late30,0,0,8,/mnt/lis-wam-data/dxl/mattergen_v1/experiments/corrector_residual_distillation_formal256/generation/V2_Frozen_Atomic75_Late30/67176/generated_crystals.extxyz,52f03330fdb9a2a9da41f0dc3d857ea668b8303636247df7f70bc5fb0b0da54c,286344192,/mnt/lis-wam-data/dxl/mattergen_v1/experiments/corrector_residual_distillation_formal256/generation/V2_Frozen_Atomic75_Late30/67176/run_summary.json,060999d4c33fc4fcecc6cebdb1934762cae07a7b8e83cab931cefc9ab017eb28,44.367587988973966,0.69,310,67176,True
0,0,,0,01dd3e86805165412e0810e2a77a4756f8e1020f3ff2707c74af0a3f88a1bb8e,0.0,,0,BeFe5,0.0,113.59769567288458,0,0,2000,C0,0,0,6,/mnt/lis-wam-data/dxl/mattergen_v1/experiments/corrector_residual_distillation_formal256/generation/C0/67177/generated_crystals.extxyz,3d3f66083ee7d1eff6fc358569967882b24ed238114f0bbd2e7eacce5df1696f,274538496,/mnt/lis-wam-data/dxl/mattergen_v1/experiments/corrector_residual_distillation_formal256/generation/C0/67177/run_summary.json,91190c624c9a5a6035ca63a22ec675bbf8d972a8a4d93aad612561458cde9c63,31.690783678980107,0.0,1000,67177,True
700,700,a2fd0f17c27b760958b60c1d1386577883635a34fb2101eb08e38fd8472702c7,0,01dd3e86805165412e0810e2a77a4756f8e1020f3ff2707c74af0a3f88a1bb8e,0.7,,300,ZnFe5,0.35,79.35401166393422,0,300,1300,V2_Frozen_Atomic75_Late30,0,0,6,/mnt/lis-wam-data/dxl/mattergen_v1/experiments/corrector_residual_distillation_formal256/generation/V2_Frozen_Atomic75_Late30/67177/generated_crystals.extxyz,3aa07808a6ad1b193182d1eff986413ba99ce9d002268aa1e840be6f080bddee,271608320,/mnt/lis-wam-data/dxl/mattergen_v1/experiments/corrector_residual_distillation_formal256/generation/V2_Frozen_Atomic75_Late30/67177/run_summary.json,b9329409c20b9da9ba15ee06c6514e27bdfd5484ed8931089cdd5aefb727e759,45.3663264718874,0.7,300,67177,True
0,0,,0,01dd3e86805165412e0810e2a77a4756f8e1020f3ff2707c74af0a3f88a1bb8e,0.0,,0,Fe2Ni,0.0,114.70140173495747,0,0,2000,C0,0,0,6,/mnt/lis-wam-data/dxl/mattergen_v1/experiments/corrector_residual_distillation_formal256/generation/C0/67178/generated_crystals.extxyz,fa246843f2826a364f1d2cc46b21a05f6e9a8ad0569fef8ac3b35b8e10d4908b,271909888,/mnt/lis-wam-data/dxl/mattergen_v1/experiments/corrector_residual_distillation_formal256/generation/C0/67178/run_summary.json,d926ab0b46f04d2e2c81953c046ae60a504c3696e815b9398cda84dec0b9a205,31.38584137200505,0.0,1000,67178,True
695,700,a2fd0f17c27b760958b60c1d1386577883635a34fb2101eb08e38fd8472702c7,5,01dd3e86805165412e0810e2a77a4756f8e1020f3ff2707c74af0a3f88a1bb8e,0.695,,305,BeGaFe,0.3475,82.69323388603516,0,300,1305,V2_Frozen_Atomic75_Late30,0,0,6,/mnt/lis-wam-data/dxl/mattergen_v1/experiments/corrector_residual_distillation_formal256/generation/V2_Frozen_Atomic75_Late30/67178/generated_crystals.extxyz,1de79de41c3119d650c43f39fb6ea412ed5cc1ae3efcf3ccf267bc20210e8aac,271378432,/mnt/lis-wam-data/dxl/mattergen_v1/experiments/corrector_residual_distillation_formal256/generation/V2_Frozen_Atomic75_Late30/67178/run_summary.json,fcf9b49e774428885a8d3f4972111d4897a0e9ab2949348bd8e24c7967d3d56a,43.534396114697735,0.695,305,67178,True
0,0,,0,01dd3e86805165412e0810e2a77a4756f8e1020f3ff2707c74af0a3f88a1bb8e,0.0,,0,Fe4Co5,0.0,117.43761015008204,0,0,2000,C0,0,0,9,/mnt/lis-wam-data/dxl/mattergen_v1/experiments/corrector_residual_distillation_formal256/generation/C0/67179/generated_crystals.extxyz,412804010b564332f889642b46e030a4f6b67e87ea1bbcf8935ca2026992f516,294797824,/mnt/lis-wam-data/dxl/mattergen_v1/experiments/corrector_residual_distillation_formal256/generation/C0/67179/run_summary.json,45f57437420873f25c463b5d200ef225d900dddf3459e61914e8d54dcf1ee07f,30.654574760158173,0.0,1000,67179,True
304,700,a2fd0f17c27b760958b60c1d1386577883635a34fb2101eb08e38fd8472702c7,396,01dd3e86805165412e0810e2a77a4756f8e1020f3ff2707c74af0a3f88a1bb8e,0.304,,696,Co6BPt2,0.152,104.60801226692274,0,300,1696,V2_Frozen_Atomic75_Late30,0,0,9,/mnt/lis-wam-data/dxl/mattergen_v1/experiments/corrector_residual_distillation_formal256/generation/V2_Frozen_Atomic75_Late30/67179/generated_crystals.extxyz,fe813fb6d0b25c7b5b8a0abbd04bdef982b7898d28de2dc2bbecdd9c12c95a3e,293666816,/mnt/lis-wam-data/dxl/mattergen_v1/experiments/corrector_residual_distillation_formal256/generation/V2_Frozen_Atomic75_Late30/67179/run_summary.json,a53ad92c048828e3a4c2a2d1f7c89fb0b9cb65785987a8a2ef685e04157aeb0f,34.4141899075003,0.304,696,67179,True
0,0,,0,01dd3e86805165412e0810e2a77a4756f8e1020f3ff2707c74af0a3f88a1bb8e,0.0,,0,Eu5Ag2,0.0,111.86274971487,0,0,2000,C0,0,0,7,/mnt/lis-wam-data/dxl/mattergen_v1/experiments/corrector_residual_distillation_formal256/generation/C0/67180/generated_crystals.extxyz,1da70c6a19afddbe538d1a4bfe16b79485246dee4416144fa2b829cd3e8b8bd6,280116736,/mnt/lis-wam-data/dxl/mattergen_v1/experiments/corrector_residual_distillation_formal256/generation/C0/67180/run_summary.json,ce894ea2f9e5363363ff0671fbff5ff1c2d9eda51b93738a5af3ddd3a678a643,32.18229490313923,0.0,1000,67180,True
659,700,a2fd0f17c27b760958b60c1d1386577883635a34fb2101eb08e38fd8472702c7,41,01dd3e86805165412e0810e2a77a4756f8e1020f3ff2707c74af0a3f88a1bb8e,0.659,,341,Eu4AgAu2,0.3295,83.24592210096307,0,300,1341,V2_Frozen_Atomic75_Late30,0,0,7,/mnt/lis-wam-data/dxl/mattergen_v1/experiments/corrector_residual_distillation_formal256/generation/V2_Frozen_Atomic75_Late30/67180/generated_crystals.extxyz,47766f85ef7ae44c0f4a66bf425839d2c849d2c830777635af7f8cef4a11953e,280323584,/mnt/lis-wam-data/dxl/mattergen_v1/experiments/corrector_residual_distillation_formal256/generation/V2_Frozen_Atomic75_Late30/67180/run_summary.json,0fce5a7b97cbf50690f9d746c07f672996dc383385f4f6d9851d42a5d2a079da,43.245361564183476,0.659,341,67180,True
0,0,,0,01dd3e86805165412e0810e2a77a4756f8e1020f3ff2707c74af0a3f88a1bb8e,0.0,,0,MgMn2Fe6O11,0.0,113.7270163060166,0,0,2000,C0,0,0,20,/mnt/lis-wam-data/dxl/mattergen_v1/experiments/corrector_residual_distillation_formal256/generation/C0/67181/generated_crystals.extxyz,dc425bbb82f6915cf98225cd744282b8c80fe26b8e8c4ee20382633fe503d7a7,373733888,/mnt/lis-wam-data/dxl/mattergen_v1/experiments/corrector_residual_distillation_formal256/generation/C0/67181/run_summary.json,3e3754c4b84d63d7df461856364ab95694a8f93ed5ca4679d1f323ebd9dfbbdc,31.654747631056477,0.0,1000,67181,True
475,700,a2fd0f17c27b760958b60c1d1386577883635a34fb2101eb08e38fd8472702c7,225,01dd3e86805165412e0810e2a77a4756f8e1020f3ff2707c74af0a3f88a1bb8e,0.475,,525,GdMnV2(FeO3)4,0.2375,92.58895372389816,0,300,1525,V2_Frozen_Atomic75_Late30,0,0,20,/mnt/lis-wam-data/dxl/mattergen_v1/experiments/corrector_residual_distillation_formal256/generation/V2_Frozen_Atomic75_Late30/67181/generated_crystals.extxyz,e22fa3ea6d4b597fd57febd1a7f4e30d42b06c42628705911f0628bc8c0a8fd5,373506048,/mnt/lis-wam-data/dxl/mattergen_v1/experiments/corrector_residual_distillation_formal256/generation/V2_Frozen_Atomic75_Late30/67181/run_summary.json,a6ca92111619057649dc512d55fd2349c87a5b31431cf65da56ac41c1fa0b329,38.88152803557173,0.475,525,67181,True
0,0,,0,01dd3e86805165412e0810e2a77a4756f8e1020f3ff2707c74af0a3f88a1bb8e,0.0,,0,Eu2ZrFeO6,0.0,122.36547198798507,0,0,2000,C0,0,0,10,/mnt/lis-wam-data/dxl/mattergen_v1/experiments/corrector_residual_distillation_formal256/generation/C0/67182/generated_crystals.extxyz,8a468cf9c623b1e88de222959abfb1b102afcd88caf88653a2d7204ef71820c6,301565440,/mnt/lis-wam-data/dxl/mattergen_v1/experiments/corrector_residual_distillation_formal256/generation/C0/67182/run_summary.json,c3193aeb07807e60b42ab79e9ef77ed112a127c4d6d43e02285292f78d035836,29.420063858810433,0.0,1000,67182,True
647,700,a2fd0f17c27b760958b60c1d1386577883635a34fb2101eb08e38fd8472702c7,53,01dd3e86805165412e0810e2a77a4756f8e1020f3ff2707c74af0a3f88a1bb8e,0.647,,353,Eu3TaO6,0.3235,82.59996202611364,0,300,1353,V2_Frozen_Atomic75_Late30,0,0,10,/mnt/lis-wam-data/dxl/mattergen_v1/experiments/corrector_residual_distillation_formal256/generation/V2_Frozen_Atomic75_Late30/67182/generated_crystals.extxyz,39129ba7e03b332e0a93bd4df71447f9e5ebc40d89115ef090bcaaf53078b379,301772800,/mnt/lis-wam-data/dxl/mattergen_v1/experiments/corrector_residual_distillation_formal256/generation/V2_Frozen_Atomic75_Late30/67182/run_summary.json,ac5412b893bbc1fc2770b34d517734cbf013c4b66aba4331209eab519e509915,43.58355514572603,0.647,353,67182,True
0,0,,0,01dd3e86805165412e0810e2a77a4756f8e1020f3ff2707c74af0a3f88a1bb8e,0.0,,0,HoTiFe11,0.0,115.01750097796321,0,0,2000,C0,0,0,13,/mnt/lis-wam-data/dxl/mattergen_v1/experiments/corrector_residual_distillation_formal256/generation/C0/67183/generated_crystals.extxyz,a15b5d32509f8914d3785b4521b255cc341d03e70528314c4ff6e5c9a61f2a6e,326259712,/mnt/lis-wam-data/dxl/mattergen_v1/experiments/corrector_residual_distillation_formal256/generation/C0/67183/run_summary.json,bc9a5807fc01ba6730b5db2e0158764f6805c99f818bed703bfc0cd134ecc8d4,31.299584579652294,0.0,1000,67183,True
344,700,a2fd0f17c27b760958b60c1d1386577883635a34fb2101eb08e38fd8472702c7,356,01dd3e86805165412e0810e2a77a4756f8e1020f3ff2707c74af0a3f88a1bb8e,0.344,,656,SmNbFe11,0.172,101.45829424913973,0,300,1656,V2_Frozen_Atomic75_Late30,0,0,13,/mnt/lis-wam-data/dxl/mattergen_v1/experiments/corrector_residual_distillation_formal256/generation/V2_Frozen_Atomic75_Late30/67183/generated_crystals.extxyz,b365a4ba9acd0a9549e409ccc09093648d051505ee28b358ead3be2526bd724a,323406336,/mnt/lis-wam-data/dxl/mattergen_v1/experiments/corrector_residual_distillation_formal256/generation/V2_Frozen_Atomic75_Late30/67183/run_summary.json,54e96a8a66824a56dc60228de5307c3d8ea2e6fed199269921c5ac52f17585f4,35.48255986996869,0.344,656,67183,True
0,0,,0,01dd3e86805165412e0810e2a77a4756f8e1020f3ff2707c74af0a3f88a1bb8e,0.0,,0,Eu3RhF,0.0,122.93142918706872,0,0,2000,C0,0,0,5,/mnt/lis-wam-data/dxl/mattergen_v1/experiments/corrector_residual_distillation_formal256/generation/C0/67184/generated_crystals.extxyz,96f31ec876e83243e7de66dfde7e5a26c5a4d52513f5fbd9685f64865bf489e8,264596992,/mnt/lis-wam-data/dxl/mattergen_v1/experiments/corrector_residual_distillation_formal256/generation/C0/67184/run_summary.json,7dddf830474bb1661697d794a1c298d5e00660a18d24a3ac8b877e5b1e3dd722,29.28461845604808,0.0,1000,67184,True
697,700,a2fd0f17c27b760958b60c1d1386577883635a34fb2101eb08e38fd8472702c7,3,01dd3e86805165412e0810e2a77a4756f8e1020f3ff2707c74af0a3f88a1bb8e,0.697,,303,GaCo3B,0.3485,80.16615202091634,0,300,1303,V2_Frozen_Atomic75_Late30,0,0,5,/mnt/lis-wam-data/dxl/mattergen_v1/experiments/corrector_residual_distillation_formal256/generation/V2_Frozen_Atomic75_Late30/67184/generated_crystals.extxyz,b001d76073f2513dfca139b2419f3d3dfc88afec78a3260d7164a0ef5e11d5d5,264368128,/mnt/lis-wam-data/dxl/mattergen_v1/experiments/corrector_residual_distillation_formal256/generation/V2_Frozen_Atomic75_Late30/67184/run_summary.json,07ce4cd71e36ba42a733a22ec459f59c427defd123cf4b6cd08bb02e2f92cb70,44.90673319408814,0.697,303,67184,True
0,0,,0,01dd3e86805165412e0810e2a77a4756f8e1020f3ff2707c74af0a3f88a1bb8e,0.0,,0,FeHRh,0.0,115.29308725195006,0,0,2000,C0,0,0,6,/mnt/lis-wam-data/dxl/mattergen_v1/experiments/corrector_residual_distillation_formal256/generation/C0/67185/generated_crystals.extxyz,af3108d93b72af02a60a80fc5eac6be27965043be8ace0a0b0886698b5848b07,273389568,/mnt/lis-wam-data/dxl/mattergen_v1/experiments/corrector_residual_distillation_formal256/generation/C0/67185/run_summary.json,b99b7993e0c4f50e9f5ba201f80ca85a3ec581157c05f391b18034605c2c1bf5,31.224768854813625,0.0,1000,67185,True
691,700,a2fd0f17c27b760958b60c1d1386577883635a34fb2101eb08e38fd8472702c7,9,01dd3e86805165412e0810e2a77a4756f8e1020f3ff2707c74af0a3f88a1bb8e,0.691,,309,Fe4PdRh,0.3455,81.73535721213557,0,300,1309,V2_Frozen_Atomic75_Late30,0,0,6,/mnt/lis-wam-data/dxl/mattergen_v1/experiments/corrector_residual_distillation_formal256/generation/V2_Frozen_Atomic75_Late30/67185/generated_crystals.extxyz,c5e4b3a8f66b888e62010f9b15414a0f3f3745cae14074abb819bbdcc79b4dc4,271598080,/mnt/lis-wam-data/dxl/mattergen_v1/experiments/corrector_residual_distillation_formal256/generation/V2_Frozen_Atomic75_Late30/67185/run_summary.json,04f7db2eca930e207b51dab1ac1c2ed4f708065be8ffda8c43b4a13230b42b74,44.044586367397606,0.691,309,67185,True
0,0,,0,01dd3e86805165412e0810e2a77a4756f8e1020f3ff2707c74af0a3f88a1bb8e,0.0,,0,Fe5H3SO7,0.0,120.49811681802385,0,0,2000,C0,0,0,16,/mnt/lis-wam-data/dxl/mattergen_v1/experiments/corrector_residual_distillation_formal256/generation/C0/67186/generated_crystals.extxyz,5d7b46ddc0a293f1a56712a2c2f9c494755111e5e8d6a67424b1e71243e68bef,342436352,/mnt/lis-wam-data/dxl/mattergen_v1/experiments/corrector_residual_distillation_formal256/generation/C0/67186/run_summary.json,2b8cd8d0d8891aca1fabd0f254c625c3b1dc9d5d24c895d894dbea148d6c7a43,29.87598557607931,0.0,1000,67186,True
618,700,a2fd0f17c27b760958b60c1d1386577883635a34fb2101eb08e38fd8472702c7,82,01dd3e86805165412e0810e2a77a4756f8e1020f3ff2707c74af0a3f88a1bb8e,0.618,,382,Nb(FeO2)5,0.309,84.87707239505835,0,300,1382,V2_Frozen_Atomic75_Late30,0,0,16,/mnt/lis-wam-data/dxl/mattergen_v1/experiments/corrector_residual_distillation_formal256/generation/V2_Frozen_Atomic75_Late30/67186/generated_crystals.extxyz,c8c4500d85fcf00636e2d0b8d2d9ec261cd2da291db743c9e0b09a8332d32b18,343296000,/mnt/lis-wam-data/dxl/mattergen_v1/experiments/corrector_residual_distillation_formal256/generation/V2_Frozen_Atomic75_Late30/67186/run_summary.json,90df0ba284187266ad71289db1c52be53fc067669bc23b134d316ad85b238722,42.41428101153023,0.618,382,67186,True
0,0,,0,01dd3e86805165412e0810e2a77a4756f8e1020f3ff2707c74af0a3f88a1bb8e,0.0,,0,FeCo,0.0,111.95753888087347,0,0,2000,C0,0,0,8,/mnt/lis-wam-data/dxl/mattergen_v1/experiments/corrector_residual_distillation_formal256/generation/C0/67187/generated_crystals.extxyz,05a97020ba71030b4430ecaee471bc512f656710bffbf28a5882ea1d731baab8,287700992,/mnt/lis-wam-data/dxl/mattergen_v1/experiments/corrector_residual_distillation_formal256/generation/C0/67187/run_summary.json,021dc4eb80ca7742ab9da4074c79a7ced0baaf7ddf2c1bb06dbef6b024e706fa,32.15504767240837,0.0,1000,67187,True
486,700,a2fd0f17c27b760958b60c1d1386577883635a34fb2101eb08e38fd8472702c7,214,01dd3e86805165412e0810e2a77a4756f8e1020f3ff2707c74af0a3f88a1bb8e,0.486,,514,FeRh,0.243,91.966259294888,0,300,1514,V2_Frozen_Atomic75_Late30,0,0,8,/mnt/lis-wam-data/dxl/mattergen_v1/experiments/corrector_residual_distillation_formal256/generation/V2_Frozen_Atomic75_Late30/67187/generated_crystals.extxyz,11d9231370561c3f6d8a477fca8d7f5c86418c3937b37d5964027139368da2a7,286306304,/mnt/lis-wam-data/dxl/mattergen_v1/experiments/corrector_residual_distillation_formal256/generation/V2_Frozen_Atomic75_Late30/67187/run_summary.json,135c59babdc3776f60189f47112776586391a5d41c2abda66321a4671d6f779d,39.144791009240365,0.486,514,67187,True
0,0,,0,01dd3e86805165412e0810e2a77a4756f8e1020f3ff2707c74af0a3f88a1bb8e,0.0,,0,FeNi,0.0,114.64314813399687,0,0,2000,C0,0,0,6,/mnt/lis-wam-data/dxl/mattergen_v1/experiments/corrector_residual_distillation_formal256/generation/C0/67188/generated_crystals.extxyz,0d2be1d0d721b7f0edc1016a26ffe5935e0a8daa39557b5b8a740a69b75ec7bc,273600000,/mnt/lis-wam-data/dxl/mattergen_v1/experiments/corrector_residual_distillation_formal256/generation/C0/67188/run_summary.json,2371578c7b97484b88521887a4ee2fa9cbd628d64735a7e1610a0d24d2347eb4,31.401789453585646,0.0,1000,67188,True
674,700,a2fd0f17c27b760958b60c1d1386577883635a34fb2101eb08e38fd8472702c7,26,01dd3e86805165412e0810e2a77a4756f8e1020f3ff2707c74af0a3f88a1bb8e,0.674,,326,EuGaCu,0.337,81.83470883709379,0,300,1326,V2_Frozen_Atomic75_Late30,0,0,6,/mnt/lis-wam-data/dxl/mattergen_v1/experiments/corrector_residual_distillation_formal256/generation/V2_Frozen_Atomic75_Late30/67188/generated_crystals.extxyz,4b521bbb989cbebdb60433dc6724d3476668327bbd13f6eee96d89a7f4f46dec,273203200,/mnt/lis-wam-data/dxl/mattergen_v1/experiments/corrector_residual_distillation_formal256/generation/V2_Frozen_Atomic75_Late30/67188/run_summary.json,e76b85ca581f354ca7fb0bbdd5f9bca3b89d89ae85985c33f3c8f1f45ca715e6,43.991113931454514,0.674,326,67188,True
0,0,,0,01dd3e86805165412e0810e2a77a4756f8e1020f3ff2707c74af0a3f88a1bb8e,0.0,,0,Co,0.0,114.60409611510113,0,0,2000,C0,0,0,2,/mnt/lis-wam-data/dxl/mattergen_v1/experiments/corrector_residual_distillation_formal256/generation/C0/67189/generated_crystals.extxyz,0782ec09c7153d3bb342efd684e1aee4d1b6b545ef14d59788a81c64519a21f5,242691584,/mnt/lis-wam-data/dxl/mattergen_v1/experiments/corrector_residual_distillation_formal256/generation/C0/67189/run_summary.json,9cb490f77ead540637090f4a5681cd66caa409d244c0d49d3c7d6904091be9d7,31.412489797785124,0.0,1000,67189,True
696,700,a2fd0f17c27b760958b60c1d1386577883635a34fb2101eb08e38fd8472702c7,4,01dd3e86805165412e0810e2a77a4756f8e1020f3ff2707c74af0a3f88a1bb8e,0.696,,304,MnCo,0.348,85.42541119805537,0,300,1304,V2_Frozen_Atomic75_Late30,0,0,2,/mnt/lis-wam-data/dxl/mattergen_v1/experiments/corrector_residual_distillation_formal256/generation/V2_Frozen_Atomic75_Late30/67189/generated_crystals.extxyz,0a3a33ed516f855dd2a4301d802528f3a1e15472a26d05e1301a2d0d1375e758,242714624,/mnt/lis-wam-data/dxl/mattergen_v1/experiments/corrector_residual_distillation_formal256/generation/V2_Frozen_Atomic75_Late30/67189/run_summary.json,40286882b340888517964d89da66503abd15a5e67292ed3066237763d0d17568,42.14202717331433,0.696,304,67189,True
0,0,,0,01dd3e86805165412e0810e2a77a4756f8e1020f3ff2707c74af0a3f88a1bb8e,0.0,,0,Eu6BrN5,0.0,120.14156020013615,0,0,2000,C0,0,0,12,/mnt/lis-wam-data/dxl/mattergen_v1/experiments/corrector_residual_distillation_formal256/generation/C0/67190/generated_crystals.extxyz,36aaecf7c8cb6c77496ece18df84262ad6b1c97394275b850a31983d7c466f0d,314924544,/mnt/lis-wam-data/dxl/mattergen_v1/experiments/corrector_residual_distillation_formal256/generation/C0/67190/run_summary.json,1ac27dc33adf4e9a3e14296e210560d4d9383951f57177cc128c57a9b30a0e47,29.964651649295963,0.0,1000,67190,True
659,700,a2fd0f17c27b760958b60c1d1386577883635a34fb2101eb08e38fd8472702c7,41,01dd3e86805165412e0810e2a77a4756f8e1020f3ff2707c74af0a3f88a1bb8e,0.659,,341,Eu2HfIrO8,0.3295,88.11366853793152,0,300,1341,V2_Frozen_Atomic75_Late30,0,0,12,/mnt/lis-wam-data/dxl/mattergen_v1/experiments/corrector_residual_distillation_formal256/generation/V2_Frozen_Atomic75_Late30/67190/generated_crystals.extxyz,3208720ebfd9bf65935da53efeaa72db33eda8701b12b71311c1a79baa9c98d2,315071488,/mnt/lis-wam-data/dxl/mattergen_v1/experiments/corrector_residual_distillation_formal256/generation/V2_Frozen_Atomic75_Late30/67190/run_summary.json,4b34a16c9f4586e2d7fd9b3dad3bdf155acd70d84f932b60b4589c9020b686db,40.85631729713147,0.659,341,67190,True
0,0,,0,01dd3e86805165412e0810e2a77a4756f8e1020f3ff2707c74af0a3f88a1bb8e,0.0,,0,EuCu,0.0,113.37749909004197,0,0,2000,C0,0,0,8,/mnt/lis-wam-data/dxl/mattergen_v1/experiments/corrector_residual_distillation_formal256/generation/C0/67191/generated_crystals.extxyz,c0e14e658ee2ee8e30ea5b6aeedaeb78a25bea7ac5da1e09d06d0fee156a3cea,290954240,/mnt/lis-wam-data/dxl/mattergen_v1/experiments/corrector_residual_distillation_formal256/generation/C0/67191/run_summary.json,84ff9f1d35315b8961347a42dbb0952936ba0c78fb16fc29ce293669b6d4a6ca,31.752332066708913,0.0,1000,67191,True
694,700,a2fd0f17c27b760958b60c1d1386577883635a34fb2101eb08e38fd8472702c7,6,01dd3e86805165412e0810e2a77a4756f8e1020f3ff2707c74af0a3f88a1bb8e,0.694,,306,EuNi3,0.347,79.9174377429299,0,300,1306,V2_Frozen_Atomic75_Late30,0,0,8,/mnt/lis-wam-data/dxl/mattergen_v1/experiments/corrector_residual_distillation_formal256/generation/V2_Frozen_Atomic75_Late30/67191/generated_crystals.extxyz,73f3740d4c1a2ac618c14b35310964433bc1724a21b1450554bdff055c4a375e,287133184,/mnt/lis-wam-data/dxl/mattergen_v1/experiments/corrector_residual_distillation_formal256/generation/V2_Frozen_Atomic75_Late30/67191/run_summary.json,6aaa8a98181c363812976f6425c16e7ed15934782be1858ed1862752ba3babc4,45.04648924781729,0.694,306,67191,True
0,0,,0,01dd3e86805165412e0810e2a77a4756f8e1020f3ff2707c74af0a3f88a1bb8e,0.0,,0,EuFe4B,0.0,114.77046063705347,0,0,2000,C0,0,0,12,/mnt/lis-wam-data/dxl/mattergen_v1/experiments/corrector_residual_distillation_formal256/generation/C0/67192/generated_crystals.extxyz,80ce92e1f344db062df7983f50e2467de45dc737abb2ed432ff27a369e93e3df,317194240,/mnt/lis-wam-data/dxl/mattergen_v1/experiments/corrector_residual_distillation_formal256/generation/C0/67192/run_summary.json,64fbe2369cbd5d98d5f4a07b37c64dceccf7a37b4b620293170e77fe5d8e111e,31.366956096695713,0.0,1000,67192,True
493,700,a2fd0f17c27b760958b60c1d1386577883635a34fb2101eb08e38fd8472702c7,207,01dd3e86805165412e0810e2a77a4756f8e1020f3ff2707c74af0a3f88a1bb8e,0.493,,507,Fe3Si,0.2465,90.8392429179512,0,300,1507,V2_Frozen_Atomic75_Late30,0,0,12,/mnt/lis-wam-data/dxl/mattergen_v1/experiments/corrector_residual_distillation_formal256/generation/V2_Frozen_Atomic75_Late30/67192/generated_crystals.extxyz,609ddece9494a6f38abd1b8288e08b1c1a17b54f983a0cc3a5f6f547d032523a,315746816,/mnt/lis-wam-data/dxl/mattergen_v1/experiments/corrector_residual_distillation_formal256/generation/V2_Frozen_Atomic75_Late30/67192/run_summary.json,6acd4abb8d040a2816ba58ab893a186bce9a7ff41ad31bf191737d0e7d61c510,39.63044917989498,0.493,507,67192,True
0,0,,0,01dd3e86805165412e0810e2a77a4756f8e1020f3ff2707c74af0a3f88a1bb8e,0.0,,0,Mn3O5,0.0,115.11399651900865,0,0,2000,C0,0,0,16,/mnt/lis-wam-data/dxl/mattergen_v1/experiments/corrector_residual_distillation_formal256/generation/C0/67193/generated_crystals.extxyz,7d99c99fbfdd4b0c2e241c8a641b6c4e9272d0dae37fc7b4cca1a8d21b9b261c,347501568,/mnt/lis-wam-data/dxl/mattergen_v1/experiments/corrector_residual_distillation_formal256/generation/C0/67193/run_summary.json,6bb5ce776561f702a2bd6dcf770aef0cab475b86074a405bccb28d5ee7908a94,31.273347367498754,0.0,1000,67193,True
573,700,a2fd0f17c27b760958b60c1d1386577883635a34fb2101eb08e38fd8472702c7,127,01dd3e86805165412e0810e2a77a4756f8e1020f3ff2707c74af0a3f88a1bb8e,0.573,,427,Mn7Co7Ge2,0.2865,94.69823188404553,0,300,1427,V2_Frozen_Atomic75_Late30,0,0,16,/mnt/lis-wam-data/dxl/mattergen_v1/experiments/corrector_residual_distillation_formal256/generation/V2_Frozen_Atomic75_Late30/67193/generated_crystals.extxyz,4594261f798aae6daf3dc76dbe1acb9d7e8999c4634170ed8c0cfcc2a056b01d,342550528,/mnt/lis-wam-data/dxl/mattergen_v1/experiments/corrector_residual_distillation_formal256/generation/V2_Frozen_Atomic75_Late30/67193/run_summary.json,dd0f65677b0a4e00a2a6885614b63f014bf5ca8908c9925c8e5600d2dcca39e5,38.015493303064694,0.573,427,67193,True
0,0,,0,01dd3e86805165412e0810e2a77a4756f8e1020f3ff2707c74af0a3f88a1bb8e,0.0,,0,Ba2Gd2O5,0.0,115.4051228670869,0,0,2000,C0,0,0,9,/mnt/lis-wam-data/dxl/mattergen_v1/experiments/corrector_residual_distillation_formal256/generation/C0/67194/generated_crystals.extxyz,437dd11e4bd3780efa224657a103aabb129f7c5c4bc0b43b9ed09e2f451bad1e,294270976,/mnt/lis-wam-data/dxl/mattergen_v1/experiments/corrector_residual_distillation_formal256/generation/C0/67194/run_summary.json,b382f0ce24fdfc95b6fe936bb34dd60705a57eeb1e7aa29851d9104489a3c018,31.194455762125497,0.0,1000,67194,True
583,700,a2fd0f17c27b760958b60c1d1386577883635a34fb2101eb08e38fd8472702c7,117,01dd3e86805165412e0810e2a77a4756f8e1020f3ff2707c74af0a3f88a1bb8e,0.583,,417,Gd3(In2Co)2,0.2915,88.19663593405858,0,300,1417,V2_Frozen_Atomic75_Late30,0,0,9,/mnt/lis-wam-data/dxl/mattergen_v1/experiments/corrector_residual_distillation_formal256/generation/V2_Frozen_Atomic75_Late30/67194/generated_crystals.extxyz,32d9ff717d92ad06dc9b48eeb0d1e7b6d6536911b458babb7d144b182990437f,294047744,/mnt/lis-wam-data/dxl/mattergen_v1/experiments/corrector_residual_distillation_formal256/generation/V2_Frozen_Atomic75_Late30/67194/run_summary.json,ddcd5ccd05ebda0f8a5b557ee4f0771768779f141a1fa22a008590d2af5c4c19,40.81788337926618,0.583,417,67194,True
0,0,,0,01dd3e86805165412e0810e2a77a4756f8e1020f3ff2707c74af0a3f88a1bb8e,0.0,,0,Co3B2H,0.0,120.63196125300601,0,0,2000,C0,0,0,6,/mnt/lis-wam-data/dxl/mattergen_v1/experiments/corrector_residual_distillation_formal256/generation/C0/67195/generated_crystals.extxyz,e87d08397b6f33d653703df06466d8ac819968bd35c47245c1024f0289059486,271720960,/mnt/lis-wam-data/dxl/mattergen_v1/experiments/corrector_residual_distillation_formal256/generation/C0/67195/run_summary.json,6793b567ee7b7ff93d4ec332126001bad88c1b4086ead5985153f8b9a2f59f15,29.842837359243315,0.0,1000,67195,True
698,700,a2fd0f17c27b760958b60c1d1386577883635a34fb2101eb08e38fd8472702c7,2,01dd3e86805165412e0810e2a77a4756f8e1020f3ff2707c74af0a3f88a1bb8e,0.698,,302,ZnCo5,0.349,80.78836033400148,0,300,1302,V2_Frozen_Atomic75_Late30,0,0,6,/mnt/lis-wam-data/dxl/mattergen_v1/experiments/corrector_residual_distillation_formal256/generation/V2_Frozen_Atomic75_Late30/67195/generated_crystals.extxyz,914837ff83933fff5b3dfe54266d6243392ee6f8984e39721b8e87e802253291,273211904,/mnt/lis-wam-data/dxl/mattergen_v1/experiments/corrector_residual_distillation_formal256/generation/V2_Frozen_Atomic75_Late30/67195/run_summary.json,5ba96d7705335f8b3cb9018d5017299c446c93b842f9598b0b82635e5ad3d6cb,44.56087467447788,0.698,302,67195,True
0,0,,0,01dd3e86805165412e0810e2a77a4756f8e1020f3ff2707c74af0a3f88a1bb8e,0.0,,0,Co3Pt,0.0,115.84527829196304,0,0,2000,C0,0,0,4,/mnt/lis-wam-data/dxl/mattergen_v1/experiments/corrector_residual_distillation_formal256/generation/C0/67196/generated_crystals.extxyz,077873e53a7f3a3d1d35582afe2e88f59286e15f889371bad82b39745e56cdde,259206144,/mnt/lis-wam-data/dxl/mattergen_v1/experiments/corrector_residual_distillation_formal256/generation/C0/67196/run_summary.json,f68aed8be517f73c80c8f094b7b87a59ea21e02f1e88f26052fe65e69e04f03b,31.07593208008855,0.0,1000,67196,True
697,700,a2fd0f17c27b760958b60c1d1386577883635a34fb2101eb08e38fd8472702c7,3,01dd3e86805165412e0810e2a77a4756f8e1020f3ff2707c74af0a3f88a1bb8e,0.697,,303,FeCo2H,0.3485,80.35870373691432,0,300,1303,V2_Frozen_Atomic75_Late30,0,0,4,/mnt/lis-wam-data/dxl/mattergen_v1/experiments/corrector_residual_distillation_formal256/generation/V2_Frozen_Atomic75_Late30/67196/generated_crystals.extxyz,60a8566576c6e296c2af374905df6314ae8553c7a857752f1bbbe80108e8e5c2,259077632,/mnt/lis-wam-data/dxl/mattergen_v1/experiments/corrector_residual_distillation_formal256/generation/V2_Frozen_Atomic75_Late30/67196/run_summary.json,44f159abbf8088bd3687b8b323b11da5f9e58f912c8f5d8b9b947c9236fd662a,44.799129809087134,0.697,303,67196,True
0,0,,0,01dd3e86805165412e0810e2a77a4756f8e1020f3ff2707c74af0a3f88a1bb8e,0.0,,0,LiEuNiGe,0.0,115.88255208893679,0,0,2000,C0,0,0,4,/mnt/lis-wam-data/dxl/mattergen_v1/experiments/corrector_residual_distillation_formal256/generation/C0/67197/generated_crystals.extxyz,8e8dceb20be903fa9b25cce49fe035b68753d05dd3efee1f7376cb3e6d68bee8,257635840,/mnt/lis-wam-data/dxl/mattergen_v1/experiments/corrector_residual_distillation_formal256/generation/C0/67197/run_summary.json,cfd860346b19025b57b4866076e5d1b8618e4eb8e59c4d73b9794d120d03bb3e,31.065936459848547,0.0,1000,67197,True
700,700,a2fd0f17c27b760958b60c1d1386577883635a34fb2101eb08e38fd8472702c7,0,01dd3e86805165412e0810e2a77a4756f8e1020f3ff2707c74af0a3f88a1bb8e,0.7,,300,Eu2ZnNi,0.35,81.21622257493436,0,300,1300,V2_Frozen_Atomic75_Late30,0,0,4,/mnt/lis-wam-data/dxl/mattergen_v1/experiments/corrector_residual_distillation_formal256/generation/V2_Frozen_Atomic75_Late30/67197/generated_crystals.extxyz,88c775ea7000590086bbd3e6a153e35e6187754c14a6327aade7047f6b9faadf,257732608,/mnt/lis-wam-data/dxl/mattergen_v1/experiments/corrector_residual_distillation_formal256/generation/V2_Frozen_Atomic75_Late30/67197/run_summary.json,fe5da9834073d013807a68abf8692e3f20ec7ad6cad2210d8e87a103c95671a3,44.326119657663845,0.7,300,67197,True
0,0,,0,01dd3e86805165412e0810e2a77a4756f8e1020f3ff2707c74af0a3f88a1bb8e,0.0,,0,ZnCo2,0.0,121.7334507110063,0,0,2000,C0,0,0,6,/mnt/lis-wam-data/dxl/mattergen_v1/experiments/corrector_residual_distillation_formal256/generation/C0/67198/generated_crystals.extxyz,147a6c0cc4c6f8ef63fd8b9368b3bc15e75c863261dc512ac796159fa1483820,271596544,/mnt/lis-wam-data/dxl/mattergen_v1/experiments/corrector_residual_distillation_formal256/generation/C0/67198/run_summary.json,ae00002f95064a5c92852660edf13565db0ebe4a6458dbe821c831a8d5213e61,29.57280828706939,0.0,1000,67198,True
687,700,a2fd0f17c27b760958b60c1d1386577883635a34fb2101eb08e38fd8472702c7,13,01dd3e86805165412e0810e2a77a4756f8e1020f3ff2707c74af0a3f88a1bb8e,0.687,,313,HfFeCo4,0.3435,82.44008548697457,0,300,1313,V2_Frozen_Atomic75_Late30,0,0,6,/mnt/lis-wam-data/dxl/mattergen_v1/experiments/corrector_residual_distillation_formal256/generation/V2_Frozen_Atomic75_Late30/67198/generated_crystals.extxyz,91ec5cd86f9ec89cff93433cff076a08ac5c6e09e6411cabe7f8967751ac8db3,272106496,/mnt/lis-wam-data/dxl/mattergen_v1/experiments/corrector_residual_distillation_formal256/generation/V2_Frozen_Atomic75_Late30/67198/run_summary.json,df866b2660628524f2499b0e1743c272cba41690e555563553ad1c62d5595a2b,43.66807698869739,0.687,313,67198,True
0,0,,0,01dd3e86805165412e0810e2a77a4756f8e1020f3ff2707c74af0a3f88a1bb8e,0.0,,0,Eu2NiH3,0.0,113.35116605903022,0,0,2000,C0,0,0,12,/mnt/lis-wam-data/dxl/mattergen_v1/experiments/corrector_residual_distillation_formal256/generation/C0/67199/generated_crystals.extxyz,948f280bac4bd80a15260bbc3f14d7e159b47f7ac71d3d9e53620dc635a856dd,315817472,/mnt/lis-wam-data/dxl/mattergen_v1/experiments/corrector_residual_distillation_formal256/generation/C0/67199/run_summary.json,afab986495063012fc575818ba370e09332043713d405a672bd0d7a03eeba677,31.759708569078306,0.0,1000,67199,True
577,700,a2fd0f17c27b760958b60c1d1386577883635a34fb2101eb08e38fd8472702c7,123,01dd3e86805165412e0810e2a77a4756f8e1020f3ff2707c74af0a3f88a1bb8e,0.577,,423,Fe2Ge,0.2885,86.00568980094977,0,300,1423,V2_Frozen_Atomic75_Late30,0,0,12,/mnt/lis-wam-data/dxl/mattergen_v1/experiments/corrector_residual_distillation_formal256/generation/V2_Frozen_Atomic75_Late30/67199/generated_crystals.extxyz,728ad26adeeb2f1ca9bba7a6da74d3c98480e8d04cbfb029c8bcbd5815df8697,315104256,/mnt/lis-wam-data/dxl/mattergen_v1/experiments/corrector_residual_distillation_formal256/generation/V2_Frozen_Atomic75_Late30/67199/run_summary.json,02826d6cc98bc3b5242c46eda2aec972c5ab1b31f40ae0bb00e84093076fad3b,41.85769579119456,0.577,423,67199,True
0,0,,0,01dd3e86805165412e0810e2a77a4756f8e1020f3ff2707c74af0a3f88a1bb8e,0.0,,0,EuRh,0.0,112.64910769183189,0,0,2000,C0,0,0,4,/mnt/lis-wam-data/dxl/mattergen_v1/experiments/corrector_residual_distillation_formal256/generation/C0/67200/generated_crystals.extxyz,e13e71c69af099dd4a27bf9824b66cc538ced68c2bc9cc3170a30b58fcc5cd8a,257891328,/mnt/lis-wam-data/dxl/mattergen_v1/experiments/corrector_residual_distillation_formal256/generation/C0/67200/run_summary.json,847245edb1acee2da6cc804c97b65cc8444200a8737bc22e9f7b44fd556b5a3a,31.957643285096644,0.0,1000,67200,True
700,700,a2fd0f17c27b760958b60c1d1386577883635a34fb2101eb08e38fd8472702c7,0,01dd3e86805165412e0810e2a77a4756f8e1020f3ff2707c74af0a3f88a1bb8e,0.7,,300,Eu3Tl,0.35,78.78839332191274,0,300,1300,V2_Frozen_Atomic75_Late30,0,0,4,/mnt/lis-wam-data/dxl/mattergen_v1/experiments/corrector_residual_distillation_formal256/generation/V2_Frozen_Atomic75_Late30/67200/generated_crystals.extxyz,48270e0333f4c76d945f8b9ad481b293064288fccfb32d8d6117af6310d52f5b,257327104,/mnt/lis-wam-data/dxl/mattergen_v1/experiments/corrector_residual_distillation_formal256/generation/V2_Frozen_Atomic75_Late30/67200/run_summary.json,b6b20ececddbc12f7592b425c7b26d3a7bfb575fc891167251d7a990e1fcdb8c,45.692009294962524,0.7,300,67200,True
0,0,,0,01dd3e86805165412e0810e2a77a4756f8e1020f3ff2707c74af0a3f88a1bb8e,0.0,,0,Ga3Fe7H2,0.0,115.6620499859564,0,0,2000,C0,0,0,12,/mnt/lis-wam-data/dxl/mattergen_v1/experiments/corrector_residual_distillation_formal256/generation/C0/67201/generated_crystals.extxyz,35c5c8330d786d075f70c747bc36f6c36ec2ac244e916f5d86a2ea863ee7ff17,316440576,/mnt/lis-wam-data/dxl/mattergen_v1/experiments/corrector_residual_distillation_formal256/generation/C0/67201/run_summary.json,0850f92d528a1ba5d10d75a5234f980a79d18a2aa33682ccbb26b563f259ba37,31.125161627665335,0.0,1000,67201,True
563,700,a2fd0f17c27b760958b60c1d1386577883635a34fb2101eb08e38fd8472702c7,137,01dd3e86805165412e0810e2a77a4756f8e1020f3ff2707c74af0a3f88a1bb8e,0.563,,437,Fe3Rh,0.2815,88.25096047716215,0,300,1437,V2_Frozen_Atomic75_Late30,0,0,12,/mnt/lis-wam-data/dxl/mattergen_v1/experiments/corrector_residual_distillation_formal256/generation/V2_Frozen_Atomic75_Late30/67201/generated_crystals.extxyz,f60240b552923b40101ef971512833c8143f81e5937021602a45b30ca31345a3,316270592,/mnt/lis-wam-data/dxl/mattergen_v1/experiments/corrector_residual_distillation_formal256/generation/V2_Frozen_Atomic75_Late30/67201/run_summary.json,772aaca6d57d9f2755e468470c31863b4dbd8caba43d30b55633c14b4134cc7d,40.79275716134125,0.563,437,67201,True
0,0,,0,01dd3e86805165412e0810e2a77a4756f8e1020f3ff2707c74af0a3f88a1bb8e,0.0,,0,EuGdN,0.0,114.63421504199505,0,0,2000,C0,0,0,3,/mnt/lis-wam-data/dxl/mattergen_v1/experiments/corrector_residual_distillation_formal256/generation/C0/67202/generated_crystals.extxyz,b639598c944b90ebd1562a83db41279d5a317c2a1e48c06441bddaf8cf2d86aa,250576384,/mnt/lis-wam-data/dxl/mattergen_v1/experiments/corrector_residual_distillation_formal256/generation/C0/67202/run_summary.json,3a4676c6bb84ed09285ce0ebc785e77282ede5a2cc0e8b15ea52a2793c2e7c8b,31.404236498511178,0.0,1000,67202,True
700,700,a2fd0f17c27b760958b60c1d1386577883635a34fb2101eb08e38fd8472702c7,0,01dd3e86805165412e0810e2a77a4756f8e1020f3ff2707c74af0a3f88a1bb8e,0.7,,300,Eu2Ge,0.35,85.73634917521849,0,300,1300,V2_Frozen_Atomic75_Late30,0,0,3,/mnt/lis-wam-data/dxl/mattergen_v1/experiments/corrector_residual_distillation_formal256/generation/V2_Frozen_Atomic75_Late30/67202/generated_crystals.extxyz,ae76358670464b7fe8937d2de4dcd899ed6aa9e4d53bebe11fd9ab9f5925aab0,250174976,/mnt/lis-wam-data/dxl/mattergen_v1/experiments/corrector_residual_distillation_formal256/generation/V2_Frozen_Atomic75_Late30/67202/run_summary.json,72cc747c5da317d078c746adc747782e6f6b1724f6e56ae3abdceca6c497cd56,41.98919168627903,0.7,300,67202,True
0,0,,0,01dd3e86805165412e0810e2a77a4756f8e1020f3ff2707c74af0a3f88a1bb8e,0.0,,0,FeCuNi3Pt,0.0,120.58778675505891,0,0,2000,C0,0,0,12,/mnt/lis-wam-data/dxl/mattergen_v1/experiments/corrector_residual_distillation_formal256/generation/C0/67203/generated_crystals.extxyz,1e280bde7a8873fd1c3616a4f45c69ed68fadb1c8acb383b9ea368a7214ecf18,316349440,/mnt/lis-wam-data/dxl/mattergen_v1/experiments/corrector_residual_distillation_formal256/generation/C0/67203/run_summary.json,be05ccc32249b00b7764e6d9692f960b95361d51a9858d4852b0aa68e918ae08,29.85376958043367,0.0,1000,67203,True
520,700,a2fd0f17c27b760958b60c1d1386577883635a34fb2101eb08e38fd8472702c7,180,01dd3e86805165412e0810e2a77a4756f8e1020f3ff2707c74af0a3f88a1bb8e,0.52,,480,Eu4Cu2(SF)3,0.26,90.92006554594263,0,300,1480,V2_Frozen_Atomic75_Late30,0,0,12,/mnt/lis-wam-data/dxl/mattergen_v1/experiments/corrector_residual_distillation_formal256/generation/V2_Frozen_Atomic75_Late30/67203/generated_crystals.extxyz,8486a3f80723adf8821a1477f86cc6993795e559abc5f50a82c09042e7ff8882,315593728,/mnt/lis-wam-data/dxl/mattergen_v1/experiments/corrector_residual_distillation_formal256/generation/V2_Frozen_Atomic75_Late30/67203/run_summary.json,295754cacc5f1aa6073e1f48c60a963eca4657bcda66d53b745d3981c637e22c,39.595220025230745,0.52,480,67203,True
0,0,,0,01dd3e86805165412e0810e2a77a4756f8e1020f3ff2707c74af0a3f88a1bb8e,0.0,,0,Fe5Co7,0.0,114.08111682301387,0,0,2000,C0,0,0,12,/mnt/lis-wam-data/dxl/mattergen_v1/experiments/corrector_residual_distillation_formal256/generation/C0/67204/generated_crystals.extxyz,ba8f8454fe0e5851c3b5ea422494b825e50bd4c0dbc6f617e4c2642a6fbd4a98,315891712,/mnt/lis-wam-data/dxl/mattergen_v1/experiments/corrector_residual_distillation_formal256/generation/C0/67204/run_summary.json,9cc4b98ef8ab48f008983c5a54fd7feb648f169c6341ebff76ecdc5b044734c2,31.55649331155358,0.0,1000,67204,True
544,700,a2fd0f17c27b760958b60c1d1386577883635a34fb2101eb08e38fd8472702c7,156,01dd3e86805165412e0810e2a77a4756f8e1020f3ff2707c74af0a3f88a1bb8e,0.544,,456,Fe2Co3Rh,0.272,91.85648156795651,0,300,1456,V2_Frozen_Atomic75_Late30,0,0,12,/mnt/lis-wam-data/dxl/mattergen_v1/experiments/corrector_residual_distillation_formal256/generation/V2_Frozen_Atomic75_Late30/67204/generated_crystals.extxyz,7417555e0b8a6c32682cbe129073bfbe150d237e990674bd3a60894677fe3fd1,317641728,/mnt/lis-wam-data/dxl/mattergen_v1/experiments/corrector_residual_distillation_formal256/generation/V2_Frozen_Atomic75_Late30/67204/run_summary.json,8c080beb1629c421df80aa23195016a1afa9483dc375fa4bc7710b641e095ddf,39.191572968497354,0.544,456,67204,True
0,0,,0,01dd3e86805165412e0810e2a77a4756f8e1020f3ff2707c74af0a3f88a1bb8e,0.0,,0,Mn3OF5,0.0,121.75119923893362,0,0,2000,C0,0,0,18,/mnt/lis-wam-data/dxl/mattergen_v1/experiments/corrector_residual_distillation_formal256/generation/C0/67205/generated_crystals.extxyz,f838e108353937c9b041ea4434afcd64939faeb07696a02e5d16dfa7432a5bdf,363429888,/mnt/lis-wam-data/dxl/mattergen_v1/experiments/corrector_residual_distillation_formal256/generation/C0/67205/run_summary.json,db035610c7f79f279fee3b4e554ae88e682b7b41ff112c4d901fee311b8bb16c,29.5684972509806,0.0,1000,67205,True
531,700,a2fd0f17c27b760958b60c1d1386577883635a34fb2101eb08e38fd8472702c7,169,01dd3e86805165412e0810e2a77a4756f8e1020f3ff2707c74af0a3f88a1bb8e,0.531,,469,Mn3(OF2)2,0.2655,92.75660806708038,0,300,1469,V2_Frozen_Atomic75_Late30,0,0,18,/mnt/lis-wam-data/dxl/mattergen_v1/experiments/corrector_residual_distillation_formal256/generation/V2_Frozen_Atomic75_Late30/67205/generated_crystals.extxyz,bbafc45b5eb33c2486885c5022fc059949fe762e6243bcc353c327e15748b05d,361199104,/mnt/lis-wam-data/dxl/mattergen_v1/experiments/corrector_residual_distillation_formal256/generation/V2_Frozen_Atomic75_Late30/67205/run_summary.json,d2a20224a2415309bbb17d531c3533f15c2495728bf7a1b69c148effedbf6b55,38.81125102587329,0.531,469,67205,True
0,0,,0,01dd3e86805165412e0810e2a77a4756f8e1020f3ff2707c74af0a3f88a1bb8e,0.0,,0,LiEu2In,0.0,120.42566771409474,0,0,2000,C0,0,0,4,/mnt/lis-wam-data/dxl/mattergen_v1/experiments/corrector_residual_distillation_formal256/generation/C0/67206/generated_crystals.extxyz,2930cfb856381d2540b88be4252d231514867bc7b422f07541a7a067f41d2c5d,257636864,/mnt/lis-wam-data/dxl/mattergen_v1/experiments/corrector_residual_distillation_formal256/generation/C0/67206/run_summary.json,51b2c2f01cccda9ca4658a0c861c4bea165b8ebd07a1838425dfeb6129198e3f,29.89395922260394,0.0,1000,67206,True
700,700,a2fd0f17c27b760958b60c1d1386577883635a34fb2101eb08e38fd8472702c7,0,01dd3e86805165412e0810e2a77a4756f8e1020f3ff2707c74af0a3f88a1bb8e,0.7,,300,Eu2ZnIn,0.35,80.66299687186256,0,300,1300,V2_Frozen_Atomic75_Late30,0,0,4,/mnt/lis-wam-data/dxl/mattergen_v1/experiments/corrector_residual_distillation_formal256/generation/V2_Frozen_Atomic75_Late30/67206/generated_crystals.extxyz,83176d645c786b3af091c2615daf9f21b60244b0b6c77da7929580992b0405e3,257149952,/mnt/lis-wam-data/dxl/mattergen_v1/experiments/corrector_residual_distillation_formal256/generation/V2_Frozen_Atomic75_Late30/67206/run_summary.json,c5f5ef5ea124d2733119cf297a307396095a509f47b06604c8ff434cdd8dd029,44.63012954649814,0.7,300,67206,True
0,0,,0,01dd3e86805165412e0810e2a77a4756f8e1020f3ff2707c74af0a3f88a1bb8e,0.0,,0,EuGaPt,0.0,112.60310926893726,0,0,2000,C0,0,0,6,/mnt/lis-wam-data/dxl/mattergen_v1/experiments/corrector_residual_distillation_formal256/generation/C0/67207/generated_crystals.extxyz,d2c83cf294e966da79dad9efb7fef82a74ee12d7f18e0e70f048e582fe5141ee,273233408,/mnt/lis-wam-data/dxl/mattergen_v1/experiments/corrector_residual_distillation_formal256/generation/C0/67207/run_summary.json,eeb93103217f287b5a6c928f990b332ee21eb6e4cf74ba391f6a19667c9523cc,31.970697997351813,0.0,1000,67207,True
698,700,a2fd0f17c27b760958b60c1d1386577883635a34fb2101eb08e38fd8472702c7,2,01dd3e86805165412e0810e2a77a4756f8e1020f3ff2707c74af0a3f88a1bb8e,0.698,,302,EuPtRh,0.349,79.12712856987491,0,300,1302,V2_Frozen_Atomic75_Late30,0,0,6,/mnt/lis-wam-data/dxl/mattergen_v1/experiments/corrector_residual_distillation_formal256/generation/V2_Frozen_Atomic75_Late30/67207/generated_crystals.extxyz,70965eef6b4fb74edecde0feffdbc8a9a5a29eb7f8fe5b738745d4e80cdbbe78,271715840,/mnt/lis-wam-data/dxl/mattergen_v1/experiments/corrector_residual_distillation_formal256/generation/V2_Frozen_Atomic75_Late30/67207/run_summary.json,8ea2ed46a429196821f5e2ea120c6c86684815eaf6861353a97483758f2e2e5c,45.496406416681005,0.698,302,67207,True
0,0,,0,01dd3e86805165412e0810e2a77a4756f8e1020f3ff2707c74af0a3f88a1bb8e,0.0,,0,TbEu2Co3,0.0,112.05246496084146,0,0,2000,C0,0,0,6,/mnt/lis-wam-data/dxl/mattergen_v1/experiments/corrector_residual_distillation_formal256/generation/C0/67208/generated_crystals.extxyz,e1c248e80f41f9685cb41eca64130a599ab85f0d4db3fcfde1003282485394ac,273366528,/mnt/lis-wam-data/dxl/mattergen_v1/experiments/corrector_residual_distillation_formal256/generation/C0/67208/run_summary.json,176215e1464f3564d15ba7cf72f9f87942417fbff799d710b38d21f895367fc8,32.12780728436521,0.0,1000,67208,True
700,700,a2fd0f17c27b760958b60c1d1386577883635a34fb2101eb08e38fd8472702c7,0,01dd3e86805165412e0810e2a77a4756f8e1020f3ff2707c74af0a3f88a1bb8e,0.7,,300,EuHBr,0.35,82.25258446391672,0,300,1300,V2_Frozen_Atomic75_Late30,0,0,6,/mnt/lis-wam-data/dxl/mattergen_v1/experiments/corrector_residual_distillation_formal256/generation/V2_Frozen_Atomic75_Late30/67208/generated_crystals.extxyz,b1df8354e1a9857cb9e0704720007441400620e34f8ee099c6be6ebf67f6d6bc,271364096,/mnt/lis-wam-data/dxl/mattergen_v1/experiments/corrector_residual_distillation_formal256/generation/V2_Frozen_Atomic75_Late30/67208/run_summary.json,3052234928985a5e28f7fee6eeae12de0dcc3156c737fcb0eb58392d1132c119,43.76762169192725,0.7,300,67208,True
0,0,,0,01dd3e86805165412e0810e2a77a4756f8e1020f3ff2707c74af0a3f88a1bb8e,0.0,,0,Gd2Ni3,0.0,124.6070799769368,0,0,2000,C0,0,0,5,/mnt/lis-wam-data/dxl/mattergen_v1/experiments/corrector_residual_distillation_formal256/generation/C0/67209/generated_crystals.extxyz,550b0bfcb539d45f6b0a960be22abe34fff5fae9d653a757e7ead49f2f9f01e5,270282752,/mnt/lis-wam-data/dxl/mattergen_v1/experiments/corrector_residual_distillation_formal256/generation/C0/67209/run_summary.json,06cde0bf0c2cef1fe2d4f3c0f6de7d38bca2b25aa0bcace6316d632d3ccc36df,28.890814235164765,0.0,1000,67209,True
700,700,a2fd0f17c27b760958b60c1d1386577883635a34fb2101eb08e38fd8472702c7,0,01dd3e86805165412e0810e2a77a4756f8e1020f3ff2707c74af0a3f88a1bb8e,0.7,,300,Gd2InSi2,0.35,82.04873893409967,0,300,1300,V2_Frozen_Atomic75_Late30,0,0,5,/mnt/lis-wam-data/dxl/mattergen_v1/experiments/corrector_residual_distillation_formal256/generation/V2_Frozen_Atomic75_Late30/67209/generated_crystals.extxyz,f8d7ec119623df8e0018282bccaf033d735384a396e25fc960a85d5f23290659,264454144,/mnt/lis-wam-data/dxl/mattergen_v1/experiments/corrector_residual_distillation_formal256/generation/V2_Frozen_Atomic75_Late30/67209/run_summary.json,5fedef6aac6c09e7c9fd3c5cc31c793f8b7eb0ced5b9c913390e6cebcabc245d,43.87635991445848,0.7,300,67209,True
0,0,,0,01dd3e86805165412e0810e2a77a4756f8e1020f3ff2707c74af0a3f88a1bb8e,0.0,,0,LiEu2H,0.0,113.88916126498953,0,0,2000,C0,0,0,4,/mnt/lis-wam-data/dxl/mattergen_v1/experiments/corrector_residual_distillation_formal256/generation/C0/67210/generated_crystals.extxyz,d8521b442ce1a77a05108e5e195b4d2313fe7707f9ccb98891a8cf0ada2ddc90,259515904,/mnt/lis-wam-data/dxl/mattergen_v1/experiments/corrector_residual_distillation_formal256/generation/C0/67210/run_summary.json,143262af618ddf9a50680e8e5a55b03e3687519f0fd7d1936baac10b56979463,31.609680500006192,0.0,1000,67210,True
700,700,a2fd0f17c27b760958b60c1d1386577883635a34fb2101eb08e38fd8472702c7,0,01dd3e86805165412e0810e2a77a4756f8e1020f3ff2707c74af0a3f88a1bb8e,0.7,,300,Eu2CdGa,0.35,83.28570281690918,0,300,1300,V2_Frozen_Atomic75_Late30,0,0,4,/mnt/lis-wam-data/dxl/mattergen_v1/experiments/corrector_residual_distillation_formal256/generation/V2_Frozen_Atomic75_Late30/67210/generated_crystals.extxyz,e7252f4fb9290116dae60d251956b7d905ac62f1ced0dd1fc1d7a71e907c6346,257327104,/mnt/lis-wam-data/dxl/mattergen_v1/experiments/corrector_residual_distillation_formal256/generation/V2_Frozen_Atomic75_Late30/67210/run_summary.json,0d70dc4e9f9763a4b85fc6f4f87119e01e4a9be16e1ea3ce79638d5bc4bd7f45,43.2247057807034,0.7,300,67210,True
0,0,,0,01dd3e86805165412e0810e2a77a4756f8e1020f3ff2707c74af0a3f88a1bb8e,0.0,,0,LiEu5Nb2O12,0.0,114.48921822290868,0,0,2000,C0,0,0,20,/mnt/lis-wam-data/dxl/mattergen_v1/experiments/corrector_residual_distillation_formal256/generation/C0/67211/generated_crystals.extxyz,6639253054bc35f637d6c9ba0ed97b7c0c0d1a184f3ecdcd64bc21b75723c746,373604864,/mnt/lis-wam-data/dxl/mattergen_v1/experiments/corrector_residual_distillation_formal256/generation/C0/67211/run_summary.json,01599e5b271e8b956ce705e85d82448e9254b6de464f81baecdbc8fc882277bb,31.444008928341685,0.0,1000,67211,True
547,700,a2fd0f17c27b760958b60c1d1386577883635a34fb2101eb08e38fd8472702c7,153,01dd3e86805165412e0810e2a77a4756f8e1020f3ff2707c74af0a3f88a1bb8e,0.547,,453,EuFeO3,0.2735,90.66562127904035,0,300,1453,V2_Frozen_Atomic75_Late30,0,0,20,/mnt/lis-wam-data/dxl/mattergen_v1/experiments/corrector_residual_distillation_formal256/generation/V2_Frozen_Atomic75_Late30/67211/generated_crystals.extxyz,12ab21fff19c139a8731d84a1312173cc4df8b0c2ca5335ff6a759a6fd603421,373884416,/mnt/lis-wam-data/dxl/mattergen_v1/experiments/corrector_residual_distillation_formal256/generation/V2_Frozen_Atomic75_Late30/67211/run_summary.json,bc73b5dd5179fba3b753713f2526d459a372a77a6a87a372ee269fe0f0feabe2,39.70634016746357,0.547,453,67211,True
0,0,,0,01dd3e86805165412e0810e2a77a4756f8e1020f3ff2707c74af0a3f88a1bb8e,0.0,,0,Eu2MnCuO4,0.0,114.89521103887819,0,0,2000,C0,0,0,8,/mnt/lis-wam-data/dxl/mattergen_v1/experiments/corrector_residual_distillation_formal256/generation/C0/67212/generated_crystals.extxyz,77215b3bb3f858fcbe9326ab556e13d4614129ae0a531c519df9f0d900c74497,287038976,/mnt/lis-wam-data/dxl/mattergen_v1/experiments/corrector_residual_distillation_formal256/generation/C0/67212/run_summary.json,2af5c758bc5b067efe5d76ecc9a78d373dc58779a4bb86bde0efdea73570b93c,31.33289862518146,0.0,1000,67212,True
698,700,a2fd0f17c27b760958b60c1d1386577883635a34fb2101eb08e38fd8472702c7,2,01dd3e86805165412e0810e2a77a4756f8e1020f3ff2707c74af0a3f88a1bb8e,0.698,,302,EuO,0.349,79.72544775996357,0,300,1302,V2_Frozen_Atomic75_Late30,0,0,8,/mnt/lis-wam-data/dxl/mattergen_v1/experiments/corrector_residual_distillation_formal256/generation/V2_Frozen_Atomic75_Late30/67212/generated_crystals.extxyz,facfeece2db0e109b701c0fb6f827d8fd44996350602bcd86177996b892879d2,286420992,/mnt/lis-wam-data/dxl/mattergen_v1/experiments/corrector_residual_distillation_formal256/generation/V2_Frozen_Atomic75_Late30/67212/run_summary.json,643b0caa97108f055ed78999a51d1db680f3a8325d5ffaa304c43b492806d2dd,45.15496746834006,0.698,302,67212,True
0,0,,0,01dd3e86805165412e0810e2a77a4756f8e1020f3ff2707c74af0a3f88a1bb8e,0.0,,0,EuGd2SnO6,0.0,117.0328694251366,0,0,2000,C0,0,0,10,/mnt/lis-wam-data/dxl/mattergen_v1/experiments/corrector_residual_distillation_formal256/generation/C0/67213/generated_crystals.extxyz,37919b1fe346a860ddd7898ae863f867b00f9776d823e3493fa1855fb6e97fad,301060096,/mnt/lis-wam-data/dxl/mattergen_v1/experiments/corrector_residual_distillation_formal256/generation/C0/67213/run_summary.json,3bdcc61e5dc7bf3d5c79d80f4768fe5b107b93c1aae5df71722d76eadc3a96c5,30.760589035226914,0.0,1000,67213,True
670,700,a2fd0f17c27b760958b60c1d1386577883635a34fb2101eb08e38fd8472702c7,30,01dd3e86805165412e0810e2a77a4756f8e1020f3ff2707c74af0a3f88a1bb8e,0.67,,330,Mn5Ge2H3,0.335,83.21530805109069,0,300,1330,V2_Frozen_Atomic75_Late30,0,0,10,/mnt/lis-wam-data/dxl/mattergen_v1/experiments/corrector_residual_distillation_formal256/generation/V2_Frozen_Atomic75_Late30/67213/generated_crystals.extxyz,caa2aeae074b31760039eb0f1fc96cebc1ccaa5a9ff9a2fb273bdaf7fcc9e189,301875200,/mnt/lis-wam-data/dxl/mattergen_v1/experiments/corrector_residual_distillation_formal256/generation/V2_Frozen_Atomic75_Late30/67213/run_summary.json,850813e723e12bcb006fedb9ec99e81f004bf0d26541cb2a42b11c9c00f80742,43.26127108475945,0.67,330,67213,True
0,0,,0,01dd3e86805165412e0810e2a77a4756f8e1020f3ff2707c74af0a3f88a1bb8e,0.0,,0,LiMnFe4(OF2)3,0.0,123.39084468502551,0,0,2000,C0,0,0,15,/mnt/lis-wam-data/dxl/mattergen_v1/experiments/corrector_residual_distillation_formal256/generation/C0/67214/generated_crystals.extxyz,9f2a26b3c3457d8954857b6f6139548e9b798e8850763f63acc070e88ce4cdcf,335393280,/mnt/lis-wam-data/dxl/mattergen_v1/experiments/corrector_residual_distillation_formal256/generation/C0/67214/run_summary.json,45d9482e8c6b19f84ff28ff61940dab2f45ca4dd97b7157d0f0c23bd07e8f506,29.175584373294182,0.0,1000,67214,True
255,700,a2fd0f17c27b760958b60c1d1386577883635a34fb2101eb08e38fd8472702c7,445,01dd3e86805165412e0810e2a77a4756f8e1020f3ff2707c74af0a3f88a1bb8e,0.255,,745,Eu11Pd4,0.1275,106.23628972191364,0,300,1745,V2_Frozen_Atomic75_Late30,0,0,15,/mnt/lis-wam-data/dxl/mattergen_v1/experiments/corrector_residual_distillation_formal256/generation/V2_Frozen_Atomic75_Late30/67214/generated_crystals.extxyz,6e132fa2952fa4ff782779f28e0dea9f0ea6cfd352819a5dd3a80b1442d492de,337387520,/mnt/lis-wam-data/dxl/mattergen_v1/experiments/corrector_residual_distillation_formal256/generation/V2_Frozen_Atomic75_Late30/67214/run_summary.json,65b639904e4e6445ff3e197da6349d20985ecf1e6d40f92d55f1ca6c6b6649b4,33.88672561347386,0.255,745,67214,True
0,0,,0,01dd3e86805165412e0810e2a77a4756f8e1020f3ff2707c74af0a3f88a1bb8e,0.0,,0,Fe3Pt,0.0,115.1978085290175,0,0,2000,C0,0,0,4,/mnt/lis-wam-data/dxl/mattergen_v1/experiments/corrector_residual_distillation_formal256/generation/C0/67215/generated_crystals.extxyz,6bf4dc208e5f2c9240d7538399bc339f6d3c6e97730fb0e9a29f8e71ec31ebb5,259245056,/mnt/lis-wam-data/dxl/mattergen_v1/experiments/corrector_residual_distillation_formal256/generation/C0/67215/run_summary.json,be43d5ea06bf9f49e6d3f9f00e0de728d97ce03163da5ab3a6b4bc5f90002db1,31.25059448585939,0.0,1000,67215,True
695,700,a2fd0f17c27b760958b60c1d1386577883635a34fb2101eb08e38fd8472702c7,5,01dd3e86805165412e0810e2a77a4756f8e1020f3ff2707c74af0a3f88a1bb8e,0.695,,305,Fe2CoPt,0.3475,85.48753190785646,0,300,1305,V2_Frozen_Atomic75_Late30,0,0,4,/mnt/lis-wam-data/dxl/mattergen_v1/experiments/corrector_residual_distillation_formal256/generation/V2_Frozen_Atomic75_Late30/67215/generated_crystals.extxyz,54d6db17ba73406ab155e50ce4513bef1db69bce998eada3b34ce2b060875f99,257327104,/mnt/lis-wam-data/dxl/mattergen_v1/experiments/corrector_residual_distillation_formal256/generation/V2_Frozen_Atomic75_Late30/67215/run_summary.json,77ec51abf7bfd5b3a80c8958810e4213b0fbefad422591683a85d64d76f74c33,42.11140408030838,0.695,305,67215,True
0,0,,0,01dd3e86805165412e0810e2a77a4756f8e1020f3ff2707c74af0a3f88a1bb8e,0.0,,0,Ca2Eu5N,0.0,114.28352086315863,0,0,2000,C0,0,0,8,/mnt/lis-wam-data/dxl/mattergen_v1/experiments/corrector_residual_distillation_formal256/generation/C0/67216/generated_crystals.extxyz,39e0d300d41eb23ab0edd00f4c74120a619699a625dd6864ebdc949ba3371d0d,287471616,/mnt/lis-wam-data/dxl/mattergen_v1/experiments/corrector_residual_distillation_formal256/generation/C0/67216/run_summary.json,dc60ce17031fc634a7cb05b38eb5ebe1ccfc197d8f9c20f312f7ae89cfcea402,31.500604573695153,0.0,1000,67216,True
596,700,a2fd0f17c27b760958b60c1d1386577883635a34fb2101eb08e38fd8472702c7,104,01dd3e86805165412e0810e2a77a4756f8e1020f3ff2707c74af0a3f88a1bb8e,0.596,,404,CaEu6N,0.298,86.87877229391597,0,300,1404,V2_Frozen_Atomic75_Late30,0,0,8,/mnt/lis-wam-data/dxl/mattergen_v1/experiments/corrector_residual_distillation_formal256/generation/V2_Frozen_Atomic75_Late30/67216/generated_crystals.extxyz,3251498d19d8707bdddfa638cf5dbcac7219d392be476bc05f0667d3ec5565f4,286360064,/mnt/lis-wam-data/dxl/mattergen_v1/experiments/corrector_residual_distillation_formal256/generation/V2_Frozen_Atomic75_Late30/67216/run_summary.json,87cc76acaa2835b3bb5e310cd7674dde8340c269a6d6f74f2a1386f24388e7d4,41.43704963763748,0.596,404,67216,True
0,0,,0,01dd3e86805165412e0810e2a77a4756f8e1020f3ff2707c74af0a3f88a1bb8e,0.0,,0,Mn3Fe3P2,0.0,114.58948550000787,0,0,2000,C0,0,0,16,/mnt/lis-wam-data/dxl/mattergen_v1/experiments/corrector_residual_distillation_formal256/generation/C0/67217/generated_crystals.extxyz,eed75884012ef5e2d7126445c14a7e007b8b5ac8c4539c2bff4ae5dec210bda4,344623616,/mnt/lis-wam-data/dxl/mattergen_v1/experiments/corrector_residual_distillation_formal256/generation/C0/67217/run_summary.json,d384710aa6a6116895c51d1fd6ebdfde1ea0c4f257902b31b14767afc1627684,31.416495015153487,0.0,1000,67217,True
457,700,a2fd0f17c27b760958b60c1d1386577883635a34fb2101eb08e38fd8472702c7,243,01dd3e86805165412e0810e2a77a4756f8e1020f3ff2707c74af0a3f88a1bb8e,0.457,,543,Mn5Fe8P3,0.2285,95.04401634819806,0,300,1543,V2_Frozen_Atomic75_Late30,0,0,16,/mnt/lis-wam-data/dxl/mattergen_v1/experiments/corrector_residual_distillation_formal256/generation/V2_Frozen_Atomic75_Late30/67217/generated_crystals.extxyz,94fbd13854afbfce07c8edbe4d0bf1e8ac2b2885b5fdb9623faa6fcbd00bc879,343809024,/mnt/lis-wam-data/dxl/mattergen_v1/experiments/corrector_residual_distillation_formal256/generation/V2_Frozen_Atomic75_Late30/67217/run_summary.json,65a13b4872cca93148d8eb4ad1886e6488b883ac0db6e88cd20047b6d90fae2e,37.8771872056757,0.457,543,67217,True
0,0,,0,01dd3e86805165412e0810e2a77a4756f8e1020f3ff2707c74af0a3f88a1bb8e,0.0,,0,MnO,0.0,114.3559333961457,0,0,2000,C0,0,0,10,/mnt/lis-wam-data/dxl/mattergen_v1/experiments/corrector_residual_distillation_formal256/generation/C0/67218/generated_crystals.extxyz,ea4625cab5bf443328e6db2d1f787d32f9ba17657968c2ed0f2883d647e65406,302059008,/mnt/lis-wam-data/dxl/mattergen_v1/experiments/corrector_residual_distillation_formal256/generation/C0/67218/run_summary.json,24c277ecde96d916c4a2b6598618f0ec5d8b2acb9ccd37d72b95379344a5f46e,31.480657741903716,0.0,1000,67218,True
637,700,a2fd0f17c27b760958b60c1d1386577883635a34fb2101eb08e38fd8472702c7,63,01dd3e86805165412e0810e2a77a4756f8e1020f3ff2707c74af0a3f88a1bb8e,0.637,,363,LiMn4O4F,0.3185,90.8657208350487,0,300,1363,V2_Frozen_Atomic75_Late30,0,0,10,/mnt/lis-wam-data/dxl/mattergen_v1/experiments/corrector_residual_distillation_formal256/generation/V2_Frozen_Atomic75_Late30/67218/generated_crystals.extxyz,2f38c072e28be860111ef757e63e473c551910b0ac9416f1d40425f953f9089c,303157248,/mnt/lis-wam-data/dxl/mattergen_v1/experiments/corrector_residual_distillation_formal256/generation/V2_Frozen_Atomic75_Late30/67218/run_summary.json,7c07a43b7a5cdfa337e2ffc568831f6a27968715ca3918753d51b04c883ac7e5,39.61890102137845,0.637,363,67218,True
0,0,,0,01dd3e86805165412e0810e2a77a4756f8e1020f3ff2707c74af0a3f88a1bb8e,0.0,,0,EuAl,0.0,115.16492709796876,0,0,2000,C0,0,0,12,/mnt/lis-wam-data/dxl/mattergen_v1/experiments/corrector_residual_distillation_formal256/generation/C0/67219/generated_crystals.extxyz,6914436c15f82676b38dd408e8ed1f9aac0f644e3714e9cf9c07c2f03c065c79,317683200,/mnt/lis-wam-data/dxl/mattergen_v1/experiments/corrector_residual_distillation_formal256/generation/C0/67219/run_summary.json,b6cc57f7ccf241e8be97c8c9e386cac29853a9df5015f0cf555a9d31963cbd53,31.259517031062277,0.0,1000,67219,True
485,700,a2fd0f17c27b760958b60c1d1386577883635a34fb2101eb08e38fd8472702c7,215,01dd3e86805165412e0810e2a77a4756f8e1020f3ff2707c74af0a3f88a1bb8e,0.485,,515,Fe3Ni2Rh,0.2425,94.4804146119859,0,300,1515,V2_Frozen_Atomic75_Late30,0,0,12,/mnt/lis-wam-data/dxl/mattergen_v1/experiments/corrector_residual_distillation_formal256/generation/V2_Frozen_Atomic75_Late30/67219/generated_crystals.extxyz,04cc292ccdc959aa0599dc3c076c0fdd225814d62d84e630087c102c50522279,321827328,/mnt/lis-wam-data/dxl/mattergen_v1/experiments/corrector_residual_distillation_formal256/generation/V2_Frozen_Atomic75_Late30/67219/run_summary.json,bf98c62c35ef79d2cb6221db78811f402993fa7fde18dc1dcd6d12f209ccc588,38.10313507603193,0.485,515,67219,True
0,0,,0,01dd3e86805165412e0810e2a77a4756f8e1020f3ff2707c74af0a3f88a1bb8e,0.0,,0,LiEuO2,0.0,116.46709419507533,0,0,2000,C0,0,0,8,/mnt/lis-wam-data/dxl/mattergen_v1/experiments/corrector_residual_distillation_formal256/generation/C0/67220/generated_crystals.extxyz,0f80a2bc16351082ac986e92dfc037c82117814970150100ac2cea954fa5bf8b,289843200,/mnt/lis-wam-data/dxl/mattergen_v1/experiments/corrector_residual_distillation_formal256/generation/C0/67220/run_summary.json,7b1212bfa613496248bace4956f04f54a0d270f76899e820562a0cd92bdeb3bc,30.910018189087967,0.0,1000,67220,True
697,700,a2fd0f17c27b760958b60c1d1386577883635a34fb2101eb08e38fd8472702c7,3,01dd3e86805165412e0810e2a77a4756f8e1020f3ff2707c74af0a3f88a1bb8e,0.697,,303,SrEu3O4,0.3485,85.52380816801451,0,300,1303,V2_Frozen_Atomic75_Late30,0,0,8,/mnt/lis-wam-data/dxl/mattergen_v1/experiments/corrector_residual_distillation_formal256/generation/V2_Frozen_Atomic75_Late30/67220/generated_crystals.extxyz,f9faf49de1027f1bb469cc7a46e63f2263f2977a9d6c1a11df9e5a572e68b2ce,286355456,/mnt/lis-wam-data/dxl/mattergen_v1/experiments/corrector_residual_distillation_formal256/generation/V2_Frozen_Atomic75_Late30/67220/run_summary.json,39a743979f0f33f5f71e3c66bb2d8e11f7fbb8a4922145f7591ffadedc0cf355,42.093541869974665,0.697,303,67220,True
0,0,,0,01dd3e86805165412e0810e2a77a4756f8e1020f3ff2707c74af0a3f88a1bb8e,0.0,,0,EuGaBr,0.0,114.46687044412829,0,0,2000,C0,0,0,6,/mnt/lis-wam-data/dxl/mattergen_v1/experiments/corrector_residual_distillation_formal256/generation/C0/67221/generated_crystals.extxyz,0a35af8ef6d4e58fefcdd43bd363c4f7ec5c2e48cea9cf62f2eadb0199f2d649,273187840,/mnt/lis-wam-data/dxl/mattergen_v1/experiments/corrector_residual_distillation_formal256/generation/C0/67221/run_summary.json,621e7f91af4c6a832bbfb2aeec602ddefe1660a037b4a1a07d33e0ecb0126a83,31.450147855288606,0.0,1000,67221,True
698,700,a2fd0f17c27b760958b60c1d1386577883635a34fb2101eb08e38fd8472702c7,2,01dd3e86805165412e0810e2a77a4756f8e1020f3ff2707c74af0a3f88a1bb8e,0.698,,302,EuGeN,0.349,82.08757530502044,0,300,1302,V2_Frozen_Atomic75_Late30,0,0,6,/mnt/lis-wam-data/dxl/mattergen_v1/experiments/corrector_residual_distillation_formal256/generation/V2_Frozen_Atomic75_Late30/67221/generated_crystals.extxyz,5c0fecf7ed28b5b403347add977c2dc0c2bc38e6800f36b5f57d85750c2e122f,272106496,/mnt/lis-wam-data/dxl/mattergen_v1/experiments/corrector_residual_distillation_formal256/generation/V2_Frozen_Atomic75_Late30/67221/run_summary.json,4c389b7468ad97436974ce78c9fa3e5cb042552b11f3d1ba6d85376d47880328,43.855601613558996,0.698,302,67221,True
0,0,,0,01dd3e86805165412e0810e2a77a4756f8e1020f3ff2707c74af0a3f88a1bb8e,0.0,,0,NdEu2Cu2(NiO4)3,0.0,115.19322701194324,0,0,2000,C0,0,0,20,/mnt/lis-wam-data/dxl/mattergen_v1/experiments/corrector_residual_distillation_formal256/generation/C0/67222/generated_crystals.extxyz,4df2fe958fa3922046ec35a926b2fddd4a70771ee01aec4f10316cae647e8060,373344256,/mnt/lis-wam-data/dxl/mattergen_v1/experiments/corrector_residual_distillation_formal256/generation/C0/67222/run_summary.json,b66fcf62b4205d064c5192c765dee4c982a619ad00fcacec6bf956ce90c309dc,31.25183739862372,0.0,1000,67222,True
523,700,a2fd0f17c27b760958b60c1d1386577883635a34fb2101eb08e38fd8472702c7,177,01dd3e86805165412e0810e2a77a4756f8e1020f3ff2707c74af0a3f88a1bb8e,0.523,,477,Gd2SiNiO6,0.2615,94.85977226914838,0,300,1477,V2_Frozen_Atomic75_Late30,0,0,20,/mnt/lis-wam-data/dxl/mattergen_v1/experiments/corrector_residual_distillation_formal256/generation/V2_Frozen_Atomic75_Late30/67222/generated_crystals.extxyz,d54a74121ba5360d1b203f56e86521a11ba4bf2bcf55cec3d7a61609ca2910f2,372769280,/mnt/lis-wam-data/dxl/mattergen_v1/experiments/corrector_residual_distillation_formal256/generation/V2_Frozen_Atomic75_Late30/67222/run_summary.json,e3352cb461280df28ff967352d1b125edc0fb1cb426d5652fe06cfed04aaf815,37.95075524518039,0.523,477,67222,True
0,0,,0,01dd3e86805165412e0810e2a77a4756f8e1020f3ff2707c74af0a3f88a1bb8e,0.0,,0,Li4Mn5O5F6,0.0,122.68096134182997,0,0,2000,C0,0,0,20,/mnt/lis-wam-data/dxl/mattergen_v1/experiments/corrector_residual_distillation_formal256/generation/C0/67223/generated_crystals.extxyz,f1075d7cb617bd712b66c00bc18a227e4ef81bbbe1d6bfd7f09ff76a93bf9e07,373093376,/mnt/lis-wam-data/dxl/mattergen_v1/experiments/corrector_residual_distillation_formal256/generation/C0/67223/run_summary.json,4d85801ebfb0068f25f789f6d4053353f7a2850ff511df90a04d5d574d5eb654,29.344406504683334,0.0,1000,67223,True
414,700,a2fd0f17c27b760958b60c1d1386577883635a34fb2101eb08e38fd8472702c7,286,01dd3e86805165412e0810e2a77a4756f8e1020f3ff2707c74af0a3f88a1bb8e,0.414,,586,Li3Mn5(OF2)4,0.207,97.44638829585165,0,300,1586,V2_Frozen_Atomic75_Late30,0,0,20,/mnt/lis-wam-data/dxl/mattergen_v1/experiments/corrector_residual_distillation_formal256/generation/V2_Frozen_Atomic75_Late30/67223/generated_crystals.extxyz,a77d5a51ebf11f3f4c4b82169dc9cc1867c11a0279db2494c2ea0dfd2857f673,375368704,/mnt/lis-wam-data/dxl/mattergen_v1/experiments/corrector_residual_distillation_formal256/generation/V2_Frozen_Atomic75_Late30/67223/run_summary.json,0aac42f817b85c760f92954e7bf74a18b68415fea859f986b082bd52cfdb18aa,36.943390750103916,0.414,586,67223,True
0,0,,0,01dd3e86805165412e0810e2a77a4756f8e1020f3ff2707c74af0a3f88a1bb8e,0.0,,0,Eu3GdO6,0.0,113.44858207902871,0,0,2000,C0,0,0,10,/mnt/lis-wam-data/dxl/mattergen_v1/experiments/corrector_residual_distillation_formal256/generation/C0/67224/generated_crystals.extxyz,6fb8c06a5ac1cef103b6fd0e5671b7b095f6513d83e82ee59959b885c1af58e6,301731840,/mnt/lis-wam-data/dxl/mattergen_v1/experiments/corrector_residual_distillation_formal256/generation/C0/67224/run_summary.json,2e28f1f8faf33e92c13c407483c8ef5650be53a2b8d74f3f659d1b0ec1f61d9d,31.732437144892884,0.0,1000,67224,True
574,700,a2fd0f17c27b760958b60c1d1386577883635a34fb2101eb08e38fd8472702c7,126,01dd3e86805165412e0810e2a77a4756f8e1020f3ff2707c74af0a3f88a1bb8e,0.574,,426,Eu3Mn(AsO2)2,0.287,94.6860283780843,0,300,1426,V2_Frozen_Atomic75_Late30,0,0,10,/mnt/lis-wam-data/dxl/mattergen_v1/experiments/corrector_residual_distillation_formal256/generation/V2_Frozen_Atomic75_Late30/67224/generated_crystals.extxyz,ee8a563eaf1d04b49136ae70af86d1c584716d738336d0d5b22872c1bee35646,303226880,/mnt/lis-wam-data/dxl/mattergen_v1/experiments/corrector_residual_distillation_formal256/generation/V2_Frozen_Atomic75_Late30/67224/run_summary.json,6b4463227cab5387394d5f6e74a2d4277d68993c6d77894cca2b3f19b7038aa9,38.020392888643364,0.574,426,67224,True
0,0,,0,01dd3e86805165412e0810e2a77a4756f8e1020f3ff2707c74af0a3f88a1bb8e,0.0,,0,Ta(FeO2)3,0.0,112.41560394596308,0,0,2000,C0,0,0,20,/mnt/lis-wam-data/dxl/mattergen_v1/experiments/corrector_residual_distillation_formal256/generation/C0/67225/generated_crystals.extxyz,5ae534c19734005383a644618e1c60c34c8ac157685cc1e292be9fcf50a2a6e4,370337280,/mnt/lis-wam-data/dxl/mattergen_v1/experiments/corrector_residual_distillation_formal256/generation/C0/67225/run_summary.json,292f59ab122c28925091be07ab78563e1053e993d4f8fb0f6eb7bf606e6fbfc6,32.02402401120826,0.0,1000,67225,True
335,700,a2fd0f17c27b760958b60c1d1386577883635a34fb2101eb08e38fd8472702c7,365,01dd3e86805165412e0810e2a77a4756f8e1020f3ff2707c74af0a3f88a1bb8e,0.335,,665,Mn3Fe11H6,0.1675,98.93196307984181,0,300,1665,V2_Frozen_Atomic75_Late30,0,0,20,/mnt/lis-wam-data/dxl/mattergen_v1/experiments/corrector_residual_distillation_formal256/generation/V2_Frozen_Atomic75_Late30/67225/generated_crystals.extxyz,fd97116c28bb2e63ef82e14c9cc1c5c292cd6d94c5d3093d04deec0f17746edf,370637312,/mnt/lis-wam-data/dxl/mattergen_v1/experiments/corrector_residual_distillation_formal256/generation/V2_Frozen_Atomic75_Late30/67225/run_summary.json,53e0e743a15f2a08a675b39d2a577c73fcc53d79a1888395330407103792ab7b,36.38864415431305,0.335,665,67225,True
0,0,,0,01dd3e86805165412e0810e2a77a4756f8e1020f3ff2707c74af0a3f88a1bb8e,0.0,,0,LiMn3Co8,0.0,114.3181209161412,0,0,2000,C0,0,0,12,/mnt/lis-wam-data/dxl/mattergen_v1/experiments/corrector_residual_distillation_formal256/generation/C0/67226/generated_crystals.extxyz,a5bb39822c52787e8b54159b9d281ca3a511aa2faf6c5b548546f357372592d9,315593216,/mnt/lis-wam-data/dxl/mattergen_v1/experiments/corrector_residual_distillation_formal256/generation/C0/67226/run_summary.json,943d7356be31b0db53ba952a5c2d4e99ef3ed0f2fede183d4628ca9e5df44305,31.49107045453278,0.0,1000,67226,True
326,700,a2fd0f17c27b760958b60c1d1386577883635a34fb2101eb08e38fd8472702c7,374,01dd3e86805165412e0810e2a77a4756f8e1020f3ff2707c74af0a3f88a1bb8e,0.326,,674,LiMn2Co9,0.163,102.18728924007155,0,300,1674,V2_Frozen_Atomic75_Late30,0,0,12,/mnt/lis-wam-data/dxl/mattergen_v1/experiments/corrector_residual_distillation_formal256/generation/V2_Frozen_Atomic75_Late30/67226/generated_crystals.extxyz,16437bd84eecc6a5b861bb37bc91fba376e962aa7418dd18af474fa7ac54cef6,317234176,/mnt/lis-wam-data/dxl/mattergen_v1/experiments/corrector_residual_distillation_formal256/generation/V2_Frozen_Atomic75_Late30/67226/run_summary.json,d6057d4e73f64ed6dcd14a236dd9bb7ee4b35b09f5eab8ad977cdd28810f346d,35.229430458248245,0.326,674,67226,True
0,0,,0,01dd3e86805165412e0810e2a77a4756f8e1020f3ff2707c74af0a3f88a1bb8e,0.0,,0,CaMn3FeB4O11,0.0,114.99886134592816,0,0,2000,C0,0,0,20,/mnt/lis-wam-data/dxl/mattergen_v1/experiments/corrector_residual_distillation_formal256/generation/C0/67227/generated_crystals.extxyz,77405971218a50a1880bca19eb5d9e24b43940e0fe349aef6b9f7c9e77c4bf0f,371294208,/mnt/lis-wam-data/dxl/mattergen_v1/experiments/corrector_residual_distillation_formal256/generation/C0/67227/run_summary.json,592aae435ec50d67bbdc4aa9c582f3c859dbca741bca84446b6d74dbd3cc28bf,31.304657784139593,0.0,1000,67227,True
658,700,a2fd0f17c27b760958b60c1d1386577883635a34fb2101eb08e38fd8472702c7,42,01dd3e86805165412e0810e2a77a4756f8e1020f3ff2707c74af0a3f88a1bb8e,0.658,,342,Eu3Mn4AlO12,0.329,84.32745811389759,0,300,1342,V2_Frozen_Atomic75_Late30,0,0,20,/mnt/lis-wam-data/dxl/mattergen_v1/experiments/corrector_residual_distillation_formal256/generation/V2_Frozen_Atomic75_Late30/67227/generated_crystals.extxyz,2b213989a7a595863e4cfbb92cf5612c0a0c2cf95f18d5e3b5d05902774e5b95,372779520,/mnt/lis-wam-data/dxl/mattergen_v1/experiments/corrector_residual_distillation_formal256/generation/V2_Frozen_Atomic75_Late30/67227/run_summary.json,c82f3b906e51da7b3a94abf99b0bdeb5639662d000d4f4846ece1303f2d40037,42.69072115440299,0.658,342,67227,True
0,0,,0,01dd3e86805165412e0810e2a77a4756f8e1020f3ff2707c74af0a3f88a1bb8e,0.0,,0,Eu3In,0.0,113.78207873203792,0,0,2000,C0,0,0,8,/mnt/lis-wam-data/dxl/mattergen_v1/experiments/corrector_residual_distillation_formal256/generation/C0/67228/generated_crystals.extxyz,d90290fe8826e9bd9fc85104200634400e8ed3f96522a01e00c532b0ca4fba37,287807488,/mnt/lis-wam-data/dxl/mattergen_v1/experiments/corrector_residual_distillation_formal256/generation/C0/67228/run_summary.json,eeece9d6b2e543a0592acdd59bb22f68cf482de83c8d92152f58bfecb7b42f02,31.639428986687502,0.0,1000,67228,True
699,700,a2fd0f17c27b760958b60c1d1386577883635a34fb2101eb08e38fd8472702c7,1,01dd3e86805165412e0810e2a77a4756f8e1020f3ff2707c74af0a3f88a1bb8e,0.699,,301,Eu3HoO4,0.3495,79.66683895001188,0,300,1301,V2_Frozen_Atomic75_Late30,0,0,8,/mnt/lis-wam-data/dxl/mattergen_v1/experiments/corrector_residual_distillation_formal256/generation/V2_Frozen_Atomic75_Late30/67228/generated_crystals.extxyz,d22ef56fcb300cefd1592e5ce2864fe112e9aadc0b2225318fb477d8addd1323,286565376,/mnt/lis-wam-data/dxl/mattergen_v1/experiments/corrector_residual_distillation_formal256/generation/V2_Frozen_Atomic75_Late30/67228/run_summary.json,2e334e11b648ba0962a5f4fee6e237dd8aadf2efe9900529f966624e654067b7,45.18818679700436,0.699,301,67228,True
0,0,,0,01dd3e86805165412e0810e2a77a4756f8e1020f3ff2707c74af0a3f88a1bb8e,0.0,,0,EuSiPd,0.0,114.39697910682298,0,0,2000,C0,0,0,9,/mnt/lis-wam-data/dxl/mattergen_v1/experiments/corrector_residual_distillation_formal256/generation/C0/67229/generated_crystals.extxyz,d53ab4dc153283c884eac7da4e7dd65e934d217359bb1972d576cf3dd50ef704,293833728,/mnt/lis-wam-data/dxl/mattergen_v1/experiments/corrector_residual_distillation_formal256/generation/C0/67229/run_summary.json,c114e6deed9e1dac9396d4727e16edbd9921290b3b3e83463ba4c90ec16e6c13,31.469362461384133,0.0,1000,67229,True
373,700,a2fd0f17c27b760958b60c1d1386577883635a34fb2101eb08e38fd8472702c7,327,01dd3e86805165412e0810e2a77a4756f8e1020f3ff2707c74af0a3f88a1bb8e,0.373,,627,Eu4Si2Ni3,0.1865,96.94966018013656,0,300,1627,V2_Frozen_Atomic75_Late30,0,0,9,/mnt/lis-wam-data/dxl/mattergen_v1/experiments/corrector_residual_distillation_formal256/generation/V2_Frozen_Atomic75_Late30/67229/generated_crystals.extxyz,01c592f24673260e25b41b441a6b549b0f4651da4d8f7158e0a0d5b14971daac,294711296,/mnt/lis-wam-data/dxl/mattergen_v1/experiments/corrector_residual_distillation_formal256/generation/V2_Frozen_Atomic75_Late30/67229/run_summary.json,0a613a51d229209553049b066a759a27c61306120bf66b6b084d0a5cb2646c72,37.132672701596356,0.373,627,67229,True
0,0,,0,01dd3e86805165412e0810e2a77a4756f8e1020f3ff2707c74af0a3f88a1bb8e,0.0,,0,Eu2ZnRh,0.0,119.29029114800505,0,0,2000,C0,0,0,8,/mnt/lis-wam-data/dxl/mattergen_v1/experiments/corrector_residual_distillation_formal256/generation/C0/67230/generated_crystals.extxyz,d532b45ea1c92499b293298af6858a031848f5ce5dfb0f52ee02449da1969fa0,291337216,/mnt/lis-wam-data/dxl/mattergen_v1/experiments/corrector_residual_distillation_formal256/generation/C0/67230/run_summary.json,f526a23c1e423afd2e1c4ab4f9a2675a0451eb49be9377e5d77278d234432f02,30.17848280321013,0.0,1000,67230,True
626,700,a2fd0f17c27b760958b60c1d1386577883635a34fb2101eb08e38fd8472702c7,74,01dd3e86805165412e0810e2a77a4756f8e1020f3ff2707c74af0a3f88a1bb8e,0.626,,374,Eu3Zn,0.313,84.71722206706181,0,300,1374,V2_Frozen_Atomic75_Late30,0,0,8,/mnt/lis-wam-data/dxl/mattergen_v1/experiments/corrector_residual_distillation_formal256/generation/V2_Frozen_Atomic75_Late30/67230/generated_crystals.extxyz,aaaa13d08c109a337038df4c2f6ca51706a3803a82ff5a22608971ee8f8396f7,289737216,/mnt/lis-wam-data/dxl/mattergen_v1/experiments/corrector_residual_distillation_formal256/generation/V2_Frozen_Atomic75_Late30/67230/run_summary.json,7a338140bc65cfd32a4071873cb45e65b3902984bc8dfcb06f332913f04c60a7,42.494311217502556,0.626,374,67230,True
0,0,,0,01dd3e86805165412e0810e2a77a4756f8e1020f3ff2707c74af0a3f88a1bb8e,0.0,,0,Eu3SbCl3,0.0,117.86269888095558,0,0,2000,C0,0,0,7,/mnt/lis-wam-data/dxl/mattergen_v1/experiments/corrector_residual_distillation_formal256/generation/C0/67231/generated_crystals.extxyz,463b2ce798b44f5e3073c662ced289a95f834e9c1d4242b1ad2546bcf81488c4,281410048,/mnt/lis-wam-data/dxl/mattergen_v1/experiments/corrector_residual_distillation_formal256/generation/C0/67231/run_summary.json,e53d640e89f4c81068a8a7acb12ff2a7433c4b1f08f997441e9df5b24cbf315a,30.54401463889856,0.0,1000,67231,True
655,700,a2fd0f17c27b760958b60c1d1386577883635a34fb2101eb08e38fd8472702c7,45,01dd3e86805165412e0810e2a77a4756f8e1020f3ff2707c74af0a3f88a1bb8e,0.655,,345,Eu3Cl4,0.3275,83.14330489817075,0,300,1345,V2_Frozen_Atomic75_Late30,0,0,7,/mnt/lis-wam-data/dxl/mattergen_v1/experiments/corrector_residual_distillation_formal256/generation/V2_Frozen_Atomic75_Late30/67231/generated_crystals.extxyz,6f227b4d44302bf1981faaba7d07c5a97fbfe203f045247b2e6efdc77bff2c9c,280536064,/mnt/lis-wam-data/dxl/mattergen_v1/experiments/corrector_residual_distillation_formal256/generation/V2_Frozen_Atomic75_Late30/67231/run_summary.json,0753732cccded0f123d0ecf3991581167c193cb110985f0dd94c288d068df1cf,43.29873589231361,0.655,345,67231,True
0,0,,0,01dd3e86805165412e0810e2a77a4756f8e1020f3ff2707c74af0a3f88a1bb8e,0.0,,0,Co5Ni,0.0,114.16960096010007,0,0,2000,C0,0,0,6,/mnt/lis-wam-data/dxl/mattergen_v1/experiments/corrector_residual_distillation_formal256/generation/C0/67232/generated_crystals.extxyz,a979d6a6ec317093ffd7a0f7e86cf2bcf0faf3049c7e2a53ddc1ee151d843cc1,272100352,/mnt/lis-wam-data/dxl/mattergen_v1/experiments/corrector_residual_distillation_formal256/generation/C0/67232/run_summary.json,133f4b8bcce65e0d792179231574eb3eeb5622ec73ccbabffd5d5add84771c90,31.5320362839678,0.0,1000,67232,True
694,700,a2fd0f17c27b760958b60c1d1386577883635a34fb2101eb08e38fd8472702c7,6,01dd3e86805165412e0810e2a77a4756f8e1020f3ff2707c74af0a3f88a1bb8e,0.694,,306,MnCoNi4,0.347,80.74164582486264,0,300,1306,V2_Frozen_Atomic75_Late30,0,0,6,/mnt/lis-wam-data/dxl/mattergen_v1/experiments/corrector_residual_distillation_formal256/generation/V2_Frozen_Atomic75_Late30/67232/generated_crystals.extxyz,0296b078c0d1355e5e0c04bf508442222dabd94372173eaa7e09cbc7c5e13a42,271363584,/mnt/lis-wam-data/dxl/mattergen_v1/experiments/corrector_residual_distillation_formal256/generation/V2_Frozen_Atomic75_Late30/67232/run_summary.json,00688803464399b5ce576c1e186cb6ed2c385d9d3c710e17b055f7b6d9090387,44.58665615770069,0.694,306,67232,True
0,0,,0,01dd3e86805165412e0810e2a77a4756f8e1020f3ff2707c74af0a3f88a1bb8e,0.0,,0,Mn3Fe7(PH2)2,0.0,117.54179618693888,0,0,2000,C0,0,0,16,/mnt/lis-wam-data/dxl/mattergen_v1/experiments/corrector_residual_distillation_formal256/generation/C0/67233/generated_crystals.extxyz,62cacc5335ad8d995feccc3c768d9af94a67db19d07b898d6e63946d689cd475,343784448,/mnt/lis-wam-data/dxl/mattergen_v1/experiments/corrector_residual_distillation_formal256/generation/C0/67233/run_summary.json,90138e118db05fc1d75b57b448163125840affdd07077db6d1be1c454fca0412,30.627403330425096,0.0,1000,67233,True
406,700,a2fd0f17c27b760958b60c1d1386577883635a34fb2101eb08e38fd8472702c7,294,01dd3e86805165412e0810e2a77a4756f8e1020f3ff2707c74af0a3f88a1bb8e,0.406,,594,Ca3Eu7Ge6,0.203,97.95276101096533,0,300,1594,V2_Frozen_Atomic75_Late30,0,0,16,/mnt/lis-wam-data/dxl/mattergen_v1/experiments/corrector_residual_distillation_formal256/generation/V2_Frozen_Atomic75_Late30/67233/generated_crystals.extxyz,0b8eb26b109e05b62111febfc222526c2e1cb9b3b4500dc4419ed5758580efa7,345017344,/mnt/lis-wam-data/dxl/mattergen_v1/experiments/corrector_residual_distillation_formal256/generation/V2_Frozen_Atomic75_Late30/67233/run_summary.json,cf9b2d7b8b6b3974bf04b84be5d020cac43ec5b9d7460e4e692ff79d9fd4024b,36.75240965996862,0.406,594,67233,True
0,0,,0,01dd3e86805165412e0810e2a77a4756f8e1020f3ff2707c74af0a3f88a1bb8e,0.0,,0,Eu3CdO6,0.0,114.74758301395923,0,0,2000,C0,0,0,10,/mnt/lis-wam-data/dxl/mattergen_v1/experiments/corrector_residual_distillation_formal256/generation/C0/67234/generated_crystals.extxyz,11cf49795f301eda5a151cb0392ce2089e10032df2c0dd67db6ac825faeeb461,303209472,/mnt/lis-wam-data/dxl/mattergen_v1/experiments/corrector_residual_distillation_formal256/generation/C0/67234/run_summary.json,91e50523abc61a5f0df3ffb493e927c90aec90a2e8cf07091e45f989a777c138,31.373209835383236,0.0,1000,67234,True
681,700,a2fd0f17c27b760958b60c1d1386577883635a34fb2101eb08e38fd8472702c7,19,01dd3e86805165412e0810e2a77a4756f8e1020f3ff2707c74af0a3f88a1bb8e,0.681,,319,Eu2GdCdO6,0.3405,83.85550887417048,0,300,1319,V2_Frozen_Atomic75_Late30,0,0,10,/mnt/lis-wam-data/dxl/mattergen_v1/experiments/corrector_residual_distillation_formal256/generation/V2_Frozen_Atomic75_Late30/67234/generated_crystals.extxyz,79c90d03f6e566797c10d5e3d2b6a55b819ed65d9e64a3f512db98f511a02265,301953024,/mnt/lis-wam-data/dxl/mattergen_v1/experiments/corrector_residual_distillation_formal256/generation/V2_Frozen_Atomic75_Late30/67234/run_summary.json,4b95d177645511c5ad6022a12455c16d1f684cc1034bf51b2a87f3cf916d8296,42.9309898459025,0.681,319,67234,True
0,0,,0,01dd3e86805165412e0810e2a77a4756f8e1020f3ff2707c74af0a3f88a1bb8e,0.0,,0,Ta3CdFe8,0.0,117.30702250497416,0,0,2000,C0,0,0,12,/mnt/lis-wam-data/dxl/mattergen_v1/experiments/corrector_residual_distillation_formal256/generation/C0/67235/generated_crystals.extxyz,f09ba102fde327b8931d96275d075f9f0f997d217afee3dccc735b655ebb113f,318597120,/mnt/lis-wam-data/dxl/mattergen_v1/experiments/corrector_residual_distillation_formal256/generation/C0/67235/run_summary.json,5042f5df2341af009e4e68290cc742480bb89874c33bc953893ecddfee184f9c,30.68869981630767,0.0,1000,67235,True
557,700,a2fd0f17c27b760958b60c1d1386577883635a34fb2101eb08e38fd8472702c7,143,01dd3e86805165412e0810e2a77a4756f8e1020f3ff2707c74af0a3f88a1bb8e,0.557,,443,CdFe11,0.2785,89.15396952186711,0,300,1443,V2_Frozen_Atomic75_Late30,0,0,12,/mnt/lis-wam-data/dxl/mattergen_v1/experiments/corrector_residual_distillation_formal256/generation/V2_Frozen_Atomic75_Late30/67235/generated_crystals.extxyz,33df83012a9727f90f5ff75ec8b3f7842f09bff08aee5fa99218426f64377f41,317671424,/mnt/lis-wam-data/dxl/mattergen_v1/experiments/corrector_residual_distillation_formal256/generation/V2_Frozen_Atomic75_Late30/67235/run_summary.json,fbcc5462e8f6193ca8c10c91f9c7bcc50a16f69826122f4ad126fcc12814b507,40.37958174276262,0.557,443,67235,True
0,0,,0,01dd3e86805165412e0810e2a77a4756f8e1020f3ff2707c74af0a3f88a1bb8e,0.0,,0,Mn3H2O5,0.0,114.70267405593768,0,0,2000,C0,0,0,10,/mnt/lis-wam-data/dxl/mattergen_v1/experiments/corrector_residual_distillation_formal256/generation/C0/67236/generated_crystals.extxyz,704a8ee5cc7a8db5acc077dd2ae25d35d40b0e56026df9568127a1f04d2a7800,303450624,/mnt/lis-wam-data/dxl/mattergen_v1/experiments/corrector_residual_distillation_formal256/generation/C0/67236/run_summary.json,c978e2037052b59d6fa95e7343584af68c81ff73f208c743a58c25e8488b6701,31.38549322960307,0.0,1000,67236,True
679,700,a2fd0f17c27b760958b60c1d1386577883635a34fb2101eb08e38fd8472702c7,21,01dd3e86805165412e0810e2a77a4756f8e1020f3ff2707c74af0a3f88a1bb8e,0.679,,321,Eu2O3,0.3395,81.70954410592094,0,300,1321,V2_Frozen_Atomic75_Late30,0,0,10,/mnt/lis-wam-data/dxl/mattergen_v1/experiments/corrector_residual_distillation_formal256/generation/V2_Frozen_Atomic75_Late30/67236/generated_crystals.extxyz,7b7b323a01ac8d88d9334ab1d7ba6656d5f4e4f104339a4a23bc596856092adc,301959680,/mnt/lis-wam-data/dxl/mattergen_v1/experiments/corrector_residual_distillation_formal256/generation/V2_Frozen_Atomic75_Late30/67236/run_summary.json,2de60c709c8af169d925f88667c057823e569551586a579e65b7e36a0b1b126b,44.058500624275695,0.679,321,67236,True
0,0,,0,01dd3e86805165412e0810e2a77a4756f8e1020f3ff2707c74af0a3f88a1bb8e,0.0,,0,Eu5Cu4,0.0,115.69508910900913,0,0,2000,C0,0,0,9,/mnt/lis-wam-data/dxl/mattergen_v1/experiments/corrector_residual_distillation_formal256/generation/C0/67237/generated_crystals.extxyz,734ec7a5e48ef927870174cd9e1c7a8e874cbb8d5a8639ef0e7c53d87f465a1f,293268992,/mnt/lis-wam-data/dxl/mattergen_v1/experiments/corrector_residual_distillation_formal256/generation/C0/67237/run_summary.json,2af0d9ca63050f6933c6cbf5451d33f48ad8b02e96df71f2424ecc95a5d54bd8,31.11627319469059,0.0,1000,67237,True
690,700,a2fd0f17c27b760958b60c1d1386577883635a34fb2101eb08e38fd8472702c7,10,01dd3e86805165412e0810e2a77a4756f8e1020f3ff2707c74af0a3f88a1bb8e,0.69,,310,Eu2Mn2O5,0.345,79.93681666208431,0,300,1310,V2_Frozen_Atomic75_Late30,0,0,9,/mnt/lis-wam-data/dxl/mattergen_v1/experiments/corrector_residual_distillation_formal256/generation/V2_Frozen_Atomic75_Late30/67237/generated_crystals.extxyz,dc7aaa8dba279aea6c211d77cf3eee9218d17a14b3e3dc415e8ab4d7f1826397,293184512,/mnt/lis-wam-data/dxl/mattergen_v1/experiments/corrector_residual_distillation_formal256/generation/V2_Frozen_Atomic75_Late30/67237/run_summary.json,593e33b4b1e66df7519aabb77e28adc8bfe502c6ee825f1056d9374d442a6b0f,45.035568719457835,0.69,310,67237,True
0,0,,0,01dd3e86805165412e0810e2a77a4756f8e1020f3ff2707c74af0a3f88a1bb8e,0.0,,0,Eu2ZnPd,0.0,119.74132115603425,0,0,2000,C0,0,0,4,/mnt/lis-wam-data/dxl/mattergen_v1/experiments/corrector_residual_distillation_formal256/generation/C0/67238/generated_crystals.extxyz,b5c4002d469e66ac27fa205e3fc3651b0dc83dd4016289b1f1762020d69b5f37,257764864,/mnt/lis-wam-data/dxl/mattergen_v1/experiments/corrector_residual_distillation_formal256/generation/C0/67238/run_summary.json,51dc4a6e1c235596024fe3f4b3eabc6ce5eda5351760009c6a94d9e46f17d6cd,30.064809417868876,0.0,1000,67238,True
700,700,a2fd0f17c27b760958b60c1d1386577883635a34fb2101eb08e38fd8472702c7,0,01dd3e86805165412e0810e2a77a4756f8e1020f3ff2707c74af0a3f88a1bb8e,0.7,,300,NaEu2Pt,0.35,80.26191701414064,0,300,1300,V2_Frozen_Atomic75_Late30,0,0,4,/mnt/lis-wam-data/dxl/mattergen_v1/experiments/corrector_residual_distillation_formal256/generation/V2_Frozen_Atomic75_Late30/67238/generated_crystals.extxyz,9d77bd0fcf4646d78edc0713e24a679b2b152c0a1f02759b4eae7723fa6e63f1,257327104,/mnt/lis-wam-data/dxl/mattergen_v1/experiments/corrector_residual_distillation_formal256/generation/V2_Frozen_Atomic75_Late30/67238/run_summary.json,e9e2ee368dbe820d0a8d575a86b5f512803bec5fe6ba113fcefad5e30f693875,44.85315245293416,0.7,300,67238,True
0,0,,0,01dd3e86805165412e0810e2a77a4756f8e1020f3ff2707c74af0a3f88a1bb8e,0.0,,0,EuGdTa2O8,0.0,117.67592595983297,0,0,2000,C0,0,0,12,/mnt/lis-wam-data/dxl/mattergen_v1/experiments/corrector_residual_distillation_formal256/generation/C0/67239/generated_crystals.extxyz,a75effcbdee3d6700ee55ea85d129be27e67e54b325ddbf155603b05e98525f9,323766784,/mnt/lis-wam-data/dxl/mattergen_v1/experiments/corrector_residual_distillation_formal256/generation/C0/67239/run_summary.json,e18c3ad19db4b51ff0e4604f33a9befc86ca30bee413030296444a05262b5250,30.592493499722362,0.0,1000,67239,True
638,700,a2fd0f17c27b760958b60c1d1386577883635a34fb2101eb08e38fd8472702c7,62,01dd3e86805165412e0810e2a77a4756f8e1020f3ff2707c74af0a3f88a1bb8e,0.638,,362,EuO2,0.319,83.02718008006923,0,300,1362,V2_Frozen_Atomic75_Late30,0,0,12,/mnt/lis-wam-data/dxl/mattergen_v1/experiments/corrector_residual_distillation_formal256/generation/V2_Frozen_Atomic75_Late30/67239/generated_crystals.extxyz,775e6f1c596f572b3ec2340fdb95b4423b5c1f6c8d6d860b93795ff81b14a1e7,315364352,/mnt/lis-wam-data/dxl/mattergen_v1/experiments/corrector_residual_distillation_formal256/generation/V2_Frozen_Atomic75_Late30/67239/run_summary.json,12a614c575be0b0e0b1ccaa612cb298dbaec335ade163e1c71ffb184bb3ccd1c,43.35929507094249,0.638,362,67239,True
0,0,,0,01dd3e86805165412e0810e2a77a4756f8e1020f3ff2707c74af0a3f88a1bb8e,0.0,,0,Li5(FeO2)3,0.0,114.93742901901715,0,0,2000,C0,0,0,14,/mnt/lis-wam-data/dxl/mattergen_v1/experiments/corrector_residual_distillation_formal256/generation/C0/67240/generated_crystals.extxyz,b3665407f454c23ba94c68736b79b3c2e56a275df77d22f7be3e395adb188d6b,329360896,/mnt/lis-wam-data/dxl/mattergen_v1/experiments/corrector_residual_distillation_formal256/generation/C0/67240/run_summary.json,9dc745a313589ef4f77268356404189287635b3bef13c6fbf6ece1526001a7b6,31.321389652837603,0.0,1000,67240,True
587,700,a2fd0f17c27b760958b60c1d1386577883635a34fb2101eb08e38fd8472702c7,113,01dd3e86805165412e0810e2a77a4756f8e1020f3ff2707c74af0a3f88a1bb8e,0.587,,413,LiMn2Fe3O8,0.2935,87.02141966088675,0,300,1413,V2_Frozen_Atomic75_Late30,0,0,14,/mnt/lis-wam-data/dxl/mattergen_v1/experiments/corrector_residual_distillation_formal256/generation/V2_Frozen_Atomic75_Late30/67240/generated_crystals.extxyz,f108ff8f28edd4e51fd0fbdc633e5c1119eac8decfe9d6107e7760acf0cb07b0,328950272,/mnt/lis-wam-data/dxl/mattergen_v1/experiments/corrector_residual_distillation_formal256/generation/V2_Frozen_Atomic75_Late30/67240/run_summary.json,23275d9cf6fc70908d896f8bc364137f2d656f770270eeb218599f917cdde53c,41.36912514216406,0.587,413,67240,True
0,0,,0,01dd3e86805165412e0810e2a77a4756f8e1020f3ff2707c74af0a3f88a1bb8e,0.0,,0,K2EuIrO6,0.0,113.5728472340852,0,0,2000,C0,0,0,10,/mnt/lis-wam-data/dxl/mattergen_v1/experiments/corrector_residual_distillation_formal256/generation/C0/67241/generated_crystals.extxyz,09c28be97477138cdb38813cff7ebdf94beb04ac2dba7e994f1718b446df5bc2,301779456,/mnt/lis-wam-data/dxl/mattergen_v1/experiments/corrector_residual_distillation_formal256/generation/C0/67241/run_summary.json,6de382fdb508d217099e5da900dca03fdfc50a38b4f66f0df2a61b487a94dff7,31.697717259654794,0.0,1000,67241,True
647,700,a2fd0f17c27b760958b60c1d1386577883635a34fb2101eb08e38fd8472702c7,53,01dd3e86805165412e0810e2a77a4756f8e1020f3ff2707c74af0a3f88a1bb8e,0.647,,353,Gd2HPtO6,0.3235,87.72504459694028,0,300,1353,V2_Frozen_Atomic75_Late30,0,0,10,/mnt/lis-wam-data/dxl/mattergen_v1/experiments/corrector_residual_distillation_formal256/generation/V2_Frozen_Atomic75_Late30/67241/generated_crystals.extxyz,edbc90457c733372d7c7aa82d01dee5fcb892b2bd347f59dd7b876536d042620,300061696,/mnt/lis-wam-data/dxl/mattergen_v1/experiments/corrector_residual_distillation_formal256/generation/V2_Frozen_Atomic75_Late30/67241/run_summary.json,ac7111943ad79412df7c93d2121e2d0addf78f5b797fff56d707eb3eb450508c,41.037311711159425,0.647,353,67241,True
0,0,,0,01dd3e86805165412e0810e2a77a4756f8e1020f3ff2707c74af0a3f88a1bb8e,0.0,,0,Fe5Rh3,0.0,116.31734886788763,0,0,2000,C0,0,0,8,/mnt/lis-wam-data/dxl/mattergen_v1/experiments/corrector_residual_distillation_formal256/generation/C0/67242/generated_crystals.extxyz,da85f4f7159843cf8dffc24d05824ef9c8dde70d41bd19790f006d05dc0a1b6c,286752768,/mnt/lis-wam-data/dxl/mattergen_v1/experiments/corrector_residual_distillation_formal256/generation/C0/67242/run_summary.json,806dbd7d8647fa99c1238c2e375f40138ebacfc6abb7a6f5a9a56c48c3bda221,30.949811313949848,0.0,1000,67242,True
688,700,a2fd0f17c27b760958b60c1d1386577883635a34fb2101eb08e38fd8472702c7,12,01dd3e86805165412e0810e2a77a4756f8e1020f3ff2707c74af0a3f88a1bb8e,0.688,,312,Eu2VFeH4,0.344,81.16932971403003,0,300,1312,V2_Frozen_Atomic75_Late30,0,0,8,/mnt/lis-wam-data/dxl/mattergen_v1/experiments/corrector_residual_distillation_formal256/generation/V2_Frozen_Atomic75_Late30/67242/generated_crystals.extxyz,bf97f6ef4d2f0f3a689e22cbe31a8ee69bb903a152557da1230fde7c0f61a6fe,287053824,/mnt/lis-wam-data/dxl/mattergen_v1/experiments/corrector_residual_distillation_formal256/generation/V2_Frozen_Atomic75_Late30/67242/run_summary.json,c1657c6a4b288ba7ba71b722af39d9fb48aa5f5a5082f75f08688f673d2969aa,44.351727588280724,0.688,312,67242,True
0,0,,0,01dd3e86805165412e0810e2a77a4756f8e1020f3ff2707c74af0a3f88a1bb8e,0.0,,0,FeRh2,0.0,114.96088859904557,0,0,2000,C0,0,0,6,/mnt/lis-wam-data/dxl/mattergen_v1/experiments/corrector_residual_distillation_formal256/generation/C0/67243/generated_crystals.extxyz,e3210697161ab8dd0637f7dba01c7717abec7b6ae443c5a129660a2eb3a8aa2b,271715840,/mnt/lis-wam-data/dxl/mattergen_v1/experiments/corrector_residual_distillation_formal256/generation/C0/67243/run_summary.json,e61681cd217d886e69c3d8ab02d4d758967ad4c472967a05ade1f0ec23d652ee,31.314998029946402,0.0,1000,67243,True
699,700,a2fd0f17c27b760958b60c1d1386577883635a34fb2101eb08e38fd8472702c7,1,01dd3e86805165412e0810e2a77a4756f8e1020f3ff2707c74af0a3f88a1bb8e,0.699,,301,Fe5Pd,0.3495,81.91872883192264,0,300,1301,V2_Frozen_Atomic75_Late30,0,0,6,/mnt/lis-wam-data/dxl/mattergen_v1/experiments/corrector_residual_distillation_formal256/generation/V2_Frozen_Atomic75_Late30/67243/generated_crystals.extxyz,3e8cdc1fcd1b6f3fbb2df7471cfad43369b34d075f4a841d0b16557f65a21767,271893504,/mnt/lis-wam-data/dxl/mattergen_v1/experiments/corrector_residual_distillation_formal256/generation/V2_Frozen_Atomic75_Late30/67243/run_summary.json,0bc3ed2aad0aecf47e15b34cdb8af9a39fcdde8856352665611460a1100d0f3d,43.94599441827676,0.699,301,67243,True
0,0,,0,01dd3e86805165412e0810e2a77a4756f8e1020f3ff2707c74af0a3f88a1bb8e,0.0,,0,Fe2Ni,0.0,119.32123408396728,0,0,2000,C0,0,0,6,/mnt/lis-wam-data/dxl/mattergen_v1/experiments/corrector_residual_distillation_formal256/generation/C0/67244/generated_crystals.extxyz,c41d71ad4e5807528a32566877e331b1e4a4a41d9f27a9965912b2f987387c97,273578496,/mnt/lis-wam-data/dxl/mattergen_v1/experiments/corrector_residual_distillation_formal256/generation/C0/67244/run_summary.json,410cb0e8232817ba38863945cfba812a44c6c1d1fb13f8c548dd3038a4425d3c,30.1706567790495,0.0,1000,67244,True
685,700,a2fd0f17c27b760958b60c1d1386577883635a34fb2101eb08e38fd8472702c7,15,01dd3e86805165412e0810e2a77a4756f8e1020f3ff2707c74af0a3f88a1bb8e,0.685,,315,Fe2Rh,0.3425,81.79728200496174,0,300,1315,V2_Frozen_Atomic75_Late30,0,0,6,/mnt/lis-wam-data/dxl/mattergen_v1/experiments/corrector_residual_distillation_formal256/generation/V2_Frozen_Atomic75_Late30/67244/generated_crystals.extxyz,978af202cc6ddbafc2ea2ec32c39a2b281ebd0f7935a4ee66012f8b7781e5190,273391104,/mnt/lis-wam-data/dxl/mattergen_v1/experiments/corrector_residual_distillation_formal256/generation/V2_Frozen_Atomic75_Late30/67244/run_summary.json,913488141a655a373168b5e375a4ac510c904dc3cf6c3a0016c772d61889528c,44.01124232687374,0.685,315,67244,True
0,0,,0,01dd3e86805165412e0810e2a77a4756f8e1020f3ff2707c74af0a3f88a1bb8e,0.0,,0,Fe2Rh,0.0,111.75131418812089,0,0,2000,C0,0,0,6,/mnt/lis-wam-data/dxl/mattergen_v1/experiments/corrector_residual_distillation_formal256/generation/C0/67245/generated_crystals.extxyz,fade77a93e27d8a68f0ad89eeea06e4ca7e19a28c94580fee7f61674b87e93d6,273189888,/mnt/lis-wam-data/dxl/mattergen_v1/experiments/corrector_residual_distillation_formal256/generation/C0/67245/run_summary.json,628b9918e177aa4d8c233710136f917fb1bc62a6db1b3d189833843227608403,32.21438625714773,0.0,1000,67245,True
698,700,a2fd0f17c27b760958b60c1d1386577883635a34fb2101eb08e38fd8472702c7,2,01dd3e86805165412e0810e2a77a4756f8e1020f3ff2707c74af0a3f88a1bb8e,0.698,,302,Fe4SnW,0.349,81.22714116307907,0,300,1302,V2_Frozen_Atomic75_Late30,0,0,6,/mnt/lis-wam-data/dxl/mattergen_v1/experiments/corrector_residual_distillation_formal256/generation/V2_Frozen_Atomic75_Late30/67245/generated_crystals.extxyz,beb16278a6cb90b8a73b068f82915676d96a35be43ab90a04d3d03b1cf05d2aa,273391104,/mnt/lis-wam-data/dxl/mattergen_v1/experiments/corrector_residual_distillation_formal256/generation/V2_Frozen_Atomic75_Late30/67245/run_summary.json,f1773ba38a96a1031899a3c10606dbf4b53bb56273cb88fba204933e1d2f1cdd,44.32016132110706,0.698,302,67245,True
0,0,,0,01dd3e86805165412e0810e2a77a4756f8e1020f3ff2707c74af0a3f88a1bb8e,0.0,,0,NdEu8Bi3,0.0,116.53290213202126,0,0,2000,C0,0,0,12,/mnt/lis-wam-data/dxl/mattergen_v1/experiments/corrector_residual_distillation_formal256/generation/C0/67246/generated_crystals.extxyz,718cd852877ee53b4551914549e27604f5885d918ff673055a3583b06979ac7e,316249088,/mnt/lis-wam-data/dxl/mattergen_v1/experiments/corrector_residual_distillation_formal256/generation/C0/67246/run_summary.json,3a5818a58985670d1bdb1f7ac1a7ceb9e8506be79dd903d755846692de2ce8e6,30.892562822485317,0.0,1000,67246,True
415,700,a2fd0f17c27b760958b60c1d1386577883635a34fb2101eb08e38fd8472702c7,285,01dd3e86805165412e0810e2a77a4756f8e1020f3ff2707c74af0a3f88a1bb8e,0.415,,585,NdEu5(BiO2)2,0.2075,95.78995251096785,0,300,1585,V2_Frozen_Atomic75_Late30,0,0,12,/mnt/lis-wam-data/dxl/mattergen_v1/experiments/corrector_residual_distillation_formal256/generation/V2_Frozen_Atomic75_Late30/67246/generated_crystals.extxyz,6936c95426e588bb314ad02b3cc74a9c3fa0d0a726213c495b140e4ee2272ecc,315627520,/mnt/lis-wam-data/dxl/mattergen_v1/experiments/corrector_residual_distillation_formal256/generation/V2_Frozen_Atomic75_Late30/67246/run_summary.json,7202b23c6ab22a5317860719cf4e0f84f9def7135028b40c019f0e2d570c65cf,37.58222971858979,0.415,585,67246,True
0,0,,0,01dd3e86805165412e0810e2a77a4756f8e1020f3ff2707c74af0a3f88a1bb8e,0.0,,0,MgMn4H4O9,0.0,113.13721659500152,0,0,2000,C0,0,0,18,/mnt/lis-wam-data/dxl/mattergen_v1/experiments/corrector_residual_distillation_formal256/generation/C0/67247/generated_crystals.extxyz,e3b4352953b64f929dd825cf17424fe3def4428a323174f1ec7414724b42b108,360110592,/mnt/lis-wam-data/dxl/mattergen_v1/experiments/corrector_residual_distillation_formal256/generation/C0/67247/run_summary.json,7313260052d5866e0f3b3521a25821a818b0966673ede95fe11221841ec8d389,31.819768139488158,0.0,1000,67247,True
415,700,a2fd0f17c27b760958b60c1d1386577883635a34fb2101eb08e38fd8472702c7,285,01dd3e86805165412e0810e2a77a4756f8e1020f3ff2707c74af0a3f88a1bb8e,0.415,,585,Mn3(OF2)2,0.2075,100.9953589499928,0,300,1585,V2_Frozen_Atomic75_Late30,0,0,18,/mnt/lis-wam-data/dxl/mattergen_v1/experiments/corrector_residual_distillation_formal256/generation/V2_Frozen_Atomic75_Late30/67247/generated_crystals.extxyz,f8876a5cd17d7ab954f353cd3678e41efe9ed5609eeeb58ea07f96bf7b8a97b7,358196224,/mnt/lis-wam-data/dxl/mattergen_v1/experiments/corrector_residual_distillation_formal256/generation/V2_Frozen_Atomic75_Late30/67247/run_summary.json,c032a401f669ef72aecddcde64afb490e1bbfd7e529b02a24126ec63d78dc9e8,35.64520228877563,0.415,585,67247,True
0,0,,0,01dd3e86805165412e0810e2a77a4756f8e1020f3ff2707c74af0a3f88a1bb8e,0.0,,0,Gd2AsCl,0.0,112.0870271930471,0,0,2000,C0,0,0,4,/mnt/lis-wam-data/dxl/mattergen_v1/experiments/corrector_residual_distillation_formal256/generation/C0/67248/generated_crystals.extxyz,092a4c4e1732163ed9c983308db004aeeeb3b1df609119e47907a0138afcc686,257391104,/mnt/lis-wam-data/dxl/mattergen_v1/experiments/corrector_residual_distillation_formal256/generation/C0/67248/run_summary.json,eb425af176dc72ef4cc6ca4c32082e33f31fb1f53ff8ddb04615d688bf896897,32.11790061841619,0.0,1000,67248,True
700,700,a2fd0f17c27b760958b60c1d1386577883635a34fb2101eb08e38fd8472702c7,0,01dd3e86805165412e0810e2a77a4756f8e1020f3ff2707c74af0a3f88a1bb8e,0.7,,300,Fe3Ni,0.35,86.9312810820993,0,300,1300,V2_Frozen_Atomic75_Late30,0,0,4,/mnt/lis-wam-data/dxl/mattergen_v1/experiments/corrector_residual_distillation_formal256/generation/V2_Frozen_Atomic75_Late30/67248/generated_crystals.extxyz,8832d1e4b39337dbfa6a0f408a624f807839afd093573c12c554d6e961970958,257327104,/mnt/lis-wam-data/dxl/mattergen_v1/experiments/corrector_residual_distillation_formal256/generation/V2_Frozen_Atomic75_Late30/67248/run_summary.json,50a645b2b3c77685bb95e81c9ca0698393b4304e6399e52ad541c15c9a3f2b15,41.41202056599283,0.7,300,67248,True
0,0,,0,01dd3e86805165412e0810e2a77a4756f8e1020f3ff2707c74af0a3f88a1bb8e,0.0,,0,AlFe3,0.0,115.63699364708737,0,0,2000,C0,0,0,8,/mnt/lis-wam-data/dxl/mattergen_v1/experiments/corrector_residual_distillation_formal256/generation/C0/67249/generated_crystals.extxyz,75023a0cc61ab636c0f1bef70ce0cd22689749e40883a9068f673e8df6ebb995,287250432,/mnt/lis-wam-data/dxl/mattergen_v1/experiments/corrector_residual_distillation_formal256/generation/C0/67249/run_summary.json,83fdf0bab8e05ab67b824b2c2833263e80065c3d7524c0c5446c733391375c47,31.13190585866356,0.0,1000,67249,True
579,700,a2fd0f17c27b760958b60c1d1386577883635a34fb2101eb08e38fd8472702c7,121,01dd3e86805165412e0810e2a77a4756f8e1020f3ff2707c74af0a3f88a1bb8e,0.579,,421,AlFe,0.2895,88.62027123197913,0,300,1421,V2_Frozen_Atomic75_Late30,0,0,8,/mnt/lis-wam-data/dxl/mattergen_v1/experiments/corrector_residual_distillation_formal256/generation/V2_Frozen_Atomic75_Late30/67249/generated_crystals.extxyz,7c7748e693255780bec0a0b543461cc960cde93f5d1c1665d37c1e59dcd7a84c,287063040,/mnt/lis-wam-data/dxl/mattergen_v1/experiments/corrector_residual_distillation_formal256/generation/V2_Frozen_Atomic75_Late30/67249/run_summary.json,581aca9ba570f62c185dfe1fc6bd9e29d962a6bdfd56dc5c5947bd90c8b31762,40.62275989402433,0.579,421,67249,True
0,0,,0,01dd3e86805165412e0810e2a77a4756f8e1020f3ff2707c74af0a3f88a1bb8e,0.0,,0,Eu2IO2,0.0,115.28460441506468,0,0,2000,C0,0,0,10,/mnt/lis-wam-data/dxl/mattergen_v1/experiments/corrector_residual_distillation_formal256/generation/C0/67250/generated_crystals.extxyz,3b93094635ff791b570c48e6d68d1a9fc2b2612e372736cc50a7ff25584421fd,301858816,/mnt/lis-wam-data/dxl/mattergen_v1/experiments/corrector_residual_distillation_formal256/generation/C0/67250/run_summary.json,eb84130e6fa05fa60c4603837d18aa4e341a446fd5ee4be09762cee73a574619,31.227066426309168,0.0,1000,67250,True
532,700,a2fd0f17c27b760958b60c1d1386577883635a34fb2101eb08e38fd8472702c7,168,01dd3e86805165412e0810e2a77a4756f8e1020f3ff2707c74af0a3f88a1bb8e,0.532,,468,Zn3Fe7,0.266,91.21609720611013,0,300,1468,V2_Frozen_Atomic75_Late30,0,0,10,/mnt/lis-wam-data/dxl/mattergen_v1/experiments/corrector_residual_distillation_formal256/generation/V2_Frozen_Atomic75_Late30/67250/generated_crystals.extxyz,ddd67feaba05ea03fecf217a9c7ebe88db5c12c6ad9254b109d6a09345938db7,300873728,/mnt/lis-wam-data/dxl/mattergen_v1/experiments/corrector_residual_distillation_formal256/generation/V2_Frozen_Atomic75_Late30/67250/run_summary.json,f9503087e4b24b895b4d44b9ea2f4f2604e96561505b4d4332f2ace5330abaa1,39.46671815902745,0.532,468,67250,True
0,0,,0,01dd3e86805165412e0810e2a77a4756f8e1020f3ff2707c74af0a3f88a1bb8e,0.0,,0,Gd2NCl,0.0,120.00705262203701,0,0,2000,C0,0,0,4,/mnt/lis-wam-data/dxl/mattergen_v1/experiments/corrector_residual_distillation_formal256/generation/C0/67251/generated_crystals.extxyz,63a65b6b0302c7643dce036efcbc77c8030e0e4a0f7613a8e83da8025e471ced,257267712,/mnt/lis-wam-data/dxl/mattergen_v1/experiments/corrector_residual_distillation_formal256/generation/C0/67251/run_summary.json,8190dfaf2f9ccf65c31d0f3a5e4c85ad236ab41d9aab4c32d0461b46ad498176,29.99823694810857,0.0,1000,67251,True
687,700,a2fd0f17c27b760958b60c1d1386577883635a34fb2101eb08e38fd8472702c7,13,01dd3e86805165412e0810e2a77a4756f8e1020f3ff2707c74af0a3f88a1bb8e,0.687,,313,GdZrN2,0.3435,79.56082077114843,0,300,1313,V2_Frozen_Atomic75_Late30,0,0,4,/mnt/lis-wam-data/dxl/mattergen_v1/experiments/corrector_residual_distillation_formal256/generation/V2_Frozen_Atomic75_Late30/67251/generated_crystals.extxyz,a835da009a0499aed5065bedf4eddde92d97cf068eae6b45b1f9d97ee18da365,257149952,/mnt/lis-wam-data/dxl/mattergen_v1/experiments/corrector_residual_distillation_formal256/generation/V2_Frozen_Atomic75_Late30/67251/run_summary.json,46f3571509f62115b84f0232e2012e7faa68d0e03a6a77ecc81a59206eb8569c,45.248401978596576,0.687,313,67251,True
0,0,,0,01dd3e86805165412e0810e2a77a4756f8e1020f3ff2707c74af0a3f88a1bb8e,0.0,,0,Fe7P4,0.0,115.18312672106549,0,0,2000,C0,0,0,11,/mnt/lis-wam-data/dxl/mattergen_v1/experiments/corrector_residual_distillation_formal256/generation/C0/67252/generated_crystals.extxyz,45fe4cbb236704a9d4570d04a5fd9fc42a76040c15730d006f82cf7c1a638720,307491840,/mnt/lis-wam-data/dxl/mattergen_v1/experiments/corrector_residual_distillation_formal256/generation/C0/67252/run_summary.json,c07bd0bf097c141c5fb1be85c2e17774bff34b6b89955d38b873b197333e7611,31.25457784036355,0.0,1000,67252,True
407,700,a2fd0f17c27b760958b60c1d1386577883635a34fb2101eb08e38fd8472702c7,293,01dd3e86805165412e0810e2a77a4756f8e1020f3ff2707c74af0a3f88a1bb8e,0.407,,593,MgFe7Ge2P,0.2035,98.57734599988908,0,300,1593,V2_Frozen_Atomic75_Late30,0,0,11,/mnt/lis-wam-data/dxl/mattergen_v1/experiments/corrector_residual_distillation_formal256/generation/V2_Frozen_Atomic75_Late30/67252/generated_crystals.extxyz,e6a517b11c74dfb7c77ec8bcffffd296b53e2d9641fe5078ef5def220271d966,307282432,/mnt/lis-wam-data/dxl/mattergen_v1/experiments/corrector_residual_distillation_formal256/generation/V2_Frozen_Atomic75_Late30/67252/run_summary.json,5b8be7b464dafc97bd4a1bdb78e4c9b59265b215ece6c0cf956b8169c3ef44df,36.51954679327694,0.407,593,67252,True
0,0,,0,01dd3e86805165412e0810e2a77a4756f8e1020f3ff2707c74af0a3f88a1bb8e,0.0,,0,ZnFe2Ni5,0.0,114.66660668607801,0,0,2000,C0,0,0,8,/mnt/lis-wam-data/dxl/mattergen_v1/experiments/corrector_residual_distillation_formal256/generation/C0/67253/generated_crystals.extxyz,7353da9d1c0cb3957c6873969bff5ea34b5f60ef077cac83c54c254d980552ff,287682560,/mnt/lis-wam-data/dxl/mattergen_v1/experiments/corrector_residual_distillation_formal256/generation/C0/67253/run_summary.json,05341a1ef5dfb56b9984ac9e86e5280fab7d749d5841b57b228489cb04d4f34e,31.39536525970194,0.0,1000,67253,True
471,700,a2fd0f17c27b760958b60c1d1386577883635a34fb2101eb08e38fd8472702c7,229,01dd3e86805165412e0810e2a77a4756f8e1020f3ff2707c74af0a3f88a1bb8e,0.471,,529,FeNi,0.2355,92.5877682568971,0,300,1529,V2_Frozen_Atomic75_Late30,0,0,8,/mnt/lis-wam-data/dxl/mattergen_v1/experiments/corrector_residual_distillation_formal256/generation/V2_Frozen_Atomic75_Late30/67253/generated_crystals.extxyz,143d2f7c0f1db146b9b58d16ebd85690a8a73f65c6c8c2fc787198172cb78099,287493632,/mnt/lis-wam-data/dxl/mattergen_v1/experiments/corrector_residual_distillation_formal256/generation/V2_Frozen_Atomic75_Late30/67253/run_summary.json,d50eb7a6f4067474a716a9dbc5fc33370f4c6d2b601f0cb8981199df359832bc,38.88202586340908,0.471,529,67253,True
0,0,,0,01dd3e86805165412e0810e2a77a4756f8e1020f3ff2707c74af0a3f88a1bb8e,0.0,,0,Eu3P2,0.0,114.91392195806839,0,0,2000,C0,0,0,5,/mnt/lis-wam-data/dxl/mattergen_v1/experiments/corrector_residual_distillation_formal256/generation/C0/67254/generated_crystals.extxyz,d792e980f9d2080ed126517a9312f6589aacd8d01698ff37ff5b8cbca998c712,266429440,/mnt/lis-wam-data/dxl/mattergen_v1/experiments/corrector_residual_distillation_formal256/generation/C0/67254/run_summary.json,a9d4ca843e9fc9b88e4fc99efaef1728bc1231f2adb9a7b73930d6b384f72bc5,31.327796829644583,0.0,1000,67254,True
700,700,a2fd0f17c27b760958b60c1d1386577883635a34fb2101eb08e38fd8472702c7,0,01dd3e86805165412e0810e2a77a4756f8e1020f3ff2707c74af0a3f88a1bb8e,0.7,,300,EuFeNiP2,0.35,82.74554200284183,0,300,1300,V2_Frozen_Atomic75_Late30,0,0,5,/mnt/lis-wam-data/dxl/mattergen_v1/experiments/corrector_residual_distillation_formal256/generation/V2_Frozen_Atomic75_Late30/67254/generated_crystals.extxyz,7fd735769e6a926146327f1a39c39a23faae7ab26eb55e4b157069734e5db8a2,264455168,/mnt/lis-wam-data/dxl/mattergen_v1/experiments/corrector_residual_distillation_formal256/generation/V2_Frozen_Atomic75_Late30/67254/run_summary.json,aa7ffc42ca03c1a6a34cd4a8d1e786f70a7ae3e06df9b63b8863f6c3f2832c2d,43.506875571331214,0.7,300,67254,True
0,0,,0,01dd3e86805165412e0810e2a77a4756f8e1020f3ff2707c74af0a3f88a1bb8e,0.0,,0,Eu2LuFeO6,0.0,114.35637933807448,0,0,2000,C0,0,0,20,/mnt/lis-wam-data/dxl/mattergen_v1/experiments/corrector_residual_distillation_formal256/generation/C0/67255/generated_crystals.extxyz,e864501ec11ee2f7d3325b4ed36682f32f753502bfa6d7b1109f3d91cf06ce6e,372803584,/mnt/lis-wam-data/dxl/mattergen_v1/experiments/corrector_residual_distillation_formal256/generation/C0/67255/run_summary.json,e1a29b5e9a57c701995be74c99b4da8afb3f1083c02944c9c59f9598b2728a28,31.480534980538643,0.0,1000,67255,True
548,700,a2fd0f17c27b760958b60c1d1386577883635a34fb2101eb08e38fd8472702c7,152,01dd3e86805165412e0810e2a77a4756f8e1020f3ff2707c74af0a3f88a1bb8e,0.548,,452,Ba2EuLuFe5O10F,0.274,89.49291867599823,0,300,1452,V2_Frozen_Atomic75_Late30,0,0,20,/mnt/lis-wam-data/dxl/mattergen_v1/experiments/corrector_residual_distillation_formal256/generation/V2_Frozen_Atomic75_Late30/67255/generated_crystals.extxyz,8f9b4c33b50035cbae56cce5183204df647d3e3a0b2bb6a9b6717dfe2287df41,372961280,/mnt/lis-wam-data/dxl/mattergen_v1/experiments/corrector_residual_distillation_formal256/generation/V2_Frozen_Atomic75_Late30/67255/run_summary.json,b42600ed8f68c8f3e63552e0ca2360f1d0d62609b4031856ee65a08e65067cfa,40.22664645717394,0.548,452,67255,True
